<?xml version="1.0" encoding="UTF-8"?>
<!DOCTYPE X3D PUBLIC "ISO//Web3D//DTD X3D 3.3//EN" "http://www.web3d.org/specifications/x3d-3.3.dtd">
<X3D profile='Interchange' version='3.3' xmlns:xsd='http://www.w3.org/2001/XMLSchema-instance' xsd:noNamespaceSchemaLocation='http://www.web3d.org/specifications/x3d-3.3.xsd'>
	<head>
	<!-- All "meta" from this section tou will found in <Scene> node as MetadataString nodes. -->
	</head>
	<Scene>
		<Group>
			<Shape DEF='_IDX_0'>
				<Appearance DEF='Material_1_IDX_1'>
					<Material diffuseColor='0.513417 0.729920 0.440682'/>
					<ImageTexture/>
				</Appearance>
				<IndexedFaceSet coordIndex='0 1 2 3 -1'>
					<Coordinate point='0.183333 0.000000 0.000000 0.183271 -0.004799 0.000000 0.000000 0.000000 0.000000 0.000000 0.000000 0.000000'/>
				</IndexedFaceSet>
			</Shape>
			<Shape DEF='_IDX_1'>
				<Appearance DEF='Material_2_IDX_2'>
					<Material diffuseColor='0.513423 0.729921 0.440677'/>
					<ImageTexture/>
				</Appearance>
				<IndexedFaceSet coordIndex='0 1 2 3 -1'>
					<Coordinate point='0.366667 0.000000 0.000009 0.366541 -0.009598 0.000008 0.183271 -0.004799 0.000000 0.183333 0.000000 0.000000'/>
				</IndexedFaceSet>
			</Shape>
			<Shape DEF='_IDX_2'>
				<Appearance DEF='Material_3_IDX_3'>
					<Material diffuseColor='0.513785 0.729974 0.440361'/>
					<ImageTexture/>
				</Appearance>
				<IndexedFaceSet coordIndex='0 1 2 3 -1'>
					<Coordinate point='0.549999 0.000000 0.000507 0.549811 -0.014398 0.000489 0.366541 -0.009598 0.000008 0.366667 0.000000 0.000009'/>
				</IndexedFaceSet>
			</Shape>
			<Shape DEF='_IDX_3'>
				<Appearance DEF='Material_4_IDX_4'>
					<Material diffuseColor='0.520204 0.730914 0.434769'/>
					<ImageTexture/>
				</Appearance>
				<IndexedFaceSet coordIndex='0 1 2 3 -1'>
					<Coordinate point='0.733188 0.000000 0.008996 0.732954 -0.019266 0.008689 0.549811 -0.014398 0.000489 0.549999 0.000000 0.000507'/>
				</IndexedFaceSet>
			</Shape>
			<Shape DEF='_IDX_4'>
				<Appearance DEF='Material_5_IDX_5'>
					<Material diffuseColor='0.579682 0.739623 0.382953'/>
					<ImageTexture/>
				</Appearance>
				<IndexedFaceSet coordIndex='0 1 2 3 -1'>
					<Coordinate point='0.906591 0.000000 0.083781 0.907498 -0.028803 0.080926 0.732954 -0.019266 0.008689 0.733188 0.000000 0.008996'/>
				</IndexedFaceSet>
			</Shape>
			<Shape DEF='_IDX_5'>
				<Appearance DEF='Material_6_IDX_6'>
					<Material diffuseColor='0.884771 0.620918 0.225214'/>
					<ImageTexture/>
				</Appearance>
				<IndexedFaceSet coordIndex='0 1 2 3 -1'>
					<Coordinate point='0.778110 0.000000 0.518749 0.816741 -0.182387 0.501073 0.907498 -0.028803 0.080926 0.906591 0.000000 0.083781'/>
				</IndexedFaceSet>
			</Shape>
			<Shape DEF='_IDX_6'>
				<Appearance DEF='Material_7_IDX_7'>
					<Material diffuseColor='0.513417 0.729920 0.440682'/>
					<ImageTexture/>
				</Appearance>
				<IndexedFaceSet coordIndex='0 1 2 3 -1'>
					<Coordinate point='0.183271 -0.004799 0.000000 0.183082 -0.009595 0.000000 0.000000 0.000000 0.000000 0.000000 0.000000 0.000000'/>
				</IndexedFaceSet>
			</Shape>
			<Shape DEF='_IDX_7'>
				<Appearance DEF='Material_8_IDX_8'>
					<Material diffuseColor='0.513423 0.729921 0.440677'/>
					<ImageTexture/>
				</Appearance>
				<IndexedFaceSet coordIndex='0 1 2 3 -1'>
					<Coordinate point='0.366541 -0.009598 0.000008 0.366164 -0.019190 0.000008 0.183082 -0.009595 0.000000 0.183271 -0.004799 0.000000'/>
				</IndexedFaceSet>
			</Shape>
			<Shape DEF='_IDX_8'>
				<Appearance DEF='Material_9_IDX_9'>
					<Material diffuseColor='0.513760 0.729970 0.440383'/>
					<ImageTexture/>
				</Appearance>
				<IndexedFaceSet coordIndex='0 1 2 3 -1'>
					<Coordinate point='0.549811 -0.014398 0.000489 0.549246 -0.028785 0.000439 0.366164 -0.019190 0.000008 0.366541 -0.009598 0.000008'/>
				</IndexedFaceSet>
			</Shape>
			<Shape DEF='_IDX_9'>
				<Appearance DEF='Material_10_IDX_10'>
					<Material diffuseColor='0.519742 0.730846 0.435172'/>
					<ImageTexture/>
				</Appearance>
				<IndexedFaceSet coordIndex='0 1 2 3 -1'>
					<Coordinate point='0.732954 -0.019266 0.008689 0.732249 -0.038501 0.007791 0.549246 -0.028785 0.000439 0.549811 -0.014398 0.000489'/>
				</IndexedFaceSet>
			</Shape>
			<Shape DEF='_IDX_10'>
				<Appearance DEF='Material_11_IDX_11'>
					<Material diffuseColor='0.575167 0.738962 0.386888'/>
					<ImageTexture/>
				</Appearance>
				<IndexedFaceSet coordIndex='0 1 2 3 -1'>
					<Coordinate point='0.907498 -0.028803 0.080926 0.909923 -0.056425 0.072556 0.732249 -0.038501 0.007791 0.732954 -0.019266 0.008689'/>
				</IndexedFaceSet>
			</Shape>
			<Shape DEF='_IDX_11'>
				<Appearance DEF='Material_12_IDX_12'>
					<Material diffuseColor='0.873099 0.648288 0.231446'/>
					<ImageTexture/>
				</Appearance>
				<IndexedFaceSet coordIndex='0 1 2 3 -1'>
					<Coordinate point='0.816741 -0.182387 0.501073 0.923179 -0.327529 0.449249 0.909923 -0.056425 0.072556 0.907498 -0.028803 0.080926'/>
				</IndexedFaceSet>
			</Shape>
			<Shape DEF='_IDX_12'>
				<Appearance DEF='Material_13_IDX_13'>
					<Material diffuseColor='0.513417 0.729920 0.440682'/>
					<ImageTexture/>
				</Appearance>
				<IndexedFaceSet coordIndex='0 1 2 3 -1'>
					<Coordinate point='0.183082 -0.009595 0.000000 0.182768 -0.014384 0.000000 0.000000 0.000000 0.000000 0.000000 0.000000 0.000000'/>
				</IndexedFaceSet>
			</Shape>
			<Shape DEF='_IDX_13'>
				<Appearance DEF='Material_14_IDX_14'>
					<Material diffuseColor='0.513422 0.729921 0.440678'/>
					<ImageTexture/>
				</Appearance>
				<IndexedFaceSet coordIndex='0 1 2 3 -1'>
					<Coordinate point='0.366164 -0.019190 0.000008 0.365536 -0.028768 0.000006 0.182768 -0.014384 0.000000 0.183082 -0.009595 0.000000'/>
				</IndexedFaceSet>
			</Shape>
			<Shape DEF='_IDX_14'>
				<Appearance DEF='Material_15_IDX_15'>
					<Material diffuseColor='0.513712 0.729963 0.440425'/>
					<ImageTexture/>
				</Appearance>
				<IndexedFaceSet coordIndex='0 1 2 3 -1'>
					<Coordinate point='0.549246 -0.028785 0.000439 0.548304 -0.043153 0.000358 0.365536 -0.028768 0.000006 0.366164 -0.019190 0.000008'/>
				</IndexedFaceSet>
			</Shape>
			<Shape DEF='_IDX_15'>
				<Appearance DEF='Material_16_IDX_16'>
					<Material diffuseColor='0.518848 0.730715 0.435951'/>
					<ImageTexture/>
				</Appearance>
				<IndexedFaceSet coordIndex='0 1 2 3 -1'>
					<Coordinate point='0.732249 -0.038501 0.007791 0.731061 -0.057681 0.006361 0.548304 -0.043153 0.000358 0.549246 -0.028785 0.000439'/>
				</IndexedFaceSet>
			</Shape>
			<Shape DEF='_IDX_16'>
				<Appearance DEF='Material_17_IDX_17'>
					<Material diffuseColor='0.566442 0.737684 0.394488'/>
					<ImageTexture/>
				</Appearance>
				<IndexedFaceSet coordIndex='0 1 2 3 -1'>
					<Coordinate point='0.909923 -0.056425 0.072556 0.913050 -0.081965 0.059242 0.731061 -0.057681 0.006361 0.732249 -0.038501 0.007791'/>
				</IndexedFaceSet>
			</Shape>
			<Shape DEF='_IDX_17'>
				<Appearance DEF='Material_18_IDX_18'>
					<Material diffuseColor='0.839679 0.688185 0.244950'/>
					<ImageTexture/>
				</Appearance>
				<IndexedFaceSet coordIndex='0 1 2 3 -1'>
					<Coordinate point='0.923179 -0.327529 0.449249 1.071354 -0.407203 0.366811 0.913050 -0.081965 0.059242 0.909923 -0.056425 0.072556'/>
				</IndexedFaceSet>
			</Shape>
			<Shape DEF='_IDX_18'>
				<Appearance DEF='Material_19_IDX_19'>
					<Material diffuseColor='0.513417 0.729920 0.440682'/>
					<ImageTexture/>
				</Appearance>
				<IndexedFaceSet coordIndex='0 1 2 3 -1'>
					<Coordinate point='0.182768 -0.014384 0.000000 0.182329 -0.019164 0.000000 0.000000 0.000000 0.000000 0.000000 0.000000 0.000000'/>
				</IndexedFaceSet>
			</Shape>
			<Shape DEF='_IDX_19'>
				<Appearance DEF='Material_20_IDX_20'>
					<Material diffuseColor='0.513421 0.729921 0.440679'/>
					<ImageTexture/>
				</Appearance>
				<IndexedFaceSet coordIndex='0 1 2 3 -1'>
					<Coordinate point='0.365536 -0.028768 0.000006 0.364658 -0.038327 0.000004 0.182329 -0.019164 0.000000 0.182768 -0.014384 0.000000'/>
				</IndexedFaceSet>
			</Shape>
			<Shape DEF='_IDX_20'>
				<Appearance DEF='Material_21_IDX_21'>
					<Material diffuseColor='0.513643 0.729953 0.440485'/>
					<ImageTexture/>
				</Appearance>
				<IndexedFaceSet coordIndex='0 1 2 3 -1'>
					<Coordinate point='0.548304 -0.043153 0.000358 0.546987 -0.057491 0.000253 0.364658 -0.038327 0.000004 0.365536 -0.028768 0.000006'/>
				</IndexedFaceSet>
			</Shape>
			<Shape DEF='_IDX_21'>
				<Appearance DEF='Material_22_IDX_22'>
					<Material diffuseColor='0.517584 0.730530 0.437052'/>
					<ImageTexture/>
				</Appearance>
				<IndexedFaceSet coordIndex='0 1 2 3 -1'>
					<Coordinate point='0.731061 -0.057681 0.006361 0.729375 -0.076787 0.004498 0.546987 -0.057491 0.000253 0.548304 -0.043153 0.000358'/>
				</IndexedFaceSet>
			</Shape>
			<Shape DEF='_IDX_22'>
				<Appearance DEF='Material_23_IDX_23'>
					<Material diffuseColor='0.554105 0.735878 0.405236'/>
					<ImageTexture/>
				</Appearance>
				<IndexedFaceSet coordIndex='0 1 2 3 -1'>
					<Coordinate point='0.913050 -0.081965 0.059242 0.915743 -0.105022 0.041890 0.729375 -0.076787 0.004498 0.731061 -0.057681 0.006361'/>
				</IndexedFaceSet>
			</Shape>
			<Shape DEF='_IDX_23'>
				<Appearance DEF='Material_24_IDX_24'>
					<Material diffuseColor='0.777016 0.725356 0.268339'/>
					<ImageTexture/>
				</Appearance>
				<IndexedFaceSet coordIndex='0 1 2 3 -1'>
					<Coordinate point='1.071354 -0.407203 0.366811 1.224899 -0.409042 0.259374 0.915743 -0.105022 0.041890 0.913050 -0.081965 0.059242'/>
				</IndexedFaceSet>
			</Shape>
			<Shape DEF='_IDX_24'>
				<Appearance DEF='Material_25_IDX_25'>
					<Material diffuseColor='0.513417 0.729920 0.440682'/>
					<ImageTexture/>
				</Appearance>
				<IndexedFaceSet coordIndex='0 1 2 3 -1'>
					<Coordinate point='0.182329 -0.019164 0.000000 0.181765 -0.023930 0.000000 0.000000 0.000000 0.000000 0.000000 0.000000 0.000000'/>
				</IndexedFaceSet>
			</Shape>
			<Shape DEF='_IDX_25'>
				<Appearance DEF='Material_26_IDX_26'>
					<Material diffuseColor='0.513419 0.729920 0.440680'/>
					<ImageTexture/>
				</Appearance>
				<IndexedFaceSet coordIndex='0 1 2 3 -1'>
					<Coordinate point='0.364658 -0.038327 0.000004 0.363530 -0.047860 0.000002 0.181765 -0.023930 0.000000 0.182329 -0.019164 0.000000'/>
				</IndexedFaceSet>
			</Shape>
			<Shape DEF='_IDX_26'>
				<Appearance DEF='Material_27_IDX_27'>
					<Material diffuseColor='0.513559 0.729941 0.440558'/>
					<ImageTexture/>
				</Appearance>
				<IndexedFaceSet coordIndex='0 1 2 3 -1'>
					<Coordinate point='0.546987 -0.057491 0.000253 0.545295 -0.071790 0.000131 0.363530 -0.047860 0.000002 0.364658 -0.038327 0.000004'/>
				</IndexedFaceSet>
			</Shape>
			<Shape DEF='_IDX_27'>
				<Appearance DEF='Material_28_IDX_28'>
					<Material diffuseColor='0.516037 0.730304 0.438400'/>
					<ImageTexture/>
				</Appearance>
				<IndexedFaceSet coordIndex='0 1 2 3 -1'>
					<Coordinate point='0.729375 -0.076787 0.004498 0.727175 -0.095808 0.002328 0.545295 -0.071790 0.000131 0.546987 -0.057491 0.000253'/>
				</IndexedFaceSet>
			</Shape>
			<Shape DEF='_IDX_28'>
				<Appearance DEF='Material_29_IDX_29'>
					<Material diffuseColor='0.538994 0.733665 0.418400'/>
					<ImageTexture/>
				</Appearance>
				<IndexedFaceSet coordIndex='0 1 2 3 -1'>
					<Coordinate point='0.915743 -0.105022 0.041890 0.916818 -0.125783 0.021684 0.727175 -0.095808 0.002328 0.729375 -0.076787 0.004498'/>
				</IndexedFaceSet>
			</Shape>
			<Shape DEF='_IDX_29'>
				<Appearance DEF='Material_30_IDX_30'>
					<Material diffuseColor='0.681932 0.742858 0.313265'/>
					<ImageTexture/>
				</Appearance>
				<IndexedFaceSet coordIndex='0 1 2 3 -1'>
					<Coordinate point='1.224899 -0.409042 0.259374 1.345962 -0.339533 0.134262 0.916818 -0.125783 0.021684 0.915743 -0.105022 0.041890'/>
				</IndexedFaceSet>
			</Shape>
			<Shape DEF='_IDX_30'>
				<Appearance DEF='Material_31_IDX_31'>
					<Material diffuseColor='0.513417 0.729920 0.440682'/>
					<ImageTexture/>
				</Appearance>
				<IndexedFaceSet coordIndex='0 1 2 3 -1'>
					<Coordinate point='0.181765 -0.023930 0.000000 0.181076 -0.028680 0.000000 0.000000 0.000000 0.000000 0.000000 0.000000 0.000000'/>
				</IndexedFaceSet>
			</Shape>
			<Shape DEF='_IDX_31'>
				<Appearance DEF='Material_32_IDX_32'>
					<Material diffuseColor='0.513418 0.729920 0.440681'/>
					<ImageTexture/>
				</Appearance>
				<IndexedFaceSet coordIndex='0 1 2 3 -1'>
					<Coordinate point='0.363530 -0.047860 0.000002 0.362152 -0.057359 0.000000 0.181076 -0.028680 0.000000 0.181765 -0.023930 0.000000'/>
				</IndexedFaceSet>
			</Shape>
			<Shape DEF='_IDX_32'>
				<Appearance DEF='Material_33_IDX_33'>
					<Material diffuseColor='0.513465 0.729927 0.440640'/>
					<ImageTexture/>
				</Appearance>
				<IndexedFaceSet coordIndex='0 1 2 3 -1'>
					<Coordinate point='0.545295 -0.071790 0.000131 0.543229 -0.086039 -0.000000 0.362152 -0.057359 0.000000 0.363530 -0.047860 0.000002'/>
				</IndexedFaceSet>
			</Shape>
			<Shape DEF='_IDX_33'>
				<Appearance DEF='Material_34_IDX_34'>
					<Material diffuseColor='0.514311 0.730051 0.439904'/>
					<ImageTexture/>
				</Appearance>
				<IndexedFaceSet coordIndex='0 1 2 3 -1'>
					<Coordinate point='0.727175 -0.095808 0.002328 0.724448 -0.114741 0.000000 0.543229 -0.086039 -0.000000 0.545295 -0.071790 0.000131'/>
				</IndexedFaceSet>
			</Shape>
			<Shape DEF='_IDX_34'>
				<Appearance DEF='Material_35_IDX_35'>
					<Material diffuseColor='0.522141 0.731197 0.433082'/>
					<ImageTexture/>
				</Appearance>
				<IndexedFaceSet coordIndex='0 1 2 3 -1'>
					<Coordinate point='0.916818 -0.125783 0.021684 0.915332 -0.144974 0.000000 0.724448 -0.114741 0.000000 0.727175 -0.095808 0.002328'/>
				</IndexedFaceSet>
			</Shape>
			<Shape DEF='_IDX_35'>
				<Appearance DEF='Material_36_IDX_36'>
					<Material diffuseColor='0.570074 0.738216 0.391324'/>
					<ImageTexture/>
				</Appearance>
				<IndexedFaceSet coordIndex='0 1 2 3 -1'>
					<Coordinate point='1.345962 -0.339533 0.134262 1.404384 -0.222433 -0.000000 0.915332 -0.144974 0.000000 0.916818 -0.125783 0.021684'/>
				</IndexedFaceSet>
			</Shape>
			<Shape DEF='_IDX_36'>
				<Appearance DEF='Material_37_IDX_37'>
					<Material diffuseColor='0.253627 0.415566 0.810213'/>
					<ImageTexture/>
				</Appearance>
				<IndexedFaceSet coordIndex='0 1 2 3 -1'>
					<Coordinate point='0.862220 -0.280152 -0.083781 0.871983 -0.253039 -0.080926 0.833127 -0.078926 -0.501073 0.740027 -0.240449 -0.518749'/>
				</IndexedFaceSet>
			</Shape>
			<Shape DEF='_IDX_37'>
				<Appearance DEF='Material_38_IDX_38'>
					<Material diffuseColor='0.454647 0.710180 0.510748'/>
					<ImageTexture/>
				</Appearance>
				<IndexedFaceSet coordIndex='0 1 2 3 -1'>
					<Coordinate point='0.697303 -0.226568 -0.008996 0.703035 -0.208173 -0.008689 0.871983 -0.253039 -0.080926 0.862220 -0.280152 -0.083781'/>
				</IndexedFaceSet>
			</Shape>
			<Shape DEF='_IDX_38'>
				<Appearance DEF='Material_39_IDX_39'>
					<Material diffuseColor='0.507398 0.727898 0.447858'/>
					<ImageTexture/>
				</Appearance>
				<IndexedFaceSet coordIndex='0 1 2 3 -1'>
					<Coordinate point='0.523081 -0.169959 -0.000507 0.527350 -0.156208 -0.000489 0.703035 -0.208173 -0.008689 0.697303 -0.226568 -0.008996'/>
				</IndexedFaceSet>
			</Shape>
			<Shape DEF='_IDX_39'>
				<Appearance DEF='Material_40_IDX_40'>
					<Material diffuseColor='0.513091 0.729810 0.441071'/>
					<ImageTexture/>
				</Appearance>
				<IndexedFaceSet coordIndex='0 1 2 3 -1'>
					<Coordinate point='0.348721 -0.113306 -0.000009 0.351567 -0.104139 -0.000008 0.527350 -0.156208 -0.000489 0.523081 -0.169959 -0.000507'/>
				</IndexedFaceSet>
			</Shape>
			<Shape DEF='_IDX_40'>
				<Appearance DEF='Material_41_IDX_41'>
					<Material diffuseColor='0.513411 0.729918 0.440689'/>
					<ImageTexture/>
				</Appearance>
				<IndexedFaceSet coordIndex='0 1 2 3 -1'>
					<Coordinate point='0.174360 -0.056653 -0.000000 0.175784 -0.052069 -0.000000 0.351567 -0.104139 -0.000008 0.348721 -0.113306 -0.000009'/>
				</IndexedFaceSet>
			</Shape>
			<Shape DEF='_IDX_41'>
				<Appearance DEF='Material_42_IDX_42'>
					<Material diffuseColor='0.513417 0.729920 0.440682'/>
					<ImageTexture/>
				</Appearance>
				<IndexedFaceSet coordIndex='0 1 2 3 -1'>
					<Coordinate point='0.000000 0.000000 0.000000 0.000000 0.000000 0.000000 0.175784 -0.052069 -0.000000 0.174360 -0.056653 -0.000000'/>
				</IndexedFaceSet>
			</Shape>
			<Shape DEF='_IDX_42'>
				<Appearance DEF='Material_43_IDX_43'>
					<Material diffuseColor='0.260487 0.454601 0.805994'/>
					<ImageTexture/>
				</Appearance>
				<IndexedFaceSet coordIndex='0 1 2 3 -1'>
					<Coordinate point='0.871983 -0.253039 -0.080926 0.882824 -0.227519 -0.072556 0.979207 0.026221 -0.449249 0.833127 -0.078926 -0.501073'/>
				</IndexedFaceSet>
			</Shape>
			<Shape DEF='_IDX_43'>
				<Appearance DEF='Material_44_IDX_44'>
					<Material diffuseColor='0.458652 0.711526 0.505973'/>
					<ImageTexture/>
				</Appearance>
				<IndexedFaceSet coordIndex='0 1 2 3 -1'>
					<Coordinate point='0.703035 -0.208173 -0.008689 0.708308 -0.189660 -0.007791 0.882824 -0.227519 -0.072556 0.871983 -0.253039 -0.080926'/>
				</IndexedFaceSet>
			</Shape>
			<Shape DEF='_IDX_44'>
				<Appearance DEF='Material_45_IDX_45'>
					<Material diffuseColor='0.507808 0.728036 0.447369'/>
					<ImageTexture/>
				</Appearance>
				<IndexedFaceSet coordIndex='0 1 2 3 -1'>
					<Coordinate point='0.527350 -0.156208 -0.000489 0.531259 -0.142350 -0.000439 0.708308 -0.189660 -0.007791 0.703035 -0.208173 -0.008689'/>
				</IndexedFaceSet>
			</Shape>
			<Shape DEF='_IDX_45'>
				<Appearance DEF='Material_46_IDX_46'>
					<Material diffuseColor='0.513113 0.729818 0.441045'/>
					<ImageTexture/>
				</Appearance>
				<IndexedFaceSet coordIndex='0 1 2 3 -1'>
					<Coordinate point='0.351567 -0.104139 -0.000008 0.354173 -0.094900 -0.000008 0.531259 -0.142350 -0.000439 0.527350 -0.156208 -0.000489'/>
				</IndexedFaceSet>
			</Shape>
			<Shape DEF='_IDX_46'>
				<Appearance DEF='Material_47_IDX_47'>
					<Material diffuseColor='0.513412 0.729918 0.440688'/>
					<ImageTexture/>
				</Appearance>
				<IndexedFaceSet coordIndex='0 1 2 3 -1'>
					<Coordinate point='0.175784 -0.052069 -0.000000 0.177086 -0.047450 -0.000000 0.354173 -0.094900 -0.000008 0.351567 -0.104139 -0.000008'/>
				</IndexedFaceSet>
			</Shape>
			<Shape DEF='_IDX_47'>
				<Appearance DEF='Material_48_IDX_48'>
					<Material diffuseColor='0.513417 0.729920 0.440682'/>
					<ImageTexture/>
				</Appearance>
				<IndexedFaceSet coordIndex='0 1 2 3 -1'>
					<Coordinate point='0.000000 0.000000 0.000000 0.000000 0.000000 0.000000 0.177086 -0.047450 -0.000000 0.175784 -0.052069 -0.000000'/>
				</IndexedFaceSet>
			</Shape>
			<Shape DEF='_IDX_48'>
				<Appearance DEF='Material_49_IDX_49'>
					<Material diffuseColor='0.279876 0.520847 0.780804'/>
					<ImageTexture/>
				</Appearance>
				<IndexedFaceSet coordIndex='0 1 2 3 -1'>
					<Coordinate point='0.882824 -0.227519 -0.072556 0.893691 -0.204195 -0.059242 1.144751 0.056206 -0.366811 0.979207 0.026221 -0.449249'/>
				</IndexedFaceSet>
			</Shape>
			<Shape DEF='_IDX_49'>
				<Appearance DEF='Material_50_IDX_50'>
					<Material diffuseColor='0.466389 0.714124 0.496749'/>
					<ImageTexture/>
				</Appearance>
				<IndexedFaceSet coordIndex='0 1 2 3 -1'>
					<Coordinate point='0.708308 -0.189660 -0.007791 0.713105 -0.171052 -0.006361 0.893691 -0.204195 -0.059242 0.882824 -0.227519 -0.072556'/>
				</IndexedFaceSet>
			</Shape>
			<Shape DEF='_IDX_50'>
				<Appearance DEF='Material_51_IDX_51'>
					<Material diffuseColor='0.508600 0.728302 0.446425'/>
					<ImageTexture/>
				</Appearance>
				<IndexedFaceSet coordIndex='0 1 2 3 -1'>
					<Coordinate point='0.531259 -0.142350 -0.000439 0.534804 -0.128394 -0.000358 0.713105 -0.171052 -0.006361 0.708308 -0.189660 -0.007791'/>
				</IndexedFaceSet>
			</Shape>
			<Shape DEF='_IDX_51'>
				<Appearance DEF='Material_52_IDX_52'>
					<Material diffuseColor='0.513156 0.729832 0.440993'/>
					<ImageTexture/>
				</Appearance>
				<IndexedFaceSet coordIndex='0 1 2 3 -1'>
					<Coordinate point='0.354173 -0.094900 -0.000008 0.356536 -0.085597 -0.000006 0.534804 -0.128394 -0.000358 0.531259 -0.142350 -0.000439'/>
				</IndexedFaceSet>
			</Shape>
			<Shape DEF='_IDX_52'>
				<Appearance DEF='Material_53_IDX_53'>
					<Material diffuseColor='0.513413 0.729918 0.440687'/>
					<ImageTexture/>
				</Appearance>
				<IndexedFaceSet coordIndex='0 1 2 3 -1'>
					<Coordinate point='0.177086 -0.047450 -0.000000 0.178268 -0.042798 -0.000000 0.356536 -0.085597 -0.000006 0.354173 -0.094900 -0.000008'/>
				</IndexedFaceSet>
			</Shape>
			<Shape DEF='_IDX_53'>
				<Appearance DEF='Material_54_IDX_54'>
					<Material diffuseColor='0.513417 0.729920 0.440682'/>
					<ImageTexture/>
				</Appearance>
				<IndexedFaceSet coordIndex='0 1 2 3 -1'>
					<Coordinate point='0.000000 0.000000 0.000000 0.000000 0.000000 0.000000 0.178268 -0.042798 -0.000000 0.177086 -0.047450 -0.000000'/>
				</IndexedFaceSet>
			</Shape>
			<Shape DEF='_IDX_54'>
				<Appearance DEF='Material_55_IDX_55'>
					<Material diffuseColor='0.316606 0.599322 0.721259'/>
					<ImageTexture/>
				</Appearance>
				<IndexedFaceSet coordIndex='0 1 2 3 -1'>
					<Coordinate point='0.893691 -0.204195 -0.059242 0.903377 -0.183098 -0.041890 1.291349 0.010508 -0.259374 1.144751 0.056206 -0.366811'/>
				</IndexedFaceSet>
			</Shape>
			<Shape DEF='_IDX_55'>
				<Appearance DEF='Material_56_IDX_56'>
					<Material diffuseColor='0.477331 0.717800 0.483704'/>
					<ImageTexture/>
				</Appearance>
				<IndexedFaceSet coordIndex='0 1 2 3 -1'>
					<Coordinate point='0.713105 -0.171052 -0.006361 0.717405 -0.152361 -0.004498 0.903377 -0.183098 -0.041890 0.893691 -0.204195 -0.059242'/>
				</IndexedFaceSet>
			</Shape>
			<Shape DEF='_IDX_56'>
				<Appearance DEF='Material_57_IDX_57'>
					<Material diffuseColor='0.509721 0.728679 0.445088'/>
					<ImageTexture/>
				</Appearance>
				<IndexedFaceSet coordIndex='0 1 2 3 -1'>
					<Coordinate point='0.534804 -0.128394 -0.000358 0.537982 -0.114351 -0.000253 0.717405 -0.152361 -0.004498 0.713105 -0.171052 -0.006361'/>
				</IndexedFaceSet>
			</Shape>
			<Shape DEF='_IDX_57'>
				<Appearance DEF='Material_58_IDX_58'>
					<Material diffuseColor='0.513217 0.729853 0.440921'/>
					<ImageTexture/>
				</Appearance>
				<IndexedFaceSet coordIndex='0 1 2 3 -1'>
					<Coordinate point='0.356536 -0.085597 -0.000006 0.358654 -0.076234 -0.000004 0.537982 -0.114351 -0.000253 0.534804 -0.128394 -0.000358'/>
				</IndexedFaceSet>
			</Shape>
			<Shape DEF='_IDX_58'>
				<Appearance DEF='Material_59_IDX_59'>
					<Material diffuseColor='0.513414 0.729919 0.440686'/>
					<ImageTexture/>
				</Appearance>
				<IndexedFaceSet coordIndex='0 1 2 3 -1'>
					<Coordinate point='0.178268 -0.042798 -0.000000 0.179327 -0.038117 -0.000000 0.358654 -0.076234 -0.000004 0.356536 -0.085597 -0.000006'/>
				</IndexedFaceSet>
			</Shape>
			<Shape DEF='_IDX_59'>
				<Appearance DEF='Material_60_IDX_60'>
					<Material diffuseColor='0.513417 0.729920 0.440682'/>
					<ImageTexture/>
				</Appearance>
				<IndexedFaceSet coordIndex='0 1 2 3 -1'>
					<Coordinate point='0.000000 0.000000 0.000000 0.000000 0.000000 0.000000 0.179327 -0.038117 -0.000000 0.178268 -0.042798 -0.000000'/>
				</IndexedFaceSet>
			</Shape>
			<Shape DEF='_IDX_60'>
				<Appearance DEF='Material_61_IDX_61'>
					<Material diffuseColor='0.376936 0.666694 0.620692'/>
					<ImageTexture/>
				</Appearance>
				<IndexedFaceSet coordIndex='0 1 2 3 -1'>
					<Coordinate point='0.903377 -0.183098 -0.041890 0.910815 -0.163686 -0.021684 1.385007 -0.093010 -0.134262 1.291349 0.010508 -0.259374'/>
				</IndexedFaceSet>
			</Shape>
			<Shape DEF='_IDX_61'>
				<Appearance DEF='Material_62_IDX_62'>
					<Material diffuseColor='0.490733 0.722301 0.467727'/>
					<ImageTexture/>
				</Appearance>
				<IndexedFaceSet coordIndex='0 1 2 3 -1'>
					<Coordinate point='0.717405 -0.152361 -0.004498 0.721190 -0.133591 -0.002328 0.910815 -0.163686 -0.021684 0.903377 -0.183098 -0.041890'/>
				</IndexedFaceSet>
			</Shape>
			<Shape DEF='_IDX_62'>
				<Appearance DEF='Material_63_IDX_63'>
					<Material diffuseColor='0.511094 0.729140 0.443452'/>
					<ImageTexture/>
				</Appearance>
				<IndexedFaceSet coordIndex='0 1 2 3 -1'>
					<Coordinate point='0.537982 -0.114351 -0.000253 0.540791 -0.100229 -0.000131 0.721190 -0.133591 -0.002328 0.717405 -0.152361 -0.004498'/>
				</IndexedFaceSet>
			</Shape>
			<Shape DEF='_IDX_63'>
				<Appearance DEF='Material_64_IDX_64'>
					<Material diffuseColor='0.513291 0.729878 0.440832'/>
					<ImageTexture/>
				</Appearance>
				<IndexedFaceSet coordIndex='0 1 2 3 -1'>
					<Coordinate point='0.358654 -0.076234 -0.000004 0.360527 -0.066820 -0.000002 0.540791 -0.100229 -0.000131 0.537982 -0.114351 -0.000253'/>
				</IndexedFaceSet>
			</Shape>
			<Shape DEF='_IDX_64'>
				<Appearance DEF='Material_65_IDX_65'>
					<Material diffuseColor='0.513415 0.729919 0.440685'/>
					<ImageTexture/>
				</Appearance>
				<IndexedFaceSet coordIndex='0 1 2 3 -1'>
					<Coordinate point='0.179327 -0.038117 -0.000000 0.180263 -0.033410 -0.000000 0.360527 -0.066820 -0.000002 0.358654 -0.076234 -0.000004'/>
				</IndexedFaceSet>
			</Shape>
			<Shape DEF='_IDX_65'>
				<Appearance DEF='Material_66_IDX_66'>
					<Material diffuseColor='0.513417 0.729920 0.440682'/>
					<ImageTexture/>
				</Appearance>
				<IndexedFaceSet coordIndex='0 1 2 3 -1'>
					<Coordinate point='0.000000 0.000000 0.000000 0.000000 0.000000 0.000000 0.180263 -0.033410 -0.000000 0.179327 -0.038117 -0.000000'/>
				</IndexedFaceSet>
			</Shape>
			<Shape DEF='_IDX_66'>
				<Appearance DEF='Material_67_IDX_67'>
					<Material diffuseColor='0.463168 0.713043 0.500589'/>
					<ImageTexture/>
				</Appearance>
				<IndexedFaceSet coordIndex='0 1 2 3 -1'>
					<Coordinate point='0.910815 -0.163686 -0.021684 0.915332 -0.144974 -0.000000 1.404384 -0.222433 -0.000000 1.385007 -0.093010 -0.134262'/>
				</IndexedFaceSet>
			</Shape>
			<Shape DEF='_IDX_67'>
				<Appearance DEF='Material_68_IDX_68'>
					<Material diffuseColor='0.505680 0.727321 0.449906'/>
					<ImageTexture/>
				</Appearance>
				<IndexedFaceSet coordIndex='0 1 2 3 -1'>
					<Coordinate point='0.721190 -0.133591 -0.002328 0.724448 -0.114741 -0.000000 0.915332 -0.144974 -0.000000 0.910815 -0.163686 -0.021684'/>
				</IndexedFaceSet>
			</Shape>
			<Shape DEF='_IDX_68'>
				<Appearance DEF='Material_69_IDX_69'>
					<Material diffuseColor='0.512625 0.729654 0.441627'/>
					<ImageTexture/>
				</Appearance>
				<IndexedFaceSet coordIndex='0 1 2 3 -1'>
					<Coordinate point='0.540791 -0.100229 -0.000131 0.543229 -0.086039 -0.000000 0.724448 -0.114741 -0.000000 0.721190 -0.133591 -0.002328'/>
				</IndexedFaceSet>
			</Shape>
			<Shape DEF='_IDX_69'>
				<Appearance DEF='Material_70_IDX_70'>
					<Material diffuseColor='0.513374 0.729906 0.440733'/>
					<ImageTexture/>
				</Appearance>
				<IndexedFaceSet coordIndex='0 1 2 3 -1'>
					<Coordinate point='0.360527 -0.066820 -0.000002 0.362152 -0.057359 -0.000000 0.543229 -0.086039 -0.000000 0.540791 -0.100229 -0.000131'/>
				</IndexedFaceSet>
			</Shape>
			<Shape DEF='_IDX_70'>
				<Appearance DEF='Material_71_IDX_71'>
					<Material diffuseColor='0.513416 0.729920 0.440683'/>
					<ImageTexture/>
				</Appearance>
				<IndexedFaceSet coordIndex='0 1 2 3 -1'>
					<Coordinate point='0.180263 -0.033410 -0.000000 0.181076 -0.028680 -0.000000 0.362152 -0.057359 -0.000000 0.360527 -0.066820 -0.000002'/>
				</IndexedFaceSet>
			</Shape>
			<Shape DEF='_IDX_71'>
				<Appearance DEF='Material_72_IDX_72'>
					<Material diffuseColor='0.513417 0.729920 0.440682'/>
					<ImageTexture/>
				</Appearance>
				<IndexedFaceSet coordIndex='0 1 2 3 -1'>
					<Coordinate point='0.000000 0.000000 0.000000 0.000000 0.000000 0.000000 0.181076 -0.028680 -0.000000 0.180263 -0.033410 -0.000000'/>
				</IndexedFaceSet>
			</Shape>
			<Shape DEF='_IDX_72'>
				<Appearance DEF='Material_73_IDX_73'>
					<Material diffuseColor='0.884771 0.620918 0.225214'/>
					<ImageTexture/>
				</Appearance>
				<IndexedFaceSet coordIndex='0 1 2 3 -1'>
					<Coordinate point='0.906591 0.000000 0.083781 0.907498 0.028803 0.080926 0.816741 0.182387 0.501073 0.778110 0.000000 0.518749'/>
				</IndexedFaceSet>
			</Shape>
			<Shape DEF='_IDX_73'>
				<Appearance USE='Material_5_IDX_5'/>
				<IndexedFaceSet coordIndex='0 1 2 3 -1'>
					<Coordinate point='0.733188 0.000000 0.008996 0.732954 0.019266 0.008689 0.907498 0.028803 0.080926 0.906591 0.000000 0.083781'/>
				</IndexedFaceSet>
			</Shape>
			<Shape DEF='_IDX_74'>
				<Appearance USE='Material_4_IDX_4'/>
				<IndexedFaceSet coordIndex='0 1 2 3 -1'>
					<Coordinate point='0.549999 0.000000 0.000507 0.549811 0.014398 0.000489 0.732954 0.019266 0.008689 0.733188 0.000000 0.008996'/>
				</IndexedFaceSet>
			</Shape>
			<Shape DEF='_IDX_75'>
				<Appearance USE='Material_3_IDX_3'/>
				<IndexedFaceSet coordIndex='0 1 2 3 -1'>
					<Coordinate point='0.366667 0.000000 0.000009 0.366541 0.009598 0.000008 0.549811 0.014398 0.000489 0.549999 0.000000 0.000507'/>
				</IndexedFaceSet>
			</Shape>
			<Shape DEF='_IDX_76'>
				<Appearance USE='Material_2_IDX_2'/>
				<IndexedFaceSet coordIndex='0 1 2 3 -1'>
					<Coordinate point='0.183333 0.000000 0.000000 0.183271 0.004799 0.000000 0.366541 0.009598 0.000008 0.366667 0.000000 0.000009'/>
				</IndexedFaceSet>
			</Shape>
			<Shape DEF='_IDX_77'>
				<Appearance USE='Material_1_IDX_1'/>
				<IndexedFaceSet coordIndex='0 1 2 3 -1'>
					<Coordinate point='0.000000 0.000000 0.000000 0.000000 0.000000 0.000000 0.183271 0.004799 0.000000 0.183333 0.000000 0.000000'/>
				</IndexedFaceSet>
			</Shape>
			<Shape DEF='_IDX_78'>
				<Appearance DEF='Material_74_IDX_74'>
					<Material diffuseColor='0.873099 0.648288 0.231446'/>
					<ImageTexture/>
				</Appearance>
				<IndexedFaceSet coordIndex='0 1 2 3 -1'>
					<Coordinate point='0.907498 0.028803 0.080926 0.909923 0.056425 0.072556 0.923179 0.327529 0.449249 0.816741 0.182387 0.501073'/>
				</IndexedFaceSet>
			</Shape>
			<Shape DEF='_IDX_79'>
				<Appearance USE='Material_11_IDX_11'/>
				<IndexedFaceSet coordIndex='0 1 2 3 -1'>
					<Coordinate point='0.732954 0.019266 0.008689 0.732249 0.038501 0.007791 0.909923 0.056425 0.072556 0.907498 0.028803 0.080926'/>
				</IndexedFaceSet>
			</Shape>
			<Shape DEF='_IDX_80'>
				<Appearance USE='Material_10_IDX_10'/>
				<IndexedFaceSet coordIndex='0 1 2 3 -1'>
					<Coordinate point='0.549811 0.014398 0.000489 0.549246 0.028785 0.000439 0.732249 0.038501 0.007791 0.732954 0.019266 0.008689'/>
				</IndexedFaceSet>
			</Shape>
			<Shape DEF='_IDX_81'>
				<Appearance USE='Material_9_IDX_9'/>
				<IndexedFaceSet coordIndex='0 1 2 3 -1'>
					<Coordinate point='0.366541 0.009598 0.000008 0.366164 0.019190 0.000008 0.549246 0.028785 0.000439 0.549811 0.014398 0.000489'/>
				</IndexedFaceSet>
			</Shape>
			<Shape DEF='_IDX_82'>
				<Appearance USE='Material_8_IDX_8'/>
				<IndexedFaceSet coordIndex='0 1 2 3 -1'>
					<Coordinate point='0.183271 0.004799 0.000000 0.183082 0.009595 0.000000 0.366164 0.019190 0.000008 0.366541 0.009598 0.000008'/>
				</IndexedFaceSet>
			</Shape>
			<Shape DEF='_IDX_83'>
				<Appearance USE='Material_7_IDX_7'/>
				<IndexedFaceSet coordIndex='0 1 2 3 -1'>
					<Coordinate point='0.000000 0.000000 0.000000 0.000000 0.000000 0.000000 0.183082 0.009595 0.000000 0.183271 0.004799 0.000000'/>
				</IndexedFaceSet>
			</Shape>
			<Shape DEF='_IDX_84'>
				<Appearance USE='Material_18_IDX_18'/>
				<IndexedFaceSet coordIndex='0 1 2 3 -1'>
					<Coordinate point='0.909923 0.056425 0.072556 0.913050 0.081965 0.059242 1.071354 0.407203 0.366811 0.923179 0.327529 0.449249'/>
				</IndexedFaceSet>
			</Shape>
			<Shape DEF='_IDX_85'>
				<Appearance USE='Material_17_IDX_17'/>
				<IndexedFaceSet coordIndex='0 1 2 3 -1'>
					<Coordinate point='0.732249 0.038501 0.007791 0.731061 0.057681 0.006361 0.913050 0.081965 0.059242 0.909923 0.056425 0.072556'/>
				</IndexedFaceSet>
			</Shape>
			<Shape DEF='_IDX_86'>
				<Appearance USE='Material_16_IDX_16'/>
				<IndexedFaceSet coordIndex='0 1 2 3 -1'>
					<Coordinate point='0.549246 0.028785 0.000439 0.548304 0.043153 0.000358 0.731061 0.057681 0.006361 0.732249 0.038501 0.007791'/>
				</IndexedFaceSet>
			</Shape>
			<Shape DEF='_IDX_87'>
				<Appearance USE='Material_15_IDX_15'/>
				<IndexedFaceSet coordIndex='0 1 2 3 -1'>
					<Coordinate point='0.366164 0.019190 0.000008 0.365536 0.028768 0.000006 0.548304 0.043153 0.000358 0.549246 0.028785 0.000439'/>
				</IndexedFaceSet>
			</Shape>
			<Shape DEF='_IDX_88'>
				<Appearance USE='Material_14_IDX_14'/>
				<IndexedFaceSet coordIndex='0 1 2 3 -1'>
					<Coordinate point='0.183082 0.009595 0.000000 0.182768 0.014384 0.000000 0.365536 0.028768 0.000006 0.366164 0.019190 0.000008'/>
				</IndexedFaceSet>
			</Shape>
			<Shape DEF='_IDX_89'>
				<Appearance USE='Material_13_IDX_13'/>
				<IndexedFaceSet coordIndex='0 1 2 3 -1'>
					<Coordinate point='0.000000 0.000000 0.000000 0.000000 0.000000 0.000000 0.182768 0.014384 0.000000 0.183082 0.009595 0.000000'/>
				</IndexedFaceSet>
			</Shape>
			<Shape DEF='_IDX_90'>
				<Appearance USE='Material_24_IDX_24'/>
				<IndexedFaceSet coordIndex='0 1 2 3 -1'>
					<Coordinate point='0.913050 0.081965 0.059242 0.915743 0.105022 0.041890 1.224899 0.409042 0.259374 1.071354 0.407203 0.366811'/>
				</IndexedFaceSet>
			</Shape>
			<Shape DEF='_IDX_91'>
				<Appearance USE='Material_23_IDX_23'/>
				<IndexedFaceSet coordIndex='0 1 2 3 -1'>
					<Coordinate point='0.731061 0.057681 0.006361 0.729375 0.076787 0.004498 0.915743 0.105022 0.041890 0.913050 0.081965 0.059242'/>
				</IndexedFaceSet>
			</Shape>
			<Shape DEF='_IDX_92'>
				<Appearance USE='Material_22_IDX_22'/>
				<IndexedFaceSet coordIndex='0 1 2 3 -1'>
					<Coordinate point='0.548304 0.043153 0.000358 0.546987 0.057491 0.000253 0.729375 0.076787 0.004498 0.731061 0.057681 0.006361'/>
				</IndexedFaceSet>
			</Shape>
			<Shape DEF='_IDX_93'>
				<Appearance USE='Material_21_IDX_21'/>
				<IndexedFaceSet coordIndex='0 1 2 3 -1'>
					<Coordinate point='0.365536 0.028768 0.000006 0.364658 0.038327 0.000004 0.546987 0.057491 0.000253 0.548304 0.043153 0.000358'/>
				</IndexedFaceSet>
			</Shape>
			<Shape DEF='_IDX_94'>
				<Appearance USE='Material_20_IDX_20'/>
				<IndexedFaceSet coordIndex='0 1 2 3 -1'>
					<Coordinate point='0.182768 0.014384 0.000000 0.182329 0.019164 0.000000 0.364658 0.038327 0.000004 0.365536 0.028768 0.000006'/>
				</IndexedFaceSet>
			</Shape>
			<Shape DEF='_IDX_95'>
				<Appearance USE='Material_19_IDX_19'/>
				<IndexedFaceSet coordIndex='0 1 2 3 -1'>
					<Coordinate point='0.000000 0.000000 0.000000 0.000000 0.000000 0.000000 0.182329 0.019164 0.000000 0.182768 0.014384 0.000000'/>
				</IndexedFaceSet>
			</Shape>
			<Shape DEF='_IDX_96'>
				<Appearance USE='Material_30_IDX_30'/>
				<IndexedFaceSet coordIndex='0 1 2 3 -1'>
					<Coordinate point='0.915743 0.105022 0.041890 0.916818 0.125783 0.021684 1.345962 0.339533 0.134262 1.224899 0.409042 0.259374'/>
				</IndexedFaceSet>
			</Shape>
			<Shape DEF='_IDX_97'>
				<Appearance USE='Material_29_IDX_29'/>
				<IndexedFaceSet coordIndex='0 1 2 3 -1'>
					<Coordinate point='0.729375 0.076787 0.004498 0.727175 0.095808 0.002328 0.916818 0.125783 0.021684 0.915743 0.105022 0.041890'/>
				</IndexedFaceSet>
			</Shape>
			<Shape DEF='_IDX_98'>
				<Appearance USE='Material_28_IDX_28'/>
				<IndexedFaceSet coordIndex='0 1 2 3 -1'>
					<Coordinate point='0.546987 0.057491 0.000253 0.545295 0.071790 0.000131 0.727175 0.095808 0.002328 0.729375 0.076787 0.004498'/>
				</IndexedFaceSet>
			</Shape>
			<Shape DEF='_IDX_99'>
				<Appearance USE='Material_27_IDX_27'/>
				<IndexedFaceSet coordIndex='0 1 2 3 -1'>
					<Coordinate point='0.364658 0.038327 0.000004 0.363530 0.047860 0.000002 0.545295 0.071790 0.000131 0.546987 0.057491 0.000253'/>
				</IndexedFaceSet>
			</Shape>
			<Shape DEF='_IDX_100'>
				<Appearance USE='Material_26_IDX_26'/>
				<IndexedFaceSet coordIndex='0 1 2 3 -1'>
					<Coordinate point='0.182329 0.019164 0.000000 0.181765 0.023930 0.000000 0.363530 0.047860 0.000002 0.364658 0.038327 0.000004'/>
				</IndexedFaceSet>
			</Shape>
			<Shape DEF='_IDX_101'>
				<Appearance USE='Material_25_IDX_25'/>
				<IndexedFaceSet coordIndex='0 1 2 3 -1'>
					<Coordinate point='0.000000 0.000000 0.000000 0.000000 0.000000 0.000000 0.181765 0.023930 0.000000 0.182329 0.019164 0.000000'/>
				</IndexedFaceSet>
			</Shape>
			<Shape DEF='_IDX_102'>
				<Appearance USE='Material_36_IDX_36'/>
				<IndexedFaceSet coordIndex='0 1 2 3 -1'>
					<Coordinate point='0.916818 0.125783 0.021684 0.915332 0.144974 0.000000 1.404384 0.222433 -0.000000 1.345962 0.339533 0.134262'/>
				</IndexedFaceSet>
			</Shape>
			<Shape DEF='_IDX_103'>
				<Appearance USE='Material_35_IDX_35'/>
				<IndexedFaceSet coordIndex='0 1 2 3 -1'>
					<Coordinate point='0.727175 0.095808 0.002328 0.724448 0.114741 0.000000 0.915332 0.144974 0.000000 0.916818 0.125783 0.021684'/>
				</IndexedFaceSet>
			</Shape>
			<Shape DEF='_IDX_104'>
				<Appearance USE='Material_34_IDX_34'/>
				<IndexedFaceSet coordIndex='0 1 2 3 -1'>
					<Coordinate point='0.545295 0.071790 0.000131 0.543229 0.086039 -0.000000 0.724448 0.114741 0.000000 0.727175 0.095808 0.002328'/>
				</IndexedFaceSet>
			</Shape>
			<Shape DEF='_IDX_105'>
				<Appearance USE='Material_33_IDX_33'/>
				<IndexedFaceSet coordIndex='0 1 2 3 -1'>
					<Coordinate point='0.363530 0.047860 0.000002 0.362152 0.057359 0.000000 0.543229 0.086039 -0.000000 0.545295 0.071790 0.000131'/>
				</IndexedFaceSet>
			</Shape>
			<Shape DEF='_IDX_106'>
				<Appearance USE='Material_32_IDX_32'/>
				<IndexedFaceSet coordIndex='0 1 2 3 -1'>
					<Coordinate point='0.181765 0.023930 0.000000 0.181076 0.028680 0.000000 0.362152 0.057359 0.000000 0.363530 0.047860 0.000002'/>
				</IndexedFaceSet>
			</Shape>
			<Shape DEF='_IDX_107'>
				<Appearance USE='Material_31_IDX_31'/>
				<IndexedFaceSet coordIndex='0 1 2 3 -1'>
					<Coordinate point='0.000000 0.000000 0.000000 0.000000 0.000000 0.000000 0.181076 0.028680 0.000000 0.181765 0.023930 0.000000'/>
				</IndexedFaceSet>
			</Shape>
			<Shape DEF='_IDX_108'>
				<Appearance USE='Material_42_IDX_42'/>
				<IndexedFaceSet coordIndex='0 1 2 3 -1'>
					<Coordinate point='0.174360 0.056653 -0.000000 0.175784 0.052069 -0.000000 0.000000 0.000000 0.000000 0.000000 0.000000 0.000000'/>
				</IndexedFaceSet>
			</Shape>
			<Shape DEF='_IDX_109'>
				<Appearance USE='Material_41_IDX_41'/>
				<IndexedFaceSet coordIndex='0 1 2 3 -1'>
					<Coordinate point='0.348721 0.113306 -0.000009 0.351567 0.104139 -0.000008 0.175784 0.052069 -0.000000 0.174360 0.056653 -0.000000'/>
				</IndexedFaceSet>
			</Shape>
			<Shape DEF='_IDX_110'>
				<Appearance USE='Material_40_IDX_40'/>
				<IndexedFaceSet coordIndex='0 1 2 3 -1'>
					<Coordinate point='0.523081 0.169959 -0.000507 0.527350 0.156208 -0.000489 0.351567 0.104139 -0.000008 0.348721 0.113306 -0.000009'/>
				</IndexedFaceSet>
			</Shape>
			<Shape DEF='_IDX_111'>
				<Appearance USE='Material_39_IDX_39'/>
				<IndexedFaceSet coordIndex='0 1 2 3 -1'>
					<Coordinate point='0.697303 0.226568 -0.008996 0.703035 0.208173 -0.008689 0.527350 0.156208 -0.000489 0.523081 0.169959 -0.000507'/>
				</IndexedFaceSet>
			</Shape>
			<Shape DEF='_IDX_112'>
				<Appearance USE='Material_38_IDX_38'/>
				<IndexedFaceSet coordIndex='0 1 2 3 -1'>
					<Coordinate point='0.862220 0.280152 -0.083781 0.871983 0.253039 -0.080926 0.703035 0.208173 -0.008689 0.697303 0.226568 -0.008996'/>
				</IndexedFaceSet>
			</Shape>
			<Shape DEF='_IDX_113'>
				<Appearance DEF='Material_75_IDX_75'>
					<Material diffuseColor='0.253627 0.415566 0.810213'/>
					<ImageTexture/>
				</Appearance>
				<IndexedFaceSet coordIndex='0 1 2 3 -1'>
					<Coordinate point='0.740027 0.240449 -0.518749 0.833127 0.078926 -0.501073 0.871983 0.253039 -0.080926 0.862220 0.280152 -0.083781'/>
				</IndexedFaceSet>
			</Shape>
			<Shape DEF='_IDX_114'>
				<Appearance USE='Material_48_IDX_48'/>
				<IndexedFaceSet coordIndex='0 1 2 3 -1'>
					<Coordinate point='0.175784 0.052069 -0.000000 0.177086 0.047450 -0.000000 0.000000 0.000000 0.000000 0.000000 0.000000 0.000000'/>
				</IndexedFaceSet>
			</Shape>
			<Shape DEF='_IDX_115'>
				<Appearance USE='Material_47_IDX_47'/>
				<IndexedFaceSet coordIndex='0 1 2 3 -1'>
					<Coordinate point='0.351567 0.104139 -0.000008 0.354173 0.094900 -0.000008 0.177086 0.047450 -0.000000 0.175784 0.052069 -0.000000'/>
				</IndexedFaceSet>
			</Shape>
			<Shape DEF='_IDX_116'>
				<Appearance USE='Material_46_IDX_46'/>
				<IndexedFaceSet coordIndex='0 1 2 3 -1'>
					<Coordinate point='0.527350 0.156208 -0.000489 0.531259 0.142350 -0.000439 0.354173 0.094900 -0.000008 0.351567 0.104139 -0.000008'/>
				</IndexedFaceSet>
			</Shape>
			<Shape DEF='_IDX_117'>
				<Appearance USE='Material_45_IDX_45'/>
				<IndexedFaceSet coordIndex='0 1 2 3 -1'>
					<Coordinate point='0.703035 0.208173 -0.008689 0.708308 0.189660 -0.007791 0.531259 0.142350 -0.000439 0.527350 0.156208 -0.000489'/>
				</IndexedFaceSet>
			</Shape>
			<Shape DEF='_IDX_118'>
				<Appearance USE='Material_44_IDX_44'/>
				<IndexedFaceSet coordIndex='0 1 2 3 -1'>
					<Coordinate point='0.871983 0.253039 -0.080926 0.882824 0.227519 -0.072556 0.708308 0.189660 -0.007791 0.703035 0.208173 -0.008689'/>
				</IndexedFaceSet>
			</Shape>
			<Shape DEF='_IDX_119'>
				<Appearance DEF='Material_76_IDX_76'>
					<Material diffuseColor='0.260487 0.454601 0.805994'/>
					<ImageTexture/>
				</Appearance>
				<IndexedFaceSet coordIndex='0 1 2 3 -1'>
					<Coordinate point='0.833127 0.078926 -0.501073 0.979207 -0.026221 -0.449249 0.882824 0.227519 -0.072556 0.871983 0.253039 -0.080926'/>
				</IndexedFaceSet>
			</Shape>
			<Shape DEF='_IDX_120'>
				<Appearance USE='Material_54_IDX_54'/>
				<IndexedFaceSet coordIndex='0 1 2 3 -1'>
					<Coordinate point='0.177086 0.047450 -0.000000 0.178268 0.042798 -0.000000 0.000000 0.000000 0.000000 0.000000 0.000000 0.000000'/>
				</IndexedFaceSet>
			</Shape>
			<Shape DEF='_IDX_121'>
				<Appearance USE='Material_53_IDX_53'/>
				<IndexedFaceSet coordIndex='0 1 2 3 -1'>
					<Coordinate point='0.354173 0.094900 -0.000008 0.356536 0.085597 -0.000006 0.178268 0.042798 -0.000000 0.177086 0.047450 -0.000000'/>
				</IndexedFaceSet>
			</Shape>
			<Shape DEF='_IDX_122'>
				<Appearance USE='Material_52_IDX_52'/>
				<IndexedFaceSet coordIndex='0 1 2 3 -1'>
					<Coordinate point='0.531259 0.142350 -0.000439 0.534804 0.128394 -0.000358 0.356536 0.085597 -0.000006 0.354173 0.094900 -0.000008'/>
				</IndexedFaceSet>
			</Shape>
			<Shape DEF='_IDX_123'>
				<Appearance USE='Material_51_IDX_51'/>
				<IndexedFaceSet coordIndex='0 1 2 3 -1'>
					<Coordinate point='0.708308 0.189660 -0.007791 0.713105 0.171052 -0.006361 0.534804 0.128394 -0.000358 0.531259 0.142350 -0.000439'/>
				</IndexedFaceSet>
			</Shape>
			<Shape DEF='_IDX_124'>
				<Appearance USE='Material_50_IDX_50'/>
				<IndexedFaceSet coordIndex='0 1 2 3 -1'>
					<Coordinate point='0.882824 0.227519 -0.072556 0.893691 0.204195 -0.059242 0.713105 0.171052 -0.006361 0.708308 0.189660 -0.007791'/>
				</IndexedFaceSet>
			</Shape>
			<Shape DEF='_IDX_125'>
				<Appearance USE='Material_49_IDX_49'/>
				<IndexedFaceSet coordIndex='0 1 2 3 -1'>
					<Coordinate point='0.979207 -0.026221 -0.449249 1.144751 -0.056206 -0.366811 0.893691 0.204195 -0.059242 0.882824 0.227519 -0.072556'/>
				</IndexedFaceSet>
			</Shape>
			<Shape DEF='_IDX_126'>
				<Appearance USE='Material_60_IDX_60'/>
				<IndexedFaceSet coordIndex='0 1 2 3 -1'>
					<Coordinate point='0.178268 0.042798 -0.000000 0.179327 0.038117 -0.000000 0.000000 0.000000 0.000000 0.000000 0.000000 0.000000'/>
				</IndexedFaceSet>
			</Shape>
			<Shape DEF='_IDX_127'>
				<Appearance USE='Material_59_IDX_59'/>
				<IndexedFaceSet coordIndex='0 1 2 3 -1'>
					<Coordinate point='0.356536 0.085597 -0.000006 0.358654 0.076234 -0.000004 0.179327 0.038117 -0.000000 0.178268 0.042798 -0.000000'/>
				</IndexedFaceSet>
			</Shape>
			<Shape DEF='_IDX_128'>
				<Appearance USE='Material_58_IDX_58'/>
				<IndexedFaceSet coordIndex='0 1 2 3 -1'>
					<Coordinate point='0.534804 0.128394 -0.000358 0.537982 0.114351 -0.000253 0.358654 0.076234 -0.000004 0.356536 0.085597 -0.000006'/>
				</IndexedFaceSet>
			</Shape>
			<Shape DEF='_IDX_129'>
				<Appearance USE='Material_57_IDX_57'/>
				<IndexedFaceSet coordIndex='0 1 2 3 -1'>
					<Coordinate point='0.713105 0.171052 -0.006361 0.717405 0.152361 -0.004498 0.537982 0.114351 -0.000253 0.534804 0.128394 -0.000358'/>
				</IndexedFaceSet>
			</Shape>
			<Shape DEF='_IDX_130'>
				<Appearance USE='Material_56_IDX_56'/>
				<IndexedFaceSet coordIndex='0 1 2 3 -1'>
					<Coordinate point='0.893691 0.204195 -0.059242 0.903377 0.183098 -0.041890 0.717405 0.152361 -0.004498 0.713105 0.171052 -0.006361'/>
				</IndexedFaceSet>
			</Shape>
			<Shape DEF='_IDX_131'>
				<Appearance USE='Material_55_IDX_55'/>
				<IndexedFaceSet coordIndex='0 1 2 3 -1'>
					<Coordinate point='1.144751 -0.056206 -0.366811 1.291349 -0.010508 -0.259374 0.903377 0.183098 -0.041890 0.893691 0.204195 -0.059242'/>
				</IndexedFaceSet>
			</Shape>
			<Shape DEF='_IDX_132'>
				<Appearance USE='Material_66_IDX_66'/>
				<IndexedFaceSet coordIndex='0 1 2 3 -1'>
					<Coordinate point='0.179327 0.038117 -0.000000 0.180263 0.033410 -0.000000 0.000000 0.000000 0.000000 0.000000 0.000000 0.000000'/>
				</IndexedFaceSet>
			</Shape>
			<Shape DEF='_IDX_133'>
				<Appearance USE='Material_65_IDX_65'/>
				<IndexedFaceSet coordIndex='0 1 2 3 -1'>
					<Coordinate point='0.358654 0.076234 -0.000004 0.360527 0.066820 -0.000002 0.180263 0.033410 -0.000000 0.179327 0.038117 -0.000000'/>
				</IndexedFaceSet>
			</Shape>
			<Shape DEF='_IDX_134'>
				<Appearance USE='Material_64_IDX_64'/>
				<IndexedFaceSet coordIndex='0 1 2 3 -1'>
					<Coordinate point='0.537982 0.114351 -0.000253 0.540791 0.100229 -0.000131 0.360527 0.066820 -0.000002 0.358654 0.076234 -0.000004'/>
				</IndexedFaceSet>
			</Shape>
			<Shape DEF='_IDX_135'>
				<Appearance USE='Material_63_IDX_63'/>
				<IndexedFaceSet coordIndex='0 1 2 3 -1'>
					<Coordinate point='0.717405 0.152361 -0.004498 0.721190 0.133591 -0.002328 0.540791 0.100229 -0.000131 0.537982 0.114351 -0.000253'/>
				</IndexedFaceSet>
			</Shape>
			<Shape DEF='_IDX_136'>
				<Appearance USE='Material_62_IDX_62'/>
				<IndexedFaceSet coordIndex='0 1 2 3 -1'>
					<Coordinate point='0.903377 0.183098 -0.041890 0.910815 0.163686 -0.021684 0.721190 0.133591 -0.002328 0.717405 0.152361 -0.004498'/>
				</IndexedFaceSet>
			</Shape>
			<Shape DEF='_IDX_137'>
				<Appearance USE='Material_61_IDX_61'/>
				<IndexedFaceSet coordIndex='0 1 2 3 -1'>
					<Coordinate point='1.291349 -0.010508 -0.259374 1.385007 0.093010 -0.134262 0.910815 0.163686 -0.021684 0.903377 0.183098 -0.041890'/>
				</IndexedFaceSet>
			</Shape>
			<Shape DEF='_IDX_138'>
				<Appearance USE='Material_72_IDX_72'/>
				<IndexedFaceSet coordIndex='0 1 2 3 -1'>
					<Coordinate point='0.180263 0.033410 -0.000000 0.181076 0.028680 -0.000000 0.000000 0.000000 0.000000 0.000000 0.000000 0.000000'/>
				</IndexedFaceSet>
			</Shape>
			<Shape DEF='_IDX_139'>
				<Appearance USE='Material_71_IDX_71'/>
				<IndexedFaceSet coordIndex='0 1 2 3 -1'>
					<Coordinate point='0.360527 0.066820 -0.000002 0.362152 0.057359 -0.000000 0.181076 0.028680 -0.000000 0.180263 0.033410 -0.000000'/>
				</IndexedFaceSet>
			</Shape>
			<Shape DEF='_IDX_140'>
				<Appearance USE='Material_70_IDX_70'/>
				<IndexedFaceSet coordIndex='0 1 2 3 -1'>
					<Coordinate point='0.540791 0.100229 -0.000131 0.543229 0.086039 -0.000000 0.362152 0.057359 -0.000000 0.360527 0.066820 -0.000002'/>
				</IndexedFaceSet>
			</Shape>
			<Shape DEF='_IDX_141'>
				<Appearance USE='Material_69_IDX_69'/>
				<IndexedFaceSet coordIndex='0 1 2 3 -1'>
					<Coordinate point='0.721190 0.133591 -0.002328 0.724448 0.114741 -0.000000 0.543229 0.086039 -0.000000 0.540791 0.100229 -0.000131'/>
				</IndexedFaceSet>
			</Shape>
			<Shape DEF='_IDX_142'>
				<Appearance USE='Material_68_IDX_68'/>
				<IndexedFaceSet coordIndex='0 1 2 3 -1'>
					<Coordinate point='0.910815 0.163686 -0.021684 0.915332 0.144974 -0.000000 0.724448 0.114741 -0.000000 0.721190 0.133591 -0.002328'/>
				</IndexedFaceSet>
			</Shape>
			<Shape DEF='_IDX_143'>
				<Appearance USE='Material_67_IDX_67'/>
				<IndexedFaceSet coordIndex='0 1 2 3 -1'>
					<Coordinate point='1.385007 0.093010 -0.134262 1.404384 0.222433 -0.000000 0.915332 0.144974 -0.000000 0.910815 0.163686 -0.021684'/>
				</IndexedFaceSet>
			</Shape>
			<Shape DEF='_IDX_144'>
				<Appearance USE='Material_1_IDX_1'/>
				<IndexedFaceSet coordIndex='0 1 2 3 -1'>
					<Coordinate point='0.148320 -0.107761 0.000000 0.145448 -0.111606 0.000000 0.000000 0.000000 0.000000 0.000000 0.000000 0.000000'/>
				</IndexedFaceSet>
			</Shape>
			<Shape DEF='_IDX_145'>
				<Appearance USE='Material_2_IDX_2'/>
				<IndexedFaceSet coordIndex='0 1 2 3 -1'>
					<Coordinate point='0.296640 -0.215521 0.000009 0.290896 -0.223213 0.000008 0.145448 -0.111606 0.000000 0.148320 -0.107761 0.000000'/>
				</IndexedFaceSet>
			</Shape>
			<Shape DEF='_IDX_146'>
				<Appearance USE='Material_3_IDX_3'/>
				<IndexedFaceSet coordIndex='0 1 2 3 -1'>
					<Coordinate point='0.444959 -0.323282 0.000507 0.436344 -0.334819 0.000489 0.290896 -0.223213 0.000008 0.296640 -0.215521 0.000009'/>
				</IndexedFaceSet>
			</Shape>
			<Shape DEF='_IDX_147'>
				<Appearance USE='Material_4_IDX_4'/>
				<IndexedFaceSet coordIndex='0 1 2 3 -1'>
					<Coordinate point='0.593162 -0.430957 0.008996 0.581648 -0.446406 0.008689 0.436344 -0.334819 0.000489 0.444959 -0.323282 0.000507'/>
				</IndexedFaceSet>
			</Shape>
			<Shape DEF='_IDX_148'>
				<Appearance USE='Material_5_IDX_5'/>
				<IndexedFaceSet coordIndex='0 1 2 3 -1'>
					<Coordinate point='0.733448 -0.532881 0.083781 0.717251 -0.556716 0.080926 0.581648 -0.446406 0.008689 0.593162 -0.430957 0.008996'/>
				</IndexedFaceSet>
			</Shape>
			<Shape DEF='_IDX_149'>
				<Appearance USE='Material_6_IDX_6'/>
				<IndexedFaceSet coordIndex='0 1 2 3 -1'>
					<Coordinate point='0.629504 -0.457362 0.518749 0.553553 -0.627622 0.501073 0.717251 -0.556716 0.080926 0.733448 -0.532881 0.083781'/>
				</IndexedFaceSet>
			</Shape>
			<Shape DEF='_IDX_150'>
				<Appearance USE='Material_7_IDX_7'/>
				<IndexedFaceSet coordIndex='0 1 2 3 -1'>
					<Coordinate point='0.145448 -0.111606 0.000000 0.142477 -0.115375 0.000000 0.000000 0.000000 0.000000 0.000000 0.000000 0.000000'/>
				</IndexedFaceSet>
			</Shape>
			<Shape DEF='_IDX_151'>
				<Appearance USE='Material_8_IDX_8'/>
				<IndexedFaceSet coordIndex='0 1 2 3 -1'>
					<Coordinate point='0.290896 -0.223213 0.000008 0.284954 -0.230751 0.000008 0.142477 -0.115375 0.000000 0.145448 -0.111606 0.000000'/>
				</IndexedFaceSet>
			</Shape>
			<Shape DEF='_IDX_152'>
				<Appearance USE='Material_9_IDX_9'/>
				<IndexedFaceSet coordIndex='0 1 2 3 -1'>
					<Coordinate point='0.436344 -0.334819 0.000489 0.427430 -0.346126 0.000439 0.284954 -0.230751 0.000008 0.290896 -0.223213 0.000008'/>
				</IndexedFaceSet>
			</Shape>
			<Shape DEF='_IDX_153'>
				<Appearance USE='Material_10_IDX_10'/>
				<IndexedFaceSet coordIndex='0 1 2 3 -1'>
					<Coordinate point='0.581648 -0.446406 0.008689 0.569771 -0.461554 0.007791 0.427430 -0.346126 0.000439 0.436344 -0.334819 0.000489'/>
				</IndexedFaceSet>
			</Shape>
			<Shape DEF='_IDX_154'>
				<Appearance USE='Material_11_IDX_11'/>
				<IndexedFaceSet coordIndex='0 1 2 3 -1'>
					<Coordinate point='0.717251 -0.556716 0.080926 0.702978 -0.580488 0.072556 0.569771 -0.461554 0.007791 0.581648 -0.446406 0.008689'/>
				</IndexedFaceSet>
			</Shape>
			<Shape DEF='_IDX_155'>
				<Appearance USE='Material_12_IDX_12'/>
				<IndexedFaceSet coordIndex='0 1 2 3 -1'>
					<Coordinate point='0.553553 -0.627622 0.501073 0.554350 -0.807607 0.449249 0.702978 -0.580488 0.072556 0.717251 -0.556716 0.080926'/>
				</IndexedFaceSet>
			</Shape>
			<Shape DEF='_IDX_156'>
				<Appearance USE='Material_13_IDX_13'/>
				<IndexedFaceSet coordIndex='0 1 2 3 -1'>
					<Coordinate point='0.142477 -0.115375 0.000000 0.139408 -0.119065 0.000000 0.000000 0.000000 0.000000 0.000000 0.000000 0.000000'/>
				</IndexedFaceSet>
			</Shape>
			<Shape DEF='_IDX_157'>
				<Appearance USE='Material_14_IDX_14'/>
				<IndexedFaceSet coordIndex='0 1 2 3 -1'>
					<Coordinate point='0.284954 -0.230751 0.000008 0.278816 -0.238131 0.000006 0.139408 -0.119065 0.000000 0.142477 -0.115375 0.000000'/>
				</IndexedFaceSet>
			</Shape>
			<Shape DEF='_IDX_158'>
				<Appearance USE='Material_15_IDX_15'/>
				<IndexedFaceSet coordIndex='0 1 2 3 -1'>
					<Coordinate point='0.427430 -0.346126 0.000439 0.418223 -0.357197 0.000358 0.278816 -0.238131 0.000006 0.284954 -0.230751 0.000008'/>
				</IndexedFaceSet>
			</Shape>
			<Shape DEF='_IDX_159'>
				<Appearance USE='Material_16_IDX_16'/>
				<IndexedFaceSet coordIndex='0 1 2 3 -1'>
					<Coordinate point='0.569771 -0.461554 0.007791 0.557537 -0.476372 0.006361 0.418223 -0.357197 0.000358 0.427430 -0.346126 0.000439'/>
				</IndexedFaceSet>
			</Shape>
			<Shape DEF='_IDX_160'>
				<Appearance USE='Material_17_IDX_17'/>
				<IndexedFaceSet coordIndex='0 1 2 3 -1'>
					<Coordinate point='0.702978 -0.580488 0.072556 0.690495 -0.602989 0.059242 0.557537 -0.476372 0.006361 0.569771 -0.461554 0.007791'/>
				</IndexedFaceSet>
			</Shape>
			<Shape DEF='_IDX_161'>
				<Appearance USE='Material_18_IDX_18'/>
				<IndexedFaceSet coordIndex='0 1 2 3 -1'>
					<Coordinate point='0.554350 -0.807607 0.449249 0.627396 -0.959160 0.366811 0.690495 -0.602989 0.059242 0.702978 -0.580488 0.072556'/>
				</IndexedFaceSet>
			</Shape>
			<Shape DEF='_IDX_162'>
				<Appearance USE='Material_19_IDX_19'/>
				<IndexedFaceSet coordIndex='0 1 2 3 -1'>
					<Coordinate point='0.139408 -0.119065 0.000000 0.136243 -0.122674 0.000000 0.000000 0.000000 0.000000 0.000000 0.000000 0.000000'/>
				</IndexedFaceSet>
			</Shape>
			<Shape DEF='_IDX_163'>
				<Appearance USE='Material_20_IDX_20'/>
				<IndexedFaceSet coordIndex='0 1 2 3 -1'>
					<Coordinate point='0.278816 -0.238131 0.000006 0.272486 -0.245348 0.000004 0.136243 -0.122674 0.000000 0.139408 -0.119065 0.000000'/>
				</IndexedFaceSet>
			</Shape>
			<Shape DEF='_IDX_164'>
				<Appearance USE='Material_21_IDX_21'/>
				<IndexedFaceSet coordIndex='0 1 2 3 -1'>
					<Coordinate point='0.418223 -0.357197 0.000358 0.408730 -0.368022 0.000253 0.272486 -0.245348 0.000004 0.278816 -0.238131 0.000006'/>
				</IndexedFaceSet>
			</Shape>
			<Shape DEF='_IDX_165'>
				<Appearance USE='Material_22_IDX_22'/>
				<IndexedFaceSet coordIndex='0 1 2 3 -1'>
					<Coordinate point='0.557537 -0.476372 0.006361 0.544943 -0.490838 0.004498 0.408730 -0.368022 0.000253 0.418223 -0.357197 0.000358'/>
				</IndexedFaceSet>
			</Shape>
			<Shape DEF='_IDX_166'>
				<Appearance USE='Material_23_IDX_23'/>
				<IndexedFaceSet coordIndex='0 1 2 3 -1'>
					<Coordinate point='0.690495 -0.602989 0.059242 0.679121 -0.623225 0.041890 0.544943 -0.490838 0.004498 0.557537 -0.476372 0.006361'/>
				</IndexedFaceSet>
			</Shape>
			<Shape DEF='_IDX_167'>
				<Appearance USE='Material_24_IDX_24'/>
				<IndexedFaceSet coordIndex='0 1 2 3 -1'>
					<Coordinate point='0.627396 -0.959160 0.366811 0.750535 -1.050900 0.259374 0.679121 -0.623225 0.041890 0.690495 -0.602989 0.059242'/>
				</IndexedFaceSet>
			</Shape>
			<Shape DEF='_IDX_168'>
				<Appearance USE='Material_25_IDX_25'/>
				<IndexedFaceSet coordIndex='0 1 2 3 -1'>
					<Coordinate point='0.136243 -0.122674 0.000000 0.132985 -0.126198 0.000000 0.000000 0.000000 0.000000 0.000000 0.000000 0.000000'/>
				</IndexedFaceSet>
			</Shape>
			<Shape DEF='_IDX_169'>
				<Appearance USE='Material_26_IDX_26'/>
				<IndexedFaceSet coordIndex='0 1 2 3 -1'>
					<Coordinate point='0.272486 -0.245348 0.000004 0.265971 -0.252397 0.000002 0.132985 -0.126198 0.000000 0.136243 -0.122674 0.000000'/>
				</IndexedFaceSet>
			</Shape>
			<Shape DEF='_IDX_170'>
				<Appearance USE='Material_27_IDX_27'/>
				<IndexedFaceSet coordIndex='0 1 2 3 -1'>
					<Coordinate point='0.408730 -0.368022 0.000253 0.398956 -0.378596 0.000131 0.265971 -0.252397 0.000002 0.272486 -0.245348 0.000004'/>
				</IndexedFaceSet>
			</Shape>
			<Shape DEF='_IDX_171'>
				<Appearance USE='Material_28_IDX_28'/>
				<IndexedFaceSet coordIndex='0 1 2 3 -1'>
					<Coordinate point='0.544943 -0.490838 0.004498 0.531982 -0.504933 0.002328 0.398956 -0.378596 0.000131 0.408730 -0.368022 0.000253'/>
				</IndexedFaceSet>
			</Shape>
			<Shape DEF='_IDX_172'>
				<Appearance USE='Material_29_IDX_29'/>
				<IndexedFaceSet coordIndex='0 1 2 3 -1'>
					<Coordinate point='0.679121 -0.623225 0.041890 0.667788 -0.640652 0.021684 0.531982 -0.504933 0.002328 0.544943 -0.490838 0.004498'/>
				</IndexedFaceSet>
			</Shape>
			<Shape DEF='_IDX_173'>
				<Appearance USE='Material_30_IDX_30'/>
				<IndexedFaceSet coordIndex='0 1 2 3 -1'>
					<Coordinate point='0.750535 -1.050900 0.259374 0.889333 -1.065825 0.134262 0.667788 -0.640652 0.021684 0.679121 -0.623225 0.041890'/>
				</IndexedFaceSet>
			</Shape>
			<Shape DEF='_IDX_174'>
				<Appearance USE='Material_31_IDX_31'/>
				<IndexedFaceSet coordIndex='0 1 2 3 -1'>
					<Coordinate point='0.132985 -0.126198 0.000000 0.129636 -0.129636 0.000000 0.000000 0.000000 0.000000 0.000000 0.000000 0.000000'/>
				</IndexedFaceSet>
			</Shape>
			<Shape DEF='_IDX_175'>
				<Appearance USE='Material_32_IDX_32'/>
				<IndexedFaceSet coordIndex='0 1 2 3 -1'>
					<Coordinate point='0.265971 -0.252397 0.000002 0.259272 -0.259272 0.000000 0.129636 -0.129636 0.000000 0.132985 -0.126198 0.000000'/>
				</IndexedFaceSet>
			</Shape>
			<Shape DEF='_IDX_176'>
				<Appearance USE='Material_33_IDX_33'/>
				<IndexedFaceSet coordIndex='0 1 2 3 -1'>
					<Coordinate point='0.398956 -0.378596 0.000131 0.388909 -0.388909 -0.000000 0.259272 -0.259272 0.000000 0.265971 -0.252397 0.000002'/>
				</IndexedFaceSet>
			</Shape>
			<Shape DEF='_IDX_177'>
				<Appearance USE='Material_34_IDX_34'/>
				<IndexedFaceSet coordIndex='0 1 2 3 -1'>
					<Coordinate point='0.531982 -0.504933 0.002328 0.518648 -0.518648 0.000000 0.388909 -0.388909 -0.000000 0.398956 -0.378596 0.000131'/>
				</IndexedFaceSet>
			</Shape>
			<Shape DEF='_IDX_178'>
				<Appearance USE='Material_35_IDX_35'/>
				<IndexedFaceSet coordIndex='0 1 2 3 -1'>
					<Coordinate point='0.667788 -0.640652 0.021684 0.655306 -0.655306 0.000000 0.518648 -0.518648 0.000000 0.531982 -0.504933 0.002328'/>
				</IndexedFaceSet>
			</Shape>
			<Shape DEF='_IDX_179'>
				<Appearance USE='Material_36_IDX_36'/>
				<IndexedFaceSet coordIndex='0 1 2 3 -1'>
					<Coordinate point='0.889333 -1.065825 0.134262 1.005428 -1.005428 -0.000000 0.655306 -0.655306 0.000000 0.667788 -0.640652 0.021684'/>
				</IndexedFaceSet>
			</Shape>
			<Shape DEF='_IDX_180'>
				<Appearance USE='Material_37_IDX_37'/>
				<IndexedFaceSet coordIndex='0 1 2 3 -1'>
					<Coordinate point='0.532881 -0.733448 -0.083781 0.556716 -0.717251 -0.080926 0.627622 -0.553553 -0.501073 0.457362 -0.629504 -0.518749'/>
				</IndexedFaceSet>
			</Shape>
			<Shape DEF='_IDX_181'>
				<Appearance USE='Material_38_IDX_38'/>
				<IndexedFaceSet coordIndex='0 1 2 3 -1'>
					<Coordinate point='0.430957 -0.593162 -0.008996 0.446406 -0.581648 -0.008689 0.556716 -0.717251 -0.080926 0.532881 -0.733448 -0.083781'/>
				</IndexedFaceSet>
			</Shape>
			<Shape DEF='_IDX_182'>
				<Appearance USE='Material_39_IDX_39'/>
				<IndexedFaceSet coordIndex='0 1 2 3 -1'>
					<Coordinate point='0.323282 -0.444959 -0.000507 0.334819 -0.436344 -0.000489 0.446406 -0.581648 -0.008689 0.430957 -0.593162 -0.008996'/>
				</IndexedFaceSet>
			</Shape>
			<Shape DEF='_IDX_183'>
				<Appearance USE='Material_40_IDX_40'/>
				<IndexedFaceSet coordIndex='0 1 2 3 -1'>
					<Coordinate point='0.215521 -0.296640 -0.000009 0.223213 -0.290896 -0.000008 0.334819 -0.436344 -0.000489 0.323282 -0.444959 -0.000507'/>
				</IndexedFaceSet>
			</Shape>
			<Shape DEF='_IDX_184'>
				<Appearance USE='Material_41_IDX_41'/>
				<IndexedFaceSet coordIndex='0 1 2 3 -1'>
					<Coordinate point='0.107761 -0.148320 -0.000000 0.111606 -0.145448 -0.000000 0.223213 -0.290896 -0.000008 0.215521 -0.296640 -0.000009'/>
				</IndexedFaceSet>
			</Shape>
			<Shape DEF='_IDX_185'>
				<Appearance USE='Material_42_IDX_42'/>
				<IndexedFaceSet coordIndex='0 1 2 3 -1'>
					<Coordinate point='0.000000 0.000000 0.000000 0.000000 0.000000 0.000000 0.111606 -0.145448 -0.000000 0.107761 -0.148320 -0.000000'/>
				</IndexedFaceSet>
			</Shape>
			<Shape DEF='_IDX_186'>
				<Appearance USE='Material_43_IDX_43'/>
				<IndexedFaceSet coordIndex='0 1 2 3 -1'>
					<Coordinate point='0.556716 -0.717251 -0.080926 0.580488 -0.702978 -0.072556 0.807607 -0.554350 -0.449249 0.627622 -0.553553 -0.501073'/>
				</IndexedFaceSet>
			</Shape>
			<Shape DEF='_IDX_187'>
				<Appearance USE='Material_44_IDX_44'/>
				<IndexedFaceSet coordIndex='0 1 2 3 -1'>
					<Coordinate point='0.446406 -0.581648 -0.008689 0.461554 -0.569771 -0.007791 0.580488 -0.702978 -0.072556 0.556716 -0.717251 -0.080926'/>
				</IndexedFaceSet>
			</Shape>
			<Shape DEF='_IDX_188'>
				<Appearance USE='Material_45_IDX_45'/>
				<IndexedFaceSet coordIndex='0 1 2 3 -1'>
					<Coordinate point='0.334819 -0.436344 -0.000489 0.346126 -0.427430 -0.000439 0.461554 -0.569771 -0.007791 0.446406 -0.581648 -0.008689'/>
				</IndexedFaceSet>
			</Shape>
			<Shape DEF='_IDX_189'>
				<Appearance USE='Material_46_IDX_46'/>
				<IndexedFaceSet coordIndex='0 1 2 3 -1'>
					<Coordinate point='0.223213 -0.290896 -0.000008 0.230751 -0.284954 -0.000008 0.346126 -0.427430 -0.000439 0.334819 -0.436344 -0.000489'/>
				</IndexedFaceSet>
			</Shape>
			<Shape DEF='_IDX_190'>
				<Appearance USE='Material_47_IDX_47'/>
				<IndexedFaceSet coordIndex='0 1 2 3 -1'>
					<Coordinate point='0.111606 -0.145448 -0.000000 0.115375 -0.142477 -0.000000 0.230751 -0.284954 -0.000008 0.223213 -0.290896 -0.000008'/>
				</IndexedFaceSet>
			</Shape>
			<Shape DEF='_IDX_191'>
				<Appearance USE='Material_48_IDX_48'/>
				<IndexedFaceSet coordIndex='0 1 2 3 -1'>
					<Coordinate point='0.000000 0.000000 0.000000 0.000000 0.000000 0.000000 0.115375 -0.142477 -0.000000 0.111606 -0.145448 -0.000000'/>
				</IndexedFaceSet>
			</Shape>
			<Shape DEF='_IDX_192'>
				<Appearance USE='Material_49_IDX_49'/>
				<IndexedFaceSet coordIndex='0 1 2 3 -1'>
					<Coordinate point='0.580488 -0.702978 -0.072556 0.602989 -0.690495 -0.059242 0.959160 -0.627396 -0.366811 0.807607 -0.554350 -0.449249'/>
				</IndexedFaceSet>
			</Shape>
			<Shape DEF='_IDX_193'>
				<Appearance USE='Material_50_IDX_50'/>
				<IndexedFaceSet coordIndex='0 1 2 3 -1'>
					<Coordinate point='0.461554 -0.569771 -0.007791 0.476372 -0.557537 -0.006361 0.602989 -0.690495 -0.059242 0.580488 -0.702978 -0.072556'/>
				</IndexedFaceSet>
			</Shape>
			<Shape DEF='_IDX_194'>
				<Appearance USE='Material_51_IDX_51'/>
				<IndexedFaceSet coordIndex='0 1 2 3 -1'>
					<Coordinate point='0.346126 -0.427430 -0.000439 0.357197 -0.418223 -0.000358 0.476372 -0.557537 -0.006361 0.461554 -0.569771 -0.007791'/>
				</IndexedFaceSet>
			</Shape>
			<Shape DEF='_IDX_195'>
				<Appearance USE='Material_52_IDX_52'/>
				<IndexedFaceSet coordIndex='0 1 2 3 -1'>
					<Coordinate point='0.230751 -0.284954 -0.000008 0.238131 -0.278816 -0.000006 0.357197 -0.418223 -0.000358 0.346126 -0.427430 -0.000439'/>
				</IndexedFaceSet>
			</Shape>
			<Shape DEF='_IDX_196'>
				<Appearance USE='Material_53_IDX_53'/>
				<IndexedFaceSet coordIndex='0 1 2 3 -1'>
					<Coordinate point='0.115375 -0.142477 -0.000000 0.119065 -0.139408 -0.000000 0.238131 -0.278816 -0.000006 0.230751 -0.284954 -0.000008'/>
				</IndexedFaceSet>
			</Shape>
			<Shape DEF='_IDX_197'>
				<Appearance USE='Material_54_IDX_54'/>
				<IndexedFaceSet coordIndex='0 1 2 3 -1'>
					<Coordinate point='0.000000 0.000000 0.000000 0.000000 0.000000 0.000000 0.119065 -0.139408 -0.000000 0.115375 -0.142477 -0.000000'/>
				</IndexedFaceSet>
			</Shape>
			<Shape DEF='_IDX_198'>
				<Appearance USE='Material_55_IDX_55'/>
				<IndexedFaceSet coordIndex='0 1 2 3 -1'>
					<Coordinate point='0.602989 -0.690495 -0.059242 0.623225 -0.679121 -0.041890 1.050900 -0.750535 -0.259374 0.959160 -0.627396 -0.366811'/>
				</IndexedFaceSet>
			</Shape>
			<Shape DEF='_IDX_199'>
				<Appearance USE='Material_56_IDX_56'/>
				<IndexedFaceSet coordIndex='0 1 2 3 -1'>
					<Coordinate point='0.476372 -0.557537 -0.006361 0.490838 -0.544943 -0.004498 0.623225 -0.679121 -0.041890 0.602989 -0.690495 -0.059242'/>
				</IndexedFaceSet>
			</Shape>
			<Shape DEF='_IDX_200'>
				<Appearance USE='Material_57_IDX_57'/>
				<IndexedFaceSet coordIndex='0 1 2 3 -1'>
					<Coordinate point='0.357197 -0.418223 -0.000358 0.368022 -0.408730 -0.000253 0.490838 -0.544943 -0.004498 0.476372 -0.557537 -0.006361'/>
				</IndexedFaceSet>
			</Shape>
			<Shape DEF='_IDX_201'>
				<Appearance USE='Material_58_IDX_58'/>
				<IndexedFaceSet coordIndex='0 1 2 3 -1'>
					<Coordinate point='0.238131 -0.278816 -0.000006 0.245348 -0.272486 -0.000004 0.368022 -0.408730 -0.000253 0.357197 -0.418223 -0.000358'/>
				</IndexedFaceSet>
			</Shape>
			<Shape DEF='_IDX_202'>
				<Appearance USE='Material_59_IDX_59'/>
				<IndexedFaceSet coordIndex='0 1 2 3 -1'>
					<Coordinate point='0.119065 -0.139408 -0.000000 0.122674 -0.136243 -0.000000 0.245348 -0.272486 -0.000004 0.238131 -0.278816 -0.000006'/>
				</IndexedFaceSet>
			</Shape>
			<Shape DEF='_IDX_203'>
				<Appearance USE='Material_60_IDX_60'/>
				<IndexedFaceSet coordIndex='0 1 2 3 -1'>
					<Coordinate point='0.000000 0.000000 0.000000 0.000000 0.000000 0.000000 0.122674 -0.136243 -0.000000 0.119065 -0.139408 -0.000000'/>
				</IndexedFaceSet>
			</Shape>
			<Shape DEF='_IDX_204'>
				<Appearance USE='Material_61_IDX_61'/>
				<IndexedFaceSet coordIndex='0 1 2 3 -1'>
					<Coordinate point='0.623225 -0.679121 -0.041890 0.640652 -0.667788 -0.021684 1.065825 -0.889333 -0.134262 1.050900 -0.750535 -0.259374'/>
				</IndexedFaceSet>
			</Shape>
			<Shape DEF='_IDX_205'>
				<Appearance USE='Material_62_IDX_62'/>
				<IndexedFaceSet coordIndex='0 1 2 3 -1'>
					<Coordinate point='0.490838 -0.544943 -0.004498 0.504933 -0.531982 -0.002328 0.640652 -0.667788 -0.021684 0.623225 -0.679121 -0.041890'/>
				</IndexedFaceSet>
			</Shape>
			<Shape DEF='_IDX_206'>
				<Appearance USE='Material_63_IDX_63'/>
				<IndexedFaceSet coordIndex='0 1 2 3 -1'>
					<Coordinate point='0.368022 -0.408730 -0.000253 0.378596 -0.398956 -0.000131 0.504933 -0.531982 -0.002328 0.490838 -0.544943 -0.004498'/>
				</IndexedFaceSet>
			</Shape>
			<Shape DEF='_IDX_207'>
				<Appearance USE='Material_64_IDX_64'/>
				<IndexedFaceSet coordIndex='0 1 2 3 -1'>
					<Coordinate point='0.245348 -0.272486 -0.000004 0.252397 -0.265971 -0.000002 0.378596 -0.398956 -0.000131 0.368022 -0.408730 -0.000253'/>
				</IndexedFaceSet>
			</Shape>
			<Shape DEF='_IDX_208'>
				<Appearance USE='Material_65_IDX_65'/>
				<IndexedFaceSet coordIndex='0 1 2 3 -1'>
					<Coordinate point='0.122674 -0.136243 -0.000000 0.126198 -0.132985 -0.000000 0.252397 -0.265971 -0.000002 0.245348 -0.272486 -0.000004'/>
				</IndexedFaceSet>
			</Shape>
			<Shape DEF='_IDX_209'>
				<Appearance USE='Material_66_IDX_66'/>
				<IndexedFaceSet coordIndex='0 1 2 3 -1'>
					<Coordinate point='0.000000 0.000000 0.000000 0.000000 0.000000 0.000000 0.126198 -0.132985 -0.000000 0.122674 -0.136243 -0.000000'/>
				</IndexedFaceSet>
			</Shape>
			<Shape DEF='_IDX_210'>
				<Appearance USE='Material_67_IDX_67'/>
				<IndexedFaceSet coordIndex='0 1 2 3 -1'>
					<Coordinate point='0.640652 -0.667788 -0.021684 0.655306 -0.655306 -0.000000 1.005428 -1.005428 -0.000000 1.065825 -0.889333 -0.134262'/>
				</IndexedFaceSet>
			</Shape>
			<Shape DEF='_IDX_211'>
				<Appearance USE='Material_68_IDX_68'/>
				<IndexedFaceSet coordIndex='0 1 2 3 -1'>
					<Coordinate point='0.504933 -0.531982 -0.002328 0.518648 -0.518648 -0.000000 0.655306 -0.655306 -0.000000 0.640652 -0.667788 -0.021684'/>
				</IndexedFaceSet>
			</Shape>
			<Shape DEF='_IDX_212'>
				<Appearance USE='Material_69_IDX_69'/>
				<IndexedFaceSet coordIndex='0 1 2 3 -1'>
					<Coordinate point='0.378596 -0.398956 -0.000131 0.388909 -0.388909 -0.000000 0.518648 -0.518648 -0.000000 0.504933 -0.531982 -0.002328'/>
				</IndexedFaceSet>
			</Shape>
			<Shape DEF='_IDX_213'>
				<Appearance USE='Material_70_IDX_70'/>
				<IndexedFaceSet coordIndex='0 1 2 3 -1'>
					<Coordinate point='0.252397 -0.265971 -0.000002 0.259272 -0.259272 -0.000000 0.388909 -0.388909 -0.000000 0.378596 -0.398956 -0.000131'/>
				</IndexedFaceSet>
			</Shape>
			<Shape DEF='_IDX_214'>
				<Appearance USE='Material_71_IDX_71'/>
				<IndexedFaceSet coordIndex='0 1 2 3 -1'>
					<Coordinate point='0.126198 -0.132985 -0.000000 0.129636 -0.129636 -0.000000 0.259272 -0.259272 -0.000000 0.252397 -0.265971 -0.000002'/>
				</IndexedFaceSet>
			</Shape>
			<Shape DEF='_IDX_215'>
				<Appearance USE='Material_72_IDX_72'/>
				<IndexedFaceSet coordIndex='0 1 2 3 -1'>
					<Coordinate point='0.000000 0.000000 0.000000 0.000000 0.000000 0.000000 0.129636 -0.129636 -0.000000 0.126198 -0.132985 -0.000000'/>
				</IndexedFaceSet>
			</Shape>
			<Shape DEF='_IDX_216'>
				<Appearance USE='Material_73_IDX_73'/>
				<IndexedFaceSet coordIndex='0 1 2 3 -1'>
					<Coordinate point='0.733448 -0.532881 0.083781 0.751111 -0.510112 0.080926 0.767962 -0.332514 0.501073 0.629504 -0.457362 0.518749'/>
				</IndexedFaceSet>
			</Shape>
			<Shape DEF='_IDX_217'>
				<Appearance USE='Material_5_IDX_5'/>
				<IndexedFaceSet coordIndex='0 1 2 3 -1'>
					<Coordinate point='0.593162 -0.430957 0.008996 0.604297 -0.415234 0.008689 0.751111 -0.510112 0.080926 0.733448 -0.532881 0.083781'/>
				</IndexedFaceSet>
			</Shape>
			<Shape DEF='_IDX_218'>
				<Appearance USE='Material_4_IDX_4'/>
				<IndexedFaceSet coordIndex='0 1 2 3 -1'>
					<Coordinate point='0.444959 -0.323282 0.000507 0.453269 -0.311523 0.000489 0.604297 -0.415234 0.008689 0.593162 -0.430957 0.008996'/>
				</IndexedFaceSet>
			</Shape>
			<Shape DEF='_IDX_219'>
				<Appearance USE='Material_3_IDX_3'/>
				<IndexedFaceSet coordIndex='0 1 2 3 -1'>
					<Coordinate point='0.296640 -0.215521 0.000009 0.302180 -0.207682 0.000008 0.453269 -0.311523 0.000489 0.444959 -0.323282 0.000507'/>
				</IndexedFaceSet>
			</Shape>
			<Shape DEF='_IDX_220'>
				<Appearance USE='Material_2_IDX_2'/>
				<IndexedFaceSet coordIndex='0 1 2 3 -1'>
					<Coordinate point='0.148320 -0.107761 0.000000 0.151090 -0.103841 0.000000 0.302180 -0.207682 0.000008 0.296640 -0.215521 0.000009'/>
				</IndexedFaceSet>
			</Shape>
			<Shape DEF='_IDX_221'>
				<Appearance USE='Material_1_IDX_1'/>
				<IndexedFaceSet coordIndex='0 1 2 3 -1'>
					<Coordinate point='0.000000 0.000000 0.000000 0.000000 0.000000 0.000000 0.151090 -0.103841 0.000000 0.148320 -0.107761 0.000000'/>
				</IndexedFaceSet>
			</Shape>
			<Shape DEF='_IDX_222'>
				<Appearance USE='Material_74_IDX_74'/>
				<IndexedFaceSet coordIndex='0 1 2 3 -1'>
					<Coordinate point='0.751111 -0.510112 0.080926 0.769309 -0.489191 0.072556 0.939384 -0.277654 0.449249 0.767962 -0.332514 0.501073'/>
				</IndexedFaceSet>
			</Shape>
			<Shape DEF='_IDX_223'>
				<Appearance USE='Material_11_IDX_11'/>
				<IndexedFaceSet coordIndex='0 1 2 3 -1'>
					<Coordinate point='0.604297 -0.415234 0.008689 0.615033 -0.399257 0.007791 0.769309 -0.489191 0.072556 0.751111 -0.510112 0.080926'/>
				</IndexedFaceSet>
			</Shape>
			<Shape DEF='_IDX_224'>
				<Appearance USE='Material_10_IDX_10'/>
				<IndexedFaceSet coordIndex='0 1 2 3 -1'>
					<Coordinate point='0.453269 -0.311523 0.000489 0.461269 -0.299551 0.000439 0.615033 -0.399257 0.007791 0.604297 -0.415234 0.008689'/>
				</IndexedFaceSet>
			</Shape>
			<Shape DEF='_IDX_225'>
				<Appearance USE='Material_9_IDX_9'/>
				<IndexedFaceSet coordIndex='0 1 2 3 -1'>
					<Coordinate point='0.302180 -0.207682 0.000008 0.307513 -0.199701 0.000008 0.461269 -0.299551 0.000439 0.453269 -0.311523 0.000489'/>
				</IndexedFaceSet>
			</Shape>
			<Shape DEF='_IDX_226'>
				<Appearance USE='Material_8_IDX_8'/>
				<IndexedFaceSet coordIndex='0 1 2 3 -1'>
					<Coordinate point='0.151090 -0.103841 0.000000 0.153756 -0.099850 0.000000 0.307513 -0.199701 0.000008 0.302180 -0.207682 0.000008'/>
				</IndexedFaceSet>
			</Shape>
			<Shape DEF='_IDX_227'>
				<Appearance USE='Material_7_IDX_7'/>
				<IndexedFaceSet coordIndex='0 1 2 3 -1'>
					<Coordinate point='0.000000 0.000000 0.000000 0.000000 0.000000 0.000000 0.153756 -0.099850 0.000000 0.151090 -0.103841 0.000000'/>
				</IndexedFaceSet>
			</Shape>
			<Shape DEF='_IDX_228'>
				<Appearance USE='Material_18_IDX_18'/>
				<IndexedFaceSet coordIndex='0 1 2 3 -1'>
					<Coordinate point='0.769309 -0.489191 0.072556 0.786851 -0.470366 0.059242 1.106091 -0.300292 0.366811 0.939384 -0.277654 0.449249'/>
				</IndexedFaceSet>
			</Shape>
			<Shape DEF='_IDX_229'>
				<Appearance USE='Material_17_IDX_17'/>
				<IndexedFaceSet coordIndex='0 1 2 3 -1'>
					<Coordinate point='0.615033 -0.399257 0.007791 0.625345 -0.383042 0.006361 0.786851 -0.470366 0.059242 0.769309 -0.489191 0.072556'/>
				</IndexedFaceSet>
			</Shape>
			<Shape DEF='_IDX_230'>
				<Appearance USE='Material_16_IDX_16'/>
				<IndexedFaceSet coordIndex='0 1 2 3 -1'>
					<Coordinate point='0.461269 -0.299551 0.000439 0.468952 -0.287374 0.000358 0.625345 -0.383042 0.006361 0.615033 -0.399257 0.007791'/>
				</IndexedFaceSet>
			</Shape>
			<Shape DEF='_IDX_231'>
				<Appearance USE='Material_15_IDX_15'/>
				<IndexedFaceSet coordIndex='0 1 2 3 -1'>
					<Coordinate point='0.307513 -0.199701 0.000008 0.312635 -0.191583 0.000006 0.468952 -0.287374 0.000358 0.461269 -0.299551 0.000439'/>
				</IndexedFaceSet>
			</Shape>
			<Shape DEF='_IDX_232'>
				<Appearance USE='Material_14_IDX_14'/>
				<IndexedFaceSet coordIndex='0 1 2 3 -1'>
					<Coordinate point='0.153756 -0.099850 0.000000 0.156317 -0.095791 0.000000 0.312635 -0.191583 0.000006 0.307513 -0.199701 0.000008'/>
				</IndexedFaceSet>
			</Shape>
			<Shape DEF='_IDX_233'>
				<Appearance USE='Material_13_IDX_13'/>
				<IndexedFaceSet coordIndex='0 1 2 3 -1'>
					<Coordinate point='0.000000 0.000000 0.000000 0.000000 0.000000 0.000000 0.156317 -0.095791 0.000000 0.153756 -0.099850 0.000000'/>
				</IndexedFaceSet>
			</Shape>
			<Shape DEF='_IDX_234'>
				<Appearance USE='Material_24_IDX_24'/>
				<IndexedFaceSet coordIndex='0 1 2 3 -1'>
					<Coordinate point='0.786851 -0.470366 0.059242 0.802582 -0.453296 0.041890 1.231393 -0.389055 0.259374 1.106091 -0.300292 0.366811'/>
				</IndexedFaceSet>
			</Shape>
			<Shape DEF='_IDX_235'>
				<Appearance USE='Material_23_IDX_23'/>
				<IndexedFaceSet coordIndex='0 1 2 3 -1'>
					<Coordinate point='0.625345 -0.383042 0.006361 0.635211 -0.366594 0.004498 0.802582 -0.453296 0.041890 0.786851 -0.470366 0.059242'/>
				</IndexedFaceSet>
			</Shape>
			<Shape DEF='_IDX_236'>
				<Appearance USE='Material_22_IDX_22'/>
				<IndexedFaceSet coordIndex='0 1 2 3 -1'>
					<Coordinate point='0.468952 -0.287374 0.000358 0.476315 -0.275000 0.000253 0.635211 -0.366594 0.004498 0.625345 -0.383042 0.006361'/>
				</IndexedFaceSet>
			</Shape>
			<Shape DEF='_IDX_237'>
				<Appearance USE='Material_21_IDX_21'/>
				<IndexedFaceSet coordIndex='0 1 2 3 -1'>
					<Coordinate point='0.312635 -0.191583 0.000006 0.317543 -0.183333 0.000004 0.476315 -0.275000 0.000253 0.468952 -0.287374 0.000358'/>
				</IndexedFaceSet>
			</Shape>
			<Shape DEF='_IDX_238'>
				<Appearance USE='Material_20_IDX_20'/>
				<IndexedFaceSet coordIndex='0 1 2 3 -1'>
					<Coordinate point='0.156317 -0.095791 0.000000 0.158771 -0.091667 0.000000 0.317543 -0.183333 0.000004 0.312635 -0.191583 0.000006'/>
				</IndexedFaceSet>
			</Shape>
			<Shape DEF='_IDX_239'>
				<Appearance USE='Material_19_IDX_19'/>
				<IndexedFaceSet coordIndex='0 1 2 3 -1'>
					<Coordinate point='0.000000 0.000000 0.000000 0.000000 0.000000 0.000000 0.158771 -0.091667 0.000000 0.156317 -0.095791 0.000000'/>
				</IndexedFaceSet>
			</Shape>
			<Shape DEF='_IDX_240'>
				<Appearance USE='Material_30_IDX_30'/>
				<IndexedFaceSet coordIndex='0 1 2 3 -1'>
					<Coordinate point='0.802582 -0.453296 0.041890 0.815654 -0.437132 0.021684 1.288478 -0.516449 0.134262 1.231393 -0.389055 0.259374'/>
				</IndexedFaceSet>
			</Shape>
			<Shape DEF='_IDX_241'>
				<Appearance USE='Material_29_IDX_29'/>
				<IndexedFaceSet coordIndex='0 1 2 3 -1'>
					<Coordinate point='0.635211 -0.366594 0.004498 0.644611 -0.349913 0.002328 0.815654 -0.437132 0.021684 0.802582 -0.453296 0.041890'/>
				</IndexedFaceSet>
			</Shape>
			<Shape DEF='_IDX_242'>
				<Appearance USE='Material_28_IDX_28'/>
				<IndexedFaceSet coordIndex='0 1 2 3 -1'>
					<Coordinate point='0.476315 -0.275000 0.000253 0.483350 -0.262437 0.000131 0.644611 -0.349913 0.002328 0.635211 -0.366594 0.004498'/>
				</IndexedFaceSet>
			</Shape>
			<Shape DEF='_IDX_243'>
				<Appearance USE='Material_27_IDX_27'/>
				<IndexedFaceSet coordIndex='0 1 2 3 -1'>
					<Coordinate point='0.317543 -0.183333 0.000004 0.322233 -0.174958 0.000002 0.483350 -0.262437 0.000131 0.476315 -0.275000 0.000253'/>
				</IndexedFaceSet>
			</Shape>
			<Shape DEF='_IDX_244'>
				<Appearance USE='Material_26_IDX_26'/>
				<IndexedFaceSet coordIndex='0 1 2 3 -1'>
					<Coordinate point='0.158771 -0.091667 0.000000 0.161116 -0.087479 0.000000 0.322233 -0.174958 0.000002 0.317543 -0.183333 0.000004'/>
				</IndexedFaceSet>
			</Shape>
			<Shape DEF='_IDX_245'>
				<Appearance USE='Material_25_IDX_25'/>
				<IndexedFaceSet coordIndex='0 1 2 3 -1'>
					<Coordinate point='0.000000 0.000000 0.000000 0.000000 0.000000 0.000000 0.161116 -0.087479 0.000000 0.158771 -0.091667 0.000000'/>
				</IndexedFaceSet>
			</Shape>
			<Shape DEF='_IDX_246'>
				<Appearance USE='Material_36_IDX_36'/>
				<IndexedFaceSet coordIndex='0 1 2 3 -1'>
					<Coordinate point='0.815654 -0.437132 0.021684 0.825733 -0.420732 0.000000 1.266913 -0.645525 -0.000000 1.288478 -0.516449 0.134262'/>
				</IndexedFaceSet>
			</Shape>
			<Shape DEF='_IDX_247'>
				<Appearance USE='Material_35_IDX_35'/>
				<IndexedFaceSet coordIndex='0 1 2 3 -1'>
					<Coordinate point='0.644611 -0.349913 0.002328 0.653534 -0.332992 0.000000 0.825733 -0.420732 0.000000 0.815654 -0.437132 0.021684'/>
				</IndexedFaceSet>
			</Shape>
			<Shape DEF='_IDX_248'>
				<Appearance USE='Material_34_IDX_34'/>
				<IndexedFaceSet coordIndex='0 1 2 3 -1'>
					<Coordinate point='0.483350 -0.262437 0.000131 0.490054 -0.249695 -0.000000 0.653534 -0.332992 0.000000 0.644611 -0.349913 0.002328'/>
				</IndexedFaceSet>
			</Shape>
			<Shape DEF='_IDX_249'>
				<Appearance USE='Material_33_IDX_33'/>
				<IndexedFaceSet coordIndex='0 1 2 3 -1'>
					<Coordinate point='0.322233 -0.174958 0.000002 0.326702 -0.166463 0.000000 0.490054 -0.249695 -0.000000 0.483350 -0.262437 0.000131'/>
				</IndexedFaceSet>
			</Shape>
			<Shape DEF='_IDX_250'>
				<Appearance USE='Material_32_IDX_32'/>
				<IndexedFaceSet coordIndex='0 1 2 3 -1'>
					<Coordinate point='0.161116 -0.087479 0.000000 0.163351 -0.083232 0.000000 0.326702 -0.166463 0.000000 0.322233 -0.174958 0.000002'/>
				</IndexedFaceSet>
			</Shape>
			<Shape DEF='_IDX_251'>
				<Appearance USE='Material_31_IDX_31'/>
				<IndexedFaceSet coordIndex='0 1 2 3 -1'>
					<Coordinate point='0.000000 0.000000 0.000000 0.000000 0.000000 0.000000 0.163351 -0.083232 0.000000 0.161116 -0.087479 0.000000'/>
				</IndexedFaceSet>
			</Shape>
			<Shape DEF='_IDX_252'>
				<Appearance USE='Material_42_IDX_42'/>
				<IndexedFaceSet coordIndex='0 1 2 3 -1'>
					<Coordinate point='0.174360 -0.056653 -0.000000 0.172818 -0.061198 -0.000000 0.000000 0.000000 0.000000 0.000000 0.000000 0.000000'/>
				</IndexedFaceSet>
			</Shape>
			<Shape DEF='_IDX_253'>
				<Appearance USE='Material_41_IDX_41'/>
				<IndexedFaceSet coordIndex='0 1 2 3 -1'>
					<Coordinate point='0.348721 -0.113306 -0.000009 0.345635 -0.122396 -0.000008 0.172818 -0.061198 -0.000000 0.174360 -0.056653 -0.000000'/>
				</IndexedFaceSet>
			</Shape>
			<Shape DEF='_IDX_254'>
				<Appearance USE='Material_40_IDX_40'/>
				<IndexedFaceSet coordIndex='0 1 2 3 -1'>
					<Coordinate point='0.523081 -0.169959 -0.000507 0.518452 -0.183594 -0.000489 0.345635 -0.122396 -0.000008 0.348721 -0.113306 -0.000009'/>
				</IndexedFaceSet>
			</Shape>
			<Shape DEF='_IDX_255'>
				<Appearance USE='Material_39_IDX_39'/>
				<IndexedFaceSet coordIndex='0 1 2 3 -1'>
					<Coordinate point='0.697303 -0.226568 -0.008996 0.691128 -0.244818 -0.008689 0.518452 -0.183594 -0.000489 0.523081 -0.169959 -0.000507'/>
				</IndexedFaceSet>
			</Shape>
			<Shape DEF='_IDX_256'>
				<Appearance USE='Material_38_IDX_38'/>
				<IndexedFaceSet coordIndex='0 1 2 3 -1'>
					<Coordinate point='0.862220 -0.280152 -0.083781 0.854181 -0.307826 -0.080926 0.691128 -0.244818 -0.008689 0.697303 -0.226568 -0.008996'/>
				</IndexedFaceSet>
			</Shape>
			<Shape DEF='_IDX_257'>
				<Appearance USE='Material_75_IDX_75'/>
				<IndexedFaceSet coordIndex='0 1 2 3 -1'>
					<Coordinate point='0.740027 -0.240449 -0.518749 0.720406 -0.425847 -0.501073 0.854181 -0.307826 -0.080926 0.862220 -0.280152 -0.083781'/>
				</IndexedFaceSet>
			</Shape>
			<Shape DEF='_IDX_258'>
				<Appearance USE='Material_48_IDX_48'/>
				<IndexedFaceSet coordIndex='0 1 2 3 -1'>
					<Coordinate point='0.172818 -0.061198 -0.000000 0.171156 -0.065701 -0.000000 0.000000 0.000000 0.000000 0.000000 0.000000 0.000000'/>
				</IndexedFaceSet>
			</Shape>
			<Shape DEF='_IDX_259'>
				<Appearance USE='Material_47_IDX_47'/>
				<IndexedFaceSet coordIndex='0 1 2 3 -1'>
					<Coordinate point='0.345635 -0.122396 -0.000008 0.342313 -0.131402 -0.000008 0.171156 -0.065701 -0.000000 0.172818 -0.061198 -0.000000'/>
				</IndexedFaceSet>
			</Shape>
			<Shape DEF='_IDX_260'>
				<Appearance USE='Material_46_IDX_46'/>
				<IndexedFaceSet coordIndex='0 1 2 3 -1'>
					<Coordinate point='0.518452 -0.183594 -0.000489 0.513469 -0.197103 -0.000439 0.342313 -0.131402 -0.000008 0.345635 -0.122396 -0.000008'/>
				</IndexedFaceSet>
			</Shape>
			<Shape DEF='_IDX_261'>
				<Appearance USE='Material_45_IDX_45'/>
				<IndexedFaceSet coordIndex='0 1 2 3 -1'>
					<Coordinate point='0.691128 -0.244818 -0.008689 0.684513 -0.262895 -0.007791 0.513469 -0.197103 -0.000439 0.518452 -0.183594 -0.000489'/>
				</IndexedFaceSet>
			</Shape>
			<Shape DEF='_IDX_262'>
				<Appearance USE='Material_44_IDX_44'/>
				<IndexedFaceSet coordIndex='0 1 2 3 -1'>
					<Coordinate point='0.854181 -0.307826 -0.080926 0.847952 -0.334845 -0.072556 0.684513 -0.262895 -0.007791 0.691128 -0.244818 -0.008689'/>
				</IndexedFaceSet>
			</Shape>
			<Shape DEF='_IDX_263'>
				<Appearance USE='Material_76_IDX_76'/>
				<IndexedFaceSet coordIndex='0 1 2 3 -1'>
					<Coordinate point='0.720406 -0.425847 -0.501073 0.776783 -0.596777 -0.449249 0.847952 -0.334845 -0.072556 0.854181 -0.307826 -0.080926'/>
				</IndexedFaceSet>
			</Shape>
			<Shape DEF='_IDX_264'>
				<Appearance USE='Material_54_IDX_54'/>
				<IndexedFaceSet coordIndex='0 1 2 3 -1'>
					<Coordinate point='0.171156 -0.065701 -0.000000 0.169378 -0.070159 -0.000000 0.000000 0.000000 0.000000 0.000000 0.000000 0.000000'/>
				</IndexedFaceSet>
			</Shape>
			<Shape DEF='_IDX_265'>
				<Appearance USE='Material_53_IDX_53'/>
				<IndexedFaceSet coordIndex='0 1 2 3 -1'>
					<Coordinate point='0.342313 -0.131402 -0.000008 0.338756 -0.140317 -0.000006 0.169378 -0.070159 -0.000000 0.171156 -0.065701 -0.000000'/>
				</IndexedFaceSet>
			</Shape>
			<Shape DEF='_IDX_266'>
				<Appearance USE='Material_52_IDX_52'/>
				<IndexedFaceSet coordIndex='0 1 2 3 -1'>
					<Coordinate point='0.513469 -0.197103 -0.000439 0.508134 -0.210476 -0.000358 0.338756 -0.140317 -0.000006 0.342313 -0.131402 -0.000008'/>
				</IndexedFaceSet>
			</Shape>
			<Shape DEF='_IDX_267'>
				<Appearance USE='Material_51_IDX_51'/>
				<IndexedFaceSet coordIndex='0 1 2 3 -1'>
					<Coordinate point='0.684513 -0.262895 -0.007791 0.677456 -0.280769 -0.006361 0.508134 -0.210476 -0.000358 0.513469 -0.197103 -0.000439'/>
				</IndexedFaceSet>
			</Shape>
			<Shape DEF='_IDX_268'>
				<Appearance USE='Material_50_IDX_50'/>
				<IndexedFaceSet coordIndex='0 1 2 3 -1'>
					<Coordinate point='0.847952 -0.334845 -0.072556 0.843034 -0.360102 -0.059242 0.677456 -0.280769 -0.006361 0.684513 -0.262895 -0.007791'/>
				</IndexedFaceSet>
			</Shape>
			<Shape DEF='_IDX_269'>
				<Appearance USE='Material_49_IDX_49'/>
				<IndexedFaceSet coordIndex='0 1 2 3 -1'>
					<Coordinate point='0.776783 -0.596777 -0.449249 0.893086 -0.718339 -0.366811 0.843034 -0.360102 -0.059242 0.847952 -0.334845 -0.072556'/>
				</IndexedFaceSet>
			</Shape>
			<Shape DEF='_IDX_270'>
				<Appearance USE='Material_60_IDX_60'/>
				<IndexedFaceSet coordIndex='0 1 2 3 -1'>
					<Coordinate point='0.169378 -0.070159 -0.000000 0.167483 -0.074568 -0.000000 0.000000 0.000000 0.000000 0.000000 0.000000 0.000000'/>
				</IndexedFaceSet>
			</Shape>
			<Shape DEF='_IDX_271'>
				<Appearance USE='Material_59_IDX_59'/>
				<IndexedFaceSet coordIndex='0 1 2 3 -1'>
					<Coordinate point='0.338756 -0.140317 -0.000006 0.334967 -0.149137 -0.000004 0.167483 -0.074568 -0.000000 0.169378 -0.070159 -0.000000'/>
				</IndexedFaceSet>
			</Shape>
			<Shape DEF='_IDX_272'>
				<Appearance USE='Material_58_IDX_58'/>
				<IndexedFaceSet coordIndex='0 1 2 3 -1'>
					<Coordinate point='0.508134 -0.210476 -0.000358 0.502450 -0.223706 -0.000253 0.334967 -0.149137 -0.000004 0.338756 -0.140317 -0.000006'/>
				</IndexedFaceSet>
			</Shape>
			<Shape DEF='_IDX_273'>
				<Appearance USE='Material_57_IDX_57'/>
				<IndexedFaceSet coordIndex='0 1 2 3 -1'>
					<Coordinate point='0.677456 -0.280769 -0.006361 0.669949 -0.298418 -0.004498 0.502450 -0.223706 -0.000253 0.508134 -0.210476 -0.000358'/>
				</IndexedFaceSet>
			</Shape>
			<Shape DEF='_IDX_274'>
				<Appearance USE='Material_56_IDX_56'/>
				<IndexedFaceSet coordIndex='0 1 2 3 -1'>
					<Coordinate point='0.843034 -0.360102 -0.059242 0.838470 -0.382862 -0.041890 0.669949 -0.298418 -0.004498 0.677456 -0.280769 -0.006361'/>
				</IndexedFaceSet>
			</Shape>
			<Shape DEF='_IDX_275'>
				<Appearance USE='Material_55_IDX_55'/>
				<IndexedFaceSet coordIndex='0 1 2 3 -1'>
					<Coordinate point='0.893086 -0.718339 -0.366811 1.038547 -0.767537 -0.259374 0.838470 -0.382862 -0.041890 0.843034 -0.360102 -0.059242'/>
				</IndexedFaceSet>
			</Shape>
			<Shape DEF='_IDX_276'>
				<Appearance USE='Material_66_IDX_66'/>
				<IndexedFaceSet coordIndex='0 1 2 3 -1'>
					<Coordinate point='0.167483 -0.074568 -0.000000 0.165474 -0.078927 -0.000000 0.000000 0.000000 0.000000 0.000000 0.000000 0.000000'/>
				</IndexedFaceSet>
			</Shape>
			<Shape DEF='_IDX_277'>
				<Appearance USE='Material_65_IDX_65'/>
				<IndexedFaceSet coordIndex='0 1 2 3 -1'>
					<Coordinate point='0.334967 -0.149137 -0.000004 0.330948 -0.157854 -0.000002 0.165474 -0.078927 -0.000000 0.167483 -0.074568 -0.000000'/>
				</IndexedFaceSet>
			</Shape>
			<Shape DEF='_IDX_278'>
				<Appearance USE='Material_64_IDX_64'/>
				<IndexedFaceSet coordIndex='0 1 2 3 -1'>
					<Coordinate point='0.502450 -0.223706 -0.000253 0.496422 -0.236782 -0.000131 0.330948 -0.157854 -0.000002 0.334967 -0.149137 -0.000004'/>
				</IndexedFaceSet>
			</Shape>
			<Shape DEF='_IDX_279'>
				<Appearance USE='Material_63_IDX_63'/>
				<IndexedFaceSet coordIndex='0 1 2 3 -1'>
					<Coordinate point='0.669949 -0.298418 -0.004498 0.661978 -0.315828 -0.002328 0.496422 -0.236782 -0.000131 0.502450 -0.223706 -0.000253'/>
				</IndexedFaceSet>
			</Shape>
			<Shape DEF='_IDX_280'>
				<Appearance USE='Material_62_IDX_62'/>
				<IndexedFaceSet coordIndex='0 1 2 3 -1'>
					<Coordinate point='0.838470 -0.382862 -0.041890 0.833077 -0.402939 -0.021684 0.661978 -0.315828 -0.002328 0.669949 -0.298418 -0.004498'/>
				</IndexedFaceSet>
			</Shape>
			<Shape DEF='_IDX_281'>
				<Appearance USE='Material_61_IDX_61'/>
				<IndexedFaceSet coordIndex='0 1 2 3 -1'>
					<Coordinate point='1.038547 -0.767537 -0.259374 1.175164 -0.738840 -0.134262 0.833077 -0.402939 -0.021684 0.838470 -0.382862 -0.041890'/>
				</IndexedFaceSet>
			</Shape>
			<Shape DEF='_IDX_282'>
				<Appearance USE='Material_72_IDX_72'/>
				<IndexedFaceSet coordIndex='0 1 2 3 -1'>
					<Coordinate point='0.165474 -0.078927 -0.000000 0.163351 -0.083232 -0.000000 0.000000 0.000000 0.000000 0.000000 0.000000 0.000000'/>
				</IndexedFaceSet>
			</Shape>
			<Shape DEF='_IDX_283'>
				<Appearance USE='Material_71_IDX_71'/>
				<IndexedFaceSet coordIndex='0 1 2 3 -1'>
					<Coordinate point='0.330948 -0.157854 -0.000002 0.326702 -0.166463 -0.000000 0.163351 -0.083232 -0.000000 0.165474 -0.078927 -0.000000'/>
				</IndexedFaceSet>
			</Shape>
			<Shape DEF='_IDX_284'>
				<Appearance USE='Material_70_IDX_70'/>
				<IndexedFaceSet coordIndex='0 1 2 3 -1'>
					<Coordinate point='0.496422 -0.236782 -0.000131 0.490054 -0.249695 -0.000000 0.326702 -0.166463 -0.000000 0.330948 -0.157854 -0.000002'/>
				</IndexedFaceSet>
			</Shape>
			<Shape DEF='_IDX_285'>
				<Appearance USE='Material_69_IDX_69'/>
				<IndexedFaceSet coordIndex='0 1 2 3 -1'>
					<Coordinate point='0.661978 -0.315828 -0.002328 0.653534 -0.332992 -0.000000 0.490054 -0.249695 -0.000000 0.496422 -0.236782 -0.000131'/>
				</IndexedFaceSet>
			</Shape>
			<Shape DEF='_IDX_286'>
				<Appearance USE='Material_68_IDX_68'/>
				<IndexedFaceSet coordIndex='0 1 2 3 -1'>
					<Coordinate point='0.833077 -0.402939 -0.021684 0.825733 -0.420732 -0.000000 0.653534 -0.332992 -0.000000 0.661978 -0.315828 -0.002328'/>
				</IndexedFaceSet>
			</Shape>
			<Shape DEF='_IDX_287'>
				<Appearance USE='Material_67_IDX_67'/>
				<IndexedFaceSet coordIndex='0 1 2 3 -1'>
					<Coordinate point='1.175164 -0.738840 -0.134262 1.266913 -0.645525 -0.000000 0.825733 -0.420732 -0.000000 0.833077 -0.402939 -0.021684'/>
				</IndexedFaceSet>
			</Shape>
			<Shape DEF='_IDX_288'>
				<Appearance USE='Material_1_IDX_1'/>
				<IndexedFaceSet coordIndex='0 1 2 3 -1'>
					<Coordinate point='0.056653 -0.174360 0.000000 0.052069 -0.175784 0.000000 0.000000 0.000000 0.000000 0.000000 0.000000 0.000000'/>
				</IndexedFaceSet>
			</Shape>
			<Shape DEF='_IDX_289'>
				<Appearance USE='Material_2_IDX_2'/>
				<IndexedFaceSet coordIndex='0 1 2 3 -1'>
					<Coordinate point='0.113306 -0.348721 0.000009 0.104139 -0.351567 0.000008 0.052069 -0.175784 0.000000 0.056653 -0.174360 0.000000'/>
				</IndexedFaceSet>
			</Shape>
			<Shape DEF='_IDX_290'>
				<Appearance USE='Material_3_IDX_3'/>
				<IndexedFaceSet coordIndex='0 1 2 3 -1'>
					<Coordinate point='0.169959 -0.523081 0.000507 0.156208 -0.527350 0.000489 0.104139 -0.351567 0.000008 0.113306 -0.348721 0.000009'/>
				</IndexedFaceSet>
			</Shape>
			<Shape DEF='_IDX_291'>
				<Appearance USE='Material_4_IDX_4'/>
				<IndexedFaceSet coordIndex='0 1 2 3 -1'>
					<Coordinate point='0.226568 -0.697303 0.008996 0.208173 -0.703035 0.008689 0.156208 -0.527350 0.000489 0.169959 -0.523081 0.000507'/>
				</IndexedFaceSet>
			</Shape>
			<Shape DEF='_IDX_292'>
				<Appearance USE='Material_5_IDX_5'/>
				<IndexedFaceSet coordIndex='0 1 2 3 -1'>
					<Coordinate point='0.280152 -0.862220 0.083781 0.253039 -0.871983 0.080926 0.208173 -0.703035 0.008689 0.226568 -0.697303 0.008996'/>
				</IndexedFaceSet>
			</Shape>
			<Shape DEF='_IDX_293'>
				<Appearance USE='Material_6_IDX_6'/>
				<IndexedFaceSet coordIndex='0 1 2 3 -1'>
					<Coordinate point='0.240449 -0.740027 0.518749 0.078926 -0.833127 0.501073 0.253039 -0.871983 0.080926 0.280152 -0.862220 0.083781'/>
				</IndexedFaceSet>
			</Shape>
			<Shape DEF='_IDX_294'>
				<Appearance USE='Material_7_IDX_7'/>
				<IndexedFaceSet coordIndex='0 1 2 3 -1'>
					<Coordinate point='0.052069 -0.175784 0.000000 0.047450 -0.177086 0.000000 0.000000 0.000000 0.000000 0.000000 0.000000 0.000000'/>
				</IndexedFaceSet>
			</Shape>
			<Shape DEF='_IDX_295'>
				<Appearance USE='Material_8_IDX_8'/>
				<IndexedFaceSet coordIndex='0 1 2 3 -1'>
					<Coordinate point='0.104139 -0.351567 0.000008 0.094900 -0.354173 0.000008 0.047450 -0.177086 0.000000 0.052069 -0.175784 0.000000'/>
				</IndexedFaceSet>
			</Shape>
			<Shape DEF='_IDX_296'>
				<Appearance USE='Material_9_IDX_9'/>
				<IndexedFaceSet coordIndex='0 1 2 3 -1'>
					<Coordinate point='0.156208 -0.527350 0.000489 0.142350 -0.531259 0.000439 0.094900 -0.354173 0.000008 0.104139 -0.351567 0.000008'/>
				</IndexedFaceSet>
			</Shape>
			<Shape DEF='_IDX_297'>
				<Appearance USE='Material_10_IDX_10'/>
				<IndexedFaceSet coordIndex='0 1 2 3 -1'>
					<Coordinate point='0.208173 -0.703035 0.008689 0.189660 -0.708308 0.007791 0.142350 -0.531259 0.000439 0.156208 -0.527350 0.000489'/>
				</IndexedFaceSet>
			</Shape>
			<Shape DEF='_IDX_298'>
				<Appearance USE='Material_11_IDX_11'/>
				<IndexedFaceSet coordIndex='0 1 2 3 -1'>
					<Coordinate point='0.253039 -0.871983 0.080926 0.227519 -0.882824 0.072556 0.189660 -0.708308 0.007791 0.208173 -0.703035 0.008689'/>
				</IndexedFaceSet>
			</Shape>
			<Shape DEF='_IDX_299'>
				<Appearance USE='Material_12_IDX_12'/>
				<IndexedFaceSet coordIndex='0 1 2 3 -1'>
					<Coordinate point='0.078926 -0.833127 0.501073 -0.026221 -0.979207 0.449249 0.227519 -0.882824 0.072556 0.253039 -0.871983 0.080926'/>
				</IndexedFaceSet>
			</Shape>
			<Shape DEF='_IDX_300'>
				<Appearance USE='Material_13_IDX_13'/>
				<IndexedFaceSet coordIndex='0 1 2 3 -1'>
					<Coordinate point='0.047450 -0.177086 0.000000 0.042798 -0.178268 0.000000 0.000000 0.000000 0.000000 0.000000 0.000000 0.000000'/>
				</IndexedFaceSet>
			</Shape>
			<Shape DEF='_IDX_301'>
				<Appearance USE='Material_14_IDX_14'/>
				<IndexedFaceSet coordIndex='0 1 2 3 -1'>
					<Coordinate point='0.094900 -0.354173 0.000008 0.085597 -0.356536 0.000006 0.042798 -0.178268 0.000000 0.047450 -0.177086 0.000000'/>
				</IndexedFaceSet>
			</Shape>
			<Shape DEF='_IDX_302'>
				<Appearance USE='Material_15_IDX_15'/>
				<IndexedFaceSet coordIndex='0 1 2 3 -1'>
					<Coordinate point='0.142350 -0.531259 0.000439 0.128394 -0.534804 0.000358 0.085597 -0.356536 0.000006 0.094900 -0.354173 0.000008'/>
				</IndexedFaceSet>
			</Shape>
			<Shape DEF='_IDX_303'>
				<Appearance USE='Material_16_IDX_16'/>
				<IndexedFaceSet coordIndex='0 1 2 3 -1'>
					<Coordinate point='0.189660 -0.708308 0.007791 0.171052 -0.713105 0.006361 0.128394 -0.534804 0.000358 0.142350 -0.531259 0.000439'/>
				</IndexedFaceSet>
			</Shape>
			<Shape DEF='_IDX_304'>
				<Appearance USE='Material_17_IDX_17'/>
				<IndexedFaceSet coordIndex='0 1 2 3 -1'>
					<Coordinate point='0.227519 -0.882824 0.072556 0.204195 -0.893691 0.059242 0.171052 -0.713105 0.006361 0.189660 -0.708308 0.007791'/>
				</IndexedFaceSet>
			</Shape>
			<Shape DEF='_IDX_305'>
				<Appearance USE='Material_18_IDX_18'/>
				<IndexedFaceSet coordIndex='0 1 2 3 -1'>
					<Coordinate point='-0.026221 -0.979207 0.449249 -0.056206 -1.144751 0.366811 0.204195 -0.893691 0.059242 0.227519 -0.882824 0.072556'/>
				</IndexedFaceSet>
			</Shape>
			<Shape DEF='_IDX_306'>
				<Appearance USE='Material_19_IDX_19'/>
				<IndexedFaceSet coordIndex='0 1 2 3 -1'>
					<Coordinate point='0.042798 -0.178268 0.000000 0.038117 -0.179327 0.000000 0.000000 0.000000 0.000000 0.000000 0.000000 0.000000'/>
				</IndexedFaceSet>
			</Shape>
			<Shape DEF='_IDX_307'>
				<Appearance USE='Material_20_IDX_20'/>
				<IndexedFaceSet coordIndex='0 1 2 3 -1'>
					<Coordinate point='0.085597 -0.356536 0.000006 0.076234 -0.358654 0.000004 0.038117 -0.179327 0.000000 0.042798 -0.178268 0.000000'/>
				</IndexedFaceSet>
			</Shape>
			<Shape DEF='_IDX_308'>
				<Appearance USE='Material_21_IDX_21'/>
				<IndexedFaceSet coordIndex='0 1 2 3 -1'>
					<Coordinate point='0.128394 -0.534804 0.000358 0.114351 -0.537982 0.000253 0.076234 -0.358654 0.000004 0.085597 -0.356536 0.000006'/>
				</IndexedFaceSet>
			</Shape>
			<Shape DEF='_IDX_309'>
				<Appearance USE='Material_22_IDX_22'/>
				<IndexedFaceSet coordIndex='0 1 2 3 -1'>
					<Coordinate point='0.171052 -0.713105 0.006361 0.152361 -0.717405 0.004498 0.114351 -0.537982 0.000253 0.128394 -0.534804 0.000358'/>
				</IndexedFaceSet>
			</Shape>
			<Shape DEF='_IDX_310'>
				<Appearance USE='Material_23_IDX_23'/>
				<IndexedFaceSet coordIndex='0 1 2 3 -1'>
					<Coordinate point='0.204195 -0.893691 0.059242 0.183098 -0.903377 0.041890 0.152361 -0.717405 0.004498 0.171052 -0.713105 0.006361'/>
				</IndexedFaceSet>
			</Shape>
			<Shape DEF='_IDX_311'>
				<Appearance USE='Material_24_IDX_24'/>
				<IndexedFaceSet coordIndex='0 1 2 3 -1'>
					<Coordinate point='-0.056206 -1.144751 0.366811 -0.010508 -1.291349 0.259374 0.183098 -0.903377 0.041890 0.204195 -0.893691 0.059242'/>
				</IndexedFaceSet>
			</Shape>
			<Shape DEF='_IDX_312'>
				<Appearance USE='Material_25_IDX_25'/>
				<IndexedFaceSet coordIndex='0 1 2 3 -1'>
					<Coordinate point='0.038117 -0.179327 0.000000 0.033410 -0.180263 0.000000 0.000000 0.000000 0.000000 0.000000 0.000000 0.000000'/>
				</IndexedFaceSet>
			</Shape>
			<Shape DEF='_IDX_313'>
				<Appearance USE='Material_26_IDX_26'/>
				<IndexedFaceSet coordIndex='0 1 2 3 -1'>
					<Coordinate point='0.076234 -0.358654 0.000004 0.066820 -0.360527 0.000002 0.033410 -0.180263 0.000000 0.038117 -0.179327 0.000000'/>
				</IndexedFaceSet>
			</Shape>
			<Shape DEF='_IDX_314'>
				<Appearance USE='Material_27_IDX_27'/>
				<IndexedFaceSet coordIndex='0 1 2 3 -1'>
					<Coordinate point='0.114351 -0.537982 0.000253 0.100229 -0.540791 0.000131 0.066820 -0.360527 0.000002 0.076234 -0.358654 0.000004'/>
				</IndexedFaceSet>
			</Shape>
			<Shape DEF='_IDX_315'>
				<Appearance USE='Material_28_IDX_28'/>
				<IndexedFaceSet coordIndex='0 1 2 3 -1'>
					<Coordinate point='0.152361 -0.717405 0.004498 0.133591 -0.721190 0.002328 0.100229 -0.540791 0.000131 0.114351 -0.537982 0.000253'/>
				</IndexedFaceSet>
			</Shape>
			<Shape DEF='_IDX_316'>
				<Appearance USE='Material_29_IDX_29'/>
				<IndexedFaceSet coordIndex='0 1 2 3 -1'>
					<Coordinate point='0.183098 -0.903377 0.041890 0.163686 -0.910815 0.021684 0.133591 -0.721190 0.002328 0.152361 -0.717405 0.004498'/>
				</IndexedFaceSet>
			</Shape>
			<Shape DEF='_IDX_317'>
				<Appearance USE='Material_30_IDX_30'/>
				<IndexedFaceSet coordIndex='0 1 2 3 -1'>
					<Coordinate point='-0.010508 -1.291349 0.259374 0.093010 -1.385007 0.134262 0.163686 -0.910815 0.021684 0.183098 -0.903377 0.041890'/>
				</IndexedFaceSet>
			</Shape>
			<Shape DEF='_IDX_318'>
				<Appearance USE='Material_31_IDX_31'/>
				<IndexedFaceSet coordIndex='0 1 2 3 -1'>
					<Coordinate point='0.033410 -0.180263 0.000000 0.028680 -0.181076 0.000000 0.000000 0.000000 0.000000 0.000000 0.000000 0.000000'/>
				</IndexedFaceSet>
			</Shape>
			<Shape DEF='_IDX_319'>
				<Appearance USE='Material_32_IDX_32'/>
				<IndexedFaceSet coordIndex='0 1 2 3 -1'>
					<Coordinate point='0.066820 -0.360527 0.000002 0.057359 -0.362152 0.000000 0.028680 -0.181076 0.000000 0.033410 -0.180263 0.000000'/>
				</IndexedFaceSet>
			</Shape>
			<Shape DEF='_IDX_320'>
				<Appearance USE='Material_33_IDX_33'/>
				<IndexedFaceSet coordIndex='0 1 2 3 -1'>
					<Coordinate point='0.100229 -0.540791 0.000131 0.086039 -0.543229 -0.000000 0.057359 -0.362152 0.000000 0.066820 -0.360527 0.000002'/>
				</IndexedFaceSet>
			</Shape>
			<Shape DEF='_IDX_321'>
				<Appearance USE='Material_34_IDX_34'/>
				<IndexedFaceSet coordIndex='0 1 2 3 -1'>
					<Coordinate point='0.133591 -0.721190 0.002328 0.114741 -0.724448 0.000000 0.086039 -0.543229 -0.000000 0.100229 -0.540791 0.000131'/>
				</IndexedFaceSet>
			</Shape>
			<Shape DEF='_IDX_322'>
				<Appearance USE='Material_35_IDX_35'/>
				<IndexedFaceSet coordIndex='0 1 2 3 -1'>
					<Coordinate point='0.163686 -0.910815 0.021684 0.144974 -0.915332 0.000000 0.114741 -0.724448 0.000000 0.133591 -0.721190 0.002328'/>
				</IndexedFaceSet>
			</Shape>
			<Shape DEF='_IDX_323'>
				<Appearance USE='Material_36_IDX_36'/>
				<IndexedFaceSet coordIndex='0 1 2 3 -1'>
					<Coordinate point='0.093010 -1.385007 0.134262 0.222433 -1.404384 -0.000000 0.144974 -0.915332 0.000000 0.163686 -0.910815 0.021684'/>
				</IndexedFaceSet>
			</Shape>
			<Shape DEF='_IDX_324'>
				<Appearance USE='Material_37_IDX_37'/>
				<IndexedFaceSet coordIndex='0 1 2 3 -1'>
					<Coordinate point='0.000000 -0.906591 -0.083781 0.028803 -0.907498 -0.080926 0.182387 -0.816741 -0.501073 0.000000 -0.778110 -0.518749'/>
				</IndexedFaceSet>
			</Shape>
			<Shape DEF='_IDX_325'>
				<Appearance USE='Material_38_IDX_38'/>
				<IndexedFaceSet coordIndex='0 1 2 3 -1'>
					<Coordinate point='0.000000 -0.733188 -0.008996 0.019266 -0.732954 -0.008689 0.028803 -0.907498 -0.080926 0.000000 -0.906591 -0.083781'/>
				</IndexedFaceSet>
			</Shape>
			<Shape DEF='_IDX_326'>
				<Appearance USE='Material_39_IDX_39'/>
				<IndexedFaceSet coordIndex='0 1 2 3 -1'>
					<Coordinate point='0.000000 -0.549999 -0.000507 0.014398 -0.549811 -0.000489 0.019266 -0.732954 -0.008689 0.000000 -0.733188 -0.008996'/>
				</IndexedFaceSet>
			</Shape>
			<Shape DEF='_IDX_327'>
				<Appearance USE='Material_40_IDX_40'/>
				<IndexedFaceSet coordIndex='0 1 2 3 -1'>
					<Coordinate point='0.000000 -0.366667 -0.000009 0.009598 -0.366541 -0.000008 0.014398 -0.549811 -0.000489 0.000000 -0.549999 -0.000507'/>
				</IndexedFaceSet>
			</Shape>
			<Shape DEF='_IDX_328'>
				<Appearance USE='Material_41_IDX_41'/>
				<IndexedFaceSet coordIndex='0 1 2 3 -1'>
					<Coordinate point='0.000000 -0.183333 -0.000000 0.004799 -0.183271 -0.000000 0.009598 -0.366541 -0.000008 0.000000 -0.366667 -0.000009'/>
				</IndexedFaceSet>
			</Shape>
			<Shape DEF='_IDX_329'>
				<Appearance USE='Material_42_IDX_42'/>
				<IndexedFaceSet coordIndex='0 1 2 3 -1'>
					<Coordinate point='0.000000 0.000000 0.000000 0.000000 0.000000 0.000000 0.004799 -0.183271 -0.000000 0.000000 -0.183333 -0.000000'/>
				</IndexedFaceSet>
			</Shape>
			<Shape DEF='_IDX_330'>
				<Appearance USE='Material_43_IDX_43'/>
				<IndexedFaceSet coordIndex='0 1 2 3 -1'>
					<Coordinate point='0.028803 -0.907498 -0.080926 0.056425 -0.909923 -0.072556 0.327529 -0.923179 -0.449249 0.182387 -0.816741 -0.501073'/>
				</IndexedFaceSet>
			</Shape>
			<Shape DEF='_IDX_331'>
				<Appearance USE='Material_44_IDX_44'/>
				<IndexedFaceSet coordIndex='0 1 2 3 -1'>
					<Coordinate point='0.019266 -0.732954 -0.008689 0.038501 -0.732249 -0.007791 0.056425 -0.909923 -0.072556 0.028803 -0.907498 -0.080926'/>
				</IndexedFaceSet>
			</Shape>
			<Shape DEF='_IDX_332'>
				<Appearance USE='Material_45_IDX_45'/>
				<IndexedFaceSet coordIndex='0 1 2 3 -1'>
					<Coordinate point='0.014398 -0.549811 -0.000489 0.028785 -0.549246 -0.000439 0.038501 -0.732249 -0.007791 0.019266 -0.732954 -0.008689'/>
				</IndexedFaceSet>
			</Shape>
			<Shape DEF='_IDX_333'>
				<Appearance USE='Material_46_IDX_46'/>
				<IndexedFaceSet coordIndex='0 1 2 3 -1'>
					<Coordinate point='0.009598 -0.366541 -0.000008 0.019190 -0.366164 -0.000008 0.028785 -0.549246 -0.000439 0.014398 -0.549811 -0.000489'/>
				</IndexedFaceSet>
			</Shape>
			<Shape DEF='_IDX_334'>
				<Appearance USE='Material_47_IDX_47'/>
				<IndexedFaceSet coordIndex='0 1 2 3 -1'>
					<Coordinate point='0.004799 -0.183271 -0.000000 0.009595 -0.183082 -0.000000 0.019190 -0.366164 -0.000008 0.009598 -0.366541 -0.000008'/>
				</IndexedFaceSet>
			</Shape>
			<Shape DEF='_IDX_335'>
				<Appearance USE='Material_48_IDX_48'/>
				<IndexedFaceSet coordIndex='0 1 2 3 -1'>
					<Coordinate point='0.000000 0.000000 0.000000 0.000000 0.000000 0.000000 0.009595 -0.183082 -0.000000 0.004799 -0.183271 -0.000000'/>
				</IndexedFaceSet>
			</Shape>
			<Shape DEF='_IDX_336'>
				<Appearance USE='Material_49_IDX_49'/>
				<IndexedFaceSet coordIndex='0 1 2 3 -1'>
					<Coordinate point='0.056425 -0.909923 -0.072556 0.081965 -0.913050 -0.059242 0.407203 -1.071354 -0.366811 0.327529 -0.923179 -0.449249'/>
				</IndexedFaceSet>
			</Shape>
			<Shape DEF='_IDX_337'>
				<Appearance USE='Material_50_IDX_50'/>
				<IndexedFaceSet coordIndex='0 1 2 3 -1'>
					<Coordinate point='0.038501 -0.732249 -0.007791 0.057681 -0.731061 -0.006361 0.081965 -0.913050 -0.059242 0.056425 -0.909923 -0.072556'/>
				</IndexedFaceSet>
			</Shape>
			<Shape DEF='_IDX_338'>
				<Appearance USE='Material_51_IDX_51'/>
				<IndexedFaceSet coordIndex='0 1 2 3 -1'>
					<Coordinate point='0.028785 -0.549246 -0.000439 0.043153 -0.548304 -0.000358 0.057681 -0.731061 -0.006361 0.038501 -0.732249 -0.007791'/>
				</IndexedFaceSet>
			</Shape>
			<Shape DEF='_IDX_339'>
				<Appearance USE='Material_52_IDX_52'/>
				<IndexedFaceSet coordIndex='0 1 2 3 -1'>
					<Coordinate point='0.019190 -0.366164 -0.000008 0.028768 -0.365536 -0.000006 0.043153 -0.548304 -0.000358 0.028785 -0.549246 -0.000439'/>
				</IndexedFaceSet>
			</Shape>
			<Shape DEF='_IDX_340'>
				<Appearance USE='Material_53_IDX_53'/>
				<IndexedFaceSet coordIndex='0 1 2 3 -1'>
					<Coordinate point='0.009595 -0.183082 -0.000000 0.014384 -0.182768 -0.000000 0.028768 -0.365536 -0.000006 0.019190 -0.366164 -0.000008'/>
				</IndexedFaceSet>
			</Shape>
			<Shape DEF='_IDX_341'>
				<Appearance USE='Material_54_IDX_54'/>
				<IndexedFaceSet coordIndex='0 1 2 3 -1'>
					<Coordinate point='0.000000 0.000000 0.000000 0.000000 0.000000 0.000000 0.014384 -0.182768 -0.000000 0.009595 -0.183082 -0.000000'/>
				</IndexedFaceSet>
			</Shape>
			<Shape DEF='_IDX_342'>
				<Appearance USE='Material_55_IDX_55'/>
				<IndexedFaceSet coordIndex='0 1 2 3 -1'>
					<Coordinate point='0.081965 -0.913050 -0.059242 0.105022 -0.915743 -0.041890 0.409042 -1.224899 -0.259374 0.407203 -1.071354 -0.366811'/>
				</IndexedFaceSet>
			</Shape>
			<Shape DEF='_IDX_343'>
				<Appearance USE='Material_56_IDX_56'/>
				<IndexedFaceSet coordIndex='0 1 2 3 -1'>
					<Coordinate point='0.057681 -0.731061 -0.006361 0.076787 -0.729375 -0.004498 0.105022 -0.915743 -0.041890 0.081965 -0.913050 -0.059242'/>
				</IndexedFaceSet>
			</Shape>
			<Shape DEF='_IDX_344'>
				<Appearance USE='Material_57_IDX_57'/>
				<IndexedFaceSet coordIndex='0 1 2 3 -1'>
					<Coordinate point='0.043153 -0.548304 -0.000358 0.057491 -0.546987 -0.000253 0.076787 -0.729375 -0.004498 0.057681 -0.731061 -0.006361'/>
				</IndexedFaceSet>
			</Shape>
			<Shape DEF='_IDX_345'>
				<Appearance USE='Material_58_IDX_58'/>
				<IndexedFaceSet coordIndex='0 1 2 3 -1'>
					<Coordinate point='0.028768 -0.365536 -0.000006 0.038327 -0.364658 -0.000004 0.057491 -0.546987 -0.000253 0.043153 -0.548304 -0.000358'/>
				</IndexedFaceSet>
			</Shape>
			<Shape DEF='_IDX_346'>
				<Appearance USE='Material_59_IDX_59'/>
				<IndexedFaceSet coordIndex='0 1 2 3 -1'>
					<Coordinate point='0.014384 -0.182768 -0.000000 0.019164 -0.182329 -0.000000 0.038327 -0.364658 -0.000004 0.028768 -0.365536 -0.000006'/>
				</IndexedFaceSet>
			</Shape>
			<Shape DEF='_IDX_347'>
				<Appearance USE='Material_60_IDX_60'/>
				<IndexedFaceSet coordIndex='0 1 2 3 -1'>
					<Coordinate point='0.000000 0.000000 0.000000 0.000000 0.000000 0.000000 0.019164 -0.182329 -0.000000 0.014384 -0.182768 -0.000000'/>
				</IndexedFaceSet>
			</Shape>
			<Shape DEF='_IDX_348'>
				<Appearance USE='Material_61_IDX_61'/>
				<IndexedFaceSet coordIndex='0 1 2 3 -1'>
					<Coordinate point='0.105022 -0.915743 -0.041890 0.125783 -0.916818 -0.021684 0.339533 -1.345962 -0.134262 0.409042 -1.224899 -0.259374'/>
				</IndexedFaceSet>
			</Shape>
			<Shape DEF='_IDX_349'>
				<Appearance USE='Material_62_IDX_62'/>
				<IndexedFaceSet coordIndex='0 1 2 3 -1'>
					<Coordinate point='0.076787 -0.729375 -0.004498 0.095808 -0.727175 -0.002328 0.125783 -0.916818 -0.021684 0.105022 -0.915743 -0.041890'/>
				</IndexedFaceSet>
			</Shape>
			<Shape DEF='_IDX_350'>
				<Appearance USE='Material_63_IDX_63'/>
				<IndexedFaceSet coordIndex='0 1 2 3 -1'>
					<Coordinate point='0.057491 -0.546987 -0.000253 0.071790 -0.545295 -0.000131 0.095808 -0.727175 -0.002328 0.076787 -0.729375 -0.004498'/>
				</IndexedFaceSet>
			</Shape>
			<Shape DEF='_IDX_351'>
				<Appearance USE='Material_64_IDX_64'/>
				<IndexedFaceSet coordIndex='0 1 2 3 -1'>
					<Coordinate point='0.038327 -0.364658 -0.000004 0.047860 -0.363530 -0.000002 0.071790 -0.545295 -0.000131 0.057491 -0.546987 -0.000253'/>
				</IndexedFaceSet>
			</Shape>
			<Shape DEF='_IDX_352'>
				<Appearance USE='Material_65_IDX_65'/>
				<IndexedFaceSet coordIndex='0 1 2 3 -1'>
					<Coordinate point='0.019164 -0.182329 -0.000000 0.023930 -0.181765 -0.000000 0.047860 -0.363530 -0.000002 0.038327 -0.364658 -0.000004'/>
				</IndexedFaceSet>
			</Shape>
			<Shape DEF='_IDX_353'>
				<Appearance USE='Material_66_IDX_66'/>
				<IndexedFaceSet coordIndex='0 1 2 3 -1'>
					<Coordinate point='0.000000 0.000000 0.000000 0.000000 0.000000 0.000000 0.023930 -0.181765 -0.000000 0.019164 -0.182329 -0.000000'/>
				</IndexedFaceSet>
			</Shape>
			<Shape DEF='_IDX_354'>
				<Appearance USE='Material_67_IDX_67'/>
				<IndexedFaceSet coordIndex='0 1 2 3 -1'>
					<Coordinate point='0.125783 -0.916818 -0.021684 0.144974 -0.915332 -0.000000 0.222433 -1.404384 -0.000000 0.339533 -1.345962 -0.134262'/>
				</IndexedFaceSet>
			</Shape>
			<Shape DEF='_IDX_355'>
				<Appearance USE='Material_68_IDX_68'/>
				<IndexedFaceSet coordIndex='0 1 2 3 -1'>
					<Coordinate point='0.095808 -0.727175 -0.002328 0.114741 -0.724448 -0.000000 0.144974 -0.915332 -0.000000 0.125783 -0.916818 -0.021684'/>
				</IndexedFaceSet>
			</Shape>
			<Shape DEF='_IDX_356'>
				<Appearance USE='Material_69_IDX_69'/>
				<IndexedFaceSet coordIndex='0 1 2 3 -1'>
					<Coordinate point='0.071790 -0.545295 -0.000131 0.086039 -0.543229 -0.000000 0.114741 -0.724448 -0.000000 0.095808 -0.727175 -0.002328'/>
				</IndexedFaceSet>
			</Shape>
			<Shape DEF='_IDX_357'>
				<Appearance USE='Material_70_IDX_70'/>
				<IndexedFaceSet coordIndex='0 1 2 3 -1'>
					<Coordinate point='0.047860 -0.363530 -0.000002 0.057359 -0.362152 -0.000000 0.086039 -0.543229 -0.000000 0.071790 -0.545295 -0.000131'/>
				</IndexedFaceSet>
			</Shape>
			<Shape DEF='_IDX_358'>
				<Appearance USE='Material_71_IDX_71'/>
				<IndexedFaceSet coordIndex='0 1 2 3 -1'>
					<Coordinate point='0.023930 -0.181765 -0.000000 0.028680 -0.181076 -0.000000 0.057359 -0.362152 -0.000000 0.047860 -0.363530 -0.000002'/>
				</IndexedFaceSet>
			</Shape>
			<Shape DEF='_IDX_359'>
				<Appearance USE='Material_72_IDX_72'/>
				<IndexedFaceSet coordIndex='0 1 2 3 -1'>
					<Coordinate point='0.000000 0.000000 0.000000 0.000000 0.000000 0.000000 0.028680 -0.181076 -0.000000 0.023930 -0.181765 -0.000000'/>
				</IndexedFaceSet>
			</Shape>
			<Shape DEF='_IDX_360'>
				<Appearance USE='Material_73_IDX_73'/>
				<IndexedFaceSet coordIndex='0 1 2 3 -1'>
					<Coordinate point='0.280152 -0.862220 0.083781 0.307826 -0.854181 0.080926 0.425847 -0.720406 0.501073 0.240449 -0.740027 0.518749'/>
				</IndexedFaceSet>
			</Shape>
			<Shape DEF='_IDX_361'>
				<Appearance USE='Material_5_IDX_5'/>
				<IndexedFaceSet coordIndex='0 1 2 3 -1'>
					<Coordinate point='0.226568 -0.697303 0.008996 0.244818 -0.691128 0.008689 0.307826 -0.854181 0.080926 0.280152 -0.862220 0.083781'/>
				</IndexedFaceSet>
			</Shape>
			<Shape DEF='_IDX_362'>
				<Appearance USE='Material_4_IDX_4'/>
				<IndexedFaceSet coordIndex='0 1 2 3 -1'>
					<Coordinate point='0.169959 -0.523081 0.000507 0.183594 -0.518452 0.000489 0.244818 -0.691128 0.008689 0.226568 -0.697303 0.008996'/>
				</IndexedFaceSet>
			</Shape>
			<Shape DEF='_IDX_363'>
				<Appearance USE='Material_3_IDX_3'/>
				<IndexedFaceSet coordIndex='0 1 2 3 -1'>
					<Coordinate point='0.113306 -0.348721 0.000009 0.122396 -0.345635 0.000008 0.183594 -0.518452 0.000489 0.169959 -0.523081 0.000507'/>
				</IndexedFaceSet>
			</Shape>
			<Shape DEF='_IDX_364'>
				<Appearance USE='Material_2_IDX_2'/>
				<IndexedFaceSet coordIndex='0 1 2 3 -1'>
					<Coordinate point='0.056653 -0.174360 0.000000 0.061198 -0.172818 0.000000 0.122396 -0.345635 0.000008 0.113306 -0.348721 0.000009'/>
				</IndexedFaceSet>
			</Shape>
			<Shape DEF='_IDX_365'>
				<Appearance USE='Material_1_IDX_1'/>
				<IndexedFaceSet coordIndex='0 1 2 3 -1'>
					<Coordinate point='0.000000 0.000000 0.000000 0.000000 0.000000 0.000000 0.061198 -0.172818 0.000000 0.056653 -0.174360 0.000000'/>
				</IndexedFaceSet>
			</Shape>
			<Shape DEF='_IDX_366'>
				<Appearance USE='Material_74_IDX_74'/>
				<IndexedFaceSet coordIndex='0 1 2 3 -1'>
					<Coordinate point='0.307826 -0.854181 0.080926 0.334845 -0.847952 0.072556 0.596777 -0.776783 0.449249 0.425847 -0.720406 0.501073'/>
				</IndexedFaceSet>
			</Shape>
			<Shape DEF='_IDX_367'>
				<Appearance USE='Material_11_IDX_11'/>
				<IndexedFaceSet coordIndex='0 1 2 3 -1'>
					<Coordinate point='0.244818 -0.691128 0.008689 0.262895 -0.684513 0.007791 0.334845 -0.847952 0.072556 0.307826 -0.854181 0.080926'/>
				</IndexedFaceSet>
			</Shape>
			<Shape DEF='_IDX_368'>
				<Appearance USE='Material_10_IDX_10'/>
				<IndexedFaceSet coordIndex='0 1 2 3 -1'>
					<Coordinate point='0.183594 -0.518452 0.000489 0.197103 -0.513469 0.000439 0.262895 -0.684513 0.007791 0.244818 -0.691128 0.008689'/>
				</IndexedFaceSet>
			</Shape>
			<Shape DEF='_IDX_369'>
				<Appearance USE='Material_9_IDX_9'/>
				<IndexedFaceSet coordIndex='0 1 2 3 -1'>
					<Coordinate point='0.122396 -0.345635 0.000008 0.131402 -0.342313 0.000008 0.197103 -0.513469 0.000439 0.183594 -0.518452 0.000489'/>
				</IndexedFaceSet>
			</Shape>
			<Shape DEF='_IDX_370'>
				<Appearance USE='Material_8_IDX_8'/>
				<IndexedFaceSet coordIndex='0 1 2 3 -1'>
					<Coordinate point='0.061198 -0.172818 0.000000 0.065701 -0.171156 0.000000 0.131402 -0.342313 0.000008 0.122396 -0.345635 0.000008'/>
				</IndexedFaceSet>
			</Shape>
			<Shape DEF='_IDX_371'>
				<Appearance USE='Material_7_IDX_7'/>
				<IndexedFaceSet coordIndex='0 1 2 3 -1'>
					<Coordinate point='0.000000 0.000000 0.000000 0.000000 0.000000 0.000000 0.065701 -0.171156 0.000000 0.061198 -0.172818 0.000000'/>
				</IndexedFaceSet>
			</Shape>
			<Shape DEF='_IDX_372'>
				<Appearance USE='Material_18_IDX_18'/>
				<IndexedFaceSet coordIndex='0 1 2 3 -1'>
					<Coordinate point='0.334845 -0.847952 0.072556 0.360102 -0.843034 0.059242 0.718339 -0.893086 0.366811 0.596777 -0.776783 0.449249'/>
				</IndexedFaceSet>
			</Shape>
			<Shape DEF='_IDX_373'>
				<Appearance USE='Material_17_IDX_17'/>
				<IndexedFaceSet coordIndex='0 1 2 3 -1'>
					<Coordinate point='0.262895 -0.684513 0.007791 0.280769 -0.677456 0.006361 0.360102 -0.843034 0.059242 0.334845 -0.847952 0.072556'/>
				</IndexedFaceSet>
			</Shape>
			<Shape DEF='_IDX_374'>
				<Appearance USE='Material_16_IDX_16'/>
				<IndexedFaceSet coordIndex='0 1 2 3 -1'>
					<Coordinate point='0.197103 -0.513469 0.000439 0.210476 -0.508134 0.000358 0.280769 -0.677456 0.006361 0.262895 -0.684513 0.007791'/>
				</IndexedFaceSet>
			</Shape>
			<Shape DEF='_IDX_375'>
				<Appearance USE='Material_15_IDX_15'/>
				<IndexedFaceSet coordIndex='0 1 2 3 -1'>
					<Coordinate point='0.131402 -0.342313 0.000008 0.140317 -0.338756 0.000006 0.210476 -0.508134 0.000358 0.197103 -0.513469 0.000439'/>
				</IndexedFaceSet>
			</Shape>
			<Shape DEF='_IDX_376'>
				<Appearance USE='Material_14_IDX_14'/>
				<IndexedFaceSet coordIndex='0 1 2 3 -1'>
					<Coordinate point='0.065701 -0.171156 0.000000 0.070159 -0.169378 0.000000 0.140317 -0.338756 0.000006 0.131402 -0.342313 0.000008'/>
				</IndexedFaceSet>
			</Shape>
			<Shape DEF='_IDX_377'>
				<Appearance USE='Material_13_IDX_13'/>
				<IndexedFaceSet coordIndex='0 1 2 3 -1'>
					<Coordinate point='0.000000 0.000000 0.000000 0.000000 0.000000 0.000000 0.070159 -0.169378 0.000000 0.065701 -0.171156 0.000000'/>
				</IndexedFaceSet>
			</Shape>
			<Shape DEF='_IDX_378'>
				<Appearance USE='Material_24_IDX_24'/>
				<IndexedFaceSet coordIndex='0 1 2 3 -1'>
					<Coordinate point='0.360102 -0.843034 0.059242 0.382862 -0.838470 0.041890 0.767537 -1.038547 0.259374 0.718339 -0.893086 0.366811'/>
				</IndexedFaceSet>
			</Shape>
			<Shape DEF='_IDX_379'>
				<Appearance USE='Material_23_IDX_23'/>
				<IndexedFaceSet coordIndex='0 1 2 3 -1'>
					<Coordinate point='0.280769 -0.677456 0.006361 0.298418 -0.669949 0.004498 0.382862 -0.838470 0.041890 0.360102 -0.843034 0.059242'/>
				</IndexedFaceSet>
			</Shape>
			<Shape DEF='_IDX_380'>
				<Appearance USE='Material_22_IDX_22'/>
				<IndexedFaceSet coordIndex='0 1 2 3 -1'>
					<Coordinate point='0.210476 -0.508134 0.000358 0.223706 -0.502450 0.000253 0.298418 -0.669949 0.004498 0.280769 -0.677456 0.006361'/>
				</IndexedFaceSet>
			</Shape>
			<Shape DEF='_IDX_381'>
				<Appearance USE='Material_21_IDX_21'/>
				<IndexedFaceSet coordIndex='0 1 2 3 -1'>
					<Coordinate point='0.140317 -0.338756 0.000006 0.149137 -0.334967 0.000004 0.223706 -0.502450 0.000253 0.210476 -0.508134 0.000358'/>
				</IndexedFaceSet>
			</Shape>
			<Shape DEF='_IDX_382'>
				<Appearance USE='Material_20_IDX_20'/>
				<IndexedFaceSet coordIndex='0 1 2 3 -1'>
					<Coordinate point='0.070159 -0.169378 0.000000 0.074568 -0.167483 0.000000 0.149137 -0.334967 0.000004 0.140317 -0.338756 0.000006'/>
				</IndexedFaceSet>
			</Shape>
			<Shape DEF='_IDX_383'>
				<Appearance USE='Material_19_IDX_19'/>
				<IndexedFaceSet coordIndex='0 1 2 3 -1'>
					<Coordinate point='0.000000 0.000000 0.000000 0.000000 0.000000 0.000000 0.074568 -0.167483 0.000000 0.070159 -0.169378 0.000000'/>
				</IndexedFaceSet>
			</Shape>
			<Shape DEF='_IDX_384'>
				<Appearance USE='Material_30_IDX_30'/>
				<IndexedFaceSet coordIndex='0 1 2 3 -1'>
					<Coordinate point='0.382862 -0.838470 0.041890 0.402939 -0.833077 0.021684 0.738840 -1.175164 0.134262 0.767537 -1.038547 0.259374'/>
				</IndexedFaceSet>
			</Shape>
			<Shape DEF='_IDX_385'>
				<Appearance USE='Material_29_IDX_29'/>
				<IndexedFaceSet coordIndex='0 1 2 3 -1'>
					<Coordinate point='0.298418 -0.669949 0.004498 0.315828 -0.661978 0.002328 0.402939 -0.833077 0.021684 0.382862 -0.838470 0.041890'/>
				</IndexedFaceSet>
			</Shape>
			<Shape DEF='_IDX_386'>
				<Appearance USE='Material_28_IDX_28'/>
				<IndexedFaceSet coordIndex='0 1 2 3 -1'>
					<Coordinate point='0.223706 -0.502450 0.000253 0.236782 -0.496422 0.000131 0.315828 -0.661978 0.002328 0.298418 -0.669949 0.004498'/>
				</IndexedFaceSet>
			</Shape>
			<Shape DEF='_IDX_387'>
				<Appearance USE='Material_27_IDX_27'/>
				<IndexedFaceSet coordIndex='0 1 2 3 -1'>
					<Coordinate point='0.149137 -0.334967 0.000004 0.157854 -0.330948 0.000002 0.236782 -0.496422 0.000131 0.223706 -0.502450 0.000253'/>
				</IndexedFaceSet>
			</Shape>
			<Shape DEF='_IDX_388'>
				<Appearance USE='Material_26_IDX_26'/>
				<IndexedFaceSet coordIndex='0 1 2 3 -1'>
					<Coordinate point='0.074568 -0.167483 0.000000 0.078927 -0.165474 0.000000 0.157854 -0.330948 0.000002 0.149137 -0.334967 0.000004'/>
				</IndexedFaceSet>
			</Shape>
			<Shape DEF='_IDX_389'>
				<Appearance USE='Material_25_IDX_25'/>
				<IndexedFaceSet coordIndex='0 1 2 3 -1'>
					<Coordinate point='0.000000 0.000000 0.000000 0.000000 0.000000 0.000000 0.078927 -0.165474 0.000000 0.074568 -0.167483 0.000000'/>
				</IndexedFaceSet>
			</Shape>
			<Shape DEF='_IDX_390'>
				<Appearance USE='Material_36_IDX_36'/>
				<IndexedFaceSet coordIndex='0 1 2 3 -1'>
					<Coordinate point='0.402939 -0.833077 0.021684 0.420732 -0.825733 0.000000 0.645525 -1.266913 -0.000000 0.738840 -1.175164 0.134262'/>
				</IndexedFaceSet>
			</Shape>
			<Shape DEF='_IDX_391'>
				<Appearance USE='Material_35_IDX_35'/>
				<IndexedFaceSet coordIndex='0 1 2 3 -1'>
					<Coordinate point='0.315828 -0.661978 0.002328 0.332992 -0.653534 0.000000 0.420732 -0.825733 0.000000 0.402939 -0.833077 0.021684'/>
				</IndexedFaceSet>
			</Shape>
			<Shape DEF='_IDX_392'>
				<Appearance USE='Material_34_IDX_34'/>
				<IndexedFaceSet coordIndex='0 1 2 3 -1'>
					<Coordinate point='0.236782 -0.496422 0.000131 0.249695 -0.490054 -0.000000 0.332992 -0.653534 0.000000 0.315828 -0.661978 0.002328'/>
				</IndexedFaceSet>
			</Shape>
			<Shape DEF='_IDX_393'>
				<Appearance USE='Material_33_IDX_33'/>
				<IndexedFaceSet coordIndex='0 1 2 3 -1'>
					<Coordinate point='0.157854 -0.330948 0.000002 0.166463 -0.326702 0.000000 0.249695 -0.490054 -0.000000 0.236782 -0.496422 0.000131'/>
				</IndexedFaceSet>
			</Shape>
			<Shape DEF='_IDX_394'>
				<Appearance USE='Material_32_IDX_32'/>
				<IndexedFaceSet coordIndex='0 1 2 3 -1'>
					<Coordinate point='0.078927 -0.165474 0.000000 0.083232 -0.163351 0.000000 0.166463 -0.326702 0.000000 0.157854 -0.330948 0.000002'/>
				</IndexedFaceSet>
			</Shape>
			<Shape DEF='_IDX_395'>
				<Appearance USE='Material_31_IDX_31'/>
				<IndexedFaceSet coordIndex='0 1 2 3 -1'>
					<Coordinate point='0.000000 0.000000 0.000000 0.000000 0.000000 0.000000 0.083232 -0.163351 0.000000 0.078927 -0.165474 0.000000'/>
				</IndexedFaceSet>
			</Shape>
			<Shape DEF='_IDX_396'>
				<Appearance USE='Material_42_IDX_42'/>
				<IndexedFaceSet coordIndex='0 1 2 3 -1'>
					<Coordinate point='0.107761 -0.148320 -0.000000 0.103841 -0.151090 -0.000000 0.000000 0.000000 0.000000 0.000000 0.000000 0.000000'/>
				</IndexedFaceSet>
			</Shape>
			<Shape DEF='_IDX_397'>
				<Appearance USE='Material_41_IDX_41'/>
				<IndexedFaceSet coordIndex='0 1 2 3 -1'>
					<Coordinate point='0.215521 -0.296640 -0.000009 0.207682 -0.302180 -0.000008 0.103841 -0.151090 -0.000000 0.107761 -0.148320 -0.000000'/>
				</IndexedFaceSet>
			</Shape>
			<Shape DEF='_IDX_398'>
				<Appearance USE='Material_40_IDX_40'/>
				<IndexedFaceSet coordIndex='0 1 2 3 -1'>
					<Coordinate point='0.323282 -0.444959 -0.000507 0.311523 -0.453269 -0.000489 0.207682 -0.302180 -0.000008 0.215521 -0.296640 -0.000009'/>
				</IndexedFaceSet>
			</Shape>
			<Shape DEF='_IDX_399'>
				<Appearance USE='Material_39_IDX_39'/>
				<IndexedFaceSet coordIndex='0 1 2 3 -1'>
					<Coordinate point='0.430957 -0.593162 -0.008996 0.415234 -0.604297 -0.008689 0.311523 -0.453269 -0.000489 0.323282 -0.444959 -0.000507'/>
				</IndexedFaceSet>
			</Shape>
			<Shape DEF='_IDX_400'>
				<Appearance USE='Material_38_IDX_38'/>
				<IndexedFaceSet coordIndex='0 1 2 3 -1'>
					<Coordinate point='0.532881 -0.733448 -0.083781 0.510112 -0.751111 -0.080926 0.415234 -0.604297 -0.008689 0.430957 -0.593162 -0.008996'/>
				</IndexedFaceSet>
			</Shape>
			<Shape DEF='_IDX_401'>
				<Appearance USE='Material_75_IDX_75'/>
				<IndexedFaceSet coordIndex='0 1 2 3 -1'>
					<Coordinate point='0.457362 -0.629504 -0.518749 0.332514 -0.767962 -0.501073 0.510112 -0.751111 -0.080926 0.532881 -0.733448 -0.083781'/>
				</IndexedFaceSet>
			</Shape>
			<Shape DEF='_IDX_402'>
				<Appearance USE='Material_48_IDX_48'/>
				<IndexedFaceSet coordIndex='0 1 2 3 -1'>
					<Coordinate point='0.103841 -0.151090 -0.000000 0.099850 -0.153756 -0.000000 0.000000 0.000000 0.000000 0.000000 0.000000 0.000000'/>
				</IndexedFaceSet>
			</Shape>
			<Shape DEF='_IDX_403'>
				<Appearance USE='Material_47_IDX_47'/>
				<IndexedFaceSet coordIndex='0 1 2 3 -1'>
					<Coordinate point='0.207682 -0.302180 -0.000008 0.199701 -0.307513 -0.000008 0.099850 -0.153756 -0.000000 0.103841 -0.151090 -0.000000'/>
				</IndexedFaceSet>
			</Shape>
			<Shape DEF='_IDX_404'>
				<Appearance USE='Material_46_IDX_46'/>
				<IndexedFaceSet coordIndex='0 1 2 3 -1'>
					<Coordinate point='0.311523 -0.453269 -0.000489 0.299551 -0.461269 -0.000439 0.199701 -0.307513 -0.000008 0.207682 -0.302180 -0.000008'/>
				</IndexedFaceSet>
			</Shape>
			<Shape DEF='_IDX_405'>
				<Appearance USE='Material_45_IDX_45'/>
				<IndexedFaceSet coordIndex='0 1 2 3 -1'>
					<Coordinate point='0.415234 -0.604297 -0.008689 0.399257 -0.615033 -0.007791 0.299551 -0.461269 -0.000439 0.311523 -0.453269 -0.000489'/>
				</IndexedFaceSet>
			</Shape>
			<Shape DEF='_IDX_406'>
				<Appearance USE='Material_44_IDX_44'/>
				<IndexedFaceSet coordIndex='0 1 2 3 -1'>
					<Coordinate point='0.510112 -0.751111 -0.080926 0.489191 -0.769309 -0.072556 0.399257 -0.615033 -0.007791 0.415234 -0.604297 -0.008689'/>
				</IndexedFaceSet>
			</Shape>
			<Shape DEF='_IDX_407'>
				<Appearance USE='Material_76_IDX_76'/>
				<IndexedFaceSet coordIndex='0 1 2 3 -1'>
					<Coordinate point='0.332514 -0.767962 -0.501073 0.277654 -0.939384 -0.449249 0.489191 -0.769309 -0.072556 0.510112 -0.751111 -0.080926'/>
				</IndexedFaceSet>
			</Shape>
			<Shape DEF='_IDX_408'>
				<Appearance USE='Material_54_IDX_54'/>
				<IndexedFaceSet coordIndex='0 1 2 3 -1'>
					<Coordinate point='0.099850 -0.153756 -0.000000 0.095791 -0.156317 -0.000000 0.000000 0.000000 0.000000 0.000000 0.000000 0.000000'/>
				</IndexedFaceSet>
			</Shape>
			<Shape DEF='_IDX_409'>
				<Appearance USE='Material_53_IDX_53'/>
				<IndexedFaceSet coordIndex='0 1 2 3 -1'>
					<Coordinate point='0.199701 -0.307513 -0.000008 0.191583 -0.312635 -0.000006 0.095791 -0.156317 -0.000000 0.099850 -0.153756 -0.000000'/>
				</IndexedFaceSet>
			</Shape>
			<Shape DEF='_IDX_410'>
				<Appearance USE='Material_52_IDX_52'/>
				<IndexedFaceSet coordIndex='0 1 2 3 -1'>
					<Coordinate point='0.299551 -0.461269 -0.000439 0.287374 -0.468952 -0.000358 0.191583 -0.312635 -0.000006 0.199701 -0.307513 -0.000008'/>
				</IndexedFaceSet>
			</Shape>
			<Shape DEF='_IDX_411'>
				<Appearance USE='Material_51_IDX_51'/>
				<IndexedFaceSet coordIndex='0 1 2 3 -1'>
					<Coordinate point='0.399257 -0.615033 -0.007791 0.383042 -0.625345 -0.006361 0.287374 -0.468952 -0.000358 0.299551 -0.461269 -0.000439'/>
				</IndexedFaceSet>
			</Shape>
			<Shape DEF='_IDX_412'>
				<Appearance USE='Material_50_IDX_50'/>
				<IndexedFaceSet coordIndex='0 1 2 3 -1'>
					<Coordinate point='0.489191 -0.769309 -0.072556 0.470366 -0.786851 -0.059242 0.383042 -0.625345 -0.006361 0.399257 -0.615033 -0.007791'/>
				</IndexedFaceSet>
			</Shape>
			<Shape DEF='_IDX_413'>
				<Appearance USE='Material_49_IDX_49'/>
				<IndexedFaceSet coordIndex='0 1 2 3 -1'>
					<Coordinate point='0.277654 -0.939384 -0.449249 0.300292 -1.106091 -0.366811 0.470366 -0.786851 -0.059242 0.489191 -0.769309 -0.072556'/>
				</IndexedFaceSet>
			</Shape>
			<Shape DEF='_IDX_414'>
				<Appearance USE='Material_60_IDX_60'/>
				<IndexedFaceSet coordIndex='0 1 2 3 -1'>
					<Coordinate point='0.095791 -0.156317 -0.000000 0.091667 -0.158771 -0.000000 0.000000 0.000000 0.000000 0.000000 0.000000 0.000000'/>
				</IndexedFaceSet>
			</Shape>
			<Shape DEF='_IDX_415'>
				<Appearance USE='Material_59_IDX_59'/>
				<IndexedFaceSet coordIndex='0 1 2 3 -1'>
					<Coordinate point='0.191583 -0.312635 -0.000006 0.183333 -0.317543 -0.000004 0.091667 -0.158771 -0.000000 0.095791 -0.156317 -0.000000'/>
				</IndexedFaceSet>
			</Shape>
			<Shape DEF='_IDX_416'>
				<Appearance USE='Material_58_IDX_58'/>
				<IndexedFaceSet coordIndex='0 1 2 3 -1'>
					<Coordinate point='0.287374 -0.468952 -0.000358 0.275000 -0.476315 -0.000253 0.183333 -0.317543 -0.000004 0.191583 -0.312635 -0.000006'/>
				</IndexedFaceSet>
			</Shape>
			<Shape DEF='_IDX_417'>
				<Appearance USE='Material_57_IDX_57'/>
				<IndexedFaceSet coordIndex='0 1 2 3 -1'>
					<Coordinate point='0.383042 -0.625345 -0.006361 0.366594 -0.635211 -0.004498 0.275000 -0.476315 -0.000253 0.287374 -0.468952 -0.000358'/>
				</IndexedFaceSet>
			</Shape>
			<Shape DEF='_IDX_418'>
				<Appearance USE='Material_56_IDX_56'/>
				<IndexedFaceSet coordIndex='0 1 2 3 -1'>
					<Coordinate point='0.470366 -0.786851 -0.059242 0.453296 -0.802582 -0.041890 0.366594 -0.635211 -0.004498 0.383042 -0.625345 -0.006361'/>
				</IndexedFaceSet>
			</Shape>
			<Shape DEF='_IDX_419'>
				<Appearance USE='Material_55_IDX_55'/>
				<IndexedFaceSet coordIndex='0 1 2 3 -1'>
					<Coordinate point='0.300292 -1.106091 -0.366811 0.389055 -1.231393 -0.259374 0.453296 -0.802582 -0.041890 0.470366 -0.786851 -0.059242'/>
				</IndexedFaceSet>
			</Shape>
			<Shape DEF='_IDX_420'>
				<Appearance USE='Material_66_IDX_66'/>
				<IndexedFaceSet coordIndex='0 1 2 3 -1'>
					<Coordinate point='0.091667 -0.158771 -0.000000 0.087479 -0.161116 -0.000000 0.000000 0.000000 0.000000 0.000000 0.000000 0.000000'/>
				</IndexedFaceSet>
			</Shape>
			<Shape DEF='_IDX_421'>
				<Appearance USE='Material_65_IDX_65'/>
				<IndexedFaceSet coordIndex='0 1 2 3 -1'>
					<Coordinate point='0.183333 -0.317543 -0.000004 0.174958 -0.322233 -0.000002 0.087479 -0.161116 -0.000000 0.091667 -0.158771 -0.000000'/>
				</IndexedFaceSet>
			</Shape>
			<Shape DEF='_IDX_422'>
				<Appearance USE='Material_64_IDX_64'/>
				<IndexedFaceSet coordIndex='0 1 2 3 -1'>
					<Coordinate point='0.275000 -0.476315 -0.000253 0.262437 -0.483350 -0.000131 0.174958 -0.322233 -0.000002 0.183333 -0.317543 -0.000004'/>
				</IndexedFaceSet>
			</Shape>
			<Shape DEF='_IDX_423'>
				<Appearance USE='Material_63_IDX_63'/>
				<IndexedFaceSet coordIndex='0 1 2 3 -1'>
					<Coordinate point='0.366594 -0.635211 -0.004498 0.349913 -0.644611 -0.002328 0.262437 -0.483350 -0.000131 0.275000 -0.476315 -0.000253'/>
				</IndexedFaceSet>
			</Shape>
			<Shape DEF='_IDX_424'>
				<Appearance USE='Material_62_IDX_62'/>
				<IndexedFaceSet coordIndex='0 1 2 3 -1'>
					<Coordinate point='0.453296 -0.802582 -0.041890 0.437132 -0.815654 -0.021684 0.349913 -0.644611 -0.002328 0.366594 -0.635211 -0.004498'/>
				</IndexedFaceSet>
			</Shape>
			<Shape DEF='_IDX_425'>
				<Appearance USE='Material_61_IDX_61'/>
				<IndexedFaceSet coordIndex='0 1 2 3 -1'>
					<Coordinate point='0.389055 -1.231393 -0.259374 0.516449 -1.288478 -0.134262 0.437132 -0.815654 -0.021684 0.453296 -0.802582 -0.041890'/>
				</IndexedFaceSet>
			</Shape>
			<Shape DEF='_IDX_426'>
				<Appearance USE='Material_72_IDX_72'/>
				<IndexedFaceSet coordIndex='0 1 2 3 -1'>
					<Coordinate point='0.087479 -0.161116 -0.000000 0.083232 -0.163351 -0.000000 0.000000 0.000000 0.000000 0.000000 0.000000 0.000000'/>
				</IndexedFaceSet>
			</Shape>
			<Shape DEF='_IDX_427'>
				<Appearance USE='Material_71_IDX_71'/>
				<IndexedFaceSet coordIndex='0 1 2 3 -1'>
					<Coordinate point='0.174958 -0.322233 -0.000002 0.166463 -0.326702 -0.000000 0.083232 -0.163351 -0.000000 0.087479 -0.161116 -0.000000'/>
				</IndexedFaceSet>
			</Shape>
			<Shape DEF='_IDX_428'>
				<Appearance USE='Material_70_IDX_70'/>
				<IndexedFaceSet coordIndex='0 1 2 3 -1'>
					<Coordinate point='0.262437 -0.483350 -0.000131 0.249695 -0.490054 -0.000000 0.166463 -0.326702 -0.000000 0.174958 -0.322233 -0.000002'/>
				</IndexedFaceSet>
			</Shape>
			<Shape DEF='_IDX_429'>
				<Appearance USE='Material_69_IDX_69'/>
				<IndexedFaceSet coordIndex='0 1 2 3 -1'>
					<Coordinate point='0.349913 -0.644611 -0.002328 0.332992 -0.653534 -0.000000 0.249695 -0.490054 -0.000000 0.262437 -0.483350 -0.000131'/>
				</IndexedFaceSet>
			</Shape>
			<Shape DEF='_IDX_430'>
				<Appearance USE='Material_68_IDX_68'/>
				<IndexedFaceSet coordIndex='0 1 2 3 -1'>
					<Coordinate point='0.437132 -0.815654 -0.021684 0.420732 -0.825733 -0.000000 0.332992 -0.653534 -0.000000 0.349913 -0.644611 -0.002328'/>
				</IndexedFaceSet>
			</Shape>
			<Shape DEF='_IDX_431'>
				<Appearance USE='Material_67_IDX_67'/>
				<IndexedFaceSet coordIndex='0 1 2 3 -1'>
					<Coordinate point='0.516449 -1.288478 -0.134262 0.645525 -1.266913 -0.000000 0.420732 -0.825733 -0.000000 0.437132 -0.815654 -0.021684'/>
				</IndexedFaceSet>
			</Shape>
			<Shape DEF='_IDX_432'>
				<Appearance USE='Material_1_IDX_1'/>
				<IndexedFaceSet coordIndex='0 1 2 3 -1'>
					<Coordinate point='-0.056653 -0.174360 0.000000 -0.061198 -0.172818 0.000000 0.000000 0.000000 0.000000 0.000000 0.000000 0.000000'/>
				</IndexedFaceSet>
			</Shape>
			<Shape DEF='_IDX_433'>
				<Appearance USE='Material_2_IDX_2'/>
				<IndexedFaceSet coordIndex='0 1 2 3 -1'>
					<Coordinate point='-0.113306 -0.348721 0.000009 -0.122396 -0.345635 0.000008 -0.061198 -0.172818 0.000000 -0.056653 -0.174360 0.000000'/>
				</IndexedFaceSet>
			</Shape>
			<Shape DEF='_IDX_434'>
				<Appearance USE='Material_3_IDX_3'/>
				<IndexedFaceSet coordIndex='0 1 2 3 -1'>
					<Coordinate point='-0.169959 -0.523081 0.000507 -0.183594 -0.518452 0.000489 -0.122396 -0.345635 0.000008 -0.113306 -0.348721 0.000009'/>
				</IndexedFaceSet>
			</Shape>
			<Shape DEF='_IDX_435'>
				<Appearance USE='Material_4_IDX_4'/>
				<IndexedFaceSet coordIndex='0 1 2 3 -1'>
					<Coordinate point='-0.226568 -0.697303 0.008996 -0.244818 -0.691128 0.008689 -0.183594 -0.518452 0.000489 -0.169959 -0.523081 0.000507'/>
				</IndexedFaceSet>
			</Shape>
			<Shape DEF='_IDX_436'>
				<Appearance USE='Material_5_IDX_5'/>
				<IndexedFaceSet coordIndex='0 1 2 3 -1'>
					<Coordinate point='-0.280152 -0.862220 0.083781 -0.307826 -0.854181 0.080926 -0.244818 -0.691128 0.008689 -0.226568 -0.697303 0.008996'/>
				</IndexedFaceSet>
			</Shape>
			<Shape DEF='_IDX_437'>
				<Appearance USE='Material_6_IDX_6'/>
				<IndexedFaceSet coordIndex='0 1 2 3 -1'>
					<Coordinate point='-0.240449 -0.740027 0.518749 -0.425847 -0.720406 0.501073 -0.307826 -0.854181 0.080926 -0.280152 -0.862220 0.083781'/>
				</IndexedFaceSet>
			</Shape>
			<Shape DEF='_IDX_438'>
				<Appearance USE='Material_7_IDX_7'/>
				<IndexedFaceSet coordIndex='0 1 2 3 -1'>
					<Coordinate point='-0.061198 -0.172818 0.000000 -0.065701 -0.171156 0.000000 0.000000 0.000000 0.000000 0.000000 0.000000 0.000000'/>
				</IndexedFaceSet>
			</Shape>
			<Shape DEF='_IDX_439'>
				<Appearance USE='Material_8_IDX_8'/>
				<IndexedFaceSet coordIndex='0 1 2 3 -1'>
					<Coordinate point='-0.122396 -0.345635 0.000008 -0.131402 -0.342313 0.000008 -0.065701 -0.171156 0.000000 -0.061198 -0.172818 0.000000'/>
				</IndexedFaceSet>
			</Shape>
			<Shape DEF='_IDX_440'>
				<Appearance USE='Material_9_IDX_9'/>
				<IndexedFaceSet coordIndex='0 1 2 3 -1'>
					<Coordinate point='-0.183594 -0.518452 0.000489 -0.197103 -0.513469 0.000439 -0.131402 -0.342313 0.000008 -0.122396 -0.345635 0.000008'/>
				</IndexedFaceSet>
			</Shape>
			<Shape DEF='_IDX_441'>
				<Appearance USE='Material_10_IDX_10'/>
				<IndexedFaceSet coordIndex='0 1 2 3 -1'>
					<Coordinate point='-0.244818 -0.691128 0.008689 -0.262895 -0.684513 0.007791 -0.197103 -0.513469 0.000439 -0.183594 -0.518452 0.000489'/>
				</IndexedFaceSet>
			</Shape>
			<Shape DEF='_IDX_442'>
				<Appearance USE='Material_11_IDX_11'/>
				<IndexedFaceSet coordIndex='0 1 2 3 -1'>
					<Coordinate point='-0.307826 -0.854181 0.080926 -0.334845 -0.847952 0.072556 -0.262895 -0.684513 0.007791 -0.244818 -0.691128 0.008689'/>
				</IndexedFaceSet>
			</Shape>
			<Shape DEF='_IDX_443'>
				<Appearance USE='Material_12_IDX_12'/>
				<IndexedFaceSet coordIndex='0 1 2 3 -1'>
					<Coordinate point='-0.425847 -0.720406 0.501073 -0.596777 -0.776783 0.449249 -0.334845 -0.847952 0.072556 -0.307826 -0.854181 0.080926'/>
				</IndexedFaceSet>
			</Shape>
			<Shape DEF='_IDX_444'>
				<Appearance USE='Material_13_IDX_13'/>
				<IndexedFaceSet coordIndex='0 1 2 3 -1'>
					<Coordinate point='-0.065701 -0.171156 0.000000 -0.070159 -0.169378 0.000000 0.000000 0.000000 0.000000 0.000000 0.000000 0.000000'/>
				</IndexedFaceSet>
			</Shape>
			<Shape DEF='_IDX_445'>
				<Appearance USE='Material_14_IDX_14'/>
				<IndexedFaceSet coordIndex='0 1 2 3 -1'>
					<Coordinate point='-0.131402 -0.342313 0.000008 -0.140317 -0.338756 0.000006 -0.070159 -0.169378 0.000000 -0.065701 -0.171156 0.000000'/>
				</IndexedFaceSet>
			</Shape>
			<Shape DEF='_IDX_446'>
				<Appearance USE='Material_15_IDX_15'/>
				<IndexedFaceSet coordIndex='0 1 2 3 -1'>
					<Coordinate point='-0.197103 -0.513469 0.000439 -0.210476 -0.508134 0.000358 -0.140317 -0.338756 0.000006 -0.131402 -0.342313 0.000008'/>
				</IndexedFaceSet>
			</Shape>
			<Shape DEF='_IDX_447'>
				<Appearance USE='Material_16_IDX_16'/>
				<IndexedFaceSet coordIndex='0 1 2 3 -1'>
					<Coordinate point='-0.262895 -0.684513 0.007791 -0.280769 -0.677456 0.006361 -0.210476 -0.508134 0.000358 -0.197103 -0.513469 0.000439'/>
				</IndexedFaceSet>
			</Shape>
			<Shape DEF='_IDX_448'>
				<Appearance USE='Material_17_IDX_17'/>
				<IndexedFaceSet coordIndex='0 1 2 3 -1'>
					<Coordinate point='-0.334845 -0.847952 0.072556 -0.360102 -0.843034 0.059242 -0.280769 -0.677456 0.006361 -0.262895 -0.684513 0.007791'/>
				</IndexedFaceSet>
			</Shape>
			<Shape DEF='_IDX_449'>
				<Appearance USE='Material_18_IDX_18'/>
				<IndexedFaceSet coordIndex='0 1 2 3 -1'>
					<Coordinate point='-0.596777 -0.776783 0.449249 -0.718339 -0.893086 0.366811 -0.360102 -0.843034 0.059242 -0.334845 -0.847952 0.072556'/>
				</IndexedFaceSet>
			</Shape>
			<Shape DEF='_IDX_450'>
				<Appearance USE='Material_19_IDX_19'/>
				<IndexedFaceSet coordIndex='0 1 2 3 -1'>
					<Coordinate point='-0.070159 -0.169378 0.000000 -0.074568 -0.167483 0.000000 0.000000 0.000000 0.000000 0.000000 0.000000 0.000000'/>
				</IndexedFaceSet>
			</Shape>
			<Shape DEF='_IDX_451'>
				<Appearance USE='Material_20_IDX_20'/>
				<IndexedFaceSet coordIndex='0 1 2 3 -1'>
					<Coordinate point='-0.140317 -0.338756 0.000006 -0.149137 -0.334967 0.000004 -0.074568 -0.167483 0.000000 -0.070159 -0.169378 0.000000'/>
				</IndexedFaceSet>
			</Shape>
			<Shape DEF='_IDX_452'>
				<Appearance USE='Material_21_IDX_21'/>
				<IndexedFaceSet coordIndex='0 1 2 3 -1'>
					<Coordinate point='-0.210476 -0.508134 0.000358 -0.223706 -0.502450 0.000253 -0.149137 -0.334967 0.000004 -0.140317 -0.338756 0.000006'/>
				</IndexedFaceSet>
			</Shape>
			<Shape DEF='_IDX_453'>
				<Appearance USE='Material_22_IDX_22'/>
				<IndexedFaceSet coordIndex='0 1 2 3 -1'>
					<Coordinate point='-0.280769 -0.677456 0.006361 -0.298418 -0.669949 0.004498 -0.223706 -0.502450 0.000253 -0.210476 -0.508134 0.000358'/>
				</IndexedFaceSet>
			</Shape>
			<Shape DEF='_IDX_454'>
				<Appearance USE='Material_23_IDX_23'/>
				<IndexedFaceSet coordIndex='0 1 2 3 -1'>
					<Coordinate point='-0.360102 -0.843034 0.059242 -0.382862 -0.838470 0.041890 -0.298418 -0.669949 0.004498 -0.280769 -0.677456 0.006361'/>
				</IndexedFaceSet>
			</Shape>
			<Shape DEF='_IDX_455'>
				<Appearance USE='Material_24_IDX_24'/>
				<IndexedFaceSet coordIndex='0 1 2 3 -1'>
					<Coordinate point='-0.718339 -0.893086 0.366811 -0.767537 -1.038547 0.259374 -0.382862 -0.838470 0.041890 -0.360102 -0.843034 0.059242'/>
				</IndexedFaceSet>
			</Shape>
			<Shape DEF='_IDX_456'>
				<Appearance USE='Material_25_IDX_25'/>
				<IndexedFaceSet coordIndex='0 1 2 3 -1'>
					<Coordinate point='-0.074568 -0.167483 0.000000 -0.078927 -0.165474 0.000000 0.000000 0.000000 0.000000 0.000000 0.000000 0.000000'/>
				</IndexedFaceSet>
			</Shape>
			<Shape DEF='_IDX_457'>
				<Appearance USE='Material_26_IDX_26'/>
				<IndexedFaceSet coordIndex='0 1 2 3 -1'>
					<Coordinate point='-0.149137 -0.334967 0.000004 -0.157854 -0.330948 0.000002 -0.078927 -0.165474 0.000000 -0.074568 -0.167483 0.000000'/>
				</IndexedFaceSet>
			</Shape>
			<Shape DEF='_IDX_458'>
				<Appearance USE='Material_27_IDX_27'/>
				<IndexedFaceSet coordIndex='0 1 2 3 -1'>
					<Coordinate point='-0.223706 -0.502450 0.000253 -0.236782 -0.496422 0.000131 -0.157854 -0.330948 0.000002 -0.149137 -0.334967 0.000004'/>
				</IndexedFaceSet>
			</Shape>
			<Shape DEF='_IDX_459'>
				<Appearance USE='Material_28_IDX_28'/>
				<IndexedFaceSet coordIndex='0 1 2 3 -1'>
					<Coordinate point='-0.298418 -0.669949 0.004498 -0.315828 -0.661978 0.002328 -0.236782 -0.496422 0.000131 -0.223706 -0.502450 0.000253'/>
				</IndexedFaceSet>
			</Shape>
			<Shape DEF='_IDX_460'>
				<Appearance USE='Material_29_IDX_29'/>
				<IndexedFaceSet coordIndex='0 1 2 3 -1'>
					<Coordinate point='-0.382862 -0.838470 0.041890 -0.402939 -0.833077 0.021684 -0.315828 -0.661978 0.002328 -0.298418 -0.669949 0.004498'/>
				</IndexedFaceSet>
			</Shape>
			<Shape DEF='_IDX_461'>
				<Appearance USE='Material_30_IDX_30'/>
				<IndexedFaceSet coordIndex='0 1 2 3 -1'>
					<Coordinate point='-0.767537 -1.038547 0.259374 -0.738840 -1.175164 0.134262 -0.402939 -0.833077 0.021684 -0.382862 -0.838470 0.041890'/>
				</IndexedFaceSet>
			</Shape>
			<Shape DEF='_IDX_462'>
				<Appearance USE='Material_31_IDX_31'/>
				<IndexedFaceSet coordIndex='0 1 2 3 -1'>
					<Coordinate point='-0.078927 -0.165474 0.000000 -0.083232 -0.163351 0.000000 0.000000 0.000000 0.000000 0.000000 0.000000 0.000000'/>
				</IndexedFaceSet>
			</Shape>
			<Shape DEF='_IDX_463'>
				<Appearance USE='Material_32_IDX_32'/>
				<IndexedFaceSet coordIndex='0 1 2 3 -1'>
					<Coordinate point='-0.157854 -0.330948 0.000002 -0.166463 -0.326702 0.000000 -0.083232 -0.163351 0.000000 -0.078927 -0.165474 0.000000'/>
				</IndexedFaceSet>
			</Shape>
			<Shape DEF='_IDX_464'>
				<Appearance USE='Material_33_IDX_33'/>
				<IndexedFaceSet coordIndex='0 1 2 3 -1'>
					<Coordinate point='-0.236782 -0.496422 0.000131 -0.249695 -0.490054 -0.000000 -0.166463 -0.326702 0.000000 -0.157854 -0.330948 0.000002'/>
				</IndexedFaceSet>
			</Shape>
			<Shape DEF='_IDX_465'>
				<Appearance USE='Material_34_IDX_34'/>
				<IndexedFaceSet coordIndex='0 1 2 3 -1'>
					<Coordinate point='-0.315828 -0.661978 0.002328 -0.332992 -0.653534 0.000000 -0.249695 -0.490054 -0.000000 -0.236782 -0.496422 0.000131'/>
				</IndexedFaceSet>
			</Shape>
			<Shape DEF='_IDX_466'>
				<Appearance USE='Material_35_IDX_35'/>
				<IndexedFaceSet coordIndex='0 1 2 3 -1'>
					<Coordinate point='-0.402939 -0.833077 0.021684 -0.420732 -0.825733 0.000000 -0.332992 -0.653534 0.000000 -0.315828 -0.661978 0.002328'/>
				</IndexedFaceSet>
			</Shape>
			<Shape DEF='_IDX_467'>
				<Appearance USE='Material_36_IDX_36'/>
				<IndexedFaceSet coordIndex='0 1 2 3 -1'>
					<Coordinate point='-0.738840 -1.175164 0.134262 -0.645525 -1.266913 -0.000000 -0.420732 -0.825733 0.000000 -0.402939 -0.833077 0.021684'/>
				</IndexedFaceSet>
			</Shape>
			<Shape DEF='_IDX_468'>
				<Appearance USE='Material_37_IDX_37'/>
				<IndexedFaceSet coordIndex='0 1 2 3 -1'>
					<Coordinate point='-0.532881 -0.733448 -0.083781 -0.510112 -0.751111 -0.080926 -0.332514 -0.767962 -0.501073 -0.457362 -0.629504 -0.518749'/>
				</IndexedFaceSet>
			</Shape>
			<Shape DEF='_IDX_469'>
				<Appearance USE='Material_38_IDX_38'/>
				<IndexedFaceSet coordIndex='0 1 2 3 -1'>
					<Coordinate point='-0.430957 -0.593162 -0.008996 -0.415234 -0.604297 -0.008689 -0.510112 -0.751111 -0.080926 -0.532881 -0.733448 -0.083781'/>
				</IndexedFaceSet>
			</Shape>
			<Shape DEF='_IDX_470'>
				<Appearance USE='Material_39_IDX_39'/>
				<IndexedFaceSet coordIndex='0 1 2 3 -1'>
					<Coordinate point='-0.323282 -0.444959 -0.000507 -0.311523 -0.453269 -0.000489 -0.415234 -0.604297 -0.008689 -0.430957 -0.593162 -0.008996'/>
				</IndexedFaceSet>
			</Shape>
			<Shape DEF='_IDX_471'>
				<Appearance USE='Material_40_IDX_40'/>
				<IndexedFaceSet coordIndex='0 1 2 3 -1'>
					<Coordinate point='-0.215521 -0.296640 -0.000009 -0.207682 -0.302180 -0.000008 -0.311523 -0.453269 -0.000489 -0.323282 -0.444959 -0.000507'/>
				</IndexedFaceSet>
			</Shape>
			<Shape DEF='_IDX_472'>
				<Appearance USE='Material_41_IDX_41'/>
				<IndexedFaceSet coordIndex='0 1 2 3 -1'>
					<Coordinate point='-0.107761 -0.148320 -0.000000 -0.103841 -0.151090 -0.000000 -0.207682 -0.302180 -0.000008 -0.215521 -0.296640 -0.000009'/>
				</IndexedFaceSet>
			</Shape>
			<Shape DEF='_IDX_473'>
				<Appearance USE='Material_42_IDX_42'/>
				<IndexedFaceSet coordIndex='0 1 2 3 -1'>
					<Coordinate point='0.000000 0.000000 0.000000 0.000000 0.000000 0.000000 -0.103841 -0.151090 -0.000000 -0.107761 -0.148320 -0.000000'/>
				</IndexedFaceSet>
			</Shape>
			<Shape DEF='_IDX_474'>
				<Appearance USE='Material_43_IDX_43'/>
				<IndexedFaceSet coordIndex='0 1 2 3 -1'>
					<Coordinate point='-0.510112 -0.751111 -0.080926 -0.489191 -0.769309 -0.072556 -0.277654 -0.939384 -0.449249 -0.332514 -0.767962 -0.501073'/>
				</IndexedFaceSet>
			</Shape>
			<Shape DEF='_IDX_475'>
				<Appearance USE='Material_44_IDX_44'/>
				<IndexedFaceSet coordIndex='0 1 2 3 -1'>
					<Coordinate point='-0.415234 -0.604297 -0.008689 -0.399257 -0.615033 -0.007791 -0.489191 -0.769309 -0.072556 -0.510112 -0.751111 -0.080926'/>
				</IndexedFaceSet>
			</Shape>
			<Shape DEF='_IDX_476'>
				<Appearance USE='Material_45_IDX_45'/>
				<IndexedFaceSet coordIndex='0 1 2 3 -1'>
					<Coordinate point='-0.311523 -0.453269 -0.000489 -0.299551 -0.461269 -0.000439 -0.399257 -0.615033 -0.007791 -0.415234 -0.604297 -0.008689'/>
				</IndexedFaceSet>
			</Shape>
			<Shape DEF='_IDX_477'>
				<Appearance USE='Material_46_IDX_46'/>
				<IndexedFaceSet coordIndex='0 1 2 3 -1'>
					<Coordinate point='-0.207682 -0.302180 -0.000008 -0.199701 -0.307513 -0.000008 -0.299551 -0.461269 -0.000439 -0.311523 -0.453269 -0.000489'/>
				</IndexedFaceSet>
			</Shape>
			<Shape DEF='_IDX_478'>
				<Appearance USE='Material_47_IDX_47'/>
				<IndexedFaceSet coordIndex='0 1 2 3 -1'>
					<Coordinate point='-0.103841 -0.151090 -0.000000 -0.099850 -0.153756 -0.000000 -0.199701 -0.307513 -0.000008 -0.207682 -0.302180 -0.000008'/>
				</IndexedFaceSet>
			</Shape>
			<Shape DEF='_IDX_479'>
				<Appearance USE='Material_48_IDX_48'/>
				<IndexedFaceSet coordIndex='0 1 2 3 -1'>
					<Coordinate point='0.000000 0.000000 0.000000 0.000000 0.000000 0.000000 -0.099850 -0.153756 -0.000000 -0.103841 -0.151090 -0.000000'/>
				</IndexedFaceSet>
			</Shape>
			<Shape DEF='_IDX_480'>
				<Appearance USE='Material_49_IDX_49'/>
				<IndexedFaceSet coordIndex='0 1 2 3 -1'>
					<Coordinate point='-0.489191 -0.769309 -0.072556 -0.470366 -0.786851 -0.059242 -0.300292 -1.106091 -0.366811 -0.277654 -0.939384 -0.449249'/>
				</IndexedFaceSet>
			</Shape>
			<Shape DEF='_IDX_481'>
				<Appearance USE='Material_50_IDX_50'/>
				<IndexedFaceSet coordIndex='0 1 2 3 -1'>
					<Coordinate point='-0.399257 -0.615033 -0.007791 -0.383042 -0.625345 -0.006361 -0.470366 -0.786851 -0.059242 -0.489191 -0.769309 -0.072556'/>
				</IndexedFaceSet>
			</Shape>
			<Shape DEF='_IDX_482'>
				<Appearance USE='Material_51_IDX_51'/>
				<IndexedFaceSet coordIndex='0 1 2 3 -1'>
					<Coordinate point='-0.299551 -0.461269 -0.000439 -0.287374 -0.468952 -0.000358 -0.383042 -0.625345 -0.006361 -0.399257 -0.615033 -0.007791'/>
				</IndexedFaceSet>
			</Shape>
			<Shape DEF='_IDX_483'>
				<Appearance USE='Material_52_IDX_52'/>
				<IndexedFaceSet coordIndex='0 1 2 3 -1'>
					<Coordinate point='-0.199701 -0.307513 -0.000008 -0.191583 -0.312635 -0.000006 -0.287374 -0.468952 -0.000358 -0.299551 -0.461269 -0.000439'/>
				</IndexedFaceSet>
			</Shape>
			<Shape DEF='_IDX_484'>
				<Appearance USE='Material_53_IDX_53'/>
				<IndexedFaceSet coordIndex='0 1 2 3 -1'>
					<Coordinate point='-0.099850 -0.153756 -0.000000 -0.095791 -0.156317 -0.000000 -0.191583 -0.312635 -0.000006 -0.199701 -0.307513 -0.000008'/>
				</IndexedFaceSet>
			</Shape>
			<Shape DEF='_IDX_485'>
				<Appearance USE='Material_54_IDX_54'/>
				<IndexedFaceSet coordIndex='0 1 2 3 -1'>
					<Coordinate point='0.000000 0.000000 0.000000 0.000000 0.000000 0.000000 -0.095791 -0.156317 -0.000000 -0.099850 -0.153756 -0.000000'/>
				</IndexedFaceSet>
			</Shape>
			<Shape DEF='_IDX_486'>
				<Appearance USE='Material_55_IDX_55'/>
				<IndexedFaceSet coordIndex='0 1 2 3 -1'>
					<Coordinate point='-0.470366 -0.786851 -0.059242 -0.453296 -0.802582 -0.041890 -0.389055 -1.231393 -0.259374 -0.300292 -1.106091 -0.366811'/>
				</IndexedFaceSet>
			</Shape>
			<Shape DEF='_IDX_487'>
				<Appearance USE='Material_56_IDX_56'/>
				<IndexedFaceSet coordIndex='0 1 2 3 -1'>
					<Coordinate point='-0.383042 -0.625345 -0.006361 -0.366594 -0.635211 -0.004498 -0.453296 -0.802582 -0.041890 -0.470366 -0.786851 -0.059242'/>
				</IndexedFaceSet>
			</Shape>
			<Shape DEF='_IDX_488'>
				<Appearance USE='Material_57_IDX_57'/>
				<IndexedFaceSet coordIndex='0 1 2 3 -1'>
					<Coordinate point='-0.287374 -0.468952 -0.000358 -0.275000 -0.476315 -0.000253 -0.366594 -0.635211 -0.004498 -0.383042 -0.625345 -0.006361'/>
				</IndexedFaceSet>
			</Shape>
			<Shape DEF='_IDX_489'>
				<Appearance USE='Material_58_IDX_58'/>
				<IndexedFaceSet coordIndex='0 1 2 3 -1'>
					<Coordinate point='-0.191583 -0.312635 -0.000006 -0.183333 -0.317543 -0.000004 -0.275000 -0.476315 -0.000253 -0.287374 -0.468952 -0.000358'/>
				</IndexedFaceSet>
			</Shape>
			<Shape DEF='_IDX_490'>
				<Appearance USE='Material_59_IDX_59'/>
				<IndexedFaceSet coordIndex='0 1 2 3 -1'>
					<Coordinate point='-0.095791 -0.156317 -0.000000 -0.091667 -0.158771 -0.000000 -0.183333 -0.317543 -0.000004 -0.191583 -0.312635 -0.000006'/>
				</IndexedFaceSet>
			</Shape>
			<Shape DEF='_IDX_491'>
				<Appearance USE='Material_60_IDX_60'/>
				<IndexedFaceSet coordIndex='0 1 2 3 -1'>
					<Coordinate point='0.000000 0.000000 0.000000 0.000000 0.000000 0.000000 -0.091667 -0.158771 -0.000000 -0.095791 -0.156317 -0.000000'/>
				</IndexedFaceSet>
			</Shape>
			<Shape DEF='_IDX_492'>
				<Appearance USE='Material_61_IDX_61'/>
				<IndexedFaceSet coordIndex='0 1 2 3 -1'>
					<Coordinate point='-0.453296 -0.802582 -0.041890 -0.437132 -0.815654 -0.021684 -0.516449 -1.288478 -0.134262 -0.389055 -1.231393 -0.259374'/>
				</IndexedFaceSet>
			</Shape>
			<Shape DEF='_IDX_493'>
				<Appearance USE='Material_62_IDX_62'/>
				<IndexedFaceSet coordIndex='0 1 2 3 -1'>
					<Coordinate point='-0.366594 -0.635211 -0.004498 -0.349913 -0.644611 -0.002328 -0.437132 -0.815654 -0.021684 -0.453296 -0.802582 -0.041890'/>
				</IndexedFaceSet>
			</Shape>
			<Shape DEF='_IDX_494'>
				<Appearance USE='Material_63_IDX_63'/>
				<IndexedFaceSet coordIndex='0 1 2 3 -1'>
					<Coordinate point='-0.275000 -0.476315 -0.000253 -0.262437 -0.483350 -0.000131 -0.349913 -0.644611 -0.002328 -0.366594 -0.635211 -0.004498'/>
				</IndexedFaceSet>
			</Shape>
			<Shape DEF='_IDX_495'>
				<Appearance USE='Material_64_IDX_64'/>
				<IndexedFaceSet coordIndex='0 1 2 3 -1'>
					<Coordinate point='-0.183333 -0.317543 -0.000004 -0.174958 -0.322233 -0.000002 -0.262437 -0.483350 -0.000131 -0.275000 -0.476315 -0.000253'/>
				</IndexedFaceSet>
			</Shape>
			<Shape DEF='_IDX_496'>
				<Appearance USE='Material_65_IDX_65'/>
				<IndexedFaceSet coordIndex='0 1 2 3 -1'>
					<Coordinate point='-0.091667 -0.158771 -0.000000 -0.087479 -0.161116 -0.000000 -0.174958 -0.322233 -0.000002 -0.183333 -0.317543 -0.000004'/>
				</IndexedFaceSet>
			</Shape>
			<Shape DEF='_IDX_497'>
				<Appearance USE='Material_66_IDX_66'/>
				<IndexedFaceSet coordIndex='0 1 2 3 -1'>
					<Coordinate point='0.000000 0.000000 0.000000 0.000000 0.000000 0.000000 -0.087479 -0.161116 -0.000000 -0.091667 -0.158771 -0.000000'/>
				</IndexedFaceSet>
			</Shape>
			<Shape DEF='_IDX_498'>
				<Appearance USE='Material_67_IDX_67'/>
				<IndexedFaceSet coordIndex='0 1 2 3 -1'>
					<Coordinate point='-0.437132 -0.815654 -0.021684 -0.420732 -0.825733 -0.000000 -0.645525 -1.266913 -0.000000 -0.516449 -1.288478 -0.134262'/>
				</IndexedFaceSet>
			</Shape>
			<Shape DEF='_IDX_499'>
				<Appearance USE='Material_68_IDX_68'/>
				<IndexedFaceSet coordIndex='0 1 2 3 -1'>
					<Coordinate point='-0.349913 -0.644611 -0.002328 -0.332992 -0.653534 -0.000000 -0.420732 -0.825733 -0.000000 -0.437132 -0.815654 -0.021684'/>
				</IndexedFaceSet>
			</Shape>
			<Shape DEF='_IDX_500'>
				<Appearance USE='Material_69_IDX_69'/>
				<IndexedFaceSet coordIndex='0 1 2 3 -1'>
					<Coordinate point='-0.262437 -0.483350 -0.000131 -0.249695 -0.490054 -0.000000 -0.332992 -0.653534 -0.000000 -0.349913 -0.644611 -0.002328'/>
				</IndexedFaceSet>
			</Shape>
			<Shape DEF='_IDX_501'>
				<Appearance USE='Material_70_IDX_70'/>
				<IndexedFaceSet coordIndex='0 1 2 3 -1'>
					<Coordinate point='-0.174958 -0.322233 -0.000002 -0.166463 -0.326702 -0.000000 -0.249695 -0.490054 -0.000000 -0.262437 -0.483350 -0.000131'/>
				</IndexedFaceSet>
			</Shape>
			<Shape DEF='_IDX_502'>
				<Appearance USE='Material_71_IDX_71'/>
				<IndexedFaceSet coordIndex='0 1 2 3 -1'>
					<Coordinate point='-0.087479 -0.161116 -0.000000 -0.083232 -0.163351 -0.000000 -0.166463 -0.326702 -0.000000 -0.174958 -0.322233 -0.000002'/>
				</IndexedFaceSet>
			</Shape>
			<Shape DEF='_IDX_503'>
				<Appearance USE='Material_72_IDX_72'/>
				<IndexedFaceSet coordIndex='0 1 2 3 -1'>
					<Coordinate point='0.000000 0.000000 0.000000 0.000000 0.000000 0.000000 -0.083232 -0.163351 -0.000000 -0.087479 -0.161116 -0.000000'/>
				</IndexedFaceSet>
			</Shape>
			<Shape DEF='_IDX_504'>
				<Appearance USE='Material_73_IDX_73'/>
				<IndexedFaceSet coordIndex='0 1 2 3 -1'>
					<Coordinate point='-0.280152 -0.862220 0.083781 -0.253039 -0.871983 0.080926 -0.078926 -0.833127 0.501073 -0.240449 -0.740027 0.518749'/>
				</IndexedFaceSet>
			</Shape>
			<Shape DEF='_IDX_505'>
				<Appearance USE='Material_5_IDX_5'/>
				<IndexedFaceSet coordIndex='0 1 2 3 -1'>
					<Coordinate point='-0.226568 -0.697303 0.008996 -0.208173 -0.703035 0.008689 -0.253039 -0.871983 0.080926 -0.280152 -0.862220 0.083781'/>
				</IndexedFaceSet>
			</Shape>
			<Shape DEF='_IDX_506'>
				<Appearance USE='Material_4_IDX_4'/>
				<IndexedFaceSet coordIndex='0 1 2 3 -1'>
					<Coordinate point='-0.169959 -0.523081 0.000507 -0.156208 -0.527350 0.000489 -0.208173 -0.703035 0.008689 -0.226568 -0.697303 0.008996'/>
				</IndexedFaceSet>
			</Shape>
			<Shape DEF='_IDX_507'>
				<Appearance USE='Material_3_IDX_3'/>
				<IndexedFaceSet coordIndex='0 1 2 3 -1'>
					<Coordinate point='-0.113306 -0.348721 0.000009 -0.104139 -0.351567 0.000008 -0.156208 -0.527350 0.000489 -0.169959 -0.523081 0.000507'/>
				</IndexedFaceSet>
			</Shape>
			<Shape DEF='_IDX_508'>
				<Appearance USE='Material_2_IDX_2'/>
				<IndexedFaceSet coordIndex='0 1 2 3 -1'>
					<Coordinate point='-0.056653 -0.174360 0.000000 -0.052069 -0.175784 0.000000 -0.104139 -0.351567 0.000008 -0.113306 -0.348721 0.000009'/>
				</IndexedFaceSet>
			</Shape>
			<Shape DEF='_IDX_509'>
				<Appearance USE='Material_1_IDX_1'/>
				<IndexedFaceSet coordIndex='0 1 2 3 -1'>
					<Coordinate point='0.000000 0.000000 0.000000 0.000000 0.000000 0.000000 -0.052069 -0.175784 0.000000 -0.056653 -0.174360 0.000000'/>
				</IndexedFaceSet>
			</Shape>
			<Shape DEF='_IDX_510'>
				<Appearance USE='Material_74_IDX_74'/>
				<IndexedFaceSet coordIndex='0 1 2 3 -1'>
					<Coordinate point='-0.253039 -0.871983 0.080926 -0.227519 -0.882824 0.072556 0.026221 -0.979207 0.449249 -0.078926 -0.833127 0.501073'/>
				</IndexedFaceSet>
			</Shape>
			<Shape DEF='_IDX_511'>
				<Appearance USE='Material_11_IDX_11'/>
				<IndexedFaceSet coordIndex='0 1 2 3 -1'>
					<Coordinate point='-0.208173 -0.703035 0.008689 -0.189660 -0.708308 0.007791 -0.227519 -0.882824 0.072556 -0.253039 -0.871983 0.080926'/>
				</IndexedFaceSet>
			</Shape>
			<Shape DEF='_IDX_512'>
				<Appearance USE='Material_10_IDX_10'/>
				<IndexedFaceSet coordIndex='0 1 2 3 -1'>
					<Coordinate point='-0.156208 -0.527350 0.000489 -0.142350 -0.531259 0.000439 -0.189660 -0.708308 0.007791 -0.208173 -0.703035 0.008689'/>
				</IndexedFaceSet>
			</Shape>
			<Shape DEF='_IDX_513'>
				<Appearance USE='Material_9_IDX_9'/>
				<IndexedFaceSet coordIndex='0 1 2 3 -1'>
					<Coordinate point='-0.104139 -0.351567 0.000008 -0.094900 -0.354173 0.000008 -0.142350 -0.531259 0.000439 -0.156208 -0.527350 0.000489'/>
				</IndexedFaceSet>
			</Shape>
			<Shape DEF='_IDX_514'>
				<Appearance USE='Material_8_IDX_8'/>
				<IndexedFaceSet coordIndex='0 1 2 3 -1'>
					<Coordinate point='-0.052069 -0.175784 0.000000 -0.047450 -0.177086 0.000000 -0.094900 -0.354173 0.000008 -0.104139 -0.351567 0.000008'/>
				</IndexedFaceSet>
			</Shape>
			<Shape DEF='_IDX_515'>
				<Appearance USE='Material_7_IDX_7'/>
				<IndexedFaceSet coordIndex='0 1 2 3 -1'>
					<Coordinate point='0.000000 0.000000 0.000000 0.000000 0.000000 0.000000 -0.047450 -0.177086 0.000000 -0.052069 -0.175784 0.000000'/>
				</IndexedFaceSet>
			</Shape>
			<Shape DEF='_IDX_516'>
				<Appearance USE='Material_18_IDX_18'/>
				<IndexedFaceSet coordIndex='0 1 2 3 -1'>
					<Coordinate point='-0.227519 -0.882824 0.072556 -0.204195 -0.893691 0.059242 0.056206 -1.144751 0.366811 0.026221 -0.979207 0.449249'/>
				</IndexedFaceSet>
			</Shape>
			<Shape DEF='_IDX_517'>
				<Appearance USE='Material_17_IDX_17'/>
				<IndexedFaceSet coordIndex='0 1 2 3 -1'>
					<Coordinate point='-0.189660 -0.708308 0.007791 -0.171052 -0.713105 0.006361 -0.204195 -0.893691 0.059242 -0.227519 -0.882824 0.072556'/>
				</IndexedFaceSet>
			</Shape>
			<Shape DEF='_IDX_518'>
				<Appearance USE='Material_16_IDX_16'/>
				<IndexedFaceSet coordIndex='0 1 2 3 -1'>
					<Coordinate point='-0.142350 -0.531259 0.000439 -0.128394 -0.534804 0.000358 -0.171052 -0.713105 0.006361 -0.189660 -0.708308 0.007791'/>
				</IndexedFaceSet>
			</Shape>
			<Shape DEF='_IDX_519'>
				<Appearance USE='Material_15_IDX_15'/>
				<IndexedFaceSet coordIndex='0 1 2 3 -1'>
					<Coordinate point='-0.094900 -0.354173 0.000008 -0.085597 -0.356536 0.000006 -0.128394 -0.534804 0.000358 -0.142350 -0.531259 0.000439'/>
				</IndexedFaceSet>
			</Shape>
			<Shape DEF='_IDX_520'>
				<Appearance USE='Material_14_IDX_14'/>
				<IndexedFaceSet coordIndex='0 1 2 3 -1'>
					<Coordinate point='-0.047450 -0.177086 0.000000 -0.042798 -0.178268 0.000000 -0.085597 -0.356536 0.000006 -0.094900 -0.354173 0.000008'/>
				</IndexedFaceSet>
			</Shape>
			<Shape DEF='_IDX_521'>
				<Appearance USE='Material_13_IDX_13'/>
				<IndexedFaceSet coordIndex='0 1 2 3 -1'>
					<Coordinate point='0.000000 0.000000 0.000000 0.000000 0.000000 0.000000 -0.042798 -0.178268 0.000000 -0.047450 -0.177086 0.000000'/>
				</IndexedFaceSet>
			</Shape>
			<Shape DEF='_IDX_522'>
				<Appearance USE='Material_24_IDX_24'/>
				<IndexedFaceSet coordIndex='0 1 2 3 -1'>
					<Coordinate point='-0.204195 -0.893691 0.059242 -0.183098 -0.903377 0.041890 0.010508 -1.291349 0.259374 0.056206 -1.144751 0.366811'/>
				</IndexedFaceSet>
			</Shape>
			<Shape DEF='_IDX_523'>
				<Appearance USE='Material_23_IDX_23'/>
				<IndexedFaceSet coordIndex='0 1 2 3 -1'>
					<Coordinate point='-0.171052 -0.713105 0.006361 -0.152361 -0.717405 0.004498 -0.183098 -0.903377 0.041890 -0.204195 -0.893691 0.059242'/>
				</IndexedFaceSet>
			</Shape>
			<Shape DEF='_IDX_524'>
				<Appearance USE='Material_22_IDX_22'/>
				<IndexedFaceSet coordIndex='0 1 2 3 -1'>
					<Coordinate point='-0.128394 -0.534804 0.000358 -0.114351 -0.537982 0.000253 -0.152361 -0.717405 0.004498 -0.171052 -0.713105 0.006361'/>
				</IndexedFaceSet>
			</Shape>
			<Shape DEF='_IDX_525'>
				<Appearance USE='Material_21_IDX_21'/>
				<IndexedFaceSet coordIndex='0 1 2 3 -1'>
					<Coordinate point='-0.085597 -0.356536 0.000006 -0.076234 -0.358654 0.000004 -0.114351 -0.537982 0.000253 -0.128394 -0.534804 0.000358'/>
				</IndexedFaceSet>
			</Shape>
			<Shape DEF='_IDX_526'>
				<Appearance USE='Material_20_IDX_20'/>
				<IndexedFaceSet coordIndex='0 1 2 3 -1'>
					<Coordinate point='-0.042798 -0.178268 0.000000 -0.038117 -0.179327 0.000000 -0.076234 -0.358654 0.000004 -0.085597 -0.356536 0.000006'/>
				</IndexedFaceSet>
			</Shape>
			<Shape DEF='_IDX_527'>
				<Appearance USE='Material_19_IDX_19'/>
				<IndexedFaceSet coordIndex='0 1 2 3 -1'>
					<Coordinate point='0.000000 0.000000 0.000000 0.000000 0.000000 0.000000 -0.038117 -0.179327 0.000000 -0.042798 -0.178268 0.000000'/>
				</IndexedFaceSet>
			</Shape>
			<Shape DEF='_IDX_528'>
				<Appearance USE='Material_30_IDX_30'/>
				<IndexedFaceSet coordIndex='0 1 2 3 -1'>
					<Coordinate point='-0.183098 -0.903377 0.041890 -0.163686 -0.910815 0.021684 -0.093010 -1.385007 0.134262 0.010508 -1.291349 0.259374'/>
				</IndexedFaceSet>
			</Shape>
			<Shape DEF='_IDX_529'>
				<Appearance USE='Material_29_IDX_29'/>
				<IndexedFaceSet coordIndex='0 1 2 3 -1'>
					<Coordinate point='-0.152361 -0.717405 0.004498 -0.133591 -0.721190 0.002328 -0.163686 -0.910815 0.021684 -0.183098 -0.903377 0.041890'/>
				</IndexedFaceSet>
			</Shape>
			<Shape DEF='_IDX_530'>
				<Appearance USE='Material_28_IDX_28'/>
				<IndexedFaceSet coordIndex='0 1 2 3 -1'>
					<Coordinate point='-0.114351 -0.537982 0.000253 -0.100229 -0.540791 0.000131 -0.133591 -0.721190 0.002328 -0.152361 -0.717405 0.004498'/>
				</IndexedFaceSet>
			</Shape>
			<Shape DEF='_IDX_531'>
				<Appearance USE='Material_27_IDX_27'/>
				<IndexedFaceSet coordIndex='0 1 2 3 -1'>
					<Coordinate point='-0.076234 -0.358654 0.000004 -0.066820 -0.360527 0.000002 -0.100229 -0.540791 0.000131 -0.114351 -0.537982 0.000253'/>
				</IndexedFaceSet>
			</Shape>
			<Shape DEF='_IDX_532'>
				<Appearance USE='Material_26_IDX_26'/>
				<IndexedFaceSet coordIndex='0 1 2 3 -1'>
					<Coordinate point='-0.038117 -0.179327 0.000000 -0.033410 -0.180263 0.000000 -0.066820 -0.360527 0.000002 -0.076234 -0.358654 0.000004'/>
				</IndexedFaceSet>
			</Shape>
			<Shape DEF='_IDX_533'>
				<Appearance USE='Material_25_IDX_25'/>
				<IndexedFaceSet coordIndex='0 1 2 3 -1'>
					<Coordinate point='0.000000 0.000000 0.000000 0.000000 0.000000 0.000000 -0.033410 -0.180263 0.000000 -0.038117 -0.179327 0.000000'/>
				</IndexedFaceSet>
			</Shape>
			<Shape DEF='_IDX_534'>
				<Appearance USE='Material_36_IDX_36'/>
				<IndexedFaceSet coordIndex='0 1 2 3 -1'>
					<Coordinate point='-0.163686 -0.910815 0.021684 -0.144974 -0.915332 0.000000 -0.222433 -1.404384 -0.000000 -0.093010 -1.385007 0.134262'/>
				</IndexedFaceSet>
			</Shape>
			<Shape DEF='_IDX_535'>
				<Appearance USE='Material_35_IDX_35'/>
				<IndexedFaceSet coordIndex='0 1 2 3 -1'>
					<Coordinate point='-0.133591 -0.721190 0.002328 -0.114741 -0.724448 0.000000 -0.144974 -0.915332 0.000000 -0.163686 -0.910815 0.021684'/>
				</IndexedFaceSet>
			</Shape>
			<Shape DEF='_IDX_536'>
				<Appearance USE='Material_34_IDX_34'/>
				<IndexedFaceSet coordIndex='0 1 2 3 -1'>
					<Coordinate point='-0.100229 -0.540791 0.000131 -0.086039 -0.543229 -0.000000 -0.114741 -0.724448 0.000000 -0.133591 -0.721190 0.002328'/>
				</IndexedFaceSet>
			</Shape>
			<Shape DEF='_IDX_537'>
				<Appearance USE='Material_33_IDX_33'/>
				<IndexedFaceSet coordIndex='0 1 2 3 -1'>
					<Coordinate point='-0.066820 -0.360527 0.000002 -0.057359 -0.362152 0.000000 -0.086039 -0.543229 -0.000000 -0.100229 -0.540791 0.000131'/>
				</IndexedFaceSet>
			</Shape>
			<Shape DEF='_IDX_538'>
				<Appearance USE='Material_32_IDX_32'/>
				<IndexedFaceSet coordIndex='0 1 2 3 -1'>
					<Coordinate point='-0.033410 -0.180263 0.000000 -0.028680 -0.181076 0.000000 -0.057359 -0.362152 0.000000 -0.066820 -0.360527 0.000002'/>
				</IndexedFaceSet>
			</Shape>
			<Shape DEF='_IDX_539'>
				<Appearance USE='Material_31_IDX_31'/>
				<IndexedFaceSet coordIndex='0 1 2 3 -1'>
					<Coordinate point='0.000000 0.000000 0.000000 0.000000 0.000000 0.000000 -0.028680 -0.181076 0.000000 -0.033410 -0.180263 0.000000'/>
				</IndexedFaceSet>
			</Shape>
			<Shape DEF='_IDX_540'>
				<Appearance USE='Material_42_IDX_42'/>
				<IndexedFaceSet coordIndex='0 1 2 3 -1'>
					<Coordinate point='-0.000000 -0.183333 -0.000000 -0.004799 -0.183271 -0.000000 0.000000 0.000000 0.000000 0.000000 0.000000 0.000000'/>
				</IndexedFaceSet>
			</Shape>
			<Shape DEF='_IDX_541'>
				<Appearance USE='Material_41_IDX_41'/>
				<IndexedFaceSet coordIndex='0 1 2 3 -1'>
					<Coordinate point='-0.000000 -0.366667 -0.000009 -0.009598 -0.366541 -0.000008 -0.004799 -0.183271 -0.000000 -0.000000 -0.183333 -0.000000'/>
				</IndexedFaceSet>
			</Shape>
			<Shape DEF='_IDX_542'>
				<Appearance USE='Material_40_IDX_40'/>
				<IndexedFaceSet coordIndex='0 1 2 3 -1'>
					<Coordinate point='-0.000000 -0.549999 -0.000507 -0.014398 -0.549811 -0.000489 -0.009598 -0.366541 -0.000008 -0.000000 -0.366667 -0.000009'/>
				</IndexedFaceSet>
			</Shape>
			<Shape DEF='_IDX_543'>
				<Appearance USE='Material_39_IDX_39'/>
				<IndexedFaceSet coordIndex='0 1 2 3 -1'>
					<Coordinate point='-0.000000 -0.733188 -0.008996 -0.019266 -0.732954 -0.008689 -0.014398 -0.549811 -0.000489 -0.000000 -0.549999 -0.000507'/>
				</IndexedFaceSet>
			</Shape>
			<Shape DEF='_IDX_544'>
				<Appearance USE='Material_38_IDX_38'/>
				<IndexedFaceSet coordIndex='0 1 2 3 -1'>
					<Coordinate point='-0.000000 -0.906591 -0.083781 -0.028803 -0.907498 -0.080926 -0.019266 -0.732954 -0.008689 -0.000000 -0.733188 -0.008996'/>
				</IndexedFaceSet>
			</Shape>
			<Shape DEF='_IDX_545'>
				<Appearance USE='Material_75_IDX_75'/>
				<IndexedFaceSet coordIndex='0 1 2 3 -1'>
					<Coordinate point='-0.000000 -0.778110 -0.518749 -0.182387 -0.816741 -0.501073 -0.028803 -0.907498 -0.080926 -0.000000 -0.906591 -0.083781'/>
				</IndexedFaceSet>
			</Shape>
			<Shape DEF='_IDX_546'>
				<Appearance USE='Material_48_IDX_48'/>
				<IndexedFaceSet coordIndex='0 1 2 3 -1'>
					<Coordinate point='-0.004799 -0.183271 -0.000000 -0.009595 -0.183082 -0.000000 0.000000 0.000000 0.000000 0.000000 0.000000 0.000000'/>
				</IndexedFaceSet>
			</Shape>
			<Shape DEF='_IDX_547'>
				<Appearance USE='Material_47_IDX_47'/>
				<IndexedFaceSet coordIndex='0 1 2 3 -1'>
					<Coordinate point='-0.009598 -0.366541 -0.000008 -0.019190 -0.366164 -0.000008 -0.009595 -0.183082 -0.000000 -0.004799 -0.183271 -0.000000'/>
				</IndexedFaceSet>
			</Shape>
			<Shape DEF='_IDX_548'>
				<Appearance USE='Material_46_IDX_46'/>
				<IndexedFaceSet coordIndex='0 1 2 3 -1'>
					<Coordinate point='-0.014398 -0.549811 -0.000489 -0.028785 -0.549246 -0.000439 -0.019190 -0.366164 -0.000008 -0.009598 -0.366541 -0.000008'/>
				</IndexedFaceSet>
			</Shape>
			<Shape DEF='_IDX_549'>
				<Appearance USE='Material_45_IDX_45'/>
				<IndexedFaceSet coordIndex='0 1 2 3 -1'>
					<Coordinate point='-0.019266 -0.732954 -0.008689 -0.038501 -0.732249 -0.007791 -0.028785 -0.549246 -0.000439 -0.014398 -0.549811 -0.000489'/>
				</IndexedFaceSet>
			</Shape>
			<Shape DEF='_IDX_550'>
				<Appearance USE='Material_44_IDX_44'/>
				<IndexedFaceSet coordIndex='0 1 2 3 -1'>
					<Coordinate point='-0.028803 -0.907498 -0.080926 -0.056425 -0.909923 -0.072556 -0.038501 -0.732249 -0.007791 -0.019266 -0.732954 -0.008689'/>
				</IndexedFaceSet>
			</Shape>
			<Shape DEF='_IDX_551'>
				<Appearance USE='Material_76_IDX_76'/>
				<IndexedFaceSet coordIndex='0 1 2 3 -1'>
					<Coordinate point='-0.182387 -0.816741 -0.501073 -0.327529 -0.923179 -0.449249 -0.056425 -0.909923 -0.072556 -0.028803 -0.907498 -0.080926'/>
				</IndexedFaceSet>
			</Shape>
			<Shape DEF='_IDX_552'>
				<Appearance USE='Material_54_IDX_54'/>
				<IndexedFaceSet coordIndex='0 1 2 3 -1'>
					<Coordinate point='-0.009595 -0.183082 -0.000000 -0.014384 -0.182768 -0.000000 0.000000 0.000000 0.000000 0.000000 0.000000 0.000000'/>
				</IndexedFaceSet>
			</Shape>
			<Shape DEF='_IDX_553'>
				<Appearance USE='Material_53_IDX_53'/>
				<IndexedFaceSet coordIndex='0 1 2 3 -1'>
					<Coordinate point='-0.019190 -0.366164 -0.000008 -0.028768 -0.365536 -0.000006 -0.014384 -0.182768 -0.000000 -0.009595 -0.183082 -0.000000'/>
				</IndexedFaceSet>
			</Shape>
			<Shape DEF='_IDX_554'>
				<Appearance USE='Material_52_IDX_52'/>
				<IndexedFaceSet coordIndex='0 1 2 3 -1'>
					<Coordinate point='-0.028785 -0.549246 -0.000439 -0.043153 -0.548304 -0.000358 -0.028768 -0.365536 -0.000006 -0.019190 -0.366164 -0.000008'/>
				</IndexedFaceSet>
			</Shape>
			<Shape DEF='_IDX_555'>
				<Appearance USE='Material_51_IDX_51'/>
				<IndexedFaceSet coordIndex='0 1 2 3 -1'>
					<Coordinate point='-0.038501 -0.732249 -0.007791 -0.057681 -0.731061 -0.006361 -0.043153 -0.548304 -0.000358 -0.028785 -0.549246 -0.000439'/>
				</IndexedFaceSet>
			</Shape>
			<Shape DEF='_IDX_556'>
				<Appearance USE='Material_50_IDX_50'/>
				<IndexedFaceSet coordIndex='0 1 2 3 -1'>
					<Coordinate point='-0.056425 -0.909923 -0.072556 -0.081965 -0.913050 -0.059242 -0.057681 -0.731061 -0.006361 -0.038501 -0.732249 -0.007791'/>
				</IndexedFaceSet>
			</Shape>
			<Shape DEF='_IDX_557'>
				<Appearance USE='Material_49_IDX_49'/>
				<IndexedFaceSet coordIndex='0 1 2 3 -1'>
					<Coordinate point='-0.327529 -0.923179 -0.449249 -0.407203 -1.071354 -0.366811 -0.081965 -0.913050 -0.059242 -0.056425 -0.909923 -0.072556'/>
				</IndexedFaceSet>
			</Shape>
			<Shape DEF='_IDX_558'>
				<Appearance USE='Material_60_IDX_60'/>
				<IndexedFaceSet coordIndex='0 1 2 3 -1'>
					<Coordinate point='-0.014384 -0.182768 -0.000000 -0.019164 -0.182329 -0.000000 0.000000 0.000000 0.000000 0.000000 0.000000 0.000000'/>
				</IndexedFaceSet>
			</Shape>
			<Shape DEF='_IDX_559'>
				<Appearance USE='Material_59_IDX_59'/>
				<IndexedFaceSet coordIndex='0 1 2 3 -1'>
					<Coordinate point='-0.028768 -0.365536 -0.000006 -0.038327 -0.364658 -0.000004 -0.019164 -0.182329 -0.000000 -0.014384 -0.182768 -0.000000'/>
				</IndexedFaceSet>
			</Shape>
			<Shape DEF='_IDX_560'>
				<Appearance USE='Material_58_IDX_58'/>
				<IndexedFaceSet coordIndex='0 1 2 3 -1'>
					<Coordinate point='-0.043153 -0.548304 -0.000358 -0.057491 -0.546987 -0.000253 -0.038327 -0.364658 -0.000004 -0.028768 -0.365536 -0.000006'/>
				</IndexedFaceSet>
			</Shape>
			<Shape DEF='_IDX_561'>
				<Appearance USE='Material_57_IDX_57'/>
				<IndexedFaceSet coordIndex='0 1 2 3 -1'>
					<Coordinate point='-0.057681 -0.731061 -0.006361 -0.076787 -0.729375 -0.004498 -0.057491 -0.546987 -0.000253 -0.043153 -0.548304 -0.000358'/>
				</IndexedFaceSet>
			</Shape>
			<Shape DEF='_IDX_562'>
				<Appearance USE='Material_56_IDX_56'/>
				<IndexedFaceSet coordIndex='0 1 2 3 -1'>
					<Coordinate point='-0.081965 -0.913050 -0.059242 -0.105022 -0.915743 -0.041890 -0.076787 -0.729375 -0.004498 -0.057681 -0.731061 -0.006361'/>
				</IndexedFaceSet>
			</Shape>
			<Shape DEF='_IDX_563'>
				<Appearance USE='Material_55_IDX_55'/>
				<IndexedFaceSet coordIndex='0 1 2 3 -1'>
					<Coordinate point='-0.407203 -1.071354 -0.366811 -0.409042 -1.224899 -0.259374 -0.105022 -0.915743 -0.041890 -0.081965 -0.913050 -0.059242'/>
				</IndexedFaceSet>
			</Shape>
			<Shape DEF='_IDX_564'>
				<Appearance USE='Material_66_IDX_66'/>
				<IndexedFaceSet coordIndex='0 1 2 3 -1'>
					<Coordinate point='-0.019164 -0.182329 -0.000000 -0.023930 -0.181765 -0.000000 0.000000 0.000000 0.000000 0.000000 0.000000 0.000000'/>
				</IndexedFaceSet>
			</Shape>
			<Shape DEF='_IDX_565'>
				<Appearance USE='Material_65_IDX_65'/>
				<IndexedFaceSet coordIndex='0 1 2 3 -1'>
					<Coordinate point='-0.038327 -0.364658 -0.000004 -0.047860 -0.363530 -0.000002 -0.023930 -0.181765 -0.000000 -0.019164 -0.182329 -0.000000'/>
				</IndexedFaceSet>
			</Shape>
			<Shape DEF='_IDX_566'>
				<Appearance USE='Material_64_IDX_64'/>
				<IndexedFaceSet coordIndex='0 1 2 3 -1'>
					<Coordinate point='-0.057491 -0.546987 -0.000253 -0.071790 -0.545295 -0.000131 -0.047860 -0.363530 -0.000002 -0.038327 -0.364658 -0.000004'/>
				</IndexedFaceSet>
			</Shape>
			<Shape DEF='_IDX_567'>
				<Appearance USE='Material_63_IDX_63'/>
				<IndexedFaceSet coordIndex='0 1 2 3 -1'>
					<Coordinate point='-0.076787 -0.729375 -0.004498 -0.095808 -0.727175 -0.002328 -0.071790 -0.545295 -0.000131 -0.057491 -0.546987 -0.000253'/>
				</IndexedFaceSet>
			</Shape>
			<Shape DEF='_IDX_568'>
				<Appearance USE='Material_62_IDX_62'/>
				<IndexedFaceSet coordIndex='0 1 2 3 -1'>
					<Coordinate point='-0.105022 -0.915743 -0.041890 -0.125783 -0.916818 -0.021684 -0.095808 -0.727175 -0.002328 -0.076787 -0.729375 -0.004498'/>
				</IndexedFaceSet>
			</Shape>
			<Shape DEF='_IDX_569'>
				<Appearance USE='Material_61_IDX_61'/>
				<IndexedFaceSet coordIndex='0 1 2 3 -1'>
					<Coordinate point='-0.409042 -1.224899 -0.259374 -0.339533 -1.345962 -0.134262 -0.125783 -0.916818 -0.021684 -0.105022 -0.915743 -0.041890'/>
				</IndexedFaceSet>
			</Shape>
			<Shape DEF='_IDX_570'>
				<Appearance USE='Material_72_IDX_72'/>
				<IndexedFaceSet coordIndex='0 1 2 3 -1'>
					<Coordinate point='-0.023930 -0.181765 -0.000000 -0.028680 -0.181076 -0.000000 0.000000 0.000000 0.000000 0.000000 0.000000 0.000000'/>
				</IndexedFaceSet>
			</Shape>
			<Shape DEF='_IDX_571'>
				<Appearance USE='Material_71_IDX_71'/>
				<IndexedFaceSet coordIndex='0 1 2 3 -1'>
					<Coordinate point='-0.047860 -0.363530 -0.000002 -0.057359 -0.362152 -0.000000 -0.028680 -0.181076 -0.000000 -0.023930 -0.181765 -0.000000'/>
				</IndexedFaceSet>
			</Shape>
			<Shape DEF='_IDX_572'>
				<Appearance USE='Material_70_IDX_70'/>
				<IndexedFaceSet coordIndex='0 1 2 3 -1'>
					<Coordinate point='-0.071790 -0.545295 -0.000131 -0.086039 -0.543229 -0.000000 -0.057359 -0.362152 -0.000000 -0.047860 -0.363530 -0.000002'/>
				</IndexedFaceSet>
			</Shape>
			<Shape DEF='_IDX_573'>
				<Appearance USE='Material_69_IDX_69'/>
				<IndexedFaceSet coordIndex='0 1 2 3 -1'>
					<Coordinate point='-0.095808 -0.727175 -0.002328 -0.114741 -0.724448 -0.000000 -0.086039 -0.543229 -0.000000 -0.071790 -0.545295 -0.000131'/>
				</IndexedFaceSet>
			</Shape>
			<Shape DEF='_IDX_574'>
				<Appearance USE='Material_68_IDX_68'/>
				<IndexedFaceSet coordIndex='0 1 2 3 -1'>
					<Coordinate point='-0.125783 -0.916818 -0.021684 -0.144974 -0.915332 -0.000000 -0.114741 -0.724448 -0.000000 -0.095808 -0.727175 -0.002328'/>
				</IndexedFaceSet>
			</Shape>
			<Shape DEF='_IDX_575'>
				<Appearance USE='Material_67_IDX_67'/>
				<IndexedFaceSet coordIndex='0 1 2 3 -1'>
					<Coordinate point='-0.339533 -1.345962 -0.134262 -0.222433 -1.404384 -0.000000 -0.144974 -0.915332 -0.000000 -0.125783 -0.916818 -0.021684'/>
				</IndexedFaceSet>
			</Shape>
			<Shape DEF='_IDX_576'>
				<Appearance USE='Material_1_IDX_1'/>
				<IndexedFaceSet coordIndex='0 1 2 3 -1'>
					<Coordinate point='-0.148320 -0.107761 0.000000 -0.151090 -0.103841 0.000000 0.000000 0.000000 0.000000 0.000000 0.000000 0.000000'/>
				</IndexedFaceSet>
			</Shape>
			<Shape DEF='_IDX_577'>
				<Appearance USE='Material_2_IDX_2'/>
				<IndexedFaceSet coordIndex='0 1 2 3 -1'>
					<Coordinate point='-0.296640 -0.215521 0.000009 -0.302180 -0.207682 0.000008 -0.151090 -0.103841 0.000000 -0.148320 -0.107761 0.000000'/>
				</IndexedFaceSet>
			</Shape>
			<Shape DEF='_IDX_578'>
				<Appearance USE='Material_3_IDX_3'/>
				<IndexedFaceSet coordIndex='0 1 2 3 -1'>
					<Coordinate point='-0.444959 -0.323282 0.000507 -0.453269 -0.311523 0.000489 -0.302180 -0.207682 0.000008 -0.296640 -0.215521 0.000009'/>
				</IndexedFaceSet>
			</Shape>
			<Shape DEF='_IDX_579'>
				<Appearance USE='Material_4_IDX_4'/>
				<IndexedFaceSet coordIndex='0 1 2 3 -1'>
					<Coordinate point='-0.593162 -0.430957 0.008996 -0.604297 -0.415234 0.008689 -0.453269 -0.311523 0.000489 -0.444959 -0.323282 0.000507'/>
				</IndexedFaceSet>
			</Shape>
			<Shape DEF='_IDX_580'>
				<Appearance USE='Material_5_IDX_5'/>
				<IndexedFaceSet coordIndex='0 1 2 3 -1'>
					<Coordinate point='-0.733448 -0.532881 0.083781 -0.751111 -0.510112 0.080926 -0.604297 -0.415234 0.008689 -0.593162 -0.430957 0.008996'/>
				</IndexedFaceSet>
			</Shape>
			<Shape DEF='_IDX_581'>
				<Appearance USE='Material_6_IDX_6'/>
				<IndexedFaceSet coordIndex='0 1 2 3 -1'>
					<Coordinate point='-0.629504 -0.457362 0.518749 -0.767962 -0.332514 0.501073 -0.751111 -0.510112 0.080926 -0.733448 -0.532881 0.083781'/>
				</IndexedFaceSet>
			</Shape>
			<Shape DEF='_IDX_582'>
				<Appearance USE='Material_7_IDX_7'/>
				<IndexedFaceSet coordIndex='0 1 2 3 -1'>
					<Coordinate point='-0.151090 -0.103841 0.000000 -0.153756 -0.099850 0.000000 0.000000 0.000000 0.000000 0.000000 0.000000 0.000000'/>
				</IndexedFaceSet>
			</Shape>
			<Shape DEF='_IDX_583'>
				<Appearance USE='Material_8_IDX_8'/>
				<IndexedFaceSet coordIndex='0 1 2 3 -1'>
					<Coordinate point='-0.302180 -0.207682 0.000008 -0.307513 -0.199701 0.000008 -0.153756 -0.099850 0.000000 -0.151090 -0.103841 0.000000'/>
				</IndexedFaceSet>
			</Shape>
			<Shape DEF='_IDX_584'>
				<Appearance USE='Material_9_IDX_9'/>
				<IndexedFaceSet coordIndex='0 1 2 3 -1'>
					<Coordinate point='-0.453269 -0.311523 0.000489 -0.461269 -0.299551 0.000439 -0.307513 -0.199701 0.000008 -0.302180 -0.207682 0.000008'/>
				</IndexedFaceSet>
			</Shape>
			<Shape DEF='_IDX_585'>
				<Appearance USE='Material_10_IDX_10'/>
				<IndexedFaceSet coordIndex='0 1 2 3 -1'>
					<Coordinate point='-0.604297 -0.415234 0.008689 -0.615033 -0.399257 0.007791 -0.461269 -0.299551 0.000439 -0.453269 -0.311523 0.000489'/>
				</IndexedFaceSet>
			</Shape>
			<Shape DEF='_IDX_586'>
				<Appearance USE='Material_11_IDX_11'/>
				<IndexedFaceSet coordIndex='0 1 2 3 -1'>
					<Coordinate point='-0.751111 -0.510112 0.080926 -0.769309 -0.489191 0.072556 -0.615033 -0.399257 0.007791 -0.604297 -0.415234 0.008689'/>
				</IndexedFaceSet>
			</Shape>
			<Shape DEF='_IDX_587'>
				<Appearance USE='Material_12_IDX_12'/>
				<IndexedFaceSet coordIndex='0 1 2 3 -1'>
					<Coordinate point='-0.767962 -0.332514 0.501073 -0.939384 -0.277654 0.449249 -0.769309 -0.489191 0.072556 -0.751111 -0.510112 0.080926'/>
				</IndexedFaceSet>
			</Shape>
			<Shape DEF='_IDX_588'>
				<Appearance USE='Material_13_IDX_13'/>
				<IndexedFaceSet coordIndex='0 1 2 3 -1'>
					<Coordinate point='-0.153756 -0.099850 0.000000 -0.156317 -0.095791 0.000000 0.000000 0.000000 0.000000 0.000000 0.000000 0.000000'/>
				</IndexedFaceSet>
			</Shape>
			<Shape DEF='_IDX_589'>
				<Appearance USE='Material_14_IDX_14'/>
				<IndexedFaceSet coordIndex='0 1 2 3 -1'>
					<Coordinate point='-0.307513 -0.199701 0.000008 -0.312635 -0.191583 0.000006 -0.156317 -0.095791 0.000000 -0.153756 -0.099850 0.000000'/>
				</IndexedFaceSet>
			</Shape>
			<Shape DEF='_IDX_590'>
				<Appearance USE='Material_15_IDX_15'/>
				<IndexedFaceSet coordIndex='0 1 2 3 -1'>
					<Coordinate point='-0.461269 -0.299551 0.000439 -0.468952 -0.287374 0.000358 -0.312635 -0.191583 0.000006 -0.307513 -0.199701 0.000008'/>
				</IndexedFaceSet>
			</Shape>
			<Shape DEF='_IDX_591'>
				<Appearance USE='Material_16_IDX_16'/>
				<IndexedFaceSet coordIndex='0 1 2 3 -1'>
					<Coordinate point='-0.615033 -0.399257 0.007791 -0.625345 -0.383042 0.006361 -0.468952 -0.287374 0.000358 -0.461269 -0.299551 0.000439'/>
				</IndexedFaceSet>
			</Shape>
			<Shape DEF='_IDX_592'>
				<Appearance USE='Material_17_IDX_17'/>
				<IndexedFaceSet coordIndex='0 1 2 3 -1'>
					<Coordinate point='-0.769309 -0.489191 0.072556 -0.786851 -0.470366 0.059242 -0.625345 -0.383042 0.006361 -0.615033 -0.399257 0.007791'/>
				</IndexedFaceSet>
			</Shape>
			<Shape DEF='_IDX_593'>
				<Appearance USE='Material_18_IDX_18'/>
				<IndexedFaceSet coordIndex='0 1 2 3 -1'>
					<Coordinate point='-0.939384 -0.277654 0.449249 -1.106091 -0.300292 0.366811 -0.786851 -0.470366 0.059242 -0.769309 -0.489191 0.072556'/>
				</IndexedFaceSet>
			</Shape>
			<Shape DEF='_IDX_594'>
				<Appearance USE='Material_19_IDX_19'/>
				<IndexedFaceSet coordIndex='0 1 2 3 -1'>
					<Coordinate point='-0.156317 -0.095791 0.000000 -0.158771 -0.091667 0.000000 0.000000 0.000000 0.000000 0.000000 0.000000 0.000000'/>
				</IndexedFaceSet>
			</Shape>
			<Shape DEF='_IDX_595'>
				<Appearance USE='Material_20_IDX_20'/>
				<IndexedFaceSet coordIndex='0 1 2 3 -1'>
					<Coordinate point='-0.312635 -0.191583 0.000006 -0.317543 -0.183333 0.000004 -0.158771 -0.091667 0.000000 -0.156317 -0.095791 0.000000'/>
				</IndexedFaceSet>
			</Shape>
			<Shape DEF='_IDX_596'>
				<Appearance USE='Material_21_IDX_21'/>
				<IndexedFaceSet coordIndex='0 1 2 3 -1'>
					<Coordinate point='-0.468952 -0.287374 0.000358 -0.476315 -0.275000 0.000253 -0.317543 -0.183333 0.000004 -0.312635 -0.191583 0.000006'/>
				</IndexedFaceSet>
			</Shape>
			<Shape DEF='_IDX_597'>
				<Appearance USE='Material_22_IDX_22'/>
				<IndexedFaceSet coordIndex='0 1 2 3 -1'>
					<Coordinate point='-0.625345 -0.383042 0.006361 -0.635211 -0.366594 0.004498 -0.476315 -0.275000 0.000253 -0.468952 -0.287374 0.000358'/>
				</IndexedFaceSet>
			</Shape>
			<Shape DEF='_IDX_598'>
				<Appearance USE='Material_23_IDX_23'/>
				<IndexedFaceSet coordIndex='0 1 2 3 -1'>
					<Coordinate point='-0.786851 -0.470366 0.059242 -0.802582 -0.453296 0.041890 -0.635211 -0.366594 0.004498 -0.625345 -0.383042 0.006361'/>
				</IndexedFaceSet>
			</Shape>
			<Shape DEF='_IDX_599'>
				<Appearance USE='Material_24_IDX_24'/>
				<IndexedFaceSet coordIndex='0 1 2 3 -1'>
					<Coordinate point='-1.106091 -0.300292 0.366811 -1.231393 -0.389055 0.259374 -0.802582 -0.453296 0.041890 -0.786851 -0.470366 0.059242'/>
				</IndexedFaceSet>
			</Shape>
			<Shape DEF='_IDX_600'>
				<Appearance USE='Material_25_IDX_25'/>
				<IndexedFaceSet coordIndex='0 1 2 3 -1'>
					<Coordinate point='-0.158771 -0.091667 0.000000 -0.161116 -0.087479 0.000000 0.000000 0.000000 0.000000 0.000000 0.000000 0.000000'/>
				</IndexedFaceSet>
			</Shape>
			<Shape DEF='_IDX_601'>
				<Appearance USE='Material_26_IDX_26'/>
				<IndexedFaceSet coordIndex='0 1 2 3 -1'>
					<Coordinate point='-0.317543 -0.183333 0.000004 -0.322233 -0.174958 0.000002 -0.161116 -0.087479 0.000000 -0.158771 -0.091667 0.000000'/>
				</IndexedFaceSet>
			</Shape>
			<Shape DEF='_IDX_602'>
				<Appearance USE='Material_27_IDX_27'/>
				<IndexedFaceSet coordIndex='0 1 2 3 -1'>
					<Coordinate point='-0.476315 -0.275000 0.000253 -0.483350 -0.262437 0.000131 -0.322233 -0.174958 0.000002 -0.317543 -0.183333 0.000004'/>
				</IndexedFaceSet>
			</Shape>
			<Shape DEF='_IDX_603'>
				<Appearance USE='Material_28_IDX_28'/>
				<IndexedFaceSet coordIndex='0 1 2 3 -1'>
					<Coordinate point='-0.635211 -0.366594 0.004498 -0.644611 -0.349913 0.002328 -0.483350 -0.262437 0.000131 -0.476315 -0.275000 0.000253'/>
				</IndexedFaceSet>
			</Shape>
			<Shape DEF='_IDX_604'>
				<Appearance USE='Material_29_IDX_29'/>
				<IndexedFaceSet coordIndex='0 1 2 3 -1'>
					<Coordinate point='-0.802582 -0.453296 0.041890 -0.815654 -0.437132 0.021684 -0.644611 -0.349913 0.002328 -0.635211 -0.366594 0.004498'/>
				</IndexedFaceSet>
			</Shape>
			<Shape DEF='_IDX_605'>
				<Appearance USE='Material_30_IDX_30'/>
				<IndexedFaceSet coordIndex='0 1 2 3 -1'>
					<Coordinate point='-1.231393 -0.389055 0.259374 -1.288478 -0.516449 0.134262 -0.815654 -0.437132 0.021684 -0.802582 -0.453296 0.041890'/>
				</IndexedFaceSet>
			</Shape>
			<Shape DEF='_IDX_606'>
				<Appearance USE='Material_31_IDX_31'/>
				<IndexedFaceSet coordIndex='0 1 2 3 -1'>
					<Coordinate point='-0.161116 -0.087479 0.000000 -0.163351 -0.083232 0.000000 0.000000 0.000000 0.000000 0.000000 0.000000 0.000000'/>
				</IndexedFaceSet>
			</Shape>
			<Shape DEF='_IDX_607'>
				<Appearance USE='Material_32_IDX_32'/>
				<IndexedFaceSet coordIndex='0 1 2 3 -1'>
					<Coordinate point='-0.322233 -0.174958 0.000002 -0.326702 -0.166463 0.000000 -0.163351 -0.083232 0.000000 -0.161116 -0.087479 0.000000'/>
				</IndexedFaceSet>
			</Shape>
			<Shape DEF='_IDX_608'>
				<Appearance USE='Material_33_IDX_33'/>
				<IndexedFaceSet coordIndex='0 1 2 3 -1'>
					<Coordinate point='-0.483350 -0.262437 0.000131 -0.490054 -0.249695 -0.000000 -0.326702 -0.166463 0.000000 -0.322233 -0.174958 0.000002'/>
				</IndexedFaceSet>
			</Shape>
			<Shape DEF='_IDX_609'>
				<Appearance USE='Material_34_IDX_34'/>
				<IndexedFaceSet coordIndex='0 1 2 3 -1'>
					<Coordinate point='-0.644611 -0.349913 0.002328 -0.653534 -0.332992 0.000000 -0.490054 -0.249695 -0.000000 -0.483350 -0.262437 0.000131'/>
				</IndexedFaceSet>
			</Shape>
			<Shape DEF='_IDX_610'>
				<Appearance USE='Material_35_IDX_35'/>
				<IndexedFaceSet coordIndex='0 1 2 3 -1'>
					<Coordinate point='-0.815654 -0.437132 0.021684 -0.825733 -0.420732 0.000000 -0.653534 -0.332992 0.000000 -0.644611 -0.349913 0.002328'/>
				</IndexedFaceSet>
			</Shape>
			<Shape DEF='_IDX_611'>
				<Appearance USE='Material_36_IDX_36'/>
				<IndexedFaceSet coordIndex='0 1 2 3 -1'>
					<Coordinate point='-1.288478 -0.516449 0.134262 -1.266913 -0.645525 -0.000000 -0.825733 -0.420732 0.000000 -0.815654 -0.437132 0.021684'/>
				</IndexedFaceSet>
			</Shape>
			<Shape DEF='_IDX_612'>
				<Appearance USE='Material_37_IDX_37'/>
				<IndexedFaceSet coordIndex='0 1 2 3 -1'>
					<Coordinate point='-0.862220 -0.280152 -0.083781 -0.854181 -0.307826 -0.080926 -0.720406 -0.425847 -0.501073 -0.740027 -0.240449 -0.518749'/>
				</IndexedFaceSet>
			</Shape>
			<Shape DEF='_IDX_613'>
				<Appearance USE='Material_38_IDX_38'/>
				<IndexedFaceSet coordIndex='0 1 2 3 -1'>
					<Coordinate point='-0.697303 -0.226568 -0.008996 -0.691128 -0.244818 -0.008689 -0.854181 -0.307826 -0.080926 -0.862220 -0.280152 -0.083781'/>
				</IndexedFaceSet>
			</Shape>
			<Shape DEF='_IDX_614'>
				<Appearance USE='Material_39_IDX_39'/>
				<IndexedFaceSet coordIndex='0 1 2 3 -1'>
					<Coordinate point='-0.523081 -0.169959 -0.000507 -0.518452 -0.183594 -0.000489 -0.691128 -0.244818 -0.008689 -0.697303 -0.226568 -0.008996'/>
				</IndexedFaceSet>
			</Shape>
			<Shape DEF='_IDX_615'>
				<Appearance USE='Material_40_IDX_40'/>
				<IndexedFaceSet coordIndex='0 1 2 3 -1'>
					<Coordinate point='-0.348721 -0.113306 -0.000009 -0.345635 -0.122396 -0.000008 -0.518452 -0.183594 -0.000489 -0.523081 -0.169959 -0.000507'/>
				</IndexedFaceSet>
			</Shape>
			<Shape DEF='_IDX_616'>
				<Appearance USE='Material_41_IDX_41'/>
				<IndexedFaceSet coordIndex='0 1 2 3 -1'>
					<Coordinate point='-0.174360 -0.056653 -0.000000 -0.172818 -0.061198 -0.000000 -0.345635 -0.122396 -0.000008 -0.348721 -0.113306 -0.000009'/>
				</IndexedFaceSet>
			</Shape>
			<Shape DEF='_IDX_617'>
				<Appearance USE='Material_42_IDX_42'/>
				<IndexedFaceSet coordIndex='0 1 2 3 -1'>
					<Coordinate point='0.000000 0.000000 0.000000 0.000000 0.000000 0.000000 -0.172818 -0.061198 -0.000000 -0.174360 -0.056653 -0.000000'/>
				</IndexedFaceSet>
			</Shape>
			<Shape DEF='_IDX_618'>
				<Appearance USE='Material_43_IDX_43'/>
				<IndexedFaceSet coordIndex='0 1 2 3 -1'>
					<Coordinate point='-0.854181 -0.307826 -0.080926 -0.847952 -0.334845 -0.072556 -0.776783 -0.596777 -0.449249 -0.720406 -0.425847 -0.501073'/>
				</IndexedFaceSet>
			</Shape>
			<Shape DEF='_IDX_619'>
				<Appearance USE='Material_44_IDX_44'/>
				<IndexedFaceSet coordIndex='0 1 2 3 -1'>
					<Coordinate point='-0.691128 -0.244818 -0.008689 -0.684513 -0.262895 -0.007791 -0.847952 -0.334845 -0.072556 -0.854181 -0.307826 -0.080926'/>
				</IndexedFaceSet>
			</Shape>
			<Shape DEF='_IDX_620'>
				<Appearance USE='Material_45_IDX_45'/>
				<IndexedFaceSet coordIndex='0 1 2 3 -1'>
					<Coordinate point='-0.518452 -0.183594 -0.000489 -0.513469 -0.197103 -0.000439 -0.684513 -0.262895 -0.007791 -0.691128 -0.244818 -0.008689'/>
				</IndexedFaceSet>
			</Shape>
			<Shape DEF='_IDX_621'>
				<Appearance USE='Material_46_IDX_46'/>
				<IndexedFaceSet coordIndex='0 1 2 3 -1'>
					<Coordinate point='-0.345635 -0.122396 -0.000008 -0.342313 -0.131402 -0.000008 -0.513469 -0.197103 -0.000439 -0.518452 -0.183594 -0.000489'/>
				</IndexedFaceSet>
			</Shape>
			<Shape DEF='_IDX_622'>
				<Appearance USE='Material_47_IDX_47'/>
				<IndexedFaceSet coordIndex='0 1 2 3 -1'>
					<Coordinate point='-0.172818 -0.061198 -0.000000 -0.171156 -0.065701 -0.000000 -0.342313 -0.131402 -0.000008 -0.345635 -0.122396 -0.000008'/>
				</IndexedFaceSet>
			</Shape>
			<Shape DEF='_IDX_623'>
				<Appearance USE='Material_48_IDX_48'/>
				<IndexedFaceSet coordIndex='0 1 2 3 -1'>
					<Coordinate point='0.000000 0.000000 0.000000 0.000000 0.000000 0.000000 -0.171156 -0.065701 -0.000000 -0.172818 -0.061198 -0.000000'/>
				</IndexedFaceSet>
			</Shape>
			<Shape DEF='_IDX_624'>
				<Appearance USE='Material_49_IDX_49'/>
				<IndexedFaceSet coordIndex='0 1 2 3 -1'>
					<Coordinate point='-0.847952 -0.334845 -0.072556 -0.843034 -0.360102 -0.059242 -0.893086 -0.718339 -0.366811 -0.776783 -0.596777 -0.449249'/>
				</IndexedFaceSet>
			</Shape>
			<Shape DEF='_IDX_625'>
				<Appearance USE='Material_50_IDX_50'/>
				<IndexedFaceSet coordIndex='0 1 2 3 -1'>
					<Coordinate point='-0.684513 -0.262895 -0.007791 -0.677456 -0.280769 -0.006361 -0.843034 -0.360102 -0.059242 -0.847952 -0.334845 -0.072556'/>
				</IndexedFaceSet>
			</Shape>
			<Shape DEF='_IDX_626'>
				<Appearance USE='Material_51_IDX_51'/>
				<IndexedFaceSet coordIndex='0 1 2 3 -1'>
					<Coordinate point='-0.513469 -0.197103 -0.000439 -0.508134 -0.210476 -0.000358 -0.677456 -0.280769 -0.006361 -0.684513 -0.262895 -0.007791'/>
				</IndexedFaceSet>
			</Shape>
			<Shape DEF='_IDX_627'>
				<Appearance USE='Material_52_IDX_52'/>
				<IndexedFaceSet coordIndex='0 1 2 3 -1'>
					<Coordinate point='-0.342313 -0.131402 -0.000008 -0.338756 -0.140317 -0.000006 -0.508134 -0.210476 -0.000358 -0.513469 -0.197103 -0.000439'/>
				</IndexedFaceSet>
			</Shape>
			<Shape DEF='_IDX_628'>
				<Appearance USE='Material_53_IDX_53'/>
				<IndexedFaceSet coordIndex='0 1 2 3 -1'>
					<Coordinate point='-0.171156 -0.065701 -0.000000 -0.169378 -0.070159 -0.000000 -0.338756 -0.140317 -0.000006 -0.342313 -0.131402 -0.000008'/>
				</IndexedFaceSet>
			</Shape>
			<Shape DEF='_IDX_629'>
				<Appearance USE='Material_54_IDX_54'/>
				<IndexedFaceSet coordIndex='0 1 2 3 -1'>
					<Coordinate point='0.000000 0.000000 0.000000 0.000000 0.000000 0.000000 -0.169378 -0.070159 -0.000000 -0.171156 -0.065701 -0.000000'/>
				</IndexedFaceSet>
			</Shape>
			<Shape DEF='_IDX_630'>
				<Appearance USE='Material_55_IDX_55'/>
				<IndexedFaceSet coordIndex='0 1 2 3 -1'>
					<Coordinate point='-0.843034 -0.360102 -0.059242 -0.838470 -0.382862 -0.041890 -1.038547 -0.767537 -0.259374 -0.893086 -0.718339 -0.366811'/>
				</IndexedFaceSet>
			</Shape>
			<Shape DEF='_IDX_631'>
				<Appearance USE='Material_56_IDX_56'/>
				<IndexedFaceSet coordIndex='0 1 2 3 -1'>
					<Coordinate point='-0.677456 -0.280769 -0.006361 -0.669949 -0.298418 -0.004498 -0.838470 -0.382862 -0.041890 -0.843034 -0.360102 -0.059242'/>
				</IndexedFaceSet>
			</Shape>
			<Shape DEF='_IDX_632'>
				<Appearance USE='Material_57_IDX_57'/>
				<IndexedFaceSet coordIndex='0 1 2 3 -1'>
					<Coordinate point='-0.508134 -0.210476 -0.000358 -0.502450 -0.223706 -0.000253 -0.669949 -0.298418 -0.004498 -0.677456 -0.280769 -0.006361'/>
				</IndexedFaceSet>
			</Shape>
			<Shape DEF='_IDX_633'>
				<Appearance USE='Material_58_IDX_58'/>
				<IndexedFaceSet coordIndex='0 1 2 3 -1'>
					<Coordinate point='-0.338756 -0.140317 -0.000006 -0.334967 -0.149137 -0.000004 -0.502450 -0.223706 -0.000253 -0.508134 -0.210476 -0.000358'/>
				</IndexedFaceSet>
			</Shape>
			<Shape DEF='_IDX_634'>
				<Appearance USE='Material_59_IDX_59'/>
				<IndexedFaceSet coordIndex='0 1 2 3 -1'>
					<Coordinate point='-0.169378 -0.070159 -0.000000 -0.167483 -0.074568 -0.000000 -0.334967 -0.149137 -0.000004 -0.338756 -0.140317 -0.000006'/>
				</IndexedFaceSet>
			</Shape>
			<Shape DEF='_IDX_635'>
				<Appearance USE='Material_60_IDX_60'/>
				<IndexedFaceSet coordIndex='0 1 2 3 -1'>
					<Coordinate point='0.000000 0.000000 0.000000 0.000000 0.000000 0.000000 -0.167483 -0.074568 -0.000000 -0.169378 -0.070159 -0.000000'/>
				</IndexedFaceSet>
			</Shape>
			<Shape DEF='_IDX_636'>
				<Appearance USE='Material_61_IDX_61'/>
				<IndexedFaceSet coordIndex='0 1 2 3 -1'>
					<Coordinate point='-0.838470 -0.382862 -0.041890 -0.833077 -0.402939 -0.021684 -1.175164 -0.738840 -0.134262 -1.038547 -0.767537 -0.259374'/>
				</IndexedFaceSet>
			</Shape>
			<Shape DEF='_IDX_637'>
				<Appearance USE='Material_62_IDX_62'/>
				<IndexedFaceSet coordIndex='0 1 2 3 -1'>
					<Coordinate point='-0.669949 -0.298418 -0.004498 -0.661978 -0.315828 -0.002328 -0.833077 -0.402939 -0.021684 -0.838470 -0.382862 -0.041890'/>
				</IndexedFaceSet>
			</Shape>
			<Shape DEF='_IDX_638'>
				<Appearance USE='Material_63_IDX_63'/>
				<IndexedFaceSet coordIndex='0 1 2 3 -1'>
					<Coordinate point='-0.502450 -0.223706 -0.000253 -0.496422 -0.236782 -0.000131 -0.661978 -0.315828 -0.002328 -0.669949 -0.298418 -0.004498'/>
				</IndexedFaceSet>
			</Shape>
			<Shape DEF='_IDX_639'>
				<Appearance USE='Material_64_IDX_64'/>
				<IndexedFaceSet coordIndex='0 1 2 3 -1'>
					<Coordinate point='-0.334967 -0.149137 -0.000004 -0.330948 -0.157854 -0.000002 -0.496422 -0.236782 -0.000131 -0.502450 -0.223706 -0.000253'/>
				</IndexedFaceSet>
			</Shape>
			<Shape DEF='_IDX_640'>
				<Appearance USE='Material_65_IDX_65'/>
				<IndexedFaceSet coordIndex='0 1 2 3 -1'>
					<Coordinate point='-0.167483 -0.074568 -0.000000 -0.165474 -0.078927 -0.000000 -0.330948 -0.157854 -0.000002 -0.334967 -0.149137 -0.000004'/>
				</IndexedFaceSet>
			</Shape>
			<Shape DEF='_IDX_641'>
				<Appearance USE='Material_66_IDX_66'/>
				<IndexedFaceSet coordIndex='0 1 2 3 -1'>
					<Coordinate point='0.000000 0.000000 0.000000 0.000000 0.000000 0.000000 -0.165474 -0.078927 -0.000000 -0.167483 -0.074568 -0.000000'/>
				</IndexedFaceSet>
			</Shape>
			<Shape DEF='_IDX_642'>
				<Appearance USE='Material_67_IDX_67'/>
				<IndexedFaceSet coordIndex='0 1 2 3 -1'>
					<Coordinate point='-0.833077 -0.402939 -0.021684 -0.825733 -0.420732 -0.000000 -1.266913 -0.645525 -0.000000 -1.175164 -0.738840 -0.134262'/>
				</IndexedFaceSet>
			</Shape>
			<Shape DEF='_IDX_643'>
				<Appearance USE='Material_68_IDX_68'/>
				<IndexedFaceSet coordIndex='0 1 2 3 -1'>
					<Coordinate point='-0.661978 -0.315828 -0.002328 -0.653534 -0.332992 -0.000000 -0.825733 -0.420732 -0.000000 -0.833077 -0.402939 -0.021684'/>
				</IndexedFaceSet>
			</Shape>
			<Shape DEF='_IDX_644'>
				<Appearance USE='Material_69_IDX_69'/>
				<IndexedFaceSet coordIndex='0 1 2 3 -1'>
					<Coordinate point='-0.496422 -0.236782 -0.000131 -0.490054 -0.249695 -0.000000 -0.653534 -0.332992 -0.000000 -0.661978 -0.315828 -0.002328'/>
				</IndexedFaceSet>
			</Shape>
			<Shape DEF='_IDX_645'>
				<Appearance USE='Material_70_IDX_70'/>
				<IndexedFaceSet coordIndex='0 1 2 3 -1'>
					<Coordinate point='-0.330948 -0.157854 -0.000002 -0.326702 -0.166463 -0.000000 -0.490054 -0.249695 -0.000000 -0.496422 -0.236782 -0.000131'/>
				</IndexedFaceSet>
			</Shape>
			<Shape DEF='_IDX_646'>
				<Appearance USE='Material_71_IDX_71'/>
				<IndexedFaceSet coordIndex='0 1 2 3 -1'>
					<Coordinate point='-0.165474 -0.078927 -0.000000 -0.163351 -0.083232 -0.000000 -0.326702 -0.166463 -0.000000 -0.330948 -0.157854 -0.000002'/>
				</IndexedFaceSet>
			</Shape>
			<Shape DEF='_IDX_647'>
				<Appearance USE='Material_72_IDX_72'/>
				<IndexedFaceSet coordIndex='0 1 2 3 -1'>
					<Coordinate point='0.000000 0.000000 0.000000 0.000000 0.000000 0.000000 -0.163351 -0.083232 -0.000000 -0.165474 -0.078927 -0.000000'/>
				</IndexedFaceSet>
			</Shape>
			<Shape DEF='_IDX_648'>
				<Appearance USE='Material_73_IDX_73'/>
				<IndexedFaceSet coordIndex='0 1 2 3 -1'>
					<Coordinate point='-0.733448 -0.532881 0.083781 -0.717251 -0.556716 0.080926 -0.553553 -0.627622 0.501073 -0.629504 -0.457362 0.518749'/>
				</IndexedFaceSet>
			</Shape>
			<Shape DEF='_IDX_649'>
				<Appearance USE='Material_5_IDX_5'/>
				<IndexedFaceSet coordIndex='0 1 2 3 -1'>
					<Coordinate point='-0.593162 -0.430957 0.008996 -0.581648 -0.446406 0.008689 -0.717251 -0.556716 0.080926 -0.733448 -0.532881 0.083781'/>
				</IndexedFaceSet>
			</Shape>
			<Shape DEF='_IDX_650'>
				<Appearance USE='Material_4_IDX_4'/>
				<IndexedFaceSet coordIndex='0 1 2 3 -1'>
					<Coordinate point='-0.444959 -0.323282 0.000507 -0.436344 -0.334819 0.000489 -0.581648 -0.446406 0.008689 -0.593162 -0.430957 0.008996'/>
				</IndexedFaceSet>
			</Shape>
			<Shape DEF='_IDX_651'>
				<Appearance USE='Material_3_IDX_3'/>
				<IndexedFaceSet coordIndex='0 1 2 3 -1'>
					<Coordinate point='-0.296640 -0.215521 0.000009 -0.290896 -0.223213 0.000008 -0.436344 -0.334819 0.000489 -0.444959 -0.323282 0.000507'/>
				</IndexedFaceSet>
			</Shape>
			<Shape DEF='_IDX_652'>
				<Appearance USE='Material_2_IDX_2'/>
				<IndexedFaceSet coordIndex='0 1 2 3 -1'>
					<Coordinate point='-0.148320 -0.107761 0.000000 -0.145448 -0.111606 0.000000 -0.290896 -0.223213 0.000008 -0.296640 -0.215521 0.000009'/>
				</IndexedFaceSet>
			</Shape>
			<Shape DEF='_IDX_653'>
				<Appearance USE='Material_1_IDX_1'/>
				<IndexedFaceSet coordIndex='0 1 2 3 -1'>
					<Coordinate point='0.000000 0.000000 0.000000 0.000000 0.000000 0.000000 -0.145448 -0.111606 0.000000 -0.148320 -0.107761 0.000000'/>
				</IndexedFaceSet>
			</Shape>
			<Shape DEF='_IDX_654'>
				<Appearance USE='Material_74_IDX_74'/>
				<IndexedFaceSet coordIndex='0 1 2 3 -1'>
					<Coordinate point='-0.717251 -0.556716 0.080926 -0.702978 -0.580488 0.072556 -0.554350 -0.807607 0.449249 -0.553553 -0.627622 0.501073'/>
				</IndexedFaceSet>
			</Shape>
			<Shape DEF='_IDX_655'>
				<Appearance USE='Material_11_IDX_11'/>
				<IndexedFaceSet coordIndex='0 1 2 3 -1'>
					<Coordinate point='-0.581648 -0.446406 0.008689 -0.569771 -0.461554 0.007791 -0.702978 -0.580488 0.072556 -0.717251 -0.556716 0.080926'/>
				</IndexedFaceSet>
			</Shape>
			<Shape DEF='_IDX_656'>
				<Appearance USE='Material_10_IDX_10'/>
				<IndexedFaceSet coordIndex='0 1 2 3 -1'>
					<Coordinate point='-0.436344 -0.334819 0.000489 -0.427430 -0.346126 0.000439 -0.569771 -0.461554 0.007791 -0.581648 -0.446406 0.008689'/>
				</IndexedFaceSet>
			</Shape>
			<Shape DEF='_IDX_657'>
				<Appearance USE='Material_9_IDX_9'/>
				<IndexedFaceSet coordIndex='0 1 2 3 -1'>
					<Coordinate point='-0.290896 -0.223213 0.000008 -0.284954 -0.230751 0.000008 -0.427430 -0.346126 0.000439 -0.436344 -0.334819 0.000489'/>
				</IndexedFaceSet>
			</Shape>
			<Shape DEF='_IDX_658'>
				<Appearance USE='Material_8_IDX_8'/>
				<IndexedFaceSet coordIndex='0 1 2 3 -1'>
					<Coordinate point='-0.145448 -0.111606 0.000000 -0.142477 -0.115375 0.000000 -0.284954 -0.230751 0.000008 -0.290896 -0.223213 0.000008'/>
				</IndexedFaceSet>
			</Shape>
			<Shape DEF='_IDX_659'>
				<Appearance USE='Material_7_IDX_7'/>
				<IndexedFaceSet coordIndex='0 1 2 3 -1'>
					<Coordinate point='0.000000 0.000000 0.000000 0.000000 0.000000 0.000000 -0.142477 -0.115375 0.000000 -0.145448 -0.111606 0.000000'/>
				</IndexedFaceSet>
			</Shape>
			<Shape DEF='_IDX_660'>
				<Appearance USE='Material_18_IDX_18'/>
				<IndexedFaceSet coordIndex='0 1 2 3 -1'>
					<Coordinate point='-0.702978 -0.580488 0.072556 -0.690495 -0.602989 0.059242 -0.627396 -0.959160 0.366811 -0.554350 -0.807607 0.449249'/>
				</IndexedFaceSet>
			</Shape>
			<Shape DEF='_IDX_661'>
				<Appearance USE='Material_17_IDX_17'/>
				<IndexedFaceSet coordIndex='0 1 2 3 -1'>
					<Coordinate point='-0.569771 -0.461554 0.007791 -0.557537 -0.476372 0.006361 -0.690495 -0.602989 0.059242 -0.702978 -0.580488 0.072556'/>
				</IndexedFaceSet>
			</Shape>
			<Shape DEF='_IDX_662'>
				<Appearance USE='Material_16_IDX_16'/>
				<IndexedFaceSet coordIndex='0 1 2 3 -1'>
					<Coordinate point='-0.427430 -0.346126 0.000439 -0.418223 -0.357197 0.000358 -0.557537 -0.476372 0.006361 -0.569771 -0.461554 0.007791'/>
				</IndexedFaceSet>
			</Shape>
			<Shape DEF='_IDX_663'>
				<Appearance USE='Material_15_IDX_15'/>
				<IndexedFaceSet coordIndex='0 1 2 3 -1'>
					<Coordinate point='-0.284954 -0.230751 0.000008 -0.278816 -0.238131 0.000006 -0.418223 -0.357197 0.000358 -0.427430 -0.346126 0.000439'/>
				</IndexedFaceSet>
			</Shape>
			<Shape DEF='_IDX_664'>
				<Appearance USE='Material_14_IDX_14'/>
				<IndexedFaceSet coordIndex='0 1 2 3 -1'>
					<Coordinate point='-0.142477 -0.115375 0.000000 -0.139408 -0.119065 0.000000 -0.278816 -0.238131 0.000006 -0.284954 -0.230751 0.000008'/>
				</IndexedFaceSet>
			</Shape>
			<Shape DEF='_IDX_665'>
				<Appearance USE='Material_13_IDX_13'/>
				<IndexedFaceSet coordIndex='0 1 2 3 -1'>
					<Coordinate point='0.000000 0.000000 0.000000 0.000000 0.000000 0.000000 -0.139408 -0.119065 0.000000 -0.142477 -0.115375 0.000000'/>
				</IndexedFaceSet>
			</Shape>
			<Shape DEF='_IDX_666'>
				<Appearance USE='Material_24_IDX_24'/>
				<IndexedFaceSet coordIndex='0 1 2 3 -1'>
					<Coordinate point='-0.690495 -0.602989 0.059242 -0.679121 -0.623225 0.041890 -0.750535 -1.050900 0.259374 -0.627396 -0.959160 0.366811'/>
				</IndexedFaceSet>
			</Shape>
			<Shape DEF='_IDX_667'>
				<Appearance USE='Material_23_IDX_23'/>
				<IndexedFaceSet coordIndex='0 1 2 3 -1'>
					<Coordinate point='-0.557537 -0.476372 0.006361 -0.544943 -0.490838 0.004498 -0.679121 -0.623225 0.041890 -0.690495 -0.602989 0.059242'/>
				</IndexedFaceSet>
			</Shape>
			<Shape DEF='_IDX_668'>
				<Appearance USE='Material_22_IDX_22'/>
				<IndexedFaceSet coordIndex='0 1 2 3 -1'>
					<Coordinate point='-0.418223 -0.357197 0.000358 -0.408730 -0.368022 0.000253 -0.544943 -0.490838 0.004498 -0.557537 -0.476372 0.006361'/>
				</IndexedFaceSet>
			</Shape>
			<Shape DEF='_IDX_669'>
				<Appearance USE='Material_21_IDX_21'/>
				<IndexedFaceSet coordIndex='0 1 2 3 -1'>
					<Coordinate point='-0.278816 -0.238131 0.000006 -0.272486 -0.245348 0.000004 -0.408730 -0.368022 0.000253 -0.418223 -0.357197 0.000358'/>
				</IndexedFaceSet>
			</Shape>
			<Shape DEF='_IDX_670'>
				<Appearance USE='Material_20_IDX_20'/>
				<IndexedFaceSet coordIndex='0 1 2 3 -1'>
					<Coordinate point='-0.139408 -0.119065 0.000000 -0.136243 -0.122674 0.000000 -0.272486 -0.245348 0.000004 -0.278816 -0.238131 0.000006'/>
				</IndexedFaceSet>
			</Shape>
			<Shape DEF='_IDX_671'>
				<Appearance USE='Material_19_IDX_19'/>
				<IndexedFaceSet coordIndex='0 1 2 3 -1'>
					<Coordinate point='0.000000 0.000000 0.000000 0.000000 0.000000 0.000000 -0.136243 -0.122674 0.000000 -0.139408 -0.119065 0.000000'/>
				</IndexedFaceSet>
			</Shape>
			<Shape DEF='_IDX_672'>
				<Appearance USE='Material_30_IDX_30'/>
				<IndexedFaceSet coordIndex='0 1 2 3 -1'>
					<Coordinate point='-0.679121 -0.623225 0.041890 -0.667788 -0.640652 0.021684 -0.889333 -1.065825 0.134262 -0.750535 -1.050900 0.259374'/>
				</IndexedFaceSet>
			</Shape>
			<Shape DEF='_IDX_673'>
				<Appearance USE='Material_29_IDX_29'/>
				<IndexedFaceSet coordIndex='0 1 2 3 -1'>
					<Coordinate point='-0.544943 -0.490838 0.004498 -0.531982 -0.504933 0.002328 -0.667788 -0.640652 0.021684 -0.679121 -0.623225 0.041890'/>
				</IndexedFaceSet>
			</Shape>
			<Shape DEF='_IDX_674'>
				<Appearance USE='Material_28_IDX_28'/>
				<IndexedFaceSet coordIndex='0 1 2 3 -1'>
					<Coordinate point='-0.408730 -0.368022 0.000253 -0.398956 -0.378596 0.000131 -0.531982 -0.504933 0.002328 -0.544943 -0.490838 0.004498'/>
				</IndexedFaceSet>
			</Shape>
			<Shape DEF='_IDX_675'>
				<Appearance USE='Material_27_IDX_27'/>
				<IndexedFaceSet coordIndex='0 1 2 3 -1'>
					<Coordinate point='-0.272486 -0.245348 0.000004 -0.265971 -0.252397 0.000002 -0.398956 -0.378596 0.000131 -0.408730 -0.368022 0.000253'/>
				</IndexedFaceSet>
			</Shape>
			<Shape DEF='_IDX_676'>
				<Appearance USE='Material_26_IDX_26'/>
				<IndexedFaceSet coordIndex='0 1 2 3 -1'>
					<Coordinate point='-0.136243 -0.122674 0.000000 -0.132985 -0.126198 0.000000 -0.265971 -0.252397 0.000002 -0.272486 -0.245348 0.000004'/>
				</IndexedFaceSet>
			</Shape>
			<Shape DEF='_IDX_677'>
				<Appearance USE='Material_25_IDX_25'/>
				<IndexedFaceSet coordIndex='0 1 2 3 -1'>
					<Coordinate point='0.000000 0.000000 0.000000 0.000000 0.000000 0.000000 -0.132985 -0.126198 0.000000 -0.136243 -0.122674 0.000000'/>
				</IndexedFaceSet>
			</Shape>
			<Shape DEF='_IDX_678'>
				<Appearance USE='Material_36_IDX_36'/>
				<IndexedFaceSet coordIndex='0 1 2 3 -1'>
					<Coordinate point='-0.667788 -0.640652 0.021684 -0.655306 -0.655306 0.000000 -1.005428 -1.005428 -0.000000 -0.889333 -1.065825 0.134262'/>
				</IndexedFaceSet>
			</Shape>
			<Shape DEF='_IDX_679'>
				<Appearance USE='Material_35_IDX_35'/>
				<IndexedFaceSet coordIndex='0 1 2 3 -1'>
					<Coordinate point='-0.531982 -0.504933 0.002328 -0.518648 -0.518648 0.000000 -0.655306 -0.655306 0.000000 -0.667788 -0.640652 0.021684'/>
				</IndexedFaceSet>
			</Shape>
			<Shape DEF='_IDX_680'>
				<Appearance USE='Material_34_IDX_34'/>
				<IndexedFaceSet coordIndex='0 1 2 3 -1'>
					<Coordinate point='-0.398956 -0.378596 0.000131 -0.388909 -0.388909 -0.000000 -0.518648 -0.518648 0.000000 -0.531982 -0.504933 0.002328'/>
				</IndexedFaceSet>
			</Shape>
			<Shape DEF='_IDX_681'>
				<Appearance USE='Material_33_IDX_33'/>
				<IndexedFaceSet coordIndex='0 1 2 3 -1'>
					<Coordinate point='-0.265971 -0.252397 0.000002 -0.259272 -0.259272 0.000000 -0.388909 -0.388909 -0.000000 -0.398956 -0.378596 0.000131'/>
				</IndexedFaceSet>
			</Shape>
			<Shape DEF='_IDX_682'>
				<Appearance USE='Material_32_IDX_32'/>
				<IndexedFaceSet coordIndex='0 1 2 3 -1'>
					<Coordinate point='-0.132985 -0.126198 0.000000 -0.129636 -0.129636 0.000000 -0.259272 -0.259272 0.000000 -0.265971 -0.252397 0.000002'/>
				</IndexedFaceSet>
			</Shape>
			<Shape DEF='_IDX_683'>
				<Appearance USE='Material_31_IDX_31'/>
				<IndexedFaceSet coordIndex='0 1 2 3 -1'>
					<Coordinate point='0.000000 0.000000 0.000000 0.000000 0.000000 0.000000 -0.129636 -0.129636 0.000000 -0.132985 -0.126198 0.000000'/>
				</IndexedFaceSet>
			</Shape>
			<Shape DEF='_IDX_684'>
				<Appearance USE='Material_42_IDX_42'/>
				<IndexedFaceSet coordIndex='0 1 2 3 -1'>
					<Coordinate point='-0.107761 -0.148320 -0.000000 -0.111606 -0.145448 -0.000000 0.000000 0.000000 0.000000 0.000000 0.000000 0.000000'/>
				</IndexedFaceSet>
			</Shape>
			<Shape DEF='_IDX_685'>
				<Appearance USE='Material_41_IDX_41'/>
				<IndexedFaceSet coordIndex='0 1 2 3 -1'>
					<Coordinate point='-0.215521 -0.296640 -0.000009 -0.223213 -0.290896 -0.000008 -0.111606 -0.145448 -0.000000 -0.107761 -0.148320 -0.000000'/>
				</IndexedFaceSet>
			</Shape>
			<Shape DEF='_IDX_686'>
				<Appearance USE='Material_40_IDX_40'/>
				<IndexedFaceSet coordIndex='0 1 2 3 -1'>
					<Coordinate point='-0.323282 -0.444959 -0.000507 -0.334819 -0.436344 -0.000489 -0.223213 -0.290896 -0.000008 -0.215521 -0.296640 -0.000009'/>
				</IndexedFaceSet>
			</Shape>
			<Shape DEF='_IDX_687'>
				<Appearance USE='Material_39_IDX_39'/>
				<IndexedFaceSet coordIndex='0 1 2 3 -1'>
					<Coordinate point='-0.430957 -0.593162 -0.008996 -0.446406 -0.581648 -0.008689 -0.334819 -0.436344 -0.000489 -0.323282 -0.444959 -0.000507'/>
				</IndexedFaceSet>
			</Shape>
			<Shape DEF='_IDX_688'>
				<Appearance USE='Material_38_IDX_38'/>
				<IndexedFaceSet coordIndex='0 1 2 3 -1'>
					<Coordinate point='-0.532881 -0.733448 -0.083781 -0.556716 -0.717251 -0.080926 -0.446406 -0.581648 -0.008689 -0.430957 -0.593162 -0.008996'/>
				</IndexedFaceSet>
			</Shape>
			<Shape DEF='_IDX_689'>
				<Appearance USE='Material_75_IDX_75'/>
				<IndexedFaceSet coordIndex='0 1 2 3 -1'>
					<Coordinate point='-0.457362 -0.629504 -0.518749 -0.627622 -0.553553 -0.501073 -0.556716 -0.717251 -0.080926 -0.532881 -0.733448 -0.083781'/>
				</IndexedFaceSet>
			</Shape>
			<Shape DEF='_IDX_690'>
				<Appearance USE='Material_48_IDX_48'/>
				<IndexedFaceSet coordIndex='0 1 2 3 -1'>
					<Coordinate point='-0.111606 -0.145448 -0.000000 -0.115375 -0.142477 -0.000000 0.000000 0.000000 0.000000 0.000000 0.000000 0.000000'/>
				</IndexedFaceSet>
			</Shape>
			<Shape DEF='_IDX_691'>
				<Appearance USE='Material_47_IDX_47'/>
				<IndexedFaceSet coordIndex='0 1 2 3 -1'>
					<Coordinate point='-0.223213 -0.290896 -0.000008 -0.230751 -0.284954 -0.000008 -0.115375 -0.142477 -0.000000 -0.111606 -0.145448 -0.000000'/>
				</IndexedFaceSet>
			</Shape>
			<Shape DEF='_IDX_692'>
				<Appearance USE='Material_46_IDX_46'/>
				<IndexedFaceSet coordIndex='0 1 2 3 -1'>
					<Coordinate point='-0.334819 -0.436344 -0.000489 -0.346126 -0.427430 -0.000439 -0.230751 -0.284954 -0.000008 -0.223213 -0.290896 -0.000008'/>
				</IndexedFaceSet>
			</Shape>
			<Shape DEF='_IDX_693'>
				<Appearance USE='Material_45_IDX_45'/>
				<IndexedFaceSet coordIndex='0 1 2 3 -1'>
					<Coordinate point='-0.446406 -0.581648 -0.008689 -0.461554 -0.569771 -0.007791 -0.346126 -0.427430 -0.000439 -0.334819 -0.436344 -0.000489'/>
				</IndexedFaceSet>
			</Shape>
			<Shape DEF='_IDX_694'>
				<Appearance USE='Material_44_IDX_44'/>
				<IndexedFaceSet coordIndex='0 1 2 3 -1'>
					<Coordinate point='-0.556716 -0.717251 -0.080926 -0.580488 -0.702978 -0.072556 -0.461554 -0.569771 -0.007791 -0.446406 -0.581648 -0.008689'/>
				</IndexedFaceSet>
			</Shape>
			<Shape DEF='_IDX_695'>
				<Appearance USE='Material_76_IDX_76'/>
				<IndexedFaceSet coordIndex='0 1 2 3 -1'>
					<Coordinate point='-0.627622 -0.553553 -0.501073 -0.807607 -0.554350 -0.449249 -0.580488 -0.702978 -0.072556 -0.556716 -0.717251 -0.080926'/>
				</IndexedFaceSet>
			</Shape>
			<Shape DEF='_IDX_696'>
				<Appearance USE='Material_54_IDX_54'/>
				<IndexedFaceSet coordIndex='0 1 2 3 -1'>
					<Coordinate point='-0.115375 -0.142477 -0.000000 -0.119065 -0.139408 -0.000000 0.000000 0.000000 0.000000 0.000000 0.000000 0.000000'/>
				</IndexedFaceSet>
			</Shape>
			<Shape DEF='_IDX_697'>
				<Appearance USE='Material_53_IDX_53'/>
				<IndexedFaceSet coordIndex='0 1 2 3 -1'>
					<Coordinate point='-0.230751 -0.284954 -0.000008 -0.238131 -0.278816 -0.000006 -0.119065 -0.139408 -0.000000 -0.115375 -0.142477 -0.000000'/>
				</IndexedFaceSet>
			</Shape>
			<Shape DEF='_IDX_698'>
				<Appearance USE='Material_52_IDX_52'/>
				<IndexedFaceSet coordIndex='0 1 2 3 -1'>
					<Coordinate point='-0.346126 -0.427430 -0.000439 -0.357197 -0.418223 -0.000358 -0.238131 -0.278816 -0.000006 -0.230751 -0.284954 -0.000008'/>
				</IndexedFaceSet>
			</Shape>
			<Shape DEF='_IDX_699'>
				<Appearance USE='Material_51_IDX_51'/>
				<IndexedFaceSet coordIndex='0 1 2 3 -1'>
					<Coordinate point='-0.461554 -0.569771 -0.007791 -0.476372 -0.557537 -0.006361 -0.357197 -0.418223 -0.000358 -0.346126 -0.427430 -0.000439'/>
				</IndexedFaceSet>
			</Shape>
			<Shape DEF='_IDX_700'>
				<Appearance USE='Material_50_IDX_50'/>
				<IndexedFaceSet coordIndex='0 1 2 3 -1'>
					<Coordinate point='-0.580488 -0.702978 -0.072556 -0.602989 -0.690495 -0.059242 -0.476372 -0.557537 -0.006361 -0.461554 -0.569771 -0.007791'/>
				</IndexedFaceSet>
			</Shape>
			<Shape DEF='_IDX_701'>
				<Appearance USE='Material_49_IDX_49'/>
				<IndexedFaceSet coordIndex='0 1 2 3 -1'>
					<Coordinate point='-0.807607 -0.554350 -0.449249 -0.959160 -0.627396 -0.366811 -0.602989 -0.690495 -0.059242 -0.580488 -0.702978 -0.072556'/>
				</IndexedFaceSet>
			</Shape>
			<Shape DEF='_IDX_702'>
				<Appearance USE='Material_60_IDX_60'/>
				<IndexedFaceSet coordIndex='0 1 2 3 -1'>
					<Coordinate point='-0.119065 -0.139408 -0.000000 -0.122674 -0.136243 -0.000000 0.000000 0.000000 0.000000 0.000000 0.000000 0.000000'/>
				</IndexedFaceSet>
			</Shape>
			<Shape DEF='_IDX_703'>
				<Appearance USE='Material_59_IDX_59'/>
				<IndexedFaceSet coordIndex='0 1 2 3 -1'>
					<Coordinate point='-0.238131 -0.278816 -0.000006 -0.245348 -0.272486 -0.000004 -0.122674 -0.136243 -0.000000 -0.119065 -0.139408 -0.000000'/>
				</IndexedFaceSet>
			</Shape>
			<Shape DEF='_IDX_704'>
				<Appearance USE='Material_58_IDX_58'/>
				<IndexedFaceSet coordIndex='0 1 2 3 -1'>
					<Coordinate point='-0.357197 -0.418223 -0.000358 -0.368022 -0.408730 -0.000253 -0.245348 -0.272486 -0.000004 -0.238131 -0.278816 -0.000006'/>
				</IndexedFaceSet>
			</Shape>
			<Shape DEF='_IDX_705'>
				<Appearance USE='Material_57_IDX_57'/>
				<IndexedFaceSet coordIndex='0 1 2 3 -1'>
					<Coordinate point='-0.476372 -0.557537 -0.006361 -0.490838 -0.544943 -0.004498 -0.368022 -0.408730 -0.000253 -0.357197 -0.418223 -0.000358'/>
				</IndexedFaceSet>
			</Shape>
			<Shape DEF='_IDX_706'>
				<Appearance USE='Material_56_IDX_56'/>
				<IndexedFaceSet coordIndex='0 1 2 3 -1'>
					<Coordinate point='-0.602989 -0.690495 -0.059242 -0.623225 -0.679121 -0.041890 -0.490838 -0.544943 -0.004498 -0.476372 -0.557537 -0.006361'/>
				</IndexedFaceSet>
			</Shape>
			<Shape DEF='_IDX_707'>
				<Appearance USE='Material_55_IDX_55'/>
				<IndexedFaceSet coordIndex='0 1 2 3 -1'>
					<Coordinate point='-0.959160 -0.627396 -0.366811 -1.050900 -0.750535 -0.259374 -0.623225 -0.679121 -0.041890 -0.602989 -0.690495 -0.059242'/>
				</IndexedFaceSet>
			</Shape>
			<Shape DEF='_IDX_708'>
				<Appearance USE='Material_66_IDX_66'/>
				<IndexedFaceSet coordIndex='0 1 2 3 -1'>
					<Coordinate point='-0.122674 -0.136243 -0.000000 -0.126198 -0.132985 -0.000000 0.000000 0.000000 0.000000 0.000000 0.000000 0.000000'/>
				</IndexedFaceSet>
			</Shape>
			<Shape DEF='_IDX_709'>
				<Appearance USE='Material_65_IDX_65'/>
				<IndexedFaceSet coordIndex='0 1 2 3 -1'>
					<Coordinate point='-0.245348 -0.272486 -0.000004 -0.252397 -0.265971 -0.000002 -0.126198 -0.132985 -0.000000 -0.122674 -0.136243 -0.000000'/>
				</IndexedFaceSet>
			</Shape>
			<Shape DEF='_IDX_710'>
				<Appearance USE='Material_64_IDX_64'/>
				<IndexedFaceSet coordIndex='0 1 2 3 -1'>
					<Coordinate point='-0.368022 -0.408730 -0.000253 -0.378596 -0.398956 -0.000131 -0.252397 -0.265971 -0.000002 -0.245348 -0.272486 -0.000004'/>
				</IndexedFaceSet>
			</Shape>
			<Shape DEF='_IDX_711'>
				<Appearance USE='Material_63_IDX_63'/>
				<IndexedFaceSet coordIndex='0 1 2 3 -1'>
					<Coordinate point='-0.490838 -0.544943 -0.004498 -0.504933 -0.531982 -0.002328 -0.378596 -0.398956 -0.000131 -0.368022 -0.408730 -0.000253'/>
				</IndexedFaceSet>
			</Shape>
			<Shape DEF='_IDX_712'>
				<Appearance USE='Material_62_IDX_62'/>
				<IndexedFaceSet coordIndex='0 1 2 3 -1'>
					<Coordinate point='-0.623225 -0.679121 -0.041890 -0.640652 -0.667788 -0.021684 -0.504933 -0.531982 -0.002328 -0.490838 -0.544943 -0.004498'/>
				</IndexedFaceSet>
			</Shape>
			<Shape DEF='_IDX_713'>
				<Appearance USE='Material_61_IDX_61'/>
				<IndexedFaceSet coordIndex='0 1 2 3 -1'>
					<Coordinate point='-1.050900 -0.750535 -0.259374 -1.065825 -0.889333 -0.134262 -0.640652 -0.667788 -0.021684 -0.623225 -0.679121 -0.041890'/>
				</IndexedFaceSet>
			</Shape>
			<Shape DEF='_IDX_714'>
				<Appearance USE='Material_72_IDX_72'/>
				<IndexedFaceSet coordIndex='0 1 2 3 -1'>
					<Coordinate point='-0.126198 -0.132985 -0.000000 -0.129636 -0.129636 -0.000000 0.000000 0.000000 0.000000 0.000000 0.000000 0.000000'/>
				</IndexedFaceSet>
			</Shape>
			<Shape DEF='_IDX_715'>
				<Appearance USE='Material_71_IDX_71'/>
				<IndexedFaceSet coordIndex='0 1 2 3 -1'>
					<Coordinate point='-0.252397 -0.265971 -0.000002 -0.259272 -0.259272 -0.000000 -0.129636 -0.129636 -0.000000 -0.126198 -0.132985 -0.000000'/>
				</IndexedFaceSet>
			</Shape>
			<Shape DEF='_IDX_716'>
				<Appearance USE='Material_70_IDX_70'/>
				<IndexedFaceSet coordIndex='0 1 2 3 -1'>
					<Coordinate point='-0.378596 -0.398956 -0.000131 -0.388909 -0.388909 -0.000000 -0.259272 -0.259272 -0.000000 -0.252397 -0.265971 -0.000002'/>
				</IndexedFaceSet>
			</Shape>
			<Shape DEF='_IDX_717'>
				<Appearance USE='Material_69_IDX_69'/>
				<IndexedFaceSet coordIndex='0 1 2 3 -1'>
					<Coordinate point='-0.504933 -0.531982 -0.002328 -0.518648 -0.518648 -0.000000 -0.388909 -0.388909 -0.000000 -0.378596 -0.398956 -0.000131'/>
				</IndexedFaceSet>
			</Shape>
			<Shape DEF='_IDX_718'>
				<Appearance USE='Material_68_IDX_68'/>
				<IndexedFaceSet coordIndex='0 1 2 3 -1'>
					<Coordinate point='-0.640652 -0.667788 -0.021684 -0.655306 -0.655306 -0.000000 -0.518648 -0.518648 -0.000000 -0.504933 -0.531982 -0.002328'/>
				</IndexedFaceSet>
			</Shape>
			<Shape DEF='_IDX_719'>
				<Appearance USE='Material_67_IDX_67'/>
				<IndexedFaceSet coordIndex='0 1 2 3 -1'>
					<Coordinate point='-1.065825 -0.889333 -0.134262 -1.005428 -1.005428 -0.000000 -0.655306 -0.655306 -0.000000 -0.640652 -0.667788 -0.021684'/>
				</IndexedFaceSet>
			</Shape>
			<Shape DEF='_IDX_720'>
				<Appearance USE='Material_1_IDX_1'/>
				<IndexedFaceSet coordIndex='0 1 2 3 -1'>
					<Coordinate point='-0.183333 0.000000 0.000000 -0.183271 0.004799 0.000000 0.000000 0.000000 0.000000 0.000000 0.000000 0.000000'/>
				</IndexedFaceSet>
			</Shape>
			<Shape DEF='_IDX_721'>
				<Appearance USE='Material_2_IDX_2'/>
				<IndexedFaceSet coordIndex='0 1 2 3 -1'>
					<Coordinate point='-0.366667 0.000000 0.000009 -0.366541 0.009598 0.000008 -0.183271 0.004799 0.000000 -0.183333 0.000000 0.000000'/>
				</IndexedFaceSet>
			</Shape>
			<Shape DEF='_IDX_722'>
				<Appearance USE='Material_3_IDX_3'/>
				<IndexedFaceSet coordIndex='0 1 2 3 -1'>
					<Coordinate point='-0.549999 0.000000 0.000507 -0.549811 0.014398 0.000489 -0.366541 0.009598 0.000008 -0.366667 0.000000 0.000009'/>
				</IndexedFaceSet>
			</Shape>
			<Shape DEF='_IDX_723'>
				<Appearance USE='Material_4_IDX_4'/>
				<IndexedFaceSet coordIndex='0 1 2 3 -1'>
					<Coordinate point='-0.733188 0.000000 0.008996 -0.732954 0.019266 0.008689 -0.549811 0.014398 0.000489 -0.549999 0.000000 0.000507'/>
				</IndexedFaceSet>
			</Shape>
			<Shape DEF='_IDX_724'>
				<Appearance USE='Material_5_IDX_5'/>
				<IndexedFaceSet coordIndex='0 1 2 3 -1'>
					<Coordinate point='-0.906591 0.000000 0.083781 -0.907498 0.028803 0.080926 -0.732954 0.019266 0.008689 -0.733188 0.000000 0.008996'/>
				</IndexedFaceSet>
			</Shape>
			<Shape DEF='_IDX_725'>
				<Appearance USE='Material_6_IDX_6'/>
				<IndexedFaceSet coordIndex='0 1 2 3 -1'>
					<Coordinate point='-0.778110 0.000000 0.518749 -0.816741 0.182387 0.501073 -0.907498 0.028803 0.080926 -0.906591 0.000000 0.083781'/>
				</IndexedFaceSet>
			</Shape>
			<Shape DEF='_IDX_726'>
				<Appearance USE='Material_7_IDX_7'/>
				<IndexedFaceSet coordIndex='0 1 2 3 -1'>
					<Coordinate point='-0.183271 0.004799 0.000000 -0.183082 0.009595 0.000000 0.000000 0.000000 0.000000 0.000000 0.000000 0.000000'/>
				</IndexedFaceSet>
			</Shape>
			<Shape DEF='_IDX_727'>
				<Appearance USE='Material_8_IDX_8'/>
				<IndexedFaceSet coordIndex='0 1 2 3 -1'>
					<Coordinate point='-0.366541 0.009598 0.000008 -0.366164 0.019190 0.000008 -0.183082 0.009595 0.000000 -0.183271 0.004799 0.000000'/>
				</IndexedFaceSet>
			</Shape>
			<Shape DEF='_IDX_728'>
				<Appearance USE='Material_9_IDX_9'/>
				<IndexedFaceSet coordIndex='0 1 2 3 -1'>
					<Coordinate point='-0.549811 0.014398 0.000489 -0.549246 0.028785 0.000439 -0.366164 0.019190 0.000008 -0.366541 0.009598 0.000008'/>
				</IndexedFaceSet>
			</Shape>
			<Shape DEF='_IDX_729'>
				<Appearance USE='Material_10_IDX_10'/>
				<IndexedFaceSet coordIndex='0 1 2 3 -1'>
					<Coordinate point='-0.732954 0.019266 0.008689 -0.732249 0.038501 0.007791 -0.549246 0.028785 0.000439 -0.549811 0.014398 0.000489'/>
				</IndexedFaceSet>
			</Shape>
			<Shape DEF='_IDX_730'>
				<Appearance USE='Material_11_IDX_11'/>
				<IndexedFaceSet coordIndex='0 1 2 3 -1'>
					<Coordinate point='-0.907498 0.028803 0.080926 -0.909923 0.056425 0.072556 -0.732249 0.038501 0.007791 -0.732954 0.019266 0.008689'/>
				</IndexedFaceSet>
			</Shape>
			<Shape DEF='_IDX_731'>
				<Appearance USE='Material_12_IDX_12'/>
				<IndexedFaceSet coordIndex='0 1 2 3 -1'>
					<Coordinate point='-0.816741 0.182387 0.501073 -0.923179 0.327529 0.449249 -0.909923 0.056425 0.072556 -0.907498 0.028803 0.080926'/>
				</IndexedFaceSet>
			</Shape>
			<Shape DEF='_IDX_732'>
				<Appearance USE='Material_13_IDX_13'/>
				<IndexedFaceSet coordIndex='0 1 2 3 -1'>
					<Coordinate point='-0.183082 0.009595 0.000000 -0.182768 0.014384 0.000000 0.000000 0.000000 0.000000 0.000000 0.000000 0.000000'/>
				</IndexedFaceSet>
			</Shape>
			<Shape DEF='_IDX_733'>
				<Appearance USE='Material_14_IDX_14'/>
				<IndexedFaceSet coordIndex='0 1 2 3 -1'>
					<Coordinate point='-0.366164 0.019190 0.000008 -0.365536 0.028768 0.000006 -0.182768 0.014384 0.000000 -0.183082 0.009595 0.000000'/>
				</IndexedFaceSet>
			</Shape>
			<Shape DEF='_IDX_734'>
				<Appearance USE='Material_15_IDX_15'/>
				<IndexedFaceSet coordIndex='0 1 2 3 -1'>
					<Coordinate point='-0.549246 0.028785 0.000439 -0.548304 0.043153 0.000358 -0.365536 0.028768 0.000006 -0.366164 0.019190 0.000008'/>
				</IndexedFaceSet>
			</Shape>
			<Shape DEF='_IDX_735'>
				<Appearance USE='Material_16_IDX_16'/>
				<IndexedFaceSet coordIndex='0 1 2 3 -1'>
					<Coordinate point='-0.732249 0.038501 0.007791 -0.731061 0.057681 0.006361 -0.548304 0.043153 0.000358 -0.549246 0.028785 0.000439'/>
				</IndexedFaceSet>
			</Shape>
			<Shape DEF='_IDX_736'>
				<Appearance USE='Material_17_IDX_17'/>
				<IndexedFaceSet coordIndex='0 1 2 3 -1'>
					<Coordinate point='-0.909923 0.056425 0.072556 -0.913050 0.081965 0.059242 -0.731061 0.057681 0.006361 -0.732249 0.038501 0.007791'/>
				</IndexedFaceSet>
			</Shape>
			<Shape DEF='_IDX_737'>
				<Appearance USE='Material_18_IDX_18'/>
				<IndexedFaceSet coordIndex='0 1 2 3 -1'>
					<Coordinate point='-0.923179 0.327529 0.449249 -1.071354 0.407203 0.366811 -0.913050 0.081965 0.059242 -0.909923 0.056425 0.072556'/>
				</IndexedFaceSet>
			</Shape>
			<Shape DEF='_IDX_738'>
				<Appearance USE='Material_19_IDX_19'/>
				<IndexedFaceSet coordIndex='0 1 2 3 -1'>
					<Coordinate point='-0.182768 0.014384 0.000000 -0.182329 0.019164 0.000000 0.000000 0.000000 0.000000 0.000000 0.000000 0.000000'/>
				</IndexedFaceSet>
			</Shape>
			<Shape DEF='_IDX_739'>
				<Appearance USE='Material_20_IDX_20'/>
				<IndexedFaceSet coordIndex='0 1 2 3 -1'>
					<Coordinate point='-0.365536 0.028768 0.000006 -0.364658 0.038327 0.000004 -0.182329 0.019164 0.000000 -0.182768 0.014384 0.000000'/>
				</IndexedFaceSet>
			</Shape>
			<Shape DEF='_IDX_740'>
				<Appearance USE='Material_21_IDX_21'/>
				<IndexedFaceSet coordIndex='0 1 2 3 -1'>
					<Coordinate point='-0.548304 0.043153 0.000358 -0.546987 0.057491 0.000253 -0.364658 0.038327 0.000004 -0.365536 0.028768 0.000006'/>
				</IndexedFaceSet>
			</Shape>
			<Shape DEF='_IDX_741'>
				<Appearance USE='Material_22_IDX_22'/>
				<IndexedFaceSet coordIndex='0 1 2 3 -1'>
					<Coordinate point='-0.731061 0.057681 0.006361 -0.729375 0.076787 0.004498 -0.546987 0.057491 0.000253 -0.548304 0.043153 0.000358'/>
				</IndexedFaceSet>
			</Shape>
			<Shape DEF='_IDX_742'>
				<Appearance USE='Material_23_IDX_23'/>
				<IndexedFaceSet coordIndex='0 1 2 3 -1'>
					<Coordinate point='-0.913050 0.081965 0.059242 -0.915743 0.105022 0.041890 -0.729375 0.076787 0.004498 -0.731061 0.057681 0.006361'/>
				</IndexedFaceSet>
			</Shape>
			<Shape DEF='_IDX_743'>
				<Appearance USE='Material_24_IDX_24'/>
				<IndexedFaceSet coordIndex='0 1 2 3 -1'>
					<Coordinate point='-1.071354 0.407203 0.366811 -1.224899 0.409042 0.259374 -0.915743 0.105022 0.041890 -0.913050 0.081965 0.059242'/>
				</IndexedFaceSet>
			</Shape>
			<Shape DEF='_IDX_744'>
				<Appearance USE='Material_25_IDX_25'/>
				<IndexedFaceSet coordIndex='0 1 2 3 -1'>
					<Coordinate point='-0.182329 0.019164 0.000000 -0.181765 0.023930 0.000000 0.000000 0.000000 0.000000 0.000000 0.000000 0.000000'/>
				</IndexedFaceSet>
			</Shape>
			<Shape DEF='_IDX_745'>
				<Appearance USE='Material_26_IDX_26'/>
				<IndexedFaceSet coordIndex='0 1 2 3 -1'>
					<Coordinate point='-0.364658 0.038327 0.000004 -0.363530 0.047860 0.000002 -0.181765 0.023930 0.000000 -0.182329 0.019164 0.000000'/>
				</IndexedFaceSet>
			</Shape>
			<Shape DEF='_IDX_746'>
				<Appearance USE='Material_27_IDX_27'/>
				<IndexedFaceSet coordIndex='0 1 2 3 -1'>
					<Coordinate point='-0.546987 0.057491 0.000253 -0.545295 0.071790 0.000131 -0.363530 0.047860 0.000002 -0.364658 0.038327 0.000004'/>
				</IndexedFaceSet>
			</Shape>
			<Shape DEF='_IDX_747'>
				<Appearance USE='Material_28_IDX_28'/>
				<IndexedFaceSet coordIndex='0 1 2 3 -1'>
					<Coordinate point='-0.729375 0.076787 0.004498 -0.727175 0.095808 0.002328 -0.545295 0.071790 0.000131 -0.546987 0.057491 0.000253'/>
				</IndexedFaceSet>
			</Shape>
			<Shape DEF='_IDX_748'>
				<Appearance USE='Material_29_IDX_29'/>
				<IndexedFaceSet coordIndex='0 1 2 3 -1'>
					<Coordinate point='-0.915743 0.105022 0.041890 -0.916818 0.125783 0.021684 -0.727175 0.095808 0.002328 -0.729375 0.076787 0.004498'/>
				</IndexedFaceSet>
			</Shape>
			<Shape DEF='_IDX_749'>
				<Appearance USE='Material_30_IDX_30'/>
				<IndexedFaceSet coordIndex='0 1 2 3 -1'>
					<Coordinate point='-1.224899 0.409042 0.259374 -1.345962 0.339533 0.134262 -0.916818 0.125783 0.021684 -0.915743 0.105022 0.041890'/>
				</IndexedFaceSet>
			</Shape>
			<Shape DEF='_IDX_750'>
				<Appearance USE='Material_31_IDX_31'/>
				<IndexedFaceSet coordIndex='0 1 2 3 -1'>
					<Coordinate point='-0.181765 0.023930 0.000000 -0.181076 0.028680 0.000000 0.000000 0.000000 0.000000 0.000000 0.000000 0.000000'/>
				</IndexedFaceSet>
			</Shape>
			<Shape DEF='_IDX_751'>
				<Appearance USE='Material_32_IDX_32'/>
				<IndexedFaceSet coordIndex='0 1 2 3 -1'>
					<Coordinate point='-0.363530 0.047860 0.000002 -0.362152 0.057359 0.000000 -0.181076 0.028680 0.000000 -0.181765 0.023930 0.000000'/>
				</IndexedFaceSet>
			</Shape>
			<Shape DEF='_IDX_752'>
				<Appearance USE='Material_33_IDX_33'/>
				<IndexedFaceSet coordIndex='0 1 2 3 -1'>
					<Coordinate point='-0.545295 0.071790 0.000131 -0.543229 0.086039 -0.000000 -0.362152 0.057359 0.000000 -0.363530 0.047860 0.000002'/>
				</IndexedFaceSet>
			</Shape>
			<Shape DEF='_IDX_753'>
				<Appearance USE='Material_34_IDX_34'/>
				<IndexedFaceSet coordIndex='0 1 2 3 -1'>
					<Coordinate point='-0.727175 0.095808 0.002328 -0.724448 0.114741 0.000000 -0.543229 0.086039 -0.000000 -0.545295 0.071790 0.000131'/>
				</IndexedFaceSet>
			</Shape>
			<Shape DEF='_IDX_754'>
				<Appearance USE='Material_35_IDX_35'/>
				<IndexedFaceSet coordIndex='0 1 2 3 -1'>
					<Coordinate point='-0.916818 0.125783 0.021684 -0.915332 0.144974 0.000000 -0.724448 0.114741 0.000000 -0.727175 0.095808 0.002328'/>
				</IndexedFaceSet>
			</Shape>
			<Shape DEF='_IDX_755'>
				<Appearance USE='Material_36_IDX_36'/>
				<IndexedFaceSet coordIndex='0 1 2 3 -1'>
					<Coordinate point='-1.345962 0.339533 0.134262 -1.404384 0.222433 -0.000000 -0.915332 0.144974 0.000000 -0.916818 0.125783 0.021684'/>
				</IndexedFaceSet>
			</Shape>
			<Shape DEF='_IDX_756'>
				<Appearance USE='Material_37_IDX_37'/>
				<IndexedFaceSet coordIndex='0 1 2 3 -1'>
					<Coordinate point='-0.862220 0.280152 -0.083781 -0.871983 0.253039 -0.080926 -0.833127 0.078926 -0.501073 -0.740027 0.240449 -0.518749'/>
				</IndexedFaceSet>
			</Shape>
			<Shape DEF='_IDX_757'>
				<Appearance USE='Material_38_IDX_38'/>
				<IndexedFaceSet coordIndex='0 1 2 3 -1'>
					<Coordinate point='-0.697303 0.226568 -0.008996 -0.703035 0.208173 -0.008689 -0.871983 0.253039 -0.080926 -0.862220 0.280152 -0.083781'/>
				</IndexedFaceSet>
			</Shape>
			<Shape DEF='_IDX_758'>
				<Appearance USE='Material_39_IDX_39'/>
				<IndexedFaceSet coordIndex='0 1 2 3 -1'>
					<Coordinate point='-0.523081 0.169959 -0.000507 -0.527350 0.156208 -0.000489 -0.703035 0.208173 -0.008689 -0.697303 0.226568 -0.008996'/>
				</IndexedFaceSet>
			</Shape>
			<Shape DEF='_IDX_759'>
				<Appearance USE='Material_40_IDX_40'/>
				<IndexedFaceSet coordIndex='0 1 2 3 -1'>
					<Coordinate point='-0.348721 0.113306 -0.000009 -0.351567 0.104139 -0.000008 -0.527350 0.156208 -0.000489 -0.523081 0.169959 -0.000507'/>
				</IndexedFaceSet>
			</Shape>
			<Shape DEF='_IDX_760'>
				<Appearance USE='Material_41_IDX_41'/>
				<IndexedFaceSet coordIndex='0 1 2 3 -1'>
					<Coordinate point='-0.174360 0.056653 -0.000000 -0.175784 0.052069 -0.000000 -0.351567 0.104139 -0.000008 -0.348721 0.113306 -0.000009'/>
				</IndexedFaceSet>
			</Shape>
			<Shape DEF='_IDX_761'>
				<Appearance USE='Material_42_IDX_42'/>
				<IndexedFaceSet coordIndex='0 1 2 3 -1'>
					<Coordinate point='0.000000 0.000000 0.000000 0.000000 0.000000 0.000000 -0.175784 0.052069 -0.000000 -0.174360 0.056653 -0.000000'/>
				</IndexedFaceSet>
			</Shape>
			<Shape DEF='_IDX_762'>
				<Appearance USE='Material_43_IDX_43'/>
				<IndexedFaceSet coordIndex='0 1 2 3 -1'>
					<Coordinate point='-0.871983 0.253039 -0.080926 -0.882824 0.227519 -0.072556 -0.979207 -0.026221 -0.449249 -0.833127 0.078926 -0.501073'/>
				</IndexedFaceSet>
			</Shape>
			<Shape DEF='_IDX_763'>
				<Appearance USE='Material_44_IDX_44'/>
				<IndexedFaceSet coordIndex='0 1 2 3 -1'>
					<Coordinate point='-0.703035 0.208173 -0.008689 -0.708308 0.189660 -0.007791 -0.882824 0.227519 -0.072556 -0.871983 0.253039 -0.080926'/>
				</IndexedFaceSet>
			</Shape>
			<Shape DEF='_IDX_764'>
				<Appearance USE='Material_45_IDX_45'/>
				<IndexedFaceSet coordIndex='0 1 2 3 -1'>
					<Coordinate point='-0.527350 0.156208 -0.000489 -0.531259 0.142350 -0.000439 -0.708308 0.189660 -0.007791 -0.703035 0.208173 -0.008689'/>
				</IndexedFaceSet>
			</Shape>
			<Shape DEF='_IDX_765'>
				<Appearance USE='Material_46_IDX_46'/>
				<IndexedFaceSet coordIndex='0 1 2 3 -1'>
					<Coordinate point='-0.351567 0.104139 -0.000008 -0.354173 0.094900 -0.000008 -0.531259 0.142350 -0.000439 -0.527350 0.156208 -0.000489'/>
				</IndexedFaceSet>
			</Shape>
			<Shape DEF='_IDX_766'>
				<Appearance USE='Material_47_IDX_47'/>
				<IndexedFaceSet coordIndex='0 1 2 3 -1'>
					<Coordinate point='-0.175784 0.052069 -0.000000 -0.177086 0.047450 -0.000000 -0.354173 0.094900 -0.000008 -0.351567 0.104139 -0.000008'/>
				</IndexedFaceSet>
			</Shape>
			<Shape DEF='_IDX_767'>
				<Appearance USE='Material_48_IDX_48'/>
				<IndexedFaceSet coordIndex='0 1 2 3 -1'>
					<Coordinate point='0.000000 0.000000 0.000000 0.000000 0.000000 0.000000 -0.177086 0.047450 -0.000000 -0.175784 0.052069 -0.000000'/>
				</IndexedFaceSet>
			</Shape>
			<Shape DEF='_IDX_768'>
				<Appearance USE='Material_49_IDX_49'/>
				<IndexedFaceSet coordIndex='0 1 2 3 -1'>
					<Coordinate point='-0.882824 0.227519 -0.072556 -0.893691 0.204195 -0.059242 -1.144751 -0.056206 -0.366811 -0.979207 -0.026221 -0.449249'/>
				</IndexedFaceSet>
			</Shape>
			<Shape DEF='_IDX_769'>
				<Appearance USE='Material_50_IDX_50'/>
				<IndexedFaceSet coordIndex='0 1 2 3 -1'>
					<Coordinate point='-0.708308 0.189660 -0.007791 -0.713105 0.171052 -0.006361 -0.893691 0.204195 -0.059242 -0.882824 0.227519 -0.072556'/>
				</IndexedFaceSet>
			</Shape>
			<Shape DEF='_IDX_770'>
				<Appearance USE='Material_51_IDX_51'/>
				<IndexedFaceSet coordIndex='0 1 2 3 -1'>
					<Coordinate point='-0.531259 0.142350 -0.000439 -0.534804 0.128394 -0.000358 -0.713105 0.171052 -0.006361 -0.708308 0.189660 -0.007791'/>
				</IndexedFaceSet>
			</Shape>
			<Shape DEF='_IDX_771'>
				<Appearance USE='Material_52_IDX_52'/>
				<IndexedFaceSet coordIndex='0 1 2 3 -1'>
					<Coordinate point='-0.354173 0.094900 -0.000008 -0.356536 0.085597 -0.000006 -0.534804 0.128394 -0.000358 -0.531259 0.142350 -0.000439'/>
				</IndexedFaceSet>
			</Shape>
			<Shape DEF='_IDX_772'>
				<Appearance USE='Material_53_IDX_53'/>
				<IndexedFaceSet coordIndex='0 1 2 3 -1'>
					<Coordinate point='-0.177086 0.047450 -0.000000 -0.178268 0.042798 -0.000000 -0.356536 0.085597 -0.000006 -0.354173 0.094900 -0.000008'/>
				</IndexedFaceSet>
			</Shape>
			<Shape DEF='_IDX_773'>
				<Appearance USE='Material_54_IDX_54'/>
				<IndexedFaceSet coordIndex='0 1 2 3 -1'>
					<Coordinate point='0.000000 0.000000 0.000000 0.000000 0.000000 0.000000 -0.178268 0.042798 -0.000000 -0.177086 0.047450 -0.000000'/>
				</IndexedFaceSet>
			</Shape>
			<Shape DEF='_IDX_774'>
				<Appearance USE='Material_55_IDX_55'/>
				<IndexedFaceSet coordIndex='0 1 2 3 -1'>
					<Coordinate point='-0.893691 0.204195 -0.059242 -0.903377 0.183098 -0.041890 -1.291349 -0.010508 -0.259374 -1.144751 -0.056206 -0.366811'/>
				</IndexedFaceSet>
			</Shape>
			<Shape DEF='_IDX_775'>
				<Appearance USE='Material_56_IDX_56'/>
				<IndexedFaceSet coordIndex='0 1 2 3 -1'>
					<Coordinate point='-0.713105 0.171052 -0.006361 -0.717405 0.152361 -0.004498 -0.903377 0.183098 -0.041890 -0.893691 0.204195 -0.059242'/>
				</IndexedFaceSet>
			</Shape>
			<Shape DEF='_IDX_776'>
				<Appearance USE='Material_57_IDX_57'/>
				<IndexedFaceSet coordIndex='0 1 2 3 -1'>
					<Coordinate point='-0.534804 0.128394 -0.000358 -0.537982 0.114351 -0.000253 -0.717405 0.152361 -0.004498 -0.713105 0.171052 -0.006361'/>
				</IndexedFaceSet>
			</Shape>
			<Shape DEF='_IDX_777'>
				<Appearance USE='Material_58_IDX_58'/>
				<IndexedFaceSet coordIndex='0 1 2 3 -1'>
					<Coordinate point='-0.356536 0.085597 -0.000006 -0.358654 0.076234 -0.000004 -0.537982 0.114351 -0.000253 -0.534804 0.128394 -0.000358'/>
				</IndexedFaceSet>
			</Shape>
			<Shape DEF='_IDX_778'>
				<Appearance USE='Material_59_IDX_59'/>
				<IndexedFaceSet coordIndex='0 1 2 3 -1'>
					<Coordinate point='-0.178268 0.042798 -0.000000 -0.179327 0.038117 -0.000000 -0.358654 0.076234 -0.000004 -0.356536 0.085597 -0.000006'/>
				</IndexedFaceSet>
			</Shape>
			<Shape DEF='_IDX_779'>
				<Appearance USE='Material_60_IDX_60'/>
				<IndexedFaceSet coordIndex='0 1 2 3 -1'>
					<Coordinate point='0.000000 0.000000 0.000000 0.000000 0.000000 0.000000 -0.179327 0.038117 -0.000000 -0.178268 0.042798 -0.000000'/>
				</IndexedFaceSet>
			</Shape>
			<Shape DEF='_IDX_780'>
				<Appearance USE='Material_61_IDX_61'/>
				<IndexedFaceSet coordIndex='0 1 2 3 -1'>
					<Coordinate point='-0.903377 0.183098 -0.041890 -0.910815 0.163686 -0.021684 -1.385007 0.093010 -0.134262 -1.291349 -0.010508 -0.259374'/>
				</IndexedFaceSet>
			</Shape>
			<Shape DEF='_IDX_781'>
				<Appearance USE='Material_62_IDX_62'/>
				<IndexedFaceSet coordIndex='0 1 2 3 -1'>
					<Coordinate point='-0.717405 0.152361 -0.004498 -0.721190 0.133591 -0.002328 -0.910815 0.163686 -0.021684 -0.903377 0.183098 -0.041890'/>
				</IndexedFaceSet>
			</Shape>
			<Shape DEF='_IDX_782'>
				<Appearance USE='Material_63_IDX_63'/>
				<IndexedFaceSet coordIndex='0 1 2 3 -1'>
					<Coordinate point='-0.537982 0.114351 -0.000253 -0.540791 0.100229 -0.000131 -0.721190 0.133591 -0.002328 -0.717405 0.152361 -0.004498'/>
				</IndexedFaceSet>
			</Shape>
			<Shape DEF='_IDX_783'>
				<Appearance USE='Material_64_IDX_64'/>
				<IndexedFaceSet coordIndex='0 1 2 3 -1'>
					<Coordinate point='-0.358654 0.076234 -0.000004 -0.360527 0.066820 -0.000002 -0.540791 0.100229 -0.000131 -0.537982 0.114351 -0.000253'/>
				</IndexedFaceSet>
			</Shape>
			<Shape DEF='_IDX_784'>
				<Appearance USE='Material_65_IDX_65'/>
				<IndexedFaceSet coordIndex='0 1 2 3 -1'>
					<Coordinate point='-0.179327 0.038117 -0.000000 -0.180263 0.033410 -0.000000 -0.360527 0.066820 -0.000002 -0.358654 0.076234 -0.000004'/>
				</IndexedFaceSet>
			</Shape>
			<Shape DEF='_IDX_785'>
				<Appearance USE='Material_66_IDX_66'/>
				<IndexedFaceSet coordIndex='0 1 2 3 -1'>
					<Coordinate point='0.000000 0.000000 0.000000 0.000000 0.000000 0.000000 -0.180263 0.033410 -0.000000 -0.179327 0.038117 -0.000000'/>
				</IndexedFaceSet>
			</Shape>
			<Shape DEF='_IDX_786'>
				<Appearance USE='Material_67_IDX_67'/>
				<IndexedFaceSet coordIndex='0 1 2 3 -1'>
					<Coordinate point='-0.910815 0.163686 -0.021684 -0.915332 0.144974 -0.000000 -1.404384 0.222433 -0.000000 -1.385007 0.093010 -0.134262'/>
				</IndexedFaceSet>
			</Shape>
			<Shape DEF='_IDX_787'>
				<Appearance USE='Material_68_IDX_68'/>
				<IndexedFaceSet coordIndex='0 1 2 3 -1'>
					<Coordinate point='-0.721190 0.133591 -0.002328 -0.724448 0.114741 -0.000000 -0.915332 0.144974 -0.000000 -0.910815 0.163686 -0.021684'/>
				</IndexedFaceSet>
			</Shape>
			<Shape DEF='_IDX_788'>
				<Appearance USE='Material_69_IDX_69'/>
				<IndexedFaceSet coordIndex='0 1 2 3 -1'>
					<Coordinate point='-0.540791 0.100229 -0.000131 -0.543229 0.086039 -0.000000 -0.724448 0.114741 -0.000000 -0.721190 0.133591 -0.002328'/>
				</IndexedFaceSet>
			</Shape>
			<Shape DEF='_IDX_789'>
				<Appearance USE='Material_70_IDX_70'/>
				<IndexedFaceSet coordIndex='0 1 2 3 -1'>
					<Coordinate point='-0.360527 0.066820 -0.000002 -0.362152 0.057359 -0.000000 -0.543229 0.086039 -0.000000 -0.540791 0.100229 -0.000131'/>
				</IndexedFaceSet>
			</Shape>
			<Shape DEF='_IDX_790'>
				<Appearance USE='Material_71_IDX_71'/>
				<IndexedFaceSet coordIndex='0 1 2 3 -1'>
					<Coordinate point='-0.180263 0.033410 -0.000000 -0.181076 0.028680 -0.000000 -0.362152 0.057359 -0.000000 -0.360527 0.066820 -0.000002'/>
				</IndexedFaceSet>
			</Shape>
			<Shape DEF='_IDX_791'>
				<Appearance USE='Material_72_IDX_72'/>
				<IndexedFaceSet coordIndex='0 1 2 3 -1'>
					<Coordinate point='0.000000 0.000000 0.000000 0.000000 0.000000 0.000000 -0.181076 0.028680 -0.000000 -0.180263 0.033410 -0.000000'/>
				</IndexedFaceSet>
			</Shape>
			<Shape DEF='_IDX_792'>
				<Appearance USE='Material_73_IDX_73'/>
				<IndexedFaceSet coordIndex='0 1 2 3 -1'>
					<Coordinate point='-0.906591 0.000000 0.083781 -0.907498 -0.028803 0.080926 -0.816741 -0.182387 0.501073 -0.778110 0.000000 0.518749'/>
				</IndexedFaceSet>
			</Shape>
			<Shape DEF='_IDX_793'>
				<Appearance USE='Material_5_IDX_5'/>
				<IndexedFaceSet coordIndex='0 1 2 3 -1'>
					<Coordinate point='-0.733188 0.000000 0.008996 -0.732954 -0.019266 0.008689 -0.907498 -0.028803 0.080926 -0.906591 0.000000 0.083781'/>
				</IndexedFaceSet>
			</Shape>
			<Shape DEF='_IDX_794'>
				<Appearance USE='Material_4_IDX_4'/>
				<IndexedFaceSet coordIndex='0 1 2 3 -1'>
					<Coordinate point='-0.549999 0.000000 0.000507 -0.549811 -0.014398 0.000489 -0.732954 -0.019266 0.008689 -0.733188 0.000000 0.008996'/>
				</IndexedFaceSet>
			</Shape>
			<Shape DEF='_IDX_795'>
				<Appearance USE='Material_3_IDX_3'/>
				<IndexedFaceSet coordIndex='0 1 2 3 -1'>
					<Coordinate point='-0.366667 0.000000 0.000009 -0.366541 -0.009598 0.000008 -0.549811 -0.014398 0.000489 -0.549999 0.000000 0.000507'/>
				</IndexedFaceSet>
			</Shape>
			<Shape DEF='_IDX_796'>
				<Appearance USE='Material_2_IDX_2'/>
				<IndexedFaceSet coordIndex='0 1 2 3 -1'>
					<Coordinate point='-0.183333 0.000000 0.000000 -0.183271 -0.004799 0.000000 -0.366541 -0.009598 0.000008 -0.366667 0.000000 0.000009'/>
				</IndexedFaceSet>
			</Shape>
			<Shape DEF='_IDX_797'>
				<Appearance USE='Material_1_IDX_1'/>
				<IndexedFaceSet coordIndex='0 1 2 3 -1'>
					<Coordinate point='0.000000 0.000000 0.000000 0.000000 0.000000 0.000000 -0.183271 -0.004799 0.000000 -0.183333 0.000000 0.000000'/>
				</IndexedFaceSet>
			</Shape>
			<Shape DEF='_IDX_798'>
				<Appearance USE='Material_74_IDX_74'/>
				<IndexedFaceSet coordIndex='0 1 2 3 -1'>
					<Coordinate point='-0.907498 -0.028803 0.080926 -0.909923 -0.056425 0.072556 -0.923179 -0.327529 0.449249 -0.816741 -0.182387 0.501073'/>
				</IndexedFaceSet>
			</Shape>
			<Shape DEF='_IDX_799'>
				<Appearance USE='Material_11_IDX_11'/>
				<IndexedFaceSet coordIndex='0 1 2 3 -1'>
					<Coordinate point='-0.732954 -0.019266 0.008689 -0.732249 -0.038501 0.007791 -0.909923 -0.056425 0.072556 -0.907498 -0.028803 0.080926'/>
				</IndexedFaceSet>
			</Shape>
			<Shape DEF='_IDX_800'>
				<Appearance USE='Material_10_IDX_10'/>
				<IndexedFaceSet coordIndex='0 1 2 3 -1'>
					<Coordinate point='-0.549811 -0.014398 0.000489 -0.549246 -0.028785 0.000439 -0.732249 -0.038501 0.007791 -0.732954 -0.019266 0.008689'/>
				</IndexedFaceSet>
			</Shape>
			<Shape DEF='_IDX_801'>
				<Appearance USE='Material_9_IDX_9'/>
				<IndexedFaceSet coordIndex='0 1 2 3 -1'>
					<Coordinate point='-0.366541 -0.009598 0.000008 -0.366164 -0.019190 0.000008 -0.549246 -0.028785 0.000439 -0.549811 -0.014398 0.000489'/>
				</IndexedFaceSet>
			</Shape>
			<Shape DEF='_IDX_802'>
				<Appearance USE='Material_8_IDX_8'/>
				<IndexedFaceSet coordIndex='0 1 2 3 -1'>
					<Coordinate point='-0.183271 -0.004799 0.000000 -0.183082 -0.009595 0.000000 -0.366164 -0.019190 0.000008 -0.366541 -0.009598 0.000008'/>
				</IndexedFaceSet>
			</Shape>
			<Shape DEF='_IDX_803'>
				<Appearance USE='Material_7_IDX_7'/>
				<IndexedFaceSet coordIndex='0 1 2 3 -1'>
					<Coordinate point='0.000000 0.000000 0.000000 0.000000 0.000000 0.000000 -0.183082 -0.009595 0.000000 -0.183271 -0.004799 0.000000'/>
				</IndexedFaceSet>
			</Shape>
			<Shape DEF='_IDX_804'>
				<Appearance USE='Material_18_IDX_18'/>
				<IndexedFaceSet coordIndex='0 1 2 3 -1'>
					<Coordinate point='-0.909923 -0.056425 0.072556 -0.913050 -0.081965 0.059242 -1.071354 -0.407203 0.366811 -0.923179 -0.327529 0.449249'/>
				</IndexedFaceSet>
			</Shape>
			<Shape DEF='_IDX_805'>
				<Appearance USE='Material_17_IDX_17'/>
				<IndexedFaceSet coordIndex='0 1 2 3 -1'>
					<Coordinate point='-0.732249 -0.038501 0.007791 -0.731061 -0.057681 0.006361 -0.913050 -0.081965 0.059242 -0.909923 -0.056425 0.072556'/>
				</IndexedFaceSet>
			</Shape>
			<Shape DEF='_IDX_806'>
				<Appearance USE='Material_16_IDX_16'/>
				<IndexedFaceSet coordIndex='0 1 2 3 -1'>
					<Coordinate point='-0.549246 -0.028785 0.000439 -0.548304 -0.043153 0.000358 -0.731061 -0.057681 0.006361 -0.732249 -0.038501 0.007791'/>
				</IndexedFaceSet>
			</Shape>
			<Shape DEF='_IDX_807'>
				<Appearance USE='Material_15_IDX_15'/>
				<IndexedFaceSet coordIndex='0 1 2 3 -1'>
					<Coordinate point='-0.366164 -0.019190 0.000008 -0.365536 -0.028768 0.000006 -0.548304 -0.043153 0.000358 -0.549246 -0.028785 0.000439'/>
				</IndexedFaceSet>
			</Shape>
			<Shape DEF='_IDX_808'>
				<Appearance USE='Material_14_IDX_14'/>
				<IndexedFaceSet coordIndex='0 1 2 3 -1'>
					<Coordinate point='-0.183082 -0.009595 0.000000 -0.182768 -0.014384 0.000000 -0.365536 -0.028768 0.000006 -0.366164 -0.019190 0.000008'/>
				</IndexedFaceSet>
			</Shape>
			<Shape DEF='_IDX_809'>
				<Appearance USE='Material_13_IDX_13'/>
				<IndexedFaceSet coordIndex='0 1 2 3 -1'>
					<Coordinate point='0.000000 0.000000 0.000000 0.000000 0.000000 0.000000 -0.182768 -0.014384 0.000000 -0.183082 -0.009595 0.000000'/>
				</IndexedFaceSet>
			</Shape>
			<Shape DEF='_IDX_810'>
				<Appearance USE='Material_24_IDX_24'/>
				<IndexedFaceSet coordIndex='0 1 2 3 -1'>
					<Coordinate point='-0.913050 -0.081965 0.059242 -0.915743 -0.105022 0.041890 -1.224899 -0.409042 0.259374 -1.071354 -0.407203 0.366811'/>
				</IndexedFaceSet>
			</Shape>
			<Shape DEF='_IDX_811'>
				<Appearance USE='Material_23_IDX_23'/>
				<IndexedFaceSet coordIndex='0 1 2 3 -1'>
					<Coordinate point='-0.731061 -0.057681 0.006361 -0.729375 -0.076787 0.004498 -0.915743 -0.105022 0.041890 -0.913050 -0.081965 0.059242'/>
				</IndexedFaceSet>
			</Shape>
			<Shape DEF='_IDX_812'>
				<Appearance USE='Material_22_IDX_22'/>
				<IndexedFaceSet coordIndex='0 1 2 3 -1'>
					<Coordinate point='-0.548304 -0.043153 0.000358 -0.546987 -0.057491 0.000253 -0.729375 -0.076787 0.004498 -0.731061 -0.057681 0.006361'/>
				</IndexedFaceSet>
			</Shape>
			<Shape DEF='_IDX_813'>
				<Appearance USE='Material_21_IDX_21'/>
				<IndexedFaceSet coordIndex='0 1 2 3 -1'>
					<Coordinate point='-0.365536 -0.028768 0.000006 -0.364658 -0.038327 0.000004 -0.546987 -0.057491 0.000253 -0.548304 -0.043153 0.000358'/>
				</IndexedFaceSet>
			</Shape>
			<Shape DEF='_IDX_814'>
				<Appearance USE='Material_20_IDX_20'/>
				<IndexedFaceSet coordIndex='0 1 2 3 -1'>
					<Coordinate point='-0.182768 -0.014384 0.000000 -0.182329 -0.019164 0.000000 -0.364658 -0.038327 0.000004 -0.365536 -0.028768 0.000006'/>
				</IndexedFaceSet>
			</Shape>
			<Shape DEF='_IDX_815'>
				<Appearance USE='Material_19_IDX_19'/>
				<IndexedFaceSet coordIndex='0 1 2 3 -1'>
					<Coordinate point='0.000000 0.000000 0.000000 0.000000 0.000000 0.000000 -0.182329 -0.019164 0.000000 -0.182768 -0.014384 0.000000'/>
				</IndexedFaceSet>
			</Shape>
			<Shape DEF='_IDX_816'>
				<Appearance USE='Material_30_IDX_30'/>
				<IndexedFaceSet coordIndex='0 1 2 3 -1'>
					<Coordinate point='-0.915743 -0.105022 0.041890 -0.916818 -0.125783 0.021684 -1.345962 -0.339533 0.134262 -1.224899 -0.409042 0.259374'/>
				</IndexedFaceSet>
			</Shape>
			<Shape DEF='_IDX_817'>
				<Appearance USE='Material_29_IDX_29'/>
				<IndexedFaceSet coordIndex='0 1 2 3 -1'>
					<Coordinate point='-0.729375 -0.076787 0.004498 -0.727175 -0.095808 0.002328 -0.916818 -0.125783 0.021684 -0.915743 -0.105022 0.041890'/>
				</IndexedFaceSet>
			</Shape>
			<Shape DEF='_IDX_818'>
				<Appearance USE='Material_28_IDX_28'/>
				<IndexedFaceSet coordIndex='0 1 2 3 -1'>
					<Coordinate point='-0.546987 -0.057491 0.000253 -0.545295 -0.071790 0.000131 -0.727175 -0.095808 0.002328 -0.729375 -0.076787 0.004498'/>
				</IndexedFaceSet>
			</Shape>
			<Shape DEF='_IDX_819'>
				<Appearance USE='Material_27_IDX_27'/>
				<IndexedFaceSet coordIndex='0 1 2 3 -1'>
					<Coordinate point='-0.364658 -0.038327 0.000004 -0.363530 -0.047860 0.000002 -0.545295 -0.071790 0.000131 -0.546987 -0.057491 0.000253'/>
				</IndexedFaceSet>
			</Shape>
			<Shape DEF='_IDX_820'>
				<Appearance USE='Material_26_IDX_26'/>
				<IndexedFaceSet coordIndex='0 1 2 3 -1'>
					<Coordinate point='-0.182329 -0.019164 0.000000 -0.181765 -0.023930 0.000000 -0.363530 -0.047860 0.000002 -0.364658 -0.038327 0.000004'/>
				</IndexedFaceSet>
			</Shape>
			<Shape DEF='_IDX_821'>
				<Appearance USE='Material_25_IDX_25'/>
				<IndexedFaceSet coordIndex='0 1 2 3 -1'>
					<Coordinate point='0.000000 0.000000 0.000000 0.000000 0.000000 0.000000 -0.181765 -0.023930 0.000000 -0.182329 -0.019164 0.000000'/>
				</IndexedFaceSet>
			</Shape>
			<Shape DEF='_IDX_822'>
				<Appearance USE='Material_36_IDX_36'/>
				<IndexedFaceSet coordIndex='0 1 2 3 -1'>
					<Coordinate point='-0.916818 -0.125783 0.021684 -0.915332 -0.144974 0.000000 -1.404384 -0.222433 -0.000000 -1.345962 -0.339533 0.134262'/>
				</IndexedFaceSet>
			</Shape>
			<Shape DEF='_IDX_823'>
				<Appearance USE='Material_35_IDX_35'/>
				<IndexedFaceSet coordIndex='0 1 2 3 -1'>
					<Coordinate point='-0.727175 -0.095808 0.002328 -0.724448 -0.114741 0.000000 -0.915332 -0.144974 0.000000 -0.916818 -0.125783 0.021684'/>
				</IndexedFaceSet>
			</Shape>
			<Shape DEF='_IDX_824'>
				<Appearance USE='Material_34_IDX_34'/>
				<IndexedFaceSet coordIndex='0 1 2 3 -1'>
					<Coordinate point='-0.545295 -0.071790 0.000131 -0.543229 -0.086039 -0.000000 -0.724448 -0.114741 0.000000 -0.727175 -0.095808 0.002328'/>
				</IndexedFaceSet>
			</Shape>
			<Shape DEF='_IDX_825'>
				<Appearance USE='Material_33_IDX_33'/>
				<IndexedFaceSet coordIndex='0 1 2 3 -1'>
					<Coordinate point='-0.363530 -0.047860 0.000002 -0.362152 -0.057359 0.000000 -0.543229 -0.086039 -0.000000 -0.545295 -0.071790 0.000131'/>
				</IndexedFaceSet>
			</Shape>
			<Shape DEF='_IDX_826'>
				<Appearance USE='Material_32_IDX_32'/>
				<IndexedFaceSet coordIndex='0 1 2 3 -1'>
					<Coordinate point='-0.181765 -0.023930 0.000000 -0.181076 -0.028680 0.000000 -0.362152 -0.057359 0.000000 -0.363530 -0.047860 0.000002'/>
				</IndexedFaceSet>
			</Shape>
			<Shape DEF='_IDX_827'>
				<Appearance USE='Material_31_IDX_31'/>
				<IndexedFaceSet coordIndex='0 1 2 3 -1'>
					<Coordinate point='0.000000 0.000000 0.000000 0.000000 0.000000 0.000000 -0.181076 -0.028680 0.000000 -0.181765 -0.023930 0.000000'/>
				</IndexedFaceSet>
			</Shape>
			<Shape DEF='_IDX_828'>
				<Appearance USE='Material_42_IDX_42'/>
				<IndexedFaceSet coordIndex='0 1 2 3 -1'>
					<Coordinate point='-0.174360 -0.056653 -0.000000 -0.175784 -0.052069 -0.000000 0.000000 0.000000 0.000000 0.000000 0.000000 0.000000'/>
				</IndexedFaceSet>
			</Shape>
			<Shape DEF='_IDX_829'>
				<Appearance USE='Material_41_IDX_41'/>
				<IndexedFaceSet coordIndex='0 1 2 3 -1'>
					<Coordinate point='-0.348721 -0.113306 -0.000009 -0.351567 -0.104139 -0.000008 -0.175784 -0.052069 -0.000000 -0.174360 -0.056653 -0.000000'/>
				</IndexedFaceSet>
			</Shape>
			<Shape DEF='_IDX_830'>
				<Appearance USE='Material_40_IDX_40'/>
				<IndexedFaceSet coordIndex='0 1 2 3 -1'>
					<Coordinate point='-0.523081 -0.169959 -0.000507 -0.527350 -0.156208 -0.000489 -0.351567 -0.104139 -0.000008 -0.348721 -0.113306 -0.000009'/>
				</IndexedFaceSet>
			</Shape>
			<Shape DEF='_IDX_831'>
				<Appearance USE='Material_39_IDX_39'/>
				<IndexedFaceSet coordIndex='0 1 2 3 -1'>
					<Coordinate point='-0.697303 -0.226568 -0.008996 -0.703035 -0.208173 -0.008689 -0.527350 -0.156208 -0.000489 -0.523081 -0.169959 -0.000507'/>
				</IndexedFaceSet>
			</Shape>
			<Shape DEF='_IDX_832'>
				<Appearance USE='Material_38_IDX_38'/>
				<IndexedFaceSet coordIndex='0 1 2 3 -1'>
					<Coordinate point='-0.862220 -0.280152 -0.083781 -0.871983 -0.253039 -0.080926 -0.703035 -0.208173 -0.008689 -0.697303 -0.226568 -0.008996'/>
				</IndexedFaceSet>
			</Shape>
			<Shape DEF='_IDX_833'>
				<Appearance USE='Material_75_IDX_75'/>
				<IndexedFaceSet coordIndex='0 1 2 3 -1'>
					<Coordinate point='-0.740027 -0.240449 -0.518749 -0.833127 -0.078926 -0.501073 -0.871983 -0.253039 -0.080926 -0.862220 -0.280152 -0.083781'/>
				</IndexedFaceSet>
			</Shape>
			<Shape DEF='_IDX_834'>
				<Appearance USE='Material_48_IDX_48'/>
				<IndexedFaceSet coordIndex='0 1 2 3 -1'>
					<Coordinate point='-0.175784 -0.052069 -0.000000 -0.177086 -0.047450 -0.000000 0.000000 0.000000 0.000000 0.000000 0.000000 0.000000'/>
				</IndexedFaceSet>
			</Shape>
			<Shape DEF='_IDX_835'>
				<Appearance USE='Material_47_IDX_47'/>
				<IndexedFaceSet coordIndex='0 1 2 3 -1'>
					<Coordinate point='-0.351567 -0.104139 -0.000008 -0.354173 -0.094900 -0.000008 -0.177086 -0.047450 -0.000000 -0.175784 -0.052069 -0.000000'/>
				</IndexedFaceSet>
			</Shape>
			<Shape DEF='_IDX_836'>
				<Appearance USE='Material_46_IDX_46'/>
				<IndexedFaceSet coordIndex='0 1 2 3 -1'>
					<Coordinate point='-0.527350 -0.156208 -0.000489 -0.531259 -0.142350 -0.000439 -0.354173 -0.094900 -0.000008 -0.351567 -0.104139 -0.000008'/>
				</IndexedFaceSet>
			</Shape>
			<Shape DEF='_IDX_837'>
				<Appearance USE='Material_45_IDX_45'/>
				<IndexedFaceSet coordIndex='0 1 2 3 -1'>
					<Coordinate point='-0.703035 -0.208173 -0.008689 -0.708308 -0.189660 -0.007791 -0.531259 -0.142350 -0.000439 -0.527350 -0.156208 -0.000489'/>
				</IndexedFaceSet>
			</Shape>
			<Shape DEF='_IDX_838'>
				<Appearance USE='Material_44_IDX_44'/>
				<IndexedFaceSet coordIndex='0 1 2 3 -1'>
					<Coordinate point='-0.871983 -0.253039 -0.080926 -0.882824 -0.227519 -0.072556 -0.708308 -0.189660 -0.007791 -0.703035 -0.208173 -0.008689'/>
				</IndexedFaceSet>
			</Shape>
			<Shape DEF='_IDX_839'>
				<Appearance USE='Material_76_IDX_76'/>
				<IndexedFaceSet coordIndex='0 1 2 3 -1'>
					<Coordinate point='-0.833127 -0.078926 -0.501073 -0.979207 0.026221 -0.449249 -0.882824 -0.227519 -0.072556 -0.871983 -0.253039 -0.080926'/>
				</IndexedFaceSet>
			</Shape>
			<Shape DEF='_IDX_840'>
				<Appearance USE='Material_54_IDX_54'/>
				<IndexedFaceSet coordIndex='0 1 2 3 -1'>
					<Coordinate point='-0.177086 -0.047450 -0.000000 -0.178268 -0.042798 -0.000000 0.000000 0.000000 0.000000 0.000000 0.000000 0.000000'/>
				</IndexedFaceSet>
			</Shape>
			<Shape DEF='_IDX_841'>
				<Appearance USE='Material_53_IDX_53'/>
				<IndexedFaceSet coordIndex='0 1 2 3 -1'>
					<Coordinate point='-0.354173 -0.094900 -0.000008 -0.356536 -0.085597 -0.000006 -0.178268 -0.042798 -0.000000 -0.177086 -0.047450 -0.000000'/>
				</IndexedFaceSet>
			</Shape>
			<Shape DEF='_IDX_842'>
				<Appearance USE='Material_52_IDX_52'/>
				<IndexedFaceSet coordIndex='0 1 2 3 -1'>
					<Coordinate point='-0.531259 -0.142350 -0.000439 -0.534804 -0.128394 -0.000358 -0.356536 -0.085597 -0.000006 -0.354173 -0.094900 -0.000008'/>
				</IndexedFaceSet>
			</Shape>
			<Shape DEF='_IDX_843'>
				<Appearance USE='Material_51_IDX_51'/>
				<IndexedFaceSet coordIndex='0 1 2 3 -1'>
					<Coordinate point='-0.708308 -0.189660 -0.007791 -0.713105 -0.171052 -0.006361 -0.534804 -0.128394 -0.000358 -0.531259 -0.142350 -0.000439'/>
				</IndexedFaceSet>
			</Shape>
			<Shape DEF='_IDX_844'>
				<Appearance USE='Material_50_IDX_50'/>
				<IndexedFaceSet coordIndex='0 1 2 3 -1'>
					<Coordinate point='-0.882824 -0.227519 -0.072556 -0.893691 -0.204195 -0.059242 -0.713105 -0.171052 -0.006361 -0.708308 -0.189660 -0.007791'/>
				</IndexedFaceSet>
			</Shape>
			<Shape DEF='_IDX_845'>
				<Appearance USE='Material_49_IDX_49'/>
				<IndexedFaceSet coordIndex='0 1 2 3 -1'>
					<Coordinate point='-0.979207 0.026221 -0.449249 -1.144751 0.056206 -0.366811 -0.893691 -0.204195 -0.059242 -0.882824 -0.227519 -0.072556'/>
				</IndexedFaceSet>
			</Shape>
			<Shape DEF='_IDX_846'>
				<Appearance USE='Material_60_IDX_60'/>
				<IndexedFaceSet coordIndex='0 1 2 3 -1'>
					<Coordinate point='-0.178268 -0.042798 -0.000000 -0.179327 -0.038117 -0.000000 0.000000 0.000000 0.000000 0.000000 0.000000 0.000000'/>
				</IndexedFaceSet>
			</Shape>
			<Shape DEF='_IDX_847'>
				<Appearance USE='Material_59_IDX_59'/>
				<IndexedFaceSet coordIndex='0 1 2 3 -1'>
					<Coordinate point='-0.356536 -0.085597 -0.000006 -0.358654 -0.076234 -0.000004 -0.179327 -0.038117 -0.000000 -0.178268 -0.042798 -0.000000'/>
				</IndexedFaceSet>
			</Shape>
			<Shape DEF='_IDX_848'>
				<Appearance USE='Material_58_IDX_58'/>
				<IndexedFaceSet coordIndex='0 1 2 3 -1'>
					<Coordinate point='-0.534804 -0.128394 -0.000358 -0.537982 -0.114351 -0.000253 -0.358654 -0.076234 -0.000004 -0.356536 -0.085597 -0.000006'/>
				</IndexedFaceSet>
			</Shape>
			<Shape DEF='_IDX_849'>
				<Appearance USE='Material_57_IDX_57'/>
				<IndexedFaceSet coordIndex='0 1 2 3 -1'>
					<Coordinate point='-0.713105 -0.171052 -0.006361 -0.717405 -0.152361 -0.004498 -0.537982 -0.114351 -0.000253 -0.534804 -0.128394 -0.000358'/>
				</IndexedFaceSet>
			</Shape>
			<Shape DEF='_IDX_850'>
				<Appearance USE='Material_56_IDX_56'/>
				<IndexedFaceSet coordIndex='0 1 2 3 -1'>
					<Coordinate point='-0.893691 -0.204195 -0.059242 -0.903377 -0.183098 -0.041890 -0.717405 -0.152361 -0.004498 -0.713105 -0.171052 -0.006361'/>
				</IndexedFaceSet>
			</Shape>
			<Shape DEF='_IDX_851'>
				<Appearance USE='Material_55_IDX_55'/>
				<IndexedFaceSet coordIndex='0 1 2 3 -1'>
					<Coordinate point='-1.144751 0.056206 -0.366811 -1.291349 0.010508 -0.259374 -0.903377 -0.183098 -0.041890 -0.893691 -0.204195 -0.059242'/>
				</IndexedFaceSet>
			</Shape>
			<Shape DEF='_IDX_852'>
				<Appearance USE='Material_66_IDX_66'/>
				<IndexedFaceSet coordIndex='0 1 2 3 -1'>
					<Coordinate point='-0.179327 -0.038117 -0.000000 -0.180263 -0.033410 -0.000000 0.000000 0.000000 0.000000 0.000000 0.000000 0.000000'/>
				</IndexedFaceSet>
			</Shape>
			<Shape DEF='_IDX_853'>
				<Appearance USE='Material_65_IDX_65'/>
				<IndexedFaceSet coordIndex='0 1 2 3 -1'>
					<Coordinate point='-0.358654 -0.076234 -0.000004 -0.360527 -0.066820 -0.000002 -0.180263 -0.033410 -0.000000 -0.179327 -0.038117 -0.000000'/>
				</IndexedFaceSet>
			</Shape>
			<Shape DEF='_IDX_854'>
				<Appearance USE='Material_64_IDX_64'/>
				<IndexedFaceSet coordIndex='0 1 2 3 -1'>
					<Coordinate point='-0.537982 -0.114351 -0.000253 -0.540791 -0.100229 -0.000131 -0.360527 -0.066820 -0.000002 -0.358654 -0.076234 -0.000004'/>
				</IndexedFaceSet>
			</Shape>
			<Shape DEF='_IDX_855'>
				<Appearance USE='Material_63_IDX_63'/>
				<IndexedFaceSet coordIndex='0 1 2 3 -1'>
					<Coordinate point='-0.717405 -0.152361 -0.004498 -0.721190 -0.133591 -0.002328 -0.540791 -0.100229 -0.000131 -0.537982 -0.114351 -0.000253'/>
				</IndexedFaceSet>
			</Shape>
			<Shape DEF='_IDX_856'>
				<Appearance USE='Material_62_IDX_62'/>
				<IndexedFaceSet coordIndex='0 1 2 3 -1'>
					<Coordinate point='-0.903377 -0.183098 -0.041890 -0.910815 -0.163686 -0.021684 -0.721190 -0.133591 -0.002328 -0.717405 -0.152361 -0.004498'/>
				</IndexedFaceSet>
			</Shape>
			<Shape DEF='_IDX_857'>
				<Appearance USE='Material_61_IDX_61'/>
				<IndexedFaceSet coordIndex='0 1 2 3 -1'>
					<Coordinate point='-1.291349 0.010508 -0.259374 -1.385007 -0.093010 -0.134262 -0.910815 -0.163686 -0.021684 -0.903377 -0.183098 -0.041890'/>
				</IndexedFaceSet>
			</Shape>
			<Shape DEF='_IDX_858'>
				<Appearance USE='Material_72_IDX_72'/>
				<IndexedFaceSet coordIndex='0 1 2 3 -1'>
					<Coordinate point='-0.180263 -0.033410 -0.000000 -0.181076 -0.028680 -0.000000 0.000000 0.000000 0.000000 0.000000 0.000000 0.000000'/>
				</IndexedFaceSet>
			</Shape>
			<Shape DEF='_IDX_859'>
				<Appearance USE='Material_71_IDX_71'/>
				<IndexedFaceSet coordIndex='0 1 2 3 -1'>
					<Coordinate point='-0.360527 -0.066820 -0.000002 -0.362152 -0.057359 -0.000000 -0.181076 -0.028680 -0.000000 -0.180263 -0.033410 -0.000000'/>
				</IndexedFaceSet>
			</Shape>
			<Shape DEF='_IDX_860'>
				<Appearance USE='Material_70_IDX_70'/>
				<IndexedFaceSet coordIndex='0 1 2 3 -1'>
					<Coordinate point='-0.540791 -0.100229 -0.000131 -0.543229 -0.086039 -0.000000 -0.362152 -0.057359 -0.000000 -0.360527 -0.066820 -0.000002'/>
				</IndexedFaceSet>
			</Shape>
			<Shape DEF='_IDX_861'>
				<Appearance USE='Material_69_IDX_69'/>
				<IndexedFaceSet coordIndex='0 1 2 3 -1'>
					<Coordinate point='-0.721190 -0.133591 -0.002328 -0.724448 -0.114741 -0.000000 -0.543229 -0.086039 -0.000000 -0.540791 -0.100229 -0.000131'/>
				</IndexedFaceSet>
			</Shape>
			<Shape DEF='_IDX_862'>
				<Appearance USE='Material_68_IDX_68'/>
				<IndexedFaceSet coordIndex='0 1 2 3 -1'>
					<Coordinate point='-0.910815 -0.163686 -0.021684 -0.915332 -0.144974 -0.000000 -0.724448 -0.114741 -0.000000 -0.721190 -0.133591 -0.002328'/>
				</IndexedFaceSet>
			</Shape>
			<Shape DEF='_IDX_863'>
				<Appearance USE='Material_67_IDX_67'/>
				<IndexedFaceSet coordIndex='0 1 2 3 -1'>
					<Coordinate point='-1.385007 -0.093010 -0.134262 -1.404384 -0.222433 -0.000000 -0.915332 -0.144974 -0.000000 -0.910815 -0.163686 -0.021684'/>
				</IndexedFaceSet>
			</Shape>
			<Shape DEF='_IDX_864'>
				<Appearance USE='Material_1_IDX_1'/>
				<IndexedFaceSet coordIndex='0 1 2 3 -1'>
					<Coordinate point='-0.148320 0.107761 0.000000 -0.145448 0.111606 0.000000 0.000000 0.000000 0.000000 0.000000 0.000000 0.000000'/>
				</IndexedFaceSet>
			</Shape>
			<Shape DEF='_IDX_865'>
				<Appearance USE='Material_2_IDX_2'/>
				<IndexedFaceSet coordIndex='0 1 2 3 -1'>
					<Coordinate point='-0.296640 0.215521 0.000009 -0.290896 0.223213 0.000008 -0.145448 0.111606 0.000000 -0.148320 0.107761 0.000000'/>
				</IndexedFaceSet>
			</Shape>
			<Shape DEF='_IDX_866'>
				<Appearance USE='Material_3_IDX_3'/>
				<IndexedFaceSet coordIndex='0 1 2 3 -1'>
					<Coordinate point='-0.444959 0.323282 0.000507 -0.436344 0.334819 0.000489 -0.290896 0.223213 0.000008 -0.296640 0.215521 0.000009'/>
				</IndexedFaceSet>
			</Shape>
			<Shape DEF='_IDX_867'>
				<Appearance USE='Material_4_IDX_4'/>
				<IndexedFaceSet coordIndex='0 1 2 3 -1'>
					<Coordinate point='-0.593162 0.430957 0.008996 -0.581648 0.446406 0.008689 -0.436344 0.334819 0.000489 -0.444959 0.323282 0.000507'/>
				</IndexedFaceSet>
			</Shape>
			<Shape DEF='_IDX_868'>
				<Appearance USE='Material_5_IDX_5'/>
				<IndexedFaceSet coordIndex='0 1 2 3 -1'>
					<Coordinate point='-0.733448 0.532881 0.083781 -0.717251 0.556716 0.080926 -0.581648 0.446406 0.008689 -0.593162 0.430957 0.008996'/>
				</IndexedFaceSet>
			</Shape>
			<Shape DEF='_IDX_869'>
				<Appearance USE='Material_6_IDX_6'/>
				<IndexedFaceSet coordIndex='0 1 2 3 -1'>
					<Coordinate point='-0.629504 0.457362 0.518749 -0.553553 0.627622 0.501073 -0.717251 0.556716 0.080926 -0.733448 0.532881 0.083781'/>
				</IndexedFaceSet>
			</Shape>
			<Shape DEF='_IDX_870'>
				<Appearance USE='Material_7_IDX_7'/>
				<IndexedFaceSet coordIndex='0 1 2 3 -1'>
					<Coordinate point='-0.145448 0.111606 0.000000 -0.142477 0.115375 0.000000 0.000000 0.000000 0.000000 0.000000 0.000000 0.000000'/>
				</IndexedFaceSet>
			</Shape>
			<Shape DEF='_IDX_871'>
				<Appearance USE='Material_8_IDX_8'/>
				<IndexedFaceSet coordIndex='0 1 2 3 -1'>
					<Coordinate point='-0.290896 0.223213 0.000008 -0.284954 0.230751 0.000008 -0.142477 0.115375 0.000000 -0.145448 0.111606 0.000000'/>
				</IndexedFaceSet>
			</Shape>
			<Shape DEF='_IDX_872'>
				<Appearance USE='Material_9_IDX_9'/>
				<IndexedFaceSet coordIndex='0 1 2 3 -1'>
					<Coordinate point='-0.436344 0.334819 0.000489 -0.427430 0.346126 0.000439 -0.284954 0.230751 0.000008 -0.290896 0.223213 0.000008'/>
				</IndexedFaceSet>
			</Shape>
			<Shape DEF='_IDX_873'>
				<Appearance USE='Material_10_IDX_10'/>
				<IndexedFaceSet coordIndex='0 1 2 3 -1'>
					<Coordinate point='-0.581648 0.446406 0.008689 -0.569771 0.461554 0.007791 -0.427430 0.346126 0.000439 -0.436344 0.334819 0.000489'/>
				</IndexedFaceSet>
			</Shape>
			<Shape DEF='_IDX_874'>
				<Appearance USE='Material_11_IDX_11'/>
				<IndexedFaceSet coordIndex='0 1 2 3 -1'>
					<Coordinate point='-0.717251 0.556716 0.080926 -0.702978 0.580488 0.072556 -0.569771 0.461554 0.007791 -0.581648 0.446406 0.008689'/>
				</IndexedFaceSet>
			</Shape>
			<Shape DEF='_IDX_875'>
				<Appearance USE='Material_12_IDX_12'/>
				<IndexedFaceSet coordIndex='0 1 2 3 -1'>
					<Coordinate point='-0.553553 0.627622 0.501073 -0.554350 0.807607 0.449249 -0.702978 0.580488 0.072556 -0.717251 0.556716 0.080926'/>
				</IndexedFaceSet>
			</Shape>
			<Shape DEF='_IDX_876'>
				<Appearance USE='Material_13_IDX_13'/>
				<IndexedFaceSet coordIndex='0 1 2 3 -1'>
					<Coordinate point='-0.142477 0.115375 0.000000 -0.139408 0.119065 0.000000 0.000000 0.000000 0.000000 0.000000 0.000000 0.000000'/>
				</IndexedFaceSet>
			</Shape>
			<Shape DEF='_IDX_877'>
				<Appearance USE='Material_14_IDX_14'/>
				<IndexedFaceSet coordIndex='0 1 2 3 -1'>
					<Coordinate point='-0.284954 0.230751 0.000008 -0.278816 0.238131 0.000006 -0.139408 0.119065 0.000000 -0.142477 0.115375 0.000000'/>
				</IndexedFaceSet>
			</Shape>
			<Shape DEF='_IDX_878'>
				<Appearance USE='Material_15_IDX_15'/>
				<IndexedFaceSet coordIndex='0 1 2 3 -1'>
					<Coordinate point='-0.427430 0.346126 0.000439 -0.418223 0.357197 0.000358 -0.278816 0.238131 0.000006 -0.284954 0.230751 0.000008'/>
				</IndexedFaceSet>
			</Shape>
			<Shape DEF='_IDX_879'>
				<Appearance USE='Material_16_IDX_16'/>
				<IndexedFaceSet coordIndex='0 1 2 3 -1'>
					<Coordinate point='-0.569771 0.461554 0.007791 -0.557537 0.476372 0.006361 -0.418223 0.357197 0.000358 -0.427430 0.346126 0.000439'/>
				</IndexedFaceSet>
			</Shape>
			<Shape DEF='_IDX_880'>
				<Appearance USE='Material_17_IDX_17'/>
				<IndexedFaceSet coordIndex='0 1 2 3 -1'>
					<Coordinate point='-0.702978 0.580488 0.072556 -0.690495 0.602989 0.059242 -0.557537 0.476372 0.006361 -0.569771 0.461554 0.007791'/>
				</IndexedFaceSet>
			</Shape>
			<Shape DEF='_IDX_881'>
				<Appearance USE='Material_18_IDX_18'/>
				<IndexedFaceSet coordIndex='0 1 2 3 -1'>
					<Coordinate point='-0.554350 0.807607 0.449249 -0.627396 0.959160 0.366811 -0.690495 0.602989 0.059242 -0.702978 0.580488 0.072556'/>
				</IndexedFaceSet>
			</Shape>
			<Shape DEF='_IDX_882'>
				<Appearance USE='Material_19_IDX_19'/>
				<IndexedFaceSet coordIndex='0 1 2 3 -1'>
					<Coordinate point='-0.139408 0.119065 0.000000 -0.136243 0.122674 0.000000 0.000000 0.000000 0.000000 0.000000 0.000000 0.000000'/>
				</IndexedFaceSet>
			</Shape>
			<Shape DEF='_IDX_883'>
				<Appearance USE='Material_20_IDX_20'/>
				<IndexedFaceSet coordIndex='0 1 2 3 -1'>
					<Coordinate point='-0.278816 0.238131 0.000006 -0.272486 0.245348 0.000004 -0.136243 0.122674 0.000000 -0.139408 0.119065 0.000000'/>
				</IndexedFaceSet>
			</Shape>
			<Shape DEF='_IDX_884'>
				<Appearance USE='Material_21_IDX_21'/>
				<IndexedFaceSet coordIndex='0 1 2 3 -1'>
					<Coordinate point='-0.418223 0.357197 0.000358 -0.408730 0.368022 0.000253 -0.272486 0.245348 0.000004 -0.278816 0.238131 0.000006'/>
				</IndexedFaceSet>
			</Shape>
			<Shape DEF='_IDX_885'>
				<Appearance USE='Material_22_IDX_22'/>
				<IndexedFaceSet coordIndex='0 1 2 3 -1'>
					<Coordinate point='-0.557537 0.476372 0.006361 -0.544943 0.490838 0.004498 -0.408730 0.368022 0.000253 -0.418223 0.357197 0.000358'/>
				</IndexedFaceSet>
			</Shape>
			<Shape DEF='_IDX_886'>
				<Appearance USE='Material_23_IDX_23'/>
				<IndexedFaceSet coordIndex='0 1 2 3 -1'>
					<Coordinate point='-0.690495 0.602989 0.059242 -0.679121 0.623225 0.041890 -0.544943 0.490838 0.004498 -0.557537 0.476372 0.006361'/>
				</IndexedFaceSet>
			</Shape>
			<Shape DEF='_IDX_887'>
				<Appearance USE='Material_24_IDX_24'/>
				<IndexedFaceSet coordIndex='0 1 2 3 -1'>
					<Coordinate point='-0.627396 0.959160 0.366811 -0.750535 1.050900 0.259374 -0.679121 0.623225 0.041890 -0.690495 0.602989 0.059242'/>
				</IndexedFaceSet>
			</Shape>
			<Shape DEF='_IDX_888'>
				<Appearance USE='Material_25_IDX_25'/>
				<IndexedFaceSet coordIndex='0 1 2 3 -1'>
					<Coordinate point='-0.136243 0.122674 0.000000 -0.132985 0.126198 0.000000 0.000000 0.000000 0.000000 0.000000 0.000000 0.000000'/>
				</IndexedFaceSet>
			</Shape>
			<Shape DEF='_IDX_889'>
				<Appearance USE='Material_26_IDX_26'/>
				<IndexedFaceSet coordIndex='0 1 2 3 -1'>
					<Coordinate point='-0.272486 0.245348 0.000004 -0.265971 0.252397 0.000002 -0.132985 0.126198 0.000000 -0.136243 0.122674 0.000000'/>
				</IndexedFaceSet>
			</Shape>
			<Shape DEF='_IDX_890'>
				<Appearance USE='Material_27_IDX_27'/>
				<IndexedFaceSet coordIndex='0 1 2 3 -1'>
					<Coordinate point='-0.408730 0.368022 0.000253 -0.398956 0.378596 0.000131 -0.265971 0.252397 0.000002 -0.272486 0.245348 0.000004'/>
				</IndexedFaceSet>
			</Shape>
			<Shape DEF='_IDX_891'>
				<Appearance USE='Material_28_IDX_28'/>
				<IndexedFaceSet coordIndex='0 1 2 3 -1'>
					<Coordinate point='-0.544943 0.490838 0.004498 -0.531982 0.504933 0.002328 -0.398956 0.378596 0.000131 -0.408730 0.368022 0.000253'/>
				</IndexedFaceSet>
			</Shape>
			<Shape DEF='_IDX_892'>
				<Appearance USE='Material_29_IDX_29'/>
				<IndexedFaceSet coordIndex='0 1 2 3 -1'>
					<Coordinate point='-0.679121 0.623225 0.041890 -0.667788 0.640652 0.021684 -0.531982 0.504933 0.002328 -0.544943 0.490838 0.004498'/>
				</IndexedFaceSet>
			</Shape>
			<Shape DEF='_IDX_893'>
				<Appearance USE='Material_30_IDX_30'/>
				<IndexedFaceSet coordIndex='0 1 2 3 -1'>
					<Coordinate point='-0.750535 1.050900 0.259374 -0.889333 1.065825 0.134262 -0.667788 0.640652 0.021684 -0.679121 0.623225 0.041890'/>
				</IndexedFaceSet>
			</Shape>
			<Shape DEF='_IDX_894'>
				<Appearance USE='Material_31_IDX_31'/>
				<IndexedFaceSet coordIndex='0 1 2 3 -1'>
					<Coordinate point='-0.132985 0.126198 0.000000 -0.129636 0.129636 0.000000 0.000000 0.000000 0.000000 0.000000 0.000000 0.000000'/>
				</IndexedFaceSet>
			</Shape>
			<Shape DEF='_IDX_895'>
				<Appearance USE='Material_32_IDX_32'/>
				<IndexedFaceSet coordIndex='0 1 2 3 -1'>
					<Coordinate point='-0.265971 0.252397 0.000002 -0.259272 0.259272 0.000000 -0.129636 0.129636 0.000000 -0.132985 0.126198 0.000000'/>
				</IndexedFaceSet>
			</Shape>
			<Shape DEF='_IDX_896'>
				<Appearance USE='Material_33_IDX_33'/>
				<IndexedFaceSet coordIndex='0 1 2 3 -1'>
					<Coordinate point='-0.398956 0.378596 0.000131 -0.388909 0.388909 -0.000000 -0.259272 0.259272 0.000000 -0.265971 0.252397 0.000002'/>
				</IndexedFaceSet>
			</Shape>
			<Shape DEF='_IDX_897'>
				<Appearance USE='Material_34_IDX_34'/>
				<IndexedFaceSet coordIndex='0 1 2 3 -1'>
					<Coordinate point='-0.531982 0.504933 0.002328 -0.518648 0.518648 0.000000 -0.388909 0.388909 -0.000000 -0.398956 0.378596 0.000131'/>
				</IndexedFaceSet>
			</Shape>
			<Shape DEF='_IDX_898'>
				<Appearance USE='Material_35_IDX_35'/>
				<IndexedFaceSet coordIndex='0 1 2 3 -1'>
					<Coordinate point='-0.667788 0.640652 0.021684 -0.655306 0.655306 0.000000 -0.518648 0.518648 0.000000 -0.531982 0.504933 0.002328'/>
				</IndexedFaceSet>
			</Shape>
			<Shape DEF='_IDX_899'>
				<Appearance USE='Material_36_IDX_36'/>
				<IndexedFaceSet coordIndex='0 1 2 3 -1'>
					<Coordinate point='-0.889333 1.065825 0.134262 -1.005428 1.005428 -0.000000 -0.655306 0.655306 0.000000 -0.667788 0.640652 0.021684'/>
				</IndexedFaceSet>
			</Shape>
			<Shape DEF='_IDX_900'>
				<Appearance USE='Material_37_IDX_37'/>
				<IndexedFaceSet coordIndex='0 1 2 3 -1'>
					<Coordinate point='-0.532881 0.733448 -0.083781 -0.556716 0.717251 -0.080926 -0.627622 0.553553 -0.501073 -0.457362 0.629504 -0.518749'/>
				</IndexedFaceSet>
			</Shape>
			<Shape DEF='_IDX_901'>
				<Appearance USE='Material_38_IDX_38'/>
				<IndexedFaceSet coordIndex='0 1 2 3 -1'>
					<Coordinate point='-0.430957 0.593162 -0.008996 -0.446406 0.581648 -0.008689 -0.556716 0.717251 -0.080926 -0.532881 0.733448 -0.083781'/>
				</IndexedFaceSet>
			</Shape>
			<Shape DEF='_IDX_902'>
				<Appearance USE='Material_39_IDX_39'/>
				<IndexedFaceSet coordIndex='0 1 2 3 -1'>
					<Coordinate point='-0.323282 0.444959 -0.000507 -0.334819 0.436344 -0.000489 -0.446406 0.581648 -0.008689 -0.430957 0.593162 -0.008996'/>
				</IndexedFaceSet>
			</Shape>
			<Shape DEF='_IDX_903'>
				<Appearance USE='Material_40_IDX_40'/>
				<IndexedFaceSet coordIndex='0 1 2 3 -1'>
					<Coordinate point='-0.215521 0.296640 -0.000009 -0.223213 0.290896 -0.000008 -0.334819 0.436344 -0.000489 -0.323282 0.444959 -0.000507'/>
				</IndexedFaceSet>
			</Shape>
			<Shape DEF='_IDX_904'>
				<Appearance USE='Material_41_IDX_41'/>
				<IndexedFaceSet coordIndex='0 1 2 3 -1'>
					<Coordinate point='-0.107761 0.148320 -0.000000 -0.111606 0.145448 -0.000000 -0.223213 0.290896 -0.000008 -0.215521 0.296640 -0.000009'/>
				</IndexedFaceSet>
			</Shape>
			<Shape DEF='_IDX_905'>
				<Appearance USE='Material_42_IDX_42'/>
				<IndexedFaceSet coordIndex='0 1 2 3 -1'>
					<Coordinate point='0.000000 0.000000 0.000000 0.000000 0.000000 0.000000 -0.111606 0.145448 -0.000000 -0.107761 0.148320 -0.000000'/>
				</IndexedFaceSet>
			</Shape>
			<Shape DEF='_IDX_906'>
				<Appearance USE='Material_43_IDX_43'/>
				<IndexedFaceSet coordIndex='0 1 2 3 -1'>
					<Coordinate point='-0.556716 0.717251 -0.080926 -0.580488 0.702978 -0.072556 -0.807607 0.554350 -0.449249 -0.627622 0.553553 -0.501073'/>
				</IndexedFaceSet>
			</Shape>
			<Shape DEF='_IDX_907'>
				<Appearance USE='Material_44_IDX_44'/>
				<IndexedFaceSet coordIndex='0 1 2 3 -1'>
					<Coordinate point='-0.446406 0.581648 -0.008689 -0.461554 0.569771 -0.007791 -0.580488 0.702978 -0.072556 -0.556716 0.717251 -0.080926'/>
				</IndexedFaceSet>
			</Shape>
			<Shape DEF='_IDX_908'>
				<Appearance USE='Material_45_IDX_45'/>
				<IndexedFaceSet coordIndex='0 1 2 3 -1'>
					<Coordinate point='-0.334819 0.436344 -0.000489 -0.346126 0.427430 -0.000439 -0.461554 0.569771 -0.007791 -0.446406 0.581648 -0.008689'/>
				</IndexedFaceSet>
			</Shape>
			<Shape DEF='_IDX_909'>
				<Appearance USE='Material_46_IDX_46'/>
				<IndexedFaceSet coordIndex='0 1 2 3 -1'>
					<Coordinate point='-0.223213 0.290896 -0.000008 -0.230751 0.284954 -0.000008 -0.346126 0.427430 -0.000439 -0.334819 0.436344 -0.000489'/>
				</IndexedFaceSet>
			</Shape>
			<Shape DEF='_IDX_910'>
				<Appearance USE='Material_47_IDX_47'/>
				<IndexedFaceSet coordIndex='0 1 2 3 -1'>
					<Coordinate point='-0.111606 0.145448 -0.000000 -0.115375 0.142477 -0.000000 -0.230751 0.284954 -0.000008 -0.223213 0.290896 -0.000008'/>
				</IndexedFaceSet>
			</Shape>
			<Shape DEF='_IDX_911'>
				<Appearance USE='Material_48_IDX_48'/>
				<IndexedFaceSet coordIndex='0 1 2 3 -1'>
					<Coordinate point='0.000000 0.000000 0.000000 0.000000 0.000000 0.000000 -0.115375 0.142477 -0.000000 -0.111606 0.145448 -0.000000'/>
				</IndexedFaceSet>
			</Shape>
			<Shape DEF='_IDX_912'>
				<Appearance USE='Material_49_IDX_49'/>
				<IndexedFaceSet coordIndex='0 1 2 3 -1'>
					<Coordinate point='-0.580488 0.702978 -0.072556 -0.602989 0.690495 -0.059242 -0.959160 0.627396 -0.366811 -0.807607 0.554350 -0.449249'/>
				</IndexedFaceSet>
			</Shape>
			<Shape DEF='_IDX_913'>
				<Appearance USE='Material_50_IDX_50'/>
				<IndexedFaceSet coordIndex='0 1 2 3 -1'>
					<Coordinate point='-0.461554 0.569771 -0.007791 -0.476372 0.557537 -0.006361 -0.602989 0.690495 -0.059242 -0.580488 0.702978 -0.072556'/>
				</IndexedFaceSet>
			</Shape>
			<Shape DEF='_IDX_914'>
				<Appearance USE='Material_51_IDX_51'/>
				<IndexedFaceSet coordIndex='0 1 2 3 -1'>
					<Coordinate point='-0.346126 0.427430 -0.000439 -0.357197 0.418223 -0.000358 -0.476372 0.557537 -0.006361 -0.461554 0.569771 -0.007791'/>
				</IndexedFaceSet>
			</Shape>
			<Shape DEF='_IDX_915'>
				<Appearance USE='Material_52_IDX_52'/>
				<IndexedFaceSet coordIndex='0 1 2 3 -1'>
					<Coordinate point='-0.230751 0.284954 -0.000008 -0.238131 0.278816 -0.000006 -0.357197 0.418223 -0.000358 -0.346126 0.427430 -0.000439'/>
				</IndexedFaceSet>
			</Shape>
			<Shape DEF='_IDX_916'>
				<Appearance USE='Material_53_IDX_53'/>
				<IndexedFaceSet coordIndex='0 1 2 3 -1'>
					<Coordinate point='-0.115375 0.142477 -0.000000 -0.119065 0.139408 -0.000000 -0.238131 0.278816 -0.000006 -0.230751 0.284954 -0.000008'/>
				</IndexedFaceSet>
			</Shape>
			<Shape DEF='_IDX_917'>
				<Appearance USE='Material_54_IDX_54'/>
				<IndexedFaceSet coordIndex='0 1 2 3 -1'>
					<Coordinate point='0.000000 0.000000 0.000000 0.000000 0.000000 0.000000 -0.119065 0.139408 -0.000000 -0.115375 0.142477 -0.000000'/>
				</IndexedFaceSet>
			</Shape>
			<Shape DEF='_IDX_918'>
				<Appearance USE='Material_55_IDX_55'/>
				<IndexedFaceSet coordIndex='0 1 2 3 -1'>
					<Coordinate point='-0.602989 0.690495 -0.059242 -0.623225 0.679121 -0.041890 -1.050900 0.750535 -0.259374 -0.959160 0.627396 -0.366811'/>
				</IndexedFaceSet>
			</Shape>
			<Shape DEF='_IDX_919'>
				<Appearance USE='Material_56_IDX_56'/>
				<IndexedFaceSet coordIndex='0 1 2 3 -1'>
					<Coordinate point='-0.476372 0.557537 -0.006361 -0.490838 0.544943 -0.004498 -0.623225 0.679121 -0.041890 -0.602989 0.690495 -0.059242'/>
				</IndexedFaceSet>
			</Shape>
			<Shape DEF='_IDX_920'>
				<Appearance USE='Material_57_IDX_57'/>
				<IndexedFaceSet coordIndex='0 1 2 3 -1'>
					<Coordinate point='-0.357197 0.418223 -0.000358 -0.368022 0.408730 -0.000253 -0.490838 0.544943 -0.004498 -0.476372 0.557537 -0.006361'/>
				</IndexedFaceSet>
			</Shape>
			<Shape DEF='_IDX_921'>
				<Appearance USE='Material_58_IDX_58'/>
				<IndexedFaceSet coordIndex='0 1 2 3 -1'>
					<Coordinate point='-0.238131 0.278816 -0.000006 -0.245348 0.272486 -0.000004 -0.368022 0.408730 -0.000253 -0.357197 0.418223 -0.000358'/>
				</IndexedFaceSet>
			</Shape>
			<Shape DEF='_IDX_922'>
				<Appearance USE='Material_59_IDX_59'/>
				<IndexedFaceSet coordIndex='0 1 2 3 -1'>
					<Coordinate point='-0.119065 0.139408 -0.000000 -0.122674 0.136243 -0.000000 -0.245348 0.272486 -0.000004 -0.238131 0.278816 -0.000006'/>
				</IndexedFaceSet>
			</Shape>
			<Shape DEF='_IDX_923'>
				<Appearance USE='Material_60_IDX_60'/>
				<IndexedFaceSet coordIndex='0 1 2 3 -1'>
					<Coordinate point='0.000000 0.000000 0.000000 0.000000 0.000000 0.000000 -0.122674 0.136243 -0.000000 -0.119065 0.139408 -0.000000'/>
				</IndexedFaceSet>
			</Shape>
			<Shape DEF='_IDX_924'>
				<Appearance USE='Material_61_IDX_61'/>
				<IndexedFaceSet coordIndex='0 1 2 3 -1'>
					<Coordinate point='-0.623225 0.679121 -0.041890 -0.640652 0.667788 -0.021684 -1.065825 0.889333 -0.134262 -1.050900 0.750535 -0.259374'/>
				</IndexedFaceSet>
			</Shape>
			<Shape DEF='_IDX_925'>
				<Appearance USE='Material_62_IDX_62'/>
				<IndexedFaceSet coordIndex='0 1 2 3 -1'>
					<Coordinate point='-0.490838 0.544943 -0.004498 -0.504933 0.531982 -0.002328 -0.640652 0.667788 -0.021684 -0.623225 0.679121 -0.041890'/>
				</IndexedFaceSet>
			</Shape>
			<Shape DEF='_IDX_926'>
				<Appearance USE='Material_63_IDX_63'/>
				<IndexedFaceSet coordIndex='0 1 2 3 -1'>
					<Coordinate point='-0.368022 0.408730 -0.000253 -0.378596 0.398956 -0.000131 -0.504933 0.531982 -0.002328 -0.490838 0.544943 -0.004498'/>
				</IndexedFaceSet>
			</Shape>
			<Shape DEF='_IDX_927'>
				<Appearance USE='Material_64_IDX_64'/>
				<IndexedFaceSet coordIndex='0 1 2 3 -1'>
					<Coordinate point='-0.245348 0.272486 -0.000004 -0.252397 0.265971 -0.000002 -0.378596 0.398956 -0.000131 -0.368022 0.408730 -0.000253'/>
				</IndexedFaceSet>
			</Shape>
			<Shape DEF='_IDX_928'>
				<Appearance USE='Material_65_IDX_65'/>
				<IndexedFaceSet coordIndex='0 1 2 3 -1'>
					<Coordinate point='-0.122674 0.136243 -0.000000 -0.126198 0.132985 -0.000000 -0.252397 0.265971 -0.000002 -0.245348 0.272486 -0.000004'/>
				</IndexedFaceSet>
			</Shape>
			<Shape DEF='_IDX_929'>
				<Appearance USE='Material_66_IDX_66'/>
				<IndexedFaceSet coordIndex='0 1 2 3 -1'>
					<Coordinate point='0.000000 0.000000 0.000000 0.000000 0.000000 0.000000 -0.126198 0.132985 -0.000000 -0.122674 0.136243 -0.000000'/>
				</IndexedFaceSet>
			</Shape>
			<Shape DEF='_IDX_930'>
				<Appearance USE='Material_67_IDX_67'/>
				<IndexedFaceSet coordIndex='0 1 2 3 -1'>
					<Coordinate point='-0.640652 0.667788 -0.021684 -0.655306 0.655306 -0.000000 -1.005428 1.005428 -0.000000 -1.065825 0.889333 -0.134262'/>
				</IndexedFaceSet>
			</Shape>
			<Shape DEF='_IDX_931'>
				<Appearance USE='Material_68_IDX_68'/>
				<IndexedFaceSet coordIndex='0 1 2 3 -1'>
					<Coordinate point='-0.504933 0.531982 -0.002328 -0.518648 0.518648 -0.000000 -0.655306 0.655306 -0.000000 -0.640652 0.667788 -0.021684'/>
				</IndexedFaceSet>
			</Shape>
			<Shape DEF='_IDX_932'>
				<Appearance USE='Material_69_IDX_69'/>
				<IndexedFaceSet coordIndex='0 1 2 3 -1'>
					<Coordinate point='-0.378596 0.398956 -0.000131 -0.388909 0.388909 -0.000000 -0.518648 0.518648 -0.000000 -0.504933 0.531982 -0.002328'/>
				</IndexedFaceSet>
			</Shape>
			<Shape DEF='_IDX_933'>
				<Appearance USE='Material_70_IDX_70'/>
				<IndexedFaceSet coordIndex='0 1 2 3 -1'>
					<Coordinate point='-0.252397 0.265971 -0.000002 -0.259272 0.259272 -0.000000 -0.388909 0.388909 -0.000000 -0.378596 0.398956 -0.000131'/>
				</IndexedFaceSet>
			</Shape>
			<Shape DEF='_IDX_934'>
				<Appearance USE='Material_71_IDX_71'/>
				<IndexedFaceSet coordIndex='0 1 2 3 -1'>
					<Coordinate point='-0.126198 0.132985 -0.000000 -0.129636 0.129636 -0.000000 -0.259272 0.259272 -0.000000 -0.252397 0.265971 -0.000002'/>
				</IndexedFaceSet>
			</Shape>
			<Shape DEF='_IDX_935'>
				<Appearance USE='Material_72_IDX_72'/>
				<IndexedFaceSet coordIndex='0 1 2 3 -1'>
					<Coordinate point='0.000000 0.000000 0.000000 0.000000 0.000000 0.000000 -0.129636 0.129636 -0.000000 -0.126198 0.132985 -0.000000'/>
				</IndexedFaceSet>
			</Shape>
			<Shape DEF='_IDX_936'>
				<Appearance USE='Material_73_IDX_73'/>
				<IndexedFaceSet coordIndex='0 1 2 3 -1'>
					<Coordinate point='-0.733448 0.532881 0.083781 -0.751111 0.510112 0.080926 -0.767962 0.332514 0.501073 -0.629504 0.457362 0.518749'/>
				</IndexedFaceSet>
			</Shape>
			<Shape DEF='_IDX_937'>
				<Appearance USE='Material_5_IDX_5'/>
				<IndexedFaceSet coordIndex='0 1 2 3 -1'>
					<Coordinate point='-0.593162 0.430957 0.008996 -0.604297 0.415234 0.008689 -0.751111 0.510112 0.080926 -0.733448 0.532881 0.083781'/>
				</IndexedFaceSet>
			</Shape>
			<Shape DEF='_IDX_938'>
				<Appearance USE='Material_4_IDX_4'/>
				<IndexedFaceSet coordIndex='0 1 2 3 -1'>
					<Coordinate point='-0.444959 0.323282 0.000507 -0.453269 0.311523 0.000489 -0.604297 0.415234 0.008689 -0.593162 0.430957 0.008996'/>
				</IndexedFaceSet>
			</Shape>
			<Shape DEF='_IDX_939'>
				<Appearance USE='Material_3_IDX_3'/>
				<IndexedFaceSet coordIndex='0 1 2 3 -1'>
					<Coordinate point='-0.296640 0.215521 0.000009 -0.302180 0.207682 0.000008 -0.453269 0.311523 0.000489 -0.444959 0.323282 0.000507'/>
				</IndexedFaceSet>
			</Shape>
			<Shape DEF='_IDX_940'>
				<Appearance USE='Material_2_IDX_2'/>
				<IndexedFaceSet coordIndex='0 1 2 3 -1'>
					<Coordinate point='-0.148320 0.107761 0.000000 -0.151090 0.103841 0.000000 -0.302180 0.207682 0.000008 -0.296640 0.215521 0.000009'/>
				</IndexedFaceSet>
			</Shape>
			<Shape DEF='_IDX_941'>
				<Appearance USE='Material_1_IDX_1'/>
				<IndexedFaceSet coordIndex='0 1 2 3 -1'>
					<Coordinate point='0.000000 0.000000 0.000000 0.000000 0.000000 0.000000 -0.151090 0.103841 0.000000 -0.148320 0.107761 0.000000'/>
				</IndexedFaceSet>
			</Shape>
			<Shape DEF='_IDX_942'>
				<Appearance USE='Material_74_IDX_74'/>
				<IndexedFaceSet coordIndex='0 1 2 3 -1'>
					<Coordinate point='-0.751111 0.510112 0.080926 -0.769309 0.489191 0.072556 -0.939384 0.277654 0.449249 -0.767962 0.332514 0.501073'/>
				</IndexedFaceSet>
			</Shape>
			<Shape DEF='_IDX_943'>
				<Appearance USE='Material_11_IDX_11'/>
				<IndexedFaceSet coordIndex='0 1 2 3 -1'>
					<Coordinate point='-0.604297 0.415234 0.008689 -0.615033 0.399257 0.007791 -0.769309 0.489191 0.072556 -0.751111 0.510112 0.080926'/>
				</IndexedFaceSet>
			</Shape>
			<Shape DEF='_IDX_944'>
				<Appearance USE='Material_10_IDX_10'/>
				<IndexedFaceSet coordIndex='0 1 2 3 -1'>
					<Coordinate point='-0.453269 0.311523 0.000489 -0.461269 0.299551 0.000439 -0.615033 0.399257 0.007791 -0.604297 0.415234 0.008689'/>
				</IndexedFaceSet>
			</Shape>
			<Shape DEF='_IDX_945'>
				<Appearance USE='Material_9_IDX_9'/>
				<IndexedFaceSet coordIndex='0 1 2 3 -1'>
					<Coordinate point='-0.302180 0.207682 0.000008 -0.307513 0.199701 0.000008 -0.461269 0.299551 0.000439 -0.453269 0.311523 0.000489'/>
				</IndexedFaceSet>
			</Shape>
			<Shape DEF='_IDX_946'>
				<Appearance USE='Material_8_IDX_8'/>
				<IndexedFaceSet coordIndex='0 1 2 3 -1'>
					<Coordinate point='-0.151090 0.103841 0.000000 -0.153756 0.099850 0.000000 -0.307513 0.199701 0.000008 -0.302180 0.207682 0.000008'/>
				</IndexedFaceSet>
			</Shape>
			<Shape DEF='_IDX_947'>
				<Appearance USE='Material_7_IDX_7'/>
				<IndexedFaceSet coordIndex='0 1 2 3 -1'>
					<Coordinate point='0.000000 0.000000 0.000000 0.000000 0.000000 0.000000 -0.153756 0.099850 0.000000 -0.151090 0.103841 0.000000'/>
				</IndexedFaceSet>
			</Shape>
			<Shape DEF='_IDX_948'>
				<Appearance USE='Material_18_IDX_18'/>
				<IndexedFaceSet coordIndex='0 1 2 3 -1'>
					<Coordinate point='-0.769309 0.489191 0.072556 -0.786851 0.470366 0.059242 -1.106091 0.300292 0.366811 -0.939384 0.277654 0.449249'/>
				</IndexedFaceSet>
			</Shape>
			<Shape DEF='_IDX_949'>
				<Appearance USE='Material_17_IDX_17'/>
				<IndexedFaceSet coordIndex='0 1 2 3 -1'>
					<Coordinate point='-0.615033 0.399257 0.007791 -0.625345 0.383042 0.006361 -0.786851 0.470366 0.059242 -0.769309 0.489191 0.072556'/>
				</IndexedFaceSet>
			</Shape>
			<Shape DEF='_IDX_950'>
				<Appearance USE='Material_16_IDX_16'/>
				<IndexedFaceSet coordIndex='0 1 2 3 -1'>
					<Coordinate point='-0.461269 0.299551 0.000439 -0.468952 0.287374 0.000358 -0.625345 0.383042 0.006361 -0.615033 0.399257 0.007791'/>
				</IndexedFaceSet>
			</Shape>
			<Shape DEF='_IDX_951'>
				<Appearance USE='Material_15_IDX_15'/>
				<IndexedFaceSet coordIndex='0 1 2 3 -1'>
					<Coordinate point='-0.307513 0.199701 0.000008 -0.312635 0.191583 0.000006 -0.468952 0.287374 0.000358 -0.461269 0.299551 0.000439'/>
				</IndexedFaceSet>
			</Shape>
			<Shape DEF='_IDX_952'>
				<Appearance USE='Material_14_IDX_14'/>
				<IndexedFaceSet coordIndex='0 1 2 3 -1'>
					<Coordinate point='-0.153756 0.099850 0.000000 -0.156317 0.095791 0.000000 -0.312635 0.191583 0.000006 -0.307513 0.199701 0.000008'/>
				</IndexedFaceSet>
			</Shape>
			<Shape DEF='_IDX_953'>
				<Appearance USE='Material_13_IDX_13'/>
				<IndexedFaceSet coordIndex='0 1 2 3 -1'>
					<Coordinate point='0.000000 0.000000 0.000000 0.000000 0.000000 0.000000 -0.156317 0.095791 0.000000 -0.153756 0.099850 0.000000'/>
				</IndexedFaceSet>
			</Shape>
			<Shape DEF='_IDX_954'>
				<Appearance USE='Material_24_IDX_24'/>
				<IndexedFaceSet coordIndex='0 1 2 3 -1'>
					<Coordinate point='-0.786851 0.470366 0.059242 -0.802582 0.453296 0.041890 -1.231393 0.389055 0.259374 -1.106091 0.300292 0.366811'/>
				</IndexedFaceSet>
			</Shape>
			<Shape DEF='_IDX_955'>
				<Appearance USE='Material_23_IDX_23'/>
				<IndexedFaceSet coordIndex='0 1 2 3 -1'>
					<Coordinate point='-0.625345 0.383042 0.006361 -0.635211 0.366594 0.004498 -0.802582 0.453296 0.041890 -0.786851 0.470366 0.059242'/>
				</IndexedFaceSet>
			</Shape>
			<Shape DEF='_IDX_956'>
				<Appearance USE='Material_22_IDX_22'/>
				<IndexedFaceSet coordIndex='0 1 2 3 -1'>
					<Coordinate point='-0.468952 0.287374 0.000358 -0.476315 0.275000 0.000253 -0.635211 0.366594 0.004498 -0.625345 0.383042 0.006361'/>
				</IndexedFaceSet>
			</Shape>
			<Shape DEF='_IDX_957'>
				<Appearance USE='Material_21_IDX_21'/>
				<IndexedFaceSet coordIndex='0 1 2 3 -1'>
					<Coordinate point='-0.312635 0.191583 0.000006 -0.317543 0.183333 0.000004 -0.476315 0.275000 0.000253 -0.468952 0.287374 0.000358'/>
				</IndexedFaceSet>
			</Shape>
			<Shape DEF='_IDX_958'>
				<Appearance USE='Material_20_IDX_20'/>
				<IndexedFaceSet coordIndex='0 1 2 3 -1'>
					<Coordinate point='-0.156317 0.095791 0.000000 -0.158771 0.091667 0.000000 -0.317543 0.183333 0.000004 -0.312635 0.191583 0.000006'/>
				</IndexedFaceSet>
			</Shape>
			<Shape DEF='_IDX_959'>
				<Appearance USE='Material_19_IDX_19'/>
				<IndexedFaceSet coordIndex='0 1 2 3 -1'>
					<Coordinate point='0.000000 0.000000 0.000000 0.000000 0.000000 0.000000 -0.158771 0.091667 0.000000 -0.156317 0.095791 0.000000'/>
				</IndexedFaceSet>
			</Shape>
			<Shape DEF='_IDX_960'>
				<Appearance USE='Material_30_IDX_30'/>
				<IndexedFaceSet coordIndex='0 1 2 3 -1'>
					<Coordinate point='-0.802582 0.453296 0.041890 -0.815654 0.437132 0.021684 -1.288478 0.516449 0.134262 -1.231393 0.389055 0.259374'/>
				</IndexedFaceSet>
			</Shape>
			<Shape DEF='_IDX_961'>
				<Appearance USE='Material_29_IDX_29'/>
				<IndexedFaceSet coordIndex='0 1 2 3 -1'>
					<Coordinate point='-0.635211 0.366594 0.004498 -0.644611 0.349913 0.002328 -0.815654 0.437132 0.021684 -0.802582 0.453296 0.041890'/>
				</IndexedFaceSet>
			</Shape>
			<Shape DEF='_IDX_962'>
				<Appearance USE='Material_28_IDX_28'/>
				<IndexedFaceSet coordIndex='0 1 2 3 -1'>
					<Coordinate point='-0.476315 0.275000 0.000253 -0.483350 0.262437 0.000131 -0.644611 0.349913 0.002328 -0.635211 0.366594 0.004498'/>
				</IndexedFaceSet>
			</Shape>
			<Shape DEF='_IDX_963'>
				<Appearance USE='Material_27_IDX_27'/>
				<IndexedFaceSet coordIndex='0 1 2 3 -1'>
					<Coordinate point='-0.317543 0.183333 0.000004 -0.322233 0.174958 0.000002 -0.483350 0.262437 0.000131 -0.476315 0.275000 0.000253'/>
				</IndexedFaceSet>
			</Shape>
			<Shape DEF='_IDX_964'>
				<Appearance USE='Material_26_IDX_26'/>
				<IndexedFaceSet coordIndex='0 1 2 3 -1'>
					<Coordinate point='-0.158771 0.091667 0.000000 -0.161116 0.087479 0.000000 -0.322233 0.174958 0.000002 -0.317543 0.183333 0.000004'/>
				</IndexedFaceSet>
			</Shape>
			<Shape DEF='_IDX_965'>
				<Appearance USE='Material_25_IDX_25'/>
				<IndexedFaceSet coordIndex='0 1 2 3 -1'>
					<Coordinate point='0.000000 0.000000 0.000000 0.000000 0.000000 0.000000 -0.161116 0.087479 0.000000 -0.158771 0.091667 0.000000'/>
				</IndexedFaceSet>
			</Shape>
			<Shape DEF='_IDX_966'>
				<Appearance USE='Material_36_IDX_36'/>
				<IndexedFaceSet coordIndex='0 1 2 3 -1'>
					<Coordinate point='-0.815654 0.437132 0.021684 -0.825733 0.420732 0.000000 -1.266913 0.645525 -0.000000 -1.288478 0.516449 0.134262'/>
				</IndexedFaceSet>
			</Shape>
			<Shape DEF='_IDX_967'>
				<Appearance USE='Material_35_IDX_35'/>
				<IndexedFaceSet coordIndex='0 1 2 3 -1'>
					<Coordinate point='-0.644611 0.349913 0.002328 -0.653534 0.332992 0.000000 -0.825733 0.420732 0.000000 -0.815654 0.437132 0.021684'/>
				</IndexedFaceSet>
			</Shape>
			<Shape DEF='_IDX_968'>
				<Appearance USE='Material_34_IDX_34'/>
				<IndexedFaceSet coordIndex='0 1 2 3 -1'>
					<Coordinate point='-0.483350 0.262437 0.000131 -0.490054 0.249695 -0.000000 -0.653534 0.332992 0.000000 -0.644611 0.349913 0.002328'/>
				</IndexedFaceSet>
			</Shape>
			<Shape DEF='_IDX_969'>
				<Appearance USE='Material_33_IDX_33'/>
				<IndexedFaceSet coordIndex='0 1 2 3 -1'>
					<Coordinate point='-0.322233 0.174958 0.000002 -0.326702 0.166463 0.000000 -0.490054 0.249695 -0.000000 -0.483350 0.262437 0.000131'/>
				</IndexedFaceSet>
			</Shape>
			<Shape DEF='_IDX_970'>
				<Appearance USE='Material_32_IDX_32'/>
				<IndexedFaceSet coordIndex='0 1 2 3 -1'>
					<Coordinate point='-0.161116 0.087479 0.000000 -0.163351 0.083232 0.000000 -0.326702 0.166463 0.000000 -0.322233 0.174958 0.000002'/>
				</IndexedFaceSet>
			</Shape>
			<Shape DEF='_IDX_971'>
				<Appearance USE='Material_31_IDX_31'/>
				<IndexedFaceSet coordIndex='0 1 2 3 -1'>
					<Coordinate point='0.000000 0.000000 0.000000 0.000000 0.000000 0.000000 -0.163351 0.083232 0.000000 -0.161116 0.087479 0.000000'/>
				</IndexedFaceSet>
			</Shape>
			<Shape DEF='_IDX_972'>
				<Appearance USE='Material_42_IDX_42'/>
				<IndexedFaceSet coordIndex='0 1 2 3 -1'>
					<Coordinate point='-0.174360 0.056653 -0.000000 -0.172818 0.061198 -0.000000 0.000000 0.000000 0.000000 0.000000 0.000000 0.000000'/>
				</IndexedFaceSet>
			</Shape>
			<Shape DEF='_IDX_973'>
				<Appearance USE='Material_41_IDX_41'/>
				<IndexedFaceSet coordIndex='0 1 2 3 -1'>
					<Coordinate point='-0.348721 0.113306 -0.000009 -0.345635 0.122396 -0.000008 -0.172818 0.061198 -0.000000 -0.174360 0.056653 -0.000000'/>
				</IndexedFaceSet>
			</Shape>
			<Shape DEF='_IDX_974'>
				<Appearance USE='Material_40_IDX_40'/>
				<IndexedFaceSet coordIndex='0 1 2 3 -1'>
					<Coordinate point='-0.523081 0.169959 -0.000507 -0.518452 0.183594 -0.000489 -0.345635 0.122396 -0.000008 -0.348721 0.113306 -0.000009'/>
				</IndexedFaceSet>
			</Shape>
			<Shape DEF='_IDX_975'>
				<Appearance USE='Material_39_IDX_39'/>
				<IndexedFaceSet coordIndex='0 1 2 3 -1'>
					<Coordinate point='-0.697303 0.226568 -0.008996 -0.691128 0.244818 -0.008689 -0.518452 0.183594 -0.000489 -0.523081 0.169959 -0.000507'/>
				</IndexedFaceSet>
			</Shape>
			<Shape DEF='_IDX_976'>
				<Appearance USE='Material_38_IDX_38'/>
				<IndexedFaceSet coordIndex='0 1 2 3 -1'>
					<Coordinate point='-0.862220 0.280152 -0.083781 -0.854181 0.307826 -0.080926 -0.691128 0.244818 -0.008689 -0.697303 0.226568 -0.008996'/>
				</IndexedFaceSet>
			</Shape>
			<Shape DEF='_IDX_977'>
				<Appearance USE='Material_75_IDX_75'/>
				<IndexedFaceSet coordIndex='0 1 2 3 -1'>
					<Coordinate point='-0.740027 0.240449 -0.518749 -0.720406 0.425847 -0.501073 -0.854181 0.307826 -0.080926 -0.862220 0.280152 -0.083781'/>
				</IndexedFaceSet>
			</Shape>
			<Shape DEF='_IDX_978'>
				<Appearance USE='Material_48_IDX_48'/>
				<IndexedFaceSet coordIndex='0 1 2 3 -1'>
					<Coordinate point='-0.172818 0.061198 -0.000000 -0.171156 0.065701 -0.000000 0.000000 0.000000 0.000000 0.000000 0.000000 0.000000'/>
				</IndexedFaceSet>
			</Shape>
			<Shape DEF='_IDX_979'>
				<Appearance USE='Material_47_IDX_47'/>
				<IndexedFaceSet coordIndex='0 1 2 3 -1'>
					<Coordinate point='-0.345635 0.122396 -0.000008 -0.342313 0.131402 -0.000008 -0.171156 0.065701 -0.000000 -0.172818 0.061198 -0.000000'/>
				</IndexedFaceSet>
			</Shape>
			<Shape DEF='_IDX_980'>
				<Appearance USE='Material_46_IDX_46'/>
				<IndexedFaceSet coordIndex='0 1 2 3 -1'>
					<Coordinate point='-0.518452 0.183594 -0.000489 -0.513469 0.197103 -0.000439 -0.342313 0.131402 -0.000008 -0.345635 0.122396 -0.000008'/>
				</IndexedFaceSet>
			</Shape>
			<Shape DEF='_IDX_981'>
				<Appearance USE='Material_45_IDX_45'/>
				<IndexedFaceSet coordIndex='0 1 2 3 -1'>
					<Coordinate point='-0.691128 0.244818 -0.008689 -0.684513 0.262895 -0.007791 -0.513469 0.197103 -0.000439 -0.518452 0.183594 -0.000489'/>
				</IndexedFaceSet>
			</Shape>
			<Shape DEF='_IDX_982'>
				<Appearance USE='Material_44_IDX_44'/>
				<IndexedFaceSet coordIndex='0 1 2 3 -1'>
					<Coordinate point='-0.854181 0.307826 -0.080926 -0.847952 0.334845 -0.072556 -0.684513 0.262895 -0.007791 -0.691128 0.244818 -0.008689'/>
				</IndexedFaceSet>
			</Shape>
			<Shape DEF='_IDX_983'>
				<Appearance USE='Material_76_IDX_76'/>
				<IndexedFaceSet coordIndex='0 1 2 3 -1'>
					<Coordinate point='-0.720406 0.425847 -0.501073 -0.776783 0.596777 -0.449249 -0.847952 0.334845 -0.072556 -0.854181 0.307826 -0.080926'/>
				</IndexedFaceSet>
			</Shape>
			<Shape DEF='_IDX_984'>
				<Appearance USE='Material_54_IDX_54'/>
				<IndexedFaceSet coordIndex='0 1 2 3 -1'>
					<Coordinate point='-0.171156 0.065701 -0.000000 -0.169378 0.070159 -0.000000 0.000000 0.000000 0.000000 0.000000 0.000000 0.000000'/>
				</IndexedFaceSet>
			</Shape>
			<Shape DEF='_IDX_985'>
				<Appearance USE='Material_53_IDX_53'/>
				<IndexedFaceSet coordIndex='0 1 2 3 -1'>
					<Coordinate point='-0.342313 0.131402 -0.000008 -0.338756 0.140317 -0.000006 -0.169378 0.070159 -0.000000 -0.171156 0.065701 -0.000000'/>
				</IndexedFaceSet>
			</Shape>
			<Shape DEF='_IDX_986'>
				<Appearance USE='Material_52_IDX_52'/>
				<IndexedFaceSet coordIndex='0 1 2 3 -1'>
					<Coordinate point='-0.513469 0.197103 -0.000439 -0.508134 0.210476 -0.000358 -0.338756 0.140317 -0.000006 -0.342313 0.131402 -0.000008'/>
				</IndexedFaceSet>
			</Shape>
			<Shape DEF='_IDX_987'>
				<Appearance USE='Material_51_IDX_51'/>
				<IndexedFaceSet coordIndex='0 1 2 3 -1'>
					<Coordinate point='-0.684513 0.262895 -0.007791 -0.677456 0.280769 -0.006361 -0.508134 0.210476 -0.000358 -0.513469 0.197103 -0.000439'/>
				</IndexedFaceSet>
			</Shape>
			<Shape DEF='_IDX_988'>
				<Appearance USE='Material_50_IDX_50'/>
				<IndexedFaceSet coordIndex='0 1 2 3 -1'>
					<Coordinate point='-0.847952 0.334845 -0.072556 -0.843034 0.360102 -0.059242 -0.677456 0.280769 -0.006361 -0.684513 0.262895 -0.007791'/>
				</IndexedFaceSet>
			</Shape>
			<Shape DEF='_IDX_989'>
				<Appearance USE='Material_49_IDX_49'/>
				<IndexedFaceSet coordIndex='0 1 2 3 -1'>
					<Coordinate point='-0.776783 0.596777 -0.449249 -0.893086 0.718339 -0.366811 -0.843034 0.360102 -0.059242 -0.847952 0.334845 -0.072556'/>
				</IndexedFaceSet>
			</Shape>
			<Shape DEF='_IDX_990'>
				<Appearance USE='Material_60_IDX_60'/>
				<IndexedFaceSet coordIndex='0 1 2 3 -1'>
					<Coordinate point='-0.169378 0.070159 -0.000000 -0.167483 0.074568 -0.000000 0.000000 0.000000 0.000000 0.000000 0.000000 0.000000'/>
				</IndexedFaceSet>
			</Shape>
			<Shape DEF='_IDX_991'>
				<Appearance USE='Material_59_IDX_59'/>
				<IndexedFaceSet coordIndex='0 1 2 3 -1'>
					<Coordinate point='-0.338756 0.140317 -0.000006 -0.334967 0.149137 -0.000004 -0.167483 0.074568 -0.000000 -0.169378 0.070159 -0.000000'/>
				</IndexedFaceSet>
			</Shape>
			<Shape DEF='_IDX_992'>
				<Appearance USE='Material_58_IDX_58'/>
				<IndexedFaceSet coordIndex='0 1 2 3 -1'>
					<Coordinate point='-0.508134 0.210476 -0.000358 -0.502450 0.223706 -0.000253 -0.334967 0.149137 -0.000004 -0.338756 0.140317 -0.000006'/>
				</IndexedFaceSet>
			</Shape>
			<Shape DEF='_IDX_993'>
				<Appearance USE='Material_57_IDX_57'/>
				<IndexedFaceSet coordIndex='0 1 2 3 -1'>
					<Coordinate point='-0.677456 0.280769 -0.006361 -0.669949 0.298418 -0.004498 -0.502450 0.223706 -0.000253 -0.508134 0.210476 -0.000358'/>
				</IndexedFaceSet>
			</Shape>
			<Shape DEF='_IDX_994'>
				<Appearance USE='Material_56_IDX_56'/>
				<IndexedFaceSet coordIndex='0 1 2 3 -1'>
					<Coordinate point='-0.843034 0.360102 -0.059242 -0.838470 0.382862 -0.041890 -0.669949 0.298418 -0.004498 -0.677456 0.280769 -0.006361'/>
				</IndexedFaceSet>
			</Shape>
			<Shape DEF='_IDX_995'>
				<Appearance USE='Material_55_IDX_55'/>
				<IndexedFaceSet coordIndex='0 1 2 3 -1'>
					<Coordinate point='-0.893086 0.718339 -0.366811 -1.038547 0.767537 -0.259374 -0.838470 0.382862 -0.041890 -0.843034 0.360102 -0.059242'/>
				</IndexedFaceSet>
			</Shape>
			<Shape DEF='_IDX_996'>
				<Appearance USE='Material_66_IDX_66'/>
				<IndexedFaceSet coordIndex='0 1 2 3 -1'>
					<Coordinate point='-0.167483 0.074568 -0.000000 -0.165474 0.078927 -0.000000 0.000000 0.000000 0.000000 0.000000 0.000000 0.000000'/>
				</IndexedFaceSet>
			</Shape>
			<Shape DEF='_IDX_997'>
				<Appearance USE='Material_65_IDX_65'/>
				<IndexedFaceSet coordIndex='0 1 2 3 -1'>
					<Coordinate point='-0.334967 0.149137 -0.000004 -0.330948 0.157854 -0.000002 -0.165474 0.078927 -0.000000 -0.167483 0.074568 -0.000000'/>
				</IndexedFaceSet>
			</Shape>
			<Shape DEF='_IDX_998'>
				<Appearance USE='Material_64_IDX_64'/>
				<IndexedFaceSet coordIndex='0 1 2 3 -1'>
					<Coordinate point='-0.502450 0.223706 -0.000253 -0.496422 0.236782 -0.000131 -0.330948 0.157854 -0.000002 -0.334967 0.149137 -0.000004'/>
				</IndexedFaceSet>
			</Shape>
			<Shape DEF='_IDX_999'>
				<Appearance USE='Material_63_IDX_63'/>
				<IndexedFaceSet coordIndex='0 1 2 3 -1'>
					<Coordinate point='-0.669949 0.298418 -0.004498 -0.661978 0.315828 -0.002328 -0.496422 0.236782 -0.000131 -0.502450 0.223706 -0.000253'/>
				</IndexedFaceSet>
			</Shape>
			<Shape DEF='_IDX_1000'>
				<Appearance USE='Material_62_IDX_62'/>
				<IndexedFaceSet coordIndex='0 1 2 3 -1'>
					<Coordinate point='-0.838470 0.382862 -0.041890 -0.833077 0.402939 -0.021684 -0.661978 0.315828 -0.002328 -0.669949 0.298418 -0.004498'/>
				</IndexedFaceSet>
			</Shape>
			<Shape DEF='_IDX_1001'>
				<Appearance USE='Material_61_IDX_61'/>
				<IndexedFaceSet coordIndex='0 1 2 3 -1'>
					<Coordinate point='-1.038547 0.767537 -0.259374 -1.175164 0.738840 -0.134262 -0.833077 0.402939 -0.021684 -0.838470 0.382862 -0.041890'/>
				</IndexedFaceSet>
			</Shape>
			<Shape DEF='_IDX_1002'>
				<Appearance USE='Material_72_IDX_72'/>
				<IndexedFaceSet coordIndex='0 1 2 3 -1'>
					<Coordinate point='-0.165474 0.078927 -0.000000 -0.163351 0.083232 -0.000000 0.000000 0.000000 0.000000 0.000000 0.000000 0.000000'/>
				</IndexedFaceSet>
			</Shape>
			<Shape DEF='_IDX_1003'>
				<Appearance USE='Material_71_IDX_71'/>
				<IndexedFaceSet coordIndex='0 1 2 3 -1'>
					<Coordinate point='-0.330948 0.157854 -0.000002 -0.326702 0.166463 -0.000000 -0.163351 0.083232 -0.000000 -0.165474 0.078927 -0.000000'/>
				</IndexedFaceSet>
			</Shape>
			<Shape DEF='_IDX_1004'>
				<Appearance USE='Material_70_IDX_70'/>
				<IndexedFaceSet coordIndex='0 1 2 3 -1'>
					<Coordinate point='-0.496422 0.236782 -0.000131 -0.490054 0.249695 -0.000000 -0.326702 0.166463 -0.000000 -0.330948 0.157854 -0.000002'/>
				</IndexedFaceSet>
			</Shape>
			<Shape DEF='_IDX_1005'>
				<Appearance USE='Material_69_IDX_69'/>
				<IndexedFaceSet coordIndex='0 1 2 3 -1'>
					<Coordinate point='-0.661978 0.315828 -0.002328 -0.653534 0.332992 -0.000000 -0.490054 0.249695 -0.000000 -0.496422 0.236782 -0.000131'/>
				</IndexedFaceSet>
			</Shape>
			<Shape DEF='_IDX_1006'>
				<Appearance USE='Material_68_IDX_68'/>
				<IndexedFaceSet coordIndex='0 1 2 3 -1'>
					<Coordinate point='-0.833077 0.402939 -0.021684 -0.825733 0.420732 -0.000000 -0.653534 0.332992 -0.000000 -0.661978 0.315828 -0.002328'/>
				</IndexedFaceSet>
			</Shape>
			<Shape DEF='_IDX_1007'>
				<Appearance USE='Material_67_IDX_67'/>
				<IndexedFaceSet coordIndex='0 1 2 3 -1'>
					<Coordinate point='-1.175164 0.738840 -0.134262 -1.266913 0.645525 -0.000000 -0.825733 0.420732 -0.000000 -0.833077 0.402939 -0.021684'/>
				</IndexedFaceSet>
			</Shape>
			<Shape DEF='_IDX_1008'>
				<Appearance USE='Material_1_IDX_1'/>
				<IndexedFaceSet coordIndex='0 1 2 3 -1'>
					<Coordinate point='-0.056653 0.174360 0.000000 -0.052069 0.175784 0.000000 0.000000 0.000000 0.000000 0.000000 0.000000 0.000000'/>
				</IndexedFaceSet>
			</Shape>
			<Shape DEF='_IDX_1009'>
				<Appearance USE='Material_2_IDX_2'/>
				<IndexedFaceSet coordIndex='0 1 2 3 -1'>
					<Coordinate point='-0.113306 0.348721 0.000009 -0.104139 0.351567 0.000008 -0.052069 0.175784 0.000000 -0.056653 0.174360 0.000000'/>
				</IndexedFaceSet>
			</Shape>
			<Shape DEF='_IDX_1010'>
				<Appearance USE='Material_3_IDX_3'/>
				<IndexedFaceSet coordIndex='0 1 2 3 -1'>
					<Coordinate point='-0.169959 0.523081 0.000507 -0.156208 0.527350 0.000489 -0.104139 0.351567 0.000008 -0.113306 0.348721 0.000009'/>
				</IndexedFaceSet>
			</Shape>
			<Shape DEF='_IDX_1011'>
				<Appearance USE='Material_4_IDX_4'/>
				<IndexedFaceSet coordIndex='0 1 2 3 -1'>
					<Coordinate point='-0.226568 0.697303 0.008996 -0.208173 0.703035 0.008689 -0.156208 0.527350 0.000489 -0.169959 0.523081 0.000507'/>
				</IndexedFaceSet>
			</Shape>
			<Shape DEF='_IDX_1012'>
				<Appearance USE='Material_5_IDX_5'/>
				<IndexedFaceSet coordIndex='0 1 2 3 -1'>
					<Coordinate point='-0.280152 0.862220 0.083781 -0.253039 0.871983 0.080926 -0.208173 0.703035 0.008689 -0.226568 0.697303 0.008996'/>
				</IndexedFaceSet>
			</Shape>
			<Shape DEF='_IDX_1013'>
				<Appearance USE='Material_6_IDX_6'/>
				<IndexedFaceSet coordIndex='0 1 2 3 -1'>
					<Coordinate point='-0.240449 0.740027 0.518749 -0.078926 0.833127 0.501073 -0.253039 0.871983 0.080926 -0.280152 0.862220 0.083781'/>
				</IndexedFaceSet>
			</Shape>
			<Shape DEF='_IDX_1014'>
				<Appearance USE='Material_7_IDX_7'/>
				<IndexedFaceSet coordIndex='0 1 2 3 -1'>
					<Coordinate point='-0.052069 0.175784 0.000000 -0.047450 0.177086 0.000000 0.000000 0.000000 0.000000 0.000000 0.000000 0.000000'/>
				</IndexedFaceSet>
			</Shape>
			<Shape DEF='_IDX_1015'>
				<Appearance USE='Material_8_IDX_8'/>
				<IndexedFaceSet coordIndex='0 1 2 3 -1'>
					<Coordinate point='-0.104139 0.351567 0.000008 -0.094900 0.354173 0.000008 -0.047450 0.177086 0.000000 -0.052069 0.175784 0.000000'/>
				</IndexedFaceSet>
			</Shape>
			<Shape DEF='_IDX_1016'>
				<Appearance USE='Material_9_IDX_9'/>
				<IndexedFaceSet coordIndex='0 1 2 3 -1'>
					<Coordinate point='-0.156208 0.527350 0.000489 -0.142350 0.531259 0.000439 -0.094900 0.354173 0.000008 -0.104139 0.351567 0.000008'/>
				</IndexedFaceSet>
			</Shape>
			<Shape DEF='_IDX_1017'>
				<Appearance USE='Material_10_IDX_10'/>
				<IndexedFaceSet coordIndex='0 1 2 3 -1'>
					<Coordinate point='-0.208173 0.703035 0.008689 -0.189660 0.708308 0.007791 -0.142350 0.531259 0.000439 -0.156208 0.527350 0.000489'/>
				</IndexedFaceSet>
			</Shape>
			<Shape DEF='_IDX_1018'>
				<Appearance USE='Material_11_IDX_11'/>
				<IndexedFaceSet coordIndex='0 1 2 3 -1'>
					<Coordinate point='-0.253039 0.871983 0.080926 -0.227519 0.882824 0.072556 -0.189660 0.708308 0.007791 -0.208173 0.703035 0.008689'/>
				</IndexedFaceSet>
			</Shape>
			<Shape DEF='_IDX_1019'>
				<Appearance USE='Material_12_IDX_12'/>
				<IndexedFaceSet coordIndex='0 1 2 3 -1'>
					<Coordinate point='-0.078926 0.833127 0.501073 0.026221 0.979207 0.449249 -0.227519 0.882824 0.072556 -0.253039 0.871983 0.080926'/>
				</IndexedFaceSet>
			</Shape>
			<Shape DEF='_IDX_1020'>
				<Appearance USE='Material_13_IDX_13'/>
				<IndexedFaceSet coordIndex='0 1 2 3 -1'>
					<Coordinate point='-0.047450 0.177086 0.000000 -0.042798 0.178268 0.000000 0.000000 0.000000 0.000000 0.000000 0.000000 0.000000'/>
				</IndexedFaceSet>
			</Shape>
			<Shape DEF='_IDX_1021'>
				<Appearance USE='Material_14_IDX_14'/>
				<IndexedFaceSet coordIndex='0 1 2 3 -1'>
					<Coordinate point='-0.094900 0.354173 0.000008 -0.085597 0.356536 0.000006 -0.042798 0.178268 0.000000 -0.047450 0.177086 0.000000'/>
				</IndexedFaceSet>
			</Shape>
			<Shape DEF='_IDX_1022'>
				<Appearance USE='Material_15_IDX_15'/>
				<IndexedFaceSet coordIndex='0 1 2 3 -1'>
					<Coordinate point='-0.142350 0.531259 0.000439 -0.128394 0.534804 0.000358 -0.085597 0.356536 0.000006 -0.094900 0.354173 0.000008'/>
				</IndexedFaceSet>
			</Shape>
			<Shape DEF='_IDX_1023'>
				<Appearance USE='Material_16_IDX_16'/>
				<IndexedFaceSet coordIndex='0 1 2 3 -1'>
					<Coordinate point='-0.189660 0.708308 0.007791 -0.171052 0.713105 0.006361 -0.128394 0.534804 0.000358 -0.142350 0.531259 0.000439'/>
				</IndexedFaceSet>
			</Shape>
			<Shape DEF='_IDX_1024'>
				<Appearance USE='Material_17_IDX_17'/>
				<IndexedFaceSet coordIndex='0 1 2 3 -1'>
					<Coordinate point='-0.227519 0.882824 0.072556 -0.204195 0.893691 0.059242 -0.171052 0.713105 0.006361 -0.189660 0.708308 0.007791'/>
				</IndexedFaceSet>
			</Shape>
			<Shape DEF='_IDX_1025'>
				<Appearance USE='Material_18_IDX_18'/>
				<IndexedFaceSet coordIndex='0 1 2 3 -1'>
					<Coordinate point='0.026221 0.979207 0.449249 0.056206 1.144751 0.366811 -0.204195 0.893691 0.059242 -0.227519 0.882824 0.072556'/>
				</IndexedFaceSet>
			</Shape>
			<Shape DEF='_IDX_1026'>
				<Appearance USE='Material_19_IDX_19'/>
				<IndexedFaceSet coordIndex='0 1 2 3 -1'>
					<Coordinate point='-0.042798 0.178268 0.000000 -0.038117 0.179327 0.000000 0.000000 0.000000 0.000000 0.000000 0.000000 0.000000'/>
				</IndexedFaceSet>
			</Shape>
			<Shape DEF='_IDX_1027'>
				<Appearance USE='Material_20_IDX_20'/>
				<IndexedFaceSet coordIndex='0 1 2 3 -1'>
					<Coordinate point='-0.085597 0.356536 0.000006 -0.076234 0.358654 0.000004 -0.038117 0.179327 0.000000 -0.042798 0.178268 0.000000'/>
				</IndexedFaceSet>
			</Shape>
			<Shape DEF='_IDX_1028'>
				<Appearance USE='Material_21_IDX_21'/>
				<IndexedFaceSet coordIndex='0 1 2 3 -1'>
					<Coordinate point='-0.128394 0.534804 0.000358 -0.114351 0.537982 0.000253 -0.076234 0.358654 0.000004 -0.085597 0.356536 0.000006'/>
				</IndexedFaceSet>
			</Shape>
			<Shape DEF='_IDX_1029'>
				<Appearance USE='Material_22_IDX_22'/>
				<IndexedFaceSet coordIndex='0 1 2 3 -1'>
					<Coordinate point='-0.171052 0.713105 0.006361 -0.152361 0.717405 0.004498 -0.114351 0.537982 0.000253 -0.128394 0.534804 0.000358'/>
				</IndexedFaceSet>
			</Shape>
			<Shape DEF='_IDX_1030'>
				<Appearance USE='Material_23_IDX_23'/>
				<IndexedFaceSet coordIndex='0 1 2 3 -1'>
					<Coordinate point='-0.204195 0.893691 0.059242 -0.183098 0.903377 0.041890 -0.152361 0.717405 0.004498 -0.171052 0.713105 0.006361'/>
				</IndexedFaceSet>
			</Shape>
			<Shape DEF='_IDX_1031'>
				<Appearance USE='Material_24_IDX_24'/>
				<IndexedFaceSet coordIndex='0 1 2 3 -1'>
					<Coordinate point='0.056206 1.144751 0.366811 0.010508 1.291349 0.259374 -0.183098 0.903377 0.041890 -0.204195 0.893691 0.059242'/>
				</IndexedFaceSet>
			</Shape>
			<Shape DEF='_IDX_1032'>
				<Appearance USE='Material_25_IDX_25'/>
				<IndexedFaceSet coordIndex='0 1 2 3 -1'>
					<Coordinate point='-0.038117 0.179327 0.000000 -0.033410 0.180263 0.000000 0.000000 0.000000 0.000000 0.000000 0.000000 0.000000'/>
				</IndexedFaceSet>
			</Shape>
			<Shape DEF='_IDX_1033'>
				<Appearance USE='Material_26_IDX_26'/>
				<IndexedFaceSet coordIndex='0 1 2 3 -1'>
					<Coordinate point='-0.076234 0.358654 0.000004 -0.066820 0.360527 0.000002 -0.033410 0.180263 0.000000 -0.038117 0.179327 0.000000'/>
				</IndexedFaceSet>
			</Shape>
			<Shape DEF='_IDX_1034'>
				<Appearance USE='Material_27_IDX_27'/>
				<IndexedFaceSet coordIndex='0 1 2 3 -1'>
					<Coordinate point='-0.114351 0.537982 0.000253 -0.100229 0.540791 0.000131 -0.066820 0.360527 0.000002 -0.076234 0.358654 0.000004'/>
				</IndexedFaceSet>
			</Shape>
			<Shape DEF='_IDX_1035'>
				<Appearance USE='Material_28_IDX_28'/>
				<IndexedFaceSet coordIndex='0 1 2 3 -1'>
					<Coordinate point='-0.152361 0.717405 0.004498 -0.133591 0.721190 0.002328 -0.100229 0.540791 0.000131 -0.114351 0.537982 0.000253'/>
				</IndexedFaceSet>
			</Shape>
			<Shape DEF='_IDX_1036'>
				<Appearance USE='Material_29_IDX_29'/>
				<IndexedFaceSet coordIndex='0 1 2 3 -1'>
					<Coordinate point='-0.183098 0.903377 0.041890 -0.163686 0.910815 0.021684 -0.133591 0.721190 0.002328 -0.152361 0.717405 0.004498'/>
				</IndexedFaceSet>
			</Shape>
			<Shape DEF='_IDX_1037'>
				<Appearance USE='Material_30_IDX_30'/>
				<IndexedFaceSet coordIndex='0 1 2 3 -1'>
					<Coordinate point='0.010508 1.291349 0.259374 -0.093010 1.385007 0.134262 -0.163686 0.910815 0.021684 -0.183098 0.903377 0.041890'/>
				</IndexedFaceSet>
			</Shape>
			<Shape DEF='_IDX_1038'>
				<Appearance USE='Material_31_IDX_31'/>
				<IndexedFaceSet coordIndex='0 1 2 3 -1'>
					<Coordinate point='-0.033410 0.180263 0.000000 -0.028680 0.181076 0.000000 0.000000 0.000000 0.000000 0.000000 0.000000 0.000000'/>
				</IndexedFaceSet>
			</Shape>
			<Shape DEF='_IDX_1039'>
				<Appearance USE='Material_32_IDX_32'/>
				<IndexedFaceSet coordIndex='0 1 2 3 -1'>
					<Coordinate point='-0.066820 0.360527 0.000002 -0.057359 0.362152 0.000000 -0.028680 0.181076 0.000000 -0.033410 0.180263 0.000000'/>
				</IndexedFaceSet>
			</Shape>
			<Shape DEF='_IDX_1040'>
				<Appearance USE='Material_33_IDX_33'/>
				<IndexedFaceSet coordIndex='0 1 2 3 -1'>
					<Coordinate point='-0.100229 0.540791 0.000131 -0.086039 0.543229 -0.000000 -0.057359 0.362152 0.000000 -0.066820 0.360527 0.000002'/>
				</IndexedFaceSet>
			</Shape>
			<Shape DEF='_IDX_1041'>
				<Appearance USE='Material_34_IDX_34'/>
				<IndexedFaceSet coordIndex='0 1 2 3 -1'>
					<Coordinate point='-0.133591 0.721190 0.002328 -0.114741 0.724448 0.000000 -0.086039 0.543229 -0.000000 -0.100229 0.540791 0.000131'/>
				</IndexedFaceSet>
			</Shape>
			<Shape DEF='_IDX_1042'>
				<Appearance USE='Material_35_IDX_35'/>
				<IndexedFaceSet coordIndex='0 1 2 3 -1'>
					<Coordinate point='-0.163686 0.910815 0.021684 -0.144974 0.915332 0.000000 -0.114741 0.724448 0.000000 -0.133591 0.721190 0.002328'/>
				</IndexedFaceSet>
			</Shape>
			<Shape DEF='_IDX_1043'>
				<Appearance USE='Material_36_IDX_36'/>
				<IndexedFaceSet coordIndex='0 1 2 3 -1'>
					<Coordinate point='-0.093010 1.385007 0.134262 -0.222433 1.404384 -0.000000 -0.144974 0.915332 0.000000 -0.163686 0.910815 0.021684'/>
				</IndexedFaceSet>
			</Shape>
			<Shape DEF='_IDX_1044'>
				<Appearance USE='Material_37_IDX_37'/>
				<IndexedFaceSet coordIndex='0 1 2 3 -1'>
					<Coordinate point='-0.000000 0.906591 -0.083781 -0.028803 0.907498 -0.080926 -0.182387 0.816741 -0.501073 -0.000000 0.778110 -0.518749'/>
				</IndexedFaceSet>
			</Shape>
			<Shape DEF='_IDX_1045'>
				<Appearance USE='Material_38_IDX_38'/>
				<IndexedFaceSet coordIndex='0 1 2 3 -1'>
					<Coordinate point='-0.000000 0.733188 -0.008996 -0.019266 0.732954 -0.008689 -0.028803 0.907498 -0.080926 -0.000000 0.906591 -0.083781'/>
				</IndexedFaceSet>
			</Shape>
			<Shape DEF='_IDX_1046'>
				<Appearance USE='Material_39_IDX_39'/>
				<IndexedFaceSet coordIndex='0 1 2 3 -1'>
					<Coordinate point='-0.000000 0.549999 -0.000507 -0.014398 0.549811 -0.000489 -0.019266 0.732954 -0.008689 -0.000000 0.733188 -0.008996'/>
				</IndexedFaceSet>
			</Shape>
			<Shape DEF='_IDX_1047'>
				<Appearance USE='Material_40_IDX_40'/>
				<IndexedFaceSet coordIndex='0 1 2 3 -1'>
					<Coordinate point='-0.000000 0.366667 -0.000009 -0.009598 0.366541 -0.000008 -0.014398 0.549811 -0.000489 -0.000000 0.549999 -0.000507'/>
				</IndexedFaceSet>
			</Shape>
			<Shape DEF='_IDX_1048'>
				<Appearance USE='Material_41_IDX_41'/>
				<IndexedFaceSet coordIndex='0 1 2 3 -1'>
					<Coordinate point='-0.000000 0.183333 -0.000000 -0.004799 0.183271 -0.000000 -0.009598 0.366541 -0.000008 -0.000000 0.366667 -0.000009'/>
				</IndexedFaceSet>
			</Shape>
			<Shape DEF='_IDX_1049'>
				<Appearance USE='Material_42_IDX_42'/>
				<IndexedFaceSet coordIndex='0 1 2 3 -1'>
					<Coordinate point='0.000000 0.000000 0.000000 0.000000 0.000000 0.000000 -0.004799 0.183271 -0.000000 -0.000000 0.183333 -0.000000'/>
				</IndexedFaceSet>
			</Shape>
			<Shape DEF='_IDX_1050'>
				<Appearance USE='Material_43_IDX_43'/>
				<IndexedFaceSet coordIndex='0 1 2 3 -1'>
					<Coordinate point='-0.028803 0.907498 -0.080926 -0.056425 0.909923 -0.072556 -0.327529 0.923179 -0.449249 -0.182387 0.816741 -0.501073'/>
				</IndexedFaceSet>
			</Shape>
			<Shape DEF='_IDX_1051'>
				<Appearance USE='Material_44_IDX_44'/>
				<IndexedFaceSet coordIndex='0 1 2 3 -1'>
					<Coordinate point='-0.019266 0.732954 -0.008689 -0.038501 0.732249 -0.007791 -0.056425 0.909923 -0.072556 -0.028803 0.907498 -0.080926'/>
				</IndexedFaceSet>
			</Shape>
			<Shape DEF='_IDX_1052'>
				<Appearance USE='Material_45_IDX_45'/>
				<IndexedFaceSet coordIndex='0 1 2 3 -1'>
					<Coordinate point='-0.014398 0.549811 -0.000489 -0.028785 0.549246 -0.000439 -0.038501 0.732249 -0.007791 -0.019266 0.732954 -0.008689'/>
				</IndexedFaceSet>
			</Shape>
			<Shape DEF='_IDX_1053'>
				<Appearance USE='Material_46_IDX_46'/>
				<IndexedFaceSet coordIndex='0 1 2 3 -1'>
					<Coordinate point='-0.009598 0.366541 -0.000008 -0.019190 0.366164 -0.000008 -0.028785 0.549246 -0.000439 -0.014398 0.549811 -0.000489'/>
				</IndexedFaceSet>
			</Shape>
			<Shape DEF='_IDX_1054'>
				<Appearance USE='Material_47_IDX_47'/>
				<IndexedFaceSet coordIndex='0 1 2 3 -1'>
					<Coordinate point='-0.004799 0.183271 -0.000000 -0.009595 0.183082 -0.000000 -0.019190 0.366164 -0.000008 -0.009598 0.366541 -0.000008'/>
				</IndexedFaceSet>
			</Shape>
			<Shape DEF='_IDX_1055'>
				<Appearance USE='Material_48_IDX_48'/>
				<IndexedFaceSet coordIndex='0 1 2 3 -1'>
					<Coordinate point='0.000000 0.000000 0.000000 0.000000 0.000000 0.000000 -0.009595 0.183082 -0.000000 -0.004799 0.183271 -0.000000'/>
				</IndexedFaceSet>
			</Shape>
			<Shape DEF='_IDX_1056'>
				<Appearance USE='Material_49_IDX_49'/>
				<IndexedFaceSet coordIndex='0 1 2 3 -1'>
					<Coordinate point='-0.056425 0.909923 -0.072556 -0.081965 0.913050 -0.059242 -0.407203 1.071354 -0.366811 -0.327529 0.923179 -0.449249'/>
				</IndexedFaceSet>
			</Shape>
			<Shape DEF='_IDX_1057'>
				<Appearance USE='Material_50_IDX_50'/>
				<IndexedFaceSet coordIndex='0 1 2 3 -1'>
					<Coordinate point='-0.038501 0.732249 -0.007791 -0.057681 0.731061 -0.006361 -0.081965 0.913050 -0.059242 -0.056425 0.909923 -0.072556'/>
				</IndexedFaceSet>
			</Shape>
			<Shape DEF='_IDX_1058'>
				<Appearance USE='Material_51_IDX_51'/>
				<IndexedFaceSet coordIndex='0 1 2 3 -1'>
					<Coordinate point='-0.028785 0.549246 -0.000439 -0.043153 0.548304 -0.000358 -0.057681 0.731061 -0.006361 -0.038501 0.732249 -0.007791'/>
				</IndexedFaceSet>
			</Shape>
			<Shape DEF='_IDX_1059'>
				<Appearance USE='Material_52_IDX_52'/>
				<IndexedFaceSet coordIndex='0 1 2 3 -1'>
					<Coordinate point='-0.019190 0.366164 -0.000008 -0.028768 0.365536 -0.000006 -0.043153 0.548304 -0.000358 -0.028785 0.549246 -0.000439'/>
				</IndexedFaceSet>
			</Shape>
			<Shape DEF='_IDX_1060'>
				<Appearance USE='Material_53_IDX_53'/>
				<IndexedFaceSet coordIndex='0 1 2 3 -1'>
					<Coordinate point='-0.009595 0.183082 -0.000000 -0.014384 0.182768 -0.000000 -0.028768 0.365536 -0.000006 -0.019190 0.366164 -0.000008'/>
				</IndexedFaceSet>
			</Shape>
			<Shape DEF='_IDX_1061'>
				<Appearance USE='Material_54_IDX_54'/>
				<IndexedFaceSet coordIndex='0 1 2 3 -1'>
					<Coordinate point='0.000000 0.000000 0.000000 0.000000 0.000000 0.000000 -0.014384 0.182768 -0.000000 -0.009595 0.183082 -0.000000'/>
				</IndexedFaceSet>
			</Shape>
			<Shape DEF='_IDX_1062'>
				<Appearance USE='Material_55_IDX_55'/>
				<IndexedFaceSet coordIndex='0 1 2 3 -1'>
					<Coordinate point='-0.081965 0.913050 -0.059242 -0.105022 0.915743 -0.041890 -0.409042 1.224899 -0.259374 -0.407203 1.071354 -0.366811'/>
				</IndexedFaceSet>
			</Shape>
			<Shape DEF='_IDX_1063'>
				<Appearance USE='Material_56_IDX_56'/>
				<IndexedFaceSet coordIndex='0 1 2 3 -1'>
					<Coordinate point='-0.057681 0.731061 -0.006361 -0.076787 0.729375 -0.004498 -0.105022 0.915743 -0.041890 -0.081965 0.913050 -0.059242'/>
				</IndexedFaceSet>
			</Shape>
			<Shape DEF='_IDX_1064'>
				<Appearance USE='Material_57_IDX_57'/>
				<IndexedFaceSet coordIndex='0 1 2 3 -1'>
					<Coordinate point='-0.043153 0.548304 -0.000358 -0.057491 0.546987 -0.000253 -0.076787 0.729375 -0.004498 -0.057681 0.731061 -0.006361'/>
				</IndexedFaceSet>
			</Shape>
			<Shape DEF='_IDX_1065'>
				<Appearance USE='Material_58_IDX_58'/>
				<IndexedFaceSet coordIndex='0 1 2 3 -1'>
					<Coordinate point='-0.028768 0.365536 -0.000006 -0.038327 0.364658 -0.000004 -0.057491 0.546987 -0.000253 -0.043153 0.548304 -0.000358'/>
				</IndexedFaceSet>
			</Shape>
			<Shape DEF='_IDX_1066'>
				<Appearance USE='Material_59_IDX_59'/>
				<IndexedFaceSet coordIndex='0 1 2 3 -1'>
					<Coordinate point='-0.014384 0.182768 -0.000000 -0.019164 0.182329 -0.000000 -0.038327 0.364658 -0.000004 -0.028768 0.365536 -0.000006'/>
				</IndexedFaceSet>
			</Shape>
			<Shape DEF='_IDX_1067'>
				<Appearance USE='Material_60_IDX_60'/>
				<IndexedFaceSet coordIndex='0 1 2 3 -1'>
					<Coordinate point='0.000000 0.000000 0.000000 0.000000 0.000000 0.000000 -0.019164 0.182329 -0.000000 -0.014384 0.182768 -0.000000'/>
				</IndexedFaceSet>
			</Shape>
			<Shape DEF='_IDX_1068'>
				<Appearance USE='Material_61_IDX_61'/>
				<IndexedFaceSet coordIndex='0 1 2 3 -1'>
					<Coordinate point='-0.105022 0.915743 -0.041890 -0.125783 0.916818 -0.021684 -0.339533 1.345962 -0.134262 -0.409042 1.224899 -0.259374'/>
				</IndexedFaceSet>
			</Shape>
			<Shape DEF='_IDX_1069'>
				<Appearance USE='Material_62_IDX_62'/>
				<IndexedFaceSet coordIndex='0 1 2 3 -1'>
					<Coordinate point='-0.076787 0.729375 -0.004498 -0.095808 0.727175 -0.002328 -0.125783 0.916818 -0.021684 -0.105022 0.915743 -0.041890'/>
				</IndexedFaceSet>
			</Shape>
			<Shape DEF='_IDX_1070'>
				<Appearance USE='Material_63_IDX_63'/>
				<IndexedFaceSet coordIndex='0 1 2 3 -1'>
					<Coordinate point='-0.057491 0.546987 -0.000253 -0.071790 0.545295 -0.000131 -0.095808 0.727175 -0.002328 -0.076787 0.729375 -0.004498'/>
				</IndexedFaceSet>
			</Shape>
			<Shape DEF='_IDX_1071'>
				<Appearance USE='Material_64_IDX_64'/>
				<IndexedFaceSet coordIndex='0 1 2 3 -1'>
					<Coordinate point='-0.038327 0.364658 -0.000004 -0.047860 0.363530 -0.000002 -0.071790 0.545295 -0.000131 -0.057491 0.546987 -0.000253'/>
				</IndexedFaceSet>
			</Shape>
			<Shape DEF='_IDX_1072'>
				<Appearance USE='Material_65_IDX_65'/>
				<IndexedFaceSet coordIndex='0 1 2 3 -1'>
					<Coordinate point='-0.019164 0.182329 -0.000000 -0.023930 0.181765 -0.000000 -0.047860 0.363530 -0.000002 -0.038327 0.364658 -0.000004'/>
				</IndexedFaceSet>
			</Shape>
			<Shape DEF='_IDX_1073'>
				<Appearance USE='Material_66_IDX_66'/>
				<IndexedFaceSet coordIndex='0 1 2 3 -1'>
					<Coordinate point='0.000000 0.000000 0.000000 0.000000 0.000000 0.000000 -0.023930 0.181765 -0.000000 -0.019164 0.182329 -0.000000'/>
				</IndexedFaceSet>
			</Shape>
			<Shape DEF='_IDX_1074'>
				<Appearance USE='Material_67_IDX_67'/>
				<IndexedFaceSet coordIndex='0 1 2 3 -1'>
					<Coordinate point='-0.125783 0.916818 -0.021684 -0.144974 0.915332 -0.000000 -0.222433 1.404384 -0.000000 -0.339533 1.345962 -0.134262'/>
				</IndexedFaceSet>
			</Shape>
			<Shape DEF='_IDX_1075'>
				<Appearance USE='Material_68_IDX_68'/>
				<IndexedFaceSet coordIndex='0 1 2 3 -1'>
					<Coordinate point='-0.095808 0.727175 -0.002328 -0.114741 0.724448 -0.000000 -0.144974 0.915332 -0.000000 -0.125783 0.916818 -0.021684'/>
				</IndexedFaceSet>
			</Shape>
			<Shape DEF='_IDX_1076'>
				<Appearance USE='Material_69_IDX_69'/>
				<IndexedFaceSet coordIndex='0 1 2 3 -1'>
					<Coordinate point='-0.071790 0.545295 -0.000131 -0.086039 0.543229 -0.000000 -0.114741 0.724448 -0.000000 -0.095808 0.727175 -0.002328'/>
				</IndexedFaceSet>
			</Shape>
			<Shape DEF='_IDX_1077'>
				<Appearance USE='Material_70_IDX_70'/>
				<IndexedFaceSet coordIndex='0 1 2 3 -1'>
					<Coordinate point='-0.047860 0.363530 -0.000002 -0.057359 0.362152 -0.000000 -0.086039 0.543229 -0.000000 -0.071790 0.545295 -0.000131'/>
				</IndexedFaceSet>
			</Shape>
			<Shape DEF='_IDX_1078'>
				<Appearance USE='Material_71_IDX_71'/>
				<IndexedFaceSet coordIndex='0 1 2 3 -1'>
					<Coordinate point='-0.023930 0.181765 -0.000000 -0.028680 0.181076 -0.000000 -0.057359 0.362152 -0.000000 -0.047860 0.363530 -0.000002'/>
				</IndexedFaceSet>
			</Shape>
			<Shape DEF='_IDX_1079'>
				<Appearance USE='Material_72_IDX_72'/>
				<IndexedFaceSet coordIndex='0 1 2 3 -1'>
					<Coordinate point='0.000000 0.000000 0.000000 0.000000 0.000000 0.000000 -0.028680 0.181076 -0.000000 -0.023930 0.181765 -0.000000'/>
				</IndexedFaceSet>
			</Shape>
			<Shape DEF='_IDX_1080'>
				<Appearance USE='Material_73_IDX_73'/>
				<IndexedFaceSet coordIndex='0 1 2 3 -1'>
					<Coordinate point='-0.280152 0.862220 0.083781 -0.307826 0.854181 0.080926 -0.425847 0.720406 0.501073 -0.240449 0.740027 0.518749'/>
				</IndexedFaceSet>
			</Shape>
			<Shape DEF='_IDX_1081'>
				<Appearance USE='Material_5_IDX_5'/>
				<IndexedFaceSet coordIndex='0 1 2 3 -1'>
					<Coordinate point='-0.226568 0.697303 0.008996 -0.244818 0.691128 0.008689 -0.307826 0.854181 0.080926 -0.280152 0.862220 0.083781'/>
				</IndexedFaceSet>
			</Shape>
			<Shape DEF='_IDX_1082'>
				<Appearance USE='Material_4_IDX_4'/>
				<IndexedFaceSet coordIndex='0 1 2 3 -1'>
					<Coordinate point='-0.169959 0.523081 0.000507 -0.183594 0.518452 0.000489 -0.244818 0.691128 0.008689 -0.226568 0.697303 0.008996'/>
				</IndexedFaceSet>
			</Shape>
			<Shape DEF='_IDX_1083'>
				<Appearance USE='Material_3_IDX_3'/>
				<IndexedFaceSet coordIndex='0 1 2 3 -1'>
					<Coordinate point='-0.113306 0.348721 0.000009 -0.122396 0.345635 0.000008 -0.183594 0.518452 0.000489 -0.169959 0.523081 0.000507'/>
				</IndexedFaceSet>
			</Shape>
			<Shape DEF='_IDX_1084'>
				<Appearance USE='Material_2_IDX_2'/>
				<IndexedFaceSet coordIndex='0 1 2 3 -1'>
					<Coordinate point='-0.056653 0.174360 0.000000 -0.061198 0.172818 0.000000 -0.122396 0.345635 0.000008 -0.113306 0.348721 0.000009'/>
				</IndexedFaceSet>
			</Shape>
			<Shape DEF='_IDX_1085'>
				<Appearance USE='Material_1_IDX_1'/>
				<IndexedFaceSet coordIndex='0 1 2 3 -1'>
					<Coordinate point='0.000000 0.000000 0.000000 0.000000 0.000000 0.000000 -0.061198 0.172818 0.000000 -0.056653 0.174360 0.000000'/>
				</IndexedFaceSet>
			</Shape>
			<Shape DEF='_IDX_1086'>
				<Appearance USE='Material_74_IDX_74'/>
				<IndexedFaceSet coordIndex='0 1 2 3 -1'>
					<Coordinate point='-0.307826 0.854181 0.080926 -0.334845 0.847952 0.072556 -0.596777 0.776783 0.449249 -0.425847 0.720406 0.501073'/>
				</IndexedFaceSet>
			</Shape>
			<Shape DEF='_IDX_1087'>
				<Appearance USE='Material_11_IDX_11'/>
				<IndexedFaceSet coordIndex='0 1 2 3 -1'>
					<Coordinate point='-0.244818 0.691128 0.008689 -0.262895 0.684513 0.007791 -0.334845 0.847952 0.072556 -0.307826 0.854181 0.080926'/>
				</IndexedFaceSet>
			</Shape>
			<Shape DEF='_IDX_1088'>
				<Appearance USE='Material_10_IDX_10'/>
				<IndexedFaceSet coordIndex='0 1 2 3 -1'>
					<Coordinate point='-0.183594 0.518452 0.000489 -0.197103 0.513469 0.000439 -0.262895 0.684513 0.007791 -0.244818 0.691128 0.008689'/>
				</IndexedFaceSet>
			</Shape>
			<Shape DEF='_IDX_1089'>
				<Appearance USE='Material_9_IDX_9'/>
				<IndexedFaceSet coordIndex='0 1 2 3 -1'>
					<Coordinate point='-0.122396 0.345635 0.000008 -0.131402 0.342313 0.000008 -0.197103 0.513469 0.000439 -0.183594 0.518452 0.000489'/>
				</IndexedFaceSet>
			</Shape>
			<Shape DEF='_IDX_1090'>
				<Appearance USE='Material_8_IDX_8'/>
				<IndexedFaceSet coordIndex='0 1 2 3 -1'>
					<Coordinate point='-0.061198 0.172818 0.000000 -0.065701 0.171156 0.000000 -0.131402 0.342313 0.000008 -0.122396 0.345635 0.000008'/>
				</IndexedFaceSet>
			</Shape>
			<Shape DEF='_IDX_1091'>
				<Appearance USE='Material_7_IDX_7'/>
				<IndexedFaceSet coordIndex='0 1 2 3 -1'>
					<Coordinate point='0.000000 0.000000 0.000000 0.000000 0.000000 0.000000 -0.065701 0.171156 0.000000 -0.061198 0.172818 0.000000'/>
				</IndexedFaceSet>
			</Shape>
			<Shape DEF='_IDX_1092'>
				<Appearance USE='Material_18_IDX_18'/>
				<IndexedFaceSet coordIndex='0 1 2 3 -1'>
					<Coordinate point='-0.334845 0.847952 0.072556 -0.360102 0.843034 0.059242 -0.718339 0.893086 0.366811 -0.596777 0.776783 0.449249'/>
				</IndexedFaceSet>
			</Shape>
			<Shape DEF='_IDX_1093'>
				<Appearance USE='Material_17_IDX_17'/>
				<IndexedFaceSet coordIndex='0 1 2 3 -1'>
					<Coordinate point='-0.262895 0.684513 0.007791 -0.280769 0.677456 0.006361 -0.360102 0.843034 0.059242 -0.334845 0.847952 0.072556'/>
				</IndexedFaceSet>
			</Shape>
			<Shape DEF='_IDX_1094'>
				<Appearance USE='Material_16_IDX_16'/>
				<IndexedFaceSet coordIndex='0 1 2 3 -1'>
					<Coordinate point='-0.197103 0.513469 0.000439 -0.210476 0.508134 0.000358 -0.280769 0.677456 0.006361 -0.262895 0.684513 0.007791'/>
				</IndexedFaceSet>
			</Shape>
			<Shape DEF='_IDX_1095'>
				<Appearance USE='Material_15_IDX_15'/>
				<IndexedFaceSet coordIndex='0 1 2 3 -1'>
					<Coordinate point='-0.131402 0.342313 0.000008 -0.140317 0.338756 0.000006 -0.210476 0.508134 0.000358 -0.197103 0.513469 0.000439'/>
				</IndexedFaceSet>
			</Shape>
			<Shape DEF='_IDX_1096'>
				<Appearance USE='Material_14_IDX_14'/>
				<IndexedFaceSet coordIndex='0 1 2 3 -1'>
					<Coordinate point='-0.065701 0.171156 0.000000 -0.070159 0.169378 0.000000 -0.140317 0.338756 0.000006 -0.131402 0.342313 0.000008'/>
				</IndexedFaceSet>
			</Shape>
			<Shape DEF='_IDX_1097'>
				<Appearance USE='Material_13_IDX_13'/>
				<IndexedFaceSet coordIndex='0 1 2 3 -1'>
					<Coordinate point='0.000000 0.000000 0.000000 0.000000 0.000000 0.000000 -0.070159 0.169378 0.000000 -0.065701 0.171156 0.000000'/>
				</IndexedFaceSet>
			</Shape>
			<Shape DEF='_IDX_1098'>
				<Appearance USE='Material_24_IDX_24'/>
				<IndexedFaceSet coordIndex='0 1 2 3 -1'>
					<Coordinate point='-0.360102 0.843034 0.059242 -0.382862 0.838470 0.041890 -0.767537 1.038547 0.259374 -0.718339 0.893086 0.366811'/>
				</IndexedFaceSet>
			</Shape>
			<Shape DEF='_IDX_1099'>
				<Appearance USE='Material_23_IDX_23'/>
				<IndexedFaceSet coordIndex='0 1 2 3 -1'>
					<Coordinate point='-0.280769 0.677456 0.006361 -0.298418 0.669949 0.004498 -0.382862 0.838470 0.041890 -0.360102 0.843034 0.059242'/>
				</IndexedFaceSet>
			</Shape>
			<Shape DEF='_IDX_1100'>
				<Appearance USE='Material_22_IDX_22'/>
				<IndexedFaceSet coordIndex='0 1 2 3 -1'>
					<Coordinate point='-0.210476 0.508134 0.000358 -0.223706 0.502450 0.000253 -0.298418 0.669949 0.004498 -0.280769 0.677456 0.006361'/>
				</IndexedFaceSet>
			</Shape>
			<Shape DEF='_IDX_1101'>
				<Appearance USE='Material_21_IDX_21'/>
				<IndexedFaceSet coordIndex='0 1 2 3 -1'>
					<Coordinate point='-0.140317 0.338756 0.000006 -0.149137 0.334967 0.000004 -0.223706 0.502450 0.000253 -0.210476 0.508134 0.000358'/>
				</IndexedFaceSet>
			</Shape>
			<Shape DEF='_IDX_1102'>
				<Appearance USE='Material_20_IDX_20'/>
				<IndexedFaceSet coordIndex='0 1 2 3 -1'>
					<Coordinate point='-0.070159 0.169378 0.000000 -0.074568 0.167483 0.000000 -0.149137 0.334967 0.000004 -0.140317 0.338756 0.000006'/>
				</IndexedFaceSet>
			</Shape>
			<Shape DEF='_IDX_1103'>
				<Appearance USE='Material_19_IDX_19'/>
				<IndexedFaceSet coordIndex='0 1 2 3 -1'>
					<Coordinate point='0.000000 0.000000 0.000000 0.000000 0.000000 0.000000 -0.074568 0.167483 0.000000 -0.070159 0.169378 0.000000'/>
				</IndexedFaceSet>
			</Shape>
			<Shape DEF='_IDX_1104'>
				<Appearance USE='Material_30_IDX_30'/>
				<IndexedFaceSet coordIndex='0 1 2 3 -1'>
					<Coordinate point='-0.382862 0.838470 0.041890 -0.402939 0.833077 0.021684 -0.738840 1.175164 0.134262 -0.767537 1.038547 0.259374'/>
				</IndexedFaceSet>
			</Shape>
			<Shape DEF='_IDX_1105'>
				<Appearance USE='Material_29_IDX_29'/>
				<IndexedFaceSet coordIndex='0 1 2 3 -1'>
					<Coordinate point='-0.298418 0.669949 0.004498 -0.315828 0.661978 0.002328 -0.402939 0.833077 0.021684 -0.382862 0.838470 0.041890'/>
				</IndexedFaceSet>
			</Shape>
			<Shape DEF='_IDX_1106'>
				<Appearance USE='Material_28_IDX_28'/>
				<IndexedFaceSet coordIndex='0 1 2 3 -1'>
					<Coordinate point='-0.223706 0.502450 0.000253 -0.236782 0.496422 0.000131 -0.315828 0.661978 0.002328 -0.298418 0.669949 0.004498'/>
				</IndexedFaceSet>
			</Shape>
			<Shape DEF='_IDX_1107'>
				<Appearance USE='Material_27_IDX_27'/>
				<IndexedFaceSet coordIndex='0 1 2 3 -1'>
					<Coordinate point='-0.149137 0.334967 0.000004 -0.157854 0.330948 0.000002 -0.236782 0.496422 0.000131 -0.223706 0.502450 0.000253'/>
				</IndexedFaceSet>
			</Shape>
			<Shape DEF='_IDX_1108'>
				<Appearance USE='Material_26_IDX_26'/>
				<IndexedFaceSet coordIndex='0 1 2 3 -1'>
					<Coordinate point='-0.074568 0.167483 0.000000 -0.078927 0.165474 0.000000 -0.157854 0.330948 0.000002 -0.149137 0.334967 0.000004'/>
				</IndexedFaceSet>
			</Shape>
			<Shape DEF='_IDX_1109'>
				<Appearance USE='Material_25_IDX_25'/>
				<IndexedFaceSet coordIndex='0 1 2 3 -1'>
					<Coordinate point='0.000000 0.000000 0.000000 0.000000 0.000000 0.000000 -0.078927 0.165474 0.000000 -0.074568 0.167483 0.000000'/>
				</IndexedFaceSet>
			</Shape>
			<Shape DEF='_IDX_1110'>
				<Appearance USE='Material_36_IDX_36'/>
				<IndexedFaceSet coordIndex='0 1 2 3 -1'>
					<Coordinate point='-0.402939 0.833077 0.021684 -0.420732 0.825733 0.000000 -0.645525 1.266913 -0.000000 -0.738840 1.175164 0.134262'/>
				</IndexedFaceSet>
			</Shape>
			<Shape DEF='_IDX_1111'>
				<Appearance USE='Material_35_IDX_35'/>
				<IndexedFaceSet coordIndex='0 1 2 3 -1'>
					<Coordinate point='-0.315828 0.661978 0.002328 -0.332992 0.653534 0.000000 -0.420732 0.825733 0.000000 -0.402939 0.833077 0.021684'/>
				</IndexedFaceSet>
			</Shape>
			<Shape DEF='_IDX_1112'>
				<Appearance USE='Material_34_IDX_34'/>
				<IndexedFaceSet coordIndex='0 1 2 3 -1'>
					<Coordinate point='-0.236782 0.496422 0.000131 -0.249695 0.490054 -0.000000 -0.332992 0.653534 0.000000 -0.315828 0.661978 0.002328'/>
				</IndexedFaceSet>
			</Shape>
			<Shape DEF='_IDX_1113'>
				<Appearance USE='Material_33_IDX_33'/>
				<IndexedFaceSet coordIndex='0 1 2 3 -1'>
					<Coordinate point='-0.157854 0.330948 0.000002 -0.166463 0.326702 0.000000 -0.249695 0.490054 -0.000000 -0.236782 0.496422 0.000131'/>
				</IndexedFaceSet>
			</Shape>
			<Shape DEF='_IDX_1114'>
				<Appearance USE='Material_32_IDX_32'/>
				<IndexedFaceSet coordIndex='0 1 2 3 -1'>
					<Coordinate point='-0.078927 0.165474 0.000000 -0.083232 0.163351 0.000000 -0.166463 0.326702 0.000000 -0.157854 0.330948 0.000002'/>
				</IndexedFaceSet>
			</Shape>
			<Shape DEF='_IDX_1115'>
				<Appearance USE='Material_31_IDX_31'/>
				<IndexedFaceSet coordIndex='0 1 2 3 -1'>
					<Coordinate point='0.000000 0.000000 0.000000 0.000000 0.000000 0.000000 -0.083232 0.163351 0.000000 -0.078927 0.165474 0.000000'/>
				</IndexedFaceSet>
			</Shape>
			<Shape DEF='_IDX_1116'>
				<Appearance USE='Material_42_IDX_42'/>
				<IndexedFaceSet coordIndex='0 1 2 3 -1'>
					<Coordinate point='-0.107761 0.148320 -0.000000 -0.103841 0.151090 -0.000000 0.000000 0.000000 0.000000 0.000000 0.000000 0.000000'/>
				</IndexedFaceSet>
			</Shape>
			<Shape DEF='_IDX_1117'>
				<Appearance USE='Material_41_IDX_41'/>
				<IndexedFaceSet coordIndex='0 1 2 3 -1'>
					<Coordinate point='-0.215521 0.296640 -0.000009 -0.207682 0.302180 -0.000008 -0.103841 0.151090 -0.000000 -0.107761 0.148320 -0.000000'/>
				</IndexedFaceSet>
			</Shape>
			<Shape DEF='_IDX_1118'>
				<Appearance USE='Material_40_IDX_40'/>
				<IndexedFaceSet coordIndex='0 1 2 3 -1'>
					<Coordinate point='-0.323282 0.444959 -0.000507 -0.311523 0.453269 -0.000489 -0.207682 0.302180 -0.000008 -0.215521 0.296640 -0.000009'/>
				</IndexedFaceSet>
			</Shape>
			<Shape DEF='_IDX_1119'>
				<Appearance USE='Material_39_IDX_39'/>
				<IndexedFaceSet coordIndex='0 1 2 3 -1'>
					<Coordinate point='-0.430957 0.593162 -0.008996 -0.415234 0.604297 -0.008689 -0.311523 0.453269 -0.000489 -0.323282 0.444959 -0.000507'/>
				</IndexedFaceSet>
			</Shape>
			<Shape DEF='_IDX_1120'>
				<Appearance USE='Material_38_IDX_38'/>
				<IndexedFaceSet coordIndex='0 1 2 3 -1'>
					<Coordinate point='-0.532881 0.733448 -0.083781 -0.510112 0.751111 -0.080926 -0.415234 0.604297 -0.008689 -0.430957 0.593162 -0.008996'/>
				</IndexedFaceSet>
			</Shape>
			<Shape DEF='_IDX_1121'>
				<Appearance USE='Material_75_IDX_75'/>
				<IndexedFaceSet coordIndex='0 1 2 3 -1'>
					<Coordinate point='-0.457362 0.629504 -0.518749 -0.332514 0.767962 -0.501073 -0.510112 0.751111 -0.080926 -0.532881 0.733448 -0.083781'/>
				</IndexedFaceSet>
			</Shape>
			<Shape DEF='_IDX_1122'>
				<Appearance USE='Material_48_IDX_48'/>
				<IndexedFaceSet coordIndex='0 1 2 3 -1'>
					<Coordinate point='-0.103841 0.151090 -0.000000 -0.099850 0.153756 -0.000000 0.000000 0.000000 0.000000 0.000000 0.000000 0.000000'/>
				</IndexedFaceSet>
			</Shape>
			<Shape DEF='_IDX_1123'>
				<Appearance USE='Material_47_IDX_47'/>
				<IndexedFaceSet coordIndex='0 1 2 3 -1'>
					<Coordinate point='-0.207682 0.302180 -0.000008 -0.199701 0.307513 -0.000008 -0.099850 0.153756 -0.000000 -0.103841 0.151090 -0.000000'/>
				</IndexedFaceSet>
			</Shape>
			<Shape DEF='_IDX_1124'>
				<Appearance USE='Material_46_IDX_46'/>
				<IndexedFaceSet coordIndex='0 1 2 3 -1'>
					<Coordinate point='-0.311523 0.453269 -0.000489 -0.299551 0.461269 -0.000439 -0.199701 0.307513 -0.000008 -0.207682 0.302180 -0.000008'/>
				</IndexedFaceSet>
			</Shape>
			<Shape DEF='_IDX_1125'>
				<Appearance USE='Material_45_IDX_45'/>
				<IndexedFaceSet coordIndex='0 1 2 3 -1'>
					<Coordinate point='-0.415234 0.604297 -0.008689 -0.399257 0.615033 -0.007791 -0.299551 0.461269 -0.000439 -0.311523 0.453269 -0.000489'/>
				</IndexedFaceSet>
			</Shape>
			<Shape DEF='_IDX_1126'>
				<Appearance USE='Material_44_IDX_44'/>
				<IndexedFaceSet coordIndex='0 1 2 3 -1'>
					<Coordinate point='-0.510112 0.751111 -0.080926 -0.489191 0.769309 -0.072556 -0.399257 0.615033 -0.007791 -0.415234 0.604297 -0.008689'/>
				</IndexedFaceSet>
			</Shape>
			<Shape DEF='_IDX_1127'>
				<Appearance USE='Material_76_IDX_76'/>
				<IndexedFaceSet coordIndex='0 1 2 3 -1'>
					<Coordinate point='-0.332514 0.767962 -0.501073 -0.277654 0.939384 -0.449249 -0.489191 0.769309 -0.072556 -0.510112 0.751111 -0.080926'/>
				</IndexedFaceSet>
			</Shape>
			<Shape DEF='_IDX_1128'>
				<Appearance USE='Material_54_IDX_54'/>
				<IndexedFaceSet coordIndex='0 1 2 3 -1'>
					<Coordinate point='-0.099850 0.153756 -0.000000 -0.095791 0.156317 -0.000000 0.000000 0.000000 0.000000 0.000000 0.000000 0.000000'/>
				</IndexedFaceSet>
			</Shape>
			<Shape DEF='_IDX_1129'>
				<Appearance USE='Material_53_IDX_53'/>
				<IndexedFaceSet coordIndex='0 1 2 3 -1'>
					<Coordinate point='-0.199701 0.307513 -0.000008 -0.191583 0.312635 -0.000006 -0.095791 0.156317 -0.000000 -0.099850 0.153756 -0.000000'/>
				</IndexedFaceSet>
			</Shape>
			<Shape DEF='_IDX_1130'>
				<Appearance USE='Material_52_IDX_52'/>
				<IndexedFaceSet coordIndex='0 1 2 3 -1'>
					<Coordinate point='-0.299551 0.461269 -0.000439 -0.287374 0.468952 -0.000358 -0.191583 0.312635 -0.000006 -0.199701 0.307513 -0.000008'/>
				</IndexedFaceSet>
			</Shape>
			<Shape DEF='_IDX_1131'>
				<Appearance USE='Material_51_IDX_51'/>
				<IndexedFaceSet coordIndex='0 1 2 3 -1'>
					<Coordinate point='-0.399257 0.615033 -0.007791 -0.383042 0.625345 -0.006361 -0.287374 0.468952 -0.000358 -0.299551 0.461269 -0.000439'/>
				</IndexedFaceSet>
			</Shape>
			<Shape DEF='_IDX_1132'>
				<Appearance USE='Material_50_IDX_50'/>
				<IndexedFaceSet coordIndex='0 1 2 3 -1'>
					<Coordinate point='-0.489191 0.769309 -0.072556 -0.470366 0.786851 -0.059242 -0.383042 0.625345 -0.006361 -0.399257 0.615033 -0.007791'/>
				</IndexedFaceSet>
			</Shape>
			<Shape DEF='_IDX_1133'>
				<Appearance USE='Material_49_IDX_49'/>
				<IndexedFaceSet coordIndex='0 1 2 3 -1'>
					<Coordinate point='-0.277654 0.939384 -0.449249 -0.300292 1.106091 -0.366811 -0.470366 0.786851 -0.059242 -0.489191 0.769309 -0.072556'/>
				</IndexedFaceSet>
			</Shape>
			<Shape DEF='_IDX_1134'>
				<Appearance USE='Material_60_IDX_60'/>
				<IndexedFaceSet coordIndex='0 1 2 3 -1'>
					<Coordinate point='-0.095791 0.156317 -0.000000 -0.091667 0.158771 -0.000000 0.000000 0.000000 0.000000 0.000000 0.000000 0.000000'/>
				</IndexedFaceSet>
			</Shape>
			<Shape DEF='_IDX_1135'>
				<Appearance USE='Material_59_IDX_59'/>
				<IndexedFaceSet coordIndex='0 1 2 3 -1'>
					<Coordinate point='-0.191583 0.312635 -0.000006 -0.183333 0.317543 -0.000004 -0.091667 0.158771 -0.000000 -0.095791 0.156317 -0.000000'/>
				</IndexedFaceSet>
			</Shape>
			<Shape DEF='_IDX_1136'>
				<Appearance USE='Material_58_IDX_58'/>
				<IndexedFaceSet coordIndex='0 1 2 3 -1'>
					<Coordinate point='-0.287374 0.468952 -0.000358 -0.275000 0.476315 -0.000253 -0.183333 0.317543 -0.000004 -0.191583 0.312635 -0.000006'/>
				</IndexedFaceSet>
			</Shape>
			<Shape DEF='_IDX_1137'>
				<Appearance USE='Material_57_IDX_57'/>
				<IndexedFaceSet coordIndex='0 1 2 3 -1'>
					<Coordinate point='-0.383042 0.625345 -0.006361 -0.366594 0.635211 -0.004498 -0.275000 0.476315 -0.000253 -0.287374 0.468952 -0.000358'/>
				</IndexedFaceSet>
			</Shape>
			<Shape DEF='_IDX_1138'>
				<Appearance USE='Material_56_IDX_56'/>
				<IndexedFaceSet coordIndex='0 1 2 3 -1'>
					<Coordinate point='-0.470366 0.786851 -0.059242 -0.453296 0.802582 -0.041890 -0.366594 0.635211 -0.004498 -0.383042 0.625345 -0.006361'/>
				</IndexedFaceSet>
			</Shape>
			<Shape DEF='_IDX_1139'>
				<Appearance USE='Material_55_IDX_55'/>
				<IndexedFaceSet coordIndex='0 1 2 3 -1'>
					<Coordinate point='-0.300292 1.106091 -0.366811 -0.389055 1.231393 -0.259374 -0.453296 0.802582 -0.041890 -0.470366 0.786851 -0.059242'/>
				</IndexedFaceSet>
			</Shape>
			<Shape DEF='_IDX_1140'>
				<Appearance USE='Material_66_IDX_66'/>
				<IndexedFaceSet coordIndex='0 1 2 3 -1'>
					<Coordinate point='-0.091667 0.158771 -0.000000 -0.087479 0.161116 -0.000000 0.000000 0.000000 0.000000 0.000000 0.000000 0.000000'/>
				</IndexedFaceSet>
			</Shape>
			<Shape DEF='_IDX_1141'>
				<Appearance USE='Material_65_IDX_65'/>
				<IndexedFaceSet coordIndex='0 1 2 3 -1'>
					<Coordinate point='-0.183333 0.317543 -0.000004 -0.174958 0.322233 -0.000002 -0.087479 0.161116 -0.000000 -0.091667 0.158771 -0.000000'/>
				</IndexedFaceSet>
			</Shape>
			<Shape DEF='_IDX_1142'>
				<Appearance USE='Material_64_IDX_64'/>
				<IndexedFaceSet coordIndex='0 1 2 3 -1'>
					<Coordinate point='-0.275000 0.476315 -0.000253 -0.262437 0.483350 -0.000131 -0.174958 0.322233 -0.000002 -0.183333 0.317543 -0.000004'/>
				</IndexedFaceSet>
			</Shape>
			<Shape DEF='_IDX_1143'>
				<Appearance USE='Material_63_IDX_63'/>
				<IndexedFaceSet coordIndex='0 1 2 3 -1'>
					<Coordinate point='-0.366594 0.635211 -0.004498 -0.349913 0.644611 -0.002328 -0.262437 0.483350 -0.000131 -0.275000 0.476315 -0.000253'/>
				</IndexedFaceSet>
			</Shape>
			<Shape DEF='_IDX_1144'>
				<Appearance USE='Material_62_IDX_62'/>
				<IndexedFaceSet coordIndex='0 1 2 3 -1'>
					<Coordinate point='-0.453296 0.802582 -0.041890 -0.437132 0.815654 -0.021684 -0.349913 0.644611 -0.002328 -0.366594 0.635211 -0.004498'/>
				</IndexedFaceSet>
			</Shape>
			<Shape DEF='_IDX_1145'>
				<Appearance USE='Material_61_IDX_61'/>
				<IndexedFaceSet coordIndex='0 1 2 3 -1'>
					<Coordinate point='-0.389055 1.231393 -0.259374 -0.516449 1.288478 -0.134262 -0.437132 0.815654 -0.021684 -0.453296 0.802582 -0.041890'/>
				</IndexedFaceSet>
			</Shape>
			<Shape DEF='_IDX_1146'>
				<Appearance USE='Material_72_IDX_72'/>
				<IndexedFaceSet coordIndex='0 1 2 3 -1'>
					<Coordinate point='-0.087479 0.161116 -0.000000 -0.083232 0.163351 -0.000000 0.000000 0.000000 0.000000 0.000000 0.000000 0.000000'/>
				</IndexedFaceSet>
			</Shape>
			<Shape DEF='_IDX_1147'>
				<Appearance USE='Material_71_IDX_71'/>
				<IndexedFaceSet coordIndex='0 1 2 3 -1'>
					<Coordinate point='-0.174958 0.322233 -0.000002 -0.166463 0.326702 -0.000000 -0.083232 0.163351 -0.000000 -0.087479 0.161116 -0.000000'/>
				</IndexedFaceSet>
			</Shape>
			<Shape DEF='_IDX_1148'>
				<Appearance USE='Material_70_IDX_70'/>
				<IndexedFaceSet coordIndex='0 1 2 3 -1'>
					<Coordinate point='-0.262437 0.483350 -0.000131 -0.249695 0.490054 -0.000000 -0.166463 0.326702 -0.000000 -0.174958 0.322233 -0.000002'/>
				</IndexedFaceSet>
			</Shape>
			<Shape DEF='_IDX_1149'>
				<Appearance USE='Material_69_IDX_69'/>
				<IndexedFaceSet coordIndex='0 1 2 3 -1'>
					<Coordinate point='-0.349913 0.644611 -0.002328 -0.332992 0.653534 -0.000000 -0.249695 0.490054 -0.000000 -0.262437 0.483350 -0.000131'/>
				</IndexedFaceSet>
			</Shape>
			<Shape DEF='_IDX_1150'>
				<Appearance USE='Material_68_IDX_68'/>
				<IndexedFaceSet coordIndex='0 1 2 3 -1'>
					<Coordinate point='-0.437132 0.815654 -0.021684 -0.420732 0.825733 -0.000000 -0.332992 0.653534 -0.000000 -0.349913 0.644611 -0.002328'/>
				</IndexedFaceSet>
			</Shape>
			<Shape DEF='_IDX_1151'>
				<Appearance USE='Material_67_IDX_67'/>
				<IndexedFaceSet coordIndex='0 1 2 3 -1'>
					<Coordinate point='-0.516449 1.288478 -0.134262 -0.645525 1.266913 -0.000000 -0.420732 0.825733 -0.000000 -0.437132 0.815654 -0.021684'/>
				</IndexedFaceSet>
			</Shape>
			<Shape DEF='_IDX_1152'>
				<Appearance USE='Material_1_IDX_1'/>
				<IndexedFaceSet coordIndex='0 1 2 3 -1'>
					<Coordinate point='0.056653 0.174360 0.000000 0.061198 0.172818 0.000000 0.000000 0.000000 0.000000 0.000000 0.000000 0.000000'/>
				</IndexedFaceSet>
			</Shape>
			<Shape DEF='_IDX_1153'>
				<Appearance USE='Material_2_IDX_2'/>
				<IndexedFaceSet coordIndex='0 1 2 3 -1'>
					<Coordinate point='0.113306 0.348721 0.000009 0.122396 0.345635 0.000008 0.061198 0.172818 0.000000 0.056653 0.174360 0.000000'/>
				</IndexedFaceSet>
			</Shape>
			<Shape DEF='_IDX_1154'>
				<Appearance USE='Material_3_IDX_3'/>
				<IndexedFaceSet coordIndex='0 1 2 3 -1'>
					<Coordinate point='0.169959 0.523081 0.000507 0.183594 0.518452 0.000489 0.122396 0.345635 0.000008 0.113306 0.348721 0.000009'/>
				</IndexedFaceSet>
			</Shape>
			<Shape DEF='_IDX_1155'>
				<Appearance USE='Material_4_IDX_4'/>
				<IndexedFaceSet coordIndex='0 1 2 3 -1'>
					<Coordinate point='0.226568 0.697303 0.008996 0.244818 0.691128 0.008689 0.183594 0.518452 0.000489 0.169959 0.523081 0.000507'/>
				</IndexedFaceSet>
			</Shape>
			<Shape DEF='_IDX_1156'>
				<Appearance USE='Material_5_IDX_5'/>
				<IndexedFaceSet coordIndex='0 1 2 3 -1'>
					<Coordinate point='0.280152 0.862220 0.083781 0.307826 0.854181 0.080926 0.244818 0.691128 0.008689 0.226568 0.697303 0.008996'/>
				</IndexedFaceSet>
			</Shape>
			<Shape DEF='_IDX_1157'>
				<Appearance USE='Material_6_IDX_6'/>
				<IndexedFaceSet coordIndex='0 1 2 3 -1'>
					<Coordinate point='0.240449 0.740027 0.518749 0.425847 0.720406 0.501073 0.307826 0.854181 0.080926 0.280152 0.862220 0.083781'/>
				</IndexedFaceSet>
			</Shape>
			<Shape DEF='_IDX_1158'>
				<Appearance USE='Material_7_IDX_7'/>
				<IndexedFaceSet coordIndex='0 1 2 3 -1'>
					<Coordinate point='0.061198 0.172818 0.000000 0.065701 0.171156 0.000000 0.000000 0.000000 0.000000 0.000000 0.000000 0.000000'/>
				</IndexedFaceSet>
			</Shape>
			<Shape DEF='_IDX_1159'>
				<Appearance USE='Material_8_IDX_8'/>
				<IndexedFaceSet coordIndex='0 1 2 3 -1'>
					<Coordinate point='0.122396 0.345635 0.000008 0.131402 0.342313 0.000008 0.065701 0.171156 0.000000 0.061198 0.172818 0.000000'/>
				</IndexedFaceSet>
			</Shape>
			<Shape DEF='_IDX_1160'>
				<Appearance USE='Material_9_IDX_9'/>
				<IndexedFaceSet coordIndex='0 1 2 3 -1'>
					<Coordinate point='0.183594 0.518452 0.000489 0.197103 0.513469 0.000439 0.131402 0.342313 0.000008 0.122396 0.345635 0.000008'/>
				</IndexedFaceSet>
			</Shape>
			<Shape DEF='_IDX_1161'>
				<Appearance USE='Material_10_IDX_10'/>
				<IndexedFaceSet coordIndex='0 1 2 3 -1'>
					<Coordinate point='0.244818 0.691128 0.008689 0.262895 0.684513 0.007791 0.197103 0.513469 0.000439 0.183594 0.518452 0.000489'/>
				</IndexedFaceSet>
			</Shape>
			<Shape DEF='_IDX_1162'>
				<Appearance USE='Material_11_IDX_11'/>
				<IndexedFaceSet coordIndex='0 1 2 3 -1'>
					<Coordinate point='0.307826 0.854181 0.080926 0.334845 0.847952 0.072556 0.262895 0.684513 0.007791 0.244818 0.691128 0.008689'/>
				</IndexedFaceSet>
			</Shape>
			<Shape DEF='_IDX_1163'>
				<Appearance USE='Material_12_IDX_12'/>
				<IndexedFaceSet coordIndex='0 1 2 3 -1'>
					<Coordinate point='0.425847 0.720406 0.501073 0.596777 0.776783 0.449249 0.334845 0.847952 0.072556 0.307826 0.854181 0.080926'/>
				</IndexedFaceSet>
			</Shape>
			<Shape DEF='_IDX_1164'>
				<Appearance USE='Material_13_IDX_13'/>
				<IndexedFaceSet coordIndex='0 1 2 3 -1'>
					<Coordinate point='0.065701 0.171156 0.000000 0.070159 0.169378 0.000000 0.000000 0.000000 0.000000 0.000000 0.000000 0.000000'/>
				</IndexedFaceSet>
			</Shape>
			<Shape DEF='_IDX_1165'>
				<Appearance USE='Material_14_IDX_14'/>
				<IndexedFaceSet coordIndex='0 1 2 3 -1'>
					<Coordinate point='0.131402 0.342313 0.000008 0.140317 0.338756 0.000006 0.070159 0.169378 0.000000 0.065701 0.171156 0.000000'/>
				</IndexedFaceSet>
			</Shape>
			<Shape DEF='_IDX_1166'>
				<Appearance USE='Material_15_IDX_15'/>
				<IndexedFaceSet coordIndex='0 1 2 3 -1'>
					<Coordinate point='0.197103 0.513469 0.000439 0.210476 0.508134 0.000358 0.140317 0.338756 0.000006 0.131402 0.342313 0.000008'/>
				</IndexedFaceSet>
			</Shape>
			<Shape DEF='_IDX_1167'>
				<Appearance USE='Material_16_IDX_16'/>
				<IndexedFaceSet coordIndex='0 1 2 3 -1'>
					<Coordinate point='0.262895 0.684513 0.007791 0.280769 0.677456 0.006361 0.210476 0.508134 0.000358 0.197103 0.513469 0.000439'/>
				</IndexedFaceSet>
			</Shape>
			<Shape DEF='_IDX_1168'>
				<Appearance USE='Material_17_IDX_17'/>
				<IndexedFaceSet coordIndex='0 1 2 3 -1'>
					<Coordinate point='0.334845 0.847952 0.072556 0.360102 0.843034 0.059242 0.280769 0.677456 0.006361 0.262895 0.684513 0.007791'/>
				</IndexedFaceSet>
			</Shape>
			<Shape DEF='_IDX_1169'>
				<Appearance USE='Material_18_IDX_18'/>
				<IndexedFaceSet coordIndex='0 1 2 3 -1'>
					<Coordinate point='0.596777 0.776783 0.449249 0.718339 0.893086 0.366811 0.360102 0.843034 0.059242 0.334845 0.847952 0.072556'/>
				</IndexedFaceSet>
			</Shape>
			<Shape DEF='_IDX_1170'>
				<Appearance USE='Material_19_IDX_19'/>
				<IndexedFaceSet coordIndex='0 1 2 3 -1'>
					<Coordinate point='0.070159 0.169378 0.000000 0.074568 0.167483 0.000000 0.000000 0.000000 0.000000 0.000000 0.000000 0.000000'/>
				</IndexedFaceSet>
			</Shape>
			<Shape DEF='_IDX_1171'>
				<Appearance USE='Material_20_IDX_20'/>
				<IndexedFaceSet coordIndex='0 1 2 3 -1'>
					<Coordinate point='0.140317 0.338756 0.000006 0.149137 0.334967 0.000004 0.074568 0.167483 0.000000 0.070159 0.169378 0.000000'/>
				</IndexedFaceSet>
			</Shape>
			<Shape DEF='_IDX_1172'>
				<Appearance USE='Material_21_IDX_21'/>
				<IndexedFaceSet coordIndex='0 1 2 3 -1'>
					<Coordinate point='0.210476 0.508134 0.000358 0.223706 0.502450 0.000253 0.149137 0.334967 0.000004 0.140317 0.338756 0.000006'/>
				</IndexedFaceSet>
			</Shape>
			<Shape DEF='_IDX_1173'>
				<Appearance USE='Material_22_IDX_22'/>
				<IndexedFaceSet coordIndex='0 1 2 3 -1'>
					<Coordinate point='0.280769 0.677456 0.006361 0.298418 0.669949 0.004498 0.223706 0.502450 0.000253 0.210476 0.508134 0.000358'/>
				</IndexedFaceSet>
			</Shape>
			<Shape DEF='_IDX_1174'>
				<Appearance USE='Material_23_IDX_23'/>
				<IndexedFaceSet coordIndex='0 1 2 3 -1'>
					<Coordinate point='0.360102 0.843034 0.059242 0.382862 0.838470 0.041890 0.298418 0.669949 0.004498 0.280769 0.677456 0.006361'/>
				</IndexedFaceSet>
			</Shape>
			<Shape DEF='_IDX_1175'>
				<Appearance USE='Material_24_IDX_24'/>
				<IndexedFaceSet coordIndex='0 1 2 3 -1'>
					<Coordinate point='0.718339 0.893086 0.366811 0.767537 1.038547 0.259374 0.382862 0.838470 0.041890 0.360102 0.843034 0.059242'/>
				</IndexedFaceSet>
			</Shape>
			<Shape DEF='_IDX_1176'>
				<Appearance USE='Material_25_IDX_25'/>
				<IndexedFaceSet coordIndex='0 1 2 3 -1'>
					<Coordinate point='0.074568 0.167483 0.000000 0.078927 0.165474 0.000000 0.000000 0.000000 0.000000 0.000000 0.000000 0.000000'/>
				</IndexedFaceSet>
			</Shape>
			<Shape DEF='_IDX_1177'>
				<Appearance USE='Material_26_IDX_26'/>
				<IndexedFaceSet coordIndex='0 1 2 3 -1'>
					<Coordinate point='0.149137 0.334967 0.000004 0.157854 0.330948 0.000002 0.078927 0.165474 0.000000 0.074568 0.167483 0.000000'/>
				</IndexedFaceSet>
			</Shape>
			<Shape DEF='_IDX_1178'>
				<Appearance USE='Material_27_IDX_27'/>
				<IndexedFaceSet coordIndex='0 1 2 3 -1'>
					<Coordinate point='0.223706 0.502450 0.000253 0.236782 0.496422 0.000131 0.157854 0.330948 0.000002 0.149137 0.334967 0.000004'/>
				</IndexedFaceSet>
			</Shape>
			<Shape DEF='_IDX_1179'>
				<Appearance USE='Material_28_IDX_28'/>
				<IndexedFaceSet coordIndex='0 1 2 3 -1'>
					<Coordinate point='0.298418 0.669949 0.004498 0.315828 0.661978 0.002328 0.236782 0.496422 0.000131 0.223706 0.502450 0.000253'/>
				</IndexedFaceSet>
			</Shape>
			<Shape DEF='_IDX_1180'>
				<Appearance USE='Material_29_IDX_29'/>
				<IndexedFaceSet coordIndex='0 1 2 3 -1'>
					<Coordinate point='0.382862 0.838470 0.041890 0.402939 0.833077 0.021684 0.315828 0.661978 0.002328 0.298418 0.669949 0.004498'/>
				</IndexedFaceSet>
			</Shape>
			<Shape DEF='_IDX_1181'>
				<Appearance USE='Material_30_IDX_30'/>
				<IndexedFaceSet coordIndex='0 1 2 3 -1'>
					<Coordinate point='0.767537 1.038547 0.259374 0.738840 1.175164 0.134262 0.402939 0.833077 0.021684 0.382862 0.838470 0.041890'/>
				</IndexedFaceSet>
			</Shape>
			<Shape DEF='_IDX_1182'>
				<Appearance USE='Material_31_IDX_31'/>
				<IndexedFaceSet coordIndex='0 1 2 3 -1'>
					<Coordinate point='0.078927 0.165474 0.000000 0.083232 0.163351 0.000000 0.000000 0.000000 0.000000 0.000000 0.000000 0.000000'/>
				</IndexedFaceSet>
			</Shape>
			<Shape DEF='_IDX_1183'>
				<Appearance USE='Material_32_IDX_32'/>
				<IndexedFaceSet coordIndex='0 1 2 3 -1'>
					<Coordinate point='0.157854 0.330948 0.000002 0.166463 0.326702 0.000000 0.083232 0.163351 0.000000 0.078927 0.165474 0.000000'/>
				</IndexedFaceSet>
			</Shape>
			<Shape DEF='_IDX_1184'>
				<Appearance USE='Material_33_IDX_33'/>
				<IndexedFaceSet coordIndex='0 1 2 3 -1'>
					<Coordinate point='0.236782 0.496422 0.000131 0.249695 0.490054 -0.000000 0.166463 0.326702 0.000000 0.157854 0.330948 0.000002'/>
				</IndexedFaceSet>
			</Shape>
			<Shape DEF='_IDX_1185'>
				<Appearance USE='Material_34_IDX_34'/>
				<IndexedFaceSet coordIndex='0 1 2 3 -1'>
					<Coordinate point='0.315828 0.661978 0.002328 0.332992 0.653534 0.000000 0.249695 0.490054 -0.000000 0.236782 0.496422 0.000131'/>
				</IndexedFaceSet>
			</Shape>
			<Shape DEF='_IDX_1186'>
				<Appearance USE='Material_35_IDX_35'/>
				<IndexedFaceSet coordIndex='0 1 2 3 -1'>
					<Coordinate point='0.402939 0.833077 0.021684 0.420732 0.825733 0.000000 0.332992 0.653534 0.000000 0.315828 0.661978 0.002328'/>
				</IndexedFaceSet>
			</Shape>
			<Shape DEF='_IDX_1187'>
				<Appearance USE='Material_36_IDX_36'/>
				<IndexedFaceSet coordIndex='0 1 2 3 -1'>
					<Coordinate point='0.738840 1.175164 0.134262 0.645525 1.266913 -0.000000 0.420732 0.825733 0.000000 0.402939 0.833077 0.021684'/>
				</IndexedFaceSet>
			</Shape>
			<Shape DEF='_IDX_1188'>
				<Appearance USE='Material_37_IDX_37'/>
				<IndexedFaceSet coordIndex='0 1 2 3 -1'>
					<Coordinate point='0.532881 0.733448 -0.083781 0.510112 0.751111 -0.080926 0.332514 0.767962 -0.501073 0.457362 0.629504 -0.518749'/>
				</IndexedFaceSet>
			</Shape>
			<Shape DEF='_IDX_1189'>
				<Appearance USE='Material_38_IDX_38'/>
				<IndexedFaceSet coordIndex='0 1 2 3 -1'>
					<Coordinate point='0.430957 0.593162 -0.008996 0.415234 0.604297 -0.008689 0.510112 0.751111 -0.080926 0.532881 0.733448 -0.083781'/>
				</IndexedFaceSet>
			</Shape>
			<Shape DEF='_IDX_1190'>
				<Appearance USE='Material_39_IDX_39'/>
				<IndexedFaceSet coordIndex='0 1 2 3 -1'>
					<Coordinate point='0.323282 0.444959 -0.000507 0.311523 0.453269 -0.000489 0.415234 0.604297 -0.008689 0.430957 0.593162 -0.008996'/>
				</IndexedFaceSet>
			</Shape>
			<Shape DEF='_IDX_1191'>
				<Appearance USE='Material_40_IDX_40'/>
				<IndexedFaceSet coordIndex='0 1 2 3 -1'>
					<Coordinate point='0.215521 0.296640 -0.000009 0.207682 0.302180 -0.000008 0.311523 0.453269 -0.000489 0.323282 0.444959 -0.000507'/>
				</IndexedFaceSet>
			</Shape>
			<Shape DEF='_IDX_1192'>
				<Appearance USE='Material_41_IDX_41'/>
				<IndexedFaceSet coordIndex='0 1 2 3 -1'>
					<Coordinate point='0.107761 0.148320 -0.000000 0.103841 0.151090 -0.000000 0.207682 0.302180 -0.000008 0.215521 0.296640 -0.000009'/>
				</IndexedFaceSet>
			</Shape>
			<Shape DEF='_IDX_1193'>
				<Appearance USE='Material_42_IDX_42'/>
				<IndexedFaceSet coordIndex='0 1 2 3 -1'>
					<Coordinate point='0.000000 0.000000 0.000000 0.000000 0.000000 0.000000 0.103841 0.151090 -0.000000 0.107761 0.148320 -0.000000'/>
				</IndexedFaceSet>
			</Shape>
			<Shape DEF='_IDX_1194'>
				<Appearance USE='Material_43_IDX_43'/>
				<IndexedFaceSet coordIndex='0 1 2 3 -1'>
					<Coordinate point='0.510112 0.751111 -0.080926 0.489191 0.769309 -0.072556 0.277654 0.939384 -0.449249 0.332514 0.767962 -0.501073'/>
				</IndexedFaceSet>
			</Shape>
			<Shape DEF='_IDX_1195'>
				<Appearance USE='Material_44_IDX_44'/>
				<IndexedFaceSet coordIndex='0 1 2 3 -1'>
					<Coordinate point='0.415234 0.604297 -0.008689 0.399257 0.615033 -0.007791 0.489191 0.769309 -0.072556 0.510112 0.751111 -0.080926'/>
				</IndexedFaceSet>
			</Shape>
			<Shape DEF='_IDX_1196'>
				<Appearance USE='Material_45_IDX_45'/>
				<IndexedFaceSet coordIndex='0 1 2 3 -1'>
					<Coordinate point='0.311523 0.453269 -0.000489 0.299551 0.461269 -0.000439 0.399257 0.615033 -0.007791 0.415234 0.604297 -0.008689'/>
				</IndexedFaceSet>
			</Shape>
			<Shape DEF='_IDX_1197'>
				<Appearance USE='Material_46_IDX_46'/>
				<IndexedFaceSet coordIndex='0 1 2 3 -1'>
					<Coordinate point='0.207682 0.302180 -0.000008 0.199701 0.307513 -0.000008 0.299551 0.461269 -0.000439 0.311523 0.453269 -0.000489'/>
				</IndexedFaceSet>
			</Shape>
			<Shape DEF='_IDX_1198'>
				<Appearance USE='Material_47_IDX_47'/>
				<IndexedFaceSet coordIndex='0 1 2 3 -1'>
					<Coordinate point='0.103841 0.151090 -0.000000 0.099850 0.153756 -0.000000 0.199701 0.307513 -0.000008 0.207682 0.302180 -0.000008'/>
				</IndexedFaceSet>
			</Shape>
			<Shape DEF='_IDX_1199'>
				<Appearance USE='Material_48_IDX_48'/>
				<IndexedFaceSet coordIndex='0 1 2 3 -1'>
					<Coordinate point='0.000000 0.000000 0.000000 0.000000 0.000000 0.000000 0.099850 0.153756 -0.000000 0.103841 0.151090 -0.000000'/>
				</IndexedFaceSet>
			</Shape>
			<Shape DEF='_IDX_1200'>
				<Appearance USE='Material_49_IDX_49'/>
				<IndexedFaceSet coordIndex='0 1 2 3 -1'>
					<Coordinate point='0.489191 0.769309 -0.072556 0.470366 0.786851 -0.059242 0.300292 1.106091 -0.366811 0.277654 0.939384 -0.449249'/>
				</IndexedFaceSet>
			</Shape>
			<Shape DEF='_IDX_1201'>
				<Appearance USE='Material_50_IDX_50'/>
				<IndexedFaceSet coordIndex='0 1 2 3 -1'>
					<Coordinate point='0.399257 0.615033 -0.007791 0.383042 0.625345 -0.006361 0.470366 0.786851 -0.059242 0.489191 0.769309 -0.072556'/>
				</IndexedFaceSet>
			</Shape>
			<Shape DEF='_IDX_1202'>
				<Appearance USE='Material_51_IDX_51'/>
				<IndexedFaceSet coordIndex='0 1 2 3 -1'>
					<Coordinate point='0.299551 0.461269 -0.000439 0.287374 0.468952 -0.000358 0.383042 0.625345 -0.006361 0.399257 0.615033 -0.007791'/>
				</IndexedFaceSet>
			</Shape>
			<Shape DEF='_IDX_1203'>
				<Appearance USE='Material_52_IDX_52'/>
				<IndexedFaceSet coordIndex='0 1 2 3 -1'>
					<Coordinate point='0.199701 0.307513 -0.000008 0.191583 0.312635 -0.000006 0.287374 0.468952 -0.000358 0.299551 0.461269 -0.000439'/>
				</IndexedFaceSet>
			</Shape>
			<Shape DEF='_IDX_1204'>
				<Appearance USE='Material_53_IDX_53'/>
				<IndexedFaceSet coordIndex='0 1 2 3 -1'>
					<Coordinate point='0.099850 0.153756 -0.000000 0.095791 0.156317 -0.000000 0.191583 0.312635 -0.000006 0.199701 0.307513 -0.000008'/>
				</IndexedFaceSet>
			</Shape>
			<Shape DEF='_IDX_1205'>
				<Appearance USE='Material_54_IDX_54'/>
				<IndexedFaceSet coordIndex='0 1 2 3 -1'>
					<Coordinate point='0.000000 0.000000 0.000000 0.000000 0.000000 0.000000 0.095791 0.156317 -0.000000 0.099850 0.153756 -0.000000'/>
				</IndexedFaceSet>
			</Shape>
			<Shape DEF='_IDX_1206'>
				<Appearance USE='Material_55_IDX_55'/>
				<IndexedFaceSet coordIndex='0 1 2 3 -1'>
					<Coordinate point='0.470366 0.786851 -0.059242 0.453296 0.802582 -0.041890 0.389055 1.231393 -0.259374 0.300292 1.106091 -0.366811'/>
				</IndexedFaceSet>
			</Shape>
			<Shape DEF='_IDX_1207'>
				<Appearance USE='Material_56_IDX_56'/>
				<IndexedFaceSet coordIndex='0 1 2 3 -1'>
					<Coordinate point='0.383042 0.625345 -0.006361 0.366594 0.635211 -0.004498 0.453296 0.802582 -0.041890 0.470366 0.786851 -0.059242'/>
				</IndexedFaceSet>
			</Shape>
			<Shape DEF='_IDX_1208'>
				<Appearance USE='Material_57_IDX_57'/>
				<IndexedFaceSet coordIndex='0 1 2 3 -1'>
					<Coordinate point='0.287374 0.468952 -0.000358 0.275000 0.476315 -0.000253 0.366594 0.635211 -0.004498 0.383042 0.625345 -0.006361'/>
				</IndexedFaceSet>
			</Shape>
			<Shape DEF='_IDX_1209'>
				<Appearance USE='Material_58_IDX_58'/>
				<IndexedFaceSet coordIndex='0 1 2 3 -1'>
					<Coordinate point='0.191583 0.312635 -0.000006 0.183333 0.317543 -0.000004 0.275000 0.476315 -0.000253 0.287374 0.468952 -0.000358'/>
				</IndexedFaceSet>
			</Shape>
			<Shape DEF='_IDX_1210'>
				<Appearance USE='Material_59_IDX_59'/>
				<IndexedFaceSet coordIndex='0 1 2 3 -1'>
					<Coordinate point='0.095791 0.156317 -0.000000 0.091667 0.158771 -0.000000 0.183333 0.317543 -0.000004 0.191583 0.312635 -0.000006'/>
				</IndexedFaceSet>
			</Shape>
			<Shape DEF='_IDX_1211'>
				<Appearance USE='Material_60_IDX_60'/>
				<IndexedFaceSet coordIndex='0 1 2 3 -1'>
					<Coordinate point='0.000000 0.000000 0.000000 0.000000 0.000000 0.000000 0.091667 0.158771 -0.000000 0.095791 0.156317 -0.000000'/>
				</IndexedFaceSet>
			</Shape>
			<Shape DEF='_IDX_1212'>
				<Appearance USE='Material_61_IDX_61'/>
				<IndexedFaceSet coordIndex='0 1 2 3 -1'>
					<Coordinate point='0.453296 0.802582 -0.041890 0.437132 0.815654 -0.021684 0.516449 1.288478 -0.134262 0.389055 1.231393 -0.259374'/>
				</IndexedFaceSet>
			</Shape>
			<Shape DEF='_IDX_1213'>
				<Appearance USE='Material_62_IDX_62'/>
				<IndexedFaceSet coordIndex='0 1 2 3 -1'>
					<Coordinate point='0.366594 0.635211 -0.004498 0.349913 0.644611 -0.002328 0.437132 0.815654 -0.021684 0.453296 0.802582 -0.041890'/>
				</IndexedFaceSet>
			</Shape>
			<Shape DEF='_IDX_1214'>
				<Appearance USE='Material_63_IDX_63'/>
				<IndexedFaceSet coordIndex='0 1 2 3 -1'>
					<Coordinate point='0.275000 0.476315 -0.000253 0.262437 0.483350 -0.000131 0.349913 0.644611 -0.002328 0.366594 0.635211 -0.004498'/>
				</IndexedFaceSet>
			</Shape>
			<Shape DEF='_IDX_1215'>
				<Appearance USE='Material_64_IDX_64'/>
				<IndexedFaceSet coordIndex='0 1 2 3 -1'>
					<Coordinate point='0.183333 0.317543 -0.000004 0.174958 0.322233 -0.000002 0.262437 0.483350 -0.000131 0.275000 0.476315 -0.000253'/>
				</IndexedFaceSet>
			</Shape>
			<Shape DEF='_IDX_1216'>
				<Appearance USE='Material_65_IDX_65'/>
				<IndexedFaceSet coordIndex='0 1 2 3 -1'>
					<Coordinate point='0.091667 0.158771 -0.000000 0.087479 0.161116 -0.000000 0.174958 0.322233 -0.000002 0.183333 0.317543 -0.000004'/>
				</IndexedFaceSet>
			</Shape>
			<Shape DEF='_IDX_1217'>
				<Appearance USE='Material_66_IDX_66'/>
				<IndexedFaceSet coordIndex='0 1 2 3 -1'>
					<Coordinate point='0.000000 0.000000 0.000000 0.000000 0.000000 0.000000 0.087479 0.161116 -0.000000 0.091667 0.158771 -0.000000'/>
				</IndexedFaceSet>
			</Shape>
			<Shape DEF='_IDX_1218'>
				<Appearance USE='Material_67_IDX_67'/>
				<IndexedFaceSet coordIndex='0 1 2 3 -1'>
					<Coordinate point='0.437132 0.815654 -0.021684 0.420732 0.825733 -0.000000 0.645525 1.266913 -0.000000 0.516449 1.288478 -0.134262'/>
				</IndexedFaceSet>
			</Shape>
			<Shape DEF='_IDX_1219'>
				<Appearance USE='Material_68_IDX_68'/>
				<IndexedFaceSet coordIndex='0 1 2 3 -1'>
					<Coordinate point='0.349913 0.644611 -0.002328 0.332992 0.653534 -0.000000 0.420732 0.825733 -0.000000 0.437132 0.815654 -0.021684'/>
				</IndexedFaceSet>
			</Shape>
			<Shape DEF='_IDX_1220'>
				<Appearance USE='Material_69_IDX_69'/>
				<IndexedFaceSet coordIndex='0 1 2 3 -1'>
					<Coordinate point='0.262437 0.483350 -0.000131 0.249695 0.490054 -0.000000 0.332992 0.653534 -0.000000 0.349913 0.644611 -0.002328'/>
				</IndexedFaceSet>
			</Shape>
			<Shape DEF='_IDX_1221'>
				<Appearance USE='Material_70_IDX_70'/>
				<IndexedFaceSet coordIndex='0 1 2 3 -1'>
					<Coordinate point='0.174958 0.322233 -0.000002 0.166463 0.326702 -0.000000 0.249695 0.490054 -0.000000 0.262437 0.483350 -0.000131'/>
				</IndexedFaceSet>
			</Shape>
			<Shape DEF='_IDX_1222'>
				<Appearance USE='Material_71_IDX_71'/>
				<IndexedFaceSet coordIndex='0 1 2 3 -1'>
					<Coordinate point='0.087479 0.161116 -0.000000 0.083232 0.163351 -0.000000 0.166463 0.326702 -0.000000 0.174958 0.322233 -0.000002'/>
				</IndexedFaceSet>
			</Shape>
			<Shape DEF='_IDX_1223'>
				<Appearance USE='Material_72_IDX_72'/>
				<IndexedFaceSet coordIndex='0 1 2 3 -1'>
					<Coordinate point='0.000000 0.000000 0.000000 0.000000 0.000000 0.000000 0.083232 0.163351 -0.000000 0.087479 0.161116 -0.000000'/>
				</IndexedFaceSet>
			</Shape>
			<Shape DEF='_IDX_1224'>
				<Appearance USE='Material_73_IDX_73'/>
				<IndexedFaceSet coordIndex='0 1 2 3 -1'>
					<Coordinate point='0.280152 0.862220 0.083781 0.253039 0.871983 0.080926 0.078926 0.833127 0.501073 0.240449 0.740027 0.518749'/>
				</IndexedFaceSet>
			</Shape>
			<Shape DEF='_IDX_1225'>
				<Appearance USE='Material_5_IDX_5'/>
				<IndexedFaceSet coordIndex='0 1 2 3 -1'>
					<Coordinate point='0.226568 0.697303 0.008996 0.208173 0.703035 0.008689 0.253039 0.871983 0.080926 0.280152 0.862220 0.083781'/>
				</IndexedFaceSet>
			</Shape>
			<Shape DEF='_IDX_1226'>
				<Appearance USE='Material_4_IDX_4'/>
				<IndexedFaceSet coordIndex='0 1 2 3 -1'>
					<Coordinate point='0.169959 0.523081 0.000507 0.156208 0.527350 0.000489 0.208173 0.703035 0.008689 0.226568 0.697303 0.008996'/>
				</IndexedFaceSet>
			</Shape>
			<Shape DEF='_IDX_1227'>
				<Appearance USE='Material_3_IDX_3'/>
				<IndexedFaceSet coordIndex='0 1 2 3 -1'>
					<Coordinate point='0.113306 0.348721 0.000009 0.104139 0.351567 0.000008 0.156208 0.527350 0.000489 0.169959 0.523081 0.000507'/>
				</IndexedFaceSet>
			</Shape>
			<Shape DEF='_IDX_1228'>
				<Appearance USE='Material_2_IDX_2'/>
				<IndexedFaceSet coordIndex='0 1 2 3 -1'>
					<Coordinate point='0.056653 0.174360 0.000000 0.052069 0.175784 0.000000 0.104139 0.351567 0.000008 0.113306 0.348721 0.000009'/>
				</IndexedFaceSet>
			</Shape>
			<Shape DEF='_IDX_1229'>
				<Appearance USE='Material_1_IDX_1'/>
				<IndexedFaceSet coordIndex='0 1 2 3 -1'>
					<Coordinate point='0.000000 0.000000 0.000000 0.000000 0.000000 0.000000 0.052069 0.175784 0.000000 0.056653 0.174360 0.000000'/>
				</IndexedFaceSet>
			</Shape>
			<Shape DEF='_IDX_1230'>
				<Appearance USE='Material_74_IDX_74'/>
				<IndexedFaceSet coordIndex='0 1 2 3 -1'>
					<Coordinate point='0.253039 0.871983 0.080926 0.227519 0.882824 0.072556 -0.026221 0.979207 0.449249 0.078926 0.833127 0.501073'/>
				</IndexedFaceSet>
			</Shape>
			<Shape DEF='_IDX_1231'>
				<Appearance USE='Material_11_IDX_11'/>
				<IndexedFaceSet coordIndex='0 1 2 3 -1'>
					<Coordinate point='0.208173 0.703035 0.008689 0.189660 0.708308 0.007791 0.227519 0.882824 0.072556 0.253039 0.871983 0.080926'/>
				</IndexedFaceSet>
			</Shape>
			<Shape DEF='_IDX_1232'>
				<Appearance USE='Material_10_IDX_10'/>
				<IndexedFaceSet coordIndex='0 1 2 3 -1'>
					<Coordinate point='0.156208 0.527350 0.000489 0.142350 0.531259 0.000439 0.189660 0.708308 0.007791 0.208173 0.703035 0.008689'/>
				</IndexedFaceSet>
			</Shape>
			<Shape DEF='_IDX_1233'>
				<Appearance USE='Material_9_IDX_9'/>
				<IndexedFaceSet coordIndex='0 1 2 3 -1'>
					<Coordinate point='0.104139 0.351567 0.000008 0.094900 0.354173 0.000008 0.142350 0.531259 0.000439 0.156208 0.527350 0.000489'/>
				</IndexedFaceSet>
			</Shape>
			<Shape DEF='_IDX_1234'>
				<Appearance USE='Material_8_IDX_8'/>
				<IndexedFaceSet coordIndex='0 1 2 3 -1'>
					<Coordinate point='0.052069 0.175784 0.000000 0.047450 0.177086 0.000000 0.094900 0.354173 0.000008 0.104139 0.351567 0.000008'/>
				</IndexedFaceSet>
			</Shape>
			<Shape DEF='_IDX_1235'>
				<Appearance USE='Material_7_IDX_7'/>
				<IndexedFaceSet coordIndex='0 1 2 3 -1'>
					<Coordinate point='0.000000 0.000000 0.000000 0.000000 0.000000 0.000000 0.047450 0.177086 0.000000 0.052069 0.175784 0.000000'/>
				</IndexedFaceSet>
			</Shape>
			<Shape DEF='_IDX_1236'>
				<Appearance USE='Material_18_IDX_18'/>
				<IndexedFaceSet coordIndex='0 1 2 3 -1'>
					<Coordinate point='0.227519 0.882824 0.072556 0.204195 0.893691 0.059242 -0.056206 1.144751 0.366811 -0.026221 0.979207 0.449249'/>
				</IndexedFaceSet>
			</Shape>
			<Shape DEF='_IDX_1237'>
				<Appearance USE='Material_17_IDX_17'/>
				<IndexedFaceSet coordIndex='0 1 2 3 -1'>
					<Coordinate point='0.189660 0.708308 0.007791 0.171052 0.713105 0.006361 0.204195 0.893691 0.059242 0.227519 0.882824 0.072556'/>
				</IndexedFaceSet>
			</Shape>
			<Shape DEF='_IDX_1238'>
				<Appearance USE='Material_16_IDX_16'/>
				<IndexedFaceSet coordIndex='0 1 2 3 -1'>
					<Coordinate point='0.142350 0.531259 0.000439 0.128394 0.534804 0.000358 0.171052 0.713105 0.006361 0.189660 0.708308 0.007791'/>
				</IndexedFaceSet>
			</Shape>
			<Shape DEF='_IDX_1239'>
				<Appearance USE='Material_15_IDX_15'/>
				<IndexedFaceSet coordIndex='0 1 2 3 -1'>
					<Coordinate point='0.094900 0.354173 0.000008 0.085597 0.356536 0.000006 0.128394 0.534804 0.000358 0.142350 0.531259 0.000439'/>
				</IndexedFaceSet>
			</Shape>
			<Shape DEF='_IDX_1240'>
				<Appearance USE='Material_14_IDX_14'/>
				<IndexedFaceSet coordIndex='0 1 2 3 -1'>
					<Coordinate point='0.047450 0.177086 0.000000 0.042798 0.178268 0.000000 0.085597 0.356536 0.000006 0.094900 0.354173 0.000008'/>
				</IndexedFaceSet>
			</Shape>
			<Shape DEF='_IDX_1241'>
				<Appearance USE='Material_13_IDX_13'/>
				<IndexedFaceSet coordIndex='0 1 2 3 -1'>
					<Coordinate point='0.000000 0.000000 0.000000 0.000000 0.000000 0.000000 0.042798 0.178268 0.000000 0.047450 0.177086 0.000000'/>
				</IndexedFaceSet>
			</Shape>
			<Shape DEF='_IDX_1242'>
				<Appearance USE='Material_24_IDX_24'/>
				<IndexedFaceSet coordIndex='0 1 2 3 -1'>
					<Coordinate point='0.204195 0.893691 0.059242 0.183098 0.903377 0.041890 -0.010508 1.291349 0.259374 -0.056206 1.144751 0.366811'/>
				</IndexedFaceSet>
			</Shape>
			<Shape DEF='_IDX_1243'>
				<Appearance USE='Material_23_IDX_23'/>
				<IndexedFaceSet coordIndex='0 1 2 3 -1'>
					<Coordinate point='0.171052 0.713105 0.006361 0.152361 0.717405 0.004498 0.183098 0.903377 0.041890 0.204195 0.893691 0.059242'/>
				</IndexedFaceSet>
			</Shape>
			<Shape DEF='_IDX_1244'>
				<Appearance USE='Material_22_IDX_22'/>
				<IndexedFaceSet coordIndex='0 1 2 3 -1'>
					<Coordinate point='0.128394 0.534804 0.000358 0.114351 0.537982 0.000253 0.152361 0.717405 0.004498 0.171052 0.713105 0.006361'/>
				</IndexedFaceSet>
			</Shape>
			<Shape DEF='_IDX_1245'>
				<Appearance USE='Material_21_IDX_21'/>
				<IndexedFaceSet coordIndex='0 1 2 3 -1'>
					<Coordinate point='0.085597 0.356536 0.000006 0.076234 0.358654 0.000004 0.114351 0.537982 0.000253 0.128394 0.534804 0.000358'/>
				</IndexedFaceSet>
			</Shape>
			<Shape DEF='_IDX_1246'>
				<Appearance USE='Material_20_IDX_20'/>
				<IndexedFaceSet coordIndex='0 1 2 3 -1'>
					<Coordinate point='0.042798 0.178268 0.000000 0.038117 0.179327 0.000000 0.076234 0.358654 0.000004 0.085597 0.356536 0.000006'/>
				</IndexedFaceSet>
			</Shape>
			<Shape DEF='_IDX_1247'>
				<Appearance USE='Material_19_IDX_19'/>
				<IndexedFaceSet coordIndex='0 1 2 3 -1'>
					<Coordinate point='0.000000 0.000000 0.000000 0.000000 0.000000 0.000000 0.038117 0.179327 0.000000 0.042798 0.178268 0.000000'/>
				</IndexedFaceSet>
			</Shape>
			<Shape DEF='_IDX_1248'>
				<Appearance USE='Material_30_IDX_30'/>
				<IndexedFaceSet coordIndex='0 1 2 3 -1'>
					<Coordinate point='0.183098 0.903377 0.041890 0.163686 0.910815 0.021684 0.093010 1.385007 0.134262 -0.010508 1.291349 0.259374'/>
				</IndexedFaceSet>
			</Shape>
			<Shape DEF='_IDX_1249'>
				<Appearance USE='Material_29_IDX_29'/>
				<IndexedFaceSet coordIndex='0 1 2 3 -1'>
					<Coordinate point='0.152361 0.717405 0.004498 0.133591 0.721190 0.002328 0.163686 0.910815 0.021684 0.183098 0.903377 0.041890'/>
				</IndexedFaceSet>
			</Shape>
			<Shape DEF='_IDX_1250'>
				<Appearance USE='Material_28_IDX_28'/>
				<IndexedFaceSet coordIndex='0 1 2 3 -1'>
					<Coordinate point='0.114351 0.537982 0.000253 0.100229 0.540791 0.000131 0.133591 0.721190 0.002328 0.152361 0.717405 0.004498'/>
				</IndexedFaceSet>
			</Shape>
			<Shape DEF='_IDX_1251'>
				<Appearance USE='Material_27_IDX_27'/>
				<IndexedFaceSet coordIndex='0 1 2 3 -1'>
					<Coordinate point='0.076234 0.358654 0.000004 0.066820 0.360527 0.000002 0.100229 0.540791 0.000131 0.114351 0.537982 0.000253'/>
				</IndexedFaceSet>
			</Shape>
			<Shape DEF='_IDX_1252'>
				<Appearance USE='Material_26_IDX_26'/>
				<IndexedFaceSet coordIndex='0 1 2 3 -1'>
					<Coordinate point='0.038117 0.179327 0.000000 0.033410 0.180263 0.000000 0.066820 0.360527 0.000002 0.076234 0.358654 0.000004'/>
				</IndexedFaceSet>
			</Shape>
			<Shape DEF='_IDX_1253'>
				<Appearance USE='Material_25_IDX_25'/>
				<IndexedFaceSet coordIndex='0 1 2 3 -1'>
					<Coordinate point='0.000000 0.000000 0.000000 0.000000 0.000000 0.000000 0.033410 0.180263 0.000000 0.038117 0.179327 0.000000'/>
				</IndexedFaceSet>
			</Shape>
			<Shape DEF='_IDX_1254'>
				<Appearance USE='Material_36_IDX_36'/>
				<IndexedFaceSet coordIndex='0 1 2 3 -1'>
					<Coordinate point='0.163686 0.910815 0.021684 0.144974 0.915332 0.000000 0.222433 1.404384 -0.000000 0.093010 1.385007 0.134262'/>
				</IndexedFaceSet>
			</Shape>
			<Shape DEF='_IDX_1255'>
				<Appearance USE='Material_35_IDX_35'/>
				<IndexedFaceSet coordIndex='0 1 2 3 -1'>
					<Coordinate point='0.133591 0.721190 0.002328 0.114741 0.724448 0.000000 0.144974 0.915332 0.000000 0.163686 0.910815 0.021684'/>
				</IndexedFaceSet>
			</Shape>
			<Shape DEF='_IDX_1256'>
				<Appearance USE='Material_34_IDX_34'/>
				<IndexedFaceSet coordIndex='0 1 2 3 -1'>
					<Coordinate point='0.100229 0.540791 0.000131 0.086039 0.543229 -0.000000 0.114741 0.724448 0.000000 0.133591 0.721190 0.002328'/>
				</IndexedFaceSet>
			</Shape>
			<Shape DEF='_IDX_1257'>
				<Appearance USE='Material_33_IDX_33'/>
				<IndexedFaceSet coordIndex='0 1 2 3 -1'>
					<Coordinate point='0.066820 0.360527 0.000002 0.057359 0.362152 0.000000 0.086039 0.543229 -0.000000 0.100229 0.540791 0.000131'/>
				</IndexedFaceSet>
			</Shape>
			<Shape DEF='_IDX_1258'>
				<Appearance USE='Material_32_IDX_32'/>
				<IndexedFaceSet coordIndex='0 1 2 3 -1'>
					<Coordinate point='0.033410 0.180263 0.000000 0.028680 0.181076 0.000000 0.057359 0.362152 0.000000 0.066820 0.360527 0.000002'/>
				</IndexedFaceSet>
			</Shape>
			<Shape DEF='_IDX_1259'>
				<Appearance USE='Material_31_IDX_31'/>
				<IndexedFaceSet coordIndex='0 1 2 3 -1'>
					<Coordinate point='0.000000 0.000000 0.000000 0.000000 0.000000 0.000000 0.028680 0.181076 0.000000 0.033410 0.180263 0.000000'/>
				</IndexedFaceSet>
			</Shape>
			<Shape DEF='_IDX_1260'>
				<Appearance USE='Material_42_IDX_42'/>
				<IndexedFaceSet coordIndex='0 1 2 3 -1'>
					<Coordinate point='0.000000 0.183333 -0.000000 0.004799 0.183271 -0.000000 0.000000 0.000000 0.000000 0.000000 0.000000 0.000000'/>
				</IndexedFaceSet>
			</Shape>
			<Shape DEF='_IDX_1261'>
				<Appearance USE='Material_41_IDX_41'/>
				<IndexedFaceSet coordIndex='0 1 2 3 -1'>
					<Coordinate point='0.000000 0.366667 -0.000009 0.009598 0.366541 -0.000008 0.004799 0.183271 -0.000000 0.000000 0.183333 -0.000000'/>
				</IndexedFaceSet>
			</Shape>
			<Shape DEF='_IDX_1262'>
				<Appearance USE='Material_40_IDX_40'/>
				<IndexedFaceSet coordIndex='0 1 2 3 -1'>
					<Coordinate point='0.000000 0.549999 -0.000507 0.014398 0.549811 -0.000489 0.009598 0.366541 -0.000008 0.000000 0.366667 -0.000009'/>
				</IndexedFaceSet>
			</Shape>
			<Shape DEF='_IDX_1263'>
				<Appearance USE='Material_39_IDX_39'/>
				<IndexedFaceSet coordIndex='0 1 2 3 -1'>
					<Coordinate point='0.000000 0.733188 -0.008996 0.019266 0.732954 -0.008689 0.014398 0.549811 -0.000489 0.000000 0.549999 -0.000507'/>
				</IndexedFaceSet>
			</Shape>
			<Shape DEF='_IDX_1264'>
				<Appearance USE='Material_38_IDX_38'/>
				<IndexedFaceSet coordIndex='0 1 2 3 -1'>
					<Coordinate point='0.000000 0.906591 -0.083781 0.028803 0.907498 -0.080926 0.019266 0.732954 -0.008689 0.000000 0.733188 -0.008996'/>
				</IndexedFaceSet>
			</Shape>
			<Shape DEF='_IDX_1265'>
				<Appearance USE='Material_75_IDX_75'/>
				<IndexedFaceSet coordIndex='0 1 2 3 -1'>
					<Coordinate point='0.000000 0.778110 -0.518749 0.182387 0.816741 -0.501073 0.028803 0.907498 -0.080926 0.000000 0.906591 -0.083781'/>
				</IndexedFaceSet>
			</Shape>
			<Shape DEF='_IDX_1266'>
				<Appearance USE='Material_48_IDX_48'/>
				<IndexedFaceSet coordIndex='0 1 2 3 -1'>
					<Coordinate point='0.004799 0.183271 -0.000000 0.009595 0.183082 -0.000000 0.000000 0.000000 0.000000 0.000000 0.000000 0.000000'/>
				</IndexedFaceSet>
			</Shape>
			<Shape DEF='_IDX_1267'>
				<Appearance USE='Material_47_IDX_47'/>
				<IndexedFaceSet coordIndex='0 1 2 3 -1'>
					<Coordinate point='0.009598 0.366541 -0.000008 0.019190 0.366164 -0.000008 0.009595 0.183082 -0.000000 0.004799 0.183271 -0.000000'/>
				</IndexedFaceSet>
			</Shape>
			<Shape DEF='_IDX_1268'>
				<Appearance USE='Material_46_IDX_46'/>
				<IndexedFaceSet coordIndex='0 1 2 3 -1'>
					<Coordinate point='0.014398 0.549811 -0.000489 0.028785 0.549246 -0.000439 0.019190 0.366164 -0.000008 0.009598 0.366541 -0.000008'/>
				</IndexedFaceSet>
			</Shape>
			<Shape DEF='_IDX_1269'>
				<Appearance USE='Material_45_IDX_45'/>
				<IndexedFaceSet coordIndex='0 1 2 3 -1'>
					<Coordinate point='0.019266 0.732954 -0.008689 0.038501 0.732249 -0.007791 0.028785 0.549246 -0.000439 0.014398 0.549811 -0.000489'/>
				</IndexedFaceSet>
			</Shape>
			<Shape DEF='_IDX_1270'>
				<Appearance USE='Material_44_IDX_44'/>
				<IndexedFaceSet coordIndex='0 1 2 3 -1'>
					<Coordinate point='0.028803 0.907498 -0.080926 0.056425 0.909923 -0.072556 0.038501 0.732249 -0.007791 0.019266 0.732954 -0.008689'/>
				</IndexedFaceSet>
			</Shape>
			<Shape DEF='_IDX_1271'>
				<Appearance USE='Material_76_IDX_76'/>
				<IndexedFaceSet coordIndex='0 1 2 3 -1'>
					<Coordinate point='0.182387 0.816741 -0.501073 0.327529 0.923179 -0.449249 0.056425 0.909923 -0.072556 0.028803 0.907498 -0.080926'/>
				</IndexedFaceSet>
			</Shape>
			<Shape DEF='_IDX_1272'>
				<Appearance USE='Material_54_IDX_54'/>
				<IndexedFaceSet coordIndex='0 1 2 3 -1'>
					<Coordinate point='0.009595 0.183082 -0.000000 0.014384 0.182768 -0.000000 0.000000 0.000000 0.000000 0.000000 0.000000 0.000000'/>
				</IndexedFaceSet>
			</Shape>
			<Shape DEF='_IDX_1273'>
				<Appearance USE='Material_53_IDX_53'/>
				<IndexedFaceSet coordIndex='0 1 2 3 -1'>
					<Coordinate point='0.019190 0.366164 -0.000008 0.028768 0.365536 -0.000006 0.014384 0.182768 -0.000000 0.009595 0.183082 -0.000000'/>
				</IndexedFaceSet>
			</Shape>
			<Shape DEF='_IDX_1274'>
				<Appearance USE='Material_52_IDX_52'/>
				<IndexedFaceSet coordIndex='0 1 2 3 -1'>
					<Coordinate point='0.028785 0.549246 -0.000439 0.043153 0.548304 -0.000358 0.028768 0.365536 -0.000006 0.019190 0.366164 -0.000008'/>
				</IndexedFaceSet>
			</Shape>
			<Shape DEF='_IDX_1275'>
				<Appearance USE='Material_51_IDX_51'/>
				<IndexedFaceSet coordIndex='0 1 2 3 -1'>
					<Coordinate point='0.038501 0.732249 -0.007791 0.057681 0.731061 -0.006361 0.043153 0.548304 -0.000358 0.028785 0.549246 -0.000439'/>
				</IndexedFaceSet>
			</Shape>
			<Shape DEF='_IDX_1276'>
				<Appearance USE='Material_50_IDX_50'/>
				<IndexedFaceSet coordIndex='0 1 2 3 -1'>
					<Coordinate point='0.056425 0.909923 -0.072556 0.081965 0.913050 -0.059242 0.057681 0.731061 -0.006361 0.038501 0.732249 -0.007791'/>
				</IndexedFaceSet>
			</Shape>
			<Shape DEF='_IDX_1277'>
				<Appearance USE='Material_49_IDX_49'/>
				<IndexedFaceSet coordIndex='0 1 2 3 -1'>
					<Coordinate point='0.327529 0.923179 -0.449249 0.407203 1.071354 -0.366811 0.081965 0.913050 -0.059242 0.056425 0.909923 -0.072556'/>
				</IndexedFaceSet>
			</Shape>
			<Shape DEF='_IDX_1278'>
				<Appearance USE='Material_60_IDX_60'/>
				<IndexedFaceSet coordIndex='0 1 2 3 -1'>
					<Coordinate point='0.014384 0.182768 -0.000000 0.019164 0.182329 -0.000000 0.000000 0.000000 0.000000 0.000000 0.000000 0.000000'/>
				</IndexedFaceSet>
			</Shape>
			<Shape DEF='_IDX_1279'>
				<Appearance USE='Material_59_IDX_59'/>
				<IndexedFaceSet coordIndex='0 1 2 3 -1'>
					<Coordinate point='0.028768 0.365536 -0.000006 0.038327 0.364658 -0.000004 0.019164 0.182329 -0.000000 0.014384 0.182768 -0.000000'/>
				</IndexedFaceSet>
			</Shape>
			<Shape DEF='_IDX_1280'>
				<Appearance USE='Material_58_IDX_58'/>
				<IndexedFaceSet coordIndex='0 1 2 3 -1'>
					<Coordinate point='0.043153 0.548304 -0.000358 0.057491 0.546987 -0.000253 0.038327 0.364658 -0.000004 0.028768 0.365536 -0.000006'/>
				</IndexedFaceSet>
			</Shape>
			<Shape DEF='_IDX_1281'>
				<Appearance USE='Material_57_IDX_57'/>
				<IndexedFaceSet coordIndex='0 1 2 3 -1'>
					<Coordinate point='0.057681 0.731061 -0.006361 0.076787 0.729375 -0.004498 0.057491 0.546987 -0.000253 0.043153 0.548304 -0.000358'/>
				</IndexedFaceSet>
			</Shape>
			<Shape DEF='_IDX_1282'>
				<Appearance USE='Material_56_IDX_56'/>
				<IndexedFaceSet coordIndex='0 1 2 3 -1'>
					<Coordinate point='0.081965 0.913050 -0.059242 0.105022 0.915743 -0.041890 0.076787 0.729375 -0.004498 0.057681 0.731061 -0.006361'/>
				</IndexedFaceSet>
			</Shape>
			<Shape DEF='_IDX_1283'>
				<Appearance USE='Material_55_IDX_55'/>
				<IndexedFaceSet coordIndex='0 1 2 3 -1'>
					<Coordinate point='0.407203 1.071354 -0.366811 0.409042 1.224899 -0.259374 0.105022 0.915743 -0.041890 0.081965 0.913050 -0.059242'/>
				</IndexedFaceSet>
			</Shape>
			<Shape DEF='_IDX_1284'>
				<Appearance USE='Material_66_IDX_66'/>
				<IndexedFaceSet coordIndex='0 1 2 3 -1'>
					<Coordinate point='0.019164 0.182329 -0.000000 0.023930 0.181765 -0.000000 0.000000 0.000000 0.000000 0.000000 0.000000 0.000000'/>
				</IndexedFaceSet>
			</Shape>
			<Shape DEF='_IDX_1285'>
				<Appearance USE='Material_65_IDX_65'/>
				<IndexedFaceSet coordIndex='0 1 2 3 -1'>
					<Coordinate point='0.038327 0.364658 -0.000004 0.047860 0.363530 -0.000002 0.023930 0.181765 -0.000000 0.019164 0.182329 -0.000000'/>
				</IndexedFaceSet>
			</Shape>
			<Shape DEF='_IDX_1286'>
				<Appearance USE='Material_64_IDX_64'/>
				<IndexedFaceSet coordIndex='0 1 2 3 -1'>
					<Coordinate point='0.057491 0.546987 -0.000253 0.071790 0.545295 -0.000131 0.047860 0.363530 -0.000002 0.038327 0.364658 -0.000004'/>
				</IndexedFaceSet>
			</Shape>
			<Shape DEF='_IDX_1287'>
				<Appearance USE='Material_63_IDX_63'/>
				<IndexedFaceSet coordIndex='0 1 2 3 -1'>
					<Coordinate point='0.076787 0.729375 -0.004498 0.095808 0.727175 -0.002328 0.071790 0.545295 -0.000131 0.057491 0.546987 -0.000253'/>
				</IndexedFaceSet>
			</Shape>
			<Shape DEF='_IDX_1288'>
				<Appearance USE='Material_62_IDX_62'/>
				<IndexedFaceSet coordIndex='0 1 2 3 -1'>
					<Coordinate point='0.105022 0.915743 -0.041890 0.125783 0.916818 -0.021684 0.095808 0.727175 -0.002328 0.076787 0.729375 -0.004498'/>
				</IndexedFaceSet>
			</Shape>
			<Shape DEF='_IDX_1289'>
				<Appearance USE='Material_61_IDX_61'/>
				<IndexedFaceSet coordIndex='0 1 2 3 -1'>
					<Coordinate point='0.409042 1.224899 -0.259374 0.339533 1.345962 -0.134262 0.125783 0.916818 -0.021684 0.105022 0.915743 -0.041890'/>
				</IndexedFaceSet>
			</Shape>
			<Shape DEF='_IDX_1290'>
				<Appearance USE='Material_72_IDX_72'/>
				<IndexedFaceSet coordIndex='0 1 2 3 -1'>
					<Coordinate point='0.023930 0.181765 -0.000000 0.028680 0.181076 -0.000000 0.000000 0.000000 0.000000 0.000000 0.000000 0.000000'/>
				</IndexedFaceSet>
			</Shape>
			<Shape DEF='_IDX_1291'>
				<Appearance USE='Material_71_IDX_71'/>
				<IndexedFaceSet coordIndex='0 1 2 3 -1'>
					<Coordinate point='0.047860 0.363530 -0.000002 0.057359 0.362152 -0.000000 0.028680 0.181076 -0.000000 0.023930 0.181765 -0.000000'/>
				</IndexedFaceSet>
			</Shape>
			<Shape DEF='_IDX_1292'>
				<Appearance USE='Material_70_IDX_70'/>
				<IndexedFaceSet coordIndex='0 1 2 3 -1'>
					<Coordinate point='0.071790 0.545295 -0.000131 0.086039 0.543229 -0.000000 0.057359 0.362152 -0.000000 0.047860 0.363530 -0.000002'/>
				</IndexedFaceSet>
			</Shape>
			<Shape DEF='_IDX_1293'>
				<Appearance USE='Material_69_IDX_69'/>
				<IndexedFaceSet coordIndex='0 1 2 3 -1'>
					<Coordinate point='0.095808 0.727175 -0.002328 0.114741 0.724448 -0.000000 0.086039 0.543229 -0.000000 0.071790 0.545295 -0.000131'/>
				</IndexedFaceSet>
			</Shape>
			<Shape DEF='_IDX_1294'>
				<Appearance USE='Material_68_IDX_68'/>
				<IndexedFaceSet coordIndex='0 1 2 3 -1'>
					<Coordinate point='0.125783 0.916818 -0.021684 0.144974 0.915332 -0.000000 0.114741 0.724448 -0.000000 0.095808 0.727175 -0.002328'/>
				</IndexedFaceSet>
			</Shape>
			<Shape DEF='_IDX_1295'>
				<Appearance USE='Material_67_IDX_67'/>
				<IndexedFaceSet coordIndex='0 1 2 3 -1'>
					<Coordinate point='0.339533 1.345962 -0.134262 0.222433 1.404384 -0.000000 0.144974 0.915332 -0.000000 0.125783 0.916818 -0.021684'/>
				</IndexedFaceSet>
			</Shape>
			<Shape DEF='_IDX_1296'>
				<Appearance USE='Material_1_IDX_1'/>
				<IndexedFaceSet coordIndex='0 1 2 3 -1'>
					<Coordinate point='0.148320 0.107761 0.000000 0.151090 0.103841 0.000000 0.000000 0.000000 0.000000 0.000000 0.000000 0.000000'/>
				</IndexedFaceSet>
			</Shape>
			<Shape DEF='_IDX_1297'>
				<Appearance USE='Material_2_IDX_2'/>
				<IndexedFaceSet coordIndex='0 1 2 3 -1'>
					<Coordinate point='0.296640 0.215521 0.000009 0.302180 0.207682 0.000008 0.151090 0.103841 0.000000 0.148320 0.107761 0.000000'/>
				</IndexedFaceSet>
			</Shape>
			<Shape DEF='_IDX_1298'>
				<Appearance USE='Material_3_IDX_3'/>
				<IndexedFaceSet coordIndex='0 1 2 3 -1'>
					<Coordinate point='0.444959 0.323282 0.000507 0.453269 0.311523 0.000489 0.302180 0.207682 0.000008 0.296640 0.215521 0.000009'/>
				</IndexedFaceSet>
			</Shape>
			<Shape DEF='_IDX_1299'>
				<Appearance USE='Material_4_IDX_4'/>
				<IndexedFaceSet coordIndex='0 1 2 3 -1'>
					<Coordinate point='0.593162 0.430957 0.008996 0.604297 0.415234 0.008689 0.453269 0.311523 0.000489 0.444959 0.323282 0.000507'/>
				</IndexedFaceSet>
			</Shape>
			<Shape DEF='_IDX_1300'>
				<Appearance USE='Material_5_IDX_5'/>
				<IndexedFaceSet coordIndex='0 1 2 3 -1'>
					<Coordinate point='0.733448 0.532881 0.083781 0.751111 0.510112 0.080926 0.604297 0.415234 0.008689 0.593162 0.430957 0.008996'/>
				</IndexedFaceSet>
			</Shape>
			<Shape DEF='_IDX_1301'>
				<Appearance USE='Material_6_IDX_6'/>
				<IndexedFaceSet coordIndex='0 1 2 3 -1'>
					<Coordinate point='0.629504 0.457362 0.518749 0.767962 0.332514 0.501073 0.751111 0.510112 0.080926 0.733448 0.532881 0.083781'/>
				</IndexedFaceSet>
			</Shape>
			<Shape DEF='_IDX_1302'>
				<Appearance USE='Material_7_IDX_7'/>
				<IndexedFaceSet coordIndex='0 1 2 3 -1'>
					<Coordinate point='0.151090 0.103841 0.000000 0.153756 0.099850 0.000000 0.000000 0.000000 0.000000 0.000000 0.000000 0.000000'/>
				</IndexedFaceSet>
			</Shape>
			<Shape DEF='_IDX_1303'>
				<Appearance USE='Material_8_IDX_8'/>
				<IndexedFaceSet coordIndex='0 1 2 3 -1'>
					<Coordinate point='0.302180 0.207682 0.000008 0.307513 0.199701 0.000008 0.153756 0.099850 0.000000 0.151090 0.103841 0.000000'/>
				</IndexedFaceSet>
			</Shape>
			<Shape DEF='_IDX_1304'>
				<Appearance USE='Material_9_IDX_9'/>
				<IndexedFaceSet coordIndex='0 1 2 3 -1'>
					<Coordinate point='0.453269 0.311523 0.000489 0.461269 0.299551 0.000439 0.307513 0.199701 0.000008 0.302180 0.207682 0.000008'/>
				</IndexedFaceSet>
			</Shape>
			<Shape DEF='_IDX_1305'>
				<Appearance USE='Material_10_IDX_10'/>
				<IndexedFaceSet coordIndex='0 1 2 3 -1'>
					<Coordinate point='0.604297 0.415234 0.008689 0.615033 0.399257 0.007791 0.461269 0.299551 0.000439 0.453269 0.311523 0.000489'/>
				</IndexedFaceSet>
			</Shape>
			<Shape DEF='_IDX_1306'>
				<Appearance USE='Material_11_IDX_11'/>
				<IndexedFaceSet coordIndex='0 1 2 3 -1'>
					<Coordinate point='0.751111 0.510112 0.080926 0.769309 0.489191 0.072556 0.615033 0.399257 0.007791 0.604297 0.415234 0.008689'/>
				</IndexedFaceSet>
			</Shape>
			<Shape DEF='_IDX_1307'>
				<Appearance USE='Material_12_IDX_12'/>
				<IndexedFaceSet coordIndex='0 1 2 3 -1'>
					<Coordinate point='0.767962 0.332514 0.501073 0.939384 0.277654 0.449249 0.769309 0.489191 0.072556 0.751111 0.510112 0.080926'/>
				</IndexedFaceSet>
			</Shape>
			<Shape DEF='_IDX_1308'>
				<Appearance USE='Material_13_IDX_13'/>
				<IndexedFaceSet coordIndex='0 1 2 3 -1'>
					<Coordinate point='0.153756 0.099850 0.000000 0.156317 0.095791 0.000000 0.000000 0.000000 0.000000 0.000000 0.000000 0.000000'/>
				</IndexedFaceSet>
			</Shape>
			<Shape DEF='_IDX_1309'>
				<Appearance USE='Material_14_IDX_14'/>
				<IndexedFaceSet coordIndex='0 1 2 3 -1'>
					<Coordinate point='0.307513 0.199701 0.000008 0.312635 0.191583 0.000006 0.156317 0.095791 0.000000 0.153756 0.099850 0.000000'/>
				</IndexedFaceSet>
			</Shape>
			<Shape DEF='_IDX_1310'>
				<Appearance USE='Material_15_IDX_15'/>
				<IndexedFaceSet coordIndex='0 1 2 3 -1'>
					<Coordinate point='0.461269 0.299551 0.000439 0.468952 0.287374 0.000358 0.312635 0.191583 0.000006 0.307513 0.199701 0.000008'/>
				</IndexedFaceSet>
			</Shape>
			<Shape DEF='_IDX_1311'>
				<Appearance USE='Material_16_IDX_16'/>
				<IndexedFaceSet coordIndex='0 1 2 3 -1'>
					<Coordinate point='0.615033 0.399257 0.007791 0.625345 0.383042 0.006361 0.468952 0.287374 0.000358 0.461269 0.299551 0.000439'/>
				</IndexedFaceSet>
			</Shape>
			<Shape DEF='_IDX_1312'>
				<Appearance USE='Material_17_IDX_17'/>
				<IndexedFaceSet coordIndex='0 1 2 3 -1'>
					<Coordinate point='0.769309 0.489191 0.072556 0.786851 0.470366 0.059242 0.625345 0.383042 0.006361 0.615033 0.399257 0.007791'/>
				</IndexedFaceSet>
			</Shape>
			<Shape DEF='_IDX_1313'>
				<Appearance USE='Material_18_IDX_18'/>
				<IndexedFaceSet coordIndex='0 1 2 3 -1'>
					<Coordinate point='0.939384 0.277654 0.449249 1.106091 0.300292 0.366811 0.786851 0.470366 0.059242 0.769309 0.489191 0.072556'/>
				</IndexedFaceSet>
			</Shape>
			<Shape DEF='_IDX_1314'>
				<Appearance USE='Material_19_IDX_19'/>
				<IndexedFaceSet coordIndex='0 1 2 3 -1'>
					<Coordinate point='0.156317 0.095791 0.000000 0.158771 0.091667 0.000000 0.000000 0.000000 0.000000 0.000000 0.000000 0.000000'/>
				</IndexedFaceSet>
			</Shape>
			<Shape DEF='_IDX_1315'>
				<Appearance USE='Material_20_IDX_20'/>
				<IndexedFaceSet coordIndex='0 1 2 3 -1'>
					<Coordinate point='0.312635 0.191583 0.000006 0.317543 0.183333 0.000004 0.158771 0.091667 0.000000 0.156317 0.095791 0.000000'/>
				</IndexedFaceSet>
			</Shape>
			<Shape DEF='_IDX_1316'>
				<Appearance USE='Material_21_IDX_21'/>
				<IndexedFaceSet coordIndex='0 1 2 3 -1'>
					<Coordinate point='0.468952 0.287374 0.000358 0.476315 0.275000 0.000253 0.317543 0.183333 0.000004 0.312635 0.191583 0.000006'/>
				</IndexedFaceSet>
			</Shape>
			<Shape DEF='_IDX_1317'>
				<Appearance USE='Material_22_IDX_22'/>
				<IndexedFaceSet coordIndex='0 1 2 3 -1'>
					<Coordinate point='0.625345 0.383042 0.006361 0.635211 0.366594 0.004498 0.476315 0.275000 0.000253 0.468952 0.287374 0.000358'/>
				</IndexedFaceSet>
			</Shape>
			<Shape DEF='_IDX_1318'>
				<Appearance USE='Material_23_IDX_23'/>
				<IndexedFaceSet coordIndex='0 1 2 3 -1'>
					<Coordinate point='0.786851 0.470366 0.059242 0.802582 0.453296 0.041890 0.635211 0.366594 0.004498 0.625345 0.383042 0.006361'/>
				</IndexedFaceSet>
			</Shape>
			<Shape DEF='_IDX_1319'>
				<Appearance USE='Material_24_IDX_24'/>
				<IndexedFaceSet coordIndex='0 1 2 3 -1'>
					<Coordinate point='1.106091 0.300292 0.366811 1.231393 0.389055 0.259374 0.802582 0.453296 0.041890 0.786851 0.470366 0.059242'/>
				</IndexedFaceSet>
			</Shape>
			<Shape DEF='_IDX_1320'>
				<Appearance USE='Material_25_IDX_25'/>
				<IndexedFaceSet coordIndex='0 1 2 3 -1'>
					<Coordinate point='0.158771 0.091667 0.000000 0.161116 0.087479 0.000000 0.000000 0.000000 0.000000 0.000000 0.000000 0.000000'/>
				</IndexedFaceSet>
			</Shape>
			<Shape DEF='_IDX_1321'>
				<Appearance USE='Material_26_IDX_26'/>
				<IndexedFaceSet coordIndex='0 1 2 3 -1'>
					<Coordinate point='0.317543 0.183333 0.000004 0.322233 0.174958 0.000002 0.161116 0.087479 0.000000 0.158771 0.091667 0.000000'/>
				</IndexedFaceSet>
			</Shape>
			<Shape DEF='_IDX_1322'>
				<Appearance USE='Material_27_IDX_27'/>
				<IndexedFaceSet coordIndex='0 1 2 3 -1'>
					<Coordinate point='0.476315 0.275000 0.000253 0.483350 0.262437 0.000131 0.322233 0.174958 0.000002 0.317543 0.183333 0.000004'/>
				</IndexedFaceSet>
			</Shape>
			<Shape DEF='_IDX_1323'>
				<Appearance USE='Material_28_IDX_28'/>
				<IndexedFaceSet coordIndex='0 1 2 3 -1'>
					<Coordinate point='0.635211 0.366594 0.004498 0.644611 0.349913 0.002328 0.483350 0.262437 0.000131 0.476315 0.275000 0.000253'/>
				</IndexedFaceSet>
			</Shape>
			<Shape DEF='_IDX_1324'>
				<Appearance USE='Material_29_IDX_29'/>
				<IndexedFaceSet coordIndex='0 1 2 3 -1'>
					<Coordinate point='0.802582 0.453296 0.041890 0.815654 0.437132 0.021684 0.644611 0.349913 0.002328 0.635211 0.366594 0.004498'/>
				</IndexedFaceSet>
			</Shape>
			<Shape DEF='_IDX_1325'>
				<Appearance USE='Material_30_IDX_30'/>
				<IndexedFaceSet coordIndex='0 1 2 3 -1'>
					<Coordinate point='1.231393 0.389055 0.259374 1.288478 0.516449 0.134262 0.815654 0.437132 0.021684 0.802582 0.453296 0.041890'/>
				</IndexedFaceSet>
			</Shape>
			<Shape DEF='_IDX_1326'>
				<Appearance USE='Material_31_IDX_31'/>
				<IndexedFaceSet coordIndex='0 1 2 3 -1'>
					<Coordinate point='0.161116 0.087479 0.000000 0.163351 0.083232 0.000000 0.000000 0.000000 0.000000 0.000000 0.000000 0.000000'/>
				</IndexedFaceSet>
			</Shape>
			<Shape DEF='_IDX_1327'>
				<Appearance USE='Material_32_IDX_32'/>
				<IndexedFaceSet coordIndex='0 1 2 3 -1'>
					<Coordinate point='0.322233 0.174958 0.000002 0.326702 0.166463 0.000000 0.163351 0.083232 0.000000 0.161116 0.087479 0.000000'/>
				</IndexedFaceSet>
			</Shape>
			<Shape DEF='_IDX_1328'>
				<Appearance USE='Material_33_IDX_33'/>
				<IndexedFaceSet coordIndex='0 1 2 3 -1'>
					<Coordinate point='0.483350 0.262437 0.000131 0.490054 0.249695 -0.000000 0.326702 0.166463 0.000000 0.322233 0.174958 0.000002'/>
				</IndexedFaceSet>
			</Shape>
			<Shape DEF='_IDX_1329'>
				<Appearance USE='Material_34_IDX_34'/>
				<IndexedFaceSet coordIndex='0 1 2 3 -1'>
					<Coordinate point='0.644611 0.349913 0.002328 0.653534 0.332992 0.000000 0.490054 0.249695 -0.000000 0.483350 0.262437 0.000131'/>
				</IndexedFaceSet>
			</Shape>
			<Shape DEF='_IDX_1330'>
				<Appearance USE='Material_35_IDX_35'/>
				<IndexedFaceSet coordIndex='0 1 2 3 -1'>
					<Coordinate point='0.815654 0.437132 0.021684 0.825733 0.420732 0.000000 0.653534 0.332992 0.000000 0.644611 0.349913 0.002328'/>
				</IndexedFaceSet>
			</Shape>
			<Shape DEF='_IDX_1331'>
				<Appearance USE='Material_36_IDX_36'/>
				<IndexedFaceSet coordIndex='0 1 2 3 -1'>
					<Coordinate point='1.288478 0.516449 0.134262 1.266913 0.645525 -0.000000 0.825733 0.420732 0.000000 0.815654 0.437132 0.021684'/>
				</IndexedFaceSet>
			</Shape>
			<Shape DEF='_IDX_1332'>
				<Appearance USE='Material_37_IDX_37'/>
				<IndexedFaceSet coordIndex='0 1 2 3 -1'>
					<Coordinate point='0.862220 0.280152 -0.083781 0.854181 0.307826 -0.080926 0.720406 0.425847 -0.501073 0.740027 0.240449 -0.518749'/>
				</IndexedFaceSet>
			</Shape>
			<Shape DEF='_IDX_1333'>
				<Appearance USE='Material_38_IDX_38'/>
				<IndexedFaceSet coordIndex='0 1 2 3 -1'>
					<Coordinate point='0.697303 0.226568 -0.008996 0.691128 0.244818 -0.008689 0.854181 0.307826 -0.080926 0.862220 0.280152 -0.083781'/>
				</IndexedFaceSet>
			</Shape>
			<Shape DEF='_IDX_1334'>
				<Appearance USE='Material_39_IDX_39'/>
				<IndexedFaceSet coordIndex='0 1 2 3 -1'>
					<Coordinate point='0.523081 0.169959 -0.000507 0.518452 0.183594 -0.000489 0.691128 0.244818 -0.008689 0.697303 0.226568 -0.008996'/>
				</IndexedFaceSet>
			</Shape>
			<Shape DEF='_IDX_1335'>
				<Appearance USE='Material_40_IDX_40'/>
				<IndexedFaceSet coordIndex='0 1 2 3 -1'>
					<Coordinate point='0.348721 0.113306 -0.000009 0.345635 0.122396 -0.000008 0.518452 0.183594 -0.000489 0.523081 0.169959 -0.000507'/>
				</IndexedFaceSet>
			</Shape>
			<Shape DEF='_IDX_1336'>
				<Appearance USE='Material_41_IDX_41'/>
				<IndexedFaceSet coordIndex='0 1 2 3 -1'>
					<Coordinate point='0.174360 0.056653 -0.000000 0.172818 0.061198 -0.000000 0.345635 0.122396 -0.000008 0.348721 0.113306 -0.000009'/>
				</IndexedFaceSet>
			</Shape>
			<Shape DEF='_IDX_1337'>
				<Appearance USE='Material_42_IDX_42'/>
				<IndexedFaceSet coordIndex='0 1 2 3 -1'>
					<Coordinate point='0.000000 0.000000 0.000000 0.000000 0.000000 0.000000 0.172818 0.061198 -0.000000 0.174360 0.056653 -0.000000'/>
				</IndexedFaceSet>
			</Shape>
			<Shape DEF='_IDX_1338'>
				<Appearance USE='Material_43_IDX_43'/>
				<IndexedFaceSet coordIndex='0 1 2 3 -1'>
					<Coordinate point='0.854181 0.307826 -0.080926 0.847952 0.334845 -0.072556 0.776783 0.596777 -0.449249 0.720406 0.425847 -0.501073'/>
				</IndexedFaceSet>
			</Shape>
			<Shape DEF='_IDX_1339'>
				<Appearance USE='Material_44_IDX_44'/>
				<IndexedFaceSet coordIndex='0 1 2 3 -1'>
					<Coordinate point='0.691128 0.244818 -0.008689 0.684513 0.262895 -0.007791 0.847952 0.334845 -0.072556 0.854181 0.307826 -0.080926'/>
				</IndexedFaceSet>
			</Shape>
			<Shape DEF='_IDX_1340'>
				<Appearance USE='Material_45_IDX_45'/>
				<IndexedFaceSet coordIndex='0 1 2 3 -1'>
					<Coordinate point='0.518452 0.183594 -0.000489 0.513469 0.197103 -0.000439 0.684513 0.262895 -0.007791 0.691128 0.244818 -0.008689'/>
				</IndexedFaceSet>
			</Shape>
			<Shape DEF='_IDX_1341'>
				<Appearance USE='Material_46_IDX_46'/>
				<IndexedFaceSet coordIndex='0 1 2 3 -1'>
					<Coordinate point='0.345635 0.122396 -0.000008 0.342313 0.131402 -0.000008 0.513469 0.197103 -0.000439 0.518452 0.183594 -0.000489'/>
				</IndexedFaceSet>
			</Shape>
			<Shape DEF='_IDX_1342'>
				<Appearance USE='Material_47_IDX_47'/>
				<IndexedFaceSet coordIndex='0 1 2 3 -1'>
					<Coordinate point='0.172818 0.061198 -0.000000 0.171156 0.065701 -0.000000 0.342313 0.131402 -0.000008 0.345635 0.122396 -0.000008'/>
				</IndexedFaceSet>
			</Shape>
			<Shape DEF='_IDX_1343'>
				<Appearance USE='Material_48_IDX_48'/>
				<IndexedFaceSet coordIndex='0 1 2 3 -1'>
					<Coordinate point='0.000000 0.000000 0.000000 0.000000 0.000000 0.000000 0.171156 0.065701 -0.000000 0.172818 0.061198 -0.000000'/>
				</IndexedFaceSet>
			</Shape>
			<Shape DEF='_IDX_1344'>
				<Appearance USE='Material_49_IDX_49'/>
				<IndexedFaceSet coordIndex='0 1 2 3 -1'>
					<Coordinate point='0.847952 0.334845 -0.072556 0.843034 0.360102 -0.059242 0.893086 0.718339 -0.366811 0.776783 0.596777 -0.449249'/>
				</IndexedFaceSet>
			</Shape>
			<Shape DEF='_IDX_1345'>
				<Appearance USE='Material_50_IDX_50'/>
				<IndexedFaceSet coordIndex='0 1 2 3 -1'>
					<Coordinate point='0.684513 0.262895 -0.007791 0.677456 0.280769 -0.006361 0.843034 0.360102 -0.059242 0.847952 0.334845 -0.072556'/>
				</IndexedFaceSet>
			</Shape>
			<Shape DEF='_IDX_1346'>
				<Appearance USE='Material_51_IDX_51'/>
				<IndexedFaceSet coordIndex='0 1 2 3 -1'>
					<Coordinate point='0.513469 0.197103 -0.000439 0.508134 0.210476 -0.000358 0.677456 0.280769 -0.006361 0.684513 0.262895 -0.007791'/>
				</IndexedFaceSet>
			</Shape>
			<Shape DEF='_IDX_1347'>
				<Appearance USE='Material_52_IDX_52'/>
				<IndexedFaceSet coordIndex='0 1 2 3 -1'>
					<Coordinate point='0.342313 0.131402 -0.000008 0.338756 0.140317 -0.000006 0.508134 0.210476 -0.000358 0.513469 0.197103 -0.000439'/>
				</IndexedFaceSet>
			</Shape>
			<Shape DEF='_IDX_1348'>
				<Appearance USE='Material_53_IDX_53'/>
				<IndexedFaceSet coordIndex='0 1 2 3 -1'>
					<Coordinate point='0.171156 0.065701 -0.000000 0.169378 0.070159 -0.000000 0.338756 0.140317 -0.000006 0.342313 0.131402 -0.000008'/>
				</IndexedFaceSet>
			</Shape>
			<Shape DEF='_IDX_1349'>
				<Appearance USE='Material_54_IDX_54'/>
				<IndexedFaceSet coordIndex='0 1 2 3 -1'>
					<Coordinate point='0.000000 0.000000 0.000000 0.000000 0.000000 0.000000 0.169378 0.070159 -0.000000 0.171156 0.065701 -0.000000'/>
				</IndexedFaceSet>
			</Shape>
			<Shape DEF='_IDX_1350'>
				<Appearance USE='Material_55_IDX_55'/>
				<IndexedFaceSet coordIndex='0 1 2 3 -1'>
					<Coordinate point='0.843034 0.360102 -0.059242 0.838470 0.382862 -0.041890 1.038547 0.767537 -0.259374 0.893086 0.718339 -0.366811'/>
				</IndexedFaceSet>
			</Shape>
			<Shape DEF='_IDX_1351'>
				<Appearance USE='Material_56_IDX_56'/>
				<IndexedFaceSet coordIndex='0 1 2 3 -1'>
					<Coordinate point='0.677456 0.280769 -0.006361 0.669949 0.298418 -0.004498 0.838470 0.382862 -0.041890 0.843034 0.360102 -0.059242'/>
				</IndexedFaceSet>
			</Shape>
			<Shape DEF='_IDX_1352'>
				<Appearance USE='Material_57_IDX_57'/>
				<IndexedFaceSet coordIndex='0 1 2 3 -1'>
					<Coordinate point='0.508134 0.210476 -0.000358 0.502450 0.223706 -0.000253 0.669949 0.298418 -0.004498 0.677456 0.280769 -0.006361'/>
				</IndexedFaceSet>
			</Shape>
			<Shape DEF='_IDX_1353'>
				<Appearance USE='Material_58_IDX_58'/>
				<IndexedFaceSet coordIndex='0 1 2 3 -1'>
					<Coordinate point='0.338756 0.140317 -0.000006 0.334967 0.149137 -0.000004 0.502450 0.223706 -0.000253 0.508134 0.210476 -0.000358'/>
				</IndexedFaceSet>
			</Shape>
			<Shape DEF='_IDX_1354'>
				<Appearance USE='Material_59_IDX_59'/>
				<IndexedFaceSet coordIndex='0 1 2 3 -1'>
					<Coordinate point='0.169378 0.070159 -0.000000 0.167483 0.074568 -0.000000 0.334967 0.149137 -0.000004 0.338756 0.140317 -0.000006'/>
				</IndexedFaceSet>
			</Shape>
			<Shape DEF='_IDX_1355'>
				<Appearance USE='Material_60_IDX_60'/>
				<IndexedFaceSet coordIndex='0 1 2 3 -1'>
					<Coordinate point='0.000000 0.000000 0.000000 0.000000 0.000000 0.000000 0.167483 0.074568 -0.000000 0.169378 0.070159 -0.000000'/>
				</IndexedFaceSet>
			</Shape>
			<Shape DEF='_IDX_1356'>
				<Appearance USE='Material_61_IDX_61'/>
				<IndexedFaceSet coordIndex='0 1 2 3 -1'>
					<Coordinate point='0.838470 0.382862 -0.041890 0.833077 0.402939 -0.021684 1.175164 0.738840 -0.134262 1.038547 0.767537 -0.259374'/>
				</IndexedFaceSet>
			</Shape>
			<Shape DEF='_IDX_1357'>
				<Appearance USE='Material_62_IDX_62'/>
				<IndexedFaceSet coordIndex='0 1 2 3 -1'>
					<Coordinate point='0.669949 0.298418 -0.004498 0.661978 0.315828 -0.002328 0.833077 0.402939 -0.021684 0.838470 0.382862 -0.041890'/>
				</IndexedFaceSet>
			</Shape>
			<Shape DEF='_IDX_1358'>
				<Appearance USE='Material_63_IDX_63'/>
				<IndexedFaceSet coordIndex='0 1 2 3 -1'>
					<Coordinate point='0.502450 0.223706 -0.000253 0.496422 0.236782 -0.000131 0.661978 0.315828 -0.002328 0.669949 0.298418 -0.004498'/>
				</IndexedFaceSet>
			</Shape>
			<Shape DEF='_IDX_1359'>
				<Appearance USE='Material_64_IDX_64'/>
				<IndexedFaceSet coordIndex='0 1 2 3 -1'>
					<Coordinate point='0.334967 0.149137 -0.000004 0.330948 0.157854 -0.000002 0.496422 0.236782 -0.000131 0.502450 0.223706 -0.000253'/>
				</IndexedFaceSet>
			</Shape>
			<Shape DEF='_IDX_1360'>
				<Appearance USE='Material_65_IDX_65'/>
				<IndexedFaceSet coordIndex='0 1 2 3 -1'>
					<Coordinate point='0.167483 0.074568 -0.000000 0.165474 0.078927 -0.000000 0.330948 0.157854 -0.000002 0.334967 0.149137 -0.000004'/>
				</IndexedFaceSet>
			</Shape>
			<Shape DEF='_IDX_1361'>
				<Appearance USE='Material_66_IDX_66'/>
				<IndexedFaceSet coordIndex='0 1 2 3 -1'>
					<Coordinate point='0.000000 0.000000 0.000000 0.000000 0.000000 0.000000 0.165474 0.078927 -0.000000 0.167483 0.074568 -0.000000'/>
				</IndexedFaceSet>
			</Shape>
			<Shape DEF='_IDX_1362'>
				<Appearance USE='Material_67_IDX_67'/>
				<IndexedFaceSet coordIndex='0 1 2 3 -1'>
					<Coordinate point='0.833077 0.402939 -0.021684 0.825733 0.420732 -0.000000 1.266913 0.645525 -0.000000 1.175164 0.738840 -0.134262'/>
				</IndexedFaceSet>
			</Shape>
			<Shape DEF='_IDX_1363'>
				<Appearance USE='Material_68_IDX_68'/>
				<IndexedFaceSet coordIndex='0 1 2 3 -1'>
					<Coordinate point='0.661978 0.315828 -0.002328 0.653534 0.332992 -0.000000 0.825733 0.420732 -0.000000 0.833077 0.402939 -0.021684'/>
				</IndexedFaceSet>
			</Shape>
			<Shape DEF='_IDX_1364'>
				<Appearance USE='Material_69_IDX_69'/>
				<IndexedFaceSet coordIndex='0 1 2 3 -1'>
					<Coordinate point='0.496422 0.236782 -0.000131 0.490054 0.249695 -0.000000 0.653534 0.332992 -0.000000 0.661978 0.315828 -0.002328'/>
				</IndexedFaceSet>
			</Shape>
			<Shape DEF='_IDX_1365'>
				<Appearance USE='Material_70_IDX_70'/>
				<IndexedFaceSet coordIndex='0 1 2 3 -1'>
					<Coordinate point='0.330948 0.157854 -0.000002 0.326702 0.166463 -0.000000 0.490054 0.249695 -0.000000 0.496422 0.236782 -0.000131'/>
				</IndexedFaceSet>
			</Shape>
			<Shape DEF='_IDX_1366'>
				<Appearance USE='Material_71_IDX_71'/>
				<IndexedFaceSet coordIndex='0 1 2 3 -1'>
					<Coordinate point='0.165474 0.078927 -0.000000 0.163351 0.083232 -0.000000 0.326702 0.166463 -0.000000 0.330948 0.157854 -0.000002'/>
				</IndexedFaceSet>
			</Shape>
			<Shape DEF='_IDX_1367'>
				<Appearance USE='Material_72_IDX_72'/>
				<IndexedFaceSet coordIndex='0 1 2 3 -1'>
					<Coordinate point='0.000000 0.000000 0.000000 0.000000 0.000000 0.000000 0.163351 0.083232 -0.000000 0.165474 0.078927 -0.000000'/>
				</IndexedFaceSet>
			</Shape>
			<Shape DEF='_IDX_1368'>
				<Appearance USE='Material_73_IDX_73'/>
				<IndexedFaceSet coordIndex='0 1 2 3 -1'>
					<Coordinate point='0.733448 0.532881 0.083781 0.717251 0.556716 0.080926 0.553553 0.627622 0.501073 0.629504 0.457362 0.518749'/>
				</IndexedFaceSet>
			</Shape>
			<Shape DEF='_IDX_1369'>
				<Appearance USE='Material_5_IDX_5'/>
				<IndexedFaceSet coordIndex='0 1 2 3 -1'>
					<Coordinate point='0.593162 0.430957 0.008996 0.581648 0.446406 0.008689 0.717251 0.556716 0.080926 0.733448 0.532881 0.083781'/>
				</IndexedFaceSet>
			</Shape>
			<Shape DEF='_IDX_1370'>
				<Appearance USE='Material_4_IDX_4'/>
				<IndexedFaceSet coordIndex='0 1 2 3 -1'>
					<Coordinate point='0.444959 0.323282 0.000507 0.436344 0.334819 0.000489 0.581648 0.446406 0.008689 0.593162 0.430957 0.008996'/>
				</IndexedFaceSet>
			</Shape>
			<Shape DEF='_IDX_1371'>
				<Appearance USE='Material_3_IDX_3'/>
				<IndexedFaceSet coordIndex='0 1 2 3 -1'>
					<Coordinate point='0.296640 0.215521 0.000009 0.290896 0.223213 0.000008 0.436344 0.334819 0.000489 0.444959 0.323282 0.000507'/>
				</IndexedFaceSet>
			</Shape>
			<Shape DEF='_IDX_1372'>
				<Appearance USE='Material_2_IDX_2'/>
				<IndexedFaceSet coordIndex='0 1 2 3 -1'>
					<Coordinate point='0.148320 0.107761 0.000000 0.145448 0.111606 0.000000 0.290896 0.223213 0.000008 0.296640 0.215521 0.000009'/>
				</IndexedFaceSet>
			</Shape>
			<Shape DEF='_IDX_1373'>
				<Appearance USE='Material_1_IDX_1'/>
				<IndexedFaceSet coordIndex='0 1 2 3 -1'>
					<Coordinate point='0.000000 0.000000 0.000000 0.000000 0.000000 0.000000 0.145448 0.111606 0.000000 0.148320 0.107761 0.000000'/>
				</IndexedFaceSet>
			</Shape>
			<Shape DEF='_IDX_1374'>
				<Appearance USE='Material_74_IDX_74'/>
				<IndexedFaceSet coordIndex='0 1 2 3 -1'>
					<Coordinate point='0.717251 0.556716 0.080926 0.702978 0.580488 0.072556 0.554350 0.807607 0.449249 0.553553 0.627622 0.501073'/>
				</IndexedFaceSet>
			</Shape>
			<Shape DEF='_IDX_1375'>
				<Appearance USE='Material_11_IDX_11'/>
				<IndexedFaceSet coordIndex='0 1 2 3 -1'>
					<Coordinate point='0.581648 0.446406 0.008689 0.569771 0.461554 0.007791 0.702978 0.580488 0.072556 0.717251 0.556716 0.080926'/>
				</IndexedFaceSet>
			</Shape>
			<Shape DEF='_IDX_1376'>
				<Appearance USE='Material_10_IDX_10'/>
				<IndexedFaceSet coordIndex='0 1 2 3 -1'>
					<Coordinate point='0.436344 0.334819 0.000489 0.427430 0.346126 0.000439 0.569771 0.461554 0.007791 0.581648 0.446406 0.008689'/>
				</IndexedFaceSet>
			</Shape>
			<Shape DEF='_IDX_1377'>
				<Appearance USE='Material_9_IDX_9'/>
				<IndexedFaceSet coordIndex='0 1 2 3 -1'>
					<Coordinate point='0.290896 0.223213 0.000008 0.284954 0.230751 0.000008 0.427430 0.346126 0.000439 0.436344 0.334819 0.000489'/>
				</IndexedFaceSet>
			</Shape>
			<Shape DEF='_IDX_1378'>
				<Appearance USE='Material_8_IDX_8'/>
				<IndexedFaceSet coordIndex='0 1 2 3 -1'>
					<Coordinate point='0.145448 0.111606 0.000000 0.142477 0.115375 0.000000 0.284954 0.230751 0.000008 0.290896 0.223213 0.000008'/>
				</IndexedFaceSet>
			</Shape>
			<Shape DEF='_IDX_1379'>
				<Appearance USE='Material_7_IDX_7'/>
				<IndexedFaceSet coordIndex='0 1 2 3 -1'>
					<Coordinate point='0.000000 0.000000 0.000000 0.000000 0.000000 0.000000 0.142477 0.115375 0.000000 0.145448 0.111606 0.000000'/>
				</IndexedFaceSet>
			</Shape>
			<Shape DEF='_IDX_1380'>
				<Appearance USE='Material_18_IDX_18'/>
				<IndexedFaceSet coordIndex='0 1 2 3 -1'>
					<Coordinate point='0.702978 0.580488 0.072556 0.690495 0.602989 0.059242 0.627396 0.959160 0.366811 0.554350 0.807607 0.449249'/>
				</IndexedFaceSet>
			</Shape>
			<Shape DEF='_IDX_1381'>
				<Appearance USE='Material_17_IDX_17'/>
				<IndexedFaceSet coordIndex='0 1 2 3 -1'>
					<Coordinate point='0.569771 0.461554 0.007791 0.557537 0.476372 0.006361 0.690495 0.602989 0.059242 0.702978 0.580488 0.072556'/>
				</IndexedFaceSet>
			</Shape>
			<Shape DEF='_IDX_1382'>
				<Appearance USE='Material_16_IDX_16'/>
				<IndexedFaceSet coordIndex='0 1 2 3 -1'>
					<Coordinate point='0.427430 0.346126 0.000439 0.418223 0.357197 0.000358 0.557537 0.476372 0.006361 0.569771 0.461554 0.007791'/>
				</IndexedFaceSet>
			</Shape>
			<Shape DEF='_IDX_1383'>
				<Appearance USE='Material_15_IDX_15'/>
				<IndexedFaceSet coordIndex='0 1 2 3 -1'>
					<Coordinate point='0.284954 0.230751 0.000008 0.278816 0.238131 0.000006 0.418223 0.357197 0.000358 0.427430 0.346126 0.000439'/>
				</IndexedFaceSet>
			</Shape>
			<Shape DEF='_IDX_1384'>
				<Appearance USE='Material_14_IDX_14'/>
				<IndexedFaceSet coordIndex='0 1 2 3 -1'>
					<Coordinate point='0.142477 0.115375 0.000000 0.139408 0.119065 0.000000 0.278816 0.238131 0.000006 0.284954 0.230751 0.000008'/>
				</IndexedFaceSet>
			</Shape>
			<Shape DEF='_IDX_1385'>
				<Appearance USE='Material_13_IDX_13'/>
				<IndexedFaceSet coordIndex='0 1 2 3 -1'>
					<Coordinate point='0.000000 0.000000 0.000000 0.000000 0.000000 0.000000 0.139408 0.119065 0.000000 0.142477 0.115375 0.000000'/>
				</IndexedFaceSet>
			</Shape>
			<Shape DEF='_IDX_1386'>
				<Appearance USE='Material_24_IDX_24'/>
				<IndexedFaceSet coordIndex='0 1 2 3 -1'>
					<Coordinate point='0.690495 0.602989 0.059242 0.679121 0.623225 0.041890 0.750535 1.050900 0.259374 0.627396 0.959160 0.366811'/>
				</IndexedFaceSet>
			</Shape>
			<Shape DEF='_IDX_1387'>
				<Appearance USE='Material_23_IDX_23'/>
				<IndexedFaceSet coordIndex='0 1 2 3 -1'>
					<Coordinate point='0.557537 0.476372 0.006361 0.544943 0.490838 0.004498 0.679121 0.623225 0.041890 0.690495 0.602989 0.059242'/>
				</IndexedFaceSet>
			</Shape>
			<Shape DEF='_IDX_1388'>
				<Appearance USE='Material_22_IDX_22'/>
				<IndexedFaceSet coordIndex='0 1 2 3 -1'>
					<Coordinate point='0.418223 0.357197 0.000358 0.408730 0.368022 0.000253 0.544943 0.490838 0.004498 0.557537 0.476372 0.006361'/>
				</IndexedFaceSet>
			</Shape>
			<Shape DEF='_IDX_1389'>
				<Appearance USE='Material_21_IDX_21'/>
				<IndexedFaceSet coordIndex='0 1 2 3 -1'>
					<Coordinate point='0.278816 0.238131 0.000006 0.272486 0.245348 0.000004 0.408730 0.368022 0.000253 0.418223 0.357197 0.000358'/>
				</IndexedFaceSet>
			</Shape>
			<Shape DEF='_IDX_1390'>
				<Appearance USE='Material_20_IDX_20'/>
				<IndexedFaceSet coordIndex='0 1 2 3 -1'>
					<Coordinate point='0.139408 0.119065 0.000000 0.136243 0.122674 0.000000 0.272486 0.245348 0.000004 0.278816 0.238131 0.000006'/>
				</IndexedFaceSet>
			</Shape>
			<Shape DEF='_IDX_1391'>
				<Appearance USE='Material_19_IDX_19'/>
				<IndexedFaceSet coordIndex='0 1 2 3 -1'>
					<Coordinate point='0.000000 0.000000 0.000000 0.000000 0.000000 0.000000 0.136243 0.122674 0.000000 0.139408 0.119065 0.000000'/>
				</IndexedFaceSet>
			</Shape>
			<Shape DEF='_IDX_1392'>
				<Appearance USE='Material_30_IDX_30'/>
				<IndexedFaceSet coordIndex='0 1 2 3 -1'>
					<Coordinate point='0.679121 0.623225 0.041890 0.667788 0.640652 0.021684 0.889333 1.065825 0.134262 0.750535 1.050900 0.259374'/>
				</IndexedFaceSet>
			</Shape>
			<Shape DEF='_IDX_1393'>
				<Appearance USE='Material_29_IDX_29'/>
				<IndexedFaceSet coordIndex='0 1 2 3 -1'>
					<Coordinate point='0.544943 0.490838 0.004498 0.531982 0.504933 0.002328 0.667788 0.640652 0.021684 0.679121 0.623225 0.041890'/>
				</IndexedFaceSet>
			</Shape>
			<Shape DEF='_IDX_1394'>
				<Appearance USE='Material_28_IDX_28'/>
				<IndexedFaceSet coordIndex='0 1 2 3 -1'>
					<Coordinate point='0.408730 0.368022 0.000253 0.398956 0.378596 0.000131 0.531982 0.504933 0.002328 0.544943 0.490838 0.004498'/>
				</IndexedFaceSet>
			</Shape>
			<Shape DEF='_IDX_1395'>
				<Appearance USE='Material_27_IDX_27'/>
				<IndexedFaceSet coordIndex='0 1 2 3 -1'>
					<Coordinate point='0.272486 0.245348 0.000004 0.265971 0.252397 0.000002 0.398956 0.378596 0.000131 0.408730 0.368022 0.000253'/>
				</IndexedFaceSet>
			</Shape>
			<Shape DEF='_IDX_1396'>
				<Appearance USE='Material_26_IDX_26'/>
				<IndexedFaceSet coordIndex='0 1 2 3 -1'>
					<Coordinate point='0.136243 0.122674 0.000000 0.132985 0.126198 0.000000 0.265971 0.252397 0.000002 0.272486 0.245348 0.000004'/>
				</IndexedFaceSet>
			</Shape>
			<Shape DEF='_IDX_1397'>
				<Appearance USE='Material_25_IDX_25'/>
				<IndexedFaceSet coordIndex='0 1 2 3 -1'>
					<Coordinate point='0.000000 0.000000 0.000000 0.000000 0.000000 0.000000 0.132985 0.126198 0.000000 0.136243 0.122674 0.000000'/>
				</IndexedFaceSet>
			</Shape>
			<Shape DEF='_IDX_1398'>
				<Appearance USE='Material_36_IDX_36'/>
				<IndexedFaceSet coordIndex='0 1 2 3 -1'>
					<Coordinate point='0.667788 0.640652 0.021684 0.655306 0.655306 0.000000 1.005428 1.005428 -0.000000 0.889333 1.065825 0.134262'/>
				</IndexedFaceSet>
			</Shape>
			<Shape DEF='_IDX_1399'>
				<Appearance USE='Material_35_IDX_35'/>
				<IndexedFaceSet coordIndex='0 1 2 3 -1'>
					<Coordinate point='0.531982 0.504933 0.002328 0.518648 0.518648 0.000000 0.655306 0.655306 0.000000 0.667788 0.640652 0.021684'/>
				</IndexedFaceSet>
			</Shape>
			<Shape DEF='_IDX_1400'>
				<Appearance USE='Material_34_IDX_34'/>
				<IndexedFaceSet coordIndex='0 1 2 3 -1'>
					<Coordinate point='0.398956 0.378596 0.000131 0.388909 0.388909 -0.000000 0.518648 0.518648 0.000000 0.531982 0.504933 0.002328'/>
				</IndexedFaceSet>
			</Shape>
			<Shape DEF='_IDX_1401'>
				<Appearance USE='Material_33_IDX_33'/>
				<IndexedFaceSet coordIndex='0 1 2 3 -1'>
					<Coordinate point='0.265971 0.252397 0.000002 0.259272 0.259272 0.000000 0.388909 0.388909 -0.000000 0.398956 0.378596 0.000131'/>
				</IndexedFaceSet>
			</Shape>
			<Shape DEF='_IDX_1402'>
				<Appearance USE='Material_32_IDX_32'/>
				<IndexedFaceSet coordIndex='0 1 2 3 -1'>
					<Coordinate point='0.132985 0.126198 0.000000 0.129636 0.129636 0.000000 0.259272 0.259272 0.000000 0.265971 0.252397 0.000002'/>
				</IndexedFaceSet>
			</Shape>
			<Shape DEF='_IDX_1403'>
				<Appearance USE='Material_31_IDX_31'/>
				<IndexedFaceSet coordIndex='0 1 2 3 -1'>
					<Coordinate point='0.000000 0.000000 0.000000 0.000000 0.000000 0.000000 0.129636 0.129636 0.000000 0.132985 0.126198 0.000000'/>
				</IndexedFaceSet>
			</Shape>
			<Shape DEF='_IDX_1404'>
				<Appearance USE='Material_42_IDX_42'/>
				<IndexedFaceSet coordIndex='0 1 2 3 -1'>
					<Coordinate point='0.107761 0.148320 -0.000000 0.111606 0.145448 -0.000000 0.000000 0.000000 0.000000 0.000000 0.000000 0.000000'/>
				</IndexedFaceSet>
			</Shape>
			<Shape DEF='_IDX_1405'>
				<Appearance USE='Material_41_IDX_41'/>
				<IndexedFaceSet coordIndex='0 1 2 3 -1'>
					<Coordinate point='0.215521 0.296640 -0.000009 0.223213 0.290896 -0.000008 0.111606 0.145448 -0.000000 0.107761 0.148320 -0.000000'/>
				</IndexedFaceSet>
			</Shape>
			<Shape DEF='_IDX_1406'>
				<Appearance USE='Material_40_IDX_40'/>
				<IndexedFaceSet coordIndex='0 1 2 3 -1'>
					<Coordinate point='0.323282 0.444959 -0.000507 0.334819 0.436344 -0.000489 0.223213 0.290896 -0.000008 0.215521 0.296640 -0.000009'/>
				</IndexedFaceSet>
			</Shape>
			<Shape DEF='_IDX_1407'>
				<Appearance USE='Material_39_IDX_39'/>
				<IndexedFaceSet coordIndex='0 1 2 3 -1'>
					<Coordinate point='0.430957 0.593162 -0.008996 0.446406 0.581648 -0.008689 0.334819 0.436344 -0.000489 0.323282 0.444959 -0.000507'/>
				</IndexedFaceSet>
			</Shape>
			<Shape DEF='_IDX_1408'>
				<Appearance USE='Material_38_IDX_38'/>
				<IndexedFaceSet coordIndex='0 1 2 3 -1'>
					<Coordinate point='0.532881 0.733448 -0.083781 0.556716 0.717251 -0.080926 0.446406 0.581648 -0.008689 0.430957 0.593162 -0.008996'/>
				</IndexedFaceSet>
			</Shape>
			<Shape DEF='_IDX_1409'>
				<Appearance USE='Material_75_IDX_75'/>
				<IndexedFaceSet coordIndex='0 1 2 3 -1'>
					<Coordinate point='0.457362 0.629504 -0.518749 0.627622 0.553553 -0.501073 0.556716 0.717251 -0.080926 0.532881 0.733448 -0.083781'/>
				</IndexedFaceSet>
			</Shape>
			<Shape DEF='_IDX_1410'>
				<Appearance USE='Material_48_IDX_48'/>
				<IndexedFaceSet coordIndex='0 1 2 3 -1'>
					<Coordinate point='0.111606 0.145448 -0.000000 0.115375 0.142477 -0.000000 0.000000 0.000000 0.000000 0.000000 0.000000 0.000000'/>
				</IndexedFaceSet>
			</Shape>
			<Shape DEF='_IDX_1411'>
				<Appearance USE='Material_47_IDX_47'/>
				<IndexedFaceSet coordIndex='0 1 2 3 -1'>
					<Coordinate point='0.223213 0.290896 -0.000008 0.230751 0.284954 -0.000008 0.115375 0.142477 -0.000000 0.111606 0.145448 -0.000000'/>
				</IndexedFaceSet>
			</Shape>
			<Shape DEF='_IDX_1412'>
				<Appearance USE='Material_46_IDX_46'/>
				<IndexedFaceSet coordIndex='0 1 2 3 -1'>
					<Coordinate point='0.334819 0.436344 -0.000489 0.346126 0.427430 -0.000439 0.230751 0.284954 -0.000008 0.223213 0.290896 -0.000008'/>
				</IndexedFaceSet>
			</Shape>
			<Shape DEF='_IDX_1413'>
				<Appearance USE='Material_45_IDX_45'/>
				<IndexedFaceSet coordIndex='0 1 2 3 -1'>
					<Coordinate point='0.446406 0.581648 -0.008689 0.461554 0.569771 -0.007791 0.346126 0.427430 -0.000439 0.334819 0.436344 -0.000489'/>
				</IndexedFaceSet>
			</Shape>
			<Shape DEF='_IDX_1414'>
				<Appearance USE='Material_44_IDX_44'/>
				<IndexedFaceSet coordIndex='0 1 2 3 -1'>
					<Coordinate point='0.556716 0.717251 -0.080926 0.580488 0.702978 -0.072556 0.461554 0.569771 -0.007791 0.446406 0.581648 -0.008689'/>
				</IndexedFaceSet>
			</Shape>
			<Shape DEF='_IDX_1415'>
				<Appearance USE='Material_76_IDX_76'/>
				<IndexedFaceSet coordIndex='0 1 2 3 -1'>
					<Coordinate point='0.627622 0.553553 -0.501073 0.807607 0.554350 -0.449249 0.580488 0.702978 -0.072556 0.556716 0.717251 -0.080926'/>
				</IndexedFaceSet>
			</Shape>
			<Shape DEF='_IDX_1416'>
				<Appearance USE='Material_54_IDX_54'/>
				<IndexedFaceSet coordIndex='0 1 2 3 -1'>
					<Coordinate point='0.115375 0.142477 -0.000000 0.119065 0.139408 -0.000000 0.000000 0.000000 0.000000 0.000000 0.000000 0.000000'/>
				</IndexedFaceSet>
			</Shape>
			<Shape DEF='_IDX_1417'>
				<Appearance USE='Material_53_IDX_53'/>
				<IndexedFaceSet coordIndex='0 1 2 3 -1'>
					<Coordinate point='0.230751 0.284954 -0.000008 0.238131 0.278816 -0.000006 0.119065 0.139408 -0.000000 0.115375 0.142477 -0.000000'/>
				</IndexedFaceSet>
			</Shape>
			<Shape DEF='_IDX_1418'>
				<Appearance USE='Material_52_IDX_52'/>
				<IndexedFaceSet coordIndex='0 1 2 3 -1'>
					<Coordinate point='0.346126 0.427430 -0.000439 0.357197 0.418223 -0.000358 0.238131 0.278816 -0.000006 0.230751 0.284954 -0.000008'/>
				</IndexedFaceSet>
			</Shape>
			<Shape DEF='_IDX_1419'>
				<Appearance USE='Material_51_IDX_51'/>
				<IndexedFaceSet coordIndex='0 1 2 3 -1'>
					<Coordinate point='0.461554 0.569771 -0.007791 0.476372 0.557537 -0.006361 0.357197 0.418223 -0.000358 0.346126 0.427430 -0.000439'/>
				</IndexedFaceSet>
			</Shape>
			<Shape DEF='_IDX_1420'>
				<Appearance USE='Material_50_IDX_50'/>
				<IndexedFaceSet coordIndex='0 1 2 3 -1'>
					<Coordinate point='0.580488 0.702978 -0.072556 0.602989 0.690495 -0.059242 0.476372 0.557537 -0.006361 0.461554 0.569771 -0.007791'/>
				</IndexedFaceSet>
			</Shape>
			<Shape DEF='_IDX_1421'>
				<Appearance USE='Material_49_IDX_49'/>
				<IndexedFaceSet coordIndex='0 1 2 3 -1'>
					<Coordinate point='0.807607 0.554350 -0.449249 0.959160 0.627396 -0.366811 0.602989 0.690495 -0.059242 0.580488 0.702978 -0.072556'/>
				</IndexedFaceSet>
			</Shape>
			<Shape DEF='_IDX_1422'>
				<Appearance USE='Material_60_IDX_60'/>
				<IndexedFaceSet coordIndex='0 1 2 3 -1'>
					<Coordinate point='0.119065 0.139408 -0.000000 0.122674 0.136243 -0.000000 0.000000 0.000000 0.000000 0.000000 0.000000 0.000000'/>
				</IndexedFaceSet>
			</Shape>
			<Shape DEF='_IDX_1423'>
				<Appearance USE='Material_59_IDX_59'/>
				<IndexedFaceSet coordIndex='0 1 2 3 -1'>
					<Coordinate point='0.238131 0.278816 -0.000006 0.245348 0.272486 -0.000004 0.122674 0.136243 -0.000000 0.119065 0.139408 -0.000000'/>
				</IndexedFaceSet>
			</Shape>
			<Shape DEF='_IDX_1424'>
				<Appearance USE='Material_58_IDX_58'/>
				<IndexedFaceSet coordIndex='0 1 2 3 -1'>
					<Coordinate point='0.357197 0.418223 -0.000358 0.368022 0.408730 -0.000253 0.245348 0.272486 -0.000004 0.238131 0.278816 -0.000006'/>
				</IndexedFaceSet>
			</Shape>
			<Shape DEF='_IDX_1425'>
				<Appearance USE='Material_57_IDX_57'/>
				<IndexedFaceSet coordIndex='0 1 2 3 -1'>
					<Coordinate point='0.476372 0.557537 -0.006361 0.490838 0.544943 -0.004498 0.368022 0.408730 -0.000253 0.357197 0.418223 -0.000358'/>
				</IndexedFaceSet>
			</Shape>
			<Shape DEF='_IDX_1426'>
				<Appearance USE='Material_56_IDX_56'/>
				<IndexedFaceSet coordIndex='0 1 2 3 -1'>
					<Coordinate point='0.602989 0.690495 -0.059242 0.623225 0.679121 -0.041890 0.490838 0.544943 -0.004498 0.476372 0.557537 -0.006361'/>
				</IndexedFaceSet>
			</Shape>
			<Shape DEF='_IDX_1427'>
				<Appearance USE='Material_55_IDX_55'/>
				<IndexedFaceSet coordIndex='0 1 2 3 -1'>
					<Coordinate point='0.959160 0.627396 -0.366811 1.050900 0.750535 -0.259374 0.623225 0.679121 -0.041890 0.602989 0.690495 -0.059242'/>
				</IndexedFaceSet>
			</Shape>
			<Shape DEF='_IDX_1428'>
				<Appearance USE='Material_66_IDX_66'/>
				<IndexedFaceSet coordIndex='0 1 2 3 -1'>
					<Coordinate point='0.122674 0.136243 -0.000000 0.126198 0.132985 -0.000000 0.000000 0.000000 0.000000 0.000000 0.000000 0.000000'/>
				</IndexedFaceSet>
			</Shape>
			<Shape DEF='_IDX_1429'>
				<Appearance USE='Material_65_IDX_65'/>
				<IndexedFaceSet coordIndex='0 1 2 3 -1'>
					<Coordinate point='0.245348 0.272486 -0.000004 0.252397 0.265971 -0.000002 0.126198 0.132985 -0.000000 0.122674 0.136243 -0.000000'/>
				</IndexedFaceSet>
			</Shape>
			<Shape DEF='_IDX_1430'>
				<Appearance USE='Material_64_IDX_64'/>
				<IndexedFaceSet coordIndex='0 1 2 3 -1'>
					<Coordinate point='0.368022 0.408730 -0.000253 0.378596 0.398956 -0.000131 0.252397 0.265971 -0.000002 0.245348 0.272486 -0.000004'/>
				</IndexedFaceSet>
			</Shape>
			<Shape DEF='_IDX_1431'>
				<Appearance USE='Material_63_IDX_63'/>
				<IndexedFaceSet coordIndex='0 1 2 3 -1'>
					<Coordinate point='0.490838 0.544943 -0.004498 0.504933 0.531982 -0.002328 0.378596 0.398956 -0.000131 0.368022 0.408730 -0.000253'/>
				</IndexedFaceSet>
			</Shape>
			<Shape DEF='_IDX_1432'>
				<Appearance USE='Material_62_IDX_62'/>
				<IndexedFaceSet coordIndex='0 1 2 3 -1'>
					<Coordinate point='0.623225 0.679121 -0.041890 0.640652 0.667788 -0.021684 0.504933 0.531982 -0.002328 0.490838 0.544943 -0.004498'/>
				</IndexedFaceSet>
			</Shape>
			<Shape DEF='_IDX_1433'>
				<Appearance USE='Material_61_IDX_61'/>
				<IndexedFaceSet coordIndex='0 1 2 3 -1'>
					<Coordinate point='1.050900 0.750535 -0.259374 1.065825 0.889333 -0.134262 0.640652 0.667788 -0.021684 0.623225 0.679121 -0.041890'/>
				</IndexedFaceSet>
			</Shape>
			<Shape DEF='_IDX_1434'>
				<Appearance USE='Material_72_IDX_72'/>
				<IndexedFaceSet coordIndex='0 1 2 3 -1'>
					<Coordinate point='0.126198 0.132985 -0.000000 0.129636 0.129636 -0.000000 0.000000 0.000000 0.000000 0.000000 0.000000 0.000000'/>
				</IndexedFaceSet>
			</Shape>
			<Shape DEF='_IDX_1435'>
				<Appearance USE='Material_71_IDX_71'/>
				<IndexedFaceSet coordIndex='0 1 2 3 -1'>
					<Coordinate point='0.252397 0.265971 -0.000002 0.259272 0.259272 -0.000000 0.129636 0.129636 -0.000000 0.126198 0.132985 -0.000000'/>
				</IndexedFaceSet>
			</Shape>
			<Shape DEF='_IDX_1436'>
				<Appearance USE='Material_70_IDX_70'/>
				<IndexedFaceSet coordIndex='0 1 2 3 -1'>
					<Coordinate point='0.378596 0.398956 -0.000131 0.388909 0.388909 -0.000000 0.259272 0.259272 -0.000000 0.252397 0.265971 -0.000002'/>
				</IndexedFaceSet>
			</Shape>
			<Shape DEF='_IDX_1437'>
				<Appearance USE='Material_69_IDX_69'/>
				<IndexedFaceSet coordIndex='0 1 2 3 -1'>
					<Coordinate point='0.504933 0.531982 -0.002328 0.518648 0.518648 -0.000000 0.388909 0.388909 -0.000000 0.378596 0.398956 -0.000131'/>
				</IndexedFaceSet>
			</Shape>
			<Shape DEF='_IDX_1438'>
				<Appearance USE='Material_68_IDX_68'/>
				<IndexedFaceSet coordIndex='0 1 2 3 -1'>
					<Coordinate point='0.640652 0.667788 -0.021684 0.655306 0.655306 -0.000000 0.518648 0.518648 -0.000000 0.504933 0.531982 -0.002328'/>
				</IndexedFaceSet>
			</Shape>
			<Shape DEF='_IDX_1439'>
				<Appearance USE='Material_67_IDX_67'/>
				<IndexedFaceSet coordIndex='0 1 2 3 -1'>
					<Coordinate point='1.065825 0.889333 -0.134262 1.005428 1.005428 -0.000000 0.655306 0.655306 -0.000000 0.640652 0.667788 -0.021684'/>
				</IndexedFaceSet>
			</Shape>
			<Shape DEF='_IDX_1440'>
				<Appearance USE='Material_1_IDX_1'/>
				<IndexedFaceSet coordIndex='0 1 2 3 -1'>
					<Coordinate point='0.183333 0.000000 0.000000 0.183271 -0.004799 0.000000 0.000000 0.000000 0.000000 0.000000 0.000000 0.000000'/>
				</IndexedFaceSet>
			</Shape>
			<Shape DEF='_IDX_1441'>
				<Appearance USE='Material_2_IDX_2'/>
				<IndexedFaceSet coordIndex='0 1 2 3 -1'>
					<Coordinate point='0.366667 0.000000 0.000009 0.366541 -0.009598 0.000008 0.183271 -0.004799 0.000000 0.183333 0.000000 0.000000'/>
				</IndexedFaceSet>
			</Shape>
			<Shape DEF='_IDX_1442'>
				<Appearance USE='Material_3_IDX_3'/>
				<IndexedFaceSet coordIndex='0 1 2 3 -1'>
					<Coordinate point='0.549999 0.000000 0.000507 0.549811 -0.014398 0.000489 0.366541 -0.009598 0.000008 0.366667 0.000000 0.000009'/>
				</IndexedFaceSet>
			</Shape>
			<Shape DEF='_IDX_1443'>
				<Appearance USE='Material_4_IDX_4'/>
				<IndexedFaceSet coordIndex='0 1 2 3 -1'>
					<Coordinate point='0.733188 0.000000 0.008996 0.732954 -0.019266 0.008689 0.549811 -0.014398 0.000489 0.549999 0.000000 0.000507'/>
				</IndexedFaceSet>
			</Shape>
			<Shape DEF='_IDX_1444'>
				<Appearance USE='Material_5_IDX_5'/>
				<IndexedFaceSet coordIndex='0 1 2 3 -1'>
					<Coordinate point='0.906591 0.000000 0.083781 0.907498 -0.028803 0.080926 0.732954 -0.019266 0.008689 0.733188 0.000000 0.008996'/>
				</IndexedFaceSet>
			</Shape>
			<Shape DEF='_IDX_1445'>
				<Appearance USE='Material_6_IDX_6'/>
				<IndexedFaceSet coordIndex='0 1 2 3 -1'>
					<Coordinate point='0.778110 0.000000 0.518749 0.816741 -0.182387 0.501073 0.907498 -0.028803 0.080926 0.906591 0.000000 0.083781'/>
				</IndexedFaceSet>
			</Shape>
			<Shape DEF='_IDX_1446'>
				<Appearance USE='Material_7_IDX_7'/>
				<IndexedFaceSet coordIndex='0 1 2 3 -1'>
					<Coordinate point='0.183271 -0.004799 0.000000 0.183082 -0.009595 0.000000 0.000000 0.000000 0.000000 0.000000 0.000000 0.000000'/>
				</IndexedFaceSet>
			</Shape>
			<Shape DEF='_IDX_1447'>
				<Appearance USE='Material_8_IDX_8'/>
				<IndexedFaceSet coordIndex='0 1 2 3 -1'>
					<Coordinate point='0.366541 -0.009598 0.000008 0.366164 -0.019190 0.000008 0.183082 -0.009595 0.000000 0.183271 -0.004799 0.000000'/>
				</IndexedFaceSet>
			</Shape>
			<Shape DEF='_IDX_1448'>
				<Appearance USE='Material_9_IDX_9'/>
				<IndexedFaceSet coordIndex='0 1 2 3 -1'>
					<Coordinate point='0.549811 -0.014398 0.000489 0.549246 -0.028785 0.000439 0.366164 -0.019190 0.000008 0.366541 -0.009598 0.000008'/>
				</IndexedFaceSet>
			</Shape>
			<Shape DEF='_IDX_1449'>
				<Appearance USE='Material_10_IDX_10'/>
				<IndexedFaceSet coordIndex='0 1 2 3 -1'>
					<Coordinate point='0.732954 -0.019266 0.008689 0.732249 -0.038501 0.007791 0.549246 -0.028785 0.000439 0.549811 -0.014398 0.000489'/>
				</IndexedFaceSet>
			</Shape>
			<Shape DEF='_IDX_1450'>
				<Appearance USE='Material_11_IDX_11'/>
				<IndexedFaceSet coordIndex='0 1 2 3 -1'>
					<Coordinate point='0.907498 -0.028803 0.080926 0.909923 -0.056425 0.072556 0.732249 -0.038501 0.007791 0.732954 -0.019266 0.008689'/>
				</IndexedFaceSet>
			</Shape>
			<Shape DEF='_IDX_1451'>
				<Appearance USE='Material_12_IDX_12'/>
				<IndexedFaceSet coordIndex='0 1 2 3 -1'>
					<Coordinate point='0.816741 -0.182387 0.501073 0.923179 -0.327529 0.449249 0.909923 -0.056425 0.072556 0.907498 -0.028803 0.080926'/>
				</IndexedFaceSet>
			</Shape>
			<Shape DEF='_IDX_1452'>
				<Appearance USE='Material_13_IDX_13'/>
				<IndexedFaceSet coordIndex='0 1 2 3 -1'>
					<Coordinate point='0.183082 -0.009595 0.000000 0.182768 -0.014384 0.000000 0.000000 0.000000 0.000000 0.000000 0.000000 0.000000'/>
				</IndexedFaceSet>
			</Shape>
			<Shape DEF='_IDX_1453'>
				<Appearance USE='Material_14_IDX_14'/>
				<IndexedFaceSet coordIndex='0 1 2 3 -1'>
					<Coordinate point='0.366164 -0.019190 0.000008 0.365536 -0.028768 0.000006 0.182768 -0.014384 0.000000 0.183082 -0.009595 0.000000'/>
				</IndexedFaceSet>
			</Shape>
			<Shape DEF='_IDX_1454'>
				<Appearance USE='Material_15_IDX_15'/>
				<IndexedFaceSet coordIndex='0 1 2 3 -1'>
					<Coordinate point='0.549246 -0.028785 0.000439 0.548304 -0.043153 0.000358 0.365536 -0.028768 0.000006 0.366164 -0.019190 0.000008'/>
				</IndexedFaceSet>
			</Shape>
			<Shape DEF='_IDX_1455'>
				<Appearance USE='Material_16_IDX_16'/>
				<IndexedFaceSet coordIndex='0 1 2 3 -1'>
					<Coordinate point='0.732249 -0.038501 0.007791 0.731061 -0.057681 0.006361 0.548304 -0.043153 0.000358 0.549246 -0.028785 0.000439'/>
				</IndexedFaceSet>
			</Shape>
			<Shape DEF='_IDX_1456'>
				<Appearance USE='Material_17_IDX_17'/>
				<IndexedFaceSet coordIndex='0 1 2 3 -1'>
					<Coordinate point='0.909923 -0.056425 0.072556 0.913050 -0.081965 0.059242 0.731061 -0.057681 0.006361 0.732249 -0.038501 0.007791'/>
				</IndexedFaceSet>
			</Shape>
			<Shape DEF='_IDX_1457'>
				<Appearance USE='Material_18_IDX_18'/>
				<IndexedFaceSet coordIndex='0 1 2 3 -1'>
					<Coordinate point='0.923179 -0.327529 0.449249 1.071354 -0.407203 0.366811 0.913050 -0.081965 0.059242 0.909923 -0.056425 0.072556'/>
				</IndexedFaceSet>
			</Shape>
			<Shape DEF='_IDX_1458'>
				<Appearance USE='Material_19_IDX_19'/>
				<IndexedFaceSet coordIndex='0 1 2 3 -1'>
					<Coordinate point='0.182768 -0.014384 0.000000 0.182329 -0.019164 0.000000 0.000000 0.000000 0.000000 0.000000 0.000000 0.000000'/>
				</IndexedFaceSet>
			</Shape>
			<Shape DEF='_IDX_1459'>
				<Appearance USE='Material_20_IDX_20'/>
				<IndexedFaceSet coordIndex='0 1 2 3 -1'>
					<Coordinate point='0.365536 -0.028768 0.000006 0.364658 -0.038327 0.000004 0.182329 -0.019164 0.000000 0.182768 -0.014384 0.000000'/>
				</IndexedFaceSet>
			</Shape>
			<Shape DEF='_IDX_1460'>
				<Appearance USE='Material_21_IDX_21'/>
				<IndexedFaceSet coordIndex='0 1 2 3 -1'>
					<Coordinate point='0.548304 -0.043153 0.000358 0.546987 -0.057491 0.000253 0.364658 -0.038327 0.000004 0.365536 -0.028768 0.000006'/>
				</IndexedFaceSet>
			</Shape>
			<Shape DEF='_IDX_1461'>
				<Appearance USE='Material_22_IDX_22'/>
				<IndexedFaceSet coordIndex='0 1 2 3 -1'>
					<Coordinate point='0.731061 -0.057681 0.006361 0.729375 -0.076787 0.004498 0.546987 -0.057491 0.000253 0.548304 -0.043153 0.000358'/>
				</IndexedFaceSet>
			</Shape>
			<Shape DEF='_IDX_1462'>
				<Appearance USE='Material_23_IDX_23'/>
				<IndexedFaceSet coordIndex='0 1 2 3 -1'>
					<Coordinate point='0.913050 -0.081965 0.059242 0.915743 -0.105022 0.041890 0.729375 -0.076787 0.004498 0.731061 -0.057681 0.006361'/>
				</IndexedFaceSet>
			</Shape>
			<Shape DEF='_IDX_1463'>
				<Appearance USE='Material_24_IDX_24'/>
				<IndexedFaceSet coordIndex='0 1 2 3 -1'>
					<Coordinate point='1.071354 -0.407203 0.366811 1.224899 -0.409042 0.259374 0.915743 -0.105022 0.041890 0.913050 -0.081965 0.059242'/>
				</IndexedFaceSet>
			</Shape>
			<Shape DEF='_IDX_1464'>
				<Appearance USE='Material_25_IDX_25'/>
				<IndexedFaceSet coordIndex='0 1 2 3 -1'>
					<Coordinate point='0.182329 -0.019164 0.000000 0.181765 -0.023930 0.000000 0.000000 0.000000 0.000000 0.000000 0.000000 0.000000'/>
				</IndexedFaceSet>
			</Shape>
			<Shape DEF='_IDX_1465'>
				<Appearance USE='Material_26_IDX_26'/>
				<IndexedFaceSet coordIndex='0 1 2 3 -1'>
					<Coordinate point='0.364658 -0.038327 0.000004 0.363530 -0.047860 0.000002 0.181765 -0.023930 0.000000 0.182329 -0.019164 0.000000'/>
				</IndexedFaceSet>
			</Shape>
			<Shape DEF='_IDX_1466'>
				<Appearance USE='Material_27_IDX_27'/>
				<IndexedFaceSet coordIndex='0 1 2 3 -1'>
					<Coordinate point='0.546987 -0.057491 0.000253 0.545295 -0.071790 0.000131 0.363530 -0.047860 0.000002 0.364658 -0.038327 0.000004'/>
				</IndexedFaceSet>
			</Shape>
			<Shape DEF='_IDX_1467'>
				<Appearance USE='Material_28_IDX_28'/>
				<IndexedFaceSet coordIndex='0 1 2 3 -1'>
					<Coordinate point='0.729375 -0.076787 0.004498 0.727175 -0.095808 0.002328 0.545295 -0.071790 0.000131 0.546987 -0.057491 0.000253'/>
				</IndexedFaceSet>
			</Shape>
			<Shape DEF='_IDX_1468'>
				<Appearance USE='Material_29_IDX_29'/>
				<IndexedFaceSet coordIndex='0 1 2 3 -1'>
					<Coordinate point='0.915743 -0.105022 0.041890 0.916818 -0.125783 0.021684 0.727175 -0.095808 0.002328 0.729375 -0.076787 0.004498'/>
				</IndexedFaceSet>
			</Shape>
			<Shape DEF='_IDX_1469'>
				<Appearance USE='Material_30_IDX_30'/>
				<IndexedFaceSet coordIndex='0 1 2 3 -1'>
					<Coordinate point='1.224899 -0.409042 0.259374 1.345962 -0.339533 0.134262 0.916818 -0.125783 0.021684 0.915743 -0.105022 0.041890'/>
				</IndexedFaceSet>
			</Shape>
			<Shape DEF='_IDX_1470'>
				<Appearance USE='Material_31_IDX_31'/>
				<IndexedFaceSet coordIndex='0 1 2 3 -1'>
					<Coordinate point='0.181765 -0.023930 0.000000 0.181076 -0.028680 0.000000 0.000000 0.000000 0.000000 0.000000 0.000000 0.000000'/>
				</IndexedFaceSet>
			</Shape>
			<Shape DEF='_IDX_1471'>
				<Appearance USE='Material_32_IDX_32'/>
				<IndexedFaceSet coordIndex='0 1 2 3 -1'>
					<Coordinate point='0.363530 -0.047860 0.000002 0.362152 -0.057359 0.000000 0.181076 -0.028680 0.000000 0.181765 -0.023930 0.000000'/>
				</IndexedFaceSet>
			</Shape>
			<Shape DEF='_IDX_1472'>
				<Appearance USE='Material_33_IDX_33'/>
				<IndexedFaceSet coordIndex='0 1 2 3 -1'>
					<Coordinate point='0.545295 -0.071790 0.000131 0.543229 -0.086039 -0.000000 0.362152 -0.057359 0.000000 0.363530 -0.047860 0.000002'/>
				</IndexedFaceSet>
			</Shape>
			<Shape DEF='_IDX_1473'>
				<Appearance USE='Material_34_IDX_34'/>
				<IndexedFaceSet coordIndex='0 1 2 3 -1'>
					<Coordinate point='0.727175 -0.095808 0.002328 0.724448 -0.114741 0.000000 0.543229 -0.086039 -0.000000 0.545295 -0.071790 0.000131'/>
				</IndexedFaceSet>
			</Shape>
			<Shape DEF='_IDX_1474'>
				<Appearance USE='Material_35_IDX_35'/>
				<IndexedFaceSet coordIndex='0 1 2 3 -1'>
					<Coordinate point='0.916818 -0.125783 0.021684 0.915332 -0.144974 0.000000 0.724448 -0.114741 0.000000 0.727175 -0.095808 0.002328'/>
				</IndexedFaceSet>
			</Shape>
			<Shape DEF='_IDX_1475'>
				<Appearance USE='Material_36_IDX_36'/>
				<IndexedFaceSet coordIndex='0 1 2 3 -1'>
					<Coordinate point='1.345962 -0.339533 0.134262 1.404384 -0.222433 -0.000000 0.915332 -0.144974 0.000000 0.916818 -0.125783 0.021684'/>
				</IndexedFaceSet>
			</Shape>
			<Shape DEF='_IDX_1476'>
				<Appearance USE='Material_37_IDX_37'/>
				<IndexedFaceSet coordIndex='0 1 2 3 -1'>
					<Coordinate point='0.862220 -0.280152 -0.083781 0.871983 -0.253039 -0.080926 0.833127 -0.078926 -0.501073 0.740027 -0.240449 -0.518749'/>
				</IndexedFaceSet>
			</Shape>
			<Shape DEF='_IDX_1477'>
				<Appearance USE='Material_38_IDX_38'/>
				<IndexedFaceSet coordIndex='0 1 2 3 -1'>
					<Coordinate point='0.697303 -0.226568 -0.008996 0.703035 -0.208173 -0.008689 0.871983 -0.253039 -0.080926 0.862220 -0.280152 -0.083781'/>
				</IndexedFaceSet>
			</Shape>
			<Shape DEF='_IDX_1478'>
				<Appearance USE='Material_39_IDX_39'/>
				<IndexedFaceSet coordIndex='0 1 2 3 -1'>
					<Coordinate point='0.523081 -0.169959 -0.000507 0.527350 -0.156208 -0.000489 0.703035 -0.208173 -0.008689 0.697303 -0.226568 -0.008996'/>
				</IndexedFaceSet>
			</Shape>
			<Shape DEF='_IDX_1479'>
				<Appearance USE='Material_40_IDX_40'/>
				<IndexedFaceSet coordIndex='0 1 2 3 -1'>
					<Coordinate point='0.348721 -0.113306 -0.000009 0.351567 -0.104139 -0.000008 0.527350 -0.156208 -0.000489 0.523081 -0.169959 -0.000507'/>
				</IndexedFaceSet>
			</Shape>
			<Shape DEF='_IDX_1480'>
				<Appearance USE='Material_41_IDX_41'/>
				<IndexedFaceSet coordIndex='0 1 2 3 -1'>
					<Coordinate point='0.174360 -0.056653 -0.000000 0.175784 -0.052069 -0.000000 0.351567 -0.104139 -0.000008 0.348721 -0.113306 -0.000009'/>
				</IndexedFaceSet>
			</Shape>
			<Shape DEF='_IDX_1481'>
				<Appearance USE='Material_42_IDX_42'/>
				<IndexedFaceSet coordIndex='0 1 2 3 -1'>
					<Coordinate point='0.000000 0.000000 0.000000 0.000000 0.000000 0.000000 0.175784 -0.052069 -0.000000 0.174360 -0.056653 -0.000000'/>
				</IndexedFaceSet>
			</Shape>
			<Shape DEF='_IDX_1482'>
				<Appearance USE='Material_43_IDX_43'/>
				<IndexedFaceSet coordIndex='0 1 2 3 -1'>
					<Coordinate point='0.871983 -0.253039 -0.080926 0.882824 -0.227519 -0.072556 0.979207 0.026221 -0.449249 0.833127 -0.078926 -0.501073'/>
				</IndexedFaceSet>
			</Shape>
			<Shape DEF='_IDX_1483'>
				<Appearance USE='Material_44_IDX_44'/>
				<IndexedFaceSet coordIndex='0 1 2 3 -1'>
					<Coordinate point='0.703035 -0.208173 -0.008689 0.708308 -0.189660 -0.007791 0.882824 -0.227519 -0.072556 0.871983 -0.253039 -0.080926'/>
				</IndexedFaceSet>
			</Shape>
			<Shape DEF='_IDX_1484'>
				<Appearance USE='Material_45_IDX_45'/>
				<IndexedFaceSet coordIndex='0 1 2 3 -1'>
					<Coordinate point='0.527350 -0.156208 -0.000489 0.531259 -0.142350 -0.000439 0.708308 -0.189660 -0.007791 0.703035 -0.208173 -0.008689'/>
				</IndexedFaceSet>
			</Shape>
			<Shape DEF='_IDX_1485'>
				<Appearance USE='Material_46_IDX_46'/>
				<IndexedFaceSet coordIndex='0 1 2 3 -1'>
					<Coordinate point='0.351567 -0.104139 -0.000008 0.354173 -0.094900 -0.000008 0.531259 -0.142350 -0.000439 0.527350 -0.156208 -0.000489'/>
				</IndexedFaceSet>
			</Shape>
			<Shape DEF='_IDX_1486'>
				<Appearance USE='Material_47_IDX_47'/>
				<IndexedFaceSet coordIndex='0 1 2 3 -1'>
					<Coordinate point='0.175784 -0.052069 -0.000000 0.177086 -0.047450 -0.000000 0.354173 -0.094900 -0.000008 0.351567 -0.104139 -0.000008'/>
				</IndexedFaceSet>
			</Shape>
			<Shape DEF='_IDX_1487'>
				<Appearance USE='Material_48_IDX_48'/>
				<IndexedFaceSet coordIndex='0 1 2 3 -1'>
					<Coordinate point='0.000000 0.000000 0.000000 0.000000 0.000000 0.000000 0.177086 -0.047450 -0.000000 0.175784 -0.052069 -0.000000'/>
				</IndexedFaceSet>
			</Shape>
			<Shape DEF='_IDX_1488'>
				<Appearance USE='Material_49_IDX_49'/>
				<IndexedFaceSet coordIndex='0 1 2 3 -1'>
					<Coordinate point='0.882824 -0.227519 -0.072556 0.893691 -0.204195 -0.059242 1.144751 0.056206 -0.366811 0.979207 0.026221 -0.449249'/>
				</IndexedFaceSet>
			</Shape>
			<Shape DEF='_IDX_1489'>
				<Appearance USE='Material_50_IDX_50'/>
				<IndexedFaceSet coordIndex='0 1 2 3 -1'>
					<Coordinate point='0.708308 -0.189660 -0.007791 0.713105 -0.171052 -0.006361 0.893691 -0.204195 -0.059242 0.882824 -0.227519 -0.072556'/>
				</IndexedFaceSet>
			</Shape>
			<Shape DEF='_IDX_1490'>
				<Appearance USE='Material_51_IDX_51'/>
				<IndexedFaceSet coordIndex='0 1 2 3 -1'>
					<Coordinate point='0.531259 -0.142350 -0.000439 0.534804 -0.128394 -0.000358 0.713105 -0.171052 -0.006361 0.708308 -0.189660 -0.007791'/>
				</IndexedFaceSet>
			</Shape>
			<Shape DEF='_IDX_1491'>
				<Appearance USE='Material_52_IDX_52'/>
				<IndexedFaceSet coordIndex='0 1 2 3 -1'>
					<Coordinate point='0.354173 -0.094900 -0.000008 0.356536 -0.085597 -0.000006 0.534804 -0.128394 -0.000358 0.531259 -0.142350 -0.000439'/>
				</IndexedFaceSet>
			</Shape>
			<Shape DEF='_IDX_1492'>
				<Appearance USE='Material_53_IDX_53'/>
				<IndexedFaceSet coordIndex='0 1 2 3 -1'>
					<Coordinate point='0.177086 -0.047450 -0.000000 0.178268 -0.042798 -0.000000 0.356536 -0.085597 -0.000006 0.354173 -0.094900 -0.000008'/>
				</IndexedFaceSet>
			</Shape>
			<Shape DEF='_IDX_1493'>
				<Appearance USE='Material_54_IDX_54'/>
				<IndexedFaceSet coordIndex='0 1 2 3 -1'>
					<Coordinate point='0.000000 0.000000 0.000000 0.000000 0.000000 0.000000 0.178268 -0.042798 -0.000000 0.177086 -0.047450 -0.000000'/>
				</IndexedFaceSet>
			</Shape>
			<Shape DEF='_IDX_1494'>
				<Appearance USE='Material_55_IDX_55'/>
				<IndexedFaceSet coordIndex='0 1 2 3 -1'>
					<Coordinate point='0.893691 -0.204195 -0.059242 0.903377 -0.183098 -0.041890 1.291349 0.010508 -0.259374 1.144751 0.056206 -0.366811'/>
				</IndexedFaceSet>
			</Shape>
			<Shape DEF='_IDX_1495'>
				<Appearance USE='Material_56_IDX_56'/>
				<IndexedFaceSet coordIndex='0 1 2 3 -1'>
					<Coordinate point='0.713105 -0.171052 -0.006361 0.717405 -0.152361 -0.004498 0.903377 -0.183098 -0.041890 0.893691 -0.204195 -0.059242'/>
				</IndexedFaceSet>
			</Shape>
			<Shape DEF='_IDX_1496'>
				<Appearance USE='Material_57_IDX_57'/>
				<IndexedFaceSet coordIndex='0 1 2 3 -1'>
					<Coordinate point='0.534804 -0.128394 -0.000358 0.537982 -0.114351 -0.000253 0.717405 -0.152361 -0.004498 0.713105 -0.171052 -0.006361'/>
				</IndexedFaceSet>
			</Shape>
			<Shape DEF='_IDX_1497'>
				<Appearance USE='Material_58_IDX_58'/>
				<IndexedFaceSet coordIndex='0 1 2 3 -1'>
					<Coordinate point='0.356536 -0.085597 -0.000006 0.358654 -0.076234 -0.000004 0.537982 -0.114351 -0.000253 0.534804 -0.128394 -0.000358'/>
				</IndexedFaceSet>
			</Shape>
			<Shape DEF='_IDX_1498'>
				<Appearance USE='Material_59_IDX_59'/>
				<IndexedFaceSet coordIndex='0 1 2 3 -1'>
					<Coordinate point='0.178268 -0.042798 -0.000000 0.179327 -0.038117 -0.000000 0.358654 -0.076234 -0.000004 0.356536 -0.085597 -0.000006'/>
				</IndexedFaceSet>
			</Shape>
			<Shape DEF='_IDX_1499'>
				<Appearance USE='Material_60_IDX_60'/>
				<IndexedFaceSet coordIndex='0 1 2 3 -1'>
					<Coordinate point='0.000000 0.000000 0.000000 0.000000 0.000000 0.000000 0.179327 -0.038117 -0.000000 0.178268 -0.042798 -0.000000'/>
				</IndexedFaceSet>
			</Shape>
			<Shape DEF='_IDX_1500'>
				<Appearance USE='Material_61_IDX_61'/>
				<IndexedFaceSet coordIndex='0 1 2 3 -1'>
					<Coordinate point='0.903377 -0.183098 -0.041890 0.910815 -0.163686 -0.021684 1.385007 -0.093010 -0.134262 1.291349 0.010508 -0.259374'/>
				</IndexedFaceSet>
			</Shape>
			<Shape DEF='_IDX_1501'>
				<Appearance USE='Material_62_IDX_62'/>
				<IndexedFaceSet coordIndex='0 1 2 3 -1'>
					<Coordinate point='0.717405 -0.152361 -0.004498 0.721190 -0.133591 -0.002328 0.910815 -0.163686 -0.021684 0.903377 -0.183098 -0.041890'/>
				</IndexedFaceSet>
			</Shape>
			<Shape DEF='_IDX_1502'>
				<Appearance USE='Material_63_IDX_63'/>
				<IndexedFaceSet coordIndex='0 1 2 3 -1'>
					<Coordinate point='0.537982 -0.114351 -0.000253 0.540791 -0.100229 -0.000131 0.721190 -0.133591 -0.002328 0.717405 -0.152361 -0.004498'/>
				</IndexedFaceSet>
			</Shape>
			<Shape DEF='_IDX_1503'>
				<Appearance USE='Material_64_IDX_64'/>
				<IndexedFaceSet coordIndex='0 1 2 3 -1'>
					<Coordinate point='0.358654 -0.076234 -0.000004 0.360527 -0.066820 -0.000002 0.540791 -0.100229 -0.000131 0.537982 -0.114351 -0.000253'/>
				</IndexedFaceSet>
			</Shape>
			<Shape DEF='_IDX_1504'>
				<Appearance USE='Material_65_IDX_65'/>
				<IndexedFaceSet coordIndex='0 1 2 3 -1'>
					<Coordinate point='0.179327 -0.038117 -0.000000 0.180263 -0.033410 -0.000000 0.360527 -0.066820 -0.000002 0.358654 -0.076234 -0.000004'/>
				</IndexedFaceSet>
			</Shape>
			<Shape DEF='_IDX_1505'>
				<Appearance USE='Material_66_IDX_66'/>
				<IndexedFaceSet coordIndex='0 1 2 3 -1'>
					<Coordinate point='0.000000 0.000000 0.000000 0.000000 0.000000 0.000000 0.180263 -0.033410 -0.000000 0.179327 -0.038117 -0.000000'/>
				</IndexedFaceSet>
			</Shape>
			<Shape DEF='_IDX_1506'>
				<Appearance USE='Material_67_IDX_67'/>
				<IndexedFaceSet coordIndex='0 1 2 3 -1'>
					<Coordinate point='0.910815 -0.163686 -0.021684 0.915332 -0.144974 -0.000000 1.404384 -0.222433 -0.000000 1.385007 -0.093010 -0.134262'/>
				</IndexedFaceSet>
			</Shape>
			<Shape DEF='_IDX_1507'>
				<Appearance USE='Material_68_IDX_68'/>
				<IndexedFaceSet coordIndex='0 1 2 3 -1'>
					<Coordinate point='0.721190 -0.133591 -0.002328 0.724448 -0.114741 -0.000000 0.915332 -0.144974 -0.000000 0.910815 -0.163686 -0.021684'/>
				</IndexedFaceSet>
			</Shape>
			<Shape DEF='_IDX_1508'>
				<Appearance USE='Material_69_IDX_69'/>
				<IndexedFaceSet coordIndex='0 1 2 3 -1'>
					<Coordinate point='0.540791 -0.100229 -0.000131 0.543229 -0.086039 -0.000000 0.724448 -0.114741 -0.000000 0.721190 -0.133591 -0.002328'/>
				</IndexedFaceSet>
			</Shape>
			<Shape DEF='_IDX_1509'>
				<Appearance USE='Material_70_IDX_70'/>
				<IndexedFaceSet coordIndex='0 1 2 3 -1'>
					<Coordinate point='0.360527 -0.066820 -0.000002 0.362152 -0.057359 -0.000000 0.543229 -0.086039 -0.000000 0.540791 -0.100229 -0.000131'/>
				</IndexedFaceSet>
			</Shape>
			<Shape DEF='_IDX_1510'>
				<Appearance USE='Material_71_IDX_71'/>
				<IndexedFaceSet coordIndex='0 1 2 3 -1'>
					<Coordinate point='0.180263 -0.033410 -0.000000 0.181076 -0.028680 -0.000000 0.362152 -0.057359 -0.000000 0.360527 -0.066820 -0.000002'/>
				</IndexedFaceSet>
			</Shape>
			<Shape DEF='_IDX_1511'>
				<Appearance USE='Material_72_IDX_72'/>
				<IndexedFaceSet coordIndex='0 1 2 3 -1'>
					<Coordinate point='0.000000 0.000000 0.000000 0.000000 0.000000 0.000000 0.181076 -0.028680 -0.000000 0.180263 -0.033410 -0.000000'/>
				</IndexedFaceSet>
			</Shape>
			<Shape DEF='_IDX_1512'>
				<Appearance USE='Material_73_IDX_73'/>
				<IndexedFaceSet coordIndex='0 1 2 3 -1'>
					<Coordinate point='0.906591 0.000000 0.083781 0.907498 0.028803 0.080926 0.816741 0.182387 0.501073 0.778110 0.000000 0.518749'/>
				</IndexedFaceSet>
			</Shape>
			<Shape DEF='_IDX_1513'>
				<Appearance USE='Material_5_IDX_5'/>
				<IndexedFaceSet coordIndex='0 1 2 3 -1'>
					<Coordinate point='0.733188 0.000000 0.008996 0.732954 0.019266 0.008689 0.907498 0.028803 0.080926 0.906591 0.000000 0.083781'/>
				</IndexedFaceSet>
			</Shape>
			<Shape DEF='_IDX_1514'>
				<Appearance USE='Material_4_IDX_4'/>
				<IndexedFaceSet coordIndex='0 1 2 3 -1'>
					<Coordinate point='0.549999 0.000000 0.000507 0.549811 0.014398 0.000489 0.732954 0.019266 0.008689 0.733188 0.000000 0.008996'/>
				</IndexedFaceSet>
			</Shape>
			<Shape DEF='_IDX_1515'>
				<Appearance USE='Material_3_IDX_3'/>
				<IndexedFaceSet coordIndex='0 1 2 3 -1'>
					<Coordinate point='0.366667 0.000000 0.000009 0.366541 0.009598 0.000008 0.549811 0.014398 0.000489 0.549999 0.000000 0.000507'/>
				</IndexedFaceSet>
			</Shape>
			<Shape DEF='_IDX_1516'>
				<Appearance USE='Material_2_IDX_2'/>
				<IndexedFaceSet coordIndex='0 1 2 3 -1'>
					<Coordinate point='0.183333 0.000000 0.000000 0.183271 0.004799 0.000000 0.366541 0.009598 0.000008 0.366667 0.000000 0.000009'/>
				</IndexedFaceSet>
			</Shape>
			<Shape DEF='_IDX_1517'>
				<Appearance USE='Material_1_IDX_1'/>
				<IndexedFaceSet coordIndex='0 1 2 3 -1'>
					<Coordinate point='0.000000 0.000000 0.000000 0.000000 0.000000 0.000000 0.183271 0.004799 0.000000 0.183333 0.000000 0.000000'/>
				</IndexedFaceSet>
			</Shape>
			<Shape DEF='_IDX_1518'>
				<Appearance USE='Material_74_IDX_74'/>
				<IndexedFaceSet coordIndex='0 1 2 3 -1'>
					<Coordinate point='0.907498 0.028803 0.080926 0.909923 0.056425 0.072556 0.923179 0.327529 0.449249 0.816741 0.182387 0.501073'/>
				</IndexedFaceSet>
			</Shape>
			<Shape DEF='_IDX_1519'>
				<Appearance USE='Material_11_IDX_11'/>
				<IndexedFaceSet coordIndex='0 1 2 3 -1'>
					<Coordinate point='0.732954 0.019266 0.008689 0.732249 0.038501 0.007791 0.909923 0.056425 0.072556 0.907498 0.028803 0.080926'/>
				</IndexedFaceSet>
			</Shape>
			<Shape DEF='_IDX_1520'>
				<Appearance USE='Material_10_IDX_10'/>
				<IndexedFaceSet coordIndex='0 1 2 3 -1'>
					<Coordinate point='0.549811 0.014398 0.000489 0.549246 0.028785 0.000439 0.732249 0.038501 0.007791 0.732954 0.019266 0.008689'/>
				</IndexedFaceSet>
			</Shape>
			<Shape DEF='_IDX_1521'>
				<Appearance USE='Material_9_IDX_9'/>
				<IndexedFaceSet coordIndex='0 1 2 3 -1'>
					<Coordinate point='0.366541 0.009598 0.000008 0.366164 0.019190 0.000008 0.549246 0.028785 0.000439 0.549811 0.014398 0.000489'/>
				</IndexedFaceSet>
			</Shape>
			<Shape DEF='_IDX_1522'>
				<Appearance USE='Material_8_IDX_8'/>
				<IndexedFaceSet coordIndex='0 1 2 3 -1'>
					<Coordinate point='0.183271 0.004799 0.000000 0.183082 0.009595 0.000000 0.366164 0.019190 0.000008 0.366541 0.009598 0.000008'/>
				</IndexedFaceSet>
			</Shape>
			<Shape DEF='_IDX_1523'>
				<Appearance USE='Material_7_IDX_7'/>
				<IndexedFaceSet coordIndex='0 1 2 3 -1'>
					<Coordinate point='0.000000 0.000000 0.000000 0.000000 0.000000 0.000000 0.183082 0.009595 0.000000 0.183271 0.004799 0.000000'/>
				</IndexedFaceSet>
			</Shape>
			<Shape DEF='_IDX_1524'>
				<Appearance USE='Material_18_IDX_18'/>
				<IndexedFaceSet coordIndex='0 1 2 3 -1'>
					<Coordinate point='0.909923 0.056425 0.072556 0.913050 0.081965 0.059242 1.071354 0.407203 0.366811 0.923179 0.327529 0.449249'/>
				</IndexedFaceSet>
			</Shape>
			<Shape DEF='_IDX_1525'>
				<Appearance USE='Material_17_IDX_17'/>
				<IndexedFaceSet coordIndex='0 1 2 3 -1'>
					<Coordinate point='0.732249 0.038501 0.007791 0.731061 0.057681 0.006361 0.913050 0.081965 0.059242 0.909923 0.056425 0.072556'/>
				</IndexedFaceSet>
			</Shape>
			<Shape DEF='_IDX_1526'>
				<Appearance USE='Material_16_IDX_16'/>
				<IndexedFaceSet coordIndex='0 1 2 3 -1'>
					<Coordinate point='0.549246 0.028785 0.000439 0.548304 0.043153 0.000358 0.731061 0.057681 0.006361 0.732249 0.038501 0.007791'/>
				</IndexedFaceSet>
			</Shape>
			<Shape DEF='_IDX_1527'>
				<Appearance USE='Material_15_IDX_15'/>
				<IndexedFaceSet coordIndex='0 1 2 3 -1'>
					<Coordinate point='0.366164 0.019190 0.000008 0.365536 0.028768 0.000006 0.548304 0.043153 0.000358 0.549246 0.028785 0.000439'/>
				</IndexedFaceSet>
			</Shape>
			<Shape DEF='_IDX_1528'>
				<Appearance USE='Material_14_IDX_14'/>
				<IndexedFaceSet coordIndex='0 1 2 3 -1'>
					<Coordinate point='0.183082 0.009595 0.000000 0.182768 0.014384 0.000000 0.365536 0.028768 0.000006 0.366164 0.019190 0.000008'/>
				</IndexedFaceSet>
			</Shape>
			<Shape DEF='_IDX_1529'>
				<Appearance USE='Material_13_IDX_13'/>
				<IndexedFaceSet coordIndex='0 1 2 3 -1'>
					<Coordinate point='0.000000 0.000000 0.000000 0.000000 0.000000 0.000000 0.182768 0.014384 0.000000 0.183082 0.009595 0.000000'/>
				</IndexedFaceSet>
			</Shape>
			<Shape DEF='_IDX_1530'>
				<Appearance USE='Material_24_IDX_24'/>
				<IndexedFaceSet coordIndex='0 1 2 3 -1'>
					<Coordinate point='0.913050 0.081965 0.059242 0.915743 0.105022 0.041890 1.224899 0.409042 0.259374 1.071354 0.407203 0.366811'/>
				</IndexedFaceSet>
			</Shape>
			<Shape DEF='_IDX_1531'>
				<Appearance USE='Material_23_IDX_23'/>
				<IndexedFaceSet coordIndex='0 1 2 3 -1'>
					<Coordinate point='0.731061 0.057681 0.006361 0.729375 0.076787 0.004498 0.915743 0.105022 0.041890 0.913050 0.081965 0.059242'/>
				</IndexedFaceSet>
			</Shape>
			<Shape DEF='_IDX_1532'>
				<Appearance USE='Material_22_IDX_22'/>
				<IndexedFaceSet coordIndex='0 1 2 3 -1'>
					<Coordinate point='0.548304 0.043153 0.000358 0.546987 0.057491 0.000253 0.729375 0.076787 0.004498 0.731061 0.057681 0.006361'/>
				</IndexedFaceSet>
			</Shape>
			<Shape DEF='_IDX_1533'>
				<Appearance USE='Material_21_IDX_21'/>
				<IndexedFaceSet coordIndex='0 1 2 3 -1'>
					<Coordinate point='0.365536 0.028768 0.000006 0.364658 0.038327 0.000004 0.546987 0.057491 0.000253 0.548304 0.043153 0.000358'/>
				</IndexedFaceSet>
			</Shape>
			<Shape DEF='_IDX_1534'>
				<Appearance USE='Material_20_IDX_20'/>
				<IndexedFaceSet coordIndex='0 1 2 3 -1'>
					<Coordinate point='0.182768 0.014384 0.000000 0.182329 0.019164 0.000000 0.364658 0.038327 0.000004 0.365536 0.028768 0.000006'/>
				</IndexedFaceSet>
			</Shape>
			<Shape DEF='_IDX_1535'>
				<Appearance USE='Material_19_IDX_19'/>
				<IndexedFaceSet coordIndex='0 1 2 3 -1'>
					<Coordinate point='0.000000 0.000000 0.000000 0.000000 0.000000 0.000000 0.182329 0.019164 0.000000 0.182768 0.014384 0.000000'/>
				</IndexedFaceSet>
			</Shape>
			<Shape DEF='_IDX_1536'>
				<Appearance USE='Material_30_IDX_30'/>
				<IndexedFaceSet coordIndex='0 1 2 3 -1'>
					<Coordinate point='0.915743 0.105022 0.041890 0.916818 0.125783 0.021684 1.345962 0.339533 0.134262 1.224899 0.409042 0.259374'/>
				</IndexedFaceSet>
			</Shape>
			<Shape DEF='_IDX_1537'>
				<Appearance USE='Material_29_IDX_29'/>
				<IndexedFaceSet coordIndex='0 1 2 3 -1'>
					<Coordinate point='0.729375 0.076787 0.004498 0.727175 0.095808 0.002328 0.916818 0.125783 0.021684 0.915743 0.105022 0.041890'/>
				</IndexedFaceSet>
			</Shape>
			<Shape DEF='_IDX_1538'>
				<Appearance USE='Material_28_IDX_28'/>
				<IndexedFaceSet coordIndex='0 1 2 3 -1'>
					<Coordinate point='0.546987 0.057491 0.000253 0.545295 0.071790 0.000131 0.727175 0.095808 0.002328 0.729375 0.076787 0.004498'/>
				</IndexedFaceSet>
			</Shape>
			<Shape DEF='_IDX_1539'>
				<Appearance USE='Material_27_IDX_27'/>
				<IndexedFaceSet coordIndex='0 1 2 3 -1'>
					<Coordinate point='0.364658 0.038327 0.000004 0.363530 0.047860 0.000002 0.545295 0.071790 0.000131 0.546987 0.057491 0.000253'/>
				</IndexedFaceSet>
			</Shape>
			<Shape DEF='_IDX_1540'>
				<Appearance USE='Material_26_IDX_26'/>
				<IndexedFaceSet coordIndex='0 1 2 3 -1'>
					<Coordinate point='0.182329 0.019164 0.000000 0.181765 0.023930 0.000000 0.363530 0.047860 0.000002 0.364658 0.038327 0.000004'/>
				</IndexedFaceSet>
			</Shape>
			<Shape DEF='_IDX_1541'>
				<Appearance USE='Material_25_IDX_25'/>
				<IndexedFaceSet coordIndex='0 1 2 3 -1'>
					<Coordinate point='0.000000 0.000000 0.000000 0.000000 0.000000 0.000000 0.181765 0.023930 0.000000 0.182329 0.019164 0.000000'/>
				</IndexedFaceSet>
			</Shape>
			<Shape DEF='_IDX_1542'>
				<Appearance USE='Material_36_IDX_36'/>
				<IndexedFaceSet coordIndex='0 1 2 3 -1'>
					<Coordinate point='0.916818 0.125783 0.021684 0.915332 0.144974 0.000000 1.404384 0.222433 -0.000000 1.345962 0.339533 0.134262'/>
				</IndexedFaceSet>
			</Shape>
			<Shape DEF='_IDX_1543'>
				<Appearance USE='Material_35_IDX_35'/>
				<IndexedFaceSet coordIndex='0 1 2 3 -1'>
					<Coordinate point='0.727175 0.095808 0.002328 0.724448 0.114741 0.000000 0.915332 0.144974 0.000000 0.916818 0.125783 0.021684'/>
				</IndexedFaceSet>
			</Shape>
			<Shape DEF='_IDX_1544'>
				<Appearance USE='Material_34_IDX_34'/>
				<IndexedFaceSet coordIndex='0 1 2 3 -1'>
					<Coordinate point='0.545295 0.071790 0.000131 0.543229 0.086039 -0.000000 0.724448 0.114741 0.000000 0.727175 0.095808 0.002328'/>
				</IndexedFaceSet>
			</Shape>
			<Shape DEF='_IDX_1545'>
				<Appearance USE='Material_33_IDX_33'/>
				<IndexedFaceSet coordIndex='0 1 2 3 -1'>
					<Coordinate point='0.363530 0.047860 0.000002 0.362152 0.057359 0.000000 0.543229 0.086039 -0.000000 0.545295 0.071790 0.000131'/>
				</IndexedFaceSet>
			</Shape>
			<Shape DEF='_IDX_1546'>
				<Appearance USE='Material_32_IDX_32'/>
				<IndexedFaceSet coordIndex='0 1 2 3 -1'>
					<Coordinate point='0.181765 0.023930 0.000000 0.181076 0.028680 0.000000 0.362152 0.057359 0.000000 0.363530 0.047860 0.000002'/>
				</IndexedFaceSet>
			</Shape>
			<Shape DEF='_IDX_1547'>
				<Appearance USE='Material_31_IDX_31'/>
				<IndexedFaceSet coordIndex='0 1 2 3 -1'>
					<Coordinate point='0.000000 0.000000 0.000000 0.000000 0.000000 0.000000 0.181076 0.028680 0.000000 0.181765 0.023930 0.000000'/>
				</IndexedFaceSet>
			</Shape>
			<Shape DEF='_IDX_1548'>
				<Appearance USE='Material_42_IDX_42'/>
				<IndexedFaceSet coordIndex='0 1 2 3 -1'>
					<Coordinate point='0.174360 0.056653 -0.000000 0.175784 0.052069 -0.000000 0.000000 0.000000 0.000000 0.000000 0.000000 0.000000'/>
				</IndexedFaceSet>
			</Shape>
			<Shape DEF='_IDX_1549'>
				<Appearance USE='Material_41_IDX_41'/>
				<IndexedFaceSet coordIndex='0 1 2 3 -1'>
					<Coordinate point='0.348721 0.113306 -0.000009 0.351567 0.104139 -0.000008 0.175784 0.052069 -0.000000 0.174360 0.056653 -0.000000'/>
				</IndexedFaceSet>
			</Shape>
			<Shape DEF='_IDX_1550'>
				<Appearance USE='Material_40_IDX_40'/>
				<IndexedFaceSet coordIndex='0 1 2 3 -1'>
					<Coordinate point='0.523081 0.169959 -0.000507 0.527350 0.156208 -0.000489 0.351567 0.104139 -0.000008 0.348721 0.113306 -0.000009'/>
				</IndexedFaceSet>
			</Shape>
			<Shape DEF='_IDX_1551'>
				<Appearance USE='Material_39_IDX_39'/>
				<IndexedFaceSet coordIndex='0 1 2 3 -1'>
					<Coordinate point='0.697303 0.226568 -0.008996 0.703035 0.208173 -0.008689 0.527350 0.156208 -0.000489 0.523081 0.169959 -0.000507'/>
				</IndexedFaceSet>
			</Shape>
			<Shape DEF='_IDX_1552'>
				<Appearance USE='Material_38_IDX_38'/>
				<IndexedFaceSet coordIndex='0 1 2 3 -1'>
					<Coordinate point='0.862220 0.280152 -0.083781 0.871983 0.253039 -0.080926 0.703035 0.208173 -0.008689 0.697303 0.226568 -0.008996'/>
				</IndexedFaceSet>
			</Shape>
			<Shape DEF='_IDX_1553'>
				<Appearance USE='Material_75_IDX_75'/>
				<IndexedFaceSet coordIndex='0 1 2 3 -1'>
					<Coordinate point='0.740027 0.240449 -0.518749 0.833127 0.078926 -0.501073 0.871983 0.253039 -0.080926 0.862220 0.280152 -0.083781'/>
				</IndexedFaceSet>
			</Shape>
			<Shape DEF='_IDX_1554'>
				<Appearance USE='Material_48_IDX_48'/>
				<IndexedFaceSet coordIndex='0 1 2 3 -1'>
					<Coordinate point='0.175784 0.052069 -0.000000 0.177086 0.047450 -0.000000 0.000000 0.000000 0.000000 0.000000 0.000000 0.000000'/>
				</IndexedFaceSet>
			</Shape>
			<Shape DEF='_IDX_1555'>
				<Appearance USE='Material_47_IDX_47'/>
				<IndexedFaceSet coordIndex='0 1 2 3 -1'>
					<Coordinate point='0.351567 0.104139 -0.000008 0.354173 0.094900 -0.000008 0.177086 0.047450 -0.000000 0.175784 0.052069 -0.000000'/>
				</IndexedFaceSet>
			</Shape>
			<Shape DEF='_IDX_1556'>
				<Appearance USE='Material_46_IDX_46'/>
				<IndexedFaceSet coordIndex='0 1 2 3 -1'>
					<Coordinate point='0.527350 0.156208 -0.000489 0.531259 0.142350 -0.000439 0.354173 0.094900 -0.000008 0.351567 0.104139 -0.000008'/>
				</IndexedFaceSet>
			</Shape>
			<Shape DEF='_IDX_1557'>
				<Appearance USE='Material_45_IDX_45'/>
				<IndexedFaceSet coordIndex='0 1 2 3 -1'>
					<Coordinate point='0.703035 0.208173 -0.008689 0.708308 0.189660 -0.007791 0.531259 0.142350 -0.000439 0.527350 0.156208 -0.000489'/>
				</IndexedFaceSet>
			</Shape>
			<Shape DEF='_IDX_1558'>
				<Appearance USE='Material_44_IDX_44'/>
				<IndexedFaceSet coordIndex='0 1 2 3 -1'>
					<Coordinate point='0.871983 0.253039 -0.080926 0.882824 0.227519 -0.072556 0.708308 0.189660 -0.007791 0.703035 0.208173 -0.008689'/>
				</IndexedFaceSet>
			</Shape>
			<Shape DEF='_IDX_1559'>
				<Appearance USE='Material_76_IDX_76'/>
				<IndexedFaceSet coordIndex='0 1 2 3 -1'>
					<Coordinate point='0.833127 0.078926 -0.501073 0.979207 -0.026221 -0.449249 0.882824 0.227519 -0.072556 0.871983 0.253039 -0.080926'/>
				</IndexedFaceSet>
			</Shape>
			<Shape DEF='_IDX_1560'>
				<Appearance USE='Material_54_IDX_54'/>
				<IndexedFaceSet coordIndex='0 1 2 3 -1'>
					<Coordinate point='0.177086 0.047450 -0.000000 0.178268 0.042798 -0.000000 0.000000 0.000000 0.000000 0.000000 0.000000 0.000000'/>
				</IndexedFaceSet>
			</Shape>
			<Shape DEF='_IDX_1561'>
				<Appearance USE='Material_53_IDX_53'/>
				<IndexedFaceSet coordIndex='0 1 2 3 -1'>
					<Coordinate point='0.354173 0.094900 -0.000008 0.356536 0.085597 -0.000006 0.178268 0.042798 -0.000000 0.177086 0.047450 -0.000000'/>
				</IndexedFaceSet>
			</Shape>
			<Shape DEF='_IDX_1562'>
				<Appearance USE='Material_52_IDX_52'/>
				<IndexedFaceSet coordIndex='0 1 2 3 -1'>
					<Coordinate point='0.531259 0.142350 -0.000439 0.534804 0.128394 -0.000358 0.356536 0.085597 -0.000006 0.354173 0.094900 -0.000008'/>
				</IndexedFaceSet>
			</Shape>
			<Shape DEF='_IDX_1563'>
				<Appearance USE='Material_51_IDX_51'/>
				<IndexedFaceSet coordIndex='0 1 2 3 -1'>
					<Coordinate point='0.708308 0.189660 -0.007791 0.713105 0.171052 -0.006361 0.534804 0.128394 -0.000358 0.531259 0.142350 -0.000439'/>
				</IndexedFaceSet>
			</Shape>
			<Shape DEF='_IDX_1564'>
				<Appearance USE='Material_50_IDX_50'/>
				<IndexedFaceSet coordIndex='0 1 2 3 -1'>
					<Coordinate point='0.882824 0.227519 -0.072556 0.893691 0.204195 -0.059242 0.713105 0.171052 -0.006361 0.708308 0.189660 -0.007791'/>
				</IndexedFaceSet>
			</Shape>
			<Shape DEF='_IDX_1565'>
				<Appearance USE='Material_49_IDX_49'/>
				<IndexedFaceSet coordIndex='0 1 2 3 -1'>
					<Coordinate point='0.979207 -0.026221 -0.449249 1.144751 -0.056206 -0.366811 0.893691 0.204195 -0.059242 0.882824 0.227519 -0.072556'/>
				</IndexedFaceSet>
			</Shape>
			<Shape DEF='_IDX_1566'>
				<Appearance USE='Material_60_IDX_60'/>
				<IndexedFaceSet coordIndex='0 1 2 3 -1'>
					<Coordinate point='0.178268 0.042798 -0.000000 0.179327 0.038117 -0.000000 0.000000 0.000000 0.000000 0.000000 0.000000 0.000000'/>
				</IndexedFaceSet>
			</Shape>
			<Shape DEF='_IDX_1567'>
				<Appearance USE='Material_59_IDX_59'/>
				<IndexedFaceSet coordIndex='0 1 2 3 -1'>
					<Coordinate point='0.356536 0.085597 -0.000006 0.358654 0.076234 -0.000004 0.179327 0.038117 -0.000000 0.178268 0.042798 -0.000000'/>
				</IndexedFaceSet>
			</Shape>
			<Shape DEF='_IDX_1568'>
				<Appearance USE='Material_58_IDX_58'/>
				<IndexedFaceSet coordIndex='0 1 2 3 -1'>
					<Coordinate point='0.534804 0.128394 -0.000358 0.537982 0.114351 -0.000253 0.358654 0.076234 -0.000004 0.356536 0.085597 -0.000006'/>
				</IndexedFaceSet>
			</Shape>
			<Shape DEF='_IDX_1569'>
				<Appearance USE='Material_57_IDX_57'/>
				<IndexedFaceSet coordIndex='0 1 2 3 -1'>
					<Coordinate point='0.713105 0.171052 -0.006361 0.717405 0.152361 -0.004498 0.537982 0.114351 -0.000253 0.534804 0.128394 -0.000358'/>
				</IndexedFaceSet>
			</Shape>
			<Shape DEF='_IDX_1570'>
				<Appearance USE='Material_56_IDX_56'/>
				<IndexedFaceSet coordIndex='0 1 2 3 -1'>
					<Coordinate point='0.893691 0.204195 -0.059242 0.903377 0.183098 -0.041890 0.717405 0.152361 -0.004498 0.713105 0.171052 -0.006361'/>
				</IndexedFaceSet>
			</Shape>
			<Shape DEF='_IDX_1571'>
				<Appearance USE='Material_55_IDX_55'/>
				<IndexedFaceSet coordIndex='0 1 2 3 -1'>
					<Coordinate point='1.144751 -0.056206 -0.366811 1.291349 -0.010508 -0.259374 0.903377 0.183098 -0.041890 0.893691 0.204195 -0.059242'/>
				</IndexedFaceSet>
			</Shape>
			<Shape DEF='_IDX_1572'>
				<Appearance USE='Material_66_IDX_66'/>
				<IndexedFaceSet coordIndex='0 1 2 3 -1'>
					<Coordinate point='0.179327 0.038117 -0.000000 0.180263 0.033410 -0.000000 0.000000 0.000000 0.000000 0.000000 0.000000 0.000000'/>
				</IndexedFaceSet>
			</Shape>
			<Shape DEF='_IDX_1573'>
				<Appearance USE='Material_65_IDX_65'/>
				<IndexedFaceSet coordIndex='0 1 2 3 -1'>
					<Coordinate point='0.358654 0.076234 -0.000004 0.360527 0.066820 -0.000002 0.180263 0.033410 -0.000000 0.179327 0.038117 -0.000000'/>
				</IndexedFaceSet>
			</Shape>
			<Shape DEF='_IDX_1574'>
				<Appearance USE='Material_64_IDX_64'/>
				<IndexedFaceSet coordIndex='0 1 2 3 -1'>
					<Coordinate point='0.537982 0.114351 -0.000253 0.540791 0.100229 -0.000131 0.360527 0.066820 -0.000002 0.358654 0.076234 -0.000004'/>
				</IndexedFaceSet>
			</Shape>
			<Shape DEF='_IDX_1575'>
				<Appearance USE='Material_63_IDX_63'/>
				<IndexedFaceSet coordIndex='0 1 2 3 -1'>
					<Coordinate point='0.717405 0.152361 -0.004498 0.721190 0.133591 -0.002328 0.540791 0.100229 -0.000131 0.537982 0.114351 -0.000253'/>
				</IndexedFaceSet>
			</Shape>
			<Shape DEF='_IDX_1576'>
				<Appearance USE='Material_62_IDX_62'/>
				<IndexedFaceSet coordIndex='0 1 2 3 -1'>
					<Coordinate point='0.903377 0.183098 -0.041890 0.910815 0.163686 -0.021684 0.721190 0.133591 -0.002328 0.717405 0.152361 -0.004498'/>
				</IndexedFaceSet>
			</Shape>
			<Shape DEF='_IDX_1577'>
				<Appearance USE='Material_61_IDX_61'/>
				<IndexedFaceSet coordIndex='0 1 2 3 -1'>
					<Coordinate point='1.291349 -0.010508 -0.259374 1.385007 0.093010 -0.134262 0.910815 0.163686 -0.021684 0.903377 0.183098 -0.041890'/>
				</IndexedFaceSet>
			</Shape>
			<Shape DEF='_IDX_1578'>
				<Appearance USE='Material_72_IDX_72'/>
				<IndexedFaceSet coordIndex='0 1 2 3 -1'>
					<Coordinate point='0.180263 0.033410 -0.000000 0.181076 0.028680 -0.000000 0.000000 0.000000 0.000000 0.000000 0.000000 0.000000'/>
				</IndexedFaceSet>
			</Shape>
			<Shape DEF='_IDX_1579'>
				<Appearance USE='Material_71_IDX_71'/>
				<IndexedFaceSet coordIndex='0 1 2 3 -1'>
					<Coordinate point='0.360527 0.066820 -0.000002 0.362152 0.057359 -0.000000 0.181076 0.028680 -0.000000 0.180263 0.033410 -0.000000'/>
				</IndexedFaceSet>
			</Shape>
			<Shape DEF='_IDX_1580'>
				<Appearance USE='Material_70_IDX_70'/>
				<IndexedFaceSet coordIndex='0 1 2 3 -1'>
					<Coordinate point='0.540791 0.100229 -0.000131 0.543229 0.086039 -0.000000 0.362152 0.057359 -0.000000 0.360527 0.066820 -0.000002'/>
				</IndexedFaceSet>
			</Shape>
			<Shape DEF='_IDX_1581'>
				<Appearance USE='Material_69_IDX_69'/>
				<IndexedFaceSet coordIndex='0 1 2 3 -1'>
					<Coordinate point='0.721190 0.133591 -0.002328 0.724448 0.114741 -0.000000 0.543229 0.086039 -0.000000 0.540791 0.100229 -0.000131'/>
				</IndexedFaceSet>
			</Shape>
			<Shape DEF='_IDX_1582'>
				<Appearance USE='Material_68_IDX_68'/>
				<IndexedFaceSet coordIndex='0 1 2 3 -1'>
					<Coordinate point='0.910815 0.163686 -0.021684 0.915332 0.144974 -0.000000 0.724448 0.114741 -0.000000 0.721190 0.133591 -0.002328'/>
				</IndexedFaceSet>
			</Shape>
			<Shape DEF='_IDX_1583'>
				<Appearance USE='Material_67_IDX_67'/>
				<IndexedFaceSet coordIndex='0 1 2 3 -1'>
					<Coordinate point='1.385007 0.093010 -0.134262 1.404384 0.222433 -0.000000 0.915332 0.144974 -0.000000 0.910815 0.163686 -0.021684'/>
				</IndexedFaceSet>
			</Shape>
		</Group>
	</Scene>
</X3D>
