<?xml version="1.0" encoding="UTF-8"?>
<!DOCTYPE X3D PUBLIC "ISO//Web3D//DTD X3D 3.3//EN" "http://www.web3d.org/specifications/x3d-3.3.dtd">
<X3D profile='Interchange' version='3.3' xmlns:xsd='http://www.w3.org/2001/XMLSchema-instance' xsd:noNamespaceSchemaLocation='http://www.web3d.org/specifications/x3d-3.3.xsd'>
	<head>
	<!-- All "meta" from this section tou will found in <Scene> node as MetadataString nodes. -->
	</head>
	<Scene>
		<Group>
			<Shape DEF='_IDX_0'>
				<Appearance DEF='Material_1_IDX_1'>
					<Material diffuseColor='0.412399 0.112010 0.577601'/>
					
				</Appearance>
				<IndexedFaceSet solid="false" coordIndex='0 1 2 3 -1'>
					<Coordinate point='5.550510 0.000000 -4.685461 5.279368 -1.642524 -4.682814 6.638822 -2.100119 -5.156240 6.980209 -0.000000 -5.157872'/>
				</IndexedFaceSet>
			</Shape>
			<Shape DEF='_IDX_1'>
				<Appearance DEF='Material_2_IDX_2'>
					<Material diffuseColor='0.305085 0.128256 0.674836'/>
					
				</Appearance>
				<IndexedFaceSet solid="false" coordIndex='0 1 2 3 -1'>
					<Coordinate point='4.468782 0.000000 -4.216564 4.251137 -1.288363 -4.212311 5.279368 -1.642524 -4.682814 5.550510 0.000000 -4.685461'/>
				</IndexedFaceSet>
			</Shape>
			<Shape DEF='_IDX_2'>
				<Appearance DEF='Material_3_IDX_3'>
					<Material diffuseColor='0.261375 0.206361 0.750678'/>
					
				</Appearance>
				<IndexedFaceSet solid="false" coordIndex='0 1 2 3 -1'>
					<Coordinate point='3.666279 -0.000000 -3.753291 3.489020 -1.015627 -3.746565 4.251137 -1.288363 -4.212311 4.468782 0.000000 -4.216564'/>
				</IndexedFaceSet>
			</Shape>
			<Shape DEF='_IDX_3'>
				<Appearance DEF='Material_4_IDX_4'>
					<Material diffuseColor='0.247154 0.298422 0.794382'/>
					
				</Appearance>
				<IndexedFaceSet solid="false" coordIndex='0 1 2 3 -1'>
					<Coordinate point='3.091025 0.000000 -3.298854 2.944070 -0.807633 -3.288481 3.489020 -1.015627 -3.746565 3.666279 -0.000000 -3.753291'/>
				</IndexedFaceSet>
			</Shape>
			<Shape DEF='_IDX_4'>
				<Appearance DEF='Material_5_IDX_5'>
					<Material diffuseColor='0.249267 0.390757 0.812894'/>
					
				</Appearance>
				<IndexedFaceSet solid="false" coordIndex='0 1 2 3 -1'>
					<Coordinate point='2.703905 0.000000 -2.857929 2.579860 -0.652092 -2.842526 2.944070 -0.807633 -3.288481 3.091025 0.000000 -3.298854'/>
				</IndexedFaceSet>
			</Shape>
			<Shape DEF='_IDX_5'>
				<Appearance DEF='Material_6_IDX_6'>
					<Material diffuseColor='0.264099 0.475151 0.803773'/>
					
				</Appearance>
				<IndexedFaceSet solid="false" coordIndex='0 1 2 3 -1'>
					<Coordinate point='2.475239 -0.000000 -2.436837 2.369165 -0.540378 -2.415189 2.579860 -0.652092 -2.842526 2.703905 0.000000 -2.857929'/>
				</IndexedFaceSet>
			</Shape>
			<Shape DEF='_IDX_6'>
				<Appearance DEF='Material_7_IDX_7'>
					<Material diffuseColor='0.287810 0.540568 0.768270'/>
					
				</Appearance>
				<IndexedFaceSet solid="false" coordIndex='0 1 2 3 -1'>
					<Coordinate point='2.381716 0.000000 -2.043256 2.290701 -0.466730 -2.015000 2.369165 -0.540378 -2.415189 2.475239 -0.000000 -2.436837'/>
				</IndexedFaceSet>
			</Shape>
			<Shape DEF='_IDX_7'>
				<Appearance DEF='Material_8_IDX_8'>
					<Material diffuseColor='0.313154 0.594881 0.727205'/>
					
				</Appearance>
				<IndexedFaceSet solid="false" coordIndex='0 1 2 3 -1'>
					<Coordinate point='2.403973 -0.000000 -1.685147 2.326184 -0.427025 -1.651439 2.290701 -0.466730 -2.015000 2.381716 0.000000 -2.043256'/>
				</IndexedFaceSet>
			</Shape>
			<Shape DEF='_IDX_8'>
				<Appearance DEF='Material_9_IDX_9'>
					<Material diffuseColor='0.350631 0.643090 0.662655'/>
					
				</Appearance>
				<IndexedFaceSet solid="false" coordIndex='0 1 2 3 -1'>
					<Coordinate point='2.672751 0.000000 -1.161651 2.612818 -0.426776 -1.125159 2.326184 -0.427025 -1.651439 2.403973 -0.000000 -1.685147'/>
				</IndexedFaceSet>
			</Shape>
			<Shape DEF='_IDX_9'>
				<Appearance DEF='Material_10_IDX_10'>
					<Material diffuseColor='0.396815 0.679903 0.590494'/>
					
				</Appearance>
				<IndexedFaceSet solid="false" coordIndex='0 1 2 3 -1'>
					<Coordinate point='3.178911 -0.000000 -0.775576 3.126952 -0.492247 -0.744536 2.612818 -0.426776 -1.125159 2.672751 0.000000 -1.161651'/>
				</IndexedFaceSet>
			</Shape>
			<Shape DEF='_IDX_10'>
				<Appearance DEF='Material_11_IDX_11'>
					<Material diffuseColor='0.431932 0.702551 0.537830'/>
					
				</Appearance>
				<IndexedFaceSet solid="false" coordIndex='0 1 2 3 -1'>
					<Coordinate point='3.891277 -0.000000 -0.508577 3.837809 -0.602213 -0.485763 3.126952 -0.492247 -0.744536 3.178911 -0.000000 -0.775576'/>
				</IndexedFaceSet>
			</Shape>
			<Shape DEF='_IDX_11'>
				<Appearance DEF='Material_12_IDX_12'>
					<Material diffuseColor='0.460272 0.712070 0.504042'/>
					
				</Appearance>
				<IndexedFaceSet solid="false" coordIndex='0 1 2 3 -1'>
					<Coordinate point='4.814272 -0.000000 -0.330598 4.752639 -0.748336 -0.315004 3.837809 -0.602213 -0.485763 3.891277 -0.000000 -0.508577'/>
				</IndexedFaceSet>
			</Shape>
			<Shape DEF='_IDX_12'>
				<Appearance DEF='Material_13_IDX_13'>
					<Material diffuseColor='0.478955 0.718345 0.481768'/>
					
				</Appearance>
				<IndexedFaceSet solid="false" coordIndex='0 1 2 3 -1'>
					<Coordinate point='5.978673 0.000000 -0.214068 5.904045 -0.932311 -0.203752 4.752639 -0.748336 -0.315004 4.814272 -0.000000 -0.330598'/>
				</IndexedFaceSet>
			</Shape>
			<Shape DEF='_IDX_13'>
				<Appearance DEF='Material_14_IDX_14'>
					<Material diffuseColor='0.491126 0.722433 0.467258'/>
					
				</Appearance>
				<IndexedFaceSet solid="false" coordIndex='0 1 2 3 -1'>
					<Coordinate point='7.434661 -0.000000 -0.138381 7.342673 -1.161342 -0.131652 5.904045 -0.932311 -0.203752 5.978673 0.000000 -0.214068'/>
				</IndexedFaceSet>
			</Shape>
			<Shape DEF='_IDX_14'>
				<Appearance DEF='Material_15_IDX_15'>
					<Material diffuseColor='0.499014 0.725082 0.457854'/>
					
				</Appearance>
				<IndexedFaceSet solid="false" coordIndex='0 1 2 3 -1'>
					<Coordinate point='9.249763 -0.000000 -0.089391 9.135674 -1.446049 -0.085027 7.342673 -1.161342 -0.131652 7.434661 -0.000000 -0.138381'/>
				</IndexedFaceSet>
			</Shape>
			<Shape DEF='_IDX_15'>
				<Appearance DEF='Material_16_IDX_16'>
					<Material diffuseColor='0.504115 0.726796 0.451772'/>
					
				</Appearance>
				<IndexedFaceSet solid="false" coordIndex='0 1 2 3 -1'>
					<Coordinate point='11.510138 -0.000000 -0.057727 11.368328 -1.800080 -0.054905 9.135674 -1.446049 -0.085027 9.249763 -0.000000 -0.089391'/>
				</IndexedFaceSet>
			</Shape>
			<Shape DEF='_IDX_16'>
				<Appearance DEF='Material_17_IDX_17'>
					<Material diffuseColor='0.411428 0.112063 0.578434'/>
					
				</Appearance>
				<IndexedFaceSet solid="false" coordIndex='0 1 2 3 -1'>
					<Coordinate point='5.279368 -1.642524 -4.682814 4.492078 -3.123930 -4.675778 5.647881 -3.994500 -5.151930 6.638822 -2.100119 -5.156240'/>
				</IndexedFaceSet>
			</Shape>
			<Shape DEF='_IDX_17'>
				<Appearance DEF='Material_18_IDX_18'>
					<Material diffuseColor='0.304492 0.129316 0.675865'/>
					
				</Appearance>
				<IndexedFaceSet solid="false" coordIndex='0 1 2 3 -1'>
					<Coordinate point='4.251137 -1.288363 -4.212311 3.618700 -2.449930 -4.200902 4.492078 -3.123930 -4.675778 5.279368 -1.642524 -4.682814'/>
				</IndexedFaceSet>
			</Shape>
			<Shape DEF='_IDX_18'>
				<Appearance DEF='Material_19_IDX_19'>
					<Material diffuseColor='0.260423 0.208062 0.752330'/>
					
				</Appearance>
				<IndexedFaceSet solid="false" coordIndex='0 1 2 3 -1'>
					<Coordinate point='3.489020 -1.015627 -3.746565 2.973053 -1.930493 -3.728267 3.618700 -2.449930 -4.200902 4.251137 -1.288363 -4.212311'/>
				</IndexedFaceSet>
			</Shape>
			<Shape DEF='_IDX_19'>
				<Appearance DEF='Material_20_IDX_20'>
					<Material diffuseColor='0.246989 0.301804 0.795551'/>
					
				</Appearance>
				<IndexedFaceSet solid="false" coordIndex='0 1 2 3 -1'>
					<Coordinate point='2.944070 -0.807633 -3.288481 2.514829 -1.533685 -3.259663 2.973053 -1.930493 -3.728267 3.489020 -1.015627 -3.746565'/>
				</IndexedFaceSet>
			</Shape>
			<Shape DEF='_IDX_20'>
				<Appearance DEF='Material_21_IDX_21'>
					<Material diffuseColor='0.250110 0.395554 0.812376'/>
					
				</Appearance>
				<IndexedFaceSet solid="false" coordIndex='0 1 2 3 -1'>
					<Coordinate point='2.579860 -0.652092 -2.842526 2.215404 -1.235975 -2.798489 2.514829 -1.533685 -3.259663 2.944070 -0.807633 -3.288481'/>
				</IndexedFaceSet>
			</Shape>
			<Shape DEF='_IDX_21'>
				<Appearance DEF='Material_22_IDX_22'>
					<Material diffuseColor='0.265339 0.482211 0.803010'/>
					
				</Appearance>
				<IndexedFaceSet solid="false" coordIndex='0 1 2 3 -1'>
					<Coordinate point='2.369165 -0.540378 -2.415189 2.055214 -1.021237 -2.351102 2.215404 -1.235975 -2.798489 2.579860 -0.652092 -2.842526'/>
				</IndexedFaceSet>
			</Shape>
			<Shape DEF='_IDX_22'>
				<Appearance DEF='Material_23_IDX_23'>
					<Material diffuseColor='0.290906 0.548261 0.763381'/>
					
				</Appearance>
				<IndexedFaceSet solid="false" coordIndex='0 1 2 3 -1'>
					<Coordinate point='2.290701 -0.466730 -2.015000 2.020062 -0.879861 -1.928425 2.055214 -1.021237 -2.351102 2.369165 -0.540378 -2.415189'/>
				</IndexedFaceSet>
			</Shape>
			<Shape DEF='_IDX_23'>
				<Appearance DEF='Material_24_IDX_24'>
					<Material diffuseColor='0.318532 0.601800 0.717941'/>
					
				</Appearance>
				<IndexedFaceSet solid="false" coordIndex='0 1 2 3 -1'>
					<Coordinate point='2.326184 -0.427025 -1.651439 2.095675 -0.806386 -1.545741 2.020062 -0.879861 -1.928425 2.290701 -0.466730 -2.015000'/>
				</IndexedFaceSet>
			</Shape>
			<Shape DEF='_IDX_24'>
				<Appearance DEF='Material_25_IDX_25'>
					<Material diffuseColor='0.356768 0.650985 0.652085'/>
					
				</Appearance>
				<IndexedFaceSet solid="false" coordIndex='0 1 2 3 -1'>
					<Coordinate point='2.612818 -0.426776 -1.125159 2.438568 -0.820009 -1.010972 2.095675 -0.806386 -1.545741 2.326184 -0.427025 -1.651439'/>
				</IndexedFaceSet>
			</Shape>
			<Shape DEF='_IDX_25'>
				<Appearance DEF='Material_26_IDX_26'>
					<Material diffuseColor='0.404239 0.684836 0.579215'/>
					
				</Appearance>
				<IndexedFaceSet solid="false" coordIndex='0 1 2 3 -1'>
					<Coordinate point='3.126952 -0.492247 -0.744536 2.976104 -0.962540 -0.650205 2.438568 -0.820009 -1.010972 2.612818 -0.426776 -1.125159'/>
				</IndexedFaceSet>
			</Shape>
			<Shape DEF='_IDX_26'>
				<Appearance DEF='Material_27_IDX_27'>
					<Material diffuseColor='0.438929 0.704901 0.529488'/>
					
				</Appearance>
				<IndexedFaceSet solid="false" coordIndex='0 1 2 3 -1'>
					<Coordinate point='3.837809 -0.602213 -0.485763 3.680732 -1.186430 -0.418037 2.976104 -0.962540 -0.650205 3.126952 -0.492247 -0.744536'/>
				</IndexedFaceSet>
			</Shape>
			<Shape DEF='_IDX_27'>
				<Appearance DEF='Material_28_IDX_28'>
					<Material diffuseColor='0.465193 0.713723 0.498175'/>
					
				</Appearance>
				<IndexedFaceSet solid="false" coordIndex='0 1 2 3 -1'>
					<Coordinate point='4.752639 -0.748336 -0.315004 4.570139 -1.477481 -0.269288 3.680732 -1.186430 -0.418037 3.837809 -0.602213 -0.485763'/>
				</IndexedFaceSet>
			</Shape>
			<Shape DEF='_IDX_28'>
				<Appearance DEF='Material_29_IDX_29'>
					<Material diffuseColor='0.482251 0.719452 0.477839'/>
					
				</Appearance>
				<IndexedFaceSet solid="false" coordIndex='0 1 2 3 -1'>
					<Coordinate point='5.904045 -0.932311 -0.203752 5.682362 -1.841597 -0.173683 4.570139 -1.477481 -0.269288 4.752639 -0.748336 -0.315004'/>
				</IndexedFaceSet>
			</Shape>
			<Shape DEF='_IDX_29'>
				<Appearance DEF='Material_30_IDX_30'>
					<Material diffuseColor='0.493287 0.723159 0.464681'/>
					
				</Appearance>
				<IndexedFaceSet solid="false" coordIndex='0 1 2 3 -1'>
					<Coordinate point='7.342673 -1.161342 -0.131652 7.069121 -2.294166 -0.112087 5.682362 -1.841597 -0.173683 5.904045 -0.932311 -0.203752'/>
				</IndexedFaceSet>
			</Shape>
			<Shape DEF='_IDX_30'>
				<Appearance DEF='Material_31_IDX_31'>
					<Material diffuseColor='0.500418 0.725554 0.456180'/>
					
				</Appearance>
				<IndexedFaceSet solid="false" coordIndex='0 1 2 3 -1'>
					<Coordinate point='9.135674 -1.446049 -0.085027 8.796273 -2.856570 -0.072355 7.069121 -2.294166 -0.112087 7.342673 -1.161342 -0.131652'/>
				</IndexedFaceSet>
			</Shape>
			<Shape DEF='_IDX_31'>
				<Appearance DEF='Material_32_IDX_32'>
					<Material diffuseColor='0.505024 0.727101 0.450689'/>
					
				</Appearance>
				<IndexedFaceSet solid="false" coordIndex='0 1 2 3 -1'>
					<Coordinate point='11.368328 -1.800080 -0.054905 10.946419 -3.555891 -0.046712 8.796273 -2.856570 -0.072355 9.135674 -1.446049 -0.085027'/>
				</IndexedFaceSet>
			</Shape>
			<Shape DEF='_IDX_32'>
				<Appearance DEF='Material_33_IDX_33'>
					<Material diffuseColor='0.409832 0.112151 0.579803'/>
					
				</Appearance>
				<IndexedFaceSet solid="false" coordIndex='0 1 2 3 -1'>
					<Coordinate point='4.492078 -3.123930 -4.675778 3.264782 -4.299122 -4.666862 4.103940 -5.497672 -5.146521 5.647881 -3.994500 -5.151930'/>
				</IndexedFaceSet>
			</Shape>
			<Shape DEF='_IDX_33'>
				<Appearance DEF='Material_34_IDX_34'>
					<Material diffuseColor='0.303508 0.131074 0.677572'/>
					
				</Appearance>
				<IndexedFaceSet solid="false" coordIndex='0 1 2 3 -1'>
					<Coordinate point='3.618700 -2.449930 -4.200902 2.631480 -3.370791 -4.186214 3.264782 -4.299122 -4.666862 4.492078 -3.123930 -4.675778'/>
				</IndexedFaceSet>
			</Shape>
			<Shape DEF='_IDX_34'>
				<Appearance DEF='Material_35_IDX_35'>
					<Material diffuseColor='0.258819 0.210928 0.755112'/>
					
				</Appearance>
				<IndexedFaceSet solid="false" coordIndex='0 1 2 3 -1'>
					<Coordinate point='2.973053 -1.930493 -3.728267 2.165069 -2.654520 -3.704106 2.631480 -3.370791 -4.186214 3.618700 -2.449930 -4.200902'/>
				</IndexedFaceSet>
			</Shape>
			<Shape DEF='_IDX_35'>
				<Appearance DEF='Material_36_IDX_36'>
					<Material diffuseColor='0.246703 0.307644 0.797569'/>
					
				</Appearance>
				<IndexedFaceSet solid="false" coordIndex='0 1 2 3 -1'>
					<Coordinate point='2.514829 -1.533685 -3.259663 1.837962 -2.105736 -3.220078 2.165069 -2.654520 -3.704106 2.973053 -1.930493 -3.728267'/>
				</IndexedFaceSet>
			</Shape>
			<Shape DEF='_IDX_36'>
				<Appearance DEF='Material_37_IDX_37'>
					<Material diffuseColor='0.251620 0.404143 0.811447'/>
					
				</Appearance>
				<IndexedFaceSet solid="false" coordIndex='0 1 2 3 -1'>
					<Coordinate point='2.215404 -1.235975 -2.798489 1.633059 -1.691124 -2.734313 1.837962 -2.105736 -3.220078 2.514829 -1.533685 -3.259663'/>
				</IndexedFaceSet>
			</Shape>
			<Shape DEF='_IDX_37'>
				<Appearance DEF='Material_38_IDX_38'>
					<Material diffuseColor='0.268930 0.493644 0.798093'/>
					
				</Appearance>
				<IndexedFaceSet solid="false" coordIndex='0 1 2 3 -1'>
					<Coordinate point='2.055214 -1.021237 -2.351102 1.543777 -1.387899 -2.249854 1.633059 -1.691124 -2.734313 2.215404 -1.235975 -2.798489'/>
				</IndexedFaceSet>
			</Shape>
			<Shape DEF='_IDX_38'>
				<Appearance DEF='Material_39_IDX_39'>
					<Material diffuseColor='0.297103 0.563664 0.753592'/>
					
				</Appearance>
				<IndexedFaceSet solid="false" coordIndex='0 1 2 3 -1'>
					<Coordinate point='2.020062 -0.879861 -1.928425 1.572521 -1.185482 -1.778721 1.543777 -1.387899 -2.249854 2.055214 -1.021237 -2.351102'/>
				</IndexedFaceSet>
			</Shape>
			<Shape DEF='_IDX_39'>
				<Appearance DEF='Material_40_IDX_40'>
					<Material diffuseColor='0.329895 0.616416 0.698371'/>
					
				</Appearance>
				<IndexedFaceSet solid="false" coordIndex='0 1 2 3 -1'>
					<Coordinate point='2.095675 -0.806386 -1.545741 1.718524 -1.086311 -1.350665 1.572521 -1.185482 -1.778721 2.020062 -0.879861 -1.928425'/>
				</IndexedFaceSet>
			</Shape>
			<Shape DEF='_IDX_40'>
				<Appearance DEF='Material_41_IDX_41'>
					<Material diffuseColor='0.372516 0.663757 0.627408'/>
					
				</Appearance>
				<IndexedFaceSet solid="false" coordIndex='0 1 2 3 -1'>
					<Coordinate point='2.438568 -0.820009 -1.010972 2.169356 -1.148114 -0.802996 1.718524 -1.086311 -1.350665 2.095675 -0.806386 -1.545741'/>
				</IndexedFaceSet>
			</Shape>
			<Shape DEF='_IDX_41'>
				<Appearance DEF='Material_42_IDX_42'>
					<Material diffuseColor='0.419743 0.695139 0.555662'/>
					
				</Appearance>
				<IndexedFaceSet solid="false" coordIndex='0 1 2 3 -1'>
					<Coordinate point='2.976104 -0.962540 -0.650205 2.741836 -1.393402 -0.490243 2.169356 -1.148114 -0.802996 2.438568 -0.820009 -1.010972'/>
				</IndexedFaceSet>
			</Shape>
			<Shape DEF='_IDX_42'>
				<Appearance DEF='Material_43_IDX_43'>
					<Material diffuseColor='0.452918 0.709600 0.512809'/>
					
				</Appearance>
				<IndexedFaceSet solid="false" coordIndex='0 1 2 3 -1'>
					<Coordinate point='3.680732 -1.186430 -0.418037 3.429505 -1.737218 -0.308372 2.741836 -1.393402 -0.490243 2.976104 -0.962540 -0.650205'/>
				</IndexedFaceSet>
			</Shape>
			<Shape DEF='_IDX_43'>
				<Appearance DEF='Material_44_IDX_44'>
					<Material diffuseColor='0.474769 0.716939 0.486758'/>
					
				</Appearance>
				<IndexedFaceSet solid="false" coordIndex='0 1 2 3 -1'>
					<Coordinate point='4.570139 -1.477481 -0.269288 4.273586 -2.169500 -0.196880 3.429505 -1.737218 -0.308372 3.680732 -1.186430 -0.418037'/>
				</IndexedFaceSet>
			</Shape>
			<Shape DEF='_IDX_44'>
				<Appearance DEF='Material_45_IDX_45'>
					<Material diffuseColor='0.488581 0.721578 0.470291'/>
					
				</Appearance>
				<IndexedFaceSet solid="false" coordIndex='0 1 2 3 -1'>
					<Coordinate point='5.682362 -1.841597 -0.173683 5.320023 -2.705638 -0.126517 4.273586 -2.169500 -0.196880 4.570139 -1.477481 -0.269288'/>
				</IndexedFaceSet>
			</Shape>
			<Shape DEF='_IDX_45'>
				<Appearance DEF='Material_46_IDX_46'>
					<Material diffuseColor='0.497414 0.724545 0.459761'/>
					
				</Appearance>
				<IndexedFaceSet solid="false" coordIndex='0 1 2 3 -1'>
					<Coordinate point='7.069121 -2.294166 -0.112087 6.621130 -3.370715 -0.081524 5.320023 -2.705638 -0.126517 5.682362 -1.841597 -0.173683'/>
				</IndexedFaceSet>
			</Shape>
			<Shape DEF='_IDX_46'>
				<Appearance DEF='Material_47_IDX_47'>
					<Material diffuseColor='0.503094 0.726453 0.452990'/>
					
				</Appearance>
				<IndexedFaceSet solid="false" coordIndex='0 1 2 3 -1'>
					<Coordinate point='8.796273 -2.856570 -0.072355 8.240088 -4.196919 -0.052593 6.621130 -3.370715 -0.081524 7.069121 -2.294166 -0.112087'/>
				</IndexedFaceSet>
			</Shape>
			<Shape DEF='_IDX_47'>
				<Appearance DEF='Material_48_IDX_48'>
					<Material diffuseColor='0.506754 0.727682 0.448626'/>
					
				</Appearance>
				<IndexedFaceSet solid="false" coordIndex='0 1 2 3 -1'>
					<Coordinate point='10.946419 -3.555891 -0.046712 10.254873 -5.224247 -0.033945 8.240088 -4.196919 -0.052593 8.796273 -2.856570 -0.072355'/>
				</IndexedFaceSet>
			</Shape>
			<Shape DEF='_IDX_48'>
				<Appearance DEF='Material_49_IDX_49'>
					<Material diffuseColor='0.408204 0.112240 0.581197'/>
					
				</Appearance>
				<IndexedFaceSet solid="false" coordIndex='0 1 2 3 -1'>
					<Coordinate point='3.264782 -4.299122 -4.666862 1.716880 -5.053325 -4.659461 2.157793 -6.462622 -5.142076 4.103940 -5.497672 -5.146521'/>
				</IndexedFaceSet>
			</Shape>
			<Shape DEF='_IDX_49'>
				<Appearance DEF='Material_50_IDX_50'>
					<Material diffuseColor='0.302493 0.132888 0.679334'/>
					
				</Appearance>
				<IndexedFaceSet solid="false" coordIndex='0 1 2 3 -1'>
					<Coordinate point='2.631480 -3.370791 -4.186214 1.384504 -3.961320 -4.173813 1.716880 -5.053325 -4.659461 3.264782 -4.299122 -4.666862'/>
				</IndexedFaceSet>
			</Shape>
			<Shape DEF='_IDX_50'>
				<Appearance DEF='Material_51_IDX_51'>
					<Material diffuseColor='0.257129 0.213947 0.758045'/>
					
				</Appearance>
				<IndexedFaceSet solid="false" coordIndex='0 1 2 3 -1'>
					<Coordinate point='2.165069 -2.654520 -3.704106 1.140594 -3.117792 -3.683114 1.384504 -3.961320 -4.173813 2.631480 -3.370791 -4.186214'/>
				</IndexedFaceSet>
			</Shape>
			<Shape DEF='_IDX_51'>
				<Appearance DEF='Material_52_IDX_52'>
					<Material diffuseColor='0.246391 0.314011 0.799768'/>
					
				</Appearance>
				<IndexedFaceSet solid="false" coordIndex='0 1 2 3 -1'>
					<Coordinate point='1.837962 -2.105736 -3.220078 0.971695 -2.469321 -3.183969 1.140594 -3.117792 -3.683114 2.165069 -2.654520 -3.704106'/>
				</IndexedFaceSet>
			</Shape>
			<Shape DEF='_IDX_52'>
				<Appearance DEF='Material_53_IDX_53'>
					<Material diffuseColor='0.253359 0.414040 0.810378'/>
					
				</Appearance>
				<IndexedFaceSet solid="false" coordIndex='0 1 2 3 -1'>
					<Coordinate point='1.633059 -1.691124 -2.734313 0.871752 -1.974356 -2.670693 0.971695 -2.469321 -3.183969 1.837962 -2.105736 -3.220078'/>
				</IndexedFaceSet>
			</Shape>
			<Shape DEF='_IDX_53'>
				<Appearance DEF='Material_54_IDX_54'>
					<Material diffuseColor='0.274247 0.506857 0.789695'/>
					
				</Appearance>
				<IndexedFaceSet solid="false" coordIndex='0 1 2 3 -1'>
					<Coordinate point='1.543777 -1.387899 -2.249854 0.846525 -1.600815 -2.134381 0.871752 -1.974356 -2.670693 1.633059 -1.691124 -2.734313'/>
				</IndexedFaceSet>
			</Shape>
			<Shape DEF='_IDX_54'>
				<Appearance DEF='Material_55_IDX_55'>
					<Material diffuseColor='0.306054 0.585749 0.739433'/>
					
				</Appearance>
				<IndexedFaceSet solid="false" coordIndex='0 1 2 3 -1'>
					<Coordinate point='1.572521 -1.185482 -1.778721 0.928456 -1.329252 -1.567469 0.846525 -1.600815 -2.134381 1.543777 -1.387899 -2.249854'/>
				</IndexedFaceSet>
			</Shape>
			<Shape DEF='_IDX_55'>
				<Appearance DEF='Material_56_IDX_56'>
					<Material diffuseColor='0.348769 0.640695 0.665862'/>
					
				</Appearance>
				<IndexedFaceSet solid="false" coordIndex='0 1 2 3 -1'>
					<Coordinate point='1.718524 -1.086311 -1.350665 1.189851 -1.190285 -1.014555 0.928456 -1.329252 -1.567469 1.572521 -1.185482 -1.778721'/>
				</IndexedFaceSet>
			</Shape>
			<Shape DEF='_IDX_56'>
				<Appearance DEF='Material_57_IDX_57'>
					<Material diffuseColor='0.401345 0.682913 0.583613'/>
					
				</Appearance>
				<IndexedFaceSet solid="false" coordIndex='0 1 2 3 -1'>
					<Coordinate point='2.169356 -1.148114 -0.802996 1.851869 -1.389940 -0.470274 1.189851 -1.190285 -1.014555 1.718524 -1.086311 -1.350665'/>
				</IndexedFaceSet>
			</Shape>
			<Shape DEF='_IDX_57'>
				<Appearance DEF='Material_58_IDX_58'>
					<Material diffuseColor='0.447617 0.707819 0.519130'/>
					
				</Appearance>
				<IndexedFaceSet solid="false" coordIndex='0 1 2 3 -1'>
					<Coordinate point='2.741836 -1.393402 -0.490243 2.449506 -1.778093 -0.266930 1.851869 -1.389940 -0.470274 2.169356 -1.148114 -0.802996'/>
				</IndexedFaceSet>
			</Shape>
			<Shape DEF='_IDX_58'>
				<Appearance DEF='Material_59_IDX_59'>
					<Material diffuseColor='0.473563 0.716534 0.488196'/>
					
				</Appearance>
				<IndexedFaceSet solid="false" coordIndex='0 1 2 3 -1'>
					<Coordinate point='3.429505 -1.737218 -0.308372 3.097725 -2.243662 -0.164255 2.449506 -1.778093 -0.266930 2.741836 -1.393402 -0.490243'/>
				</IndexedFaceSet>
			</Shape>
			<Shape DEF='_IDX_59'>
				<Appearance DEF='Material_60_IDX_60'>
					<Material diffuseColor='0.488349 0.721500 0.470569'/>
					
				</Appearance>
				<IndexedFaceSet solid="false" coordIndex='0 1 2 3 -1'>
					<Coordinate point='4.273586 -2.169500 -0.196880 3.873113 -2.808506 -0.104046 3.097725 -2.243662 -0.164255 3.429505 -1.737218 -0.308372'/>
				</IndexedFaceSet>
			</Shape>
			<Shape DEF='_IDX_60'>
				<Appearance DEF='Material_61_IDX_61'>
					<Material diffuseColor='0.497405 0.724542 0.459772'/>
					
				</Appearance>
				<IndexedFaceSet solid="false" coordIndex='0 1 2 3 -1'>
					<Coordinate point='5.320023 -2.705638 -0.126517 4.827080 -3.503633 -0.066656 3.873113 -2.808506 -0.104046 4.273586 -2.169500 -0.196880'/>
				</IndexedFaceSet>
			</Shape>
			<Shape DEF='_IDX_61'>
				<Appearance DEF='Material_62_IDX_62'>
					<Material diffuseColor='0.503125 0.726463 0.452953'/>
					
				</Appearance>
				<IndexedFaceSet solid="false" coordIndex='0 1 2 3 -1'>
					<Coordinate point='6.621130 -3.370715 -0.081524 6.010206 -4.364680 -0.042898 4.827080 -3.503633 -0.066656 5.320023 -2.705638 -0.126517'/>
				</IndexedFaceSet>
			</Shape>
			<Shape DEF='_IDX_62'>
				<Appearance DEF='Material_63_IDX_63'>
					<Material diffuseColor='0.506784 0.727692 0.448590'/>
					
				</Appearance>
				<IndexedFaceSet solid="false" coordIndex='0 1 2 3 -1'>
					<Coordinate point='8.240088 -4.196919 -0.052593 7.481019 -5.434179 -0.027660 6.010206 -4.364680 -0.042898 6.621130 -3.370715 -0.081524'/>
				</IndexedFaceSet>
			</Shape>
			<Shape DEF='_IDX_63'>
				<Appearance DEF='Material_64_IDX_64'>
					<Material diffuseColor='0.509138 0.728483 0.445784'/>
					
				</Appearance>
				<IndexedFaceSet solid="false" coordIndex='0 1 2 3 -1'>
					<Coordinate point='10.254873 -5.224247 -0.033945 9.310815 -6.764109 -0.017849 7.481019 -5.434179 -0.027660 8.240088 -4.196919 -0.052593'/>
				</IndexedFaceSet>
			</Shape>
			<Shape DEF='_IDX_64'>
				<Appearance DEF='Material_65_IDX_65'>
					<Material diffuseColor='0.407182 0.112296 0.582073'/>
					
				</Appearance>
				<IndexedFaceSet solid="false" coordIndex='0 1 2 3 -1'>
					<Coordinate point='1.716880 -5.053325 -4.659461 0.000000 -5.313133 -4.656588 0.000000 -6.795089 -5.140361 2.157793 -6.462622 -5.142076'/>
				</IndexedFaceSet>
			</Shape>
			<Shape DEF='_IDX_65'>
				<Appearance DEF='Material_66_IDX_66'>
					<Material diffuseColor='0.301849 0.134040 0.680452'/>
					
				</Appearance>
				<IndexedFaceSet solid="false" coordIndex='0 1 2 3 -1'>
					<Coordinate point='1.384504 -3.961320 -4.173813 0.000000 -4.164637 -4.168944 0.000000 -5.313133 -4.656588 1.716880 -5.053325 -4.659461'/>
				</IndexedFaceSet>
			</Shape>
			<Shape DEF='_IDX_66'>
				<Appearance DEF='Material_67_IDX_67'>
					<Material diffuseColor='0.256038 0.215898 0.759939'/>
					
				</Appearance>
				<IndexedFaceSet solid="false" coordIndex='0 1 2 3 -1'>
					<Coordinate point='1.140594 -3.117792 -3.683114 0.000000 -3.277026 -3.674709 0.000000 -4.164637 -4.168944 1.384504 -3.961320 -4.173813'/>
				</IndexedFaceSet>
			</Shape>
			<Shape DEF='_IDX_67'>
				<Appearance DEF='Material_68_IDX_68'>
					<Material diffuseColor='0.246184 0.318251 0.801233'/>
					
				</Appearance>
				<IndexedFaceSet solid="false" coordIndex='0 1 2 3 -1'>
					<Coordinate point='0.971695 -2.469321 -3.183969 0.000000 -2.593554 -3.168979 0.000000 -3.277026 -3.674709 1.140594 -3.117792 -3.683114'/>
				</IndexedFaceSet>
			</Shape>
			<Shape DEF='_IDX_68'>
				<Appearance DEF='Material_69_IDX_69'>
					<Material diffuseColor='0.254581 0.420997 0.809626'/>
					
				</Appearance>
				<IndexedFaceSet solid="false" coordIndex='0 1 2 3 -1'>
					<Coordinate point='0.871752 -1.974356 -2.670693 0.000000 -2.068809 -2.642355 0.000000 -2.593554 -3.168979 0.971695 -2.469321 -3.183969'/>
				</IndexedFaceSet>
			</Shape>
			<Shape DEF='_IDX_69'>
				<Appearance DEF='Material_70_IDX_70'>
					<Material diffuseColor='0.278371 0.517108 0.783180'/>
					
				</Appearance>
				<IndexedFaceSet solid="false" coordIndex='0 1 2 3 -1'>
					<Coordinate point='0.846525 -1.600815 -2.134381 0.000000 -1.662671 -2.074545 0.000000 -2.068809 -2.642355 0.871752 -1.974356 -2.670693'/>
				</IndexedFaceSet>
			</Shape>
			<Shape DEF='_IDX_70'>
				<Appearance DEF='Material_71_IDX_71'>
					<Material diffuseColor='0.317586 0.600583 0.719570'/>
					
				</Appearance>
				<IndexedFaceSet solid="false" coordIndex='0 1 2 3 -1'>
					<Coordinate point='0.928456 -1.329252 -1.567469 0.000000 -1.321678 -1.408929 0.000000 -1.662671 -2.074545 0.846525 -1.600815 -2.134381'/>
				</IndexedFaceSet>
			</Shape>
			<Shape DEF='_IDX_71'>
				<Appearance DEF='Material_72_IDX_72'>
					<Material diffuseColor='0.391865 0.676614 0.598014'/>
					
				</Appearance>
				<IndexedFaceSet solid="false" coordIndex='0 1 2 3 -1'>
					<Coordinate point='1.189851 -1.190285 -1.014555 0.000074 -0.000178 -0.000000 0.000000 -1.321678 -1.408929 0.928456 -1.329252 -1.567469'/>
				</IndexedFaceSet>
			</Shape>
			<Shape DEF='_IDX_72'>
				<Appearance DEF='Material_73_IDX_73'>
					<Material diffuseColor='0.465298 0.713758 0.498049'/>
					
				</Appearance>
				<IndexedFaceSet solid="false" coordIndex='0 1 2 3 -1'>
					<Coordinate point='1.851869 -1.389940 -0.470274 1.583159 -1.583159 -0.000000 0.000074 -0.000178 -0.000000 1.189851 -1.190285 -1.014555'/>
				</IndexedFaceSet>
			</Shape>
			<Shape DEF='_IDX_73'>
				<Appearance DEF='Material_74_IDX_74'>
					<Material diffuseColor='0.489527 0.721896 0.469164'/>
					
				</Appearance>
				<IndexedFaceSet solid="false" coordIndex='0 1 2 3 -1'>
					<Coordinate point='2.449506 -1.778093 -0.266930 2.125691 -2.125691 -0.000000 1.583159 -1.583159 -0.000000 1.851869 -1.389940 -0.470274'/>
				</IndexedFaceSet>
			</Shape>
			<Shape DEF='_IDX_74'>
				<Appearance DEF='Material_75_IDX_75'>
					<Material diffuseColor='0.499444 0.725227 0.457341'/>
					
				</Appearance>
				<IndexedFaceSet solid="false" coordIndex='0 1 2 3 -1'>
					<Coordinate point='3.097725 -2.243662 -0.164255 2.699160 -2.699160 -0.000000 2.125691 -2.125691 -0.000000 2.449506 -1.778093 -0.266930'/>
				</IndexedFaceSet>
			</Shape>
			<Shape DEF='_IDX_75'>
				<Appearance DEF='Material_76_IDX_76'>
					<Material diffuseColor='0.504722 0.727000 0.451048'/>
					
				</Appearance>
				<IndexedFaceSet solid="false" coordIndex='0 1 2 3 -1'>
					<Coordinate point='3.873113 -2.808506 -0.104046 3.380619 -3.380619 -0.000000 2.699160 -2.699160 -0.000000 3.097725 -2.243662 -0.164255'/>
				</IndexedFaceSet>
			</Shape>
			<Shape DEF='_IDX_76'>
				<Appearance DEF='Material_77_IDX_77'>
					<Material diffuseColor='0.507885 0.728062 0.447277'/>
					
				</Appearance>
				<IndexedFaceSet solid="false" coordIndex='0 1 2 3 -1'>
					<Coordinate point='4.827080 -3.503633 -0.066656 4.216522 -4.216522 -0.000000 3.380619 -3.380619 -0.000000 3.873113 -2.808506 -0.104046'/>
				</IndexedFaceSet>
			</Shape>
			<Shape DEF='_IDX_77'>
				<Appearance DEF='Material_78_IDX_78'>
					<Material diffuseColor='0.509867 0.728728 0.444915'/>
					
				</Appearance>
				<IndexedFaceSet solid="false" coordIndex='0 1 2 3 -1'>
					<Coordinate point='6.010206 -4.364680 -0.042898 5.251774 -5.251774 -0.000000 4.216522 -4.216522 -0.000000 4.827080 -3.503633 -0.066656'/>
				</IndexedFaceSet>
			</Shape>
			<Shape DEF='_IDX_78'>
				<Appearance DEF='Material_79_IDX_79'>
					<Material diffuseColor='0.511130 0.729152 0.443408'/>
					
				</Appearance>
				<IndexedFaceSet solid="false" coordIndex='0 1 2 3 -1'>
					<Coordinate point='7.481019 -5.434179 -0.027660 6.537942 -6.537942 -0.000000 5.251774 -5.251774 -0.000000 6.010206 -4.364680 -0.042898'/>
				</IndexedFaceSet>
			</Shape>
			<Shape DEF='_IDX_79'>
				<Appearance DEF='Material_80_IDX_80'>
					<Material diffuseColor='0.511942 0.729425 0.442440'/>
					
				</Appearance>
				<IndexedFaceSet solid="false" coordIndex='0 1 2 3 -1'>
					<Coordinate point='9.310815 -6.764109 -0.017849 8.137578 -8.137578 -0.000000 6.537942 -6.537942 -0.000000 7.481019 -5.434179 -0.027660'/>
				</IndexedFaceSet>
			</Shape>
			<Shape DEF='_IDX_80'>
				<Appearance DEF='Material_81_IDX_81'>
					<Material diffuseColor='0.523906 0.731456 0.431544'/>
					
				</Appearance>
				<IndexedFaceSet solid="false" coordIndex='0 1 2 3 -1'>
					<Coordinate point='0.000000 -9.249763 0.089391 1.446049 -9.135674 0.085027 1.800080 -11.368328 0.054905 0.000000 -11.510138 0.057727'/>
				</IndexedFaceSet>
			</Shape>
			<Shape DEF='_IDX_81'>
				<Appearance DEF='Material_82_IDX_82'>
					<Material diffuseColor='0.529657 0.732298 0.426534'/>
					
				</Appearance>
				<IndexedFaceSet solid="false" coordIndex='0 1 2 3 -1'>
					<Coordinate point='0.000000 -7.434661 0.138381 1.161342 -7.342673 0.131652 1.446049 -9.135674 0.085027 0.000000 -9.249763 0.089391'/>
				</IndexedFaceSet>
			</Shape>
			<Shape DEF='_IDX_82'>
				<Appearance DEF='Material_83_IDX_83'>
					<Material diffuseColor='0.538551 0.733600 0.418786'/>
					
				</Appearance>
				<IndexedFaceSet solid="false" coordIndex='0 1 2 3 -1'>
					<Coordinate point='-0.000000 -5.978673 0.214068 0.932311 -5.904045 0.203752 1.161342 -7.342673 0.131652 0.000000 -7.434661 0.138381'/>
				</IndexedFaceSet>
			</Shape>
			<Shape DEF='_IDX_83'>
				<Appearance DEF='Material_84_IDX_84'>
					<Material diffuseColor='0.552274 0.735610 0.406831'/>
					
				</Appearance>
				<IndexedFaceSet solid="false" coordIndex='0 1 2 3 -1'>
					<Coordinate point='0.000000 -4.814272 0.330598 0.748336 -4.752639 0.315004 0.932311 -5.904045 0.203752 -0.000000 -5.978673 0.214068'/>
				</IndexedFaceSet>
			</Shape>
			<Shape DEF='_IDX_84'>
				<Appearance DEF='Material_85_IDX_85'>
					<Material diffuseColor='0.573340 0.738694 0.388479'/>
					
				</Appearance>
				<IndexedFaceSet solid="false" coordIndex='0 1 2 3 -1'>
					<Coordinate point='0.000000 -3.891277 0.508577 0.602213 -3.837809 0.485763 0.748336 -4.752639 0.315004 0.000000 -4.814272 0.330598'/>
				</IndexedFaceSet>
			</Shape>
			<Shape DEF='_IDX_85'>
				<Appearance DEF='Material_86_IDX_86'>
					<Material diffuseColor='0.605295 0.743373 0.360641'/>
					
				</Appearance>
				<IndexedFaceSet solid="false" coordIndex='0 1 2 3 -1'>
					<Coordinate point='0.000000 -3.178911 0.775576 0.492247 -3.126952 0.744536 0.602213 -3.837809 0.485763 0.000000 -3.891277 0.508577'/>
				</IndexedFaceSet>
			</Shape>
			<Shape DEF='_IDX_86'>
				<Appearance DEF='Material_87_IDX_87'>
					<Material diffuseColor='0.654023 0.743181 0.330294'/>
					
				</Appearance>
				<IndexedFaceSet solid="false" coordIndex='0 1 2 3 -1'>
					<Coordinate point='-0.000000 -2.672751 1.161651 0.426776 -2.612818 1.125159 0.492247 -3.126952 0.744536 0.000000 -3.178911 0.775576'/>
				</IndexedFaceSet>
			</Shape>
			<Shape DEF='_IDX_87'>
				<Appearance DEF='Material_88_IDX_88'>
					<Material diffuseColor='0.721196 0.738722 0.292247'/>
					
				</Appearance>
				<IndexedFaceSet solid="false" coordIndex='0 1 2 3 -1'>
					<Coordinate point='0.000000 -2.403973 1.685147 0.427025 -2.326184 1.651439 0.426776 -2.612818 1.125159 -0.000000 -2.672751 1.161651'/>
				</IndexedFaceSet>
			</Shape>
			<Shape DEF='_IDX_88'>
				<Appearance DEF='Material_89_IDX_89'>
					<Material diffuseColor='0.782680 0.724000 0.265913'/>
					
				</Appearance>
				<IndexedFaceSet solid="false" coordIndex='0 1 2 3 -1'>
					<Coordinate point='-0.000000 -2.381716 2.043256 0.466730 -2.290701 2.015000 0.427025 -2.326184 1.651439 0.000000 -2.403973 1.685147'/>
				</IndexedFaceSet>
			</Shape>
			<Shape DEF='_IDX_89'>
				<Appearance DEF='Material_90_IDX_90'>
					<Material diffuseColor='0.825929 0.698231 0.249788'/>
					
				</Appearance>
				<IndexedFaceSet solid="false" coordIndex='0 1 2 3 -1'>
					<Coordinate point='0.000000 -2.475239 2.436837 0.540378 -2.369165 2.415189 0.466730 -2.290701 2.015000 -0.000000 -2.381716 2.043256'/>
				</IndexedFaceSet>
			</Shape>
			<Shape DEF='_IDX_90'>
				<Appearance DEF='Material_91_IDX_91'>
					<Material diffuseColor='0.866955 0.662698 0.234726'/>
					
				</Appearance>
				<IndexedFaceSet solid="false" coordIndex='0 1 2 3 -1'>
					<Coordinate point='-0.000000 -2.703905 2.857929 0.652092 -2.579860 2.842526 0.540378 -2.369165 2.415189 0.000000 -2.475239 2.436837'/>
				</IndexedFaceSet>
			</Shape>
			<Shape DEF='_IDX_91'>
				<Appearance DEF='Material_92_IDX_92'>
					<Material diffuseColor='0.892189 0.603522 0.221254'/>
					
				</Appearance>
				<IndexedFaceSet solid="false" coordIndex='0 1 2 3 -1'>
					<Coordinate point='-0.000000 -3.091025 3.298854 0.807633 -2.944070 3.288481 0.652092 -2.579860 2.842526 -0.000000 -2.703905 2.857929'/>
				</IndexedFaceSet>
			</Shape>
			<Shape DEF='_IDX_92'>
				<Appearance DEF='Material_93_IDX_93'>
					<Material diffuseColor='0.901864 0.523240 0.205200'/>
					
				</Appearance>
				<IndexedFaceSet solid="false" coordIndex='0 1 2 3 -1'>
					<Coordinate point='0.000000 -3.666279 3.753291 1.015627 -3.489020 3.746565 0.807633 -2.944070 3.288481 -0.000000 -3.091025 3.298854'/>
				</IndexedFaceSet>
			</Shape>
			<Shape DEF='_IDX_93'>
				<Appearance DEF='Material_94_IDX_94'>
					<Material diffuseColor='0.898486 0.425595 0.186449'/>
					
				</Appearance>
				<IndexedFaceSet solid="false" coordIndex='0 1 2 3 -1'>
					<Coordinate point='-0.000000 -4.468782 4.216564 1.288363 -4.251137 4.212311 1.015627 -3.489020 3.746565 0.000000 -3.666279 3.753291'/>
				</IndexedFaceSet>
			</Shape>
			<Shape DEF='_IDX_94'>
				<Appearance DEF='Material_95_IDX_95'>
					<Material diffuseColor='0.880558 0.309128 0.163604'/>
					
				</Appearance>
				<IndexedFaceSet solid="false" coordIndex='0 1 2 3 -1'>
					<Coordinate point='0.000000 -5.550510 4.685461 1.642524 -5.279368 4.682814 1.288363 -4.251137 4.212311 -0.000000 -4.468782 4.216564'/>
				</IndexedFaceSet>
			</Shape>
			<Shape DEF='_IDX_95'>
				<Appearance DEF='Material_96_IDX_96'>
					<Material diffuseColor='0.864995 0.190763 0.142562'/>
					
				</Appearance>
				<IndexedFaceSet solid="false" coordIndex='0 1 2 3 -1'>
					<Coordinate point='0.000000 -6.980209 5.157872 2.100119 -6.638822 5.156240 1.642524 -5.279368 4.682814 0.000000 -5.550510 4.685461'/>
				</IndexedFaceSet>
			</Shape>
			<Shape DEF='_IDX_96'>
				<Appearance DEF='Material_97_IDX_97'>
					<Material diffuseColor='0.522881 0.731306 0.432437'/>
					
				</Appearance>
				<IndexedFaceSet solid="false" coordIndex='0 1 2 3 -1'>
					<Coordinate point='1.446049 -9.135674 0.085027 2.856570 -8.796273 0.072355 3.555891 -10.946419 0.046712 1.800080 -11.368328 0.054905'/>
				</IndexedFaceSet>
			</Shape>
			<Shape DEF='_IDX_97'>
				<Appearance DEF='Material_98_IDX_98'>
					<Material diffuseColor='0.528074 0.732066 0.427913'/>
					
				</Appearance>
				<IndexedFaceSet solid="false" coordIndex='0 1 2 3 -1'>
					<Coordinate point='1.161342 -7.342673 0.131652 2.294166 -7.069121 0.112087 2.856570 -8.796273 0.072355 1.446049 -9.135674 0.085027'/>
				</IndexedFaceSet>
			</Shape>
			<Shape DEF='_IDX_98'>
				<Appearance DEF='Material_99_IDX_99'>
					<Material diffuseColor='0.536115 0.733243 0.420908'/>
					
				</Appearance>
				<IndexedFaceSet solid="false" coordIndex='0 1 2 3 -1'>
					<Coordinate point='0.932311 -5.904045 0.203752 1.841597 -5.682362 0.173683 2.294166 -7.069121 0.112087 1.161342 -7.342673 0.131652'/>
				</IndexedFaceSet>
			</Shape>
			<Shape DEF='_IDX_99'>
				<Appearance DEF='Material_100_IDX_100'>
					<Material diffuseColor='0.548558 0.735066 0.410068'/>
					
				</Appearance>
				<IndexedFaceSet solid="false" coordIndex='0 1 2 3 -1'>
					<Coordinate point='0.748336 -4.752639 0.315004 1.477481 -4.570139 0.269288 1.841597 -5.682362 0.173683 0.932311 -5.904045 0.203752'/>
				</IndexedFaceSet>
			</Shape>
			<Shape DEF='_IDX_100'>
				<Appearance DEF='Material_101_IDX_101'>
					<Material diffuseColor='0.567792 0.737882 0.393312'/>
					
				</Appearance>
				<IndexedFaceSet solid="false" coordIndex='0 1 2 3 -1'>
					<Coordinate point='0.602213 -3.837809 0.485763 1.186430 -3.680732 0.418037 1.477481 -4.570139 0.269288 0.748336 -4.752639 0.315004'/>
				</IndexedFaceSet>
			</Shape>
			<Shape DEF='_IDX_101'>
				<Appearance DEF='Material_102_IDX_102'>
					<Material diffuseColor='0.597405 0.742218 0.367514'/>
					
				</Appearance>
				<IndexedFaceSet solid="false" coordIndex='0 1 2 3 -1'>
					<Coordinate point='0.492247 -3.126952 0.744536 0.962540 -2.976104 0.650205 1.186430 -3.680732 0.418037 0.602213 -3.837809 0.485763'/>
				</IndexedFaceSet>
			</Shape>
			<Shape DEF='_IDX_102'>
				<Appearance DEF='Material_103_IDX_103'>
					<Material diffuseColor='0.643598 0.743302 0.336655'/>
					
				</Appearance>
				<IndexedFaceSet solid="false" coordIndex='0 1 2 3 -1'>
					<Coordinate point='0.426776 -2.612818 1.125159 0.820009 -2.438568 1.010972 0.962540 -2.976104 0.650205 0.492247 -3.126952 0.744536'/>
				</IndexedFaceSet>
			</Shape>
			<Shape DEF='_IDX_103'>
				<Appearance DEF='Material_104_IDX_104'>
					<Material diffuseColor='0.711127 0.741133 0.296559'/>
					
				</Appearance>
				<IndexedFaceSet solid="false" coordIndex='0 1 2 3 -1'>
					<Coordinate point='0.427025 -2.326184 1.651439 0.806386 -2.095675 1.545741 0.820009 -2.438568 1.010972 0.426776 -2.612818 1.125159'/>
				</IndexedFaceSet>
			</Shape>
			<Shape DEF='_IDX_104'>
				<Appearance DEF='Material_105_IDX_105'>
					<Material diffuseColor='0.773856 0.726113 0.269692'/>
					
				</Appearance>
				<IndexedFaceSet solid="false" coordIndex='0 1 2 3 -1'>
					<Coordinate point='0.466730 -2.290701 2.015000 0.879861 -2.020062 1.928425 0.806386 -2.095675 1.545741 0.427025 -2.326184 1.651439'/>
				</IndexedFaceSet>
			</Shape>
			<Shape DEF='_IDX_105'>
				<Appearance DEF='Material_106_IDX_106'>
					<Material diffuseColor='0.820565 0.702149 0.251675'/>
					
				</Appearance>
				<IndexedFaceSet solid="false" coordIndex='0 1 2 3 -1'>
					<Coordinate point='0.540378 -2.369165 2.415189 1.021237 -2.055214 2.351102 0.879861 -2.020062 1.928425 0.466730 -2.290701 2.015000'/>
				</IndexedFaceSet>
			</Shape>
			<Shape DEF='_IDX_106'>
				<Appearance DEF='Material_107_IDX_107'>
					<Material diffuseColor='0.864843 0.667649 0.235853'/>
					
				</Appearance>
				<IndexedFaceSet solid="false" coordIndex='0 1 2 3 -1'>
					<Coordinate point='0.652092 -2.579860 2.842526 1.235975 -2.215404 2.798489 1.021237 -2.055214 2.351102 0.540378 -2.369165 2.415189'/>
				</IndexedFaceSet>
			</Shape>
			<Shape DEF='_IDX_107'>
				<Appearance DEF='Material_108_IDX_108'>
					<Material diffuseColor='0.890755 0.606885 0.222019'/>
					
				</Appearance>
				<IndexedFaceSet solid="false" coordIndex='0 1 2 3 -1'>
					<Coordinate point='0.807633 -2.944070 3.288481 1.533685 -2.514829 3.259663 1.235975 -2.215404 2.798489 0.652092 -2.579860 2.842526'/>
				</IndexedFaceSet>
			</Shape>
			<Shape DEF='_IDX_108'>
				<Appearance DEF='Material_109_IDX_109'>
					<Material diffuseColor='0.901819 0.526448 0.205811'/>
					
				</Appearance>
				<IndexedFaceSet solid="false" coordIndex='0 1 2 3 -1'>
					<Coordinate point='1.015627 -3.489020 3.746565 1.930493 -2.973053 3.728267 1.533685 -2.514829 3.259663 0.807633 -2.944070 3.288481'/>
				</IndexedFaceSet>
			</Shape>
			<Shape DEF='_IDX_109'>
				<Appearance DEF='Material_110_IDX_110'>
					<Material diffuseColor='0.898876 0.428131 0.186947'/>
					
				</Appearance>
				<IndexedFaceSet solid="false" coordIndex='0 1 2 3 -1'>
					<Coordinate point='1.288363 -4.251137 4.212311 2.449930 -3.618700 4.200902 1.930493 -2.973053 3.728267 1.015627 -3.489020 3.746565'/>
				</IndexedFaceSet>
			</Shape>
			<Shape DEF='_IDX_110'>
				<Appearance DEF='Material_111_IDX_111'>
					<Material diffuseColor='0.880801 0.310708 0.163914'/>
					
				</Appearance>
				<IndexedFaceSet solid="false" coordIndex='0 1 2 3 -1'>
					<Coordinate point='1.642524 -5.279368 4.682814 3.123930 -4.492078 4.675778 2.449930 -3.618700 4.200902 1.288363 -4.251137 4.212311'/>
				</IndexedFaceSet>
			</Shape>
			<Shape DEF='_IDX_111'>
				<Appearance DEF='Material_112_IDX_112'>
					<Material diffuseColor='0.865120 0.191745 0.142734'/>
					
				</Appearance>
				<IndexedFaceSet solid="false" coordIndex='0 1 2 3 -1'>
					<Coordinate point='2.100119 -6.638822 5.156240 3.994500 -5.647881 5.151930 3.123930 -4.492078 4.675778 1.642524 -5.279368 4.682814'/>
				</IndexedFaceSet>
			</Shape>
			<Shape DEF='_IDX_112'>
				<Appearance DEF='Material_113_IDX_113'>
					<Material diffuseColor='0.520930 0.731020 0.434137'/>
					
				</Appearance>
				<IndexedFaceSet solid="false" coordIndex='0 1 2 3 -1'>
					<Coordinate point='2.856570 -8.796273 0.072355 4.196919 -8.240088 0.052593 5.224247 -10.254873 0.033945 3.555891 -10.946419 0.046712'/>
				</IndexedFaceSet>
			</Shape>
			<Shape DEF='_IDX_113'>
				<Appearance DEF='Material_114_IDX_114'>
					<Material diffuseColor='0.525057 0.731624 0.430541'/>
					
				</Appearance>
				<IndexedFaceSet solid="false" coordIndex='0 1 2 3 -1'>
					<Coordinate point='2.294166 -7.069121 0.112087 3.370715 -6.621130 0.081524 4.196919 -8.240088 0.052593 2.856570 -8.796273 0.072355'/>
				</IndexedFaceSet>
			</Shape>
			<Shape DEF='_IDX_114'>
				<Appearance DEF='Material_115_IDX_115'>
					<Material diffuseColor='0.531461 0.732562 0.424963'/>
					
				</Appearance>
				<IndexedFaceSet solid="false" coordIndex='0 1 2 3 -1'>
					<Coordinate point='1.841597 -5.682362 0.173683 2.705638 -5.320023 0.126517 3.370715 -6.621130 0.081524 2.294166 -7.069121 0.112087'/>
				</IndexedFaceSet>
			</Shape>
			<Shape DEF='_IDX_115'>
				<Appearance DEF='Material_116_IDX_116'>
					<Material diffuseColor='0.541420 0.734020 0.416287'/>
					
				</Appearance>
				<IndexedFaceSet solid="false" coordIndex='0 1 2 3 -1'>
					<Coordinate point='1.477481 -4.570139 0.269288 2.169500 -4.273586 0.196880 2.705638 -5.320023 0.126517 1.841597 -5.682362 0.173683'/>
				</IndexedFaceSet>
			</Shape>
			<Shape DEF='_IDX_116'>
				<Appearance DEF='Material_117_IDX_117'>
					<Material diffuseColor='0.556994 0.736301 0.402719'/>
					
				</Appearance>
				<IndexedFaceSet solid="false" coordIndex='0 1 2 3 -1'>
					<Coordinate point='1.186430 -3.680732 0.418037 1.737218 -3.429505 0.308372 2.169500 -4.273586 0.196880 1.477481 -4.570139 0.269288'/>
				</IndexedFaceSet>
			</Shape>
			<Shape DEF='_IDX_117'>
				<Appearance DEF='Material_118_IDX_118'>
					<Material diffuseColor='0.581632 0.739908 0.381255'/>
					
				</Appearance>
				<IndexedFaceSet solid="false" coordIndex='0 1 2 3 -1'>
					<Coordinate point='0.962540 -2.976104 0.650205 1.393402 -2.741836 0.490243 1.737218 -3.429505 0.308372 1.186430 -3.680732 0.418037'/>
				</IndexedFaceSet>
			</Shape>
			<Shape DEF='_IDX_118'>
				<Appearance DEF='Material_119_IDX_119'>
					<Material diffuseColor='0.621830 0.743554 0.349937'/>
					
				</Appearance>
				<IndexedFaceSet solid="false" coordIndex='0 1 2 3 -1'>
					<Coordinate point='0.820009 -2.438568 1.010972 1.148114 -2.169356 0.802996 1.393402 -2.741836 0.490243 0.962540 -2.976104 0.650205'/>
				</IndexedFaceSet>
			</Shape>
			<Shape DEF='_IDX_119'>
				<Appearance DEF='Material_120_IDX_120'>
					<Material diffuseColor='0.688139 0.742787 0.309478'/>
					
				</Appearance>
				<IndexedFaceSet solid="false" coordIndex='0 1 2 3 -1'>
					<Coordinate point='0.806386 -2.095675 1.545741 1.086311 -1.718524 1.350665 1.148114 -2.169356 0.802996 0.820009 -2.438568 1.010972'/>
				</IndexedFaceSet>
			</Shape>
			<Shape DEF='_IDX_120'>
				<Appearance DEF='Material_121_IDX_121'>
					<Material diffuseColor='0.755215 0.730576 0.277676'/>
					
				</Appearance>
				<IndexedFaceSet solid="false" coordIndex='0 1 2 3 -1'>
					<Coordinate point='0.879861 -2.020062 1.928425 1.185482 -1.572521 1.778721 1.086311 -1.718524 1.350665 0.806386 -2.095675 1.545741'/>
				</IndexedFaceSet>
			</Shape>
			<Shape DEF='_IDX_121'>
				<Appearance DEF='Material_122_IDX_122'>
					<Material diffuseColor='0.809826 0.709996 0.255454'/>
					
				</Appearance>
				<IndexedFaceSet solid="false" coordIndex='0 1 2 3 -1'>
					<Coordinate point='1.021237 -2.055214 2.351102 1.387899 -1.543777 2.249854 1.185482 -1.572521 1.778721 0.879861 -2.020062 1.928425'/>
				</IndexedFaceSet>
			</Shape>
			<Shape DEF='_IDX_122'>
				<Appearance DEF='Material_123_IDX_123'>
					<Material diffuseColor='0.858646 0.674327 0.238276'/>
					
				</Appearance>
				<IndexedFaceSet solid="false" coordIndex='0 1 2 3 -1'>
					<Coordinate point='1.235975 -2.215404 2.798489 1.691124 -1.633059 2.734313 1.387899 -1.543777 2.249854 1.021237 -2.055214 2.351102'/>
				</IndexedFaceSet>
			</Shape>
			<Shape DEF='_IDX_123'>
				<Appearance DEF='Material_124_IDX_124'>
					<Material diffuseColor='0.888186 0.612908 0.223391'/>
					
				</Appearance>
				<IndexedFaceSet solid="false" coordIndex='0 1 2 3 -1'>
					<Coordinate point='1.533685 -2.514829 3.259663 2.105736 -1.837962 3.220078 1.691124 -1.633059 2.734313 1.235975 -2.215404 2.798489'/>
				</IndexedFaceSet>
			</Shape>
			<Shape DEF='_IDX_124'>
				<Appearance DEF='Material_125_IDX_125'>
					<Material diffuseColor='0.901740 0.531988 0.206865'/>
					
				</Appearance>
				<IndexedFaceSet solid="false" coordIndex='0 1 2 3 -1'>
					<Coordinate point='1.930493 -2.973053 3.728267 2.654520 -2.165069 3.704106 2.105736 -1.837962 3.220078 1.533685 -2.514829 3.259663'/>
				</IndexedFaceSet>
			</Shape>
			<Shape DEF='_IDX_125'>
				<Appearance DEF='Material_126_IDX_126'>
					<Material diffuseColor='0.899534 0.432404 0.187785'/>
					
				</Appearance>
				<IndexedFaceSet solid="false" coordIndex='0 1 2 3 -1'>
					<Coordinate point='2.449930 -3.618700 4.200902 3.370791 -2.631480 4.186214 2.654520 -2.165069 3.704106 1.930493 -2.973053 3.728267'/>
				</IndexedFaceSet>
			</Shape>
			<Shape DEF='_IDX_126'>
				<Appearance DEF='Material_127_IDX_127'>
					<Material diffuseColor='0.881204 0.313329 0.164428'/>
					
				</Appearance>
				<IndexedFaceSet solid="false" coordIndex='0 1 2 3 -1'>
					<Coordinate point='3.123930 -4.492078 4.675778 4.299122 -3.264782 4.666862 3.370791 -2.631480 4.186214 2.449930 -3.618700 4.200902'/>
				</IndexedFaceSet>
			</Shape>
			<Shape DEF='_IDX_127'>
				<Appearance DEF='Material_128_IDX_128'>
					<Material diffuseColor='0.865327 0.193359 0.143016'/>
					
				</Appearance>
				<IndexedFaceSet solid="false" coordIndex='0 1 2 3 -1'>
					<Coordinate point='3.994500 -5.647881 5.151930 5.497672 -4.103940 5.146521 4.299122 -3.264782 4.666862 3.123930 -4.492078 4.675778'/>
				</IndexedFaceSet>
			</Shape>
			<Shape DEF='_IDX_128'>
				<Appearance DEF='Material_129_IDX_129'>
					<Material diffuseColor='0.518242 0.730626 0.436479'/>
					
				</Appearance>
				<IndexedFaceSet solid="false" coordIndex='0 1 2 3 -1'>
					<Coordinate point='4.196919 -8.240088 0.052593 5.434179 -7.481019 0.027660 6.764109 -9.310815 0.017849 5.224247 -10.254873 0.033945'/>
				</IndexedFaceSet>
			</Shape>
			<Shape DEF='_IDX_129'>
				<Appearance DEF='Material_130_IDX_130'>
					<Material diffuseColor='0.520896 0.731015 0.434167'/>
					
				</Appearance>
				<IndexedFaceSet solid="false" coordIndex='0 1 2 3 -1'>
					<Coordinate point='3.370715 -6.621130 0.081524 4.364680 -6.010206 0.042898 5.434179 -7.481019 0.027660 4.196919 -8.240088 0.052593'/>
				</IndexedFaceSet>
			</Shape>
			<Shape DEF='_IDX_130'>
				<Appearance DEF='Material_131_IDX_131'>
					<Material diffuseColor='0.525022 0.731619 0.430572'/>
					
				</Appearance>
				<IndexedFaceSet solid="false" coordIndex='0 1 2 3 -1'>
					<Coordinate point='2.705638 -5.320023 0.126517 3.503633 -4.827080 0.066656 4.364680 -6.010206 0.042898 3.370715 -6.621130 0.081524'/>
				</IndexedFaceSet>
			</Shape>
			<Shape DEF='_IDX_131'>
				<Appearance DEF='Material_132_IDX_132'>
					<Material diffuseColor='0.531471 0.732564 0.424954'/>
					
				</Appearance>
				<IndexedFaceSet solid="false" coordIndex='0 1 2 3 -1'>
					<Coordinate point='2.169500 -4.273586 0.196880 2.808506 -3.873113 0.104046 3.503633 -4.827080 0.066656 2.705638 -5.320023 0.126517'/>
				</IndexedFaceSet>
			</Shape>
			<Shape DEF='_IDX_132'>
				<Appearance DEF='Material_133_IDX_133'>
					<Material diffuseColor='0.541683 0.734059 0.416058'/>
					
				</Appearance>
				<IndexedFaceSet solid="false" coordIndex='0 1 2 3 -1'>
					<Coordinate point='1.737218 -3.429505 0.308372 2.243662 -3.097725 0.164255 2.808506 -3.873113 0.104046 2.169500 -4.273586 0.196880'/>
				</IndexedFaceSet>
			</Shape>
			<Shape DEF='_IDX_133'>
				<Appearance DEF='Material_134_IDX_134'>
					<Material diffuseColor='0.558354 0.736500 0.401534'/>
					
				</Appearance>
				<IndexedFaceSet solid="false" coordIndex='0 1 2 3 -1'>
					<Coordinate point='1.393402 -2.741836 0.490243 1.778093 -2.449506 0.266930 2.243662 -3.097725 0.164255 1.737218 -3.429505 0.308372'/>
				</IndexedFaceSet>
			</Shape>
			<Shape DEF='_IDX_134'>
				<Appearance DEF='Material_135_IDX_135'>
					<Material diffuseColor='0.587609 0.740783 0.376048'/>
					
				</Appearance>
				<IndexedFaceSet solid="false" coordIndex='0 1 2 3 -1'>
					<Coordinate point='1.148114 -2.169356 0.802996 1.389940 -1.851869 0.470274 1.778093 -2.449506 0.266930 1.393402 -2.741836 0.490243'/>
				</IndexedFaceSet>
			</Shape>
			<Shape DEF='_IDX_135'>
				<Appearance DEF='Material_136_IDX_136'>
					<Material diffuseColor='0.647662 0.743255 0.334175'/>
					
				</Appearance>
				<IndexedFaceSet solid="false" coordIndex='0 1 2 3 -1'>
					<Coordinate point='1.086311 -1.718524 1.350665 1.190285 -1.189851 1.014555 1.389940 -1.851869 0.470274 1.148114 -2.169356 0.802996'/>
				</IndexedFaceSet>
			</Shape>
			<Shape DEF='_IDX_136'>
				<Appearance DEF='Material_137_IDX_137'>
					<Material diffuseColor='0.724250 0.737991 0.290938'/>
					
				</Appearance>
				<IndexedFaceSet solid="false" coordIndex='0 1 2 3 -1'>
					<Coordinate point='1.185482 -1.572521 1.778721 1.329252 -0.928456 1.567469 1.190285 -1.189851 1.014555 1.086311 -1.718524 1.350665'/>
				</IndexedFaceSet>
			</Shape>
			<Shape DEF='_IDX_137'>
				<Appearance DEF='Material_138_IDX_138'>
					<Material diffuseColor='0.794327 0.721211 0.260924'/>
					
				</Appearance>
				<IndexedFaceSet solid="false" coordIndex='0 1 2 3 -1'>
					<Coordinate point='1.387899 -1.543777 2.249854 1.600815 -0.846525 2.134381 1.329252 -0.928456 1.567469 1.185482 -1.572521 1.778721'/>
				</IndexedFaceSet>
			</Shape>
			<Shape DEF='_IDX_138'>
				<Appearance DEF='Material_139_IDX_139'>
					<Material diffuseColor='0.849433 0.681058 0.241518'/>
					
				</Appearance>
				<IndexedFaceSet solid="false" coordIndex='0 1 2 3 -1'>
					<Coordinate point='1.691124 -1.633059 2.734313 1.974356 -0.871752 2.670693 1.600815 -0.846525 2.134381 1.387899 -1.543777 2.249854'/>
				</IndexedFaceSet>
			</Shape>
			<Shape DEF='_IDX_139'>
				<Appearance DEF='Material_140_IDX_140'>
					<Material diffuseColor='0.885227 0.619847 0.224970'/>
					
				</Appearance>
				<IndexedFaceSet solid="false" coordIndex='0 1 2 3 -1'>
					<Coordinate point='2.105736 -1.837962 3.220078 2.469321 -0.971695 3.183969 1.974356 -0.871752 2.670693 1.691124 -1.633059 2.734313'/>
				</IndexedFaceSet>
			</Shape>
			<Shape DEF='_IDX_140'>
				<Appearance DEF='Material_141_IDX_141'>
					<Material diffuseColor='0.901653 0.538026 0.208015'/>
					
				</Appearance>
				<IndexedFaceSet solid="false" coordIndex='0 1 2 3 -1'>
					<Coordinate point='2.654520 -2.165069 3.704106 3.117792 -1.140594 3.683114 2.469321 -0.971695 3.183969 2.105736 -1.837962 3.220078'/>
				</IndexedFaceSet>
			</Shape>
			<Shape DEF='_IDX_141'>
				<Appearance DEF='Material_142_IDX_142'>
					<Material diffuseColor='0.900227 0.436907 0.188668'/>
					
				</Appearance>
				<IndexedFaceSet solid="false" coordIndex='0 1 2 3 -1'>
					<Coordinate point='3.370791 -2.631480 4.186214 3.961320 -1.384504 4.173813 3.117792 -1.140594 3.683114 2.654520 -2.165069 3.704106'/>
				</IndexedFaceSet>
			</Shape>
			<Shape DEF='_IDX_142'>
				<Appearance DEF='Material_143_IDX_143'>
					<Material diffuseColor='0.881621 0.316035 0.164959'/>
					
				</Appearance>
				<IndexedFaceSet solid="false" coordIndex='0 1 2 3 -1'>
					<Coordinate point='4.299122 -3.264782 4.666862 5.053325 -1.716880 4.659461 3.961320 -1.384504 4.173813 3.370791 -2.631480 4.186214'/>
				</IndexedFaceSet>
			</Shape>
			<Shape DEF='_IDX_143'>
				<Appearance DEF='Material_144_IDX_144'>
					<Material diffuseColor='0.865537 0.195004 0.143304'/>
					
				</Appearance>
				<IndexedFaceSet solid="false" coordIndex='0 1 2 3 -1'>
					<Coordinate point='5.497672 -4.103940 5.146521 6.462622 -2.157793 5.142076 5.053325 -1.716880 4.659461 4.299122 -3.264782 4.666862'/>
				</IndexedFaceSet>
			</Shape>
			<Shape DEF='_IDX_144'>
				<Appearance DEF='Material_145_IDX_145'>
					<Material diffuseColor='0.515080 0.730163 0.439233'/>
					
				</Appearance>
				<IndexedFaceSet solid="false" coordIndex='0 1 2 3 -1'>
					<Coordinate point='5.434179 -7.481019 0.027660 6.537942 -6.537942 0.000000 8.137578 -8.137578 0.000000 6.764109 -9.310815 0.017849'/>
				</IndexedFaceSet>
			</Shape>
			<Shape DEF='_IDX_145'>
				<Appearance DEF='Material_146_IDX_146'>
					<Material diffuseColor='0.515995 0.730298 0.438436'/>
					
				</Appearance>
				<IndexedFaceSet solid="false" coordIndex='0 1 2 3 -1'>
					<Coordinate point='4.364680 -6.010206 0.042898 5.251774 -5.251774 0.000000 6.537942 -6.537942 0.000000 5.434179 -7.481019 0.027660'/>
				</IndexedFaceSet>
			</Shape>
			<Shape DEF='_IDX_146'>
				<Appearance DEF='Material_147_IDX_147'>
					<Material diffuseColor='0.517420 0.730506 0.437195'/>
					
				</Appearance>
				<IndexedFaceSet solid="false" coordIndex='0 1 2 3 -1'>
					<Coordinate point='3.503633 -4.827080 0.066656 4.216522 -4.216522 0.000000 5.251774 -5.251774 0.000000 4.364680 -6.010206 0.042898'/>
				</IndexedFaceSet>
			</Shape>
			<Shape DEF='_IDX_147'>
				<Appearance DEF='Material_148_IDX_148'>
					<Material diffuseColor='0.519654 0.730833 0.435248'/>
					
				</Appearance>
				<IndexedFaceSet solid="false" coordIndex='0 1 2 3 -1'>
					<Coordinate point='2.808506 -3.873113 0.104046 3.380619 -3.380619 0.000000 4.216522 -4.216522 0.000000 3.503633 -4.827080 0.066656'/>
				</IndexedFaceSet>
			</Shape>
			<Shape DEF='_IDX_148'>
				<Appearance DEF='Material_149_IDX_149'>
					<Material diffuseColor='0.523221 0.731355 0.432141'/>
					
				</Appearance>
				<IndexedFaceSet solid="false" coordIndex='0 1 2 3 -1'>
					<Coordinate point='2.243662 -3.097725 0.164255 2.699160 -2.699160 0.000000 3.380619 -3.380619 0.000000 2.808506 -3.873113 0.104046'/>
				</IndexedFaceSet>
			</Shape>
			<Shape DEF='_IDX_149'>
				<Appearance DEF='Material_150_IDX_150'>
					<Material diffuseColor='0.529172 0.732227 0.426956'/>
					
				</Appearance>
				<IndexedFaceSet solid="false" coordIndex='0 1 2 3 -1'>
					<Coordinate point='1.778093 -2.449506 0.266930 2.125691 -2.125691 0.000000 2.699160 -2.699160 0.000000 2.243662 -3.097725 0.164255'/>
				</IndexedFaceSet>
			</Shape>
			<Shape DEF='_IDX_150'>
				<Appearance DEF='Material_151_IDX_151'>
					<Material diffuseColor='0.540354 0.733864 0.417215'/>
					
				</Appearance>
				<IndexedFaceSet solid="false" coordIndex='0 1 2 3 -1'>
					<Coordinate point='1.389940 -1.851869 0.470274 1.583159 -1.583159 0.000000 2.125691 -2.125691 0.000000 1.778093 -2.449506 0.266930'/>
				</IndexedFaceSet>
			</Shape>
			<Shape DEF='_IDX_151'>
				<Appearance DEF='Material_152_IDX_152'>
					<Material diffuseColor='0.567672 0.737864 0.393416'/>
					
				</Appearance>
				<IndexedFaceSet solid="false" coordIndex='0 1 2 3 -1'>
					<Coordinate point='1.190285 -1.189851 1.014555 0.000178 -0.000074 0.000000 1.583159 -1.583159 0.000000 1.389940 -1.851869 0.470274'/>
				</IndexedFaceSet>
			</Shape>
			<Shape DEF='_IDX_152'>
				<Appearance DEF='Material_153_IDX_153'>
					<Material diffuseColor='0.660972 0.743101 0.326054'/>
					
				</Appearance>
				<IndexedFaceSet solid="false" coordIndex='0 1 2 3 -1'>
					<Coordinate point='1.329252 -0.928456 1.567469 1.321678 -0.000000 1.408929 0.000178 -0.000074 0.000000 1.190285 -1.189851 1.014555'/>
				</IndexedFaceSet>
			</Shape>
			<Shape DEF='_IDX_153'>
				<Appearance DEF='Material_154_IDX_154'>
					<Material diffuseColor='0.775408 0.725741 0.269027'/>
					
				</Appearance>
				<IndexedFaceSet solid="false" coordIndex='0 1 2 3 -1'>
					<Coordinate point='1.600815 -0.846525 2.134381 1.662671 -0.000000 2.074545 1.321678 -0.000000 1.408929 1.329252 -0.928456 1.567469'/>
				</IndexedFaceSet>
			</Shape>
			<Shape DEF='_IDX_154'>
				<Appearance DEF='Material_155_IDX_155'>
					<Material diffuseColor='0.842286 0.686280 0.244033'/>
					
				</Appearance>
				<IndexedFaceSet solid="false" coordIndex='0 1 2 3 -1'>
					<Coordinate point='1.974356 -0.871752 2.670693 2.068809 -0.000000 2.642355 1.662671 -0.000000 2.074545 1.600815 -0.846525 2.134381'/>
				</IndexedFaceSet>
			</Shape>
			<Shape DEF='_IDX_155'>
				<Appearance DEF='Material_156_IDX_156'>
					<Material diffuseColor='0.883147 0.624726 0.226081'/>
					
				</Appearance>
				<IndexedFaceSet solid="false" coordIndex='0 1 2 3 -1'>
					<Coordinate point='2.469321 -0.971695 3.183969 2.593554 -0.000000 3.168979 2.068809 -0.000000 2.642355 1.974356 -0.871752 2.670693'/>
				</IndexedFaceSet>
			</Shape>
			<Shape DEF='_IDX_156'>
				<Appearance DEF='Material_157_IDX_157'>
					<Material diffuseColor='0.901596 0.542048 0.208780'/>
					
				</Appearance>
				<IndexedFaceSet solid="false" coordIndex='0 1 2 3 -1'>
					<Coordinate point='3.117792 -1.140594 3.683114 3.277026 -0.000000 3.674709 2.593554 -0.000000 3.168979 2.469321 -0.971695 3.183969'/>
				</IndexedFaceSet>
			</Shape>
			<Shape DEF='_IDX_157'>
				<Appearance DEF='Material_158_IDX_158'>
					<Material diffuseColor='0.900675 0.439816 0.189239'/>
					
				</Appearance>
				<IndexedFaceSet solid="false" coordIndex='0 1 2 3 -1'>
					<Coordinate point='3.961320 -1.384504 4.173813 4.164637 -0.000000 4.168944 3.277026 -0.000000 3.674709 3.117792 -1.140594 3.683114'/>
				</IndexedFaceSet>
			</Shape>
			<Shape DEF='_IDX_158'>
				<Appearance DEF='Material_159_IDX_159'>
					<Material diffuseColor='0.881885 0.317752 0.165295'/>
					
				</Appearance>
				<IndexedFaceSet solid="false" coordIndex='0 1 2 3 -1'>
					<Coordinate point='5.053325 -1.716880 4.659461 5.313133 -0.000000 4.656588 4.164637 -0.000000 4.168944 3.961320 -1.384504 4.173813'/>
				</IndexedFaceSet>
			</Shape>
			<Shape DEF='_IDX_159'>
				<Appearance DEF='Material_160_IDX_160'>
					<Material diffuseColor='0.865670 0.196037 0.143485'/>
					
				</Appearance>
				<IndexedFaceSet solid="false" coordIndex='0 1 2 3 -1'>
					<Coordinate point='6.462622 -2.157793 5.142076 6.795089 -0.000000 5.140361 5.313133 -0.000000 4.656588 5.053325 -1.716880 4.659461'/>
				</IndexedFaceSet>
			</Shape>
			<Shape DEF='_IDX_160'>
				<Appearance USE='Material_16_IDX_16'/>
				<IndexedFaceSet solid="false" coordIndex='0 1 2 3 -1'>
					<Coordinate point='9.249763 0.000000 -0.089391 9.135674 1.446049 -0.085027 11.368328 1.800080 -0.054905 11.510138 0.000000 -0.057727'/>
				</IndexedFaceSet>
			</Shape>
			<Shape DEF='_IDX_161'>
				<Appearance USE='Material_15_IDX_15'/>
				<IndexedFaceSet solid="false" coordIndex='0 1 2 3 -1'>
					<Coordinate point='7.434661 0.000000 -0.138381 7.342673 1.161342 -0.131652 9.135674 1.446049 -0.085027 9.249763 0.000000 -0.089391'/>
				</IndexedFaceSet>
			</Shape>
			<Shape DEF='_IDX_162'>
				<Appearance USE='Material_14_IDX_14'/>
				<IndexedFaceSet solid="false" coordIndex='0 1 2 3 -1'>
					<Coordinate point='5.978673 -0.000000 -0.214068 5.904045 0.932311 -0.203752 7.342673 1.161342 -0.131652 7.434661 0.000000 -0.138381'/>
				</IndexedFaceSet>
			</Shape>
			<Shape DEF='_IDX_163'>
				<Appearance USE='Material_13_IDX_13'/>
				<IndexedFaceSet solid="false" coordIndex='0 1 2 3 -1'>
					<Coordinate point='4.814272 0.000000 -0.330598 4.752639 0.748336 -0.315004 5.904045 0.932311 -0.203752 5.978673 -0.000000 -0.214068'/>
				</IndexedFaceSet>
			</Shape>
			<Shape DEF='_IDX_164'>
				<Appearance USE='Material_12_IDX_12'/>
				<IndexedFaceSet solid="false" coordIndex='0 1 2 3 -1'>
					<Coordinate point='3.891277 0.000000 -0.508577 3.837809 0.602213 -0.485763 4.752639 0.748336 -0.315004 4.814272 0.000000 -0.330598'/>
				</IndexedFaceSet>
			</Shape>
			<Shape DEF='_IDX_165'>
				<Appearance USE='Material_11_IDX_11'/>
				<IndexedFaceSet solid="false" coordIndex='0 1 2 3 -1'>
					<Coordinate point='3.178911 0.000000 -0.775576 3.126952 0.492247 -0.744536 3.837809 0.602213 -0.485763 3.891277 0.000000 -0.508577'/>
				</IndexedFaceSet>
			</Shape>
			<Shape DEF='_IDX_166'>
				<Appearance USE='Material_10_IDX_10'/>
				<IndexedFaceSet solid="false" coordIndex='0 1 2 3 -1'>
					<Coordinate point='2.672751 -0.000000 -1.161651 2.612818 0.426776 -1.125159 3.126952 0.492247 -0.744536 3.178911 0.000000 -0.775576'/>
				</IndexedFaceSet>
			</Shape>
			<Shape DEF='_IDX_167'>
				<Appearance USE='Material_9_IDX_9'/>
				<IndexedFaceSet solid="false" coordIndex='0 1 2 3 -1'>
					<Coordinate point='2.403973 0.000000 -1.685147 2.326184 0.427025 -1.651439 2.612818 0.426776 -1.125159 2.672751 -0.000000 -1.161651'/>
				</IndexedFaceSet>
			</Shape>
			<Shape DEF='_IDX_168'>
				<Appearance USE='Material_8_IDX_8'/>
				<IndexedFaceSet solid="false" coordIndex='0 1 2 3 -1'>
					<Coordinate point='2.381716 -0.000000 -2.043256 2.290701 0.466730 -2.015000 2.326184 0.427025 -1.651439 2.403973 0.000000 -1.685147'/>
				</IndexedFaceSet>
			</Shape>
			<Shape DEF='_IDX_169'>
				<Appearance USE='Material_7_IDX_7'/>
				<IndexedFaceSet solid="false" coordIndex='0 1 2 3 -1'>
					<Coordinate point='2.475239 0.000000 -2.436837 2.369165 0.540378 -2.415189 2.290701 0.466730 -2.015000 2.381716 -0.000000 -2.043256'/>
				</IndexedFaceSet>
			</Shape>
			<Shape DEF='_IDX_170'>
				<Appearance DEF='Material_161_IDX_161'>
					<Material diffuseColor='0.264099 0.475151 0.803773'/>
					
				</Appearance>
				<IndexedFaceSet solid="false" coordIndex='0 1 2 3 -1'>
					<Coordinate point='2.703905 -0.000000 -2.857929 2.579860 0.652092 -2.842526 2.369165 0.540378 -2.415189 2.475239 0.000000 -2.436837'/>
				</IndexedFaceSet>
			</Shape>
			<Shape DEF='_IDX_171'>
				<Appearance USE='Material_5_IDX_5'/>
				<IndexedFaceSet solid="false" coordIndex='0 1 2 3 -1'>
					<Coordinate point='3.091025 -0.000000 -3.298854 2.944070 0.807633 -3.288481 2.579860 0.652092 -2.842526 2.703905 -0.000000 -2.857929'/>
				</IndexedFaceSet>
			</Shape>
			<Shape DEF='_IDX_172'>
				<Appearance USE='Material_4_IDX_4'/>
				<IndexedFaceSet solid="false" coordIndex='0 1 2 3 -1'>
					<Coordinate point='3.666279 0.000000 -3.753291 3.489020 1.015627 -3.746565 2.944070 0.807633 -3.288481 3.091025 -0.000000 -3.298854'/>
				</IndexedFaceSet>
			</Shape>
			<Shape DEF='_IDX_173'>
				<Appearance USE='Material_3_IDX_3'/>
				<IndexedFaceSet solid="false" coordIndex='0 1 2 3 -1'>
					<Coordinate point='4.468782 -0.000000 -4.216564 4.251137 1.288363 -4.212311 3.489020 1.015627 -3.746565 3.666279 0.000000 -3.753291'/>
				</IndexedFaceSet>
			</Shape>
			<Shape DEF='_IDX_174'>
				<Appearance USE='Material_2_IDX_2'/>
				<IndexedFaceSet solid="false" coordIndex='0 1 2 3 -1'>
					<Coordinate point='5.550510 0.000000 -4.685461 5.279368 1.642524 -4.682814 4.251137 1.288363 -4.212311 4.468782 -0.000000 -4.216564'/>
				</IndexedFaceSet>
			</Shape>
			<Shape DEF='_IDX_175'>
				<Appearance USE='Material_1_IDX_1'/>
				<IndexedFaceSet solid="false" coordIndex='0 1 2 3 -1'>
					<Coordinate point='6.980209 0.000000 -5.157872 6.638822 2.100119 -5.156240 5.279368 1.642524 -4.682814 5.550510 0.000000 -4.685461'/>
				</IndexedFaceSet>
			</Shape>
			<Shape DEF='_IDX_176'>
				<Appearance USE='Material_32_IDX_32'/>
				<IndexedFaceSet solid="false" coordIndex='0 1 2 3 -1'>
					<Coordinate point='9.135674 1.446049 -0.085027 8.796273 2.856570 -0.072355 10.946419 3.555891 -0.046712 11.368328 1.800080 -0.054905'/>
				</IndexedFaceSet>
			</Shape>
			<Shape DEF='_IDX_177'>
				<Appearance USE='Material_31_IDX_31'/>
				<IndexedFaceSet solid="false" coordIndex='0 1 2 3 -1'>
					<Coordinate point='7.342673 1.161342 -0.131652 7.069121 2.294166 -0.112087 8.796273 2.856570 -0.072355 9.135674 1.446049 -0.085027'/>
				</IndexedFaceSet>
			</Shape>
			<Shape DEF='_IDX_178'>
				<Appearance USE='Material_30_IDX_30'/>
				<IndexedFaceSet solid="false" coordIndex='0 1 2 3 -1'>
					<Coordinate point='5.904045 0.932311 -0.203752 5.682362 1.841597 -0.173683 7.069121 2.294166 -0.112087 7.342673 1.161342 -0.131652'/>
				</IndexedFaceSet>
			</Shape>
			<Shape DEF='_IDX_179'>
				<Appearance USE='Material_29_IDX_29'/>
				<IndexedFaceSet solid="false" coordIndex='0 1 2 3 -1'>
					<Coordinate point='4.752639 0.748336 -0.315004 4.570139 1.477481 -0.269288 5.682362 1.841597 -0.173683 5.904045 0.932311 -0.203752'/>
				</IndexedFaceSet>
			</Shape>
			<Shape DEF='_IDX_180'>
				<Appearance USE='Material_28_IDX_28'/>
				<IndexedFaceSet solid="false" coordIndex='0 1 2 3 -1'>
					<Coordinate point='3.837809 0.602213 -0.485763 3.680732 1.186430 -0.418037 4.570139 1.477481 -0.269288 4.752639 0.748336 -0.315004'/>
				</IndexedFaceSet>
			</Shape>
			<Shape DEF='_IDX_181'>
				<Appearance USE='Material_27_IDX_27'/>
				<IndexedFaceSet solid="false" coordIndex='0 1 2 3 -1'>
					<Coordinate point='3.126952 0.492247 -0.744536 2.976104 0.962540 -0.650205 3.680732 1.186430 -0.418037 3.837809 0.602213 -0.485763'/>
				</IndexedFaceSet>
			</Shape>
			<Shape DEF='_IDX_182'>
				<Appearance USE='Material_26_IDX_26'/>
				<IndexedFaceSet solid="false" coordIndex='0 1 2 3 -1'>
					<Coordinate point='2.612818 0.426776 -1.125159 2.438568 0.820009 -1.010972 2.976104 0.962540 -0.650205 3.126952 0.492247 -0.744536'/>
				</IndexedFaceSet>
			</Shape>
			<Shape DEF='_IDX_183'>
				<Appearance USE='Material_25_IDX_25'/>
				<IndexedFaceSet solid="false" coordIndex='0 1 2 3 -1'>
					<Coordinate point='2.326184 0.427025 -1.651439 2.095675 0.806386 -1.545741 2.438568 0.820009 -1.010972 2.612818 0.426776 -1.125159'/>
				</IndexedFaceSet>
			</Shape>
			<Shape DEF='_IDX_184'>
				<Appearance USE='Material_24_IDX_24'/>
				<IndexedFaceSet solid="false" coordIndex='0 1 2 3 -1'>
					<Coordinate point='2.290701 0.466730 -2.015000 2.020062 0.879861 -1.928425 2.095675 0.806386 -1.545741 2.326184 0.427025 -1.651439'/>
				</IndexedFaceSet>
			</Shape>
			<Shape DEF='_IDX_185'>
				<Appearance USE='Material_23_IDX_23'/>
				<IndexedFaceSet solid="false" coordIndex='0 1 2 3 -1'>
					<Coordinate point='2.369165 0.540378 -2.415189 2.055214 1.021237 -2.351102 2.020062 0.879861 -1.928425 2.290701 0.466730 -2.015000'/>
				</IndexedFaceSet>
			</Shape>
			<Shape DEF='_IDX_186'>
				<Appearance DEF='Material_162_IDX_162'>
					<Material diffuseColor='0.265339 0.482211 0.803010'/>
					
				</Appearance>
				<IndexedFaceSet solid="false" coordIndex='0 1 2 3 -1'>
					<Coordinate point='2.579860 0.652092 -2.842526 2.215404 1.235975 -2.798489 2.055214 1.021237 -2.351102 2.369165 0.540378 -2.415189'/>
				</IndexedFaceSet>
			</Shape>
			<Shape DEF='_IDX_187'>
				<Appearance USE='Material_21_IDX_21'/>
				<IndexedFaceSet solid="false" coordIndex='0 1 2 3 -1'>
					<Coordinate point='2.944070 0.807633 -3.288481 2.514829 1.533685 -3.259663 2.215404 1.235975 -2.798489 2.579860 0.652092 -2.842526'/>
				</IndexedFaceSet>
			</Shape>
			<Shape DEF='_IDX_188'>
				<Appearance DEF='Material_163_IDX_163'>
					<Material diffuseColor='0.246989 0.301804 0.795551'/>
					
				</Appearance>
				<IndexedFaceSet solid="false" coordIndex='0 1 2 3 -1'>
					<Coordinate point='3.489020 1.015627 -3.746565 2.973053 1.930493 -3.728267 2.514829 1.533685 -3.259663 2.944070 0.807633 -3.288481'/>
				</IndexedFaceSet>
			</Shape>
			<Shape DEF='_IDX_189'>
				<Appearance USE='Material_19_IDX_19'/>
				<IndexedFaceSet solid="false" coordIndex='0 1 2 3 -1'>
					<Coordinate point='4.251137 1.288363 -4.212311 3.618700 2.449930 -4.200902 2.973053 1.930493 -3.728267 3.489020 1.015627 -3.746565'/>
				</IndexedFaceSet>
			</Shape>
			<Shape DEF='_IDX_190'>
				<Appearance USE='Material_18_IDX_18'/>
				<IndexedFaceSet solid="false" coordIndex='0 1 2 3 -1'>
					<Coordinate point='5.279368 1.642524 -4.682814 4.492078 3.123930 -4.675778 3.618700 2.449930 -4.200902 4.251137 1.288363 -4.212311'/>
				</IndexedFaceSet>
			</Shape>
			<Shape DEF='_IDX_191'>
				<Appearance USE='Material_17_IDX_17'/>
				<IndexedFaceSet solid="false" coordIndex='0 1 2 3 -1'>
					<Coordinate point='6.638822 2.100119 -5.156240 5.647881 3.994500 -5.151930 4.492078 3.123930 -4.675778 5.279368 1.642524 -4.682814'/>
				</IndexedFaceSet>
			</Shape>
			<Shape DEF='_IDX_192'>
				<Appearance USE='Material_48_IDX_48'/>
				<IndexedFaceSet solid="false" coordIndex='0 1 2 3 -1'>
					<Coordinate point='8.796273 2.856570 -0.072355 8.240088 4.196919 -0.052593 10.254873 5.224247 -0.033945 10.946419 3.555891 -0.046712'/>
				</IndexedFaceSet>
			</Shape>
			<Shape DEF='_IDX_193'>
				<Appearance USE='Material_47_IDX_47'/>
				<IndexedFaceSet solid="false" coordIndex='0 1 2 3 -1'>
					<Coordinate point='7.069121 2.294166 -0.112087 6.621130 3.370715 -0.081524 8.240088 4.196919 -0.052593 8.796273 2.856570 -0.072355'/>
				</IndexedFaceSet>
			</Shape>
			<Shape DEF='_IDX_194'>
				<Appearance USE='Material_46_IDX_46'/>
				<IndexedFaceSet solid="false" coordIndex='0 1 2 3 -1'>
					<Coordinate point='5.682362 1.841597 -0.173683 5.320023 2.705638 -0.126517 6.621130 3.370715 -0.081524 7.069121 2.294166 -0.112087'/>
				</IndexedFaceSet>
			</Shape>
			<Shape DEF='_IDX_195'>
				<Appearance USE='Material_45_IDX_45'/>
				<IndexedFaceSet solid="false" coordIndex='0 1 2 3 -1'>
					<Coordinate point='4.570139 1.477481 -0.269288 4.273586 2.169500 -0.196880 5.320023 2.705638 -0.126517 5.682362 1.841597 -0.173683'/>
				</IndexedFaceSet>
			</Shape>
			<Shape DEF='_IDX_196'>
				<Appearance USE='Material_44_IDX_44'/>
				<IndexedFaceSet solid="false" coordIndex='0 1 2 3 -1'>
					<Coordinate point='3.680732 1.186430 -0.418037 3.429505 1.737218 -0.308372 4.273586 2.169500 -0.196880 4.570139 1.477481 -0.269288'/>
				</IndexedFaceSet>
			</Shape>
			<Shape DEF='_IDX_197'>
				<Appearance USE='Material_43_IDX_43'/>
				<IndexedFaceSet solid="false" coordIndex='0 1 2 3 -1'>
					<Coordinate point='2.976104 0.962540 -0.650205 2.741836 1.393402 -0.490243 3.429505 1.737218 -0.308372 3.680732 1.186430 -0.418037'/>
				</IndexedFaceSet>
			</Shape>
			<Shape DEF='_IDX_198'>
				<Appearance USE='Material_42_IDX_42'/>
				<IndexedFaceSet solid="false" coordIndex='0 1 2 3 -1'>
					<Coordinate point='2.438568 0.820009 -1.010972 2.169356 1.148114 -0.802996 2.741836 1.393402 -0.490243 2.976104 0.962540 -0.650205'/>
				</IndexedFaceSet>
			</Shape>
			<Shape DEF='_IDX_199'>
				<Appearance USE='Material_41_IDX_41'/>
				<IndexedFaceSet solid="false" coordIndex='0 1 2 3 -1'>
					<Coordinate point='2.095675 0.806386 -1.545741 1.718524 1.086311 -1.350665 2.169356 1.148114 -0.802996 2.438568 0.820009 -1.010972'/>
				</IndexedFaceSet>
			</Shape>
			<Shape DEF='_IDX_200'>
				<Appearance DEF='Material_164_IDX_164'>
					<Material diffuseColor='0.329895 0.616416 0.698371'/>
					
				</Appearance>
				<IndexedFaceSet solid="false" coordIndex='0 1 2 3 -1'>
					<Coordinate point='2.020062 0.879861 -1.928425 1.572521 1.185482 -1.778721 1.718524 1.086311 -1.350665 2.095675 0.806386 -1.545741'/>
				</IndexedFaceSet>
			</Shape>
			<Shape DEF='_IDX_201'>
				<Appearance USE='Material_39_IDX_39'/>
				<IndexedFaceSet solid="false" coordIndex='0 1 2 3 -1'>
					<Coordinate point='2.055214 1.021237 -2.351102 1.543777 1.387899 -2.249854 1.572521 1.185482 -1.778721 2.020062 0.879861 -1.928425'/>
				</IndexedFaceSet>
			</Shape>
			<Shape DEF='_IDX_202'>
				<Appearance USE='Material_38_IDX_38'/>
				<IndexedFaceSet solid="false" coordIndex='0 1 2 3 -1'>
					<Coordinate point='2.215404 1.235975 -2.798489 1.633059 1.691124 -2.734313 1.543777 1.387899 -2.249854 2.055214 1.021237 -2.351102'/>
				</IndexedFaceSet>
			</Shape>
			<Shape DEF='_IDX_203'>
				<Appearance DEF='Material_165_IDX_165'>
					<Material diffuseColor='0.251620 0.404143 0.811447'/>
					
				</Appearance>
				<IndexedFaceSet solid="false" coordIndex='0 1 2 3 -1'>
					<Coordinate point='2.514829 1.533685 -3.259663 1.837962 2.105736 -3.220078 1.633059 1.691124 -2.734313 2.215404 1.235975 -2.798489'/>
				</IndexedFaceSet>
			</Shape>
			<Shape DEF='_IDX_204'>
				<Appearance USE='Material_36_IDX_36'/>
				<IndexedFaceSet solid="false" coordIndex='0 1 2 3 -1'>
					<Coordinate point='2.973053 1.930493 -3.728267 2.165069 2.654520 -3.704106 1.837962 2.105736 -3.220078 2.514829 1.533685 -3.259663'/>
				</IndexedFaceSet>
			</Shape>
			<Shape DEF='_IDX_205'>
				<Appearance USE='Material_35_IDX_35'/>
				<IndexedFaceSet solid="false" coordIndex='0 1 2 3 -1'>
					<Coordinate point='3.618700 2.449930 -4.200902 2.631480 3.370791 -4.186214 2.165069 2.654520 -3.704106 2.973053 1.930493 -3.728267'/>
				</IndexedFaceSet>
			</Shape>
			<Shape DEF='_IDX_206'>
				<Appearance USE='Material_34_IDX_34'/>
				<IndexedFaceSet solid="false" coordIndex='0 1 2 3 -1'>
					<Coordinate point='4.492078 3.123930 -4.675778 3.264782 4.299122 -4.666862 2.631480 3.370791 -4.186214 3.618700 2.449930 -4.200902'/>
				</IndexedFaceSet>
			</Shape>
			<Shape DEF='_IDX_207'>
				<Appearance USE='Material_33_IDX_33'/>
				<IndexedFaceSet solid="false" coordIndex='0 1 2 3 -1'>
					<Coordinate point='5.647881 3.994500 -5.151930 4.103940 5.497672 -5.146521 3.264782 4.299122 -4.666862 4.492078 3.123930 -4.675778'/>
				</IndexedFaceSet>
			</Shape>
			<Shape DEF='_IDX_208'>
				<Appearance USE='Material_64_IDX_64'/>
				<IndexedFaceSet solid="false" coordIndex='0 1 2 3 -1'>
					<Coordinate point='8.240088 4.196919 -0.052593 7.481019 5.434179 -0.027660 9.310815 6.764109 -0.017849 10.254873 5.224247 -0.033945'/>
				</IndexedFaceSet>
			</Shape>
			<Shape DEF='_IDX_209'>
				<Appearance USE='Material_63_IDX_63'/>
				<IndexedFaceSet solid="false" coordIndex='0 1 2 3 -1'>
					<Coordinate point='6.621130 3.370715 -0.081524 6.010206 4.364680 -0.042898 7.481019 5.434179 -0.027660 8.240088 4.196919 -0.052593'/>
				</IndexedFaceSet>
			</Shape>
			<Shape DEF='_IDX_210'>
				<Appearance USE='Material_62_IDX_62'/>
				<IndexedFaceSet solid="false" coordIndex='0 1 2 3 -1'>
					<Coordinate point='5.320023 2.705638 -0.126517 4.827080 3.503633 -0.066656 6.010206 4.364680 -0.042898 6.621130 3.370715 -0.081524'/>
				</IndexedFaceSet>
			</Shape>
			<Shape DEF='_IDX_211'>
				<Appearance USE='Material_61_IDX_61'/>
				<IndexedFaceSet solid="false" coordIndex='0 1 2 3 -1'>
					<Coordinate point='4.273586 2.169500 -0.196880 3.873113 2.808506 -0.104046 4.827080 3.503633 -0.066656 5.320023 2.705638 -0.126517'/>
				</IndexedFaceSet>
			</Shape>
			<Shape DEF='_IDX_212'>
				<Appearance USE='Material_60_IDX_60'/>
				<IndexedFaceSet solid="false" coordIndex='0 1 2 3 -1'>
					<Coordinate point='3.429505 1.737218 -0.308372 3.097725 2.243662 -0.164255 3.873113 2.808506 -0.104046 4.273586 2.169500 -0.196880'/>
				</IndexedFaceSet>
			</Shape>
			<Shape DEF='_IDX_213'>
				<Appearance USE='Material_59_IDX_59'/>
				<IndexedFaceSet solid="false" coordIndex='0 1 2 3 -1'>
					<Coordinate point='2.741836 1.393402 -0.490243 2.449506 1.778093 -0.266930 3.097725 2.243662 -0.164255 3.429505 1.737218 -0.308372'/>
				</IndexedFaceSet>
			</Shape>
			<Shape DEF='_IDX_214'>
				<Appearance USE='Material_58_IDX_58'/>
				<IndexedFaceSet solid="false" coordIndex='0 1 2 3 -1'>
					<Coordinate point='2.169356 1.148114 -0.802996 1.851869 1.389940 -0.470274 2.449506 1.778093 -0.266930 2.741836 1.393402 -0.490243'/>
				</IndexedFaceSet>
			</Shape>
			<Shape DEF='_IDX_215'>
				<Appearance USE='Material_57_IDX_57'/>
				<IndexedFaceSet solid="false" coordIndex='0 1 2 3 -1'>
					<Coordinate point='1.718524 1.086311 -1.350665 1.189851 1.190285 -1.014555 1.851869 1.389940 -0.470274 2.169356 1.148114 -0.802996'/>
				</IndexedFaceSet>
			</Shape>
			<Shape DEF='_IDX_216'>
				<Appearance USE='Material_56_IDX_56'/>
				<IndexedFaceSet solid="false" coordIndex='0 1 2 3 -1'>
					<Coordinate point='1.572521 1.185482 -1.778721 0.928456 1.329252 -1.567469 1.189851 1.190285 -1.014555 1.718524 1.086311 -1.350665'/>
				</IndexedFaceSet>
			</Shape>
			<Shape DEF='_IDX_217'>
				<Appearance USE='Material_55_IDX_55'/>
				<IndexedFaceSet solid="false" coordIndex='0 1 2 3 -1'>
					<Coordinate point='1.543777 1.387899 -2.249854 0.846525 1.600815 -2.134381 0.928456 1.329252 -1.567469 1.572521 1.185482 -1.778721'/>
				</IndexedFaceSet>
			</Shape>
			<Shape DEF='_IDX_218'>
				<Appearance USE='Material_54_IDX_54'/>
				<IndexedFaceSet solid="false" coordIndex='0 1 2 3 -1'>
					<Coordinate point='1.633059 1.691124 -2.734313 0.871752 1.974356 -2.670693 0.846525 1.600815 -2.134381 1.543777 1.387899 -2.249854'/>
				</IndexedFaceSet>
			</Shape>
			<Shape DEF='_IDX_219'>
				<Appearance USE='Material_53_IDX_53'/>
				<IndexedFaceSet solid="false" coordIndex='0 1 2 3 -1'>
					<Coordinate point='1.837962 2.105736 -3.220078 0.971695 2.469321 -3.183969 0.871752 1.974356 -2.670693 1.633059 1.691124 -2.734313'/>
				</IndexedFaceSet>
			</Shape>
			<Shape DEF='_IDX_220'>
				<Appearance USE='Material_52_IDX_52'/>
				<IndexedFaceSet solid="false" coordIndex='0 1 2 3 -1'>
					<Coordinate point='2.165069 2.654520 -3.704106 1.140594 3.117792 -3.683114 0.971695 2.469321 -3.183969 1.837962 2.105736 -3.220078'/>
				</IndexedFaceSet>
			</Shape>
			<Shape DEF='_IDX_221'>
				<Appearance DEF='Material_166_IDX_166'>
					<Material diffuseColor='0.257129 0.213947 0.758045'/>
					
				</Appearance>
				<IndexedFaceSet solid="false" coordIndex='0 1 2 3 -1'>
					<Coordinate point='2.631480 3.370791 -4.186214 1.384504 3.961320 -4.173813 1.140594 3.117792 -3.683114 2.165069 2.654520 -3.704106'/>
				</IndexedFaceSet>
			</Shape>
			<Shape DEF='_IDX_222'>
				<Appearance DEF='Material_167_IDX_167'>
					<Material diffuseColor='0.302493 0.132888 0.679334'/>
					
				</Appearance>
				<IndexedFaceSet solid="false" coordIndex='0 1 2 3 -1'>
					<Coordinate point='3.264782 4.299122 -4.666862 1.716880 5.053325 -4.659461 1.384504 3.961320 -4.173813 2.631480 3.370791 -4.186214'/>
				</IndexedFaceSet>
			</Shape>
			<Shape DEF='_IDX_223'>
				<Appearance DEF='Material_168_IDX_168'>
					<Material diffuseColor='0.408204 0.112240 0.581197'/>
					
				</Appearance>
				<IndexedFaceSet solid="false" coordIndex='0 1 2 3 -1'>
					<Coordinate point='4.103940 5.497672 -5.146521 2.157793 6.462622 -5.142076 1.716880 5.053325 -4.659461 3.264782 4.299122 -4.666862'/>
				</IndexedFaceSet>
			</Shape>
			<Shape DEF='_IDX_224'>
				<Appearance USE='Material_80_IDX_80'/>
				<IndexedFaceSet solid="false" coordIndex='0 1 2 3 -1'>
					<Coordinate point='7.481019 5.434179 -0.027660 6.537942 6.537942 -0.000000 8.137578 8.137578 -0.000000 9.310815 6.764109 -0.017849'/>
				</IndexedFaceSet>
			</Shape>
			<Shape DEF='_IDX_225'>
				<Appearance USE='Material_79_IDX_79'/>
				<IndexedFaceSet solid="false" coordIndex='0 1 2 3 -1'>
					<Coordinate point='6.010206 4.364680 -0.042898 5.251774 5.251774 -0.000000 6.537942 6.537942 -0.000000 7.481019 5.434179 -0.027660'/>
				</IndexedFaceSet>
			</Shape>
			<Shape DEF='_IDX_226'>
				<Appearance USE='Material_78_IDX_78'/>
				<IndexedFaceSet solid="false" coordIndex='0 1 2 3 -1'>
					<Coordinate point='4.827080 3.503633 -0.066656 4.216522 4.216522 -0.000000 5.251774 5.251774 -0.000000 6.010206 4.364680 -0.042898'/>
				</IndexedFaceSet>
			</Shape>
			<Shape DEF='_IDX_227'>
				<Appearance USE='Material_77_IDX_77'/>
				<IndexedFaceSet solid="false" coordIndex='0 1 2 3 -1'>
					<Coordinate point='3.873113 2.808506 -0.104046 3.380619 3.380619 -0.000000 4.216522 4.216522 -0.000000 4.827080 3.503633 -0.066656'/>
				</IndexedFaceSet>
			</Shape>
			<Shape DEF='_IDX_228'>
				<Appearance USE='Material_76_IDX_76'/>
				<IndexedFaceSet solid="false" coordIndex='0 1 2 3 -1'>
					<Coordinate point='3.097725 2.243662 -0.164255 2.699160 2.699160 -0.000000 3.380619 3.380619 -0.000000 3.873113 2.808506 -0.104046'/>
				</IndexedFaceSet>
			</Shape>
			<Shape DEF='_IDX_229'>
				<Appearance USE='Material_75_IDX_75'/>
				<IndexedFaceSet solid="false" coordIndex='0 1 2 3 -1'>
					<Coordinate point='2.449506 1.778093 -0.266930 2.125691 2.125691 -0.000000 2.699160 2.699160 -0.000000 3.097725 2.243662 -0.164255'/>
				</IndexedFaceSet>
			</Shape>
			<Shape DEF='_IDX_230'>
				<Appearance USE='Material_74_IDX_74'/>
				<IndexedFaceSet solid="false" coordIndex='0 1 2 3 -1'>
					<Coordinate point='1.851869 1.389940 -0.470274 1.583159 1.583159 -0.000000 2.125691 2.125691 -0.000000 2.449506 1.778093 -0.266930'/>
				</IndexedFaceSet>
			</Shape>
			<Shape DEF='_IDX_231'>
				<Appearance USE='Material_73_IDX_73'/>
				<IndexedFaceSet solid="false" coordIndex='0 1 2 3 -1'>
					<Coordinate point='1.189851 1.190285 -1.014555 0.000074 0.000178 -0.000000 1.583159 1.583159 -0.000000 1.851869 1.389940 -0.470274'/>
				</IndexedFaceSet>
			</Shape>
			<Shape DEF='_IDX_232'>
				<Appearance USE='Material_72_IDX_72'/>
				<IndexedFaceSet solid="false" coordIndex='0 1 2 3 -1'>
					<Coordinate point='0.928456 1.329252 -1.567469 0.000000 1.321678 -1.408929 0.000074 0.000178 -0.000000 1.189851 1.190285 -1.014555'/>
				</IndexedFaceSet>
			</Shape>
			<Shape DEF='_IDX_233'>
				<Appearance USE='Material_71_IDX_71'/>
				<IndexedFaceSet solid="false" coordIndex='0 1 2 3 -1'>
					<Coordinate point='0.846525 1.600815 -2.134381 0.000000 1.662671 -2.074545 0.000000 1.321678 -1.408929 0.928456 1.329252 -1.567469'/>
				</IndexedFaceSet>
			</Shape>
			<Shape DEF='_IDX_234'>
				<Appearance USE='Material_70_IDX_70'/>
				<IndexedFaceSet solid="false" coordIndex='0 1 2 3 -1'>
					<Coordinate point='0.871752 1.974356 -2.670693 0.000000 2.068809 -2.642355 0.000000 1.662671 -2.074545 0.846525 1.600815 -2.134381'/>
				</IndexedFaceSet>
			</Shape>
			<Shape DEF='_IDX_235'>
				<Appearance DEF='Material_169_IDX_169'>
					<Material diffuseColor='0.254581 0.420997 0.809626'/>
					
				</Appearance>
				<IndexedFaceSet solid="false" coordIndex='0 1 2 3 -1'>
					<Coordinate point='0.971695 2.469321 -3.183969 0.000000 2.593554 -3.168979 0.000000 2.068809 -2.642355 0.871752 1.974356 -2.670693'/>
				</IndexedFaceSet>
			</Shape>
			<Shape DEF='_IDX_236'>
				<Appearance USE='Material_68_IDX_68'/>
				<IndexedFaceSet solid="false" coordIndex='0 1 2 3 -1'>
					<Coordinate point='1.140594 3.117792 -3.683114 0.000000 3.277026 -3.674709 0.000000 2.593554 -3.168979 0.971695 2.469321 -3.183969'/>
				</IndexedFaceSet>
			</Shape>
			<Shape DEF='_IDX_237'>
				<Appearance DEF='Material_170_IDX_170'>
					<Material diffuseColor='0.256038 0.215898 0.759939'/>
					
				</Appearance>
				<IndexedFaceSet solid="false" coordIndex='0 1 2 3 -1'>
					<Coordinate point='1.384504 3.961320 -4.173813 0.000000 4.164637 -4.168944 0.000000 3.277026 -3.674709 1.140594 3.117792 -3.683114'/>
				</IndexedFaceSet>
			</Shape>
			<Shape DEF='_IDX_238'>
				<Appearance USE='Material_66_IDX_66'/>
				<IndexedFaceSet solid="false" coordIndex='0 1 2 3 -1'>
					<Coordinate point='1.716880 5.053325 -4.659461 0.000000 5.313133 -4.656588 0.000000 4.164637 -4.168944 1.384504 3.961320 -4.173813'/>
				</IndexedFaceSet>
			</Shape>
			<Shape DEF='_IDX_239'>
				<Appearance USE='Material_65_IDX_65'/>
				<IndexedFaceSet solid="false" coordIndex='0 1 2 3 -1'>
					<Coordinate point='2.157793 6.462622 -5.142076 0.000000 6.795089 -5.140361 0.000000 5.313133 -4.656588 1.716880 5.053325 -4.659461'/>
				</IndexedFaceSet>
			</Shape>
			<Shape DEF='_IDX_240'>
				<Appearance USE='Material_96_IDX_96'/>
				<IndexedFaceSet solid="false" coordIndex='0 1 2 3 -1'>
					<Coordinate point='0.000000 5.550510 4.685461 1.642524 5.279368 4.682814 2.100119 6.638822 5.156240 0.000000 6.980209 5.157872'/>
				</IndexedFaceSet>
			</Shape>
			<Shape DEF='_IDX_241'>
				<Appearance USE='Material_95_IDX_95'/>
				<IndexedFaceSet solid="false" coordIndex='0 1 2 3 -1'>
					<Coordinate point='-0.000000 4.468782 4.216564 1.288363 4.251137 4.212311 1.642524 5.279368 4.682814 0.000000 5.550510 4.685461'/>
				</IndexedFaceSet>
			</Shape>
			<Shape DEF='_IDX_242'>
				<Appearance USE='Material_94_IDX_94'/>
				<IndexedFaceSet solid="false" coordIndex='0 1 2 3 -1'>
					<Coordinate point='0.000000 3.666279 3.753291 1.015627 3.489020 3.746565 1.288363 4.251137 4.212311 -0.000000 4.468782 4.216564'/>
				</IndexedFaceSet>
			</Shape>
			<Shape DEF='_IDX_243'>
				<Appearance USE='Material_93_IDX_93'/>
				<IndexedFaceSet solid="false" coordIndex='0 1 2 3 -1'>
					<Coordinate point='-0.000000 3.091025 3.298854 0.807633 2.944070 3.288481 1.015627 3.489020 3.746565 0.000000 3.666279 3.753291'/>
				</IndexedFaceSet>
			</Shape>
			<Shape DEF='_IDX_244'>
				<Appearance USE='Material_92_IDX_92'/>
				<IndexedFaceSet solid="false" coordIndex='0 1 2 3 -1'>
					<Coordinate point='-0.000000 2.703905 2.857929 0.652092 2.579860 2.842526 0.807633 2.944070 3.288481 -0.000000 3.091025 3.298854'/>
				</IndexedFaceSet>
			</Shape>
			<Shape DEF='_IDX_245'>
				<Appearance USE='Material_91_IDX_91'/>
				<IndexedFaceSet solid="false" coordIndex='0 1 2 3 -1'>
					<Coordinate point='0.000000 2.475239 2.436837 0.540378 2.369165 2.415189 0.652092 2.579860 2.842526 -0.000000 2.703905 2.857929'/>
				</IndexedFaceSet>
			</Shape>
			<Shape DEF='_IDX_246'>
				<Appearance USE='Material_90_IDX_90'/>
				<IndexedFaceSet solid="false" coordIndex='0 1 2 3 -1'>
					<Coordinate point='-0.000000 2.381716 2.043256 0.466730 2.290701 2.015000 0.540378 2.369165 2.415189 0.000000 2.475239 2.436837'/>
				</IndexedFaceSet>
			</Shape>
			<Shape DEF='_IDX_247'>
				<Appearance USE='Material_89_IDX_89'/>
				<IndexedFaceSet solid="false" coordIndex='0 1 2 3 -1'>
					<Coordinate point='0.000000 2.403973 1.685147 0.427025 2.326184 1.651439 0.466730 2.290701 2.015000 -0.000000 2.381716 2.043256'/>
				</IndexedFaceSet>
			</Shape>
			<Shape DEF='_IDX_248'>
				<Appearance USE='Material_88_IDX_88'/>
				<IndexedFaceSet solid="false" coordIndex='0 1 2 3 -1'>
					<Coordinate point='-0.000000 2.672751 1.161651 0.426776 2.612818 1.125159 0.427025 2.326184 1.651439 0.000000 2.403973 1.685147'/>
				</IndexedFaceSet>
			</Shape>
			<Shape DEF='_IDX_249'>
				<Appearance USE='Material_87_IDX_87'/>
				<IndexedFaceSet solid="false" coordIndex='0 1 2 3 -1'>
					<Coordinate point='0.000000 3.178911 0.775576 0.492247 3.126952 0.744536 0.426776 2.612818 1.125159 -0.000000 2.672751 1.161651'/>
				</IndexedFaceSet>
			</Shape>
			<Shape DEF='_IDX_250'>
				<Appearance USE='Material_86_IDX_86'/>
				<IndexedFaceSet solid="false" coordIndex='0 1 2 3 -1'>
					<Coordinate point='0.000000 3.891277 0.508577 0.602213 3.837809 0.485763 0.492247 3.126952 0.744536 0.000000 3.178911 0.775576'/>
				</IndexedFaceSet>
			</Shape>
			<Shape DEF='_IDX_251'>
				<Appearance USE='Material_85_IDX_85'/>
				<IndexedFaceSet solid="false" coordIndex='0 1 2 3 -1'>
					<Coordinate point='0.000000 4.814272 0.330598 0.748336 4.752639 0.315004 0.602213 3.837809 0.485763 0.000000 3.891277 0.508577'/>
				</IndexedFaceSet>
			</Shape>
			<Shape DEF='_IDX_252'>
				<Appearance USE='Material_84_IDX_84'/>
				<IndexedFaceSet solid="false" coordIndex='0 1 2 3 -1'>
					<Coordinate point='-0.000000 5.978673 0.214068 0.932311 5.904045 0.203752 0.748336 4.752639 0.315004 0.000000 4.814272 0.330598'/>
				</IndexedFaceSet>
			</Shape>
			<Shape DEF='_IDX_253'>
				<Appearance USE='Material_83_IDX_83'/>
				<IndexedFaceSet solid="false" coordIndex='0 1 2 3 -1'>
					<Coordinate point='0.000000 7.434661 0.138381 1.161342 7.342673 0.131652 0.932311 5.904045 0.203752 -0.000000 5.978673 0.214068'/>
				</IndexedFaceSet>
			</Shape>
			<Shape DEF='_IDX_254'>
				<Appearance USE='Material_82_IDX_82'/>
				<IndexedFaceSet solid="false" coordIndex='0 1 2 3 -1'>
					<Coordinate point='0.000000 9.249763 0.089391 1.446049 9.135674 0.085027 1.161342 7.342673 0.131652 0.000000 7.434661 0.138381'/>
				</IndexedFaceSet>
			</Shape>
			<Shape DEF='_IDX_255'>
				<Appearance USE='Material_81_IDX_81'/>
				<IndexedFaceSet solid="false" coordIndex='0 1 2 3 -1'>
					<Coordinate point='0.000000 11.510138 0.057727 1.800080 11.368328 0.054905 1.446049 9.135674 0.085027 0.000000 9.249763 0.089391'/>
				</IndexedFaceSet>
			</Shape>
			<Shape DEF='_IDX_256'>
				<Appearance USE='Material_112_IDX_112'/>
				<IndexedFaceSet solid="false" coordIndex='0 1 2 3 -1'>
					<Coordinate point='1.642524 5.279368 4.682814 3.123930 4.492078 4.675778 3.994500 5.647881 5.151930 2.100119 6.638822 5.156240'/>
				</IndexedFaceSet>
			</Shape>
			<Shape DEF='_IDX_257'>
				<Appearance USE='Material_111_IDX_111'/>
				<IndexedFaceSet solid="false" coordIndex='0 1 2 3 -1'>
					<Coordinate point='1.288363 4.251137 4.212311 2.449930 3.618700 4.200902 3.123930 4.492078 4.675778 1.642524 5.279368 4.682814'/>
				</IndexedFaceSet>
			</Shape>
			<Shape DEF='_IDX_258'>
				<Appearance USE='Material_110_IDX_110'/>
				<IndexedFaceSet solid="false" coordIndex='0 1 2 3 -1'>
					<Coordinate point='1.015627 3.489020 3.746565 1.930493 2.973053 3.728267 2.449930 3.618700 4.200902 1.288363 4.251137 4.212311'/>
				</IndexedFaceSet>
			</Shape>
			<Shape DEF='_IDX_259'>
				<Appearance USE='Material_109_IDX_109'/>
				<IndexedFaceSet solid="false" coordIndex='0 1 2 3 -1'>
					<Coordinate point='0.807633 2.944070 3.288481 1.533685 2.514829 3.259663 1.930493 2.973053 3.728267 1.015627 3.489020 3.746565'/>
				</IndexedFaceSet>
			</Shape>
			<Shape DEF='_IDX_260'>
				<Appearance USE='Material_108_IDX_108'/>
				<IndexedFaceSet solid="false" coordIndex='0 1 2 3 -1'>
					<Coordinate point='0.652092 2.579860 2.842526 1.235975 2.215404 2.798489 1.533685 2.514829 3.259663 0.807633 2.944070 3.288481'/>
				</IndexedFaceSet>
			</Shape>
			<Shape DEF='_IDX_261'>
				<Appearance DEF='Material_171_IDX_171'>
					<Material diffuseColor='0.864843 0.667649 0.235853'/>
					
				</Appearance>
				<IndexedFaceSet solid="false" coordIndex='0 1 2 3 -1'>
					<Coordinate point='0.540378 2.369165 2.415189 1.021237 2.055214 2.351102 1.235975 2.215404 2.798489 0.652092 2.579860 2.842526'/>
				</IndexedFaceSet>
			</Shape>
			<Shape DEF='_IDX_262'>
				<Appearance USE='Material_106_IDX_106'/>
				<IndexedFaceSet solid="false" coordIndex='0 1 2 3 -1'>
					<Coordinate point='0.466730 2.290701 2.015000 0.879861 2.020062 1.928425 1.021237 2.055214 2.351102 0.540378 2.369165 2.415189'/>
				</IndexedFaceSet>
			</Shape>
			<Shape DEF='_IDX_263'>
				<Appearance USE='Material_105_IDX_105'/>
				<IndexedFaceSet solid="false" coordIndex='0 1 2 3 -1'>
					<Coordinate point='0.427025 2.326184 1.651439 0.806386 2.095675 1.545741 0.879861 2.020062 1.928425 0.466730 2.290701 2.015000'/>
				</IndexedFaceSet>
			</Shape>
			<Shape DEF='_IDX_264'>
				<Appearance USE='Material_104_IDX_104'/>
				<IndexedFaceSet solid="false" coordIndex='0 1 2 3 -1'>
					<Coordinate point='0.426776 2.612818 1.125159 0.820009 2.438568 1.010972 0.806386 2.095675 1.545741 0.427025 2.326184 1.651439'/>
				</IndexedFaceSet>
			</Shape>
			<Shape DEF='_IDX_265'>
				<Appearance USE='Material_103_IDX_103'/>
				<IndexedFaceSet solid="false" coordIndex='0 1 2 3 -1'>
					<Coordinate point='0.492247 3.126952 0.744536 0.962540 2.976104 0.650205 0.820009 2.438568 1.010972 0.426776 2.612818 1.125159'/>
				</IndexedFaceSet>
			</Shape>
			<Shape DEF='_IDX_266'>
				<Appearance USE='Material_102_IDX_102'/>
				<IndexedFaceSet solid="false" coordIndex='0 1 2 3 -1'>
					<Coordinate point='0.602213 3.837809 0.485763 1.186430 3.680732 0.418037 0.962540 2.976104 0.650205 0.492247 3.126952 0.744536'/>
				</IndexedFaceSet>
			</Shape>
			<Shape DEF='_IDX_267'>
				<Appearance USE='Material_101_IDX_101'/>
				<IndexedFaceSet solid="false" coordIndex='0 1 2 3 -1'>
					<Coordinate point='0.748336 4.752639 0.315004 1.477481 4.570139 0.269288 1.186430 3.680732 0.418037 0.602213 3.837809 0.485763'/>
				</IndexedFaceSet>
			</Shape>
			<Shape DEF='_IDX_268'>
				<Appearance USE='Material_100_IDX_100'/>
				<IndexedFaceSet solid="false" coordIndex='0 1 2 3 -1'>
					<Coordinate point='0.932311 5.904045 0.203752 1.841597 5.682362 0.173683 1.477481 4.570139 0.269288 0.748336 4.752639 0.315004'/>
				</IndexedFaceSet>
			</Shape>
			<Shape DEF='_IDX_269'>
				<Appearance USE='Material_99_IDX_99'/>
				<IndexedFaceSet solid="false" coordIndex='0 1 2 3 -1'>
					<Coordinate point='1.161342 7.342673 0.131652 2.294166 7.069121 0.112087 1.841597 5.682362 0.173683 0.932311 5.904045 0.203752'/>
				</IndexedFaceSet>
			</Shape>
			<Shape DEF='_IDX_270'>
				<Appearance USE='Material_98_IDX_98'/>
				<IndexedFaceSet solid="false" coordIndex='0 1 2 3 -1'>
					<Coordinate point='1.446049 9.135674 0.085027 2.856570 8.796273 0.072355 2.294166 7.069121 0.112087 1.161342 7.342673 0.131652'/>
				</IndexedFaceSet>
			</Shape>
			<Shape DEF='_IDX_271'>
				<Appearance USE='Material_97_IDX_97'/>
				<IndexedFaceSet solid="false" coordIndex='0 1 2 3 -1'>
					<Coordinate point='1.800080 11.368328 0.054905 3.555891 10.946419 0.046712 2.856570 8.796273 0.072355 1.446049 9.135674 0.085027'/>
				</IndexedFaceSet>
			</Shape>
			<Shape DEF='_IDX_272'>
				<Appearance USE='Material_128_IDX_128'/>
				<IndexedFaceSet solid="false" coordIndex='0 1 2 3 -1'>
					<Coordinate point='3.123930 4.492078 4.675778 4.299122 3.264782 4.666862 5.497672 4.103940 5.146521 3.994500 5.647881 5.151930'/>
				</IndexedFaceSet>
			</Shape>
			<Shape DEF='_IDX_273'>
				<Appearance USE='Material_127_IDX_127'/>
				<IndexedFaceSet solid="false" coordIndex='0 1 2 3 -1'>
					<Coordinate point='2.449930 3.618700 4.200902 3.370791 2.631480 4.186214 4.299122 3.264782 4.666862 3.123930 4.492078 4.675778'/>
				</IndexedFaceSet>
			</Shape>
			<Shape DEF='_IDX_274'>
				<Appearance USE='Material_126_IDX_126'/>
				<IndexedFaceSet solid="false" coordIndex='0 1 2 3 -1'>
					<Coordinate point='1.930493 2.973053 3.728267 2.654520 2.165069 3.704106 3.370791 2.631480 4.186214 2.449930 3.618700 4.200902'/>
				</IndexedFaceSet>
			</Shape>
			<Shape DEF='_IDX_275'>
				<Appearance USE='Material_125_IDX_125'/>
				<IndexedFaceSet solid="false" coordIndex='0 1 2 3 -1'>
					<Coordinate point='1.533685 2.514829 3.259663 2.105736 1.837962 3.220078 2.654520 2.165069 3.704106 1.930493 2.973053 3.728267'/>
				</IndexedFaceSet>
			</Shape>
			<Shape DEF='_IDX_276'>
				<Appearance USE='Material_124_IDX_124'/>
				<IndexedFaceSet solid="false" coordIndex='0 1 2 3 -1'>
					<Coordinate point='1.235975 2.215404 2.798489 1.691124 1.633059 2.734313 2.105736 1.837962 3.220078 1.533685 2.514829 3.259663'/>
				</IndexedFaceSet>
			</Shape>
			<Shape DEF='_IDX_277'>
				<Appearance USE='Material_123_IDX_123'/>
				<IndexedFaceSet solid="false" coordIndex='0 1 2 3 -1'>
					<Coordinate point='1.021237 2.055214 2.351102 1.387899 1.543777 2.249854 1.691124 1.633059 2.734313 1.235975 2.215404 2.798489'/>
				</IndexedFaceSet>
			</Shape>
			<Shape DEF='_IDX_278'>
				<Appearance USE='Material_122_IDX_122'/>
				<IndexedFaceSet solid="false" coordIndex='0 1 2 3 -1'>
					<Coordinate point='0.879861 2.020062 1.928425 1.185482 1.572521 1.778721 1.387899 1.543777 2.249854 1.021237 2.055214 2.351102'/>
				</IndexedFaceSet>
			</Shape>
			<Shape DEF='_IDX_279'>
				<Appearance USE='Material_121_IDX_121'/>
				<IndexedFaceSet solid="false" coordIndex='0 1 2 3 -1'>
					<Coordinate point='0.806386 2.095675 1.545741 1.086311 1.718524 1.350665 1.185482 1.572521 1.778721 0.879861 2.020062 1.928425'/>
				</IndexedFaceSet>
			</Shape>
			<Shape DEF='_IDX_280'>
				<Appearance USE='Material_120_IDX_120'/>
				<IndexedFaceSet solid="false" coordIndex='0 1 2 3 -1'>
					<Coordinate point='0.820009 2.438568 1.010972 1.148114 2.169356 0.802996 1.086311 1.718524 1.350665 0.806386 2.095675 1.545741'/>
				</IndexedFaceSet>
			</Shape>
			<Shape DEF='_IDX_281'>
				<Appearance USE='Material_119_IDX_119'/>
				<IndexedFaceSet solid="false" coordIndex='0 1 2 3 -1'>
					<Coordinate point='0.962540 2.976104 0.650205 1.393402 2.741836 0.490243 1.148114 2.169356 0.802996 0.820009 2.438568 1.010972'/>
				</IndexedFaceSet>
			</Shape>
			<Shape DEF='_IDX_282'>
				<Appearance USE='Material_118_IDX_118'/>
				<IndexedFaceSet solid="false" coordIndex='0 1 2 3 -1'>
					<Coordinate point='1.186430 3.680732 0.418037 1.737218 3.429505 0.308372 1.393402 2.741836 0.490243 0.962540 2.976104 0.650205'/>
				</IndexedFaceSet>
			</Shape>
			<Shape DEF='_IDX_283'>
				<Appearance USE='Material_117_IDX_117'/>
				<IndexedFaceSet solid="false" coordIndex='0 1 2 3 -1'>
					<Coordinate point='1.477481 4.570139 0.269288 2.169500 4.273586 0.196880 1.737218 3.429505 0.308372 1.186430 3.680732 0.418037'/>
				</IndexedFaceSet>
			</Shape>
			<Shape DEF='_IDX_284'>
				<Appearance USE='Material_116_IDX_116'/>
				<IndexedFaceSet solid="false" coordIndex='0 1 2 3 -1'>
					<Coordinate point='1.841597 5.682362 0.173683 2.705638 5.320023 0.126517 2.169500 4.273586 0.196880 1.477481 4.570139 0.269288'/>
				</IndexedFaceSet>
			</Shape>
			<Shape DEF='_IDX_285'>
				<Appearance USE='Material_115_IDX_115'/>
				<IndexedFaceSet solid="false" coordIndex='0 1 2 3 -1'>
					<Coordinate point='2.294166 7.069121 0.112087 3.370715 6.621130 0.081524 2.705638 5.320023 0.126517 1.841597 5.682362 0.173683'/>
				</IndexedFaceSet>
			</Shape>
			<Shape DEF='_IDX_286'>
				<Appearance USE='Material_114_IDX_114'/>
				<IndexedFaceSet solid="false" coordIndex='0 1 2 3 -1'>
					<Coordinate point='2.856570 8.796273 0.072355 4.196919 8.240088 0.052593 3.370715 6.621130 0.081524 2.294166 7.069121 0.112087'/>
				</IndexedFaceSet>
			</Shape>
			<Shape DEF='_IDX_287'>
				<Appearance USE='Material_113_IDX_113'/>
				<IndexedFaceSet solid="false" coordIndex='0 1 2 3 -1'>
					<Coordinate point='3.555891 10.946419 0.046712 5.224247 10.254873 0.033945 4.196919 8.240088 0.052593 2.856570 8.796273 0.072355'/>
				</IndexedFaceSet>
			</Shape>
			<Shape DEF='_IDX_288'>
				<Appearance USE='Material_144_IDX_144'/>
				<IndexedFaceSet solid="false" coordIndex='0 1 2 3 -1'>
					<Coordinate point='4.299122 3.264782 4.666862 5.053325 1.716880 4.659461 6.462622 2.157793 5.142076 5.497672 4.103940 5.146521'/>
				</IndexedFaceSet>
			</Shape>
			<Shape DEF='_IDX_289'>
				<Appearance DEF='Material_172_IDX_172'>
					<Material diffuseColor='0.881621 0.316035 0.164959'/>
					
				</Appearance>
				<IndexedFaceSet solid="false" coordIndex='0 1 2 3 -1'>
					<Coordinate point='3.370791 2.631480 4.186214 3.961320 1.384504 4.173813 5.053325 1.716880 4.659461 4.299122 3.264782 4.666862'/>
				</IndexedFaceSet>
			</Shape>
			<Shape DEF='_IDX_290'>
				<Appearance DEF='Material_173_IDX_173'>
					<Material diffuseColor='0.900227 0.436907 0.188668'/>
					
				</Appearance>
				<IndexedFaceSet solid="false" coordIndex='0 1 2 3 -1'>
					<Coordinate point='2.654520 2.165069 3.704106 3.117792 1.140594 3.683114 3.961320 1.384504 4.173813 3.370791 2.631480 4.186214'/>
				</IndexedFaceSet>
			</Shape>
			<Shape DEF='_IDX_291'>
				<Appearance USE='Material_141_IDX_141'/>
				<IndexedFaceSet solid="false" coordIndex='0 1 2 3 -1'>
					<Coordinate point='2.105736 1.837962 3.220078 2.469321 0.971695 3.183969 3.117792 1.140594 3.683114 2.654520 2.165069 3.704106'/>
				</IndexedFaceSet>
			</Shape>
			<Shape DEF='_IDX_292'>
				<Appearance USE='Material_140_IDX_140'/>
				<IndexedFaceSet solid="false" coordIndex='0 1 2 3 -1'>
					<Coordinate point='1.691124 1.633059 2.734313 1.974356 0.871752 2.670693 2.469321 0.971695 3.183969 2.105736 1.837962 3.220078'/>
				</IndexedFaceSet>
			</Shape>
			<Shape DEF='_IDX_293'>
				<Appearance USE='Material_139_IDX_139'/>
				<IndexedFaceSet solid="false" coordIndex='0 1 2 3 -1'>
					<Coordinate point='1.387899 1.543777 2.249854 1.600815 0.846525 2.134381 1.974356 0.871752 2.670693 1.691124 1.633059 2.734313'/>
				</IndexedFaceSet>
			</Shape>
			<Shape DEF='_IDX_294'>
				<Appearance USE='Material_138_IDX_138'/>
				<IndexedFaceSet solid="false" coordIndex='0 1 2 3 -1'>
					<Coordinate point='1.185482 1.572521 1.778721 1.329252 0.928456 1.567469 1.600815 0.846525 2.134381 1.387899 1.543777 2.249854'/>
				</IndexedFaceSet>
			</Shape>
			<Shape DEF='_IDX_295'>
				<Appearance USE='Material_137_IDX_137'/>
				<IndexedFaceSet solid="false" coordIndex='0 1 2 3 -1'>
					<Coordinate point='1.086311 1.718524 1.350665 1.190285 1.189851 1.014555 1.329252 0.928456 1.567469 1.185482 1.572521 1.778721'/>
				</IndexedFaceSet>
			</Shape>
			<Shape DEF='_IDX_296'>
				<Appearance USE='Material_136_IDX_136'/>
				<IndexedFaceSet solid="false" coordIndex='0 1 2 3 -1'>
					<Coordinate point='1.148114 2.169356 0.802996 1.389940 1.851869 0.470274 1.190285 1.189851 1.014555 1.086311 1.718524 1.350665'/>
				</IndexedFaceSet>
			</Shape>
			<Shape DEF='_IDX_297'>
				<Appearance USE='Material_135_IDX_135'/>
				<IndexedFaceSet solid="false" coordIndex='0 1 2 3 -1'>
					<Coordinate point='1.393402 2.741836 0.490243 1.778093 2.449506 0.266930 1.389940 1.851869 0.470274 1.148114 2.169356 0.802996'/>
				</IndexedFaceSet>
			</Shape>
			<Shape DEF='_IDX_298'>
				<Appearance USE='Material_134_IDX_134'/>
				<IndexedFaceSet solid="false" coordIndex='0 1 2 3 -1'>
					<Coordinate point='1.737218 3.429505 0.308372 2.243662 3.097725 0.164255 1.778093 2.449506 0.266930 1.393402 2.741836 0.490243'/>
				</IndexedFaceSet>
			</Shape>
			<Shape DEF='_IDX_299'>
				<Appearance USE='Material_133_IDX_133'/>
				<IndexedFaceSet solid="false" coordIndex='0 1 2 3 -1'>
					<Coordinate point='2.169500 4.273586 0.196880 2.808506 3.873113 0.104046 2.243662 3.097725 0.164255 1.737218 3.429505 0.308372'/>
				</IndexedFaceSet>
			</Shape>
			<Shape DEF='_IDX_300'>
				<Appearance USE='Material_132_IDX_132'/>
				<IndexedFaceSet solid="false" coordIndex='0 1 2 3 -1'>
					<Coordinate point='2.705638 5.320023 0.126517 3.503633 4.827080 0.066656 2.808506 3.873113 0.104046 2.169500 4.273586 0.196880'/>
				</IndexedFaceSet>
			</Shape>
			<Shape DEF='_IDX_301'>
				<Appearance USE='Material_131_IDX_131'/>
				<IndexedFaceSet solid="false" coordIndex='0 1 2 3 -1'>
					<Coordinate point='3.370715 6.621130 0.081524 4.364680 6.010206 0.042898 3.503633 4.827080 0.066656 2.705638 5.320023 0.126517'/>
				</IndexedFaceSet>
			</Shape>
			<Shape DEF='_IDX_302'>
				<Appearance USE='Material_130_IDX_130'/>
				<IndexedFaceSet solid="false" coordIndex='0 1 2 3 -1'>
					<Coordinate point='4.196919 8.240088 0.052593 5.434179 7.481019 0.027660 4.364680 6.010206 0.042898 3.370715 6.621130 0.081524'/>
				</IndexedFaceSet>
			</Shape>
			<Shape DEF='_IDX_303'>
				<Appearance USE='Material_129_IDX_129'/>
				<IndexedFaceSet solid="false" coordIndex='0 1 2 3 -1'>
					<Coordinate point='5.224247 10.254873 0.033945 6.764109 9.310815 0.017849 5.434179 7.481019 0.027660 4.196919 8.240088 0.052593'/>
				</IndexedFaceSet>
			</Shape>
			<Shape DEF='_IDX_304'>
				<Appearance USE='Material_160_IDX_160'/>
				<IndexedFaceSet solid="false" coordIndex='0 1 2 3 -1'>
					<Coordinate point='5.053325 1.716880 4.659461 5.313133 0.000000 4.656588 6.795089 0.000000 5.140361 6.462622 2.157793 5.142076'/>
				</IndexedFaceSet>
			</Shape>
			<Shape DEF='_IDX_305'>
				<Appearance USE='Material_159_IDX_159'/>
				<IndexedFaceSet solid="false" coordIndex='0 1 2 3 -1'>
					<Coordinate point='3.961320 1.384504 4.173813 4.164637 0.000000 4.168944 5.313133 0.000000 4.656588 5.053325 1.716880 4.659461'/>
				</IndexedFaceSet>
			</Shape>
			<Shape DEF='_IDX_306'>
				<Appearance USE='Material_158_IDX_158'/>
				<IndexedFaceSet solid="false" coordIndex='0 1 2 3 -1'>
					<Coordinate point='3.117792 1.140594 3.683114 3.277026 0.000000 3.674709 4.164637 0.000000 4.168944 3.961320 1.384504 4.173813'/>
				</IndexedFaceSet>
			</Shape>
			<Shape DEF='_IDX_307'>
				<Appearance USE='Material_157_IDX_157'/>
				<IndexedFaceSet solid="false" coordIndex='0 1 2 3 -1'>
					<Coordinate point='2.469321 0.971695 3.183969 2.593554 0.000000 3.168979 3.277026 0.000000 3.674709 3.117792 1.140594 3.683114'/>
				</IndexedFaceSet>
			</Shape>
			<Shape DEF='_IDX_308'>
				<Appearance USE='Material_156_IDX_156'/>
				<IndexedFaceSet solid="false" coordIndex='0 1 2 3 -1'>
					<Coordinate point='1.974356 0.871752 2.670693 2.068809 0.000000 2.642355 2.593554 0.000000 3.168979 2.469321 0.971695 3.183969'/>
				</IndexedFaceSet>
			</Shape>
			<Shape DEF='_IDX_309'>
				<Appearance USE='Material_155_IDX_155'/>
				<IndexedFaceSet solid="false" coordIndex='0 1 2 3 -1'>
					<Coordinate point='1.600815 0.846525 2.134381 1.662671 0.000000 2.074545 2.068809 0.000000 2.642355 1.974356 0.871752 2.670693'/>
				</IndexedFaceSet>
			</Shape>
			<Shape DEF='_IDX_310'>
				<Appearance USE='Material_154_IDX_154'/>
				<IndexedFaceSet solid="false" coordIndex='0 1 2 3 -1'>
					<Coordinate point='1.329252 0.928456 1.567469 1.321678 0.000000 1.408929 1.662671 0.000000 2.074545 1.600815 0.846525 2.134381'/>
				</IndexedFaceSet>
			</Shape>
			<Shape DEF='_IDX_311'>
				<Appearance USE='Material_153_IDX_153'/>
				<IndexedFaceSet solid="false" coordIndex='0 1 2 3 -1'>
					<Coordinate point='1.190285 1.189851 1.014555 0.000178 0.000074 0.000000 1.321678 0.000000 1.408929 1.329252 0.928456 1.567469'/>
				</IndexedFaceSet>
			</Shape>
			<Shape DEF='_IDX_312'>
				<Appearance USE='Material_152_IDX_152'/>
				<IndexedFaceSet solid="false" coordIndex='0 1 2 3 -1'>
					<Coordinate point='1.389940 1.851869 0.470274 1.583159 1.583159 0.000000 0.000178 0.000074 0.000000 1.190285 1.189851 1.014555'/>
				</IndexedFaceSet>
			</Shape>
			<Shape DEF='_IDX_313'>
				<Appearance USE='Material_151_IDX_151'/>
				<IndexedFaceSet solid="false" coordIndex='0 1 2 3 -1'>
					<Coordinate point='1.778093 2.449506 0.266930 2.125691 2.125691 0.000000 1.583159 1.583159 0.000000 1.389940 1.851869 0.470274'/>
				</IndexedFaceSet>
			</Shape>
			<Shape DEF='_IDX_314'>
				<Appearance USE='Material_150_IDX_150'/>
				<IndexedFaceSet solid="false" coordIndex='0 1 2 3 -1'>
					<Coordinate point='2.243662 3.097725 0.164255 2.699160 2.699160 0.000000 2.125691 2.125691 0.000000 1.778093 2.449506 0.266930'/>
				</IndexedFaceSet>
			</Shape>
			<Shape DEF='_IDX_315'>
				<Appearance USE='Material_149_IDX_149'/>
				<IndexedFaceSet solid="false" coordIndex='0 1 2 3 -1'>
					<Coordinate point='2.808506 3.873113 0.104046 3.380619 3.380619 0.000000 2.699160 2.699160 0.000000 2.243662 3.097725 0.164255'/>
				</IndexedFaceSet>
			</Shape>
			<Shape DEF='_IDX_316'>
				<Appearance USE='Material_148_IDX_148'/>
				<IndexedFaceSet solid="false" coordIndex='0 1 2 3 -1'>
					<Coordinate point='3.503633 4.827080 0.066656 4.216522 4.216522 0.000000 3.380619 3.380619 0.000000 2.808506 3.873113 0.104046'/>
				</IndexedFaceSet>
			</Shape>
			<Shape DEF='_IDX_317'>
				<Appearance USE='Material_147_IDX_147'/>
				<IndexedFaceSet solid="false" coordIndex='0 1 2 3 -1'>
					<Coordinate point='4.364680 6.010206 0.042898 5.251774 5.251774 0.000000 4.216522 4.216522 0.000000 3.503633 4.827080 0.066656'/>
				</IndexedFaceSet>
			</Shape>
			<Shape DEF='_IDX_318'>
				<Appearance USE='Material_146_IDX_146'/>
				<IndexedFaceSet solid="false" coordIndex='0 1 2 3 -1'>
					<Coordinate point='5.434179 7.481019 0.027660 6.537942 6.537942 0.000000 5.251774 5.251774 0.000000 4.364680 6.010206 0.042898'/>
				</IndexedFaceSet>
			</Shape>
			<Shape DEF='_IDX_319'>
				<Appearance USE='Material_145_IDX_145'/>
				<IndexedFaceSet solid="false" coordIndex='0 1 2 3 -1'>
					<Coordinate point='6.764109 9.310815 0.017849 8.137578 8.137578 0.000000 6.537942 6.537942 0.000000 5.434179 7.481019 0.027660'/>
				</IndexedFaceSet>
			</Shape>
			<Shape DEF='_IDX_320'>
				<Appearance USE='Material_1_IDX_1'/>
				<IndexedFaceSet solid="false" coordIndex='0 1 2 3 -1'>
					<Coordinate point='-5.550510 0.000000 -4.685461 -5.279368 1.642524 -4.682814 -6.638822 2.100119 -5.156240 -6.980209 0.000000 -5.157872'/>
				</IndexedFaceSet>
			</Shape>
			<Shape DEF='_IDX_321'>
				<Appearance USE='Material_2_IDX_2'/>
				<IndexedFaceSet solid="false" coordIndex='0 1 2 3 -1'>
					<Coordinate point='-4.468782 -0.000000 -4.216564 -4.251137 1.288363 -4.212311 -5.279368 1.642524 -4.682814 -5.550510 0.000000 -4.685461'/>
				</IndexedFaceSet>
			</Shape>
			<Shape DEF='_IDX_322'>
				<Appearance USE='Material_3_IDX_3'/>
				<IndexedFaceSet solid="false" coordIndex='0 1 2 3 -1'>
					<Coordinate point='-3.666279 0.000000 -3.753291 -3.489020 1.015627 -3.746565 -4.251137 1.288363 -4.212311 -4.468782 -0.000000 -4.216564'/>
				</IndexedFaceSet>
			</Shape>
			<Shape DEF='_IDX_323'>
				<Appearance USE='Material_4_IDX_4'/>
				<IndexedFaceSet solid="false" coordIndex='0 1 2 3 -1'>
					<Coordinate point='-3.091025 -0.000000 -3.298854 -2.944070 0.807633 -3.288481 -3.489020 1.015627 -3.746565 -3.666279 0.000000 -3.753291'/>
				</IndexedFaceSet>
			</Shape>
			<Shape DEF='_IDX_324'>
				<Appearance USE='Material_5_IDX_5'/>
				<IndexedFaceSet solid="false" coordIndex='0 1 2 3 -1'>
					<Coordinate point='-2.703905 -0.000000 -2.857929 -2.579860 0.652092 -2.842526 -2.944070 0.807633 -3.288481 -3.091025 -0.000000 -3.298854'/>
				</IndexedFaceSet>
			</Shape>
			<Shape DEF='_IDX_325'>
				<Appearance USE='Material_6_IDX_6'/>
				<IndexedFaceSet solid="false" coordIndex='0 1 2 3 -1'>
					<Coordinate point='-2.475239 0.000000 -2.436837 -2.369165 0.540378 -2.415189 -2.579860 0.652092 -2.842526 -2.703905 -0.000000 -2.857929'/>
				</IndexedFaceSet>
			</Shape>
			<Shape DEF='_IDX_326'>
				<Appearance USE='Material_7_IDX_7'/>
				<IndexedFaceSet solid="false" coordIndex='0 1 2 3 -1'>
					<Coordinate point='-2.381716 -0.000000 -2.043256 -2.290701 0.466730 -2.015000 -2.369165 0.540378 -2.415189 -2.475239 0.000000 -2.436837'/>
				</IndexedFaceSet>
			</Shape>
			<Shape DEF='_IDX_327'>
				<Appearance USE='Material_8_IDX_8'/>
				<IndexedFaceSet solid="false" coordIndex='0 1 2 3 -1'>
					<Coordinate point='-2.403973 0.000000 -1.685147 -2.326184 0.427025 -1.651439 -2.290701 0.466730 -2.015000 -2.381716 -0.000000 -2.043256'/>
				</IndexedFaceSet>
			</Shape>
			<Shape DEF='_IDX_328'>
				<Appearance USE='Material_9_IDX_9'/>
				<IndexedFaceSet solid="false" coordIndex='0 1 2 3 -1'>
					<Coordinate point='-2.672751 -0.000000 -1.161651 -2.612818 0.426776 -1.125159 -2.326184 0.427025 -1.651439 -2.403973 0.000000 -1.685147'/>
				</IndexedFaceSet>
			</Shape>
			<Shape DEF='_IDX_329'>
				<Appearance USE='Material_10_IDX_10'/>
				<IndexedFaceSet solid="false" coordIndex='0 1 2 3 -1'>
					<Coordinate point='-3.178911 0.000000 -0.775576 -3.126952 0.492247 -0.744536 -2.612818 0.426776 -1.125159 -2.672751 -0.000000 -1.161651'/>
				</IndexedFaceSet>
			</Shape>
			<Shape DEF='_IDX_330'>
				<Appearance USE='Material_11_IDX_11'/>
				<IndexedFaceSet solid="false" coordIndex='0 1 2 3 -1'>
					<Coordinate point='-3.891277 0.000000 -0.508577 -3.837809 0.602213 -0.485763 -3.126952 0.492247 -0.744536 -3.178911 0.000000 -0.775576'/>
				</IndexedFaceSet>
			</Shape>
			<Shape DEF='_IDX_331'>
				<Appearance USE='Material_12_IDX_12'/>
				<IndexedFaceSet solid="false" coordIndex='0 1 2 3 -1'>
					<Coordinate point='-4.814272 0.000000 -0.330598 -4.752639 0.748336 -0.315004 -3.837809 0.602213 -0.485763 -3.891277 0.000000 -0.508577'/>
				</IndexedFaceSet>
			</Shape>
			<Shape DEF='_IDX_332'>
				<Appearance USE='Material_13_IDX_13'/>
				<IndexedFaceSet solid="false" coordIndex='0 1 2 3 -1'>
					<Coordinate point='-5.978673 -0.000000 -0.214068 -5.904045 0.932311 -0.203752 -4.752639 0.748336 -0.315004 -4.814272 0.000000 -0.330598'/>
				</IndexedFaceSet>
			</Shape>
			<Shape DEF='_IDX_333'>
				<Appearance USE='Material_14_IDX_14'/>
				<IndexedFaceSet solid="false" coordIndex='0 1 2 3 -1'>
					<Coordinate point='-7.434661 0.000000 -0.138381 -7.342673 1.161342 -0.131652 -5.904045 0.932311 -0.203752 -5.978673 -0.000000 -0.214068'/>
				</IndexedFaceSet>
			</Shape>
			<Shape DEF='_IDX_334'>
				<Appearance USE='Material_15_IDX_15'/>
				<IndexedFaceSet solid="false" coordIndex='0 1 2 3 -1'>
					<Coordinate point='-9.249763 0.000000 -0.089391 -9.135674 1.446049 -0.085027 -7.342673 1.161342 -0.131652 -7.434661 0.000000 -0.138381'/>
				</IndexedFaceSet>
			</Shape>
			<Shape DEF='_IDX_335'>
				<Appearance USE='Material_16_IDX_16'/>
				<IndexedFaceSet solid="false" coordIndex='0 1 2 3 -1'>
					<Coordinate point='-11.510138 0.000000 -0.057727 -11.368328 1.800080 -0.054905 -9.135674 1.446049 -0.085027 -9.249763 0.000000 -0.089391'/>
				</IndexedFaceSet>
			</Shape>
			<Shape DEF='_IDX_336'>
				<Appearance USE='Material_17_IDX_17'/>
				<IndexedFaceSet solid="false" coordIndex='0 1 2 3 -1'>
					<Coordinate point='-5.279368 1.642524 -4.682814 -4.492078 3.123930 -4.675778 -5.647881 3.994500 -5.151930 -6.638822 2.100119 -5.156240'/>
				</IndexedFaceSet>
			</Shape>
			<Shape DEF='_IDX_337'>
				<Appearance USE='Material_18_IDX_18'/>
				<IndexedFaceSet solid="false" coordIndex='0 1 2 3 -1'>
					<Coordinate point='-4.251137 1.288363 -4.212311 -3.618700 2.449930 -4.200902 -4.492078 3.123930 -4.675778 -5.279368 1.642524 -4.682814'/>
				</IndexedFaceSet>
			</Shape>
			<Shape DEF='_IDX_338'>
				<Appearance USE='Material_19_IDX_19'/>
				<IndexedFaceSet solid="false" coordIndex='0 1 2 3 -1'>
					<Coordinate point='-3.489020 1.015627 -3.746565 -2.973053 1.930493 -3.728267 -3.618700 2.449930 -4.200902 -4.251137 1.288363 -4.212311'/>
				</IndexedFaceSet>
			</Shape>
			<Shape DEF='_IDX_339'>
				<Appearance USE='Material_20_IDX_20'/>
				<IndexedFaceSet solid="false" coordIndex='0 1 2 3 -1'>
					<Coordinate point='-2.944070 0.807633 -3.288481 -2.514829 1.533685 -3.259663 -2.973053 1.930493 -3.728267 -3.489020 1.015627 -3.746565'/>
				</IndexedFaceSet>
			</Shape>
			<Shape DEF='_IDX_340'>
				<Appearance USE='Material_21_IDX_21'/>
				<IndexedFaceSet solid="false" coordIndex='0 1 2 3 -1'>
					<Coordinate point='-2.579860 0.652092 -2.842526 -2.215404 1.235975 -2.798489 -2.514829 1.533685 -3.259663 -2.944070 0.807633 -3.288481'/>
				</IndexedFaceSet>
			</Shape>
			<Shape DEF='_IDX_341'>
				<Appearance USE='Material_22_IDX_22'/>
				<IndexedFaceSet solid="false" coordIndex='0 1 2 3 -1'>
					<Coordinate point='-2.369165 0.540378 -2.415189 -2.055214 1.021237 -2.351102 -2.215404 1.235975 -2.798489 -2.579860 0.652092 -2.842526'/>
				</IndexedFaceSet>
			</Shape>
			<Shape DEF='_IDX_342'>
				<Appearance USE='Material_23_IDX_23'/>
				<IndexedFaceSet solid="false" coordIndex='0 1 2 3 -1'>
					<Coordinate point='-2.290701 0.466730 -2.015000 -2.020062 0.879861 -1.928425 -2.055214 1.021237 -2.351102 -2.369165 0.540378 -2.415189'/>
				</IndexedFaceSet>
			</Shape>
			<Shape DEF='_IDX_343'>
				<Appearance USE='Material_24_IDX_24'/>
				<IndexedFaceSet solid="false" coordIndex='0 1 2 3 -1'>
					<Coordinate point='-2.326184 0.427025 -1.651439 -2.095675 0.806386 -1.545741 -2.020062 0.879861 -1.928425 -2.290701 0.466730 -2.015000'/>
				</IndexedFaceSet>
			</Shape>
			<Shape DEF='_IDX_344'>
				<Appearance USE='Material_25_IDX_25'/>
				<IndexedFaceSet solid="false" coordIndex='0 1 2 3 -1'>
					<Coordinate point='-2.612818 0.426776 -1.125159 -2.438568 0.820009 -1.010972 -2.095675 0.806386 -1.545741 -2.326184 0.427025 -1.651439'/>
				</IndexedFaceSet>
			</Shape>
			<Shape DEF='_IDX_345'>
				<Appearance USE='Material_26_IDX_26'/>
				<IndexedFaceSet solid="false" coordIndex='0 1 2 3 -1'>
					<Coordinate point='-3.126952 0.492247 -0.744536 -2.976104 0.962540 -0.650205 -2.438568 0.820009 -1.010972 -2.612818 0.426776 -1.125159'/>
				</IndexedFaceSet>
			</Shape>
			<Shape DEF='_IDX_346'>
				<Appearance USE='Material_27_IDX_27'/>
				<IndexedFaceSet solid="false" coordIndex='0 1 2 3 -1'>
					<Coordinate point='-3.837809 0.602213 -0.485763 -3.680732 1.186430 -0.418037 -2.976104 0.962540 -0.650205 -3.126952 0.492247 -0.744536'/>
				</IndexedFaceSet>
			</Shape>
			<Shape DEF='_IDX_347'>
				<Appearance USE='Material_28_IDX_28'/>
				<IndexedFaceSet solid="false" coordIndex='0 1 2 3 -1'>
					<Coordinate point='-4.752639 0.748336 -0.315004 -4.570139 1.477481 -0.269288 -3.680732 1.186430 -0.418037 -3.837809 0.602213 -0.485763'/>
				</IndexedFaceSet>
			</Shape>
			<Shape DEF='_IDX_348'>
				<Appearance USE='Material_29_IDX_29'/>
				<IndexedFaceSet solid="false" coordIndex='0 1 2 3 -1'>
					<Coordinate point='-5.904045 0.932311 -0.203752 -5.682362 1.841597 -0.173683 -4.570139 1.477481 -0.269288 -4.752639 0.748336 -0.315004'/>
				</IndexedFaceSet>
			</Shape>
			<Shape DEF='_IDX_349'>
				<Appearance USE='Material_30_IDX_30'/>
				<IndexedFaceSet solid="false" coordIndex='0 1 2 3 -1'>
					<Coordinate point='-7.342673 1.161342 -0.131652 -7.069121 2.294166 -0.112087 -5.682362 1.841597 -0.173683 -5.904045 0.932311 -0.203752'/>
				</IndexedFaceSet>
			</Shape>
			<Shape DEF='_IDX_350'>
				<Appearance USE='Material_31_IDX_31'/>
				<IndexedFaceSet solid="false" coordIndex='0 1 2 3 -1'>
					<Coordinate point='-9.135674 1.446049 -0.085027 -8.796273 2.856570 -0.072355 -7.069121 2.294166 -0.112087 -7.342673 1.161342 -0.131652'/>
				</IndexedFaceSet>
			</Shape>
			<Shape DEF='_IDX_351'>
				<Appearance USE='Material_32_IDX_32'/>
				<IndexedFaceSet solid="false" coordIndex='0 1 2 3 -1'>
					<Coordinate point='-11.368328 1.800080 -0.054905 -10.946419 3.555891 -0.046712 -8.796273 2.856570 -0.072355 -9.135674 1.446049 -0.085027'/>
				</IndexedFaceSet>
			</Shape>
			<Shape DEF='_IDX_352'>
				<Appearance USE='Material_33_IDX_33'/>
				<IndexedFaceSet solid="false" coordIndex='0 1 2 3 -1'>
					<Coordinate point='-4.492078 3.123930 -4.675778 -3.264782 4.299122 -4.666862 -4.103940 5.497672 -5.146521 -5.647881 3.994500 -5.151930'/>
				</IndexedFaceSet>
			</Shape>
			<Shape DEF='_IDX_353'>
				<Appearance USE='Material_34_IDX_34'/>
				<IndexedFaceSet solid="false" coordIndex='0 1 2 3 -1'>
					<Coordinate point='-3.618700 2.449930 -4.200902 -2.631480 3.370791 -4.186214 -3.264782 4.299122 -4.666862 -4.492078 3.123930 -4.675778'/>
				</IndexedFaceSet>
			</Shape>
			<Shape DEF='_IDX_354'>
				<Appearance USE='Material_35_IDX_35'/>
				<IndexedFaceSet solid="false" coordIndex='0 1 2 3 -1'>
					<Coordinate point='-2.973053 1.930493 -3.728267 -2.165069 2.654520 -3.704106 -2.631480 3.370791 -4.186214 -3.618700 2.449930 -4.200902'/>
				</IndexedFaceSet>
			</Shape>
			<Shape DEF='_IDX_355'>
				<Appearance USE='Material_36_IDX_36'/>
				<IndexedFaceSet solid="false" coordIndex='0 1 2 3 -1'>
					<Coordinate point='-2.514829 1.533685 -3.259663 -1.837962 2.105736 -3.220078 -2.165069 2.654520 -3.704106 -2.973053 1.930493 -3.728267'/>
				</IndexedFaceSet>
			</Shape>
			<Shape DEF='_IDX_356'>
				<Appearance USE='Material_37_IDX_37'/>
				<IndexedFaceSet solid="false" coordIndex='0 1 2 3 -1'>
					<Coordinate point='-2.215404 1.235975 -2.798489 -1.633059 1.691124 -2.734313 -1.837962 2.105736 -3.220078 -2.514829 1.533685 -3.259663'/>
				</IndexedFaceSet>
			</Shape>
			<Shape DEF='_IDX_357'>
				<Appearance USE='Material_38_IDX_38'/>
				<IndexedFaceSet solid="false" coordIndex='0 1 2 3 -1'>
					<Coordinate point='-2.055214 1.021237 -2.351102 -1.543777 1.387899 -2.249854 -1.633059 1.691124 -2.734313 -2.215404 1.235975 -2.798489'/>
				</IndexedFaceSet>
			</Shape>
			<Shape DEF='_IDX_358'>
				<Appearance USE='Material_39_IDX_39'/>
				<IndexedFaceSet solid="false" coordIndex='0 1 2 3 -1'>
					<Coordinate point='-2.020062 0.879861 -1.928425 -1.572521 1.185482 -1.778721 -1.543777 1.387899 -2.249854 -2.055214 1.021237 -2.351102'/>
				</IndexedFaceSet>
			</Shape>
			<Shape DEF='_IDX_359'>
				<Appearance USE='Material_40_IDX_40'/>
				<IndexedFaceSet solid="false" coordIndex='0 1 2 3 -1'>
					<Coordinate point='-2.095675 0.806386 -1.545741 -1.718524 1.086311 -1.350665 -1.572521 1.185482 -1.778721 -2.020062 0.879861 -1.928425'/>
				</IndexedFaceSet>
			</Shape>
			<Shape DEF='_IDX_360'>
				<Appearance USE='Material_41_IDX_41'/>
				<IndexedFaceSet solid="false" coordIndex='0 1 2 3 -1'>
					<Coordinate point='-2.438568 0.820009 -1.010972 -2.169356 1.148114 -0.802996 -1.718524 1.086311 -1.350665 -2.095675 0.806386 -1.545741'/>
				</IndexedFaceSet>
			</Shape>
			<Shape DEF='_IDX_361'>
				<Appearance USE='Material_42_IDX_42'/>
				<IndexedFaceSet solid="false" coordIndex='0 1 2 3 -1'>
					<Coordinate point='-2.976104 0.962540 -0.650205 -2.741836 1.393402 -0.490243 -2.169356 1.148114 -0.802996 -2.438568 0.820009 -1.010972'/>
				</IndexedFaceSet>
			</Shape>
			<Shape DEF='_IDX_362'>
				<Appearance USE='Material_43_IDX_43'/>
				<IndexedFaceSet solid="false" coordIndex='0 1 2 3 -1'>
					<Coordinate point='-3.680732 1.186430 -0.418037 -3.429505 1.737218 -0.308372 -2.741836 1.393402 -0.490243 -2.976104 0.962540 -0.650205'/>
				</IndexedFaceSet>
			</Shape>
			<Shape DEF='_IDX_363'>
				<Appearance USE='Material_44_IDX_44'/>
				<IndexedFaceSet solid="false" coordIndex='0 1 2 3 -1'>
					<Coordinate point='-4.570139 1.477481 -0.269288 -4.273586 2.169500 -0.196880 -3.429505 1.737218 -0.308372 -3.680732 1.186430 -0.418037'/>
				</IndexedFaceSet>
			</Shape>
			<Shape DEF='_IDX_364'>
				<Appearance USE='Material_45_IDX_45'/>
				<IndexedFaceSet solid="false" coordIndex='0 1 2 3 -1'>
					<Coordinate point='-5.682362 1.841597 -0.173683 -5.320023 2.705638 -0.126517 -4.273586 2.169500 -0.196880 -4.570139 1.477481 -0.269288'/>
				</IndexedFaceSet>
			</Shape>
			<Shape DEF='_IDX_365'>
				<Appearance USE='Material_46_IDX_46'/>
				<IndexedFaceSet solid="false" coordIndex='0 1 2 3 -1'>
					<Coordinate point='-7.069121 2.294166 -0.112087 -6.621130 3.370715 -0.081524 -5.320023 2.705638 -0.126517 -5.682362 1.841597 -0.173683'/>
				</IndexedFaceSet>
			</Shape>
			<Shape DEF='_IDX_366'>
				<Appearance USE='Material_47_IDX_47'/>
				<IndexedFaceSet solid="false" coordIndex='0 1 2 3 -1'>
					<Coordinate point='-8.796273 2.856570 -0.072355 -8.240088 4.196919 -0.052593 -6.621130 3.370715 -0.081524 -7.069121 2.294166 -0.112087'/>
				</IndexedFaceSet>
			</Shape>
			<Shape DEF='_IDX_367'>
				<Appearance USE='Material_48_IDX_48'/>
				<IndexedFaceSet solid="false" coordIndex='0 1 2 3 -1'>
					<Coordinate point='-10.946419 3.555891 -0.046712 -10.254873 5.224247 -0.033945 -8.240088 4.196919 -0.052593 -8.796273 2.856570 -0.072355'/>
				</IndexedFaceSet>
			</Shape>
			<Shape DEF='_IDX_368'>
				<Appearance USE='Material_49_IDX_49'/>
				<IndexedFaceSet solid="false" coordIndex='0 1 2 3 -1'>
					<Coordinate point='-3.264782 4.299122 -4.666862 -1.716880 5.053325 -4.659461 -2.157793 6.462622 -5.142076 -4.103940 5.497672 -5.146521'/>
				</IndexedFaceSet>
			</Shape>
			<Shape DEF='_IDX_369'>
				<Appearance USE='Material_50_IDX_50'/>
				<IndexedFaceSet solid="false" coordIndex='0 1 2 3 -1'>
					<Coordinate point='-2.631480 3.370791 -4.186214 -1.384504 3.961320 -4.173813 -1.716880 5.053325 -4.659461 -3.264782 4.299122 -4.666862'/>
				</IndexedFaceSet>
			</Shape>
			<Shape DEF='_IDX_370'>
				<Appearance USE='Material_51_IDX_51'/>
				<IndexedFaceSet solid="false" coordIndex='0 1 2 3 -1'>
					<Coordinate point='-2.165069 2.654520 -3.704106 -1.140594 3.117792 -3.683114 -1.384504 3.961320 -4.173813 -2.631480 3.370791 -4.186214'/>
				</IndexedFaceSet>
			</Shape>
			<Shape DEF='_IDX_371'>
				<Appearance USE='Material_52_IDX_52'/>
				<IndexedFaceSet solid="false" coordIndex='0 1 2 3 -1'>
					<Coordinate point='-1.837962 2.105736 -3.220078 -0.971695 2.469321 -3.183969 -1.140594 3.117792 -3.683114 -2.165069 2.654520 -3.704106'/>
				</IndexedFaceSet>
			</Shape>
			<Shape DEF='_IDX_372'>
				<Appearance USE='Material_53_IDX_53'/>
				<IndexedFaceSet solid="false" coordIndex='0 1 2 3 -1'>
					<Coordinate point='-1.633059 1.691124 -2.734313 -0.871752 1.974356 -2.670693 -0.971695 2.469321 -3.183969 -1.837962 2.105736 -3.220078'/>
				</IndexedFaceSet>
			</Shape>
			<Shape DEF='_IDX_373'>
				<Appearance USE='Material_54_IDX_54'/>
				<IndexedFaceSet solid="false" coordIndex='0 1 2 3 -1'>
					<Coordinate point='-1.543777 1.387899 -2.249854 -0.846525 1.600815 -2.134381 -0.871752 1.974356 -2.670693 -1.633059 1.691124 -2.734313'/>
				</IndexedFaceSet>
			</Shape>
			<Shape DEF='_IDX_374'>
				<Appearance USE='Material_55_IDX_55'/>
				<IndexedFaceSet solid="false" coordIndex='0 1 2 3 -1'>
					<Coordinate point='-1.572521 1.185482 -1.778721 -0.928456 1.329252 -1.567469 -0.846525 1.600815 -2.134381 -1.543777 1.387899 -2.249854'/>
				</IndexedFaceSet>
			</Shape>
			<Shape DEF='_IDX_375'>
				<Appearance USE='Material_56_IDX_56'/>
				<IndexedFaceSet solid="false" coordIndex='0 1 2 3 -1'>
					<Coordinate point='-1.718524 1.086311 -1.350665 -1.189851 1.190285 -1.014555 -0.928456 1.329252 -1.567469 -1.572521 1.185482 -1.778721'/>
				</IndexedFaceSet>
			</Shape>
			<Shape DEF='_IDX_376'>
				<Appearance USE='Material_57_IDX_57'/>
				<IndexedFaceSet solid="false" coordIndex='0 1 2 3 -1'>
					<Coordinate point='-2.169356 1.148114 -0.802996 -1.851869 1.389940 -0.470274 -1.189851 1.190285 -1.014555 -1.718524 1.086311 -1.350665'/>
				</IndexedFaceSet>
			</Shape>
			<Shape DEF='_IDX_377'>
				<Appearance USE='Material_58_IDX_58'/>
				<IndexedFaceSet solid="false" coordIndex='0 1 2 3 -1'>
					<Coordinate point='-2.741836 1.393402 -0.490243 -2.449506 1.778093 -0.266930 -1.851869 1.389940 -0.470274 -2.169356 1.148114 -0.802996'/>
				</IndexedFaceSet>
			</Shape>
			<Shape DEF='_IDX_378'>
				<Appearance USE='Material_59_IDX_59'/>
				<IndexedFaceSet solid="false" coordIndex='0 1 2 3 -1'>
					<Coordinate point='-3.429505 1.737218 -0.308372 -3.097725 2.243662 -0.164255 -2.449506 1.778093 -0.266930 -2.741836 1.393402 -0.490243'/>
				</IndexedFaceSet>
			</Shape>
			<Shape DEF='_IDX_379'>
				<Appearance USE='Material_60_IDX_60'/>
				<IndexedFaceSet solid="false" coordIndex='0 1 2 3 -1'>
					<Coordinate point='-4.273586 2.169500 -0.196880 -3.873113 2.808506 -0.104046 -3.097725 2.243662 -0.164255 -3.429505 1.737218 -0.308372'/>
				</IndexedFaceSet>
			</Shape>
			<Shape DEF='_IDX_380'>
				<Appearance USE='Material_61_IDX_61'/>
				<IndexedFaceSet solid="false" coordIndex='0 1 2 3 -1'>
					<Coordinate point='-5.320023 2.705638 -0.126517 -4.827080 3.503633 -0.066656 -3.873113 2.808506 -0.104046 -4.273586 2.169500 -0.196880'/>
				</IndexedFaceSet>
			</Shape>
			<Shape DEF='_IDX_381'>
				<Appearance USE='Material_62_IDX_62'/>
				<IndexedFaceSet solid="false" coordIndex='0 1 2 3 -1'>
					<Coordinate point='-6.621130 3.370715 -0.081524 -6.010206 4.364680 -0.042898 -4.827080 3.503633 -0.066656 -5.320023 2.705638 -0.126517'/>
				</IndexedFaceSet>
			</Shape>
			<Shape DEF='_IDX_382'>
				<Appearance USE='Material_63_IDX_63'/>
				<IndexedFaceSet solid="false" coordIndex='0 1 2 3 -1'>
					<Coordinate point='-8.240088 4.196919 -0.052593 -7.481019 5.434179 -0.027660 -6.010206 4.364680 -0.042898 -6.621130 3.370715 -0.081524'/>
				</IndexedFaceSet>
			</Shape>
			<Shape DEF='_IDX_383'>
				<Appearance USE='Material_64_IDX_64'/>
				<IndexedFaceSet solid="false" coordIndex='0 1 2 3 -1'>
					<Coordinate point='-10.254873 5.224247 -0.033945 -9.310815 6.764109 -0.017849 -7.481019 5.434179 -0.027660 -8.240088 4.196919 -0.052593'/>
				</IndexedFaceSet>
			</Shape>
			<Shape DEF='_IDX_384'>
				<Appearance USE='Material_65_IDX_65'/>
				<IndexedFaceSet solid="false" coordIndex='0 1 2 3 -1'>
					<Coordinate point='-1.716880 5.053325 -4.659461 -0.000000 5.313133 -4.656588 -0.000000 6.795089 -5.140361 -2.157793 6.462622 -5.142076'/>
				</IndexedFaceSet>
			</Shape>
			<Shape DEF='_IDX_385'>
				<Appearance USE='Material_66_IDX_66'/>
				<IndexedFaceSet solid="false" coordIndex='0 1 2 3 -1'>
					<Coordinate point='-1.384504 3.961320 -4.173813 -0.000000 4.164637 -4.168944 -0.000000 5.313133 -4.656588 -1.716880 5.053325 -4.659461'/>
				</IndexedFaceSet>
			</Shape>
			<Shape DEF='_IDX_386'>
				<Appearance USE='Material_67_IDX_67'/>
				<IndexedFaceSet solid="false" coordIndex='0 1 2 3 -1'>
					<Coordinate point='-1.140594 3.117792 -3.683114 -0.000000 3.277026 -3.674709 -0.000000 4.164637 -4.168944 -1.384504 3.961320 -4.173813'/>
				</IndexedFaceSet>
			</Shape>
			<Shape DEF='_IDX_387'>
				<Appearance USE='Material_68_IDX_68'/>
				<IndexedFaceSet solid="false" coordIndex='0 1 2 3 -1'>
					<Coordinate point='-0.971695 2.469321 -3.183969 -0.000000 2.593554 -3.168979 -0.000000 3.277026 -3.674709 -1.140594 3.117792 -3.683114'/>
				</IndexedFaceSet>
			</Shape>
			<Shape DEF='_IDX_388'>
				<Appearance USE='Material_69_IDX_69'/>
				<IndexedFaceSet solid="false" coordIndex='0 1 2 3 -1'>
					<Coordinate point='-0.871752 1.974356 -2.670693 -0.000000 2.068809 -2.642355 -0.000000 2.593554 -3.168979 -0.971695 2.469321 -3.183969'/>
				</IndexedFaceSet>
			</Shape>
			<Shape DEF='_IDX_389'>
				<Appearance USE='Material_70_IDX_70'/>
				<IndexedFaceSet solid="false" coordIndex='0 1 2 3 -1'>
					<Coordinate point='-0.846525 1.600815 -2.134381 -0.000000 1.662671 -2.074545 -0.000000 2.068809 -2.642355 -0.871752 1.974356 -2.670693'/>
				</IndexedFaceSet>
			</Shape>
			<Shape DEF='_IDX_390'>
				<Appearance USE='Material_71_IDX_71'/>
				<IndexedFaceSet solid="false" coordIndex='0 1 2 3 -1'>
					<Coordinate point='-0.928456 1.329252 -1.567469 -0.000000 1.321678 -1.408929 -0.000000 1.662671 -2.074545 -0.846525 1.600815 -2.134381'/>
				</IndexedFaceSet>
			</Shape>
			<Shape DEF='_IDX_391'>
				<Appearance USE='Material_72_IDX_72'/>
				<IndexedFaceSet solid="false" coordIndex='0 1 2 3 -1'>
					<Coordinate point='-1.189851 1.190285 -1.014555 -0.000074 0.000178 -0.000000 -0.000000 1.321678 -1.408929 -0.928456 1.329252 -1.567469'/>
				</IndexedFaceSet>
			</Shape>
			<Shape DEF='_IDX_392'>
				<Appearance USE='Material_73_IDX_73'/>
				<IndexedFaceSet solid="false" coordIndex='0 1 2 3 -1'>
					<Coordinate point='-1.851869 1.389940 -0.470274 -1.583159 1.583159 -0.000000 -0.000074 0.000178 -0.000000 -1.189851 1.190285 -1.014555'/>
				</IndexedFaceSet>
			</Shape>
			<Shape DEF='_IDX_393'>
				<Appearance USE='Material_74_IDX_74'/>
				<IndexedFaceSet solid="false" coordIndex='0 1 2 3 -1'>
					<Coordinate point='-2.449506 1.778093 -0.266930 -2.125691 2.125691 -0.000000 -1.583159 1.583159 -0.000000 -1.851869 1.389940 -0.470274'/>
				</IndexedFaceSet>
			</Shape>
			<Shape DEF='_IDX_394'>
				<Appearance USE='Material_75_IDX_75'/>
				<IndexedFaceSet solid="false" coordIndex='0 1 2 3 -1'>
					<Coordinate point='-3.097725 2.243662 -0.164255 -2.699160 2.699160 -0.000000 -2.125691 2.125691 -0.000000 -2.449506 1.778093 -0.266930'/>
				</IndexedFaceSet>
			</Shape>
			<Shape DEF='_IDX_395'>
				<Appearance USE='Material_76_IDX_76'/>
				<IndexedFaceSet solid="false" coordIndex='0 1 2 3 -1'>
					<Coordinate point='-3.873113 2.808506 -0.104046 -3.380619 3.380619 -0.000000 -2.699160 2.699160 -0.000000 -3.097725 2.243662 -0.164255'/>
				</IndexedFaceSet>
			</Shape>
			<Shape DEF='_IDX_396'>
				<Appearance USE='Material_77_IDX_77'/>
				<IndexedFaceSet solid="false" coordIndex='0 1 2 3 -1'>
					<Coordinate point='-4.827080 3.503633 -0.066656 -4.216522 4.216522 -0.000000 -3.380619 3.380619 -0.000000 -3.873113 2.808506 -0.104046'/>
				</IndexedFaceSet>
			</Shape>
			<Shape DEF='_IDX_397'>
				<Appearance USE='Material_78_IDX_78'/>
				<IndexedFaceSet solid="false" coordIndex='0 1 2 3 -1'>
					<Coordinate point='-6.010206 4.364680 -0.042898 -5.251774 5.251774 -0.000000 -4.216522 4.216522 -0.000000 -4.827080 3.503633 -0.066656'/>
				</IndexedFaceSet>
			</Shape>
			<Shape DEF='_IDX_398'>
				<Appearance USE='Material_79_IDX_79'/>
				<IndexedFaceSet solid="false" coordIndex='0 1 2 3 -1'>
					<Coordinate point='-7.481019 5.434179 -0.027660 -6.537942 6.537942 -0.000000 -5.251774 5.251774 -0.000000 -6.010206 4.364680 -0.042898'/>
				</IndexedFaceSet>
			</Shape>
			<Shape DEF='_IDX_399'>
				<Appearance USE='Material_80_IDX_80'/>
				<IndexedFaceSet solid="false" coordIndex='0 1 2 3 -1'>
					<Coordinate point='-9.310815 6.764109 -0.017849 -8.137578 8.137578 -0.000000 -6.537942 6.537942 -0.000000 -7.481019 5.434179 -0.027660'/>
				</IndexedFaceSet>
			</Shape>
			<Shape DEF='_IDX_400'>
				<Appearance USE='Material_81_IDX_81'/>
				<IndexedFaceSet solid="false" coordIndex='0 1 2 3 -1'>
					<Coordinate point='-0.000000 9.249763 0.089391 -1.446049 9.135674 0.085027 -1.800080 11.368328 0.054905 -0.000000 11.510138 0.057727'/>
				</IndexedFaceSet>
			</Shape>
			<Shape DEF='_IDX_401'>
				<Appearance USE='Material_82_IDX_82'/>
				<IndexedFaceSet solid="false" coordIndex='0 1 2 3 -1'>
					<Coordinate point='-0.000000 7.434661 0.138381 -1.161342 7.342673 0.131652 -1.446049 9.135674 0.085027 -0.000000 9.249763 0.089391'/>
				</IndexedFaceSet>
			</Shape>
			<Shape DEF='_IDX_402'>
				<Appearance USE='Material_83_IDX_83'/>
				<IndexedFaceSet solid="false" coordIndex='0 1 2 3 -1'>
					<Coordinate point='0.000000 5.978673 0.214068 -0.932311 5.904045 0.203752 -1.161342 7.342673 0.131652 -0.000000 7.434661 0.138381'/>
				</IndexedFaceSet>
			</Shape>
			<Shape DEF='_IDX_403'>
				<Appearance USE='Material_84_IDX_84'/>
				<IndexedFaceSet solid="false" coordIndex='0 1 2 3 -1'>
					<Coordinate point='-0.000000 4.814272 0.330598 -0.748336 4.752639 0.315004 -0.932311 5.904045 0.203752 0.000000 5.978673 0.214068'/>
				</IndexedFaceSet>
			</Shape>
			<Shape DEF='_IDX_404'>
				<Appearance USE='Material_85_IDX_85'/>
				<IndexedFaceSet solid="false" coordIndex='0 1 2 3 -1'>
					<Coordinate point='-0.000000 3.891277 0.508577 -0.602213 3.837809 0.485763 -0.748336 4.752639 0.315004 -0.000000 4.814272 0.330598'/>
				</IndexedFaceSet>
			</Shape>
			<Shape DEF='_IDX_405'>
				<Appearance USE='Material_86_IDX_86'/>
				<IndexedFaceSet solid="false" coordIndex='0 1 2 3 -1'>
					<Coordinate point='-0.000000 3.178911 0.775576 -0.492247 3.126952 0.744536 -0.602213 3.837809 0.485763 -0.000000 3.891277 0.508577'/>
				</IndexedFaceSet>
			</Shape>
			<Shape DEF='_IDX_406'>
				<Appearance USE='Material_87_IDX_87'/>
				<IndexedFaceSet solid="false" coordIndex='0 1 2 3 -1'>
					<Coordinate point='0.000000 2.672751 1.161651 -0.426776 2.612818 1.125159 -0.492247 3.126952 0.744536 -0.000000 3.178911 0.775576'/>
				</IndexedFaceSet>
			</Shape>
			<Shape DEF='_IDX_407'>
				<Appearance USE='Material_88_IDX_88'/>
				<IndexedFaceSet solid="false" coordIndex='0 1 2 3 -1'>
					<Coordinate point='-0.000000 2.403973 1.685147 -0.427025 2.326184 1.651439 -0.426776 2.612818 1.125159 0.000000 2.672751 1.161651'/>
				</IndexedFaceSet>
			</Shape>
			<Shape DEF='_IDX_408'>
				<Appearance USE='Material_89_IDX_89'/>
				<IndexedFaceSet solid="false" coordIndex='0 1 2 3 -1'>
					<Coordinate point='0.000000 2.381716 2.043256 -0.466730 2.290701 2.015000 -0.427025 2.326184 1.651439 -0.000000 2.403973 1.685147'/>
				</IndexedFaceSet>
			</Shape>
			<Shape DEF='_IDX_409'>
				<Appearance USE='Material_90_IDX_90'/>
				<IndexedFaceSet solid="false" coordIndex='0 1 2 3 -1'>
					<Coordinate point='-0.000000 2.475239 2.436837 -0.540378 2.369165 2.415189 -0.466730 2.290701 2.015000 0.000000 2.381716 2.043256'/>
				</IndexedFaceSet>
			</Shape>
			<Shape DEF='_IDX_410'>
				<Appearance USE='Material_91_IDX_91'/>
				<IndexedFaceSet solid="false" coordIndex='0 1 2 3 -1'>
					<Coordinate point='0.000000 2.703905 2.857929 -0.652092 2.579860 2.842526 -0.540378 2.369165 2.415189 -0.000000 2.475239 2.436837'/>
				</IndexedFaceSet>
			</Shape>
			<Shape DEF='_IDX_411'>
				<Appearance USE='Material_92_IDX_92'/>
				<IndexedFaceSet solid="false" coordIndex='0 1 2 3 -1'>
					<Coordinate point='0.000000 3.091025 3.298854 -0.807633 2.944070 3.288481 -0.652092 2.579860 2.842526 0.000000 2.703905 2.857929'/>
				</IndexedFaceSet>
			</Shape>
			<Shape DEF='_IDX_412'>
				<Appearance USE='Material_93_IDX_93'/>
				<IndexedFaceSet solid="false" coordIndex='0 1 2 3 -1'>
					<Coordinate point='-0.000000 3.666279 3.753291 -1.015627 3.489020 3.746565 -0.807633 2.944070 3.288481 0.000000 3.091025 3.298854'/>
				</IndexedFaceSet>
			</Shape>
			<Shape DEF='_IDX_413'>
				<Appearance USE='Material_94_IDX_94'/>
				<IndexedFaceSet solid="false" coordIndex='0 1 2 3 -1'>
					<Coordinate point='0.000000 4.468782 4.216564 -1.288363 4.251137 4.212311 -1.015627 3.489020 3.746565 -0.000000 3.666279 3.753291'/>
				</IndexedFaceSet>
			</Shape>
			<Shape DEF='_IDX_414'>
				<Appearance USE='Material_95_IDX_95'/>
				<IndexedFaceSet solid="false" coordIndex='0 1 2 3 -1'>
					<Coordinate point='0.000000 5.550510 4.685461 -1.642524 5.279368 4.682814 -1.288363 4.251137 4.212311 0.000000 4.468782 4.216564'/>
				</IndexedFaceSet>
			</Shape>
			<Shape DEF='_IDX_415'>
				<Appearance USE='Material_96_IDX_96'/>
				<IndexedFaceSet solid="false" coordIndex='0 1 2 3 -1'>
					<Coordinate point='-0.000000 6.980209 5.157872 -2.100119 6.638822 5.156240 -1.642524 5.279368 4.682814 0.000000 5.550510 4.685461'/>
				</IndexedFaceSet>
			</Shape>
			<Shape DEF='_IDX_416'>
				<Appearance USE='Material_97_IDX_97'/>
				<IndexedFaceSet solid="false" coordIndex='0 1 2 3 -1'>
					<Coordinate point='-1.446049 9.135674 0.085027 -2.856570 8.796273 0.072355 -3.555891 10.946419 0.046712 -1.800080 11.368328 0.054905'/>
				</IndexedFaceSet>
			</Shape>
			<Shape DEF='_IDX_417'>
				<Appearance USE='Material_98_IDX_98'/>
				<IndexedFaceSet solid="false" coordIndex='0 1 2 3 -1'>
					<Coordinate point='-1.161342 7.342673 0.131652 -2.294166 7.069121 0.112087 -2.856570 8.796273 0.072355 -1.446049 9.135674 0.085027'/>
				</IndexedFaceSet>
			</Shape>
			<Shape DEF='_IDX_418'>
				<Appearance USE='Material_99_IDX_99'/>
				<IndexedFaceSet solid="false" coordIndex='0 1 2 3 -1'>
					<Coordinate point='-0.932311 5.904045 0.203752 -1.841597 5.682362 0.173683 -2.294166 7.069121 0.112087 -1.161342 7.342673 0.131652'/>
				</IndexedFaceSet>
			</Shape>
			<Shape DEF='_IDX_419'>
				<Appearance USE='Material_100_IDX_100'/>
				<IndexedFaceSet solid="false" coordIndex='0 1 2 3 -1'>
					<Coordinate point='-0.748336 4.752639 0.315004 -1.477481 4.570139 0.269288 -1.841597 5.682362 0.173683 -0.932311 5.904045 0.203752'/>
				</IndexedFaceSet>
			</Shape>
			<Shape DEF='_IDX_420'>
				<Appearance USE='Material_101_IDX_101'/>
				<IndexedFaceSet solid="false" coordIndex='0 1 2 3 -1'>
					<Coordinate point='-0.602213 3.837809 0.485763 -1.186430 3.680732 0.418037 -1.477481 4.570139 0.269288 -0.748336 4.752639 0.315004'/>
				</IndexedFaceSet>
			</Shape>
			<Shape DEF='_IDX_421'>
				<Appearance USE='Material_102_IDX_102'/>
				<IndexedFaceSet solid="false" coordIndex='0 1 2 3 -1'>
					<Coordinate point='-0.492247 3.126952 0.744536 -0.962540 2.976104 0.650205 -1.186430 3.680732 0.418037 -0.602213 3.837809 0.485763'/>
				</IndexedFaceSet>
			</Shape>
			<Shape DEF='_IDX_422'>
				<Appearance USE='Material_103_IDX_103'/>
				<IndexedFaceSet solid="false" coordIndex='0 1 2 3 -1'>
					<Coordinate point='-0.426776 2.612818 1.125159 -0.820009 2.438568 1.010972 -0.962540 2.976104 0.650205 -0.492247 3.126952 0.744536'/>
				</IndexedFaceSet>
			</Shape>
			<Shape DEF='_IDX_423'>
				<Appearance USE='Material_104_IDX_104'/>
				<IndexedFaceSet solid="false" coordIndex='0 1 2 3 -1'>
					<Coordinate point='-0.427025 2.326184 1.651439 -0.806386 2.095675 1.545741 -0.820009 2.438568 1.010972 -0.426776 2.612818 1.125159'/>
				</IndexedFaceSet>
			</Shape>
			<Shape DEF='_IDX_424'>
				<Appearance USE='Material_105_IDX_105'/>
				<IndexedFaceSet solid="false" coordIndex='0 1 2 3 -1'>
					<Coordinate point='-0.466730 2.290701 2.015000 -0.879861 2.020062 1.928425 -0.806386 2.095675 1.545741 -0.427025 2.326184 1.651439'/>
				</IndexedFaceSet>
			</Shape>
			<Shape DEF='_IDX_425'>
				<Appearance USE='Material_106_IDX_106'/>
				<IndexedFaceSet solid="false" coordIndex='0 1 2 3 -1'>
					<Coordinate point='-0.540378 2.369165 2.415189 -1.021237 2.055214 2.351102 -0.879861 2.020062 1.928425 -0.466730 2.290701 2.015000'/>
				</IndexedFaceSet>
			</Shape>
			<Shape DEF='_IDX_426'>
				<Appearance USE='Material_107_IDX_107'/>
				<IndexedFaceSet solid="false" coordIndex='0 1 2 3 -1'>
					<Coordinate point='-0.652092 2.579860 2.842526 -1.235975 2.215404 2.798489 -1.021237 2.055214 2.351102 -0.540378 2.369165 2.415189'/>
				</IndexedFaceSet>
			</Shape>
			<Shape DEF='_IDX_427'>
				<Appearance USE='Material_108_IDX_108'/>
				<IndexedFaceSet solid="false" coordIndex='0 1 2 3 -1'>
					<Coordinate point='-0.807633 2.944070 3.288481 -1.533685 2.514829 3.259663 -1.235975 2.215404 2.798489 -0.652092 2.579860 2.842526'/>
				</IndexedFaceSet>
			</Shape>
			<Shape DEF='_IDX_428'>
				<Appearance USE='Material_109_IDX_109'/>
				<IndexedFaceSet solid="false" coordIndex='0 1 2 3 -1'>
					<Coordinate point='-1.015627 3.489020 3.746565 -1.930493 2.973053 3.728267 -1.533685 2.514829 3.259663 -0.807633 2.944070 3.288481'/>
				</IndexedFaceSet>
			</Shape>
			<Shape DEF='_IDX_429'>
				<Appearance USE='Material_110_IDX_110'/>
				<IndexedFaceSet solid="false" coordIndex='0 1 2 3 -1'>
					<Coordinate point='-1.288363 4.251137 4.212311 -2.449930 3.618700 4.200902 -1.930493 2.973053 3.728267 -1.015627 3.489020 3.746565'/>
				</IndexedFaceSet>
			</Shape>
			<Shape DEF='_IDX_430'>
				<Appearance USE='Material_111_IDX_111'/>
				<IndexedFaceSet solid="false" coordIndex='0 1 2 3 -1'>
					<Coordinate point='-1.642524 5.279368 4.682814 -3.123930 4.492078 4.675778 -2.449930 3.618700 4.200902 -1.288363 4.251137 4.212311'/>
				</IndexedFaceSet>
			</Shape>
			<Shape DEF='_IDX_431'>
				<Appearance USE='Material_112_IDX_112'/>
				<IndexedFaceSet solid="false" coordIndex='0 1 2 3 -1'>
					<Coordinate point='-2.100119 6.638822 5.156240 -3.994500 5.647881 5.151930 -3.123930 4.492078 4.675778 -1.642524 5.279368 4.682814'/>
				</IndexedFaceSet>
			</Shape>
			<Shape DEF='_IDX_432'>
				<Appearance USE='Material_113_IDX_113'/>
				<IndexedFaceSet solid="false" coordIndex='0 1 2 3 -1'>
					<Coordinate point='-2.856570 8.796273 0.072355 -4.196919 8.240088 0.052593 -5.224247 10.254873 0.033945 -3.555891 10.946419 0.046712'/>
				</IndexedFaceSet>
			</Shape>
			<Shape DEF='_IDX_433'>
				<Appearance USE='Material_114_IDX_114'/>
				<IndexedFaceSet solid="false" coordIndex='0 1 2 3 -1'>
					<Coordinate point='-2.294166 7.069121 0.112087 -3.370715 6.621130 0.081524 -4.196919 8.240088 0.052593 -2.856570 8.796273 0.072355'/>
				</IndexedFaceSet>
			</Shape>
			<Shape DEF='_IDX_434'>
				<Appearance USE='Material_115_IDX_115'/>
				<IndexedFaceSet solid="false" coordIndex='0 1 2 3 -1'>
					<Coordinate point='-1.841597 5.682362 0.173683 -2.705638 5.320023 0.126517 -3.370715 6.621130 0.081524 -2.294166 7.069121 0.112087'/>
				</IndexedFaceSet>
			</Shape>
			<Shape DEF='_IDX_435'>
				<Appearance USE='Material_116_IDX_116'/>
				<IndexedFaceSet solid="false" coordIndex='0 1 2 3 -1'>
					<Coordinate point='-1.477481 4.570139 0.269288 -2.169500 4.273586 0.196880 -2.705638 5.320023 0.126517 -1.841597 5.682362 0.173683'/>
				</IndexedFaceSet>
			</Shape>
			<Shape DEF='_IDX_436'>
				<Appearance USE='Material_117_IDX_117'/>
				<IndexedFaceSet solid="false" coordIndex='0 1 2 3 -1'>
					<Coordinate point='-1.186430 3.680732 0.418037 -1.737218 3.429505 0.308372 -2.169500 4.273586 0.196880 -1.477481 4.570139 0.269288'/>
				</IndexedFaceSet>
			</Shape>
			<Shape DEF='_IDX_437'>
				<Appearance USE='Material_118_IDX_118'/>
				<IndexedFaceSet solid="false" coordIndex='0 1 2 3 -1'>
					<Coordinate point='-0.962540 2.976104 0.650205 -1.393402 2.741836 0.490243 -1.737218 3.429505 0.308372 -1.186430 3.680732 0.418037'/>
				</IndexedFaceSet>
			</Shape>
			<Shape DEF='_IDX_438'>
				<Appearance USE='Material_119_IDX_119'/>
				<IndexedFaceSet solid="false" coordIndex='0 1 2 3 -1'>
					<Coordinate point='-0.820009 2.438568 1.010972 -1.148114 2.169356 0.802996 -1.393402 2.741836 0.490243 -0.962540 2.976104 0.650205'/>
				</IndexedFaceSet>
			</Shape>
			<Shape DEF='_IDX_439'>
				<Appearance USE='Material_120_IDX_120'/>
				<IndexedFaceSet solid="false" coordIndex='0 1 2 3 -1'>
					<Coordinate point='-0.806386 2.095675 1.545741 -1.086311 1.718524 1.350665 -1.148114 2.169356 0.802996 -0.820009 2.438568 1.010972'/>
				</IndexedFaceSet>
			</Shape>
			<Shape DEF='_IDX_440'>
				<Appearance USE='Material_121_IDX_121'/>
				<IndexedFaceSet solid="false" coordIndex='0 1 2 3 -1'>
					<Coordinate point='-0.879861 2.020062 1.928425 -1.185482 1.572521 1.778721 -1.086311 1.718524 1.350665 -0.806386 2.095675 1.545741'/>
				</IndexedFaceSet>
			</Shape>
			<Shape DEF='_IDX_441'>
				<Appearance USE='Material_122_IDX_122'/>
				<IndexedFaceSet solid="false" coordIndex='0 1 2 3 -1'>
					<Coordinate point='-1.021237 2.055214 2.351102 -1.387899 1.543777 2.249854 -1.185482 1.572521 1.778721 -0.879861 2.020062 1.928425'/>
				</IndexedFaceSet>
			</Shape>
			<Shape DEF='_IDX_442'>
				<Appearance USE='Material_123_IDX_123'/>
				<IndexedFaceSet solid="false" coordIndex='0 1 2 3 -1'>
					<Coordinate point='-1.235975 2.215404 2.798489 -1.691124 1.633059 2.734313 -1.387899 1.543777 2.249854 -1.021237 2.055214 2.351102'/>
				</IndexedFaceSet>
			</Shape>
			<Shape DEF='_IDX_443'>
				<Appearance USE='Material_124_IDX_124'/>
				<IndexedFaceSet solid="false" coordIndex='0 1 2 3 -1'>
					<Coordinate point='-1.533685 2.514829 3.259663 -2.105736 1.837962 3.220078 -1.691124 1.633059 2.734313 -1.235975 2.215404 2.798489'/>
				</IndexedFaceSet>
			</Shape>
			<Shape DEF='_IDX_444'>
				<Appearance USE='Material_125_IDX_125'/>
				<IndexedFaceSet solid="false" coordIndex='0 1 2 3 -1'>
					<Coordinate point='-1.930493 2.973053 3.728267 -2.654520 2.165069 3.704106 -2.105736 1.837962 3.220078 -1.533685 2.514829 3.259663'/>
				</IndexedFaceSet>
			</Shape>
			<Shape DEF='_IDX_445'>
				<Appearance USE='Material_126_IDX_126'/>
				<IndexedFaceSet solid="false" coordIndex='0 1 2 3 -1'>
					<Coordinate point='-2.449930 3.618700 4.200902 -3.370791 2.631480 4.186214 -2.654520 2.165069 3.704106 -1.930493 2.973053 3.728267'/>
				</IndexedFaceSet>
			</Shape>
			<Shape DEF='_IDX_446'>
				<Appearance USE='Material_127_IDX_127'/>
				<IndexedFaceSet solid="false" coordIndex='0 1 2 3 -1'>
					<Coordinate point='-3.123930 4.492078 4.675778 -4.299122 3.264782 4.666862 -3.370791 2.631480 4.186214 -2.449930 3.618700 4.200902'/>
				</IndexedFaceSet>
			</Shape>
			<Shape DEF='_IDX_447'>
				<Appearance USE='Material_128_IDX_128'/>
				<IndexedFaceSet solid="false" coordIndex='0 1 2 3 -1'>
					<Coordinate point='-3.994500 5.647881 5.151930 -5.497672 4.103940 5.146521 -4.299122 3.264782 4.666862 -3.123930 4.492078 4.675778'/>
				</IndexedFaceSet>
			</Shape>
			<Shape DEF='_IDX_448'>
				<Appearance USE='Material_129_IDX_129'/>
				<IndexedFaceSet solid="false" coordIndex='0 1 2 3 -1'>
					<Coordinate point='-4.196919 8.240088 0.052593 -5.434179 7.481019 0.027660 -6.764109 9.310815 0.017849 -5.224247 10.254873 0.033945'/>
				</IndexedFaceSet>
			</Shape>
			<Shape DEF='_IDX_449'>
				<Appearance USE='Material_130_IDX_130'/>
				<IndexedFaceSet solid="false" coordIndex='0 1 2 3 -1'>
					<Coordinate point='-3.370715 6.621130 0.081524 -4.364680 6.010206 0.042898 -5.434179 7.481019 0.027660 -4.196919 8.240088 0.052593'/>
				</IndexedFaceSet>
			</Shape>
			<Shape DEF='_IDX_450'>
				<Appearance USE='Material_131_IDX_131'/>
				<IndexedFaceSet solid="false" coordIndex='0 1 2 3 -1'>
					<Coordinate point='-2.705638 5.320023 0.126517 -3.503633 4.827080 0.066656 -4.364680 6.010206 0.042898 -3.370715 6.621130 0.081524'/>
				</IndexedFaceSet>
			</Shape>
			<Shape DEF='_IDX_451'>
				<Appearance USE='Material_132_IDX_132'/>
				<IndexedFaceSet solid="false" coordIndex='0 1 2 3 -1'>
					<Coordinate point='-2.169500 4.273586 0.196880 -2.808506 3.873113 0.104046 -3.503633 4.827080 0.066656 -2.705638 5.320023 0.126517'/>
				</IndexedFaceSet>
			</Shape>
			<Shape DEF='_IDX_452'>
				<Appearance USE='Material_133_IDX_133'/>
				<IndexedFaceSet solid="false" coordIndex='0 1 2 3 -1'>
					<Coordinate point='-1.737218 3.429505 0.308372 -2.243662 3.097725 0.164255 -2.808506 3.873113 0.104046 -2.169500 4.273586 0.196880'/>
				</IndexedFaceSet>
			</Shape>
			<Shape DEF='_IDX_453'>
				<Appearance USE='Material_134_IDX_134'/>
				<IndexedFaceSet solid="false" coordIndex='0 1 2 3 -1'>
					<Coordinate point='-1.393402 2.741836 0.490243 -1.778093 2.449506 0.266930 -2.243662 3.097725 0.164255 -1.737218 3.429505 0.308372'/>
				</IndexedFaceSet>
			</Shape>
			<Shape DEF='_IDX_454'>
				<Appearance USE='Material_135_IDX_135'/>
				<IndexedFaceSet solid="false" coordIndex='0 1 2 3 -1'>
					<Coordinate point='-1.148114 2.169356 0.802996 -1.389940 1.851869 0.470274 -1.778093 2.449506 0.266930 -1.393402 2.741836 0.490243'/>
				</IndexedFaceSet>
			</Shape>
			<Shape DEF='_IDX_455'>
				<Appearance USE='Material_136_IDX_136'/>
				<IndexedFaceSet solid="false" coordIndex='0 1 2 3 -1'>
					<Coordinate point='-1.086311 1.718524 1.350665 -1.190285 1.189851 1.014555 -1.389940 1.851869 0.470274 -1.148114 2.169356 0.802996'/>
				</IndexedFaceSet>
			</Shape>
			<Shape DEF='_IDX_456'>
				<Appearance USE='Material_137_IDX_137'/>
				<IndexedFaceSet solid="false" coordIndex='0 1 2 3 -1'>
					<Coordinate point='-1.185482 1.572521 1.778721 -1.329252 0.928456 1.567469 -1.190285 1.189851 1.014555 -1.086311 1.718524 1.350665'/>
				</IndexedFaceSet>
			</Shape>
			<Shape DEF='_IDX_457'>
				<Appearance USE='Material_138_IDX_138'/>
				<IndexedFaceSet solid="false" coordIndex='0 1 2 3 -1'>
					<Coordinate point='-1.387899 1.543777 2.249854 -1.600815 0.846525 2.134381 -1.329252 0.928456 1.567469 -1.185482 1.572521 1.778721'/>
				</IndexedFaceSet>
			</Shape>
			<Shape DEF='_IDX_458'>
				<Appearance USE='Material_139_IDX_139'/>
				<IndexedFaceSet solid="false" coordIndex='0 1 2 3 -1'>
					<Coordinate point='-1.691124 1.633059 2.734313 -1.974356 0.871752 2.670693 -1.600815 0.846525 2.134381 -1.387899 1.543777 2.249854'/>
				</IndexedFaceSet>
			</Shape>
			<Shape DEF='_IDX_459'>
				<Appearance USE='Material_140_IDX_140'/>
				<IndexedFaceSet solid="false" coordIndex='0 1 2 3 -1'>
					<Coordinate point='-2.105736 1.837962 3.220078 -2.469321 0.971695 3.183969 -1.974356 0.871752 2.670693 -1.691124 1.633059 2.734313'/>
				</IndexedFaceSet>
			</Shape>
			<Shape DEF='_IDX_460'>
				<Appearance USE='Material_141_IDX_141'/>
				<IndexedFaceSet solid="false" coordIndex='0 1 2 3 -1'>
					<Coordinate point='-2.654520 2.165069 3.704106 -3.117792 1.140594 3.683114 -2.469321 0.971695 3.183969 -2.105736 1.837962 3.220078'/>
				</IndexedFaceSet>
			</Shape>
			<Shape DEF='_IDX_461'>
				<Appearance USE='Material_142_IDX_142'/>
				<IndexedFaceSet solid="false" coordIndex='0 1 2 3 -1'>
					<Coordinate point='-3.370791 2.631480 4.186214 -3.961320 1.384504 4.173813 -3.117792 1.140594 3.683114 -2.654520 2.165069 3.704106'/>
				</IndexedFaceSet>
			</Shape>
			<Shape DEF='_IDX_462'>
				<Appearance USE='Material_143_IDX_143'/>
				<IndexedFaceSet solid="false" coordIndex='0 1 2 3 -1'>
					<Coordinate point='-4.299122 3.264782 4.666862 -5.053325 1.716880 4.659461 -3.961320 1.384504 4.173813 -3.370791 2.631480 4.186214'/>
				</IndexedFaceSet>
			</Shape>
			<Shape DEF='_IDX_463'>
				<Appearance USE='Material_144_IDX_144'/>
				<IndexedFaceSet solid="false" coordIndex='0 1 2 3 -1'>
					<Coordinate point='-5.497672 4.103940 5.146521 -6.462622 2.157793 5.142076 -5.053325 1.716880 4.659461 -4.299122 3.264782 4.666862'/>
				</IndexedFaceSet>
			</Shape>
			<Shape DEF='_IDX_464'>
				<Appearance USE='Material_145_IDX_145'/>
				<IndexedFaceSet solid="false" coordIndex='0 1 2 3 -1'>
					<Coordinate point='-5.434179 7.481019 0.027660 -6.537942 6.537942 0.000000 -8.137578 8.137578 0.000000 -6.764109 9.310815 0.017849'/>
				</IndexedFaceSet>
			</Shape>
			<Shape DEF='_IDX_465'>
				<Appearance USE='Material_146_IDX_146'/>
				<IndexedFaceSet solid="false" coordIndex='0 1 2 3 -1'>
					<Coordinate point='-4.364680 6.010206 0.042898 -5.251774 5.251774 0.000000 -6.537942 6.537942 0.000000 -5.434179 7.481019 0.027660'/>
				</IndexedFaceSet>
			</Shape>
			<Shape DEF='_IDX_466'>
				<Appearance USE='Material_147_IDX_147'/>
				<IndexedFaceSet solid="false" coordIndex='0 1 2 3 -1'>
					<Coordinate point='-3.503633 4.827080 0.066656 -4.216522 4.216522 0.000000 -5.251774 5.251774 0.000000 -4.364680 6.010206 0.042898'/>
				</IndexedFaceSet>
			</Shape>
			<Shape DEF='_IDX_467'>
				<Appearance USE='Material_148_IDX_148'/>
				<IndexedFaceSet solid="false" coordIndex='0 1 2 3 -1'>
					<Coordinate point='-2.808506 3.873113 0.104046 -3.380619 3.380619 0.000000 -4.216522 4.216522 0.000000 -3.503633 4.827080 0.066656'/>
				</IndexedFaceSet>
			</Shape>
			<Shape DEF='_IDX_468'>
				<Appearance USE='Material_149_IDX_149'/>
				<IndexedFaceSet solid="false" coordIndex='0 1 2 3 -1'>
					<Coordinate point='-2.243662 3.097725 0.164255 -2.699160 2.699160 0.000000 -3.380619 3.380619 0.000000 -2.808506 3.873113 0.104046'/>
				</IndexedFaceSet>
			</Shape>
			<Shape DEF='_IDX_469'>
				<Appearance USE='Material_150_IDX_150'/>
				<IndexedFaceSet solid="false" coordIndex='0 1 2 3 -1'>
					<Coordinate point='-1.778093 2.449506 0.266930 -2.125691 2.125691 0.000000 -2.699160 2.699160 0.000000 -2.243662 3.097725 0.164255'/>
				</IndexedFaceSet>
			</Shape>
			<Shape DEF='_IDX_470'>
				<Appearance USE='Material_151_IDX_151'/>
				<IndexedFaceSet solid="false" coordIndex='0 1 2 3 -1'>
					<Coordinate point='-1.389940 1.851869 0.470274 -1.583159 1.583159 0.000000 -2.125691 2.125691 0.000000 -1.778093 2.449506 0.266930'/>
				</IndexedFaceSet>
			</Shape>
			<Shape DEF='_IDX_471'>
				<Appearance USE='Material_152_IDX_152'/>
				<IndexedFaceSet solid="false" coordIndex='0 1 2 3 -1'>
					<Coordinate point='-1.190285 1.189851 1.014555 -0.000178 0.000074 0.000000 -1.583159 1.583159 0.000000 -1.389940 1.851869 0.470274'/>
				</IndexedFaceSet>
			</Shape>
			<Shape DEF='_IDX_472'>
				<Appearance USE='Material_153_IDX_153'/>
				<IndexedFaceSet solid="false" coordIndex='0 1 2 3 -1'>
					<Coordinate point='-1.329252 0.928456 1.567469 -1.321678 0.000000 1.408929 -0.000178 0.000074 0.000000 -1.190285 1.189851 1.014555'/>
				</IndexedFaceSet>
			</Shape>
			<Shape DEF='_IDX_473'>
				<Appearance USE='Material_154_IDX_154'/>
				<IndexedFaceSet solid="false" coordIndex='0 1 2 3 -1'>
					<Coordinate point='-1.600815 0.846525 2.134381 -1.662671 0.000000 2.074545 -1.321678 0.000000 1.408929 -1.329252 0.928456 1.567469'/>
				</IndexedFaceSet>
			</Shape>
			<Shape DEF='_IDX_474'>
				<Appearance USE='Material_155_IDX_155'/>
				<IndexedFaceSet solid="false" coordIndex='0 1 2 3 -1'>
					<Coordinate point='-1.974356 0.871752 2.670693 -2.068809 0.000000 2.642355 -1.662671 0.000000 2.074545 -1.600815 0.846525 2.134381'/>
				</IndexedFaceSet>
			</Shape>
			<Shape DEF='_IDX_475'>
				<Appearance USE='Material_156_IDX_156'/>
				<IndexedFaceSet solid="false" coordIndex='0 1 2 3 -1'>
					<Coordinate point='-2.469321 0.971695 3.183969 -2.593554 0.000000 3.168979 -2.068809 0.000000 2.642355 -1.974356 0.871752 2.670693'/>
				</IndexedFaceSet>
			</Shape>
			<Shape DEF='_IDX_476'>
				<Appearance USE='Material_157_IDX_157'/>
				<IndexedFaceSet solid="false" coordIndex='0 1 2 3 -1'>
					<Coordinate point='-3.117792 1.140594 3.683114 -3.277026 0.000000 3.674709 -2.593554 0.000000 3.168979 -2.469321 0.971695 3.183969'/>
				</IndexedFaceSet>
			</Shape>
			<Shape DEF='_IDX_477'>
				<Appearance USE='Material_158_IDX_158'/>
				<IndexedFaceSet solid="false" coordIndex='0 1 2 3 -1'>
					<Coordinate point='-3.961320 1.384504 4.173813 -4.164637 0.000000 4.168944 -3.277026 0.000000 3.674709 -3.117792 1.140594 3.683114'/>
				</IndexedFaceSet>
			</Shape>
			<Shape DEF='_IDX_478'>
				<Appearance USE='Material_159_IDX_159'/>
				<IndexedFaceSet solid="false" coordIndex='0 1 2 3 -1'>
					<Coordinate point='-5.053325 1.716880 4.659461 -5.313133 0.000000 4.656588 -4.164637 0.000000 4.168944 -3.961320 1.384504 4.173813'/>
				</IndexedFaceSet>
			</Shape>
			<Shape DEF='_IDX_479'>
				<Appearance USE='Material_160_IDX_160'/>
				<IndexedFaceSet solid="false" coordIndex='0 1 2 3 -1'>
					<Coordinate point='-6.462622 2.157793 5.142076 -6.795089 0.000000 5.140361 -5.313133 0.000000 4.656588 -5.053325 1.716880 4.659461'/>
				</IndexedFaceSet>
			</Shape>
			<Shape DEF='_IDX_480'>
				<Appearance USE='Material_16_IDX_16'/>
				<IndexedFaceSet solid="false" coordIndex='0 1 2 3 -1'>
					<Coordinate point='-9.249763 -0.000000 -0.089391 -9.135674 -1.446049 -0.085027 -11.368328 -1.800080 -0.054905 -11.510138 -0.000000 -0.057727'/>
				</IndexedFaceSet>
			</Shape>
			<Shape DEF='_IDX_481'>
				<Appearance USE='Material_15_IDX_15'/>
				<IndexedFaceSet solid="false" coordIndex='0 1 2 3 -1'>
					<Coordinate point='-7.434661 -0.000000 -0.138381 -7.342673 -1.161342 -0.131652 -9.135674 -1.446049 -0.085027 -9.249763 -0.000000 -0.089391'/>
				</IndexedFaceSet>
			</Shape>
			<Shape DEF='_IDX_482'>
				<Appearance USE='Material_14_IDX_14'/>
				<IndexedFaceSet solid="false" coordIndex='0 1 2 3 -1'>
					<Coordinate point='-5.978673 0.000000 -0.214068 -5.904045 -0.932311 -0.203752 -7.342673 -1.161342 -0.131652 -7.434661 -0.000000 -0.138381'/>
				</IndexedFaceSet>
			</Shape>
			<Shape DEF='_IDX_483'>
				<Appearance USE='Material_13_IDX_13'/>
				<IndexedFaceSet solid="false" coordIndex='0 1 2 3 -1'>
					<Coordinate point='-4.814272 -0.000000 -0.330598 -4.752639 -0.748336 -0.315004 -5.904045 -0.932311 -0.203752 -5.978673 0.000000 -0.214068'/>
				</IndexedFaceSet>
			</Shape>
			<Shape DEF='_IDX_484'>
				<Appearance USE='Material_12_IDX_12'/>
				<IndexedFaceSet solid="false" coordIndex='0 1 2 3 -1'>
					<Coordinate point='-3.891277 -0.000000 -0.508577 -3.837809 -0.602213 -0.485763 -4.752639 -0.748336 -0.315004 -4.814272 -0.000000 -0.330598'/>
				</IndexedFaceSet>
			</Shape>
			<Shape DEF='_IDX_485'>
				<Appearance USE='Material_11_IDX_11'/>
				<IndexedFaceSet solid="false" coordIndex='0 1 2 3 -1'>
					<Coordinate point='-3.178911 -0.000000 -0.775576 -3.126952 -0.492247 -0.744536 -3.837809 -0.602213 -0.485763 -3.891277 -0.000000 -0.508577'/>
				</IndexedFaceSet>
			</Shape>
			<Shape DEF='_IDX_486'>
				<Appearance USE='Material_10_IDX_10'/>
				<IndexedFaceSet solid="false" coordIndex='0 1 2 3 -1'>
					<Coordinate point='-2.672751 0.000000 -1.161651 -2.612818 -0.426776 -1.125159 -3.126952 -0.492247 -0.744536 -3.178911 -0.000000 -0.775576'/>
				</IndexedFaceSet>
			</Shape>
			<Shape DEF='_IDX_487'>
				<Appearance USE='Material_9_IDX_9'/>
				<IndexedFaceSet solid="false" coordIndex='0 1 2 3 -1'>
					<Coordinate point='-2.403973 -0.000000 -1.685147 -2.326184 -0.427025 -1.651439 -2.612818 -0.426776 -1.125159 -2.672751 0.000000 -1.161651'/>
				</IndexedFaceSet>
			</Shape>
			<Shape DEF='_IDX_488'>
				<Appearance USE='Material_8_IDX_8'/>
				<IndexedFaceSet solid="false" coordIndex='0 1 2 3 -1'>
					<Coordinate point='-2.381716 0.000000 -2.043256 -2.290701 -0.466730 -2.015000 -2.326184 -0.427025 -1.651439 -2.403973 -0.000000 -1.685147'/>
				</IndexedFaceSet>
			</Shape>
			<Shape DEF='_IDX_489'>
				<Appearance USE='Material_7_IDX_7'/>
				<IndexedFaceSet solid="false" coordIndex='0 1 2 3 -1'>
					<Coordinate point='-2.475239 -0.000000 -2.436837 -2.369165 -0.540378 -2.415189 -2.290701 -0.466730 -2.015000 -2.381716 0.000000 -2.043256'/>
				</IndexedFaceSet>
			</Shape>
			<Shape DEF='_IDX_490'>
				<Appearance USE='Material_161_IDX_161'/>
				<IndexedFaceSet solid="false" coordIndex='0 1 2 3 -1'>
					<Coordinate point='-2.703905 0.000000 -2.857929 -2.579860 -0.652092 -2.842526 -2.369165 -0.540378 -2.415189 -2.475239 -0.000000 -2.436837'/>
				</IndexedFaceSet>
			</Shape>
			<Shape DEF='_IDX_491'>
				<Appearance USE='Material_5_IDX_5'/>
				<IndexedFaceSet solid="false" coordIndex='0 1 2 3 -1'>
					<Coordinate point='-3.091025 0.000000 -3.298854 -2.944070 -0.807633 -3.288481 -2.579860 -0.652092 -2.842526 -2.703905 0.000000 -2.857929'/>
				</IndexedFaceSet>
			</Shape>
			<Shape DEF='_IDX_492'>
				<Appearance USE='Material_4_IDX_4'/>
				<IndexedFaceSet solid="false" coordIndex='0 1 2 3 -1'>
					<Coordinate point='-3.666279 -0.000000 -3.753291 -3.489020 -1.015627 -3.746565 -2.944070 -0.807633 -3.288481 -3.091025 0.000000 -3.298854'/>
				</IndexedFaceSet>
			</Shape>
			<Shape DEF='_IDX_493'>
				<Appearance USE='Material_3_IDX_3'/>
				<IndexedFaceSet solid="false" coordIndex='0 1 2 3 -1'>
					<Coordinate point='-4.468782 0.000000 -4.216564 -4.251137 -1.288363 -4.212311 -3.489020 -1.015627 -3.746565 -3.666279 -0.000000 -3.753291'/>
				</IndexedFaceSet>
			</Shape>
			<Shape DEF='_IDX_494'>
				<Appearance USE='Material_2_IDX_2'/>
				<IndexedFaceSet solid="false" coordIndex='0 1 2 3 -1'>
					<Coordinate point='-5.550510 0.000000 -4.685461 -5.279368 -1.642524 -4.682814 -4.251137 -1.288363 -4.212311 -4.468782 0.000000 -4.216564'/>
				</IndexedFaceSet>
			</Shape>
			<Shape DEF='_IDX_495'>
				<Appearance USE='Material_1_IDX_1'/>
				<IndexedFaceSet solid="false" coordIndex='0 1 2 3 -1'>
					<Coordinate point='-6.980209 -0.000000 -5.157872 -6.638822 -2.100119 -5.156240 -5.279368 -1.642524 -4.682814 -5.550510 0.000000 -4.685461'/>
				</IndexedFaceSet>
			</Shape>
			<Shape DEF='_IDX_496'>
				<Appearance USE='Material_32_IDX_32'/>
				<IndexedFaceSet solid="false" coordIndex='0 1 2 3 -1'>
					<Coordinate point='-9.135674 -1.446049 -0.085027 -8.796273 -2.856570 -0.072355 -10.946419 -3.555891 -0.046712 -11.368328 -1.800080 -0.054905'/>
				</IndexedFaceSet>
			</Shape>
			<Shape DEF='_IDX_497'>
				<Appearance USE='Material_31_IDX_31'/>
				<IndexedFaceSet solid="false" coordIndex='0 1 2 3 -1'>
					<Coordinate point='-7.342673 -1.161342 -0.131652 -7.069121 -2.294166 -0.112087 -8.796273 -2.856570 -0.072355 -9.135674 -1.446049 -0.085027'/>
				</IndexedFaceSet>
			</Shape>
			<Shape DEF='_IDX_498'>
				<Appearance USE='Material_30_IDX_30'/>
				<IndexedFaceSet solid="false" coordIndex='0 1 2 3 -1'>
					<Coordinate point='-5.904045 -0.932311 -0.203752 -5.682362 -1.841597 -0.173683 -7.069121 -2.294166 -0.112087 -7.342673 -1.161342 -0.131652'/>
				</IndexedFaceSet>
			</Shape>
			<Shape DEF='_IDX_499'>
				<Appearance USE='Material_29_IDX_29'/>
				<IndexedFaceSet solid="false" coordIndex='0 1 2 3 -1'>
					<Coordinate point='-4.752639 -0.748336 -0.315004 -4.570139 -1.477481 -0.269288 -5.682362 -1.841597 -0.173683 -5.904045 -0.932311 -0.203752'/>
				</IndexedFaceSet>
			</Shape>
			<Shape DEF='_IDX_500'>
				<Appearance USE='Material_28_IDX_28'/>
				<IndexedFaceSet solid="false" coordIndex='0 1 2 3 -1'>
					<Coordinate point='-3.837809 -0.602213 -0.485763 -3.680732 -1.186430 -0.418037 -4.570139 -1.477481 -0.269288 -4.752639 -0.748336 -0.315004'/>
				</IndexedFaceSet>
			</Shape>
			<Shape DEF='_IDX_501'>
				<Appearance USE='Material_27_IDX_27'/>
				<IndexedFaceSet solid="false" coordIndex='0 1 2 3 -1'>
					<Coordinate point='-3.126952 -0.492247 -0.744536 -2.976104 -0.962540 -0.650205 -3.680732 -1.186430 -0.418037 -3.837809 -0.602213 -0.485763'/>
				</IndexedFaceSet>
			</Shape>
			<Shape DEF='_IDX_502'>
				<Appearance USE='Material_26_IDX_26'/>
				<IndexedFaceSet solid="false" coordIndex='0 1 2 3 -1'>
					<Coordinate point='-2.612818 -0.426776 -1.125159 -2.438568 -0.820009 -1.010972 -2.976104 -0.962540 -0.650205 -3.126952 -0.492247 -0.744536'/>
				</IndexedFaceSet>
			</Shape>
			<Shape DEF='_IDX_503'>
				<Appearance USE='Material_25_IDX_25'/>
				<IndexedFaceSet solid="false" coordIndex='0 1 2 3 -1'>
					<Coordinate point='-2.326184 -0.427025 -1.651439 -2.095675 -0.806386 -1.545741 -2.438568 -0.820009 -1.010972 -2.612818 -0.426776 -1.125159'/>
				</IndexedFaceSet>
			</Shape>
			<Shape DEF='_IDX_504'>
				<Appearance USE='Material_24_IDX_24'/>
				<IndexedFaceSet solid="false" coordIndex='0 1 2 3 -1'>
					<Coordinate point='-2.290701 -0.466730 -2.015000 -2.020062 -0.879861 -1.928425 -2.095675 -0.806386 -1.545741 -2.326184 -0.427025 -1.651439'/>
				</IndexedFaceSet>
			</Shape>
			<Shape DEF='_IDX_505'>
				<Appearance USE='Material_23_IDX_23'/>
				<IndexedFaceSet solid="false" coordIndex='0 1 2 3 -1'>
					<Coordinate point='-2.369165 -0.540378 -2.415189 -2.055214 -1.021237 -2.351102 -2.020062 -0.879861 -1.928425 -2.290701 -0.466730 -2.015000'/>
				</IndexedFaceSet>
			</Shape>
			<Shape DEF='_IDX_506'>
				<Appearance USE='Material_162_IDX_162'/>
				<IndexedFaceSet solid="false" coordIndex='0 1 2 3 -1'>
					<Coordinate point='-2.579860 -0.652092 -2.842526 -2.215404 -1.235975 -2.798489 -2.055214 -1.021237 -2.351102 -2.369165 -0.540378 -2.415189'/>
				</IndexedFaceSet>
			</Shape>
			<Shape DEF='_IDX_507'>
				<Appearance USE='Material_21_IDX_21'/>
				<IndexedFaceSet solid="false" coordIndex='0 1 2 3 -1'>
					<Coordinate point='-2.944070 -0.807633 -3.288481 -2.514829 -1.533685 -3.259663 -2.215404 -1.235975 -2.798489 -2.579860 -0.652092 -2.842526'/>
				</IndexedFaceSet>
			</Shape>
			<Shape DEF='_IDX_508'>
				<Appearance USE='Material_163_IDX_163'/>
				<IndexedFaceSet solid="false" coordIndex='0 1 2 3 -1'>
					<Coordinate point='-3.489020 -1.015627 -3.746565 -2.973053 -1.930493 -3.728267 -2.514829 -1.533685 -3.259663 -2.944070 -0.807633 -3.288481'/>
				</IndexedFaceSet>
			</Shape>
			<Shape DEF='_IDX_509'>
				<Appearance USE='Material_19_IDX_19'/>
				<IndexedFaceSet solid="false" coordIndex='0 1 2 3 -1'>
					<Coordinate point='-4.251137 -1.288363 -4.212311 -3.618700 -2.449930 -4.200902 -2.973053 -1.930493 -3.728267 -3.489020 -1.015627 -3.746565'/>
				</IndexedFaceSet>
			</Shape>
			<Shape DEF='_IDX_510'>
				<Appearance USE='Material_18_IDX_18'/>
				<IndexedFaceSet solid="false" coordIndex='0 1 2 3 -1'>
					<Coordinate point='-5.279368 -1.642524 -4.682814 -4.492078 -3.123930 -4.675778 -3.618700 -2.449930 -4.200902 -4.251137 -1.288363 -4.212311'/>
				</IndexedFaceSet>
			</Shape>
			<Shape DEF='_IDX_511'>
				<Appearance USE='Material_17_IDX_17'/>
				<IndexedFaceSet solid="false" coordIndex='0 1 2 3 -1'>
					<Coordinate point='-6.638822 -2.100119 -5.156240 -5.647881 -3.994500 -5.151930 -4.492078 -3.123930 -4.675778 -5.279368 -1.642524 -4.682814'/>
				</IndexedFaceSet>
			</Shape>
			<Shape DEF='_IDX_512'>
				<Appearance USE='Material_48_IDX_48'/>
				<IndexedFaceSet solid="false" coordIndex='0 1 2 3 -1'>
					<Coordinate point='-8.796273 -2.856570 -0.072355 -8.240088 -4.196919 -0.052593 -10.254873 -5.224247 -0.033945 -10.946419 -3.555891 -0.046712'/>
				</IndexedFaceSet>
			</Shape>
			<Shape DEF='_IDX_513'>
				<Appearance USE='Material_47_IDX_47'/>
				<IndexedFaceSet solid="false" coordIndex='0 1 2 3 -1'>
					<Coordinate point='-7.069121 -2.294166 -0.112087 -6.621130 -3.370715 -0.081524 -8.240088 -4.196919 -0.052593 -8.796273 -2.856570 -0.072355'/>
				</IndexedFaceSet>
			</Shape>
			<Shape DEF='_IDX_514'>
				<Appearance USE='Material_46_IDX_46'/>
				<IndexedFaceSet solid="false" coordIndex='0 1 2 3 -1'>
					<Coordinate point='-5.682362 -1.841597 -0.173683 -5.320023 -2.705638 -0.126517 -6.621130 -3.370715 -0.081524 -7.069121 -2.294166 -0.112087'/>
				</IndexedFaceSet>
			</Shape>
			<Shape DEF='_IDX_515'>
				<Appearance USE='Material_45_IDX_45'/>
				<IndexedFaceSet solid="false" coordIndex='0 1 2 3 -1'>
					<Coordinate point='-4.570139 -1.477481 -0.269288 -4.273586 -2.169500 -0.196880 -5.320023 -2.705638 -0.126517 -5.682362 -1.841597 -0.173683'/>
				</IndexedFaceSet>
			</Shape>
			<Shape DEF='_IDX_516'>
				<Appearance USE='Material_44_IDX_44'/>
				<IndexedFaceSet solid="false" coordIndex='0 1 2 3 -1'>
					<Coordinate point='-3.680732 -1.186430 -0.418037 -3.429505 -1.737218 -0.308372 -4.273586 -2.169500 -0.196880 -4.570139 -1.477481 -0.269288'/>
				</IndexedFaceSet>
			</Shape>
			<Shape DEF='_IDX_517'>
				<Appearance USE='Material_43_IDX_43'/>
				<IndexedFaceSet solid="false" coordIndex='0 1 2 3 -1'>
					<Coordinate point='-2.976104 -0.962540 -0.650205 -2.741836 -1.393402 -0.490243 -3.429505 -1.737218 -0.308372 -3.680732 -1.186430 -0.418037'/>
				</IndexedFaceSet>
			</Shape>
			<Shape DEF='_IDX_518'>
				<Appearance USE='Material_42_IDX_42'/>
				<IndexedFaceSet solid="false" coordIndex='0 1 2 3 -1'>
					<Coordinate point='-2.438568 -0.820009 -1.010972 -2.169356 -1.148114 -0.802996 -2.741836 -1.393402 -0.490243 -2.976104 -0.962540 -0.650205'/>
				</IndexedFaceSet>
			</Shape>
			<Shape DEF='_IDX_519'>
				<Appearance USE='Material_41_IDX_41'/>
				<IndexedFaceSet solid="false" coordIndex='0 1 2 3 -1'>
					<Coordinate point='-2.095675 -0.806386 -1.545741 -1.718524 -1.086311 -1.350665 -2.169356 -1.148114 -0.802996 -2.438568 -0.820009 -1.010972'/>
				</IndexedFaceSet>
			</Shape>
			<Shape DEF='_IDX_520'>
				<Appearance USE='Material_164_IDX_164'/>
				<IndexedFaceSet solid="false" coordIndex='0 1 2 3 -1'>
					<Coordinate point='-2.020062 -0.879861 -1.928425 -1.572521 -1.185482 -1.778721 -1.718524 -1.086311 -1.350665 -2.095675 -0.806386 -1.545741'/>
				</IndexedFaceSet>
			</Shape>
			<Shape DEF='_IDX_521'>
				<Appearance USE='Material_39_IDX_39'/>
				<IndexedFaceSet solid="false" coordIndex='0 1 2 3 -1'>
					<Coordinate point='-2.055214 -1.021237 -2.351102 -1.543777 -1.387899 -2.249854 -1.572521 -1.185482 -1.778721 -2.020062 -0.879861 -1.928425'/>
				</IndexedFaceSet>
			</Shape>
			<Shape DEF='_IDX_522'>
				<Appearance USE='Material_38_IDX_38'/>
				<IndexedFaceSet solid="false" coordIndex='0 1 2 3 -1'>
					<Coordinate point='-2.215404 -1.235975 -2.798489 -1.633059 -1.691124 -2.734313 -1.543777 -1.387899 -2.249854 -2.055214 -1.021237 -2.351102'/>
				</IndexedFaceSet>
			</Shape>
			<Shape DEF='_IDX_523'>
				<Appearance USE='Material_165_IDX_165'/>
				<IndexedFaceSet solid="false" coordIndex='0 1 2 3 -1'>
					<Coordinate point='-2.514829 -1.533685 -3.259663 -1.837962 -2.105736 -3.220078 -1.633059 -1.691124 -2.734313 -2.215404 -1.235975 -2.798489'/>
				</IndexedFaceSet>
			</Shape>
			<Shape DEF='_IDX_524'>
				<Appearance USE='Material_36_IDX_36'/>
				<IndexedFaceSet solid="false" coordIndex='0 1 2 3 -1'>
					<Coordinate point='-2.973053 -1.930493 -3.728267 -2.165069 -2.654520 -3.704106 -1.837962 -2.105736 -3.220078 -2.514829 -1.533685 -3.259663'/>
				</IndexedFaceSet>
			</Shape>
			<Shape DEF='_IDX_525'>
				<Appearance USE='Material_35_IDX_35'/>
				<IndexedFaceSet solid="false" coordIndex='0 1 2 3 -1'>
					<Coordinate point='-3.618700 -2.449930 -4.200902 -2.631480 -3.370791 -4.186214 -2.165069 -2.654520 -3.704106 -2.973053 -1.930493 -3.728267'/>
				</IndexedFaceSet>
			</Shape>
			<Shape DEF='_IDX_526'>
				<Appearance USE='Material_34_IDX_34'/>
				<IndexedFaceSet solid="false" coordIndex='0 1 2 3 -1'>
					<Coordinate point='-4.492078 -3.123930 -4.675778 -3.264782 -4.299122 -4.666862 -2.631480 -3.370791 -4.186214 -3.618700 -2.449930 -4.200902'/>
				</IndexedFaceSet>
			</Shape>
			<Shape DEF='_IDX_527'>
				<Appearance USE='Material_33_IDX_33'/>
				<IndexedFaceSet solid="false" coordIndex='0 1 2 3 -1'>
					<Coordinate point='-5.647881 -3.994500 -5.151930 -4.103940 -5.497672 -5.146521 -3.264782 -4.299122 -4.666862 -4.492078 -3.123930 -4.675778'/>
				</IndexedFaceSet>
			</Shape>
			<Shape DEF='_IDX_528'>
				<Appearance USE='Material_64_IDX_64'/>
				<IndexedFaceSet solid="false" coordIndex='0 1 2 3 -1'>
					<Coordinate point='-8.240088 -4.196919 -0.052593 -7.481019 -5.434179 -0.027660 -9.310815 -6.764109 -0.017849 -10.254873 -5.224247 -0.033945'/>
				</IndexedFaceSet>
			</Shape>
			<Shape DEF='_IDX_529'>
				<Appearance USE='Material_63_IDX_63'/>
				<IndexedFaceSet solid="false" coordIndex='0 1 2 3 -1'>
					<Coordinate point='-6.621130 -3.370715 -0.081524 -6.010206 -4.364680 -0.042898 -7.481019 -5.434179 -0.027660 -8.240088 -4.196919 -0.052593'/>
				</IndexedFaceSet>
			</Shape>
			<Shape DEF='_IDX_530'>
				<Appearance USE='Material_62_IDX_62'/>
				<IndexedFaceSet solid="false" coordIndex='0 1 2 3 -1'>
					<Coordinate point='-5.320023 -2.705638 -0.126517 -4.827080 -3.503633 -0.066656 -6.010206 -4.364680 -0.042898 -6.621130 -3.370715 -0.081524'/>
				</IndexedFaceSet>
			</Shape>
			<Shape DEF='_IDX_531'>
				<Appearance USE='Material_61_IDX_61'/>
				<IndexedFaceSet solid="false" coordIndex='0 1 2 3 -1'>
					<Coordinate point='-4.273586 -2.169500 -0.196880 -3.873113 -2.808506 -0.104046 -4.827080 -3.503633 -0.066656 -5.320023 -2.705638 -0.126517'/>
				</IndexedFaceSet>
			</Shape>
			<Shape DEF='_IDX_532'>
				<Appearance USE='Material_60_IDX_60'/>
				<IndexedFaceSet solid="false" coordIndex='0 1 2 3 -1'>
					<Coordinate point='-3.429505 -1.737218 -0.308372 -3.097725 -2.243662 -0.164255 -3.873113 -2.808506 -0.104046 -4.273586 -2.169500 -0.196880'/>
				</IndexedFaceSet>
			</Shape>
			<Shape DEF='_IDX_533'>
				<Appearance USE='Material_59_IDX_59'/>
				<IndexedFaceSet solid="false" coordIndex='0 1 2 3 -1'>
					<Coordinate point='-2.741836 -1.393402 -0.490243 -2.449506 -1.778093 -0.266930 -3.097725 -2.243662 -0.164255 -3.429505 -1.737218 -0.308372'/>
				</IndexedFaceSet>
			</Shape>
			<Shape DEF='_IDX_534'>
				<Appearance USE='Material_58_IDX_58'/>
				<IndexedFaceSet solid="false" coordIndex='0 1 2 3 -1'>
					<Coordinate point='-2.169356 -1.148114 -0.802996 -1.851869 -1.389940 -0.470274 -2.449506 -1.778093 -0.266930 -2.741836 -1.393402 -0.490243'/>
				</IndexedFaceSet>
			</Shape>
			<Shape DEF='_IDX_535'>
				<Appearance USE='Material_57_IDX_57'/>
				<IndexedFaceSet solid="false" coordIndex='0 1 2 3 -1'>
					<Coordinate point='-1.718524 -1.086311 -1.350665 -1.189851 -1.190285 -1.014555 -1.851869 -1.389940 -0.470274 -2.169356 -1.148114 -0.802996'/>
				</IndexedFaceSet>
			</Shape>
			<Shape DEF='_IDX_536'>
				<Appearance USE='Material_56_IDX_56'/>
				<IndexedFaceSet solid="false" coordIndex='0 1 2 3 -1'>
					<Coordinate point='-1.572521 -1.185482 -1.778721 -0.928456 -1.329252 -1.567469 -1.189851 -1.190285 -1.014555 -1.718524 -1.086311 -1.350665'/>
				</IndexedFaceSet>
			</Shape>
			<Shape DEF='_IDX_537'>
				<Appearance USE='Material_55_IDX_55'/>
				<IndexedFaceSet solid="false" coordIndex='0 1 2 3 -1'>
					<Coordinate point='-1.543777 -1.387899 -2.249854 -0.846525 -1.600815 -2.134381 -0.928456 -1.329252 -1.567469 -1.572521 -1.185482 -1.778721'/>
				</IndexedFaceSet>
			</Shape>
			<Shape DEF='_IDX_538'>
				<Appearance USE='Material_54_IDX_54'/>
				<IndexedFaceSet solid="false" coordIndex='0 1 2 3 -1'>
					<Coordinate point='-1.633059 -1.691124 -2.734313 -0.871752 -1.974356 -2.670693 -0.846525 -1.600815 -2.134381 -1.543777 -1.387899 -2.249854'/>
				</IndexedFaceSet>
			</Shape>
			<Shape DEF='_IDX_539'>
				<Appearance USE='Material_53_IDX_53'/>
				<IndexedFaceSet solid="false" coordIndex='0 1 2 3 -1'>
					<Coordinate point='-1.837962 -2.105736 -3.220078 -0.971695 -2.469321 -3.183969 -0.871752 -1.974356 -2.670693 -1.633059 -1.691124 -2.734313'/>
				</IndexedFaceSet>
			</Shape>
			<Shape DEF='_IDX_540'>
				<Appearance USE='Material_52_IDX_52'/>
				<IndexedFaceSet solid="false" coordIndex='0 1 2 3 -1'>
					<Coordinate point='-2.165069 -2.654520 -3.704106 -1.140594 -3.117792 -3.683114 -0.971695 -2.469321 -3.183969 -1.837962 -2.105736 -3.220078'/>
				</IndexedFaceSet>
			</Shape>
			<Shape DEF='_IDX_541'>
				<Appearance USE='Material_166_IDX_166'/>
				<IndexedFaceSet solid="false" coordIndex='0 1 2 3 -1'>
					<Coordinate point='-2.631480 -3.370791 -4.186214 -1.384504 -3.961320 -4.173813 -1.140594 -3.117792 -3.683114 -2.165069 -2.654520 -3.704106'/>
				</IndexedFaceSet>
			</Shape>
			<Shape DEF='_IDX_542'>
				<Appearance USE='Material_167_IDX_167'/>
				<IndexedFaceSet solid="false" coordIndex='0 1 2 3 -1'>
					<Coordinate point='-3.264782 -4.299122 -4.666862 -1.716880 -5.053325 -4.659461 -1.384504 -3.961320 -4.173813 -2.631480 -3.370791 -4.186214'/>
				</IndexedFaceSet>
			</Shape>
			<Shape DEF='_IDX_543'>
				<Appearance USE='Material_168_IDX_168'/>
				<IndexedFaceSet solid="false" coordIndex='0 1 2 3 -1'>
					<Coordinate point='-4.103940 -5.497672 -5.146521 -2.157793 -6.462622 -5.142076 -1.716880 -5.053325 -4.659461 -3.264782 -4.299122 -4.666862'/>
				</IndexedFaceSet>
			</Shape>
			<Shape DEF='_IDX_544'>
				<Appearance USE='Material_80_IDX_80'/>
				<IndexedFaceSet solid="false" coordIndex='0 1 2 3 -1'>
					<Coordinate point='-7.481019 -5.434179 -0.027660 -6.537942 -6.537942 -0.000000 -8.137578 -8.137578 -0.000000 -9.310815 -6.764109 -0.017849'/>
				</IndexedFaceSet>
			</Shape>
			<Shape DEF='_IDX_545'>
				<Appearance USE='Material_79_IDX_79'/>
				<IndexedFaceSet solid="false" coordIndex='0 1 2 3 -1'>
					<Coordinate point='-6.010206 -4.364680 -0.042898 -5.251774 -5.251774 -0.000000 -6.537942 -6.537942 -0.000000 -7.481019 -5.434179 -0.027660'/>
				</IndexedFaceSet>
			</Shape>
			<Shape DEF='_IDX_546'>
				<Appearance USE='Material_78_IDX_78'/>
				<IndexedFaceSet solid="false" coordIndex='0 1 2 3 -1'>
					<Coordinate point='-4.827080 -3.503633 -0.066656 -4.216522 -4.216522 -0.000000 -5.251774 -5.251774 -0.000000 -6.010206 -4.364680 -0.042898'/>
				</IndexedFaceSet>
			</Shape>
			<Shape DEF='_IDX_547'>
				<Appearance USE='Material_77_IDX_77'/>
				<IndexedFaceSet solid="false" coordIndex='0 1 2 3 -1'>
					<Coordinate point='-3.873113 -2.808506 -0.104046 -3.380619 -3.380619 -0.000000 -4.216522 -4.216522 -0.000000 -4.827080 -3.503633 -0.066656'/>
				</IndexedFaceSet>
			</Shape>
			<Shape DEF='_IDX_548'>
				<Appearance USE='Material_76_IDX_76'/>
				<IndexedFaceSet solid="false" coordIndex='0 1 2 3 -1'>
					<Coordinate point='-3.097725 -2.243662 -0.164255 -2.699160 -2.699160 -0.000000 -3.380619 -3.380619 -0.000000 -3.873113 -2.808506 -0.104046'/>
				</IndexedFaceSet>
			</Shape>
			<Shape DEF='_IDX_549'>
				<Appearance USE='Material_75_IDX_75'/>
				<IndexedFaceSet solid="false" coordIndex='0 1 2 3 -1'>
					<Coordinate point='-2.449506 -1.778093 -0.266930 -2.125691 -2.125691 -0.000000 -2.699160 -2.699160 -0.000000 -3.097725 -2.243662 -0.164255'/>
				</IndexedFaceSet>
			</Shape>
			<Shape DEF='_IDX_550'>
				<Appearance USE='Material_74_IDX_74'/>
				<IndexedFaceSet solid="false" coordIndex='0 1 2 3 -1'>
					<Coordinate point='-1.851869 -1.389940 -0.470274 -1.583159 -1.583159 -0.000000 -2.125691 -2.125691 -0.000000 -2.449506 -1.778093 -0.266930'/>
				</IndexedFaceSet>
			</Shape>
			<Shape DEF='_IDX_551'>
				<Appearance USE='Material_73_IDX_73'/>
				<IndexedFaceSet solid="false" coordIndex='0 1 2 3 -1'>
					<Coordinate point='-1.189851 -1.190285 -1.014555 -0.000074 -0.000178 -0.000000 -1.583159 -1.583159 -0.000000 -1.851869 -1.389940 -0.470274'/>
				</IndexedFaceSet>
			</Shape>
			<Shape DEF='_IDX_552'>
				<Appearance USE='Material_72_IDX_72'/>
				<IndexedFaceSet solid="false" coordIndex='0 1 2 3 -1'>
					<Coordinate point='-0.928456 -1.329252 -1.567469 -0.000000 -1.321678 -1.408929 -0.000074 -0.000178 -0.000000 -1.189851 -1.190285 -1.014555'/>
				</IndexedFaceSet>
			</Shape>
			<Shape DEF='_IDX_553'>
				<Appearance USE='Material_71_IDX_71'/>
				<IndexedFaceSet solid="false" coordIndex='0 1 2 3 -1'>
					<Coordinate point='-0.846525 -1.600815 -2.134381 -0.000000 -1.662671 -2.074545 -0.000000 -1.321678 -1.408929 -0.928456 -1.329252 -1.567469'/>
				</IndexedFaceSet>
			</Shape>
			<Shape DEF='_IDX_554'>
				<Appearance USE='Material_70_IDX_70'/>
				<IndexedFaceSet solid="false" coordIndex='0 1 2 3 -1'>
					<Coordinate point='-0.871752 -1.974356 -2.670693 -0.000000 -2.068809 -2.642355 -0.000000 -1.662671 -2.074545 -0.846525 -1.600815 -2.134381'/>
				</IndexedFaceSet>
			</Shape>
			<Shape DEF='_IDX_555'>
				<Appearance USE='Material_169_IDX_169'/>
				<IndexedFaceSet solid="false" coordIndex='0 1 2 3 -1'>
					<Coordinate point='-0.971695 -2.469321 -3.183969 -0.000000 -2.593554 -3.168979 -0.000000 -2.068809 -2.642355 -0.871752 -1.974356 -2.670693'/>
				</IndexedFaceSet>
			</Shape>
			<Shape DEF='_IDX_556'>
				<Appearance USE='Material_68_IDX_68'/>
				<IndexedFaceSet solid="false" coordIndex='0 1 2 3 -1'>
					<Coordinate point='-1.140594 -3.117792 -3.683114 -0.000000 -3.277026 -3.674709 -0.000000 -2.593554 -3.168979 -0.971695 -2.469321 -3.183969'/>
				</IndexedFaceSet>
			</Shape>
			<Shape DEF='_IDX_557'>
				<Appearance USE='Material_170_IDX_170'/>
				<IndexedFaceSet solid="false" coordIndex='0 1 2 3 -1'>
					<Coordinate point='-1.384504 -3.961320 -4.173813 -0.000000 -4.164637 -4.168944 -0.000000 -3.277026 -3.674709 -1.140594 -3.117792 -3.683114'/>
				</IndexedFaceSet>
			</Shape>
			<Shape DEF='_IDX_558'>
				<Appearance USE='Material_66_IDX_66'/>
				<IndexedFaceSet solid="false" coordIndex='0 1 2 3 -1'>
					<Coordinate point='-1.716880 -5.053325 -4.659461 -0.000000 -5.313133 -4.656588 -0.000000 -4.164637 -4.168944 -1.384504 -3.961320 -4.173813'/>
				</IndexedFaceSet>
			</Shape>
			<Shape DEF='_IDX_559'>
				<Appearance USE='Material_65_IDX_65'/>
				<IndexedFaceSet solid="false" coordIndex='0 1 2 3 -1'>
					<Coordinate point='-2.157793 -6.462622 -5.142076 -0.000000 -6.795089 -5.140361 -0.000000 -5.313133 -4.656588 -1.716880 -5.053325 -4.659461'/>
				</IndexedFaceSet>
			</Shape>
			<Shape DEF='_IDX_560'>
				<Appearance USE='Material_96_IDX_96'/>
				<IndexedFaceSet solid="false" coordIndex='0 1 2 3 -1'>
					<Coordinate point='0.000000 -5.550510 4.685461 -1.642524 -5.279368 4.682814 -2.100119 -6.638822 5.156240 -0.000000 -6.980209 5.157872'/>
				</IndexedFaceSet>
			</Shape>
			<Shape DEF='_IDX_561'>
				<Appearance USE='Material_95_IDX_95'/>
				<IndexedFaceSet solid="false" coordIndex='0 1 2 3 -1'>
					<Coordinate point='0.000000 -4.468782 4.216564 -1.288363 -4.251137 4.212311 -1.642524 -5.279368 4.682814 0.000000 -5.550510 4.685461'/>
				</IndexedFaceSet>
			</Shape>
			<Shape DEF='_IDX_562'>
				<Appearance USE='Material_94_IDX_94'/>
				<IndexedFaceSet solid="false" coordIndex='0 1 2 3 -1'>
					<Coordinate point='-0.000000 -3.666279 3.753291 -1.015627 -3.489020 3.746565 -1.288363 -4.251137 4.212311 0.000000 -4.468782 4.216564'/>
				</IndexedFaceSet>
			</Shape>
			<Shape DEF='_IDX_563'>
				<Appearance USE='Material_93_IDX_93'/>
				<IndexedFaceSet solid="false" coordIndex='0 1 2 3 -1'>
					<Coordinate point='0.000000 -3.091025 3.298854 -0.807633 -2.944070 3.288481 -1.015627 -3.489020 3.746565 -0.000000 -3.666279 3.753291'/>
				</IndexedFaceSet>
			</Shape>
			<Shape DEF='_IDX_564'>
				<Appearance USE='Material_92_IDX_92'/>
				<IndexedFaceSet solid="false" coordIndex='0 1 2 3 -1'>
					<Coordinate point='0.000000 -2.703905 2.857929 -0.652092 -2.579860 2.842526 -0.807633 -2.944070 3.288481 0.000000 -3.091025 3.298854'/>
				</IndexedFaceSet>
			</Shape>
			<Shape DEF='_IDX_565'>
				<Appearance USE='Material_91_IDX_91'/>
				<IndexedFaceSet solid="false" coordIndex='0 1 2 3 -1'>
					<Coordinate point='-0.000000 -2.475239 2.436837 -0.540378 -2.369165 2.415189 -0.652092 -2.579860 2.842526 0.000000 -2.703905 2.857929'/>
				</IndexedFaceSet>
			</Shape>
			<Shape DEF='_IDX_566'>
				<Appearance USE='Material_90_IDX_90'/>
				<IndexedFaceSet solid="false" coordIndex='0 1 2 3 -1'>
					<Coordinate point='0.000000 -2.381716 2.043256 -0.466730 -2.290701 2.015000 -0.540378 -2.369165 2.415189 -0.000000 -2.475239 2.436837'/>
				</IndexedFaceSet>
			</Shape>
			<Shape DEF='_IDX_567'>
				<Appearance USE='Material_89_IDX_89'/>
				<IndexedFaceSet solid="false" coordIndex='0 1 2 3 -1'>
					<Coordinate point='-0.000000 -2.403973 1.685147 -0.427025 -2.326184 1.651439 -0.466730 -2.290701 2.015000 0.000000 -2.381716 2.043256'/>
				</IndexedFaceSet>
			</Shape>
			<Shape DEF='_IDX_568'>
				<Appearance USE='Material_88_IDX_88'/>
				<IndexedFaceSet solid="false" coordIndex='0 1 2 3 -1'>
					<Coordinate point='0.000000 -2.672751 1.161651 -0.426776 -2.612818 1.125159 -0.427025 -2.326184 1.651439 -0.000000 -2.403973 1.685147'/>
				</IndexedFaceSet>
			</Shape>
			<Shape DEF='_IDX_569'>
				<Appearance USE='Material_87_IDX_87'/>
				<IndexedFaceSet solid="false" coordIndex='0 1 2 3 -1'>
					<Coordinate point='-0.000000 -3.178911 0.775576 -0.492247 -3.126952 0.744536 -0.426776 -2.612818 1.125159 0.000000 -2.672751 1.161651'/>
				</IndexedFaceSet>
			</Shape>
			<Shape DEF='_IDX_570'>
				<Appearance USE='Material_86_IDX_86'/>
				<IndexedFaceSet solid="false" coordIndex='0 1 2 3 -1'>
					<Coordinate point='-0.000000 -3.891277 0.508577 -0.602213 -3.837809 0.485763 -0.492247 -3.126952 0.744536 -0.000000 -3.178911 0.775576'/>
				</IndexedFaceSet>
			</Shape>
			<Shape DEF='_IDX_571'>
				<Appearance USE='Material_85_IDX_85'/>
				<IndexedFaceSet solid="false" coordIndex='0 1 2 3 -1'>
					<Coordinate point='-0.000000 -4.814272 0.330598 -0.748336 -4.752639 0.315004 -0.602213 -3.837809 0.485763 -0.000000 -3.891277 0.508577'/>
				</IndexedFaceSet>
			</Shape>
			<Shape DEF='_IDX_572'>
				<Appearance USE='Material_84_IDX_84'/>
				<IndexedFaceSet solid="false" coordIndex='0 1 2 3 -1'>
					<Coordinate point='0.000000 -5.978673 0.214068 -0.932311 -5.904045 0.203752 -0.748336 -4.752639 0.315004 -0.000000 -4.814272 0.330598'/>
				</IndexedFaceSet>
			</Shape>
			<Shape DEF='_IDX_573'>
				<Appearance USE='Material_83_IDX_83'/>
				<IndexedFaceSet solid="false" coordIndex='0 1 2 3 -1'>
					<Coordinate point='-0.000000 -7.434661 0.138381 -1.161342 -7.342673 0.131652 -0.932311 -5.904045 0.203752 0.000000 -5.978673 0.214068'/>
				</IndexedFaceSet>
			</Shape>
			<Shape DEF='_IDX_574'>
				<Appearance USE='Material_82_IDX_82'/>
				<IndexedFaceSet solid="false" coordIndex='0 1 2 3 -1'>
					<Coordinate point='-0.000000 -9.249763 0.089391 -1.446049 -9.135674 0.085027 -1.161342 -7.342673 0.131652 -0.000000 -7.434661 0.138381'/>
				</IndexedFaceSet>
			</Shape>
			<Shape DEF='_IDX_575'>
				<Appearance USE='Material_81_IDX_81'/>
				<IndexedFaceSet solid="false" coordIndex='0 1 2 3 -1'>
					<Coordinate point='-0.000000 -11.510138 0.057727 -1.800080 -11.368328 0.054905 -1.446049 -9.135674 0.085027 -0.000000 -9.249763 0.089391'/>
				</IndexedFaceSet>
			</Shape>
			<Shape DEF='_IDX_576'>
				<Appearance USE='Material_112_IDX_112'/>
				<IndexedFaceSet solid="false" coordIndex='0 1 2 3 -1'>
					<Coordinate point='-1.642524 -5.279368 4.682814 -3.123930 -4.492078 4.675778 -3.994500 -5.647881 5.151930 -2.100119 -6.638822 5.156240'/>
				</IndexedFaceSet>
			</Shape>
			<Shape DEF='_IDX_577'>
				<Appearance USE='Material_111_IDX_111'/>
				<IndexedFaceSet solid="false" coordIndex='0 1 2 3 -1'>
					<Coordinate point='-1.288363 -4.251137 4.212311 -2.449930 -3.618700 4.200902 -3.123930 -4.492078 4.675778 -1.642524 -5.279368 4.682814'/>
				</IndexedFaceSet>
			</Shape>
			<Shape DEF='_IDX_578'>
				<Appearance USE='Material_110_IDX_110'/>
				<IndexedFaceSet solid="false" coordIndex='0 1 2 3 -1'>
					<Coordinate point='-1.015627 -3.489020 3.746565 -1.930493 -2.973053 3.728267 -2.449930 -3.618700 4.200902 -1.288363 -4.251137 4.212311'/>
				</IndexedFaceSet>
			</Shape>
			<Shape DEF='_IDX_579'>
				<Appearance USE='Material_109_IDX_109'/>
				<IndexedFaceSet solid="false" coordIndex='0 1 2 3 -1'>
					<Coordinate point='-0.807633 -2.944070 3.288481 -1.533685 -2.514829 3.259663 -1.930493 -2.973053 3.728267 -1.015627 -3.489020 3.746565'/>
				</IndexedFaceSet>
			</Shape>
			<Shape DEF='_IDX_580'>
				<Appearance USE='Material_108_IDX_108'/>
				<IndexedFaceSet solid="false" coordIndex='0 1 2 3 -1'>
					<Coordinate point='-0.652092 -2.579860 2.842526 -1.235975 -2.215404 2.798489 -1.533685 -2.514829 3.259663 -0.807633 -2.944070 3.288481'/>
				</IndexedFaceSet>
			</Shape>
			<Shape DEF='_IDX_581'>
				<Appearance USE='Material_171_IDX_171'/>
				<IndexedFaceSet solid="false" coordIndex='0 1 2 3 -1'>
					<Coordinate point='-0.540378 -2.369165 2.415189 -1.021237 -2.055214 2.351102 -1.235975 -2.215404 2.798489 -0.652092 -2.579860 2.842526'/>
				</IndexedFaceSet>
			</Shape>
			<Shape DEF='_IDX_582'>
				<Appearance USE='Material_106_IDX_106'/>
				<IndexedFaceSet solid="false" coordIndex='0 1 2 3 -1'>
					<Coordinate point='-0.466730 -2.290701 2.015000 -0.879861 -2.020062 1.928425 -1.021237 -2.055214 2.351102 -0.540378 -2.369165 2.415189'/>
				</IndexedFaceSet>
			</Shape>
			<Shape DEF='_IDX_583'>
				<Appearance USE='Material_105_IDX_105'/>
				<IndexedFaceSet solid="false" coordIndex='0 1 2 3 -1'>
					<Coordinate point='-0.427025 -2.326184 1.651439 -0.806386 -2.095675 1.545741 -0.879861 -2.020062 1.928425 -0.466730 -2.290701 2.015000'/>
				</IndexedFaceSet>
			</Shape>
			<Shape DEF='_IDX_584'>
				<Appearance USE='Material_104_IDX_104'/>
				<IndexedFaceSet solid="false" coordIndex='0 1 2 3 -1'>
					<Coordinate point='-0.426776 -2.612818 1.125159 -0.820009 -2.438568 1.010972 -0.806386 -2.095675 1.545741 -0.427025 -2.326184 1.651439'/>
				</IndexedFaceSet>
			</Shape>
			<Shape DEF='_IDX_585'>
				<Appearance USE='Material_103_IDX_103'/>
				<IndexedFaceSet solid="false" coordIndex='0 1 2 3 -1'>
					<Coordinate point='-0.492247 -3.126952 0.744536 -0.962540 -2.976104 0.650205 -0.820009 -2.438568 1.010972 -0.426776 -2.612818 1.125159'/>
				</IndexedFaceSet>
			</Shape>
			<Shape DEF='_IDX_586'>
				<Appearance USE='Material_102_IDX_102'/>
				<IndexedFaceSet solid="false" coordIndex='0 1 2 3 -1'>
					<Coordinate point='-0.602213 -3.837809 0.485763 -1.186430 -3.680732 0.418037 -0.962540 -2.976104 0.650205 -0.492247 -3.126952 0.744536'/>
				</IndexedFaceSet>
			</Shape>
			<Shape DEF='_IDX_587'>
				<Appearance USE='Material_101_IDX_101'/>
				<IndexedFaceSet solid="false" coordIndex='0 1 2 3 -1'>
					<Coordinate point='-0.748336 -4.752639 0.315004 -1.477481 -4.570139 0.269288 -1.186430 -3.680732 0.418037 -0.602213 -3.837809 0.485763'/>
				</IndexedFaceSet>
			</Shape>
			<Shape DEF='_IDX_588'>
				<Appearance USE='Material_100_IDX_100'/>
				<IndexedFaceSet solid="false" coordIndex='0 1 2 3 -1'>
					<Coordinate point='-0.932311 -5.904045 0.203752 -1.841597 -5.682362 0.173683 -1.477481 -4.570139 0.269288 -0.748336 -4.752639 0.315004'/>
				</IndexedFaceSet>
			</Shape>
			<Shape DEF='_IDX_589'>
				<Appearance USE='Material_99_IDX_99'/>
				<IndexedFaceSet solid="false" coordIndex='0 1 2 3 -1'>
					<Coordinate point='-1.161342 -7.342673 0.131652 -2.294166 -7.069121 0.112087 -1.841597 -5.682362 0.173683 -0.932311 -5.904045 0.203752'/>
				</IndexedFaceSet>
			</Shape>
			<Shape DEF='_IDX_590'>
				<Appearance USE='Material_98_IDX_98'/>
				<IndexedFaceSet solid="false" coordIndex='0 1 2 3 -1'>
					<Coordinate point='-1.446049 -9.135674 0.085027 -2.856570 -8.796273 0.072355 -2.294166 -7.069121 0.112087 -1.161342 -7.342673 0.131652'/>
				</IndexedFaceSet>
			</Shape>
			<Shape DEF='_IDX_591'>
				<Appearance USE='Material_97_IDX_97'/>
				<IndexedFaceSet solid="false" coordIndex='0 1 2 3 -1'>
					<Coordinate point='-1.800080 -11.368328 0.054905 -3.555891 -10.946419 0.046712 -2.856570 -8.796273 0.072355 -1.446049 -9.135674 0.085027'/>
				</IndexedFaceSet>
			</Shape>
			<Shape DEF='_IDX_592'>
				<Appearance USE='Material_128_IDX_128'/>
				<IndexedFaceSet solid="false" coordIndex='0 1 2 3 -1'>
					<Coordinate point='-3.123930 -4.492078 4.675778 -4.299122 -3.264782 4.666862 -5.497672 -4.103940 5.146521 -3.994500 -5.647881 5.151930'/>
				</IndexedFaceSet>
			</Shape>
			<Shape DEF='_IDX_593'>
				<Appearance USE='Material_127_IDX_127'/>
				<IndexedFaceSet solid="false" coordIndex='0 1 2 3 -1'>
					<Coordinate point='-2.449930 -3.618700 4.200902 -3.370791 -2.631480 4.186214 -4.299122 -3.264782 4.666862 -3.123930 -4.492078 4.675778'/>
				</IndexedFaceSet>
			</Shape>
			<Shape DEF='_IDX_594'>
				<Appearance USE='Material_126_IDX_126'/>
				<IndexedFaceSet solid="false" coordIndex='0 1 2 3 -1'>
					<Coordinate point='-1.930493 -2.973053 3.728267 -2.654520 -2.165069 3.704106 -3.370791 -2.631480 4.186214 -2.449930 -3.618700 4.200902'/>
				</IndexedFaceSet>
			</Shape>
			<Shape DEF='_IDX_595'>
				<Appearance USE='Material_125_IDX_125'/>
				<IndexedFaceSet solid="false" coordIndex='0 1 2 3 -1'>
					<Coordinate point='-1.533685 -2.514829 3.259663 -2.105736 -1.837962 3.220078 -2.654520 -2.165069 3.704106 -1.930493 -2.973053 3.728267'/>
				</IndexedFaceSet>
			</Shape>
			<Shape DEF='_IDX_596'>
				<Appearance USE='Material_124_IDX_124'/>
				<IndexedFaceSet solid="false" coordIndex='0 1 2 3 -1'>
					<Coordinate point='-1.235975 -2.215404 2.798489 -1.691124 -1.633059 2.734313 -2.105736 -1.837962 3.220078 -1.533685 -2.514829 3.259663'/>
				</IndexedFaceSet>
			</Shape>
			<Shape DEF='_IDX_597'>
				<Appearance USE='Material_123_IDX_123'/>
				<IndexedFaceSet solid="false" coordIndex='0 1 2 3 -1'>
					<Coordinate point='-1.021237 -2.055214 2.351102 -1.387899 -1.543777 2.249854 -1.691124 -1.633059 2.734313 -1.235975 -2.215404 2.798489'/>
				</IndexedFaceSet>
			</Shape>
			<Shape DEF='_IDX_598'>
				<Appearance USE='Material_122_IDX_122'/>
				<IndexedFaceSet solid="false" coordIndex='0 1 2 3 -1'>
					<Coordinate point='-0.879861 -2.020062 1.928425 -1.185482 -1.572521 1.778721 -1.387899 -1.543777 2.249854 -1.021237 -2.055214 2.351102'/>
				</IndexedFaceSet>
			</Shape>
			<Shape DEF='_IDX_599'>
				<Appearance USE='Material_121_IDX_121'/>
				<IndexedFaceSet solid="false" coordIndex='0 1 2 3 -1'>
					<Coordinate point='-0.806386 -2.095675 1.545741 -1.086311 -1.718524 1.350665 -1.185482 -1.572521 1.778721 -0.879861 -2.020062 1.928425'/>
				</IndexedFaceSet>
			</Shape>
			<Shape DEF='_IDX_600'>
				<Appearance USE='Material_120_IDX_120'/>
				<IndexedFaceSet solid="false" coordIndex='0 1 2 3 -1'>
					<Coordinate point='-0.820009 -2.438568 1.010972 -1.148114 -2.169356 0.802996 -1.086311 -1.718524 1.350665 -0.806386 -2.095675 1.545741'/>
				</IndexedFaceSet>
			</Shape>
			<Shape DEF='_IDX_601'>
				<Appearance USE='Material_119_IDX_119'/>
				<IndexedFaceSet solid="false" coordIndex='0 1 2 3 -1'>
					<Coordinate point='-0.962540 -2.976104 0.650205 -1.393402 -2.741836 0.490243 -1.148114 -2.169356 0.802996 -0.820009 -2.438568 1.010972'/>
				</IndexedFaceSet>
			</Shape>
			<Shape DEF='_IDX_602'>
				<Appearance USE='Material_118_IDX_118'/>
				<IndexedFaceSet solid="false" coordIndex='0 1 2 3 -1'>
					<Coordinate point='-1.186430 -3.680732 0.418037 -1.737218 -3.429505 0.308372 -1.393402 -2.741836 0.490243 -0.962540 -2.976104 0.650205'/>
				</IndexedFaceSet>
			</Shape>
			<Shape DEF='_IDX_603'>
				<Appearance USE='Material_117_IDX_117'/>
				<IndexedFaceSet solid="false" coordIndex='0 1 2 3 -1'>
					<Coordinate point='-1.477481 -4.570139 0.269288 -2.169500 -4.273586 0.196880 -1.737218 -3.429505 0.308372 -1.186430 -3.680732 0.418037'/>
				</IndexedFaceSet>
			</Shape>
			<Shape DEF='_IDX_604'>
				<Appearance USE='Material_116_IDX_116'/>
				<IndexedFaceSet solid="false" coordIndex='0 1 2 3 -1'>
					<Coordinate point='-1.841597 -5.682362 0.173683 -2.705638 -5.320023 0.126517 -2.169500 -4.273586 0.196880 -1.477481 -4.570139 0.269288'/>
				</IndexedFaceSet>
			</Shape>
			<Shape DEF='_IDX_605'>
				<Appearance USE='Material_115_IDX_115'/>
				<IndexedFaceSet solid="false" coordIndex='0 1 2 3 -1'>
					<Coordinate point='-2.294166 -7.069121 0.112087 -3.370715 -6.621130 0.081524 -2.705638 -5.320023 0.126517 -1.841597 -5.682362 0.173683'/>
				</IndexedFaceSet>
			</Shape>
			<Shape DEF='_IDX_606'>
				<Appearance USE='Material_114_IDX_114'/>
				<IndexedFaceSet solid="false" coordIndex='0 1 2 3 -1'>
					<Coordinate point='-2.856570 -8.796273 0.072355 -4.196919 -8.240088 0.052593 -3.370715 -6.621130 0.081524 -2.294166 -7.069121 0.112087'/>
				</IndexedFaceSet>
			</Shape>
			<Shape DEF='_IDX_607'>
				<Appearance USE='Material_113_IDX_113'/>
				<IndexedFaceSet solid="false" coordIndex='0 1 2 3 -1'>
					<Coordinate point='-3.555891 -10.946419 0.046712 -5.224247 -10.254873 0.033945 -4.196919 -8.240088 0.052593 -2.856570 -8.796273 0.072355'/>
				</IndexedFaceSet>
			</Shape>
			<Shape DEF='_IDX_608'>
				<Appearance USE='Material_144_IDX_144'/>
				<IndexedFaceSet solid="false" coordIndex='0 1 2 3 -1'>
					<Coordinate point='-4.299122 -3.264782 4.666862 -5.053325 -1.716880 4.659461 -6.462622 -2.157793 5.142076 -5.497672 -4.103940 5.146521'/>
				</IndexedFaceSet>
			</Shape>
			<Shape DEF='_IDX_609'>
				<Appearance USE='Material_172_IDX_172'/>
				<IndexedFaceSet solid="false" coordIndex='0 1 2 3 -1'>
					<Coordinate point='-3.370791 -2.631480 4.186214 -3.961320 -1.384504 4.173813 -5.053325 -1.716880 4.659461 -4.299122 -3.264782 4.666862'/>
				</IndexedFaceSet>
			</Shape>
			<Shape DEF='_IDX_610'>
				<Appearance USE='Material_173_IDX_173'/>
				<IndexedFaceSet solid="false" coordIndex='0 1 2 3 -1'>
					<Coordinate point='-2.654520 -2.165069 3.704106 -3.117792 -1.140594 3.683114 -3.961320 -1.384504 4.173813 -3.370791 -2.631480 4.186214'/>
				</IndexedFaceSet>
			</Shape>
			<Shape DEF='_IDX_611'>
				<Appearance USE='Material_141_IDX_141'/>
				<IndexedFaceSet solid="false" coordIndex='0 1 2 3 -1'>
					<Coordinate point='-2.105736 -1.837962 3.220078 -2.469321 -0.971695 3.183969 -3.117792 -1.140594 3.683114 -2.654520 -2.165069 3.704106'/>
				</IndexedFaceSet>
			</Shape>
			<Shape DEF='_IDX_612'>
				<Appearance USE='Material_140_IDX_140'/>
				<IndexedFaceSet solid="false" coordIndex='0 1 2 3 -1'>
					<Coordinate point='-1.691124 -1.633059 2.734313 -1.974356 -0.871752 2.670693 -2.469321 -0.971695 3.183969 -2.105736 -1.837962 3.220078'/>
				</IndexedFaceSet>
			</Shape>
			<Shape DEF='_IDX_613'>
				<Appearance USE='Material_139_IDX_139'/>
				<IndexedFaceSet solid="false" coordIndex='0 1 2 3 -1'>
					<Coordinate point='-1.387899 -1.543777 2.249854 -1.600815 -0.846525 2.134381 -1.974356 -0.871752 2.670693 -1.691124 -1.633059 2.734313'/>
				</IndexedFaceSet>
			</Shape>
			<Shape DEF='_IDX_614'>
				<Appearance USE='Material_138_IDX_138'/>
				<IndexedFaceSet solid="false" coordIndex='0 1 2 3 -1'>
					<Coordinate point='-1.185482 -1.572521 1.778721 -1.329252 -0.928456 1.567469 -1.600815 -0.846525 2.134381 -1.387899 -1.543777 2.249854'/>
				</IndexedFaceSet>
			</Shape>
			<Shape DEF='_IDX_615'>
				<Appearance USE='Material_137_IDX_137'/>
				<IndexedFaceSet solid="false" coordIndex='0 1 2 3 -1'>
					<Coordinate point='-1.086311 -1.718524 1.350665 -1.190285 -1.189851 1.014555 -1.329252 -0.928456 1.567469 -1.185482 -1.572521 1.778721'/>
				</IndexedFaceSet>
			</Shape>
			<Shape DEF='_IDX_616'>
				<Appearance USE='Material_136_IDX_136'/>
				<IndexedFaceSet solid="false" coordIndex='0 1 2 3 -1'>
					<Coordinate point='-1.148114 -2.169356 0.802996 -1.389940 -1.851869 0.470274 -1.190285 -1.189851 1.014555 -1.086311 -1.718524 1.350665'/>
				</IndexedFaceSet>
			</Shape>
			<Shape DEF='_IDX_617'>
				<Appearance USE='Material_135_IDX_135'/>
				<IndexedFaceSet solid="false" coordIndex='0 1 2 3 -1'>
					<Coordinate point='-1.393402 -2.741836 0.490243 -1.778093 -2.449506 0.266930 -1.389940 -1.851869 0.470274 -1.148114 -2.169356 0.802996'/>
				</IndexedFaceSet>
			</Shape>
			<Shape DEF='_IDX_618'>
				<Appearance USE='Material_134_IDX_134'/>
				<IndexedFaceSet solid="false" coordIndex='0 1 2 3 -1'>
					<Coordinate point='-1.737218 -3.429505 0.308372 -2.243662 -3.097725 0.164255 -1.778093 -2.449506 0.266930 -1.393402 -2.741836 0.490243'/>
				</IndexedFaceSet>
			</Shape>
			<Shape DEF='_IDX_619'>
				<Appearance USE='Material_133_IDX_133'/>
				<IndexedFaceSet solid="false" coordIndex='0 1 2 3 -1'>
					<Coordinate point='-2.169500 -4.273586 0.196880 -2.808506 -3.873113 0.104046 -2.243662 -3.097725 0.164255 -1.737218 -3.429505 0.308372'/>
				</IndexedFaceSet>
			</Shape>
			<Shape DEF='_IDX_620'>
				<Appearance USE='Material_132_IDX_132'/>
				<IndexedFaceSet solid="false" coordIndex='0 1 2 3 -1'>
					<Coordinate point='-2.705638 -5.320023 0.126517 -3.503633 -4.827080 0.066656 -2.808506 -3.873113 0.104046 -2.169500 -4.273586 0.196880'/>
				</IndexedFaceSet>
			</Shape>
			<Shape DEF='_IDX_621'>
				<Appearance USE='Material_131_IDX_131'/>
				<IndexedFaceSet solid="false" coordIndex='0 1 2 3 -1'>
					<Coordinate point='-3.370715 -6.621130 0.081524 -4.364680 -6.010206 0.042898 -3.503633 -4.827080 0.066656 -2.705638 -5.320023 0.126517'/>
				</IndexedFaceSet>
			</Shape>
			<Shape DEF='_IDX_622'>
				<Appearance USE='Material_130_IDX_130'/>
				<IndexedFaceSet solid="false" coordIndex='0 1 2 3 -1'>
					<Coordinate point='-4.196919 -8.240088 0.052593 -5.434179 -7.481019 0.027660 -4.364680 -6.010206 0.042898 -3.370715 -6.621130 0.081524'/>
				</IndexedFaceSet>
			</Shape>
			<Shape DEF='_IDX_623'>
				<Appearance USE='Material_129_IDX_129'/>
				<IndexedFaceSet solid="false" coordIndex='0 1 2 3 -1'>
					<Coordinate point='-5.224247 -10.254873 0.033945 -6.764109 -9.310815 0.017849 -5.434179 -7.481019 0.027660 -4.196919 -8.240088 0.052593'/>
				</IndexedFaceSet>
			</Shape>
			<Shape DEF='_IDX_624'>
				<Appearance USE='Material_160_IDX_160'/>
				<IndexedFaceSet solid="false" coordIndex='0 1 2 3 -1'>
					<Coordinate point='-5.053325 -1.716880 4.659461 -5.313133 -0.000000 4.656588 -6.795089 -0.000000 5.140361 -6.462622 -2.157793 5.142076'/>
				</IndexedFaceSet>
			</Shape>
			<Shape DEF='_IDX_625'>
				<Appearance USE='Material_159_IDX_159'/>
				<IndexedFaceSet solid="false" coordIndex='0 1 2 3 -1'>
					<Coordinate point='-3.961320 -1.384504 4.173813 -4.164637 -0.000000 4.168944 -5.313133 -0.000000 4.656588 -5.053325 -1.716880 4.659461'/>
				</IndexedFaceSet>
			</Shape>
			<Shape DEF='_IDX_626'>
				<Appearance USE='Material_158_IDX_158'/>
				<IndexedFaceSet solid="false" coordIndex='0 1 2 3 -1'>
					<Coordinate point='-3.117792 -1.140594 3.683114 -3.277026 -0.000000 3.674709 -4.164637 -0.000000 4.168944 -3.961320 -1.384504 4.173813'/>
				</IndexedFaceSet>
			</Shape>
			<Shape DEF='_IDX_627'>
				<Appearance USE='Material_157_IDX_157'/>
				<IndexedFaceSet solid="false" coordIndex='0 1 2 3 -1'>
					<Coordinate point='-2.469321 -0.971695 3.183969 -2.593554 -0.000000 3.168979 -3.277026 -0.000000 3.674709 -3.117792 -1.140594 3.683114'/>
				</IndexedFaceSet>
			</Shape>
			<Shape DEF='_IDX_628'>
				<Appearance USE='Material_156_IDX_156'/>
				<IndexedFaceSet solid="false" coordIndex='0 1 2 3 -1'>
					<Coordinate point='-1.974356 -0.871752 2.670693 -2.068809 -0.000000 2.642355 -2.593554 -0.000000 3.168979 -2.469321 -0.971695 3.183969'/>
				</IndexedFaceSet>
			</Shape>
			<Shape DEF='_IDX_629'>
				<Appearance USE='Material_155_IDX_155'/>
				<IndexedFaceSet solid="false" coordIndex='0 1 2 3 -1'>
					<Coordinate point='-1.600815 -0.846525 2.134381 -1.662671 -0.000000 2.074545 -2.068809 -0.000000 2.642355 -1.974356 -0.871752 2.670693'/>
				</IndexedFaceSet>
			</Shape>
			<Shape DEF='_IDX_630'>
				<Appearance USE='Material_154_IDX_154'/>
				<IndexedFaceSet solid="false" coordIndex='0 1 2 3 -1'>
					<Coordinate point='-1.329252 -0.928456 1.567469 -1.321678 -0.000000 1.408929 -1.662671 -0.000000 2.074545 -1.600815 -0.846525 2.134381'/>
				</IndexedFaceSet>
			</Shape>
			<Shape DEF='_IDX_631'>
				<Appearance USE='Material_153_IDX_153'/>
				<IndexedFaceSet solid="false" coordIndex='0 1 2 3 -1'>
					<Coordinate point='-1.190285 -1.189851 1.014555 -0.000178 -0.000074 0.000000 -1.321678 -0.000000 1.408929 -1.329252 -0.928456 1.567469'/>
				</IndexedFaceSet>
			</Shape>
			<Shape DEF='_IDX_632'>
				<Appearance USE='Material_152_IDX_152'/>
				<IndexedFaceSet solid="false" coordIndex='0 1 2 3 -1'>
					<Coordinate point='-1.389940 -1.851869 0.470274 -1.583159 -1.583159 0.000000 -0.000178 -0.000074 0.000000 -1.190285 -1.189851 1.014555'/>
				</IndexedFaceSet>
			</Shape>
			<Shape DEF='_IDX_633'>
				<Appearance USE='Material_151_IDX_151'/>
				<IndexedFaceSet solid="false" coordIndex='0 1 2 3 -1'>
					<Coordinate point='-1.778093 -2.449506 0.266930 -2.125691 -2.125691 0.000000 -1.583159 -1.583159 0.000000 -1.389940 -1.851869 0.470274'/>
				</IndexedFaceSet>
			</Shape>
			<Shape DEF='_IDX_634'>
				<Appearance USE='Material_150_IDX_150'/>
				<IndexedFaceSet solid="false" coordIndex='0 1 2 3 -1'>
					<Coordinate point='-2.243662 -3.097725 0.164255 -2.699160 -2.699160 0.000000 -2.125691 -2.125691 0.000000 -1.778093 -2.449506 0.266930'/>
				</IndexedFaceSet>
			</Shape>
			<Shape DEF='_IDX_635'>
				<Appearance USE='Material_149_IDX_149'/>
				<IndexedFaceSet solid="false" coordIndex='0 1 2 3 -1'>
					<Coordinate point='-2.808506 -3.873113 0.104046 -3.380619 -3.380619 0.000000 -2.699160 -2.699160 0.000000 -2.243662 -3.097725 0.164255'/>
				</IndexedFaceSet>
			</Shape>
			<Shape DEF='_IDX_636'>
				<Appearance USE='Material_148_IDX_148'/>
				<IndexedFaceSet solid="false" coordIndex='0 1 2 3 -1'>
					<Coordinate point='-3.503633 -4.827080 0.066656 -4.216522 -4.216522 0.000000 -3.380619 -3.380619 0.000000 -2.808506 -3.873113 0.104046'/>
				</IndexedFaceSet>
			</Shape>
			<Shape DEF='_IDX_637'>
				<Appearance USE='Material_147_IDX_147'/>
				<IndexedFaceSet solid="false" coordIndex='0 1 2 3 -1'>
					<Coordinate point='-4.364680 -6.010206 0.042898 -5.251774 -5.251774 0.000000 -4.216522 -4.216522 0.000000 -3.503633 -4.827080 0.066656'/>
				</IndexedFaceSet>
			</Shape>
			<Shape DEF='_IDX_638'>
				<Appearance USE='Material_146_IDX_146'/>
				<IndexedFaceSet solid="false" coordIndex='0 1 2 3 -1'>
					<Coordinate point='-5.434179 -7.481019 0.027660 -6.537942 -6.537942 0.000000 -5.251774 -5.251774 0.000000 -4.364680 -6.010206 0.042898'/>
				</IndexedFaceSet>
			</Shape>
			<Shape DEF='_IDX_639'>
				<Appearance USE='Material_145_IDX_145'/>
				<IndexedFaceSet solid="false" coordIndex='0 1 2 3 -1'>
					<Coordinate point='-6.764109 -9.310815 0.017849 -8.137578 -8.137578 0.000000 -6.537942 -6.537942 0.000000 -5.434179 -7.481019 0.027660'/>
				</IndexedFaceSet>
			</Shape>
		</Group>
	</Scene>
</X3D>
