<?xml version="1.0" encoding="UTF-8"?>
<!DOCTYPE X3D PUBLIC "ISO//Web3D//DTD X3D 3.3//EN" "http://www.web3d.org/specifications/x3d-3.3.dtd">
<X3D profile='Interchange' version='3.3' xmlns:xsd='http://www.w3.org/2001/XMLSchema-instance' xsd:noNamespaceSchemaLocation='http://www.web3d.org/specifications/x3d-3.3.xsd'>
	<head>
	<!-- All "meta" from this section tou will found in <Scene> node as MetadataString nodes. -->
	</head>
	<Scene>
		<Group>
			<Shape DEF='_IDX_0'>
				<Appearance DEF='Material_1_IDX_1'>
					<Material diffuseColor='0.513423 0.729921 0.440677'/>
					
				</Appearance>
				<IndexedFaceSet solid="false" coordIndex='0 1 2 3 -1'>
					<Coordinate point='0.122222 0.000000 0.000011 0.122099 -0.005483 0.000011 0.000000 0.000000 0.000000 0.000000 0.000000 0.000000'/>
				</IndexedFaceSet>
			</Shape>
			<Shape DEF='_IDX_1'>
				<Appearance DEF='Material_2_IDX_2'>
					<Material diffuseColor='0.513625 0.729950 0.440501'/>
					
				</Appearance>
				<IndexedFaceSet solid="false" coordIndex='0 1 2 3 -1'>
					<Coordinate point='0.244444 0.000000 0.000349 0.244198 -0.010967 0.000340 0.122099 -0.005483 0.000011 0.122222 0.000000 0.000011'/>
				</IndexedFaceSet>
			</Shape>
			<Shape DEF='_IDX_2'>
				<Appearance DEF='Material_3_IDX_3'>
					<Material diffuseColor='0.515150 0.730174 0.439172'/>
					
				</Appearance>
				<IndexedFaceSet solid="false" coordIndex='0 1 2 3 -1'>
					<Coordinate point='0.366653 0.000000 0.002651 0.366285 -0.016456 0.002585 0.244198 -0.010967 0.000340 0.244444 0.000000 0.000349'/>
				</IndexedFaceSet>
			</Shape>
			<Shape DEF='_IDX_3'>
				<Appearance DEF='Material_4_IDX_4'>
					<Material diffuseColor='0.521403 0.731089 0.433724'/>
					
				</Appearance>
				<IndexedFaceSet solid="false" coordIndex='0 1 2 3 -1'>
					<Coordinate point='0.488712 0.000000 0.011171 0.488234 -0.022004 0.010891 0.366285 -0.016456 0.002585 0.366653 0.000000 0.002651'/>
				</IndexedFaceSet>
			</Shape>
			<Shape DEF='_IDX_4'>
				<Appearance DEF='Material_5_IDX_5'>
					<Material diffuseColor='0.539570 0.733749 0.417898'/>
					
				</Appearance>
				<IndexedFaceSet solid="false" coordIndex='0 1 2 3 -1'>
					<Coordinate point='0.609790 0.000000 0.034093 0.609281 -0.027937 0.033238 0.488234 -0.022004 0.010891 0.488712 0.000000 0.011171'/>
				</IndexedFaceSet>
			</Shape>
			<Shape DEF='_IDX_5'>
				<Appearance DEF='Material_6_IDX_6'>
					<Material diffuseColor='0.582131 0.739981 0.380821'/>
					
				</Appearance>
				<IndexedFaceSet solid="false" coordIndex='0 1 2 3 -1'>
					<Coordinate point='0.726518 0.000000 0.084833 0.726328 -0.035579 0.082706 0.609281 -0.027937 0.033238 0.609790 0.000000 0.034093'/>
				</IndexedFaceSet>
			</Shape>
			<Shape DEF='_IDX_6'>
				<Appearance DEF='Material_7_IDX_7'>
					<Material diffuseColor='0.670406 0.742992 0.320298'/>
					
				</Appearance>
				<IndexedFaceSet solid="false" coordIndex='0 1 2 3 -1'>
					<Coordinate point='0.828266 0.000000 0.183359 0.829601 -0.049110 0.178761 0.726328 -0.035579 0.082706 0.726518 0.000000 0.084833'/>
				</IndexedFaceSet>
			</Shape>
			<Shape DEF='_IDX_7'>
				<Appearance DEF='Material_8_IDX_8'>
					<Material diffuseColor='0.816350 0.705229 0.253158'/>
					
				</Appearance>
				<IndexedFaceSet solid="false" coordIndex='0 1 2 3 -1'>
					<Coordinate point='0.887013 0.000000 0.357487 0.893332 -0.079541 0.348525 0.829601 -0.049110 0.178761 0.828266 0.000000 0.183359'/>
				</IndexedFaceSet>
			</Shape>
			<Shape DEF='_IDX_8'>
				<Appearance DEF='Material_9_IDX_9'>
					<Material diffuseColor='0.899345 0.431178 0.187544'/>
					
				</Appearance>
				<IndexedFaceSet solid="false" coordIndex='0 1 2 3 -1'>
					<Coordinate point='0.838006 0.000000 0.644204 0.857981 -0.152322 0.628052 0.893332 -0.079541 0.348525 0.887013 0.000000 0.357487'/>
				</IndexedFaceSet>
			</Shape>
			<Shape DEF='_IDX_9'>
				<Appearance DEF='Material_10_IDX_10'>
					<Material diffuseColor='0.513423 0.729921 0.440677'/>
					
				</Appearance>
				<IndexedFaceSet solid="false" coordIndex='0 1 2 3 -1'>
					<Coordinate point='0.122099 -0.005483 0.000011 0.121730 -0.010956 0.000010 0.000000 0.000000 0.000000 0.000000 0.000000 0.000000'/>
				</IndexedFaceSet>
			</Shape>
			<Shape DEF='_IDX_10'>
				<Appearance DEF='Material_11_IDX_11'>
					<Material diffuseColor='0.513615 0.729949 0.440510'/>
					
				</Appearance>
				<IndexedFaceSet solid="false" coordIndex='0 1 2 3 -1'>
					<Coordinate point='0.244198 -0.010967 0.000340 0.243460 -0.021912 0.000315 0.121730 -0.010956 0.000010 0.122099 -0.005483 0.000011'/>
				</IndexedFaceSet>
			</Shape>
			<Shape DEF='_IDX_11'>
				<Appearance DEF='Material_12_IDX_12'>
					<Material diffuseColor='0.515064 0.730161 0.439248'/>
					
				</Appearance>
				<IndexedFaceSet solid="false" coordIndex='0 1 2 3 -1'>
					<Coordinate point='0.366285 -0.016456 0.002585 0.365181 -0.032877 0.002389 0.243460 -0.021912 0.000315 0.244198 -0.010967 0.000340'/>
				</IndexedFaceSet>
			</Shape>
			<Shape DEF='_IDX_12'>
				<Appearance DEF='Material_13_IDX_13'>
					<Material diffuseColor='0.521003 0.731031 0.434073'/>
					
				</Appearance>
				<IndexedFaceSet solid="false" coordIndex='0 1 2 3 -1'>
					<Coordinate point='0.488234 -0.022004 0.010891 0.486798 -0.043952 0.010065 0.365181 -0.032877 0.002389 0.366285 -0.016456 0.002585'/>
				</IndexedFaceSet>
			</Shape>
			<Shape DEF='_IDX_13'>
				<Appearance DEF='Material_14_IDX_14'>
					<Material diffuseColor='0.538258 0.733557 0.419041'/>
					
				</Appearance>
				<IndexedFaceSet solid="false" coordIndex='0 1 2 3 -1'>
					<Coordinate point='0.609281 -0.027937 0.033238 0.607738 -0.055734 0.030716 0.486798 -0.043952 0.010065 0.488234 -0.022004 0.010891'/>
				</IndexedFaceSet>
			</Shape>
			<Shape DEF='_IDX_14'>
				<Appearance DEF='Material_15_IDX_15'>
					<Material diffuseColor='0.578685 0.739477 0.383822'/>
					
				</Appearance>
				<IndexedFaceSet solid="false" coordIndex='0 1 2 3 -1'>
					<Coordinate point='0.726328 -0.035579 0.082706 0.725672 -0.070661 0.076432 0.607738 -0.055734 0.030716 0.609281 -0.027937 0.033238'/>
				</IndexedFaceSet>
			</Shape>
			<Shape DEF='_IDX_15'>
				<Appearance DEF='Material_16_IDX_16'>
					<Material diffuseColor='0.662376 0.743085 0.325198'/>
					
				</Appearance>
				<IndexedFaceSet solid="false" coordIndex='0 1 2 3 -1'>
					<Coordinate point='0.829601 -0.049110 0.178761 0.833253 -0.096416 0.165200 0.725672 -0.070661 0.076432 0.726328 -0.035579 0.082706'/>
				</IndexedFaceSet>
			</Shape>
			<Shape DEF='_IDX_16'>
				<Appearance DEF='Material_17_IDX_17'>
					<Material diffuseColor='0.804883 0.713608 0.257193'/>
					
				</Appearance>
				<IndexedFaceSet solid="false" coordIndex='0 1 2 3 -1'>
					<Coordinate point='0.893332 -0.079541 0.348525 0.911117 -0.153252 0.322085 0.833253 -0.096416 0.165200 0.829601 -0.049110 0.178761'/>
				</IndexedFaceSet>
			</Shape>
			<Shape DEF='_IDX_17'>
				<Appearance DEF='Material_18_IDX_18'>
					<Material diffuseColor='0.902547 0.475384 0.196091'/>
					
				</Appearance>
				<IndexedFaceSet solid="false" coordIndex='0 1 2 3 -1'>
					<Coordinate point='0.857981 -0.152322 0.628052 0.914517 -0.287971 0.580408 0.911117 -0.153252 0.322085 0.893332 -0.079541 0.348525'/>
				</IndexedFaceSet>
			</Shape>
			<Shape DEF='_IDX_18'>
				<Appearance DEF='Material_19_IDX_19'>
					<Material diffuseColor='0.513422 0.729921 0.440677'/>
					
				</Appearance>
				<IndexedFaceSet solid="false" coordIndex='0 1 2 3 -1'>
					<Coordinate point='0.121730 -0.010956 0.000010 0.121116 -0.016406 0.000009 0.000000 0.000000 0.000000 0.000000 0.000000 0.000000'/>
				</IndexedFaceSet>
			</Shape>
			<Shape DEF='_IDX_19'>
				<Appearance DEF='Material_20_IDX_20'>
					<Material diffuseColor='0.513594 0.729946 0.440528'/>
					
				</Appearance>
				<IndexedFaceSet solid="false" coordIndex='0 1 2 3 -1'>
					<Coordinate point='0.243460 -0.021912 0.000315 0.242232 -0.032813 0.000273 0.121116 -0.016406 0.000009 0.121730 -0.010956 0.000010'/>
				</IndexedFaceSet>
			</Shape>
			<Shape DEF='_IDX_20'>
				<Appearance DEF='Material_21_IDX_21'>
					<Material diffuseColor='0.514894 0.730136 0.439395'/>
					
				</Appearance>
				<IndexedFaceSet solid="false" coordIndex='0 1 2 3 -1'>
					<Coordinate point='0.365181 -0.032877 0.002389 0.363344 -0.049231 0.002073 0.242232 -0.032813 0.000273 0.243460 -0.021912 0.000315'/>
				</IndexedFaceSet>
			</Shape>
			<Shape DEF='_IDX_21'>
				<Appearance DEF='Material_22_IDX_22'>
					<Material diffuseColor='0.520222 0.730916 0.434754'/>
					
				</Appearance>
				<IndexedFaceSet solid="false" coordIndex='0 1 2 3 -1'>
					<Coordinate point='0.486798 -0.043952 0.010065 0.484402 -0.065791 0.008734 0.363344 -0.049231 0.002073 0.365181 -0.032877 0.002389'/>
				</IndexedFaceSet>
			</Shape>
			<Shape DEF='_IDX_22'>
				<Appearance DEF='Material_23_IDX_23'>
					<Material diffuseColor='0.535701 0.733183 0.421268'/>
					
				</Appearance>
				<IndexedFaceSet solid="false" coordIndex='0 1 2 3 -1'>
					<Coordinate point='0.607738 -0.055734 0.030716 0.605116 -0.083268 0.026655 0.484402 -0.065791 0.008734 0.486798 -0.043952 0.010065'/>
				</IndexedFaceSet>
			</Shape>
			<Shape DEF='_IDX_23'>
				<Appearance DEF='Material_24_IDX_24'>
					<Material diffuseColor='0.571967 0.738493 0.389675'/>
					
				</Appearance>
				<IndexedFaceSet solid="false" coordIndex='0 1 2 3 -1'>
					<Coordinate point='0.725672 -0.070661 0.076432 0.724302 -0.104818 0.066325 0.605116 -0.083268 0.026655 0.607738 -0.055734 0.030716'/>
				</IndexedFaceSet>
			</Shape>
			<Shape DEF='_IDX_24'>
				<Appearance DEF='Material_25_IDX_25'>
					<Material diffuseColor='0.646718 0.743266 0.334751'/>
					
				</Appearance>
				<IndexedFaceSet solid="false" coordIndex='0 1 2 3 -1'>
					<Coordinate point='0.833253 -0.096416 0.165200 0.838224 -0.140393 0.143355 0.724302 -0.104818 0.066325 0.725672 -0.070661 0.076432'/>
				</IndexedFaceSet>
			</Shape>
			<Shape DEF='_IDX_25'>
				<Appearance DEF='Material_26_IDX_26'>
					<Material diffuseColor='0.778939 0.724896 0.267515'/>
					
				</Appearance>
				<IndexedFaceSet solid="false" coordIndex='0 1 2 3 -1'>
					<Coordinate point='0.911117 -0.153252 0.322085 0.937036 -0.216228 0.279495 0.838224 -0.140393 0.143355 0.833253 -0.096416 0.165200'/>
				</IndexedFaceSet>
			</Shape>
			<Shape DEF='_IDX_26'>
				<Appearance DEF='Material_27_IDX_27'>
					<Material diffuseColor='0.901443 0.552766 0.210820'/>
					
				</Appearance>
				<IndexedFaceSet solid="false" coordIndex='0 1 2 3 -1'>
					<Coordinate point='0.914517 -0.287971 0.580408 0.997987 -0.392945 0.503659 0.937036 -0.216228 0.279495 0.911117 -0.153252 0.322085'/>
				</IndexedFaceSet>
			</Shape>
			<Shape DEF='_IDX_27'>
				<Appearance DEF='Material_28_IDX_28'>
					<Material diffuseColor='0.513421 0.729921 0.440678'/>
					
				</Appearance>
				<IndexedFaceSet solid="false" coordIndex='0 1 2 3 -1'>
					<Coordinate point='0.121116 -0.016406 0.000009 0.120258 -0.021824 0.000007 0.000000 0.000000 0.000000 0.000000 0.000000 0.000000'/>
				</IndexedFaceSet>
			</Shape>
			<Shape DEF='_IDX_28'>
				<Appearance DEF='Material_29_IDX_29'>
					<Material diffuseColor='0.513565 0.729942 0.440553'/>
					
				</Appearance>
				<IndexedFaceSet solid="false" coordIndex='0 1 2 3 -1'>
					<Coordinate point='0.242232 -0.032813 0.000273 0.240516 -0.043648 0.000218 0.120258 -0.021824 0.000007 0.121116 -0.016406 0.000009'/>
				</IndexedFaceSet>
			</Shape>
			<Shape DEF='_IDX_29'>
				<Appearance DEF='Material_30_IDX_30'>
					<Material diffuseColor='0.514650 0.730101 0.439607'/>
					
				</Appearance>
				<IndexedFaceSet solid="false" coordIndex='0 1 2 3 -1'>
					<Coordinate point='0.363344 -0.049231 0.002073 0.360775 -0.065484 0.001653 0.240516 -0.043648 0.000218 0.242232 -0.032813 0.000273'/>
				</IndexedFaceSet>
			</Shape>
			<Shape DEF='_IDX_30'>
				<Appearance DEF='Material_31_IDX_31'>
					<Material diffuseColor='0.519100 0.730752 0.435731'/>
					
				</Appearance>
				<IndexedFaceSet solid="false" coordIndex='0 1 2 3 -1'>
					<Coordinate point='0.484402 -0.065791 0.008734 0.481040 -0.087472 0.006965 0.360775 -0.065484 0.001653 0.363344 -0.049231 0.002073'/>
				</IndexedFaceSet>
			</Shape>
			<Shape DEF='_IDX_31'>
				<Appearance DEF='Material_32_IDX_32'>
					<Material diffuseColor='0.532027 0.732645 0.424470'/>
					
				</Appearance>
				<IndexedFaceSet solid="false" coordIndex='0 1 2 3 -1'>
					<Coordinate point='0.605116 -0.083268 0.026655 0.601350 -0.110438 0.021256 0.481040 -0.087472 0.006965 0.484402 -0.065791 0.008734'/>
				</IndexedFaceSet>
			</Shape>
			<Shape DEF='_IDX_32'>
				<Appearance DEF='Material_33_IDX_33'>
					<Material diffuseColor='0.562312 0.737079 0.398086'/>
					
				</Appearance>
				<IndexedFaceSet solid="false" coordIndex='0 1 2 3 -1'>
					<Coordinate point='0.724302 -0.104818 0.066325 0.721854 -0.137750 0.052893 0.601350 -0.110438 0.021256 0.605116 -0.083268 0.026655'/>
				</IndexedFaceSet>
			</Shape>
			<Shape DEF='_IDX_33'>
				<Appearance DEF='Material_34_IDX_34'>
					<Material diffuseColor='0.624218 0.743526 0.348480'/>
					
				</Appearance>
				<IndexedFaceSet solid="false" coordIndex='0 1 2 3 -1'>
					<Coordinate point='0.838224 -0.140393 0.143355 0.843031 -0.180027 0.114322 0.721854 -0.137750 0.052893 0.724302 -0.104818 0.066325'/>
				</IndexedFaceSet>
			</Shape>
			<Shape DEF='_IDX_34'>
				<Appearance DEF='Material_35_IDX_35'>
					<Material diffuseColor='0.737235 0.734882 0.285377'/>
					
				</Appearance>
				<IndexedFaceSet solid="false" coordIndex='0 1 2 3 -1'>
					<Coordinate point='0.937036 -0.216228 0.279495 0.966137 -0.265263 0.222890 0.843031 -0.180027 0.114322 0.838224 -0.140393 0.143355'/>
				</IndexedFaceSet>
			</Shape>
			<Shape DEF='_IDX_35'>
				<Appearance DEF='Material_36_IDX_36'>
					<Material diffuseColor='0.877401 0.638201 0.229149'/>
					
				</Appearance>
				<IndexedFaceSet solid="false" coordIndex='0 1 2 3 -1'>
					<Coordinate point='0.997987 -0.392945 0.503659 1.094077 -0.458143 0.401655 0.966137 -0.265263 0.222890 0.937036 -0.216228 0.279495'/>
				</IndexedFaceSet>
			</Shape>
			<Shape DEF='_IDX_36'>
				<Appearance DEF='Material_37_IDX_37'>
					<Material diffuseColor='0.513420 0.729921 0.440679'/>
					
				</Appearance>
				<IndexedFaceSet solid="false" coordIndex='0 1 2 3 -1'>
					<Coordinate point='0.120258 -0.021824 0.000007 0.119158 -0.027197 0.000005 0.000000 0.000000 0.000000 0.000000 0.000000 0.000000'/>
				</IndexedFaceSet>
			</Shape>
			<Shape DEF='_IDX_37'>
				<Appearance DEF='Material_38_IDX_38'>
					<Material diffuseColor='0.513528 0.729936 0.440585'/>
					
				</Appearance>
				<IndexedFaceSet solid="false" coordIndex='0 1 2 3 -1'>
					<Coordinate point='0.240516 -0.043648 0.000218 0.238316 -0.054394 0.000151 0.119158 -0.027197 0.000005 0.120258 -0.021824 0.000007'/>
				</IndexedFaceSet>
			</Shape>
			<Shape DEF='_IDX_38'>
				<Appearance DEF='Material_39_IDX_39'>
					<Material diffuseColor='0.514345 0.730056 0.439873'/>
					
				</Appearance>
				<IndexedFaceSet solid="false" coordIndex='0 1 2 3 -1'>
					<Coordinate point='0.360775 -0.065484 0.001653 0.357479 -0.081603 0.001150 0.238316 -0.054394 0.000151 0.240516 -0.043648 0.000218'/>
				</IndexedFaceSet>
			</Shape>
			<Shape DEF='_IDX_39'>
				<Appearance DEF='Material_40_IDX_40'>
					<Material diffuseColor='0.517693 0.730546 0.436957'/>
					
				</Appearance>
				<IndexedFaceSet solid="false" coordIndex='0 1 2 3 -1'>
					<Coordinate point='0.481040 -0.087472 0.006965 0.476708 -0.108948 0.004847 0.357479 -0.081603 0.001150 0.360775 -0.065484 0.001653'/>
				</IndexedFaceSet>
			</Shape>
			<Shape DEF='_IDX_40'>
				<Appearance DEF='Material_41_IDX_41'>
					<Material diffuseColor='0.527419 0.731970 0.428484'/>
					
				</Appearance>
				<IndexedFaceSet solid="false" coordIndex='0 1 2 3 -1'>
					<Coordinate point='0.601350 -0.110438 0.021256 0.596362 -0.137175 0.014792 0.476708 -0.108948 0.004847 0.481040 -0.087472 0.006965'/>
				</IndexedFaceSet>
			</Shape>
			<Shape DEF='_IDX_41'>
				<Appearance DEF='Material_42_IDX_42'>
					<Material diffuseColor='0.550206 0.735307 0.408632'/>
					
				</Appearance>
				<IndexedFaceSet solid="false" coordIndex='0 1 2 3 -1'>
					<Coordinate point='0.721854 -0.137750 0.052893 0.717904 -0.169322 0.036808 0.596362 -0.137175 0.014792 0.601350 -0.110438 0.021256'/>
				</IndexedFaceSet>
			</Shape>
			<Shape DEF='_IDX_42'>
				<Appearance DEF='Material_43_IDX_43'>
					<Material diffuseColor='0.596381 0.742068 0.368406'/>
					
				</Appearance>
				<IndexedFaceSet solid="false" coordIndex='0 1 2 3 -1'>
					<Coordinate point='0.843031 -0.180027 0.114322 0.845945 -0.214966 0.079556 0.717904 -0.169322 0.036808 0.721854 -0.137750 0.052893'/>
				</IndexedFaceSet>
			</Shape>
			<Shape DEF='_IDX_43'>
				<Appearance DEF='Material_44_IDX_44'>
					<Material diffuseColor='0.683170 0.742844 0.312510'/>
					
				</Appearance>
				<IndexedFaceSet solid="false" coordIndex='0 1 2 3 -1'>
					<Coordinate point='0.966137 -0.265263 0.222890 0.992644 -0.299353 0.155108 0.845945 -0.214966 0.079556 0.843031 -0.180027 0.114322'/>
				</IndexedFaceSet>
			</Shape>
			<Shape DEF='_IDX_44'>
				<Appearance DEF='Material_45_IDX_45'>
					<Material diffuseColor='0.814430 0.706632 0.253834'/>
					
				</Appearance>
				<IndexedFaceSet solid="false" coordIndex='0 1 2 3 -1'>
					<Coordinate point='1.094077 -0.458143 0.401655 1.186096 -0.480822 0.279510 0.992644 -0.299353 0.155108 0.966137 -0.265263 0.222890'/>
				</IndexedFaceSet>
			</Shape>
			<Shape DEF='_IDX_45'>
				<Appearance DEF='Material_46_IDX_46'>
					<Material diffuseColor='0.513419 0.729920 0.440680'/>
					
				</Appearance>
				<IndexedFaceSet solid="false" coordIndex='0 1 2 3 -1'>
					<Coordinate point='0.119158 -0.027197 0.000005 0.117818 -0.032516 0.000002 0.000000 0.000000 0.000000 0.000000 0.000000 0.000000'/>
				</IndexedFaceSet>
			</Shape>
			<Shape DEF='_IDX_46'>
				<Appearance DEF='Material_47_IDX_47'>
					<Material diffuseColor='0.513486 0.729930 0.440622'/>
					
				</Appearance>
				<IndexedFaceSet solid="false" coordIndex='0 1 2 3 -1'>
					<Coordinate point='0.238316 -0.054394 0.000151 0.235636 -0.065031 0.000078 0.117818 -0.032516 0.000002 0.119158 -0.027197 0.000005'/>
				</IndexedFaceSet>
			</Shape>
			<Shape DEF='_IDX_47'>
				<Appearance DEF='Material_48_IDX_48'>
					<Material diffuseColor='0.513993 0.730004 0.440180'/>
					
				</Appearance>
				<IndexedFaceSet solid="false" coordIndex='0 1 2 3 -1'>
					<Coordinate point='0.357479 -0.081603 0.001150 0.353463 -0.097556 0.000590 0.235636 -0.065031 0.000078 0.238316 -0.054394 0.000151'/>
				</IndexedFaceSet>
			</Shape>
			<Shape DEF='_IDX_48'>
				<Appearance DEF='Material_49_IDX_49'>
					<Material diffuseColor='0.516071 0.730309 0.438370'/>
					
				</Appearance>
				<IndexedFaceSet solid="false" coordIndex='0 1 2 3 -1'>
					<Coordinate point='0.476708 -0.108948 0.004847 0.471404 -0.130179 0.002486 0.353463 -0.097556 0.000590 0.357479 -0.081603 0.001150'/>
				</IndexedFaceSet>
			</Shape>
			<Shape DEF='_IDX_49'>
				<Appearance DEF='Material_50_IDX_50'>
					<Material diffuseColor='0.522109 0.731193 0.433109'/>
					
				</Appearance>
				<IndexedFaceSet solid="false" coordIndex='0 1 2 3 -1'>
					<Coordinate point='0.596362 -0.137175 0.014792 0.590083 -0.163447 0.007586 0.471404 -0.130179 0.002486 0.476708 -0.108948 0.004847'/>
				</IndexedFaceSet>
			</Shape>
			<Shape DEF='_IDX_50'>
				<Appearance DEF='Material_51_IDX_51'>
					<Material diffuseColor='0.536255 0.733264 0.420786'/>
					
				</Appearance>
				<IndexedFaceSet solid="false" coordIndex='0 1 2 3 -1'>
					<Coordinate point='0.717904 -0.169322 0.036808 0.712038 -0.199578 0.018877 0.590083 -0.163447 0.007586 0.596362 -0.137175 0.014792'/>
				</IndexedFaceSet>
			</Shape>
			<Shape DEF='_IDX_51'>
				<Appearance DEF='Material_52_IDX_52'>
					<Material diffuseColor='0.564920 0.737461 0.395814'/>
					
				</Appearance>
				<IndexedFaceSet solid="false" coordIndex='0 1 2 3 -1'>
					<Coordinate point='0.845945 -0.214966 0.079556 0.845275 -0.245564 0.040801 0.712038 -0.199578 0.018877 0.717904 -0.169322 0.036808'/>
				</IndexedFaceSet>
			</Shape>
			<Shape DEF='_IDX_52'>
				<Appearance DEF='Material_53_IDX_53'>
					<Material diffuseColor='0.617602 0.743603 0.352516'/>
					
				</Appearance>
				<IndexedFaceSet solid="false" coordIndex='0 1 2 3 -1'>
					<Coordinate point='0.992644 -0.299353 0.155108 1.010894 -0.319843 0.079548 0.845275 -0.245564 0.040801 0.845945 -0.214966 0.079556'/>
				</IndexedFaceSet>
			</Shape>
			<Shape DEF='_IDX_53'>
				<Appearance DEF='Material_54_IDX_54'>
					<Material diffuseColor='0.708737 0.741705 0.297583'/>
					
				</Appearance>
				<IndexedFaceSet solid="false" coordIndex='0 1 2 3 -1'>
					<Coordinate point='1.186096 -0.480822 0.279510 1.257659 -0.465017 0.143349 1.010894 -0.319843 0.079548 0.992644 -0.299353 0.155108'/>
				</IndexedFaceSet>
			</Shape>
			<Shape DEF='_IDX_54'>
				<Appearance DEF='Material_55_IDX_55'>
					<Material diffuseColor='0.513418 0.729920 0.440681'/>
					
				</Appearance>
				<IndexedFaceSet solid="false" coordIndex='0 1 2 3 -1'>
					<Coordinate point='0.117818 -0.032516 0.000002 0.116240 -0.037769 0.000000 0.000000 0.000000 0.000000 0.000000 0.000000 0.000000'/>
				</IndexedFaceSet>
			</Shape>
			<Shape DEF='_IDX_55'>
				<Appearance DEF='Material_56_IDX_56'>
					<Material diffuseColor='0.513440 0.729923 0.440662'/>
					
				</Appearance>
				<IndexedFaceSet solid="false" coordIndex='0 1 2 3 -1'>
					<Coordinate point='0.235636 -0.065031 0.000078 0.232481 -0.075538 0.000000 0.116240 -0.037769 0.000000 0.117818 -0.032516 0.000002'/>
				</IndexedFaceSet>
			</Shape>
			<Shape DEF='_IDX_56'>
				<Appearance DEF='Material_57_IDX_57'>
					<Material diffuseColor='0.513612 0.729949 0.440512'/>
					
				</Appearance>
				<IndexedFaceSet solid="false" coordIndex='0 1 2 3 -1'>
					<Coordinate point='0.353463 -0.097556 0.000590 0.348733 -0.113310 0.000000 0.232481 -0.075538 0.000000 0.235636 -0.065031 0.000078'/>
				</IndexedFaceSet>
			</Shape>
			<Shape DEF='_IDX_57'>
				<Appearance DEF='Material_58_IDX_58'>
					<Material diffuseColor='0.514317 0.730052 0.439898'/>
					
				</Appearance>
				<IndexedFaceSet solid="false" coordIndex='0 1 2 3 -1'>
					<Coordinate point='0.471404 -0.130179 0.002486 0.465130 -0.151130 0.000000 0.348733 -0.113310 0.000000 0.353463 -0.097556 0.000590'/>
				</IndexedFaceSet>
			</Shape>
			<Shape DEF='_IDX_58'>
				<Appearance DEF='Material_59_IDX_59'>
					<Material diffuseColor='0.516364 0.730351 0.438115'/>
					
				</Appearance>
				<IndexedFaceSet solid="false" coordIndex='0 1 2 3 -1'>
					<Coordinate point='0.590083 -0.163447 0.007586 0.582457 -0.189252 -0.000000 0.465130 -0.151130 0.000000 0.471404 -0.130179 0.002486'/>
				</IndexedFaceSet>
			</Shape>
			<Shape DEF='_IDX_59'>
				<Appearance DEF='Material_60_IDX_60'>
					<Material diffuseColor='0.521159 0.731054 0.433937'/>
					
				</Appearance>
				<IndexedFaceSet solid="false" coordIndex='0 1 2 3 -1'>
					<Coordinate point='0.712038 -0.199578 0.018877 0.703923 -0.228718 0.000000 0.582457 -0.189252 -0.000000 0.590083 -0.163447 0.007586'/>
				</IndexedFaceSet>
			</Shape>
			<Shape DEF='_IDX_60'>
				<Appearance DEF='Material_61_IDX_61'>
					<Material diffuseColor='0.530876 0.732476 0.425472'/>
					
				</Appearance>
				<IndexedFaceSet solid="false" coordIndex='0 1 2 3 -1'>
					<Coordinate point='0.845275 -0.245564 0.040801 0.839635 -0.272814 -0.000000 0.703923 -0.228718 0.000000 0.712038 -0.199578 0.018877'/>
				</IndexedFaceSet>
			</Shape>
			<Shape DEF='_IDX_61'>
				<Appearance DEF='Material_62_IDX_62'>
					<Material diffuseColor='0.548626 0.735075 0.410009'/>
					
				</Appearance>
				<IndexedFaceSet solid="false" coordIndex='0 1 2 3 -1'>
					<Coordinate point='1.010894 -0.319843 0.079548 1.016245 -0.330198 0.000000 0.839635 -0.272814 -0.000000 0.845275 -0.245564 0.040801'/>
				</IndexedFaceSet>
			</Shape>
			<Shape DEF='_IDX_62'>
				<Appearance DEF='Material_63_IDX_63'>
					<Material diffuseColor='0.578628 0.739468 0.383872'/>
					
				</Appearance>
				<IndexedFaceSet solid="false" coordIndex='0 1 2 3 -1'>
					<Coordinate point='1.257659 -0.465017 0.143349 1.295334 -0.420879 -0.000000 1.016245 -0.330198 0.000000 1.010894 -0.319843 0.079548'/>
				</IndexedFaceSet>
			</Shape>
			<Shape DEF='_IDX_63'>
				<Appearance DEF='Material_64_IDX_64'>
					<Material diffuseColor='0.259280 0.210105 0.754314'/>
					
				</Appearance>
				<IndexedFaceSet solid="false" coordIndex='0 1 2 3 -1'>
					<Coordinate point='0.717608 -0.521373 -0.357487 0.769474 -0.460738 -0.348525 0.783654 -0.381078 -0.628052 0.677961 -0.492567 -0.644204'/>
				</IndexedFaceSet>
			</Shape>
			<Shape DEF='_IDX_64'>
				<Appearance DEF='Material_65_IDX_65'>
					<Material diffuseColor='0.293338 0.554306 0.759539'/>
					
				</Appearance>
				<IndexedFaceSet solid="false" coordIndex='0 1 2 3 -1'>
					<Coordinate point='0.670081 -0.486843 -0.183359 0.700027 -0.447897 -0.178761 0.769474 -0.460738 -0.348525 0.717608 -0.521373 -0.357487'/>
				</IndexedFaceSet>
			</Shape>
			<Shape DEF='_IDX_65'>
				<Appearance DEF='Material_66_IDX_66'>
					<Material diffuseColor='0.385146 0.672149 0.608221'/>
					
				</Appearance>
				<IndexedFaceSet solid="false" coordIndex='0 1 2 3 -1'>
					<Coordinate point='0.587766 -0.427037 -0.084833 0.608525 -0.398141 -0.082706 0.700027 -0.447897 -0.178761 0.670081 -0.486843 -0.183359'/>
				</IndexedFaceSet>
			</Shape>
			<Shape DEF='_IDX_66'>
				<Appearance DEF='Material_67_IDX_67'>
					<Material diffuseColor='0.452476 0.709451 0.513337'/>
					
				</Appearance>
				<IndexedFaceSet solid="false" coordIndex='0 1 2 3 -1'>
					<Coordinate point='0.493331 -0.358426 -0.034093 0.509340 -0.335525 -0.033238 0.608525 -0.398141 -0.082706 0.587766 -0.427037 -0.084833'/>
				</IndexedFaceSet>
			</Shape>
			<Shape DEF='_IDX_67'>
				<Appearance DEF='Material_68_IDX_68'>
					<Material diffuseColor='0.490222 0.722129 0.468335'/>
					
				</Appearance>
				<IndexedFaceSet solid="false" coordIndex='0 1 2 3 -1'>
					<Coordinate point='0.395376 -0.287257 -0.011171 0.407923 -0.269175 -0.010891 0.509340 -0.335525 -0.033238 0.493331 -0.358426 -0.034093'/>
				</IndexedFaceSet>
			</Shape>
			<Shape DEF='_IDX_68'>
				<Appearance DEF='Material_69_IDX_69'>
					<Material diffuseColor='0.506334 0.727541 0.449127'/>
					
				</Appearance>
				<IndexedFaceSet solid="false" coordIndex='0 1 2 3 -1'>
					<Coordinate point='0.296629 -0.215513 -0.002651 0.306003 -0.201984 -0.002585 0.407923 -0.269175 -0.010891 0.395376 -0.287257 -0.011171'/>
				</IndexedFaceSet>
			</Shape>
			<Shape DEF='_IDX_69'>
				<Appearance DEF='Material_70_IDX_70'>
					<Material diffuseColor='0.511880 0.729404 0.442515'/>
					
				</Appearance>
				<IndexedFaceSet solid="false" coordIndex='0 1 2 3 -1'>
					<Coordinate point='0.197759 -0.143681 -0.000349 0.204007 -0.134663 -0.000340 0.306003 -0.201984 -0.002585 0.296629 -0.215513 -0.002651'/>
				</IndexedFaceSet>
			</Shape>
			<Shape DEF='_IDX_70'>
				<Appearance DEF='Material_71_IDX_71'>
					<Material diffuseColor='0.513233 0.729858 0.440902'/>
					
				</Appearance>
				<IndexedFaceSet solid="false" coordIndex='0 1 2 3 -1'>
					<Coordinate point='0.098880 -0.071840 -0.000011 0.102003 -0.067332 -0.000011 0.204007 -0.134663 -0.000340 0.197759 -0.143681 -0.000349'/>
				</IndexedFaceSet>
			</Shape>
			<Shape DEF='_IDX_71'>
				<Appearance DEF='Material_72_IDX_72'>
					<Material diffuseColor='0.513411 0.729918 0.440689'/>
					
				</Appearance>
				<IndexedFaceSet solid="false" coordIndex='0 1 2 3 -1'>
					<Coordinate point='0.000000 0.000000 0.000000 0.000000 0.000000 0.000000 0.102003 -0.067332 -0.000011 0.098880 -0.071840 -0.000011'/>
				</IndexedFaceSet>
			</Shape>
			<Shape DEF='_IDX_72'>
				<Appearance DEF='Material_73_IDX_73'>
					<Material diffuseColor='0.249623 0.247969 0.776953'/>
					
				</Appearance>
				<IndexedFaceSet solid="false" coordIndex='0 1 2 3 -1'>
					<Coordinate point='0.769474 -0.460738 -0.348525 0.827188 -0.411558 -0.322085 0.909125 -0.304566 -0.580408 0.783654 -0.381078 -0.628052'/>
				</IndexedFaceSet>
			</Shape>
			<Shape DEF='_IDX_73'>
				<Appearance DEF='Material_74_IDX_74'>
					<Material diffuseColor='0.299956 0.570754 0.749086'/>
					
				</Appearance>
				<IndexedFaceSet solid="false" coordIndex='0 1 2 3 -1'>
					<Coordinate point='0.700027 -0.447897 -0.178761 0.730788 -0.411772 -0.165200 0.827188 -0.411558 -0.322085 0.769474 -0.460738 -0.348525'/>
				</IndexedFaceSet>
			</Shape>
			<Shape DEF='_IDX_74'>
				<Appearance DEF='Material_75_IDX_75'>
					<Material diffuseColor='0.390865 0.675950 0.599532'/>
					
				</Appearance>
				<IndexedFaceSet solid="false" coordIndex='0 1 2 3 -1'>
					<Coordinate point='0.608525 -0.398141 -0.082706 0.628614 -0.369373 -0.076432 0.730788 -0.411772 -0.165200 0.700027 -0.447897 -0.178761'/>
				</IndexedFaceSet>
			</Shape>
			<Shape DEF='_IDX_75'>
				<Appearance DEF='Material_76_IDX_76'>
					<Material diffuseColor='0.455532 0.710478 0.509694'/>
					
				</Appearance>
				<IndexedFaceSet solid="false" coordIndex='0 1 2 3 -1'>
					<Coordinate point='0.509340 -0.335525 -0.033238 0.524430 -0.312130 -0.030716 0.628614 -0.369373 -0.076432 0.608525 -0.398141 -0.082706'/>
				</IndexedFaceSet>
			</Shape>
			<Shape DEF='_IDX_76'>
				<Appearance DEF='Material_77_IDX_77'>
					<Material diffuseColor='0.491385 0.722520 0.466948'/>
					
				</Appearance>
				<IndexedFaceSet solid="false" coordIndex='0 1 2 3 -1'>
					<Coordinate point='0.407923 -0.269175 -0.010891 0.419662 -0.250575 -0.010065 0.524430 -0.312130 -0.030716 0.509340 -0.335525 -0.033238'/>
				</IndexedFaceSet>
			</Shape>
			<Shape DEF='_IDX_77'>
				<Appearance DEF='Material_78_IDX_78'>
					<Material diffuseColor='0.506689 0.727660 0.448703'/>
					
				</Appearance>
				<IndexedFaceSet solid="false" coordIndex='0 1 2 3 -1'>
					<Coordinate point='0.306003 -0.201984 -0.002585 0.314763 -0.188050 -0.002389 0.419662 -0.250575 -0.010065 0.407923 -0.269175 -0.010891'/>
				</IndexedFaceSet>
			</Shape>
			<Shape DEF='_IDX_78'>
				<Appearance DEF='Material_79_IDX_79'>
					<Material diffuseColor='0.511957 0.729430 0.442423'/>
					
				</Appearance>
				<IndexedFaceSet solid="false" coordIndex='0 1 2 3 -1'>
					<Coordinate point='0.204007 -0.134663 -0.000340 0.209843 -0.125375 -0.000315 0.314763 -0.188050 -0.002389 0.306003 -0.201984 -0.002585'/>
				</IndexedFaceSet>
			</Shape>
			<Shape DEF='_IDX_79'>
				<Appearance DEF='Material_80_IDX_80'>
					<Material diffuseColor='0.513242 0.729861 0.440891'/>
					
				</Appearance>
				<IndexedFaceSet solid="false" coordIndex='0 1 2 3 -1'>
					<Coordinate point='0.102003 -0.067332 -0.000011 0.104922 -0.062688 -0.000010 0.209843 -0.125375 -0.000315 0.204007 -0.134663 -0.000340'/>
				</IndexedFaceSet>
			</Shape>
			<Shape DEF='_IDX_80'>
				<Appearance DEF='Material_81_IDX_81'>
					<Material diffuseColor='0.513412 0.729918 0.440688'/>
					
				</Appearance>
				<IndexedFaceSet solid="false" coordIndex='0 1 2 3 -1'>
					<Coordinate point='0.000000 0.000000 0.000000 0.000000 0.000000 0.000000 0.104922 -0.062688 -0.000010 0.102003 -0.067332 -0.000011'/>
				</IndexedFaceSet>
			</Shape>
			<Shape DEF='_IDX_81'>
				<Appearance DEF='Material_82_IDX_82'>
					<Material diffuseColor='0.245631 0.329551 0.805136'/>
					
				</Appearance>
				<IndexedFaceSet solid="false" coordIndex='0 1 2 3 -1'>
					<Coordinate point='0.827188 -0.411558 -0.322085 0.885174 -0.375844 -0.279495 1.038355 -0.268703 -0.503659 0.909125 -0.304566 -0.580408'/>
				</IndexedFaceSet>
			</Shape>
			<Shape DEF='_IDX_82'>
				<Appearance DEF='Material_83_IDX_83'>
					<Material diffuseColor='0.315434 0.597814 0.723278'/>
					
				</Appearance>
				<IndexedFaceSet solid="false" coordIndex='0 1 2 3 -1'>
					<Coordinate point='0.730788 -0.411772 -0.165200 0.760658 -0.379115 -0.143355 0.885174 -0.375844 -0.279495 0.827188 -0.411558 -0.322085'/>
				</IndexedFaceSet>
			</Shape>
			<Shape DEF='_IDX_83'>
				<Appearance DEF='Material_84_IDX_84'>
					<Material diffuseColor='0.402017 0.683360 0.582591'/>
					
				</Appearance>
				<IndexedFaceSet solid="false" coordIndex='0 1 2 3 -1'>
					<Coordinate point='0.628614 -0.369373 -0.076432 0.647583 -0.340934 -0.066325 0.760658 -0.379115 -0.143355 0.730788 -0.411772 -0.165200'/>
				</IndexedFaceSet>
			</Shape>
			<Shape DEF='_IDX_84'>
				<Appearance DEF='Material_85_IDX_85'>
					<Material diffuseColor='0.461490 0.712479 0.502590'/>
					
				</Appearance>
				<IndexedFaceSet solid="false" coordIndex='0 1 2 3 -1'>
					<Coordinate point='0.524430 -0.312130 -0.030716 0.538493 -0.288313 -0.026655 0.647583 -0.340934 -0.066325 0.628614 -0.369373 -0.076432'/>
				</IndexedFaceSet>
			</Shape>
			<Shape DEF='_IDX_85'>
				<Appearance DEF='Material_86_IDX_86'>
					<Material diffuseColor='0.493653 0.723282 0.464245'/>
					
				</Appearance>
				<IndexedFaceSet solid="false" coordIndex='0 1 2 3 -1'>
					<Coordinate point='0.419662 -0.250575 -0.010065 0.430561 -0.231498 -0.008734 0.538493 -0.288313 -0.026655 0.524430 -0.312130 -0.030716'/>
				</IndexedFaceSet>
			</Shape>
			<Shape DEF='_IDX_86'>
				<Appearance DEF='Material_87_IDX_87'>
					<Material diffuseColor='0.507382 0.727893 0.447877'/>
					
				</Appearance>
				<IndexedFaceSet solid="false" coordIndex='0 1 2 3 -1'>
					<Coordinate point='0.314763 -0.188050 -0.002389 0.322889 -0.173739 -0.002073 0.430561 -0.231498 -0.008734 0.419662 -0.250575 -0.010065'/>
				</IndexedFaceSet>
			</Shape>
			<Shape DEF='_IDX_87'>
				<Appearance DEF='Material_88_IDX_88'>
					<Material diffuseColor='0.512107 0.729480 0.442244'/>
					
				</Appearance>
				<IndexedFaceSet solid="false" coordIndex='0 1 2 3 -1'>
					<Coordinate point='0.209843 -0.125375 -0.000315 0.215257 -0.115834 -0.000273 0.322889 -0.173739 -0.002073 0.314763 -0.188050 -0.002389'/>
				</IndexedFaceSet>
			</Shape>
			<Shape DEF='_IDX_88'>
				<Appearance DEF='Material_89_IDX_89'>
					<Material diffuseColor='0.513260 0.729867 0.440869'/>
					
				</Appearance>
				<IndexedFaceSet solid="false" coordIndex='0 1 2 3 -1'>
					<Coordinate point='0.104922 -0.062688 -0.000010 0.107628 -0.057917 -0.000009 0.215257 -0.115834 -0.000273 0.209843 -0.125375 -0.000315'/>
				</IndexedFaceSet>
			</Shape>
			<Shape DEF='_IDX_89'>
				<Appearance DEF='Material_90_IDX_90'>
					<Material diffuseColor='0.513412 0.729918 0.440688'/>
					
				</Appearance>
				<IndexedFaceSet solid="false" coordIndex='0 1 2 3 -1'>
					<Coordinate point='0.000000 0.000000 0.000000 0.000000 0.000000 0.000000 0.107628 -0.057917 -0.000009 0.104922 -0.062688 -0.000010'/>
				</IndexedFaceSet>
			</Shape>
			<Shape DEF='_IDX_90'>
				<Appearance DEF='Material_91_IDX_91'>
					<Material diffuseColor='0.257959 0.440214 0.807549'/>
					
				</Appearance>
				<IndexedFaceSet solid="false" coordIndex='0 1 2 3 -1'>
					<Coordinate point='0.885174 -0.375844 -0.279495 0.937538 -0.353279 -0.222890 1.154416 -0.272437 -0.401655 1.038355 -0.268703 -0.503659'/>
				</IndexedFaceSet>
			</Shape>
			<Shape DEF='_IDX_91'>
				<Appearance DEF='Material_92_IDX_92'>
					<Material diffuseColor='0.340855 0.630514 0.679494'/>
					
				</Appearance>
				<IndexedFaceSet solid="false" coordIndex='0 1 2 3 -1'>
					<Coordinate point='0.760658 -0.379115 -0.143355 0.787843 -0.349876 -0.114322 0.937538 -0.353279 -0.222890 0.885174 -0.375844 -0.279495'/>
				</IndexedFaceSet>
			</Shape>
			<Shape DEF='_IDX_92'>
				<Appearance DEF='Material_93_IDX_93'>
					<Material diffuseColor='0.418043 0.694008 0.558246'/>
					
				</Appearance>
				<IndexedFaceSet solid="false" coordIndex='0 1 2 3 -1'>
					<Coordinate point='0.647583 -0.340934 -0.066325 0.664960 -0.312853 -0.052893 0.787843 -0.349876 -0.114322 0.760658 -0.379115 -0.143355'/>
				</IndexedFaceSet>
			</Shape>
			<Shape DEF='_IDX_93'>
				<Appearance DEF='Material_94_IDX_94'>
					<Material diffuseColor='0.470052 0.715355 0.492382'/>
					
				</Appearance>
				<IndexedFaceSet solid="false" coordIndex='0 1 2 3 -1'>
					<Coordinate point='0.538493 -0.288313 -0.026655 0.551416 -0.264119 -0.021256 0.664960 -0.312853 -0.052893 0.647583 -0.340934 -0.066325'/>
				</IndexedFaceSet>
			</Shape>
			<Shape DEF='_IDX_94'>
				<Appearance DEF='Material_95_IDX_95'>
					<Material diffuseColor='0.496912 0.724376 0.460359'/>
					
				</Appearance>
				<IndexedFaceSet solid="false" coordIndex='0 1 2 3 -1'>
					<Coordinate point='0.430561 -0.231498 -0.008734 0.440584 -0.211982 -0.006965 0.551416 -0.264119 -0.021256 0.538493 -0.288313 -0.026655'/>
				</IndexedFaceSet>
			</Shape>
			<Shape DEF='_IDX_95'>
				<Appearance DEF='Material_96_IDX_96'>
					<Material diffuseColor='0.508377 0.728227 0.446691'/>
					
				</Appearance>
				<IndexedFaceSet solid="false" coordIndex='0 1 2 3 -1'>
					<Coordinate point='0.322889 -0.173739 -0.002073 0.330364 -0.159080 -0.001653 0.440584 -0.211982 -0.006965 0.430561 -0.231498 -0.008734'/>
				</IndexedFaceSet>
			</Shape>
			<Shape DEF='_IDX_96'>
				<Appearance DEF='Material_97_IDX_97'>
					<Material diffuseColor='0.512323 0.729553 0.441986'/>
					
				</Appearance>
				<IndexedFaceSet solid="false" coordIndex='0 1 2 3 -1'>
					<Coordinate point='0.215257 -0.115834 -0.000273 0.220237 -0.106060 -0.000218 0.330364 -0.159080 -0.001653 0.322889 -0.173739 -0.002073'/>
				</IndexedFaceSet>
			</Shape>
			<Shape DEF='_IDX_97'>
				<Appearance DEF='Material_98_IDX_98'>
					<Material diffuseColor='0.513286 0.729876 0.440839'/>
					
				</Appearance>
				<IndexedFaceSet solid="false" coordIndex='0 1 2 3 -1'>
					<Coordinate point='0.107628 -0.057917 -0.000009 0.110118 -0.053030 -0.000007 0.220237 -0.106060 -0.000218 0.215257 -0.115834 -0.000273'/>
				</IndexedFaceSet>
			</Shape>
			<Shape DEF='_IDX_98'>
				<Appearance DEF='Material_99_IDX_99'>
					<Material diffuseColor='0.513413 0.729919 0.440687'/>
					
				</Appearance>
				<IndexedFaceSet solid="false" coordIndex='0 1 2 3 -1'>
					<Coordinate point='0.000000 0.000000 0.000000 0.000000 0.000000 0.000000 0.110118 -0.053030 -0.000007 0.107628 -0.057917 -0.000009'/>
				</IndexedFaceSet>
			</Shape>
			<Shape DEF='_IDX_99'>
				<Appearance DEF='Material_100_IDX_100'>
					<Material diffuseColor='0.294446 0.557061 0.757788'/>
					
				</Appearance>
				<IndexedFaceSet solid="false" coordIndex='0 1 2 3 -1'>
					<Coordinate point='0.937538 -0.353279 -0.222890 0.979021 -0.341280 -0.155108 1.242191 -0.308177 -0.279510 1.154416 -0.272437 -0.401655'/>
				</IndexedFaceSet>
			</Shape>
			<Shape DEF='_IDX_100'>
				<Appearance DEF='Material_101_IDX_101'>
					<Material diffuseColor='0.376055 0.666108 0.622031'/>
					
				</Appearance>
				<IndexedFaceSet solid="false" coordIndex='0 1 2 3 -1'>
					<Coordinate point='0.787843 -0.349876 -0.114322 0.810738 -0.323323 -0.079556 0.979021 -0.341280 -0.155108 0.937538 -0.353279 -0.222890'/>
				</IndexedFaceSet>
			</Shape>
			<Shape DEF='_IDX_101'>
				<Appearance DEF='Material_102_IDX_102'>
					<Material diffuseColor='0.439837 0.705206 0.528404'/>
					
				</Appearance>
				<IndexedFaceSet solid="false" coordIndex='0 1 2 3 -1'>
					<Coordinate point='0.664960 -0.312853 -0.052893 0.680322 -0.284989 -0.036808 0.810738 -0.323323 -0.079556 0.787843 -0.349876 -0.114322'/>
				</IndexedFaceSet>
			</Shape>
			<Shape DEF='_IDX_102'>
				<Appearance DEF='Material_103_IDX_103'>
					<Material diffuseColor='0.480789 0.718961 0.479581'/>
					
				</Appearance>
				<IndexedFaceSet solid="false" coordIndex='0 1 2 3 -1'>
					<Coordinate point='0.551416 -0.264119 -0.021256 0.563097 -0.239556 -0.014792 0.680322 -0.284989 -0.036808 0.664960 -0.312853 -0.052893'/>
				</IndexedFaceSet>
			</Shape>
			<Shape DEF='_IDX_103'>
				<Appearance DEF='Material_104_IDX_104'>
					<Material diffuseColor='0.500999 0.725749 0.455487'/>
					
				</Appearance>
				<IndexedFaceSet solid="false" coordIndex='0 1 2 3 -1'>
					<Coordinate point='0.440584 -0.211982 -0.006965 0.449703 -0.192062 -0.004847 0.563097 -0.239556 -0.014792 0.551416 -0.264119 -0.021256'/>
				</IndexedFaceSet>
			</Shape>
			<Shape DEF='_IDX_104'>
				<Appearance DEF='Material_105_IDX_105'>
					<Material diffuseColor='0.509625 0.728646 0.445203'/>
					
				</Appearance>
				<IndexedFaceSet solid="false" coordIndex='0 1 2 3 -1'>
					<Coordinate point='0.330364 -0.159080 -0.001653 0.337172 -0.144103 -0.001150 0.449703 -0.192062 -0.004847 0.440584 -0.211982 -0.006965'/>
				</IndexedFaceSet>
			</Shape>
			<Shape DEF='_IDX_105'>
				<Appearance DEF='Material_106_IDX_106'>
					<Material diffuseColor='0.512594 0.729644 0.441663'/>
					
				</Appearance>
				<IndexedFaceSet solid="false" coordIndex='0 1 2 3 -1'>
					<Coordinate point='0.220237 -0.106060 -0.000218 0.224774 -0.096073 -0.000151 0.337172 -0.144103 -0.001150 0.330364 -0.159080 -0.001653'/>
				</IndexedFaceSet>
			</Shape>
			<Shape DEF='_IDX_106'>
				<Appearance DEF='Material_107_IDX_107'>
					<Material diffuseColor='0.513318 0.729887 0.440800'/>
					
				</Appearance>
				<IndexedFaceSet solid="false" coordIndex='0 1 2 3 -1'>
					<Coordinate point='0.110118 -0.053030 -0.000007 0.112387 -0.048036 -0.000005 0.224774 -0.096073 -0.000151 0.220237 -0.106060 -0.000218'/>
				</IndexedFaceSet>
			</Shape>
			<Shape DEF='_IDX_107'>
				<Appearance DEF='Material_108_IDX_108'>
					<Material diffuseColor='0.513414 0.729919 0.440686'/>
					
				</Appearance>
				<IndexedFaceSet solid="false" coordIndex='0 1 2 3 -1'>
					<Coordinate point='0.000000 0.000000 0.000000 0.000000 0.000000 0.000000 0.112387 -0.048036 -0.000005 0.110118 -0.053030 -0.000007'/>
				</IndexedFaceSet>
			</Shape>
			<Shape DEF='_IDX_108'>
				<Appearance DEF='Material_109_IDX_109'>
					<Material diffuseColor='0.358225 0.652859 0.649575'/>
					
				</Appearance>
				<IndexedFaceSet solid="false" coordIndex='0 1 2 3 -1'>
					<Coordinate point='0.979021 -0.341280 -0.155108 1.005829 -0.335430 -0.079548 1.290798 -0.363027 -0.143349 1.242191 -0.308177 -0.279510'/>
				</IndexedFaceSet>
			</Shape>
			<Shape DEF='_IDX_109'>
				<Appearance DEF='Material_110_IDX_110'>
					<Material diffuseColor='0.422755 0.697140 0.551088'/>
					
				</Appearance>
				<IndexedFaceSet solid="false" coordIndex='0 1 2 3 -1'>
					<Coordinate point='0.810738 -0.323323 -0.079556 0.828180 -0.298175 -0.040801 1.005829 -0.335430 -0.079548 0.979021 -0.341280 -0.155108'/>
				</IndexedFaceSet>
			</Shape>
			<Shape DEF='_IDX_110'>
				<Appearance DEF='Material_111_IDX_111'>
					<Material diffuseColor='0.467740 0.714578 0.495139'/>
					
				</Appearance>
				<IndexedFaceSet solid="false" coordIndex='0 1 2 3 -1'>
					<Coordinate point='0.680322 -0.284989 -0.036808 0.693360 -0.257064 -0.018877 0.828180 -0.298175 -0.040801 0.810738 -0.323323 -0.079556'/>
				</IndexedFaceSet>
			</Shape>
			<Shape DEF='_IDX_111'>
				<Appearance DEF='Material_112_IDX_112'>
					<Material diffuseColor='0.493162 0.723117 0.464830'/>
					
				</Appearance>
				<IndexedFaceSet solid="false" coordIndex='0 1 2 3 -1'>
					<Coordinate point='0.563097 -0.239556 -0.014792 0.573459 -0.214611 -0.007586 0.693360 -0.257064 -0.018877 0.680322 -0.284989 -0.036808'/>
				</IndexedFaceSet>
			</Shape>
			<Shape DEF='_IDX_112'>
				<Appearance DEF='Material_113_IDX_113'>
					<Material diffuseColor='0.505708 0.727331 0.449873'/>
					
				</Appearance>
				<IndexedFaceSet solid="false" coordIndex='0 1 2 3 -1'>
					<Coordinate point='0.449703 -0.192062 -0.004847 0.457891 -0.171767 -0.002486 0.573459 -0.214611 -0.007586 0.563097 -0.239556 -0.014792'/>
				</IndexedFaceSet>
			</Shape>
			<Shape DEF='_IDX_113'>
				<Appearance DEF='Material_114_IDX_114'>
					<Material diffuseColor='0.511063 0.729129 0.443489'/>
					
				</Appearance>
				<IndexedFaceSet solid="false" coordIndex='0 1 2 3 -1'>
					<Coordinate point='0.337172 -0.144103 -0.001150 0.343299 -0.128836 -0.000590 0.457891 -0.171767 -0.002486 0.449703 -0.192062 -0.004847'/>
				</IndexedFaceSet>
			</Shape>
			<Shape DEF='_IDX_114'>
				<Appearance DEF='Material_115_IDX_115'>
					<Material diffuseColor='0.512906 0.729748 0.441291'/>
					
				</Appearance>
				<IndexedFaceSet solid="false" coordIndex='0 1 2 3 -1'>
					<Coordinate point='0.224774 -0.096073 -0.000151 0.228858 -0.085892 -0.000078 0.343299 -0.128836 -0.000590 0.337172 -0.144103 -0.001150'/>
				</IndexedFaceSet>
			</Shape>
			<Shape DEF='_IDX_115'>
				<Appearance DEF='Material_116_IDX_116'>
					<Material diffuseColor='0.513356 0.729899 0.440755'/>
					
				</Appearance>
				<IndexedFaceSet solid="false" coordIndex='0 1 2 3 -1'>
					<Coordinate point='0.112387 -0.048036 -0.000005 0.114429 -0.042946 -0.000002 0.228858 -0.085892 -0.000078 0.224774 -0.096073 -0.000151'/>
				</IndexedFaceSet>
			</Shape>
			<Shape DEF='_IDX_116'>
				<Appearance DEF='Material_117_IDX_117'>
					<Material diffuseColor='0.513415 0.729919 0.440684'/>
					
				</Appearance>
				<IndexedFaceSet solid="false" coordIndex='0 1 2 3 -1'>
					<Coordinate point='0.000000 0.000000 0.000000 0.000000 0.000000 0.000000 0.114429 -0.042946 -0.000002 0.112387 -0.048036 -0.000005'/>
				</IndexedFaceSet>
			</Shape>
			<Shape DEF='_IDX_117'>
				<Appearance DEF='Material_118_IDX_118'>
					<Material diffuseColor='0.455582 0.710495 0.509633'/>
					
				</Appearance>
				<IndexedFaceSet solid="false" coordIndex='0 1 2 3 -1'>
					<Coordinate point='1.005829 -0.335430 -0.079548 1.016245 -0.330198 -0.000000 1.295334 -0.420879 -0.000000 1.290798 -0.363027 -0.143349'/>
				</IndexedFaceSet>
			</Shape>
			<Shape DEF='_IDX_118'>
				<Appearance DEF='Material_119_IDX_119'>
					<Material diffuseColor='0.482190 0.719432 0.477911'/>
					
				</Appearance>
				<IndexedFaceSet solid="false" coordIndex='0 1 2 3 -1'>
					<Coordinate point='0.828180 -0.298175 -0.040801 0.839635 -0.272814 -0.000000 1.016245 -0.330198 -0.000000 1.005829 -0.335430 -0.079548'/>
				</IndexedFaceSet>
			</Shape>
			<Shape DEF='_IDX_119'>
				<Appearance DEF='Material_120_IDX_120'>
					<Material diffuseColor='0.497932 0.724719 0.459143'/>
					
				</Appearance>
				<IndexedFaceSet solid="false" coordIndex='0 1 2 3 -1'>
					<Coordinate point='0.693360 -0.257064 -0.018877 0.703923 -0.228718 -0.000000 0.839635 -0.272814 -0.000000 0.828180 -0.298175 -0.040801'/>
				</IndexedFaceSet>
			</Shape>
			<Shape DEF='_IDX_120'>
				<Appearance DEF='Material_121_IDX_121'>
					<Material diffuseColor='0.506551 0.727614 0.448868'/>
					
				</Appearance>
				<IndexedFaceSet solid="false" coordIndex='0 1 2 3 -1'>
					<Coordinate point='0.573459 -0.214611 -0.007586 0.582457 -0.189252 -0.000000 0.703923 -0.228718 -0.000000 0.693360 -0.257064 -0.018877'/>
				</IndexedFaceSet>
			</Shape>
			<Shape DEF='_IDX_121'>
				<Appearance DEF='Material_122_IDX_122'>
					<Material diffuseColor='0.510804 0.729042 0.443798'/>
					
				</Appearance>
				<IndexedFaceSet solid="false" coordIndex='0 1 2 3 -1'>
					<Coordinate point='0.457891 -0.171767 -0.002486 0.465130 -0.151130 -0.000000 0.582457 -0.189252 -0.000000 0.573459 -0.214611 -0.007586'/>
				</IndexedFaceSet>
			</Shape>
			<Shape DEF='_IDX_122'>
				<Appearance DEF='Material_123_IDX_123'>
					<Material diffuseColor='0.512619 0.729652 0.441633'/>
					
				</Appearance>
				<IndexedFaceSet solid="false" coordIndex='0 1 2 3 -1'>
					<Coordinate point='0.343299 -0.128836 -0.000590 0.348733 -0.113310 -0.000000 0.465130 -0.151130 -0.000000 0.457891 -0.171767 -0.002486'/>
				</IndexedFaceSet>
			</Shape>
			<Shape DEF='_IDX_123'>
				<Appearance DEF='Material_124_IDX_124'>
					<Material diffuseColor='0.513244 0.729862 0.440889'/>
					
				</Appearance>
				<IndexedFaceSet solid="false" coordIndex='0 1 2 3 -1'>
					<Coordinate point='0.228858 -0.085892 -0.000078 0.232481 -0.075538 -0.000000 0.348733 -0.113310 -0.000000 0.343299 -0.128836 -0.000590'/>
				</IndexedFaceSet>
			</Shape>
			<Shape DEF='_IDX_124'>
				<Appearance DEF='Material_125_IDX_125'>
					<Material diffuseColor='0.513396 0.729913 0.440707'/>
					
				</Appearance>
				<IndexedFaceSet solid="false" coordIndex='0 1 2 3 -1'>
					<Coordinate point='0.114429 -0.042946 -0.000002 0.116240 -0.037769 -0.000000 0.232481 -0.075538 -0.000000 0.228858 -0.085892 -0.000078'/>
				</IndexedFaceSet>
			</Shape>
			<Shape DEF='_IDX_125'>
				<Appearance DEF='Material_126_IDX_126'>
					<Material diffuseColor='0.513416 0.729920 0.440683'/>
					
				</Appearance>
				<IndexedFaceSet solid="false" coordIndex='0 1 2 3 -1'>
					<Coordinate point='0.000000 0.000000 0.000000 0.000000 0.000000 0.000000 0.116240 -0.037769 -0.000000 0.114429 -0.042946 -0.000002'/>
				</IndexedFaceSet>
			</Shape>
			<Shape DEF='_IDX_126'>
				<Appearance USE='Material_9_IDX_9'/>
				<IndexedFaceSet solid="false" coordIndex='0 1 2 3 -1'>
					<Coordinate point='0.887013 0.000000 0.357487 0.893332 0.079541 0.348525 0.857981 0.152322 0.628052 0.838006 0.000000 0.644204'/>
				</IndexedFaceSet>
			</Shape>
			<Shape DEF='_IDX_127'>
				<Appearance USE='Material_8_IDX_8'/>
				<IndexedFaceSet solid="false" coordIndex='0 1 2 3 -1'>
					<Coordinate point='0.828266 0.000000 0.183359 0.829601 0.049110 0.178761 0.893332 0.079541 0.348525 0.887013 0.000000 0.357487'/>
				</IndexedFaceSet>
			</Shape>
			<Shape DEF='_IDX_128'>
				<Appearance USE='Material_7_IDX_7'/>
				<IndexedFaceSet solid="false" coordIndex='0 1 2 3 -1'>
					<Coordinate point='0.726518 0.000000 0.084833 0.726328 0.035579 0.082706 0.829601 0.049110 0.178761 0.828266 0.000000 0.183359'/>
				</IndexedFaceSet>
			</Shape>
			<Shape DEF='_IDX_129'>
				<Appearance USE='Material_6_IDX_6'/>
				<IndexedFaceSet solid="false" coordIndex='0 1 2 3 -1'>
					<Coordinate point='0.609790 0.000000 0.034093 0.609281 0.027937 0.033238 0.726328 0.035579 0.082706 0.726518 0.000000 0.084833'/>
				</IndexedFaceSet>
			</Shape>
			<Shape DEF='_IDX_130'>
				<Appearance USE='Material_5_IDX_5'/>
				<IndexedFaceSet solid="false" coordIndex='0 1 2 3 -1'>
					<Coordinate point='0.488712 0.000000 0.011171 0.488234 0.022004 0.010891 0.609281 0.027937 0.033238 0.609790 0.000000 0.034093'/>
				</IndexedFaceSet>
			</Shape>
			<Shape DEF='_IDX_131'>
				<Appearance USE='Material_4_IDX_4'/>
				<IndexedFaceSet solid="false" coordIndex='0 1 2 3 -1'>
					<Coordinate point='0.366653 0.000000 0.002651 0.366285 0.016456 0.002585 0.488234 0.022004 0.010891 0.488712 0.000000 0.011171'/>
				</IndexedFaceSet>
			</Shape>
			<Shape DEF='_IDX_132'>
				<Appearance USE='Material_3_IDX_3'/>
				<IndexedFaceSet solid="false" coordIndex='0 1 2 3 -1'>
					<Coordinate point='0.244444 0.000000 0.000349 0.244198 0.010967 0.000340 0.366285 0.016456 0.002585 0.366653 0.000000 0.002651'/>
				</IndexedFaceSet>
			</Shape>
			<Shape DEF='_IDX_133'>
				<Appearance USE='Material_2_IDX_2'/>
				<IndexedFaceSet solid="false" coordIndex='0 1 2 3 -1'>
					<Coordinate point='0.122222 0.000000 0.000011 0.122099 0.005483 0.000011 0.244198 0.010967 0.000340 0.244444 0.000000 0.000349'/>
				</IndexedFaceSet>
			</Shape>
			<Shape DEF='_IDX_134'>
				<Appearance USE='Material_1_IDX_1'/>
				<IndexedFaceSet solid="false" coordIndex='0 1 2 3 -1'>
					<Coordinate point='0.000000 0.000000 0.000000 0.000000 0.000000 0.000000 0.122099 0.005483 0.000011 0.122222 0.000000 0.000011'/>
				</IndexedFaceSet>
			</Shape>
			<Shape DEF='_IDX_135'>
				<Appearance USE='Material_18_IDX_18'/>
				<IndexedFaceSet solid="false" coordIndex='0 1 2 3 -1'>
					<Coordinate point='0.893332 0.079541 0.348525 0.911117 0.153252 0.322085 0.914517 0.287971 0.580408 0.857981 0.152322 0.628052'/>
				</IndexedFaceSet>
			</Shape>
			<Shape DEF='_IDX_136'>
				<Appearance USE='Material_17_IDX_17'/>
				<IndexedFaceSet solid="false" coordIndex='0 1 2 3 -1'>
					<Coordinate point='0.829601 0.049110 0.178761 0.833253 0.096416 0.165200 0.911117 0.153252 0.322085 0.893332 0.079541 0.348525'/>
				</IndexedFaceSet>
			</Shape>
			<Shape DEF='_IDX_137'>
				<Appearance USE='Material_16_IDX_16'/>
				<IndexedFaceSet solid="false" coordIndex='0 1 2 3 -1'>
					<Coordinate point='0.726328 0.035579 0.082706 0.725672 0.070661 0.076432 0.833253 0.096416 0.165200 0.829601 0.049110 0.178761'/>
				</IndexedFaceSet>
			</Shape>
			<Shape DEF='_IDX_138'>
				<Appearance USE='Material_15_IDX_15'/>
				<IndexedFaceSet solid="false" coordIndex='0 1 2 3 -1'>
					<Coordinate point='0.609281 0.027937 0.033238 0.607738 0.055734 0.030716 0.725672 0.070661 0.076432 0.726328 0.035579 0.082706'/>
				</IndexedFaceSet>
			</Shape>
			<Shape DEF='_IDX_139'>
				<Appearance USE='Material_14_IDX_14'/>
				<IndexedFaceSet solid="false" coordIndex='0 1 2 3 -1'>
					<Coordinate point='0.488234 0.022004 0.010891 0.486798 0.043952 0.010065 0.607738 0.055734 0.030716 0.609281 0.027937 0.033238'/>
				</IndexedFaceSet>
			</Shape>
			<Shape DEF='_IDX_140'>
				<Appearance USE='Material_13_IDX_13'/>
				<IndexedFaceSet solid="false" coordIndex='0 1 2 3 -1'>
					<Coordinate point='0.366285 0.016456 0.002585 0.365181 0.032877 0.002389 0.486798 0.043952 0.010065 0.488234 0.022004 0.010891'/>
				</IndexedFaceSet>
			</Shape>
			<Shape DEF='_IDX_141'>
				<Appearance USE='Material_12_IDX_12'/>
				<IndexedFaceSet solid="false" coordIndex='0 1 2 3 -1'>
					<Coordinate point='0.244198 0.010967 0.000340 0.243460 0.021912 0.000315 0.365181 0.032877 0.002389 0.366285 0.016456 0.002585'/>
				</IndexedFaceSet>
			</Shape>
			<Shape DEF='_IDX_142'>
				<Appearance USE='Material_11_IDX_11'/>
				<IndexedFaceSet solid="false" coordIndex='0 1 2 3 -1'>
					<Coordinate point='0.122099 0.005483 0.000011 0.121730 0.010956 0.000010 0.243460 0.021912 0.000315 0.244198 0.010967 0.000340'/>
				</IndexedFaceSet>
			</Shape>
			<Shape DEF='_IDX_143'>
				<Appearance USE='Material_10_IDX_10'/>
				<IndexedFaceSet solid="false" coordIndex='0 1 2 3 -1'>
					<Coordinate point='0.000000 0.000000 0.000000 0.000000 0.000000 0.000000 0.121730 0.010956 0.000010 0.122099 0.005483 0.000011'/>
				</IndexedFaceSet>
			</Shape>
			<Shape DEF='_IDX_144'>
				<Appearance DEF='Material_127_IDX_127'>
					<Material diffuseColor='0.901443 0.552766 0.210820'/>
					
				</Appearance>
				<IndexedFaceSet solid="false" coordIndex='0 1 2 3 -1'>
					<Coordinate point='0.911117 0.153252 0.322085 0.937036 0.216228 0.279495 0.997987 0.392945 0.503659 0.914517 0.287971 0.580408'/>
				</IndexedFaceSet>
			</Shape>
			<Shape DEF='_IDX_145'>
				<Appearance USE='Material_26_IDX_26'/>
				<IndexedFaceSet solid="false" coordIndex='0 1 2 3 -1'>
					<Coordinate point='0.833253 0.096416 0.165200 0.838224 0.140393 0.143355 0.937036 0.216228 0.279495 0.911117 0.153252 0.322085'/>
				</IndexedFaceSet>
			</Shape>
			<Shape DEF='_IDX_146'>
				<Appearance USE='Material_25_IDX_25'/>
				<IndexedFaceSet solid="false" coordIndex='0 1 2 3 -1'>
					<Coordinate point='0.725672 0.070661 0.076432 0.724302 0.104818 0.066325 0.838224 0.140393 0.143355 0.833253 0.096416 0.165200'/>
				</IndexedFaceSet>
			</Shape>
			<Shape DEF='_IDX_147'>
				<Appearance USE='Material_24_IDX_24'/>
				<IndexedFaceSet solid="false" coordIndex='0 1 2 3 -1'>
					<Coordinate point='0.607738 0.055734 0.030716 0.605116 0.083268 0.026655 0.724302 0.104818 0.066325 0.725672 0.070661 0.076432'/>
				</IndexedFaceSet>
			</Shape>
			<Shape DEF='_IDX_148'>
				<Appearance USE='Material_23_IDX_23'/>
				<IndexedFaceSet solid="false" coordIndex='0 1 2 3 -1'>
					<Coordinate point='0.486798 0.043952 0.010065 0.484402 0.065791 0.008734 0.605116 0.083268 0.026655 0.607738 0.055734 0.030716'/>
				</IndexedFaceSet>
			</Shape>
			<Shape DEF='_IDX_149'>
				<Appearance USE='Material_22_IDX_22'/>
				<IndexedFaceSet solid="false" coordIndex='0 1 2 3 -1'>
					<Coordinate point='0.365181 0.032877 0.002389 0.363344 0.049231 0.002073 0.484402 0.065791 0.008734 0.486798 0.043952 0.010065'/>
				</IndexedFaceSet>
			</Shape>
			<Shape DEF='_IDX_150'>
				<Appearance USE='Material_21_IDX_21'/>
				<IndexedFaceSet solid="false" coordIndex='0 1 2 3 -1'>
					<Coordinate point='0.243460 0.021912 0.000315 0.242232 0.032813 0.000273 0.363344 0.049231 0.002073 0.365181 0.032877 0.002389'/>
				</IndexedFaceSet>
			</Shape>
			<Shape DEF='_IDX_151'>
				<Appearance USE='Material_20_IDX_20'/>
				<IndexedFaceSet solid="false" coordIndex='0 1 2 3 -1'>
					<Coordinate point='0.121730 0.010956 0.000010 0.121116 0.016406 0.000009 0.242232 0.032813 0.000273 0.243460 0.021912 0.000315'/>
				</IndexedFaceSet>
			</Shape>
			<Shape DEF='_IDX_152'>
				<Appearance USE='Material_19_IDX_19'/>
				<IndexedFaceSet solid="false" coordIndex='0 1 2 3 -1'>
					<Coordinate point='0.000000 0.000000 0.000000 0.000000 0.000000 0.000000 0.121116 0.016406 0.000009 0.121730 0.010956 0.000010'/>
				</IndexedFaceSet>
			</Shape>
			<Shape DEF='_IDX_153'>
				<Appearance USE='Material_36_IDX_36'/>
				<IndexedFaceSet solid="false" coordIndex='0 1 2 3 -1'>
					<Coordinate point='0.937036 0.216228 0.279495 0.966137 0.265263 0.222890 1.094077 0.458143 0.401655 0.997987 0.392945 0.503659'/>
				</IndexedFaceSet>
			</Shape>
			<Shape DEF='_IDX_154'>
				<Appearance USE='Material_35_IDX_35'/>
				<IndexedFaceSet solid="false" coordIndex='0 1 2 3 -1'>
					<Coordinate point='0.838224 0.140393 0.143355 0.843031 0.180027 0.114322 0.966137 0.265263 0.222890 0.937036 0.216228 0.279495'/>
				</IndexedFaceSet>
			</Shape>
			<Shape DEF='_IDX_155'>
				<Appearance USE='Material_34_IDX_34'/>
				<IndexedFaceSet solid="false" coordIndex='0 1 2 3 -1'>
					<Coordinate point='0.724302 0.104818 0.066325 0.721854 0.137750 0.052893 0.843031 0.180027 0.114322 0.838224 0.140393 0.143355'/>
				</IndexedFaceSet>
			</Shape>
			<Shape DEF='_IDX_156'>
				<Appearance USE='Material_33_IDX_33'/>
				<IndexedFaceSet solid="false" coordIndex='0 1 2 3 -1'>
					<Coordinate point='0.605116 0.083268 0.026655 0.601350 0.110438 0.021256 0.721854 0.137750 0.052893 0.724302 0.104818 0.066325'/>
				</IndexedFaceSet>
			</Shape>
			<Shape DEF='_IDX_157'>
				<Appearance USE='Material_32_IDX_32'/>
				<IndexedFaceSet solid="false" coordIndex='0 1 2 3 -1'>
					<Coordinate point='0.484402 0.065791 0.008734 0.481040 0.087472 0.006965 0.601350 0.110438 0.021256 0.605116 0.083268 0.026655'/>
				</IndexedFaceSet>
			</Shape>
			<Shape DEF='_IDX_158'>
				<Appearance USE='Material_31_IDX_31'/>
				<IndexedFaceSet solid="false" coordIndex='0 1 2 3 -1'>
					<Coordinate point='0.363344 0.049231 0.002073 0.360775 0.065484 0.001653 0.481040 0.087472 0.006965 0.484402 0.065791 0.008734'/>
				</IndexedFaceSet>
			</Shape>
			<Shape DEF='_IDX_159'>
				<Appearance USE='Material_30_IDX_30'/>
				<IndexedFaceSet solid="false" coordIndex='0 1 2 3 -1'>
					<Coordinate point='0.242232 0.032813 0.000273 0.240516 0.043648 0.000218 0.360775 0.065484 0.001653 0.363344 0.049231 0.002073'/>
				</IndexedFaceSet>
			</Shape>
			<Shape DEF='_IDX_160'>
				<Appearance USE='Material_29_IDX_29'/>
				<IndexedFaceSet solid="false" coordIndex='0 1 2 3 -1'>
					<Coordinate point='0.121116 0.016406 0.000009 0.120258 0.021824 0.000007 0.240516 0.043648 0.000218 0.242232 0.032813 0.000273'/>
				</IndexedFaceSet>
			</Shape>
			<Shape DEF='_IDX_161'>
				<Appearance USE='Material_28_IDX_28'/>
				<IndexedFaceSet solid="false" coordIndex='0 1 2 3 -1'>
					<Coordinate point='0.000000 0.000000 0.000000 0.000000 0.000000 0.000000 0.120258 0.021824 0.000007 0.121116 0.016406 0.000009'/>
				</IndexedFaceSet>
			</Shape>
			<Shape DEF='_IDX_162'>
				<Appearance USE='Material_45_IDX_45'/>
				<IndexedFaceSet solid="false" coordIndex='0 1 2 3 -1'>
					<Coordinate point='0.966137 0.265263 0.222890 0.992644 0.299353 0.155108 1.186096 0.480822 0.279510 1.094077 0.458143 0.401655'/>
				</IndexedFaceSet>
			</Shape>
			<Shape DEF='_IDX_163'>
				<Appearance USE='Material_44_IDX_44'/>
				<IndexedFaceSet solid="false" coordIndex='0 1 2 3 -1'>
					<Coordinate point='0.843031 0.180027 0.114322 0.845945 0.214966 0.079556 0.992644 0.299353 0.155108 0.966137 0.265263 0.222890'/>
				</IndexedFaceSet>
			</Shape>
			<Shape DEF='_IDX_164'>
				<Appearance USE='Material_43_IDX_43'/>
				<IndexedFaceSet solid="false" coordIndex='0 1 2 3 -1'>
					<Coordinate point='0.721854 0.137750 0.052893 0.717904 0.169322 0.036808 0.845945 0.214966 0.079556 0.843031 0.180027 0.114322'/>
				</IndexedFaceSet>
			</Shape>
			<Shape DEF='_IDX_165'>
				<Appearance USE='Material_42_IDX_42'/>
				<IndexedFaceSet solid="false" coordIndex='0 1 2 3 -1'>
					<Coordinate point='0.601350 0.110438 0.021256 0.596362 0.137175 0.014792 0.717904 0.169322 0.036808 0.721854 0.137750 0.052893'/>
				</IndexedFaceSet>
			</Shape>
			<Shape DEF='_IDX_166'>
				<Appearance USE='Material_41_IDX_41'/>
				<IndexedFaceSet solid="false" coordIndex='0 1 2 3 -1'>
					<Coordinate point='0.481040 0.087472 0.006965 0.476708 0.108948 0.004847 0.596362 0.137175 0.014792 0.601350 0.110438 0.021256'/>
				</IndexedFaceSet>
			</Shape>
			<Shape DEF='_IDX_167'>
				<Appearance USE='Material_40_IDX_40'/>
				<IndexedFaceSet solid="false" coordIndex='0 1 2 3 -1'>
					<Coordinate point='0.360775 0.065484 0.001653 0.357479 0.081603 0.001150 0.476708 0.108948 0.004847 0.481040 0.087472 0.006965'/>
				</IndexedFaceSet>
			</Shape>
			<Shape DEF='_IDX_168'>
				<Appearance USE='Material_39_IDX_39'/>
				<IndexedFaceSet solid="false" coordIndex='0 1 2 3 -1'>
					<Coordinate point='0.240516 0.043648 0.000218 0.238316 0.054394 0.000151 0.357479 0.081603 0.001150 0.360775 0.065484 0.001653'/>
				</IndexedFaceSet>
			</Shape>
			<Shape DEF='_IDX_169'>
				<Appearance USE='Material_38_IDX_38'/>
				<IndexedFaceSet solid="false" coordIndex='0 1 2 3 -1'>
					<Coordinate point='0.120258 0.021824 0.000007 0.119158 0.027197 0.000005 0.238316 0.054394 0.000151 0.240516 0.043648 0.000218'/>
				</IndexedFaceSet>
			</Shape>
			<Shape DEF='_IDX_170'>
				<Appearance USE='Material_37_IDX_37'/>
				<IndexedFaceSet solid="false" coordIndex='0 1 2 3 -1'>
					<Coordinate point='0.000000 0.000000 0.000000 0.000000 0.000000 0.000000 0.119158 0.027197 0.000005 0.120258 0.021824 0.000007'/>
				</IndexedFaceSet>
			</Shape>
			<Shape DEF='_IDX_171'>
				<Appearance USE='Material_54_IDX_54'/>
				<IndexedFaceSet solid="false" coordIndex='0 1 2 3 -1'>
					<Coordinate point='0.992644 0.299353 0.155108 1.010894 0.319843 0.079548 1.257659 0.465017 0.143349 1.186096 0.480822 0.279510'/>
				</IndexedFaceSet>
			</Shape>
			<Shape DEF='_IDX_172'>
				<Appearance USE='Material_53_IDX_53'/>
				<IndexedFaceSet solid="false" coordIndex='0 1 2 3 -1'>
					<Coordinate point='0.845945 0.214966 0.079556 0.845275 0.245564 0.040801 1.010894 0.319843 0.079548 0.992644 0.299353 0.155108'/>
				</IndexedFaceSet>
			</Shape>
			<Shape DEF='_IDX_173'>
				<Appearance USE='Material_52_IDX_52'/>
				<IndexedFaceSet solid="false" coordIndex='0 1 2 3 -1'>
					<Coordinate point='0.717904 0.169322 0.036808 0.712038 0.199578 0.018877 0.845275 0.245564 0.040801 0.845945 0.214966 0.079556'/>
				</IndexedFaceSet>
			</Shape>
			<Shape DEF='_IDX_174'>
				<Appearance USE='Material_51_IDX_51'/>
				<IndexedFaceSet solid="false" coordIndex='0 1 2 3 -1'>
					<Coordinate point='0.596362 0.137175 0.014792 0.590083 0.163447 0.007586 0.712038 0.199578 0.018877 0.717904 0.169322 0.036808'/>
				</IndexedFaceSet>
			</Shape>
			<Shape DEF='_IDX_175'>
				<Appearance USE='Material_50_IDX_50'/>
				<IndexedFaceSet solid="false" coordIndex='0 1 2 3 -1'>
					<Coordinate point='0.476708 0.108948 0.004847 0.471404 0.130179 0.002486 0.590083 0.163447 0.007586 0.596362 0.137175 0.014792'/>
				</IndexedFaceSet>
			</Shape>
			<Shape DEF='_IDX_176'>
				<Appearance USE='Material_49_IDX_49'/>
				<IndexedFaceSet solid="false" coordIndex='0 1 2 3 -1'>
					<Coordinate point='0.357479 0.081603 0.001150 0.353463 0.097556 0.000590 0.471404 0.130179 0.002486 0.476708 0.108948 0.004847'/>
				</IndexedFaceSet>
			</Shape>
			<Shape DEF='_IDX_177'>
				<Appearance USE='Material_48_IDX_48'/>
				<IndexedFaceSet solid="false" coordIndex='0 1 2 3 -1'>
					<Coordinate point='0.238316 0.054394 0.000151 0.235636 0.065031 0.000078 0.353463 0.097556 0.000590 0.357479 0.081603 0.001150'/>
				</IndexedFaceSet>
			</Shape>
			<Shape DEF='_IDX_178'>
				<Appearance USE='Material_47_IDX_47'/>
				<IndexedFaceSet solid="false" coordIndex='0 1 2 3 -1'>
					<Coordinate point='0.119158 0.027197 0.000005 0.117818 0.032516 0.000002 0.235636 0.065031 0.000078 0.238316 0.054394 0.000151'/>
				</IndexedFaceSet>
			</Shape>
			<Shape DEF='_IDX_179'>
				<Appearance USE='Material_46_IDX_46'/>
				<IndexedFaceSet solid="false" coordIndex='0 1 2 3 -1'>
					<Coordinate point='0.000000 0.000000 0.000000 0.000000 0.000000 0.000000 0.117818 0.032516 0.000002 0.119158 0.027197 0.000005'/>
				</IndexedFaceSet>
			</Shape>
			<Shape DEF='_IDX_180'>
				<Appearance USE='Material_63_IDX_63'/>
				<IndexedFaceSet solid="false" coordIndex='0 1 2 3 -1'>
					<Coordinate point='1.010894 0.319843 0.079548 1.016245 0.330198 0.000000 1.295334 0.420879 -0.000000 1.257659 0.465017 0.143349'/>
				</IndexedFaceSet>
			</Shape>
			<Shape DEF='_IDX_181'>
				<Appearance USE='Material_62_IDX_62'/>
				<IndexedFaceSet solid="false" coordIndex='0 1 2 3 -1'>
					<Coordinate point='0.845275 0.245564 0.040801 0.839635 0.272814 -0.000000 1.016245 0.330198 0.000000 1.010894 0.319843 0.079548'/>
				</IndexedFaceSet>
			</Shape>
			<Shape DEF='_IDX_182'>
				<Appearance USE='Material_61_IDX_61'/>
				<IndexedFaceSet solid="false" coordIndex='0 1 2 3 -1'>
					<Coordinate point='0.712038 0.199578 0.018877 0.703923 0.228718 0.000000 0.839635 0.272814 -0.000000 0.845275 0.245564 0.040801'/>
				</IndexedFaceSet>
			</Shape>
			<Shape DEF='_IDX_183'>
				<Appearance USE='Material_60_IDX_60'/>
				<IndexedFaceSet solid="false" coordIndex='0 1 2 3 -1'>
					<Coordinate point='0.590083 0.163447 0.007586 0.582457 0.189252 -0.000000 0.703923 0.228718 0.000000 0.712038 0.199578 0.018877'/>
				</IndexedFaceSet>
			</Shape>
			<Shape DEF='_IDX_184'>
				<Appearance USE='Material_59_IDX_59'/>
				<IndexedFaceSet solid="false" coordIndex='0 1 2 3 -1'>
					<Coordinate point='0.471404 0.130179 0.002486 0.465130 0.151130 0.000000 0.582457 0.189252 -0.000000 0.590083 0.163447 0.007586'/>
				</IndexedFaceSet>
			</Shape>
			<Shape DEF='_IDX_185'>
				<Appearance USE='Material_58_IDX_58'/>
				<IndexedFaceSet solid="false" coordIndex='0 1 2 3 -1'>
					<Coordinate point='0.353463 0.097556 0.000590 0.348733 0.113310 0.000000 0.465130 0.151130 0.000000 0.471404 0.130179 0.002486'/>
				</IndexedFaceSet>
			</Shape>
			<Shape DEF='_IDX_186'>
				<Appearance USE='Material_57_IDX_57'/>
				<IndexedFaceSet solid="false" coordIndex='0 1 2 3 -1'>
					<Coordinate point='0.235636 0.065031 0.000078 0.232481 0.075538 0.000000 0.348733 0.113310 0.000000 0.353463 0.097556 0.000590'/>
				</IndexedFaceSet>
			</Shape>
			<Shape DEF='_IDX_187'>
				<Appearance USE='Material_56_IDX_56'/>
				<IndexedFaceSet solid="false" coordIndex='0 1 2 3 -1'>
					<Coordinate point='0.117818 0.032516 0.000002 0.116240 0.037769 0.000000 0.232481 0.075538 0.000000 0.235636 0.065031 0.000078'/>
				</IndexedFaceSet>
			</Shape>
			<Shape DEF='_IDX_188'>
				<Appearance USE='Material_55_IDX_55'/>
				<IndexedFaceSet solid="false" coordIndex='0 1 2 3 -1'>
					<Coordinate point='0.000000 0.000000 0.000000 0.000000 0.000000 0.000000 0.116240 0.037769 0.000000 0.117818 0.032516 0.000002'/>
				</IndexedFaceSet>
			</Shape>
			<Shape DEF='_IDX_189'>
				<Appearance USE='Material_72_IDX_72'/>
				<IndexedFaceSet solid="false" coordIndex='0 1 2 3 -1'>
					<Coordinate point='0.098880 0.071840 -0.000011 0.102003 0.067332 -0.000011 0.000000 0.000000 0.000000 0.000000 0.000000 0.000000'/>
				</IndexedFaceSet>
			</Shape>
			<Shape DEF='_IDX_190'>
				<Appearance USE='Material_71_IDX_71'/>
				<IndexedFaceSet solid="false" coordIndex='0 1 2 3 -1'>
					<Coordinate point='0.197759 0.143681 -0.000349 0.204007 0.134663 -0.000340 0.102003 0.067332 -0.000011 0.098880 0.071840 -0.000011'/>
				</IndexedFaceSet>
			</Shape>
			<Shape DEF='_IDX_191'>
				<Appearance USE='Material_70_IDX_70'/>
				<IndexedFaceSet solid="false" coordIndex='0 1 2 3 -1'>
					<Coordinate point='0.296629 0.215513 -0.002651 0.306003 0.201984 -0.002585 0.204007 0.134663 -0.000340 0.197759 0.143681 -0.000349'/>
				</IndexedFaceSet>
			</Shape>
			<Shape DEF='_IDX_192'>
				<Appearance USE='Material_69_IDX_69'/>
				<IndexedFaceSet solid="false" coordIndex='0 1 2 3 -1'>
					<Coordinate point='0.395376 0.287257 -0.011171 0.407923 0.269175 -0.010891 0.306003 0.201984 -0.002585 0.296629 0.215513 -0.002651'/>
				</IndexedFaceSet>
			</Shape>
			<Shape DEF='_IDX_193'>
				<Appearance USE='Material_68_IDX_68'/>
				<IndexedFaceSet solid="false" coordIndex='0 1 2 3 -1'>
					<Coordinate point='0.493331 0.358426 -0.034093 0.509340 0.335525 -0.033238 0.407923 0.269175 -0.010891 0.395376 0.287257 -0.011171'/>
				</IndexedFaceSet>
			</Shape>
			<Shape DEF='_IDX_194'>
				<Appearance USE='Material_67_IDX_67'/>
				<IndexedFaceSet solid="false" coordIndex='0 1 2 3 -1'>
					<Coordinate point='0.587766 0.427037 -0.084833 0.608525 0.398141 -0.082706 0.509340 0.335525 -0.033238 0.493331 0.358426 -0.034093'/>
				</IndexedFaceSet>
			</Shape>
			<Shape DEF='_IDX_195'>
				<Appearance USE='Material_66_IDX_66'/>
				<IndexedFaceSet solid="false" coordIndex='0 1 2 3 -1'>
					<Coordinate point='0.670081 0.486843 -0.183359 0.700027 0.447897 -0.178761 0.608525 0.398141 -0.082706 0.587766 0.427037 -0.084833'/>
				</IndexedFaceSet>
			</Shape>
			<Shape DEF='_IDX_196'>
				<Appearance USE='Material_65_IDX_65'/>
				<IndexedFaceSet solid="false" coordIndex='0 1 2 3 -1'>
					<Coordinate point='0.717608 0.521373 -0.357487 0.769474 0.460738 -0.348525 0.700027 0.447897 -0.178761 0.670081 0.486843 -0.183359'/>
				</IndexedFaceSet>
			</Shape>
			<Shape DEF='_IDX_197'>
				<Appearance DEF='Material_128_IDX_128'>
					<Material diffuseColor='0.259280 0.210105 0.754314'/>
					
				</Appearance>
				<IndexedFaceSet solid="false" coordIndex='0 1 2 3 -1'>
					<Coordinate point='0.677961 0.492567 -0.644204 0.783654 0.381078 -0.628052 0.769474 0.460738 -0.348525 0.717608 0.521373 -0.357487'/>
				</IndexedFaceSet>
			</Shape>
			<Shape DEF='_IDX_198'>
				<Appearance USE='Material_81_IDX_81'/>
				<IndexedFaceSet solid="false" coordIndex='0 1 2 3 -1'>
					<Coordinate point='0.102003 0.067332 -0.000011 0.104922 0.062688 -0.000010 0.000000 0.000000 0.000000 0.000000 0.000000 0.000000'/>
				</IndexedFaceSet>
			</Shape>
			<Shape DEF='_IDX_199'>
				<Appearance USE='Material_80_IDX_80'/>
				<IndexedFaceSet solid="false" coordIndex='0 1 2 3 -1'>
					<Coordinate point='0.204007 0.134663 -0.000340 0.209843 0.125375 -0.000315 0.104922 0.062688 -0.000010 0.102003 0.067332 -0.000011'/>
				</IndexedFaceSet>
			</Shape>
			<Shape DEF='_IDX_200'>
				<Appearance USE='Material_79_IDX_79'/>
				<IndexedFaceSet solid="false" coordIndex='0 1 2 3 -1'>
					<Coordinate point='0.306003 0.201984 -0.002585 0.314763 0.188050 -0.002389 0.209843 0.125375 -0.000315 0.204007 0.134663 -0.000340'/>
				</IndexedFaceSet>
			</Shape>
			<Shape DEF='_IDX_201'>
				<Appearance USE='Material_78_IDX_78'/>
				<IndexedFaceSet solid="false" coordIndex='0 1 2 3 -1'>
					<Coordinate point='0.407923 0.269175 -0.010891 0.419662 0.250575 -0.010065 0.314763 0.188050 -0.002389 0.306003 0.201984 -0.002585'/>
				</IndexedFaceSet>
			</Shape>
			<Shape DEF='_IDX_202'>
				<Appearance USE='Material_77_IDX_77'/>
				<IndexedFaceSet solid="false" coordIndex='0 1 2 3 -1'>
					<Coordinate point='0.509340 0.335525 -0.033238 0.524430 0.312130 -0.030716 0.419662 0.250575 -0.010065 0.407923 0.269175 -0.010891'/>
				</IndexedFaceSet>
			</Shape>
			<Shape DEF='_IDX_203'>
				<Appearance USE='Material_76_IDX_76'/>
				<IndexedFaceSet solid="false" coordIndex='0 1 2 3 -1'>
					<Coordinate point='0.608525 0.398141 -0.082706 0.628614 0.369373 -0.076432 0.524430 0.312130 -0.030716 0.509340 0.335525 -0.033238'/>
				</IndexedFaceSet>
			</Shape>
			<Shape DEF='_IDX_204'>
				<Appearance DEF='Material_129_IDX_129'>
					<Material diffuseColor='0.390865 0.675950 0.599532'/>
					
				</Appearance>
				<IndexedFaceSet solid="false" coordIndex='0 1 2 3 -1'>
					<Coordinate point='0.700027 0.447897 -0.178761 0.730788 0.411772 -0.165200 0.628614 0.369373 -0.076432 0.608525 0.398141 -0.082706'/>
				</IndexedFaceSet>
			</Shape>
			<Shape DEF='_IDX_205'>
				<Appearance USE='Material_74_IDX_74'/>
				<IndexedFaceSet solid="false" coordIndex='0 1 2 3 -1'>
					<Coordinate point='0.769474 0.460738 -0.348525 0.827188 0.411558 -0.322085 0.730788 0.411772 -0.165200 0.700027 0.447897 -0.178761'/>
				</IndexedFaceSet>
			</Shape>
			<Shape DEF='_IDX_206'>
				<Appearance USE='Material_73_IDX_73'/>
				<IndexedFaceSet solid="false" coordIndex='0 1 2 3 -1'>
					<Coordinate point='0.783654 0.381078 -0.628052 0.909125 0.304566 -0.580408 0.827188 0.411558 -0.322085 0.769474 0.460738 -0.348525'/>
				</IndexedFaceSet>
			</Shape>
			<Shape DEF='_IDX_207'>
				<Appearance USE='Material_90_IDX_90'/>
				<IndexedFaceSet solid="false" coordIndex='0 1 2 3 -1'>
					<Coordinate point='0.104922 0.062688 -0.000010 0.107628 0.057917 -0.000009 0.000000 0.000000 0.000000 0.000000 0.000000 0.000000'/>
				</IndexedFaceSet>
			</Shape>
			<Shape DEF='_IDX_208'>
				<Appearance USE='Material_89_IDX_89'/>
				<IndexedFaceSet solid="false" coordIndex='0 1 2 3 -1'>
					<Coordinate point='0.209843 0.125375 -0.000315 0.215257 0.115834 -0.000273 0.107628 0.057917 -0.000009 0.104922 0.062688 -0.000010'/>
				</IndexedFaceSet>
			</Shape>
			<Shape DEF='_IDX_209'>
				<Appearance USE='Material_88_IDX_88'/>
				<IndexedFaceSet solid="false" coordIndex='0 1 2 3 -1'>
					<Coordinate point='0.314763 0.188050 -0.002389 0.322889 0.173739 -0.002073 0.215257 0.115834 -0.000273 0.209843 0.125375 -0.000315'/>
				</IndexedFaceSet>
			</Shape>
			<Shape DEF='_IDX_210'>
				<Appearance USE='Material_87_IDX_87'/>
				<IndexedFaceSet solid="false" coordIndex='0 1 2 3 -1'>
					<Coordinate point='0.419662 0.250575 -0.010065 0.430561 0.231498 -0.008734 0.322889 0.173739 -0.002073 0.314763 0.188050 -0.002389'/>
				</IndexedFaceSet>
			</Shape>
			<Shape DEF='_IDX_211'>
				<Appearance USE='Material_86_IDX_86'/>
				<IndexedFaceSet solid="false" coordIndex='0 1 2 3 -1'>
					<Coordinate point='0.524430 0.312130 -0.030716 0.538493 0.288313 -0.026655 0.430561 0.231498 -0.008734 0.419662 0.250575 -0.010065'/>
				</IndexedFaceSet>
			</Shape>
			<Shape DEF='_IDX_212'>
				<Appearance USE='Material_85_IDX_85'/>
				<IndexedFaceSet solid="false" coordIndex='0 1 2 3 -1'>
					<Coordinate point='0.628614 0.369373 -0.076432 0.647583 0.340934 -0.066325 0.538493 0.288313 -0.026655 0.524430 0.312130 -0.030716'/>
				</IndexedFaceSet>
			</Shape>
			<Shape DEF='_IDX_213'>
				<Appearance USE='Material_84_IDX_84'/>
				<IndexedFaceSet solid="false" coordIndex='0 1 2 3 -1'>
					<Coordinate point='0.730788 0.411772 -0.165200 0.760658 0.379115 -0.143355 0.647583 0.340934 -0.066325 0.628614 0.369373 -0.076432'/>
				</IndexedFaceSet>
			</Shape>
			<Shape DEF='_IDX_214'>
				<Appearance DEF='Material_130_IDX_130'>
					<Material diffuseColor='0.315434 0.597814 0.723278'/>
					
				</Appearance>
				<IndexedFaceSet solid="false" coordIndex='0 1 2 3 -1'>
					<Coordinate point='0.827188 0.411558 -0.322085 0.885174 0.375844 -0.279495 0.760658 0.379115 -0.143355 0.730788 0.411772 -0.165200'/>
				</IndexedFaceSet>
			</Shape>
			<Shape DEF='_IDX_215'>
				<Appearance USE='Material_82_IDX_82'/>
				<IndexedFaceSet solid="false" coordIndex='0 1 2 3 -1'>
					<Coordinate point='0.909125 0.304566 -0.580408 1.038355 0.268703 -0.503659 0.885174 0.375844 -0.279495 0.827188 0.411558 -0.322085'/>
				</IndexedFaceSet>
			</Shape>
			<Shape DEF='_IDX_216'>
				<Appearance USE='Material_99_IDX_99'/>
				<IndexedFaceSet solid="false" coordIndex='0 1 2 3 -1'>
					<Coordinate point='0.107628 0.057917 -0.000009 0.110118 0.053030 -0.000007 0.000000 0.000000 0.000000 0.000000 0.000000 0.000000'/>
				</IndexedFaceSet>
			</Shape>
			<Shape DEF='_IDX_217'>
				<Appearance USE='Material_98_IDX_98'/>
				<IndexedFaceSet solid="false" coordIndex='0 1 2 3 -1'>
					<Coordinate point='0.215257 0.115834 -0.000273 0.220237 0.106060 -0.000218 0.110118 0.053030 -0.000007 0.107628 0.057917 -0.000009'/>
				</IndexedFaceSet>
			</Shape>
			<Shape DEF='_IDX_218'>
				<Appearance USE='Material_97_IDX_97'/>
				<IndexedFaceSet solid="false" coordIndex='0 1 2 3 -1'>
					<Coordinate point='0.322889 0.173739 -0.002073 0.330364 0.159080 -0.001653 0.220237 0.106060 -0.000218 0.215257 0.115834 -0.000273'/>
				</IndexedFaceSet>
			</Shape>
			<Shape DEF='_IDX_219'>
				<Appearance USE='Material_96_IDX_96'/>
				<IndexedFaceSet solid="false" coordIndex='0 1 2 3 -1'>
					<Coordinate point='0.430561 0.231498 -0.008734 0.440584 0.211982 -0.006965 0.330364 0.159080 -0.001653 0.322889 0.173739 -0.002073'/>
				</IndexedFaceSet>
			</Shape>
			<Shape DEF='_IDX_220'>
				<Appearance USE='Material_95_IDX_95'/>
				<IndexedFaceSet solid="false" coordIndex='0 1 2 3 -1'>
					<Coordinate point='0.538493 0.288313 -0.026655 0.551416 0.264119 -0.021256 0.440584 0.211982 -0.006965 0.430561 0.231498 -0.008734'/>
				</IndexedFaceSet>
			</Shape>
			<Shape DEF='_IDX_221'>
				<Appearance USE='Material_94_IDX_94'/>
				<IndexedFaceSet solid="false" coordIndex='0 1 2 3 -1'>
					<Coordinate point='0.647583 0.340934 -0.066325 0.664960 0.312853 -0.052893 0.551416 0.264119 -0.021256 0.538493 0.288313 -0.026655'/>
				</IndexedFaceSet>
			</Shape>
			<Shape DEF='_IDX_222'>
				<Appearance USE='Material_93_IDX_93'/>
				<IndexedFaceSet solid="false" coordIndex='0 1 2 3 -1'>
					<Coordinate point='0.760658 0.379115 -0.143355 0.787843 0.349876 -0.114322 0.664960 0.312853 -0.052893 0.647583 0.340934 -0.066325'/>
				</IndexedFaceSet>
			</Shape>
			<Shape DEF='_IDX_223'>
				<Appearance USE='Material_92_IDX_92'/>
				<IndexedFaceSet solid="false" coordIndex='0 1 2 3 -1'>
					<Coordinate point='0.885174 0.375844 -0.279495 0.937538 0.353279 -0.222890 0.787843 0.349876 -0.114322 0.760658 0.379115 -0.143355'/>
				</IndexedFaceSet>
			</Shape>
			<Shape DEF='_IDX_224'>
				<Appearance DEF='Material_131_IDX_131'>
					<Material diffuseColor='0.257959 0.440214 0.807549'/>
					
				</Appearance>
				<IndexedFaceSet solid="false" coordIndex='0 1 2 3 -1'>
					<Coordinate point='1.038355 0.268703 -0.503659 1.154416 0.272437 -0.401655 0.937538 0.353279 -0.222890 0.885174 0.375844 -0.279495'/>
				</IndexedFaceSet>
			</Shape>
			<Shape DEF='_IDX_225'>
				<Appearance USE='Material_108_IDX_108'/>
				<IndexedFaceSet solid="false" coordIndex='0 1 2 3 -1'>
					<Coordinate point='0.110118 0.053030 -0.000007 0.112387 0.048036 -0.000005 0.000000 0.000000 0.000000 0.000000 0.000000 0.000000'/>
				</IndexedFaceSet>
			</Shape>
			<Shape DEF='_IDX_226'>
				<Appearance USE='Material_107_IDX_107'/>
				<IndexedFaceSet solid="false" coordIndex='0 1 2 3 -1'>
					<Coordinate point='0.220237 0.106060 -0.000218 0.224774 0.096073 -0.000151 0.112387 0.048036 -0.000005 0.110118 0.053030 -0.000007'/>
				</IndexedFaceSet>
			</Shape>
			<Shape DEF='_IDX_227'>
				<Appearance USE='Material_106_IDX_106'/>
				<IndexedFaceSet solid="false" coordIndex='0 1 2 3 -1'>
					<Coordinate point='0.330364 0.159080 -0.001653 0.337172 0.144103 -0.001150 0.224774 0.096073 -0.000151 0.220237 0.106060 -0.000218'/>
				</IndexedFaceSet>
			</Shape>
			<Shape DEF='_IDX_228'>
				<Appearance USE='Material_105_IDX_105'/>
				<IndexedFaceSet solid="false" coordIndex='0 1 2 3 -1'>
					<Coordinate point='0.440584 0.211982 -0.006965 0.449703 0.192062 -0.004847 0.337172 0.144103 -0.001150 0.330364 0.159080 -0.001653'/>
				</IndexedFaceSet>
			</Shape>
			<Shape DEF='_IDX_229'>
				<Appearance USE='Material_104_IDX_104'/>
				<IndexedFaceSet solid="false" coordIndex='0 1 2 3 -1'>
					<Coordinate point='0.551416 0.264119 -0.021256 0.563097 0.239556 -0.014792 0.449703 0.192062 -0.004847 0.440584 0.211982 -0.006965'/>
				</IndexedFaceSet>
			</Shape>
			<Shape DEF='_IDX_230'>
				<Appearance USE='Material_103_IDX_103'/>
				<IndexedFaceSet solid="false" coordIndex='0 1 2 3 -1'>
					<Coordinate point='0.664960 0.312853 -0.052893 0.680322 0.284989 -0.036808 0.563097 0.239556 -0.014792 0.551416 0.264119 -0.021256'/>
				</IndexedFaceSet>
			</Shape>
			<Shape DEF='_IDX_231'>
				<Appearance USE='Material_102_IDX_102'/>
				<IndexedFaceSet solid="false" coordIndex='0 1 2 3 -1'>
					<Coordinate point='0.787843 0.349876 -0.114322 0.810738 0.323323 -0.079556 0.680322 0.284989 -0.036808 0.664960 0.312853 -0.052893'/>
				</IndexedFaceSet>
			</Shape>
			<Shape DEF='_IDX_232'>
				<Appearance USE='Material_101_IDX_101'/>
				<IndexedFaceSet solid="false" coordIndex='0 1 2 3 -1'>
					<Coordinate point='0.937538 0.353279 -0.222890 0.979021 0.341280 -0.155108 0.810738 0.323323 -0.079556 0.787843 0.349876 -0.114322'/>
				</IndexedFaceSet>
			</Shape>
			<Shape DEF='_IDX_233'>
				<Appearance USE='Material_100_IDX_100'/>
				<IndexedFaceSet solid="false" coordIndex='0 1 2 3 -1'>
					<Coordinate point='1.154416 0.272437 -0.401655 1.242191 0.308177 -0.279510 0.979021 0.341280 -0.155108 0.937538 0.353279 -0.222890'/>
				</IndexedFaceSet>
			</Shape>
			<Shape DEF='_IDX_234'>
				<Appearance USE='Material_117_IDX_117'/>
				<IndexedFaceSet solid="false" coordIndex='0 1 2 3 -1'>
					<Coordinate point='0.112387 0.048036 -0.000005 0.114429 0.042946 -0.000002 0.000000 0.000000 0.000000 0.000000 0.000000 0.000000'/>
				</IndexedFaceSet>
			</Shape>
			<Shape DEF='_IDX_235'>
				<Appearance USE='Material_116_IDX_116'/>
				<IndexedFaceSet solid="false" coordIndex='0 1 2 3 -1'>
					<Coordinate point='0.224774 0.096073 -0.000151 0.228858 0.085892 -0.000078 0.114429 0.042946 -0.000002 0.112387 0.048036 -0.000005'/>
				</IndexedFaceSet>
			</Shape>
			<Shape DEF='_IDX_236'>
				<Appearance USE='Material_115_IDX_115'/>
				<IndexedFaceSet solid="false" coordIndex='0 1 2 3 -1'>
					<Coordinate point='0.337172 0.144103 -0.001150 0.343299 0.128836 -0.000590 0.228858 0.085892 -0.000078 0.224774 0.096073 -0.000151'/>
				</IndexedFaceSet>
			</Shape>
			<Shape DEF='_IDX_237'>
				<Appearance USE='Material_114_IDX_114'/>
				<IndexedFaceSet solid="false" coordIndex='0 1 2 3 -1'>
					<Coordinate point='0.449703 0.192062 -0.004847 0.457891 0.171767 -0.002486 0.343299 0.128836 -0.000590 0.337172 0.144103 -0.001150'/>
				</IndexedFaceSet>
			</Shape>
			<Shape DEF='_IDX_238'>
				<Appearance USE='Material_113_IDX_113'/>
				<IndexedFaceSet solid="false" coordIndex='0 1 2 3 -1'>
					<Coordinate point='0.563097 0.239556 -0.014792 0.573459 0.214611 -0.007586 0.457891 0.171767 -0.002486 0.449703 0.192062 -0.004847'/>
				</IndexedFaceSet>
			</Shape>
			<Shape DEF='_IDX_239'>
				<Appearance USE='Material_112_IDX_112'/>
				<IndexedFaceSet solid="false" coordIndex='0 1 2 3 -1'>
					<Coordinate point='0.680322 0.284989 -0.036808 0.693360 0.257064 -0.018877 0.573459 0.214611 -0.007586 0.563097 0.239556 -0.014792'/>
				</IndexedFaceSet>
			</Shape>
			<Shape DEF='_IDX_240'>
				<Appearance USE='Material_111_IDX_111'/>
				<IndexedFaceSet solid="false" coordIndex='0 1 2 3 -1'>
					<Coordinate point='0.810738 0.323323 -0.079556 0.828180 0.298175 -0.040801 0.693360 0.257064 -0.018877 0.680322 0.284989 -0.036808'/>
				</IndexedFaceSet>
			</Shape>
			<Shape DEF='_IDX_241'>
				<Appearance USE='Material_110_IDX_110'/>
				<IndexedFaceSet solid="false" coordIndex='0 1 2 3 -1'>
					<Coordinate point='0.979021 0.341280 -0.155108 1.005829 0.335430 -0.079548 0.828180 0.298175 -0.040801 0.810738 0.323323 -0.079556'/>
				</IndexedFaceSet>
			</Shape>
			<Shape DEF='_IDX_242'>
				<Appearance USE='Material_109_IDX_109'/>
				<IndexedFaceSet solid="false" coordIndex='0 1 2 3 -1'>
					<Coordinate point='1.242191 0.308177 -0.279510 1.290798 0.363027 -0.143349 1.005829 0.335430 -0.079548 0.979021 0.341280 -0.155108'/>
				</IndexedFaceSet>
			</Shape>
			<Shape DEF='_IDX_243'>
				<Appearance USE='Material_126_IDX_126'/>
				<IndexedFaceSet solid="false" coordIndex='0 1 2 3 -1'>
					<Coordinate point='0.114429 0.042946 -0.000002 0.116240 0.037769 -0.000000 0.000000 0.000000 0.000000 0.000000 0.000000 0.000000'/>
				</IndexedFaceSet>
			</Shape>
			<Shape DEF='_IDX_244'>
				<Appearance USE='Material_125_IDX_125'/>
				<IndexedFaceSet solid="false" coordIndex='0 1 2 3 -1'>
					<Coordinate point='0.228858 0.085892 -0.000078 0.232481 0.075538 -0.000000 0.116240 0.037769 -0.000000 0.114429 0.042946 -0.000002'/>
				</IndexedFaceSet>
			</Shape>
			<Shape DEF='_IDX_245'>
				<Appearance USE='Material_124_IDX_124'/>
				<IndexedFaceSet solid="false" coordIndex='0 1 2 3 -1'>
					<Coordinate point='0.343299 0.128836 -0.000590 0.348733 0.113310 -0.000000 0.232481 0.075538 -0.000000 0.228858 0.085892 -0.000078'/>
				</IndexedFaceSet>
			</Shape>
			<Shape DEF='_IDX_246'>
				<Appearance USE='Material_123_IDX_123'/>
				<IndexedFaceSet solid="false" coordIndex='0 1 2 3 -1'>
					<Coordinate point='0.457891 0.171767 -0.002486 0.465130 0.151130 -0.000000 0.348733 0.113310 -0.000000 0.343299 0.128836 -0.000590'/>
				</IndexedFaceSet>
			</Shape>
			<Shape DEF='_IDX_247'>
				<Appearance USE='Material_122_IDX_122'/>
				<IndexedFaceSet solid="false" coordIndex='0 1 2 3 -1'>
					<Coordinate point='0.573459 0.214611 -0.007586 0.582457 0.189252 -0.000000 0.465130 0.151130 -0.000000 0.457891 0.171767 -0.002486'/>
				</IndexedFaceSet>
			</Shape>
			<Shape DEF='_IDX_248'>
				<Appearance USE='Material_121_IDX_121'/>
				<IndexedFaceSet solid="false" coordIndex='0 1 2 3 -1'>
					<Coordinate point='0.693360 0.257064 -0.018877 0.703923 0.228718 -0.000000 0.582457 0.189252 -0.000000 0.573459 0.214611 -0.007586'/>
				</IndexedFaceSet>
			</Shape>
			<Shape DEF='_IDX_249'>
				<Appearance USE='Material_120_IDX_120'/>
				<IndexedFaceSet solid="false" coordIndex='0 1 2 3 -1'>
					<Coordinate point='0.828180 0.298175 -0.040801 0.839635 0.272814 -0.000000 0.703923 0.228718 -0.000000 0.693360 0.257064 -0.018877'/>
				</IndexedFaceSet>
			</Shape>
			<Shape DEF='_IDX_250'>
				<Appearance USE='Material_119_IDX_119'/>
				<IndexedFaceSet solid="false" coordIndex='0 1 2 3 -1'>
					<Coordinate point='1.005829 0.335430 -0.079548 1.016245 0.330198 -0.000000 0.839635 0.272814 -0.000000 0.828180 0.298175 -0.040801'/>
				</IndexedFaceSet>
			</Shape>
			<Shape DEF='_IDX_251'>
				<Appearance USE='Material_118_IDX_118'/>
				<IndexedFaceSet solid="false" coordIndex='0 1 2 3 -1'>
					<Coordinate point='1.290798 0.363027 -0.143349 1.295334 0.420879 -0.000000 1.016245 0.330198 -0.000000 1.005829 0.335430 -0.079548'/>
				</IndexedFaceSet>
			</Shape>
			<Shape DEF='_IDX_252'>
				<Appearance USE='Material_1_IDX_1'/>
				<IndexedFaceSet solid="false" coordIndex='0 1 2 3 -1'>
					<Coordinate point='0.037769 -0.116240 0.000011 0.032516 -0.117818 0.000011 0.000000 0.000000 0.000000 0.000000 0.000000 0.000000'/>
				</IndexedFaceSet>
			</Shape>
			<Shape DEF='_IDX_253'>
				<Appearance USE='Material_2_IDX_2'/>
				<IndexedFaceSet solid="false" coordIndex='0 1 2 3 -1'>
					<Coordinate point='0.075537 -0.232480 0.000349 0.065031 -0.235635 0.000340 0.032516 -0.117818 0.000011 0.037769 -0.116240 0.000011'/>
				</IndexedFaceSet>
			</Shape>
			<Shape DEF='_IDX_254'>
				<Appearance USE='Material_3_IDX_3'/>
				<IndexedFaceSet solid="false" coordIndex='0 1 2 3 -1'>
					<Coordinate point='0.113302 -0.348708 0.002651 0.097538 -0.353443 0.002585 0.065031 -0.235635 0.000340 0.075537 -0.232480 0.000349'/>
				</IndexedFaceSet>
			</Shape>
			<Shape DEF='_IDX_255'>
				<Appearance USE='Material_4_IDX_4'/>
				<IndexedFaceSet solid="false" coordIndex='0 1 2 3 -1'>
					<Coordinate point='0.151020 -0.464792 0.011171 0.129946 -0.471137 0.010891 0.097538 -0.353443 0.002585 0.113302 -0.348708 0.002651'/>
				</IndexedFaceSet>
			</Shape>
			<Shape DEF='_IDX_256'>
				<Appearance USE='Material_5_IDX_5'/>
				<IndexedFaceSet solid="false" coordIndex='0 1 2 3 -1'>
					<Coordinate point='0.188436 -0.579945 0.034093 0.161709 -0.588094 0.033238 0.129946 -0.471137 0.010891 0.151020 -0.464792 0.011171'/>
				</IndexedFaceSet>
			</Shape>
			<Shape DEF='_IDX_257'>
				<Appearance USE='Material_6_IDX_6'/>
				<IndexedFaceSet solid="false" coordIndex='0 1 2 3 -1'>
					<Coordinate point='0.224506 -0.690960 0.084833 0.190610 -0.701774 0.082706 0.161709 -0.588094 0.033238 0.188436 -0.579945 0.034093'/>
				</IndexedFaceSet>
			</Shape>
			<Shape DEF='_IDX_258'>
				<Appearance USE='Material_7_IDX_7'/>
				<IndexedFaceSet solid="false" coordIndex='0 1 2 3 -1'>
					<Coordinate point='0.255948 -0.787728 0.183359 0.209655 -0.804173 0.178761 0.190610 -0.701774 0.082706 0.224506 -0.690960 0.084833'/>
				</IndexedFaceSet>
			</Shape>
			<Shape DEF='_IDX_259'>
				<Appearance USE='Material_8_IDX_8'/>
				<IndexedFaceSet solid="false" coordIndex='0 1 2 3 -1'>
					<Coordinate point='0.274102 -0.843599 0.357487 0.200407 -0.874189 0.348525 0.209655 -0.804173 0.178761 0.255948 -0.787728 0.183359'/>
				</IndexedFaceSet>
			</Shape>
			<Shape DEF='_IDX_260'>
				<Appearance USE='Material_9_IDX_9'/>
				<IndexedFaceSet solid="false" coordIndex='0 1 2 3 -1'>
					<Coordinate point='0.258958 -0.796991 0.644204 0.120264 -0.863059 0.628052 0.200407 -0.874189 0.348525 0.274102 -0.843599 0.357487'/>
				</IndexedFaceSet>
			</Shape>
			<Shape DEF='_IDX_261'>
				<Appearance USE='Material_10_IDX_10'/>
				<IndexedFaceSet solid="false" coordIndex='0 1 2 3 -1'>
					<Coordinate point='0.032516 -0.117818 0.000011 0.027197 -0.119158 0.000010 0.000000 0.000000 0.000000 0.000000 0.000000 0.000000'/>
				</IndexedFaceSet>
			</Shape>
			<Shape DEF='_IDX_262'>
				<Appearance USE='Material_11_IDX_11'/>
				<IndexedFaceSet solid="false" coordIndex='0 1 2 3 -1'>
					<Coordinate point='0.065031 -0.235635 0.000340 0.054394 -0.238316 0.000315 0.027197 -0.119158 0.000010 0.032516 -0.117818 0.000011'/>
				</IndexedFaceSet>
			</Shape>
			<Shape DEF='_IDX_263'>
				<Appearance USE='Material_12_IDX_12'/>
				<IndexedFaceSet solid="false" coordIndex='0 1 2 3 -1'>
					<Coordinate point='0.097538 -0.353443 0.002585 0.081579 -0.357468 0.002389 0.054394 -0.238316 0.000315 0.065031 -0.235635 0.000340'/>
				</IndexedFaceSet>
			</Shape>
			<Shape DEF='_IDX_264'>
				<Appearance USE='Material_13_IDX_13'/>
				<IndexedFaceSet solid="false" coordIndex='0 1 2 3 -1'>
					<Coordinate point='0.129946 -0.471137 0.010891 0.108628 -0.476555 0.010065 0.081579 -0.357468 0.002389 0.097538 -0.353443 0.002585'/>
				</IndexedFaceSet>
			</Shape>
			<Shape DEF='_IDX_265'>
				<Appearance USE='Material_14_IDX_14'/>
				<IndexedFaceSet solid="false" coordIndex='0 1 2 3 -1'>
					<Coordinate point='0.161709 -0.588094 0.033238 0.134795 -0.595216 0.030716 0.108628 -0.476555 0.010065 0.129946 -0.471137 0.010891'/>
				</IndexedFaceSet>
			</Shape>
			<Shape DEF='_IDX_266'>
				<Appearance USE='Material_15_IDX_15'/>
				<IndexedFaceSet solid="false" coordIndex='0 1 2 3 -1'>
					<Coordinate point='0.190610 -0.701774 0.082706 0.157042 -0.711990 0.076432 0.134795 -0.595216 0.030716 0.161709 -0.588094 0.033238'/>
				</IndexedFaceSet>
			</Shape>
			<Shape DEF='_IDX_267'>
				<Appearance USE='Material_16_IDX_16'/>
				<IndexedFaceSet solid="false" coordIndex='0 1 2 3 -1'>
					<Coordinate point='0.209655 -0.804173 0.178761 0.165792 -0.822265 0.165200 0.157042 -0.711990 0.076432 0.190610 -0.701774 0.082706'/>
				</IndexedFaceSet>
			</Shape>
			<Shape DEF='_IDX_268'>
				<Appearance USE='Material_17_IDX_17'/>
				<IndexedFaceSet solid="false" coordIndex='0 1 2 3 -1'>
					<Coordinate point='0.200407 -0.874189 0.348525 0.135799 -0.913881 0.322085 0.165792 -0.822265 0.165200 0.209655 -0.804173 0.178761'/>
				</IndexedFaceSet>
			</Shape>
			<Shape DEF='_IDX_269'>
				<Appearance USE='Material_18_IDX_18'/>
				<IndexedFaceSet solid="false" coordIndex='0 1 2 3 -1'>
					<Coordinate point='0.120264 -0.863059 0.628052 0.008724 -0.958746 0.580408 0.135799 -0.913881 0.322085 0.200407 -0.874189 0.348525'/>
				</IndexedFaceSet>
			</Shape>
			<Shape DEF='_IDX_270'>
				<Appearance USE='Material_19_IDX_19'/>
				<IndexedFaceSet solid="false" coordIndex='0 1 2 3 -1'>
					<Coordinate point='0.027197 -0.119158 0.000010 0.021824 -0.120258 0.000009 0.000000 0.000000 0.000000 0.000000 0.000000 0.000000'/>
				</IndexedFaceSet>
			</Shape>
			<Shape DEF='_IDX_271'>
				<Appearance USE='Material_20_IDX_20'/>
				<IndexedFaceSet solid="false" coordIndex='0 1 2 3 -1'>
					<Coordinate point='0.054394 -0.238316 0.000315 0.043647 -0.240516 0.000273 0.021824 -0.120258 0.000009 0.027197 -0.119158 0.000010'/>
				</IndexedFaceSet>
			</Shape>
			<Shape DEF='_IDX_272'>
				<Appearance USE='Material_21_IDX_21'/>
				<IndexedFaceSet solid="false" coordIndex='0 1 2 3 -1'>
					<Coordinate point='0.081579 -0.357468 0.002389 0.065458 -0.360774 0.002073 0.043647 -0.240516 0.000273 0.054394 -0.238316 0.000315'/>
				</IndexedFaceSet>
			</Shape>
			<Shape DEF='_IDX_273'>
				<Appearance USE='Material_22_IDX_22'/>
				<IndexedFaceSet solid="false" coordIndex='0 1 2 3 -1'>
					<Coordinate point='0.108628 -0.476555 0.010065 0.087117 -0.481024 0.008734 0.065458 -0.360774 0.002073 0.081579 -0.357468 0.002389'/>
				</IndexedFaceSet>
			</Shape>
			<Shape DEF='_IDX_274'>
				<Appearance USE='Material_23_IDX_23'/>
				<IndexedFaceSet solid="false" coordIndex='0 1 2 3 -1'>
					<Coordinate point='0.134795 -0.595216 0.030716 0.107799 -0.601231 0.026655 0.087117 -0.481024 0.008734 0.108628 -0.476555 0.010065'/>
				</IndexedFaceSet>
			</Shape>
			<Shape DEF='_IDX_275'>
				<Appearance USE='Material_24_IDX_24'/>
				<IndexedFaceSet solid="false" coordIndex='0 1 2 3 -1'>
					<Coordinate point='0.157042 -0.711990 0.076432 0.124134 -0.721243 0.066325 0.107799 -0.601231 0.026655 0.134795 -0.595216 0.030716'/>
				</IndexedFaceSet>
			</Shape>
			<Shape DEF='_IDX_276'>
				<Appearance USE='Material_25_IDX_25'/>
				<IndexedFaceSet solid="false" coordIndex='0 1 2 3 -1'>
					<Coordinate point='0.165792 -0.822265 0.165200 0.125504 -0.840582 0.143355 0.124134 -0.721243 0.066325 0.157042 -0.711990 0.076432'/>
				</IndexedFaceSet>
			</Shape>
			<Shape DEF='_IDX_277'>
				<Appearance USE='Material_26_IDX_26'/>
				<IndexedFaceSet solid="false" coordIndex='0 1 2 3 -1'>
					<Coordinate point='0.135799 -0.913881 0.322085 0.083915 -0.957992 0.279495 0.125504 -0.840582 0.143355 0.165792 -0.822265 0.165200'/>
				</IndexedFaceSet>
			</Shape>
			<Shape DEF='_IDX_278'>
				<Appearance USE='Material_27_IDX_27'/>
				<IndexedFaceSet solid="false" coordIndex='0 1 2 3 -1'>
					<Coordinate point='0.008724 -0.958746 0.580408 -0.065318 -1.070568 0.503659 0.083915 -0.957992 0.279495 0.135799 -0.913881 0.322085'/>
				</IndexedFaceSet>
			</Shape>
			<Shape DEF='_IDX_279'>
				<Appearance USE='Material_28_IDX_28'/>
				<IndexedFaceSet solid="false" coordIndex='0 1 2 3 -1'>
					<Coordinate point='0.021824 -0.120258 0.000009 0.016406 -0.121116 0.000007 0.000000 0.000000 0.000000 0.000000 0.000000 0.000000'/>
				</IndexedFaceSet>
			</Shape>
			<Shape DEF='_IDX_280'>
				<Appearance USE='Material_29_IDX_29'/>
				<IndexedFaceSet solid="false" coordIndex='0 1 2 3 -1'>
					<Coordinate point='0.043647 -0.240516 0.000273 0.032812 -0.242232 0.000218 0.016406 -0.121116 0.000007 0.021824 -0.120258 0.000009'/>
				</IndexedFaceSet>
			</Shape>
			<Shape DEF='_IDX_281'>
				<Appearance USE='Material_30_IDX_30'/>
				<IndexedFaceSet solid="false" coordIndex='0 1 2 3 -1'>
					<Coordinate point='0.065458 -0.360774 0.002073 0.049206 -0.363353 0.001653 0.032812 -0.242232 0.000218 0.043647 -0.240516 0.000273'/>
				</IndexedFaceSet>
			</Shape>
			<Shape DEF='_IDX_282'>
				<Appearance USE='Material_31_IDX_31'/>
				<IndexedFaceSet solid="false" coordIndex='0 1 2 3 -1'>
					<Coordinate point='0.087117 -0.481024 0.008734 0.065459 -0.484527 0.006965 0.049206 -0.363353 0.001653 0.065458 -0.360774 0.002073'/>
				</IndexedFaceSet>
			</Shape>
			<Shape DEF='_IDX_283'>
				<Appearance USE='Material_32_IDX_32'/>
				<IndexedFaceSet solid="false" coordIndex='0 1 2 3 -1'>
					<Coordinate point='0.107799 -0.601231 0.026655 0.080795 -0.606045 0.021256 0.065459 -0.484527 0.006965 0.087117 -0.481024 0.008734'/>
				</IndexedFaceSet>
			</Shape>
			<Shape DEF='_IDX_284'>
				<Appearance USE='Material_33_IDX_33'/>
				<IndexedFaceSet solid="false" coordIndex='0 1 2 3 -1'>
					<Coordinate point='0.124134 -0.721243 0.066325 0.092057 -0.729091 0.052893 0.080795 -0.606045 0.021256 0.107799 -0.601231 0.026655'/>
				</IndexedFaceSet>
			</Shape>
			<Shape DEF='_IDX_285'>
				<Appearance USE='Material_34_IDX_34'/>
				<IndexedFaceSet solid="false" coordIndex='0 1 2 3 -1'>
					<Coordinate point='0.125504 -0.840582 0.143355 0.089295 -0.857401 0.114322 0.092057 -0.729091 0.052893 0.124134 -0.721243 0.066325'/>
				</IndexedFaceSet>
			</Shape>
			<Shape DEF='_IDX_286'>
				<Appearance USE='Material_35_IDX_35'/>
				<IndexedFaceSet solid="false" coordIndex='0 1 2 3 -1'>
					<Coordinate point='0.083915 -0.957992 0.279495 0.046273 -1.000821 0.222890 0.089295 -0.857401 0.114322 0.125504 -0.840582 0.143355'/>
				</IndexedFaceSet>
			</Shape>
			<Shape DEF='_IDX_287'>
				<Appearance USE='Material_36_IDX_36'/>
				<IndexedFaceSet solid="false" coordIndex='0 1 2 3 -1'>
					<Coordinate point='-0.065318 -1.070568 0.503659 -0.097631 -1.182103 0.401655 0.046273 -1.000821 0.222890 0.083915 -0.957992 0.279495'/>
				</IndexedFaceSet>
			</Shape>
			<Shape DEF='_IDX_288'>
				<Appearance USE='Material_37_IDX_37'/>
				<IndexedFaceSet solid="false" coordIndex='0 1 2 3 -1'>
					<Coordinate point='0.016406 -0.121116 0.000007 0.010956 -0.121730 0.000005 0.000000 0.000000 0.000000 0.000000 0.000000 0.000000'/>
				</IndexedFaceSet>
			</Shape>
			<Shape DEF='_IDX_289'>
				<Appearance USE='Material_38_IDX_38'/>
				<IndexedFaceSet solid="false" coordIndex='0 1 2 3 -1'>
					<Coordinate point='0.032812 -0.242232 0.000218 0.021912 -0.243461 0.000151 0.010956 -0.121730 0.000005 0.016406 -0.121116 0.000007'/>
				</IndexedFaceSet>
			</Shape>
			<Shape DEF='_IDX_290'>
				<Appearance USE='Material_39_IDX_39'/>
				<IndexedFaceSet solid="false" coordIndex='0 1 2 3 -1'>
					<Coordinate point='0.049206 -0.363353 0.001653 0.032858 -0.365200 0.001150 0.021912 -0.243461 0.000151 0.032812 -0.242232 0.000218'/>
				</IndexedFaceSet>
			</Shape>
			<Shape DEF='_IDX_291'>
				<Appearance USE='Material_40_IDX_40'/>
				<IndexedFaceSet solid="false" coordIndex='0 1 2 3 -1'>
					<Coordinate point='0.065459 -0.484527 0.006965 0.043696 -0.487043 0.004847 0.032858 -0.365200 0.001150 0.049206 -0.363353 0.001653'/>
				</IndexedFaceSet>
			</Shape>
			<Shape DEF='_IDX_292'>
				<Appearance USE='Material_41_IDX_41'/>
				<IndexedFaceSet solid="false" coordIndex='0 1 2 3 -1'>
					<Coordinate point='0.080795 -0.606045 0.021256 0.053825 -0.609564 0.014792 0.043696 -0.487043 0.004847 0.065459 -0.484527 0.006965'/>
				</IndexedFaceSet>
			</Shape>
			<Shape DEF='_IDX_293'>
				<Appearance USE='Material_42_IDX_42'/>
				<IndexedFaceSet solid="false" coordIndex='0 1 2 3 -1'>
					<Coordinate point='0.092057 -0.729091 0.052893 0.060810 -0.735091 0.036808 0.053825 -0.609564 0.014792 0.080795 -0.606045 0.021256'/>
				</IndexedFaceSet>
			</Shape>
			<Shape DEF='_IDX_294'>
				<Appearance USE='Material_43_IDX_43'/>
				<IndexedFaceSet solid="false" coordIndex='0 1 2 3 -1'>
					<Coordinate point='0.089295 -0.857401 0.114322 0.056967 -0.870970 0.079556 0.060810 -0.735091 0.036808 0.092057 -0.729091 0.052893'/>
				</IndexedFaceSet>
			</Shape>
			<Shape DEF='_IDX_295'>
				<Appearance USE='Material_44_IDX_44'/>
				<IndexedFaceSet solid="false" coordIndex='0 1 2 3 -1'>
					<Coordinate point='0.046273 -1.000821 0.222890 0.022043 -1.036566 0.155108 0.056967 -0.870970 0.079556 0.089295 -0.857401 0.114322'/>
				</IndexedFaceSet>
			</Shape>
			<Shape DEF='_IDX_296'>
				<Appearance USE='Material_45_IDX_45'/>
				<IndexedFaceSet solid="false" coordIndex='0 1 2 3 -1'>
					<Coordinate point='-0.097631 -1.182103 0.401655 -0.090765 -1.276626 0.279510 0.022043 -1.036566 0.155108 0.046273 -1.000821 0.222890'/>
				</IndexedFaceSet>
			</Shape>
			<Shape DEF='_IDX_297'>
				<Appearance USE='Material_46_IDX_46'/>
				<IndexedFaceSet solid="false" coordIndex='0 1 2 3 -1'>
					<Coordinate point='0.010956 -0.121730 0.000005 0.005483 -0.122099 0.000002 0.000000 0.000000 0.000000 0.000000 0.000000 0.000000'/>
				</IndexedFaceSet>
			</Shape>
			<Shape DEF='_IDX_298'>
				<Appearance USE='Material_47_IDX_47'/>
				<IndexedFaceSet solid="false" coordIndex='0 1 2 3 -1'>
					<Coordinate point='0.021912 -0.243461 0.000151 0.010967 -0.244199 0.000078 0.005483 -0.122099 0.000002 0.010956 -0.121730 0.000005'/>
				</IndexedFaceSet>
			</Shape>
			<Shape DEF='_IDX_299'>
				<Appearance USE='Material_48_IDX_48'/>
				<IndexedFaceSet solid="false" coordIndex='0 1 2 3 -1'>
					<Coordinate point='0.032858 -0.365200 0.001150 0.016445 -0.366310 0.000590 0.010967 -0.244199 0.000078 0.021912 -0.243461 0.000151'/>
				</IndexedFaceSet>
			</Shape>
			<Shape DEF='_IDX_300'>
				<Appearance USE='Material_49_IDX_49'/>
				<IndexedFaceSet solid="false" coordIndex='0 1 2 3 -1'>
					<Coordinate point='0.043696 -0.487043 0.004847 0.021864 -0.488560 0.002486 0.016445 -0.366310 0.000590 0.032858 -0.365200 0.001150'/>
				</IndexedFaceSet>
			</Shape>
			<Shape DEF='_IDX_301'>
				<Appearance USE='Material_50_IDX_50'/>
				<IndexedFaceSet solid="false" coordIndex='0 1 2 3 -1'>
					<Coordinate point='0.053825 -0.609564 0.014792 0.026898 -0.611710 0.007586 0.021864 -0.488560 0.002486 0.043696 -0.487043 0.004847'/>
				</IndexedFaceSet>
			</Shape>
			<Shape DEF='_IDX_302'>
				<Appearance USE='Material_51_IDX_51'/>
				<IndexedFaceSet solid="false" coordIndex='0 1 2 3 -1'>
					<Coordinate point='0.060810 -0.735091 0.036808 0.030222 -0.738862 0.018877 0.026898 -0.611710 0.007586 0.053825 -0.609564 0.014792'/>
				</IndexedFaceSet>
			</Shape>
			<Shape DEF='_IDX_303'>
				<Appearance USE='Material_52_IDX_52'/>
				<IndexedFaceSet solid="false" coordIndex='0 1 2 3 -1'>
					<Coordinate point='0.056967 -0.870970 0.079556 0.027659 -0.879787 0.040801 0.030222 -0.738862 0.018877 0.060810 -0.735091 0.036808'/>
				</IndexedFaceSet>
			</Shape>
			<Shape DEF='_IDX_304'>
				<Appearance USE='Material_53_IDX_53'/>
				<IndexedFaceSet solid="false" coordIndex='0 1 2 3 -1'>
					<Coordinate point='0.022043 -1.036566 0.155108 0.008195 -1.060254 0.079548 0.027659 -0.879787 0.040801 0.056967 -0.870970 0.079556'/>
				</IndexedFaceSet>
			</Shape>
			<Shape DEF='_IDX_305'>
				<Appearance USE='Material_54_IDX_54'/>
				<IndexedFaceSet solid="false" coordIndex='0 1 2 3 -1'>
					<Coordinate point='-0.090765 -1.276626 0.279510 -0.053619 -1.339803 0.143349 0.008195 -1.060254 0.079548 0.022043 -1.036566 0.155108'/>
				</IndexedFaceSet>
			</Shape>
			<Shape DEF='_IDX_306'>
				<Appearance USE='Material_55_IDX_55'/>
				<IndexedFaceSet solid="false" coordIndex='0 1 2 3 -1'>
					<Coordinate point='0.005483 -0.122099 0.000002 -0.000000 -0.122222 0.000000 0.000000 0.000000 0.000000 0.000000 0.000000 0.000000'/>
				</IndexedFaceSet>
			</Shape>
			<Shape DEF='_IDX_307'>
				<Appearance USE='Material_56_IDX_56'/>
				<IndexedFaceSet solid="false" coordIndex='0 1 2 3 -1'>
					<Coordinate point='0.010967 -0.244199 0.000078 0.000000 -0.244445 0.000000 -0.000000 -0.122222 0.000000 0.005483 -0.122099 0.000002'/>
				</IndexedFaceSet>
			</Shape>
			<Shape DEF='_IDX_308'>
				<Appearance USE='Material_57_IDX_57'/>
				<IndexedFaceSet solid="false" coordIndex='0 1 2 3 -1'>
					<Coordinate point='0.016445 -0.366310 0.000590 0.000000 -0.366680 0.000000 0.000000 -0.244445 0.000000 0.010967 -0.244199 0.000078'/>
				</IndexedFaceSet>
			</Shape>
			<Shape DEF='_IDX_309'>
				<Appearance USE='Material_58_IDX_58'/>
				<IndexedFaceSet solid="false" coordIndex='0 1 2 3 -1'>
					<Coordinate point='0.021864 -0.488560 0.002486 0.000000 -0.489066 0.000000 0.000000 -0.366680 0.000000 0.016445 -0.366310 0.000590'/>
				</IndexedFaceSet>
			</Shape>
			<Shape DEF='_IDX_310'>
				<Appearance USE='Material_59_IDX_59'/>
				<IndexedFaceSet solid="false" coordIndex='0 1 2 3 -1'>
					<Coordinate point='0.026898 -0.611710 0.007586 0.000000 -0.612432 -0.000000 0.000000 -0.489066 0.000000 0.021864 -0.488560 0.002486'/>
				</IndexedFaceSet>
			</Shape>
			<Shape DEF='_IDX_311'>
				<Appearance USE='Material_60_IDX_60'/>
				<IndexedFaceSet solid="false" coordIndex='0 1 2 3 -1'>
					<Coordinate point='0.030222 -0.738862 0.018877 0.000000 -0.740148 0.000000 0.000000 -0.612432 -0.000000 0.026898 -0.611710 0.007586'/>
				</IndexedFaceSet>
			</Shape>
			<Shape DEF='_IDX_312'>
				<Appearance USE='Material_61_IDX_61'/>
				<IndexedFaceSet solid="false" coordIndex='0 1 2 3 -1'>
					<Coordinate point='0.027659 -0.879787 0.040801 0.000000 -0.882845 -0.000000 0.000000 -0.740148 0.000000 0.030222 -0.738862 0.018877'/>
				</IndexedFaceSet>
			</Shape>
			<Shape DEF='_IDX_313'>
				<Appearance USE='Material_62_IDX_62'/>
				<IndexedFaceSet solid="false" coordIndex='0 1 2 3 -1'>
					<Coordinate point='0.008195 -1.060254 0.079548 0.000000 -1.068543 0.000000 0.000000 -0.882845 -0.000000 0.027659 -0.879787 0.040801'/>
				</IndexedFaceSet>
			</Shape>
			<Shape DEF='_IDX_314'>
				<Appearance USE='Material_63_IDX_63'/>
				<IndexedFaceSet solid="false" coordIndex='0 1 2 3 -1'>
					<Coordinate point='-0.053619 -1.339803 0.143349 0.000000 -1.361994 -0.000000 0.000000 -1.068543 0.000000 0.008195 -1.060254 0.079548'/>
				</IndexedFaceSet>
			</Shape>
			<Shape DEF='_IDX_315'>
				<Appearance USE='Material_64_IDX_64'/>
				<IndexedFaceSet solid="false" coordIndex='0 1 2 3 -1'>
					<Coordinate point='-0.274102 -0.843599 -0.357487 -0.200407 -0.874189 -0.348525 -0.120264 -0.863059 -0.628052 -0.258958 -0.796991 -0.644204'/>
				</IndexedFaceSet>
			</Shape>
			<Shape DEF='_IDX_316'>
				<Appearance USE='Material_65_IDX_65'/>
				<IndexedFaceSet solid="false" coordIndex='0 1 2 3 -1'>
					<Coordinate point='-0.255948 -0.787728 -0.183359 -0.209655 -0.804173 -0.178761 -0.200407 -0.874189 -0.348525 -0.274102 -0.843599 -0.357487'/>
				</IndexedFaceSet>
			</Shape>
			<Shape DEF='_IDX_317'>
				<Appearance USE='Material_66_IDX_66'/>
				<IndexedFaceSet solid="false" coordIndex='0 1 2 3 -1'>
					<Coordinate point='-0.224506 -0.690960 -0.084833 -0.190610 -0.701774 -0.082706 -0.209655 -0.804173 -0.178761 -0.255948 -0.787728 -0.183359'/>
				</IndexedFaceSet>
			</Shape>
			<Shape DEF='_IDX_318'>
				<Appearance USE='Material_67_IDX_67'/>
				<IndexedFaceSet solid="false" coordIndex='0 1 2 3 -1'>
					<Coordinate point='-0.188436 -0.579945 -0.034093 -0.161709 -0.588094 -0.033238 -0.190610 -0.701774 -0.082706 -0.224506 -0.690960 -0.084833'/>
				</IndexedFaceSet>
			</Shape>
			<Shape DEF='_IDX_319'>
				<Appearance USE='Material_68_IDX_68'/>
				<IndexedFaceSet solid="false" coordIndex='0 1 2 3 -1'>
					<Coordinate point='-0.151020 -0.464792 -0.011171 -0.129946 -0.471137 -0.010891 -0.161709 -0.588094 -0.033238 -0.188436 -0.579945 -0.034093'/>
				</IndexedFaceSet>
			</Shape>
			<Shape DEF='_IDX_320'>
				<Appearance USE='Material_69_IDX_69'/>
				<IndexedFaceSet solid="false" coordIndex='0 1 2 3 -1'>
					<Coordinate point='-0.113302 -0.348708 -0.002651 -0.097538 -0.353443 -0.002585 -0.129946 -0.471137 -0.010891 -0.151020 -0.464792 -0.011171'/>
				</IndexedFaceSet>
			</Shape>
			<Shape DEF='_IDX_321'>
				<Appearance USE='Material_70_IDX_70'/>
				<IndexedFaceSet solid="false" coordIndex='0 1 2 3 -1'>
					<Coordinate point='-0.075537 -0.232480 -0.000349 -0.065031 -0.235635 -0.000340 -0.097538 -0.353443 -0.002585 -0.113302 -0.348708 -0.002651'/>
				</IndexedFaceSet>
			</Shape>
			<Shape DEF='_IDX_322'>
				<Appearance USE='Material_71_IDX_71'/>
				<IndexedFaceSet solid="false" coordIndex='0 1 2 3 -1'>
					<Coordinate point='-0.037769 -0.116240 -0.000011 -0.032516 -0.117818 -0.000011 -0.065031 -0.235635 -0.000340 -0.075537 -0.232480 -0.000349'/>
				</IndexedFaceSet>
			</Shape>
			<Shape DEF='_IDX_323'>
				<Appearance USE='Material_72_IDX_72'/>
				<IndexedFaceSet solid="false" coordIndex='0 1 2 3 -1'>
					<Coordinate point='0.000000 0.000000 0.000000 0.000000 0.000000 0.000000 -0.032516 -0.117818 -0.000011 -0.037769 -0.116240 -0.000011'/>
				</IndexedFaceSet>
			</Shape>
			<Shape DEF='_IDX_324'>
				<Appearance USE='Material_73_IDX_73'/>
				<IndexedFaceSet solid="false" coordIndex='0 1 2 3 -1'>
					<Coordinate point='-0.200407 -0.874189 -0.348525 -0.135799 -0.913881 -0.322085 -0.008724 -0.958746 -0.580408 -0.120264 -0.863059 -0.628052'/>
				</IndexedFaceSet>
			</Shape>
			<Shape DEF='_IDX_325'>
				<Appearance USE='Material_74_IDX_74'/>
				<IndexedFaceSet solid="false" coordIndex='0 1 2 3 -1'>
					<Coordinate point='-0.209655 -0.804173 -0.178761 -0.165792 -0.822265 -0.165200 -0.135799 -0.913881 -0.322085 -0.200407 -0.874189 -0.348525'/>
				</IndexedFaceSet>
			</Shape>
			<Shape DEF='_IDX_326'>
				<Appearance USE='Material_75_IDX_75'/>
				<IndexedFaceSet solid="false" coordIndex='0 1 2 3 -1'>
					<Coordinate point='-0.190610 -0.701774 -0.082706 -0.157042 -0.711990 -0.076432 -0.165792 -0.822265 -0.165200 -0.209655 -0.804173 -0.178761'/>
				</IndexedFaceSet>
			</Shape>
			<Shape DEF='_IDX_327'>
				<Appearance USE='Material_76_IDX_76'/>
				<IndexedFaceSet solid="false" coordIndex='0 1 2 3 -1'>
					<Coordinate point='-0.161709 -0.588094 -0.033238 -0.134795 -0.595216 -0.030716 -0.157042 -0.711990 -0.076432 -0.190610 -0.701774 -0.082706'/>
				</IndexedFaceSet>
			</Shape>
			<Shape DEF='_IDX_328'>
				<Appearance USE='Material_77_IDX_77'/>
				<IndexedFaceSet solid="false" coordIndex='0 1 2 3 -1'>
					<Coordinate point='-0.129946 -0.471137 -0.010891 -0.108628 -0.476555 -0.010065 -0.134795 -0.595216 -0.030716 -0.161709 -0.588094 -0.033238'/>
				</IndexedFaceSet>
			</Shape>
			<Shape DEF='_IDX_329'>
				<Appearance USE='Material_78_IDX_78'/>
				<IndexedFaceSet solid="false" coordIndex='0 1 2 3 -1'>
					<Coordinate point='-0.097538 -0.353443 -0.002585 -0.081579 -0.357468 -0.002389 -0.108628 -0.476555 -0.010065 -0.129946 -0.471137 -0.010891'/>
				</IndexedFaceSet>
			</Shape>
			<Shape DEF='_IDX_330'>
				<Appearance USE='Material_79_IDX_79'/>
				<IndexedFaceSet solid="false" coordIndex='0 1 2 3 -1'>
					<Coordinate point='-0.065031 -0.235635 -0.000340 -0.054394 -0.238316 -0.000315 -0.081579 -0.357468 -0.002389 -0.097538 -0.353443 -0.002585'/>
				</IndexedFaceSet>
			</Shape>
			<Shape DEF='_IDX_331'>
				<Appearance USE='Material_80_IDX_80'/>
				<IndexedFaceSet solid="false" coordIndex='0 1 2 3 -1'>
					<Coordinate point='-0.032516 -0.117818 -0.000011 -0.027197 -0.119158 -0.000010 -0.054394 -0.238316 -0.000315 -0.065031 -0.235635 -0.000340'/>
				</IndexedFaceSet>
			</Shape>
			<Shape DEF='_IDX_332'>
				<Appearance USE='Material_81_IDX_81'/>
				<IndexedFaceSet solid="false" coordIndex='0 1 2 3 -1'>
					<Coordinate point='0.000000 0.000000 0.000000 0.000000 0.000000 0.000000 -0.027197 -0.119158 -0.000010 -0.032516 -0.117818 -0.000011'/>
				</IndexedFaceSet>
			</Shape>
			<Shape DEF='_IDX_333'>
				<Appearance USE='Material_82_IDX_82'/>
				<IndexedFaceSet solid="false" coordIndex='0 1 2 3 -1'>
					<Coordinate point='-0.135799 -0.913881 -0.322085 -0.083915 -0.957992 -0.279495 0.065318 -1.070568 -0.503659 -0.008724 -0.958746 -0.580408'/>
				</IndexedFaceSet>
			</Shape>
			<Shape DEF='_IDX_334'>
				<Appearance USE='Material_83_IDX_83'/>
				<IndexedFaceSet solid="false" coordIndex='0 1 2 3 -1'>
					<Coordinate point='-0.165792 -0.822265 -0.165200 -0.125504 -0.840582 -0.143355 -0.083915 -0.957992 -0.279495 -0.135799 -0.913881 -0.322085'/>
				</IndexedFaceSet>
			</Shape>
			<Shape DEF='_IDX_335'>
				<Appearance USE='Material_84_IDX_84'/>
				<IndexedFaceSet solid="false" coordIndex='0 1 2 3 -1'>
					<Coordinate point='-0.157042 -0.711990 -0.076432 -0.124134 -0.721243 -0.066325 -0.125504 -0.840582 -0.143355 -0.165792 -0.822265 -0.165200'/>
				</IndexedFaceSet>
			</Shape>
			<Shape DEF='_IDX_336'>
				<Appearance USE='Material_85_IDX_85'/>
				<IndexedFaceSet solid="false" coordIndex='0 1 2 3 -1'>
					<Coordinate point='-0.134795 -0.595216 -0.030716 -0.107799 -0.601231 -0.026655 -0.124134 -0.721243 -0.066325 -0.157042 -0.711990 -0.076432'/>
				</IndexedFaceSet>
			</Shape>
			<Shape DEF='_IDX_337'>
				<Appearance USE='Material_86_IDX_86'/>
				<IndexedFaceSet solid="false" coordIndex='0 1 2 3 -1'>
					<Coordinate point='-0.108628 -0.476555 -0.010065 -0.087117 -0.481024 -0.008734 -0.107799 -0.601231 -0.026655 -0.134795 -0.595216 -0.030716'/>
				</IndexedFaceSet>
			</Shape>
			<Shape DEF='_IDX_338'>
				<Appearance USE='Material_87_IDX_87'/>
				<IndexedFaceSet solid="false" coordIndex='0 1 2 3 -1'>
					<Coordinate point='-0.081579 -0.357468 -0.002389 -0.065458 -0.360774 -0.002073 -0.087117 -0.481024 -0.008734 -0.108628 -0.476555 -0.010065'/>
				</IndexedFaceSet>
			</Shape>
			<Shape DEF='_IDX_339'>
				<Appearance USE='Material_88_IDX_88'/>
				<IndexedFaceSet solid="false" coordIndex='0 1 2 3 -1'>
					<Coordinate point='-0.054394 -0.238316 -0.000315 -0.043647 -0.240516 -0.000273 -0.065458 -0.360774 -0.002073 -0.081579 -0.357468 -0.002389'/>
				</IndexedFaceSet>
			</Shape>
			<Shape DEF='_IDX_340'>
				<Appearance USE='Material_89_IDX_89'/>
				<IndexedFaceSet solid="false" coordIndex='0 1 2 3 -1'>
					<Coordinate point='-0.027197 -0.119158 -0.000010 -0.021824 -0.120258 -0.000009 -0.043647 -0.240516 -0.000273 -0.054394 -0.238316 -0.000315'/>
				</IndexedFaceSet>
			</Shape>
			<Shape DEF='_IDX_341'>
				<Appearance USE='Material_90_IDX_90'/>
				<IndexedFaceSet solid="false" coordIndex='0 1 2 3 -1'>
					<Coordinate point='0.000000 0.000000 0.000000 0.000000 0.000000 0.000000 -0.021824 -0.120258 -0.000009 -0.027197 -0.119158 -0.000010'/>
				</IndexedFaceSet>
			</Shape>
			<Shape DEF='_IDX_342'>
				<Appearance USE='Material_91_IDX_91'/>
				<IndexedFaceSet solid="false" coordIndex='0 1 2 3 -1'>
					<Coordinate point='-0.083915 -0.957992 -0.279495 -0.046273 -1.000821 -0.222890 0.097631 -1.182103 -0.401655 0.065318 -1.070568 -0.503659'/>
				</IndexedFaceSet>
			</Shape>
			<Shape DEF='_IDX_343'>
				<Appearance USE='Material_92_IDX_92'/>
				<IndexedFaceSet solid="false" coordIndex='0 1 2 3 -1'>
					<Coordinate point='-0.125504 -0.840582 -0.143355 -0.089295 -0.857401 -0.114322 -0.046273 -1.000821 -0.222890 -0.083915 -0.957992 -0.279495'/>
				</IndexedFaceSet>
			</Shape>
			<Shape DEF='_IDX_344'>
				<Appearance USE='Material_93_IDX_93'/>
				<IndexedFaceSet solid="false" coordIndex='0 1 2 3 -1'>
					<Coordinate point='-0.124134 -0.721243 -0.066325 -0.092057 -0.729091 -0.052893 -0.089295 -0.857401 -0.114322 -0.125504 -0.840582 -0.143355'/>
				</IndexedFaceSet>
			</Shape>
			<Shape DEF='_IDX_345'>
				<Appearance USE='Material_94_IDX_94'/>
				<IndexedFaceSet solid="false" coordIndex='0 1 2 3 -1'>
					<Coordinate point='-0.107799 -0.601231 -0.026655 -0.080795 -0.606045 -0.021256 -0.092057 -0.729091 -0.052893 -0.124134 -0.721243 -0.066325'/>
				</IndexedFaceSet>
			</Shape>
			<Shape DEF='_IDX_346'>
				<Appearance USE='Material_95_IDX_95'/>
				<IndexedFaceSet solid="false" coordIndex='0 1 2 3 -1'>
					<Coordinate point='-0.087117 -0.481024 -0.008734 -0.065459 -0.484527 -0.006965 -0.080795 -0.606045 -0.021256 -0.107799 -0.601231 -0.026655'/>
				</IndexedFaceSet>
			</Shape>
			<Shape DEF='_IDX_347'>
				<Appearance USE='Material_96_IDX_96'/>
				<IndexedFaceSet solid="false" coordIndex='0 1 2 3 -1'>
					<Coordinate point='-0.065458 -0.360774 -0.002073 -0.049206 -0.363353 -0.001653 -0.065459 -0.484527 -0.006965 -0.087117 -0.481024 -0.008734'/>
				</IndexedFaceSet>
			</Shape>
			<Shape DEF='_IDX_348'>
				<Appearance USE='Material_97_IDX_97'/>
				<IndexedFaceSet solid="false" coordIndex='0 1 2 3 -1'>
					<Coordinate point='-0.043647 -0.240516 -0.000273 -0.032812 -0.242232 -0.000218 -0.049206 -0.363353 -0.001653 -0.065458 -0.360774 -0.002073'/>
				</IndexedFaceSet>
			</Shape>
			<Shape DEF='_IDX_349'>
				<Appearance USE='Material_98_IDX_98'/>
				<IndexedFaceSet solid="false" coordIndex='0 1 2 3 -1'>
					<Coordinate point='-0.021824 -0.120258 -0.000009 -0.016406 -0.121116 -0.000007 -0.032812 -0.242232 -0.000218 -0.043647 -0.240516 -0.000273'/>
				</IndexedFaceSet>
			</Shape>
			<Shape DEF='_IDX_350'>
				<Appearance USE='Material_99_IDX_99'/>
				<IndexedFaceSet solid="false" coordIndex='0 1 2 3 -1'>
					<Coordinate point='0.000000 0.000000 0.000000 0.000000 0.000000 0.000000 -0.016406 -0.121116 -0.000007 -0.021824 -0.120258 -0.000009'/>
				</IndexedFaceSet>
			</Shape>
			<Shape DEF='_IDX_351'>
				<Appearance USE='Material_100_IDX_100'/>
				<IndexedFaceSet solid="false" coordIndex='0 1 2 3 -1'>
					<Coordinate point='-0.046273 -1.000821 -0.222890 -0.022043 -1.036566 -0.155108 0.090765 -1.276626 -0.279510 0.097631 -1.182103 -0.401655'/>
				</IndexedFaceSet>
			</Shape>
			<Shape DEF='_IDX_352'>
				<Appearance USE='Material_101_IDX_101'/>
				<IndexedFaceSet solid="false" coordIndex='0 1 2 3 -1'>
					<Coordinate point='-0.089295 -0.857401 -0.114322 -0.056967 -0.870970 -0.079556 -0.022043 -1.036566 -0.155108 -0.046273 -1.000821 -0.222890'/>
				</IndexedFaceSet>
			</Shape>
			<Shape DEF='_IDX_353'>
				<Appearance USE='Material_102_IDX_102'/>
				<IndexedFaceSet solid="false" coordIndex='0 1 2 3 -1'>
					<Coordinate point='-0.092057 -0.729091 -0.052893 -0.060810 -0.735091 -0.036808 -0.056967 -0.870970 -0.079556 -0.089295 -0.857401 -0.114322'/>
				</IndexedFaceSet>
			</Shape>
			<Shape DEF='_IDX_354'>
				<Appearance USE='Material_103_IDX_103'/>
				<IndexedFaceSet solid="false" coordIndex='0 1 2 3 -1'>
					<Coordinate point='-0.080795 -0.606045 -0.021256 -0.053825 -0.609564 -0.014792 -0.060810 -0.735091 -0.036808 -0.092057 -0.729091 -0.052893'/>
				</IndexedFaceSet>
			</Shape>
			<Shape DEF='_IDX_355'>
				<Appearance USE='Material_104_IDX_104'/>
				<IndexedFaceSet solid="false" coordIndex='0 1 2 3 -1'>
					<Coordinate point='-0.065459 -0.484527 -0.006965 -0.043696 -0.487043 -0.004847 -0.053825 -0.609564 -0.014792 -0.080795 -0.606045 -0.021256'/>
				</IndexedFaceSet>
			</Shape>
			<Shape DEF='_IDX_356'>
				<Appearance USE='Material_105_IDX_105'/>
				<IndexedFaceSet solid="false" coordIndex='0 1 2 3 -1'>
					<Coordinate point='-0.049206 -0.363353 -0.001653 -0.032858 -0.365200 -0.001150 -0.043696 -0.487043 -0.004847 -0.065459 -0.484527 -0.006965'/>
				</IndexedFaceSet>
			</Shape>
			<Shape DEF='_IDX_357'>
				<Appearance USE='Material_106_IDX_106'/>
				<IndexedFaceSet solid="false" coordIndex='0 1 2 3 -1'>
					<Coordinate point='-0.032812 -0.242232 -0.000218 -0.021912 -0.243461 -0.000151 -0.032858 -0.365200 -0.001150 -0.049206 -0.363353 -0.001653'/>
				</IndexedFaceSet>
			</Shape>
			<Shape DEF='_IDX_358'>
				<Appearance USE='Material_107_IDX_107'/>
				<IndexedFaceSet solid="false" coordIndex='0 1 2 3 -1'>
					<Coordinate point='-0.016406 -0.121116 -0.000007 -0.010956 -0.121730 -0.000005 -0.021912 -0.243461 -0.000151 -0.032812 -0.242232 -0.000218'/>
				</IndexedFaceSet>
			</Shape>
			<Shape DEF='_IDX_359'>
				<Appearance USE='Material_108_IDX_108'/>
				<IndexedFaceSet solid="false" coordIndex='0 1 2 3 -1'>
					<Coordinate point='0.000000 0.000000 0.000000 0.000000 0.000000 0.000000 -0.010956 -0.121730 -0.000005 -0.016406 -0.121116 -0.000007'/>
				</IndexedFaceSet>
			</Shape>
			<Shape DEF='_IDX_360'>
				<Appearance USE='Material_109_IDX_109'/>
				<IndexedFaceSet solid="false" coordIndex='0 1 2 3 -1'>
					<Coordinate point='-0.022043 -1.036566 -0.155108 -0.008195 -1.060254 -0.079548 0.053619 -1.339803 -0.143349 0.090765 -1.276626 -0.279510'/>
				</IndexedFaceSet>
			</Shape>
			<Shape DEF='_IDX_361'>
				<Appearance USE='Material_110_IDX_110'/>
				<IndexedFaceSet solid="false" coordIndex='0 1 2 3 -1'>
					<Coordinate point='-0.056967 -0.870970 -0.079556 -0.027659 -0.879787 -0.040801 -0.008195 -1.060254 -0.079548 -0.022043 -1.036566 -0.155108'/>
				</IndexedFaceSet>
			</Shape>
			<Shape DEF='_IDX_362'>
				<Appearance USE='Material_111_IDX_111'/>
				<IndexedFaceSet solid="false" coordIndex='0 1 2 3 -1'>
					<Coordinate point='-0.060810 -0.735091 -0.036808 -0.030222 -0.738862 -0.018877 -0.027659 -0.879787 -0.040801 -0.056967 -0.870970 -0.079556'/>
				</IndexedFaceSet>
			</Shape>
			<Shape DEF='_IDX_363'>
				<Appearance USE='Material_112_IDX_112'/>
				<IndexedFaceSet solid="false" coordIndex='0 1 2 3 -1'>
					<Coordinate point='-0.053825 -0.609564 -0.014792 -0.026898 -0.611710 -0.007586 -0.030222 -0.738862 -0.018877 -0.060810 -0.735091 -0.036808'/>
				</IndexedFaceSet>
			</Shape>
			<Shape DEF='_IDX_364'>
				<Appearance USE='Material_113_IDX_113'/>
				<IndexedFaceSet solid="false" coordIndex='0 1 2 3 -1'>
					<Coordinate point='-0.043696 -0.487043 -0.004847 -0.021864 -0.488560 -0.002486 -0.026898 -0.611710 -0.007586 -0.053825 -0.609564 -0.014792'/>
				</IndexedFaceSet>
			</Shape>
			<Shape DEF='_IDX_365'>
				<Appearance USE='Material_114_IDX_114'/>
				<IndexedFaceSet solid="false" coordIndex='0 1 2 3 -1'>
					<Coordinate point='-0.032858 -0.365200 -0.001150 -0.016445 -0.366310 -0.000590 -0.021864 -0.488560 -0.002486 -0.043696 -0.487043 -0.004847'/>
				</IndexedFaceSet>
			</Shape>
			<Shape DEF='_IDX_366'>
				<Appearance USE='Material_115_IDX_115'/>
				<IndexedFaceSet solid="false" coordIndex='0 1 2 3 -1'>
					<Coordinate point='-0.021912 -0.243461 -0.000151 -0.010967 -0.244199 -0.000078 -0.016445 -0.366310 -0.000590 -0.032858 -0.365200 -0.001150'/>
				</IndexedFaceSet>
			</Shape>
			<Shape DEF='_IDX_367'>
				<Appearance USE='Material_116_IDX_116'/>
				<IndexedFaceSet solid="false" coordIndex='0 1 2 3 -1'>
					<Coordinate point='-0.010956 -0.121730 -0.000005 -0.005483 -0.122099 -0.000002 -0.010967 -0.244199 -0.000078 -0.021912 -0.243461 -0.000151'/>
				</IndexedFaceSet>
			</Shape>
			<Shape DEF='_IDX_368'>
				<Appearance USE='Material_117_IDX_117'/>
				<IndexedFaceSet solid="false" coordIndex='0 1 2 3 -1'>
					<Coordinate point='0.000000 0.000000 0.000000 0.000000 0.000000 0.000000 -0.005483 -0.122099 -0.000002 -0.010956 -0.121730 -0.000005'/>
				</IndexedFaceSet>
			</Shape>
			<Shape DEF='_IDX_369'>
				<Appearance USE='Material_118_IDX_118'/>
				<IndexedFaceSet solid="false" coordIndex='0 1 2 3 -1'>
					<Coordinate point='-0.008195 -1.060254 -0.079548 0.000000 -1.068543 -0.000000 0.000000 -1.361994 -0.000000 0.053619 -1.339803 -0.143349'/>
				</IndexedFaceSet>
			</Shape>
			<Shape DEF='_IDX_370'>
				<Appearance USE='Material_119_IDX_119'/>
				<IndexedFaceSet solid="false" coordIndex='0 1 2 3 -1'>
					<Coordinate point='-0.027659 -0.879787 -0.040801 0.000000 -0.882845 -0.000000 0.000000 -1.068543 -0.000000 -0.008195 -1.060254 -0.079548'/>
				</IndexedFaceSet>
			</Shape>
			<Shape DEF='_IDX_371'>
				<Appearance USE='Material_120_IDX_120'/>
				<IndexedFaceSet solid="false" coordIndex='0 1 2 3 -1'>
					<Coordinate point='-0.030222 -0.738862 -0.018877 0.000000 -0.740148 -0.000000 0.000000 -0.882845 -0.000000 -0.027659 -0.879787 -0.040801'/>
				</IndexedFaceSet>
			</Shape>
			<Shape DEF='_IDX_372'>
				<Appearance USE='Material_121_IDX_121'/>
				<IndexedFaceSet solid="false" coordIndex='0 1 2 3 -1'>
					<Coordinate point='-0.026898 -0.611710 -0.007586 0.000000 -0.612432 -0.000000 0.000000 -0.740148 -0.000000 -0.030222 -0.738862 -0.018877'/>
				</IndexedFaceSet>
			</Shape>
			<Shape DEF='_IDX_373'>
				<Appearance USE='Material_122_IDX_122'/>
				<IndexedFaceSet solid="false" coordIndex='0 1 2 3 -1'>
					<Coordinate point='-0.021864 -0.488560 -0.002486 0.000000 -0.489066 -0.000000 0.000000 -0.612432 -0.000000 -0.026898 -0.611710 -0.007586'/>
				</IndexedFaceSet>
			</Shape>
			<Shape DEF='_IDX_374'>
				<Appearance USE='Material_123_IDX_123'/>
				<IndexedFaceSet solid="false" coordIndex='0 1 2 3 -1'>
					<Coordinate point='-0.016445 -0.366310 -0.000590 0.000000 -0.366680 -0.000000 0.000000 -0.489066 -0.000000 -0.021864 -0.488560 -0.002486'/>
				</IndexedFaceSet>
			</Shape>
			<Shape DEF='_IDX_375'>
				<Appearance USE='Material_124_IDX_124'/>
				<IndexedFaceSet solid="false" coordIndex='0 1 2 3 -1'>
					<Coordinate point='-0.010967 -0.244199 -0.000078 0.000000 -0.244445 -0.000000 0.000000 -0.366680 -0.000000 -0.016445 -0.366310 -0.000590'/>
				</IndexedFaceSet>
			</Shape>
			<Shape DEF='_IDX_376'>
				<Appearance USE='Material_125_IDX_125'/>
				<IndexedFaceSet solid="false" coordIndex='0 1 2 3 -1'>
					<Coordinate point='-0.005483 -0.122099 -0.000002 0.000000 -0.122222 -0.000000 0.000000 -0.244445 -0.000000 -0.010967 -0.244199 -0.000078'/>
				</IndexedFaceSet>
			</Shape>
			<Shape DEF='_IDX_377'>
				<Appearance USE='Material_126_IDX_126'/>
				<IndexedFaceSet solid="false" coordIndex='0 1 2 3 -1'>
					<Coordinate point='0.000000 0.000000 0.000000 0.000000 0.000000 0.000000 0.000000 -0.122222 -0.000000 -0.005483 -0.122099 -0.000002'/>
				</IndexedFaceSet>
			</Shape>
			<Shape DEF='_IDX_378'>
				<Appearance USE='Material_9_IDX_9'/>
				<IndexedFaceSet solid="false" coordIndex='0 1 2 3 -1'>
					<Coordinate point='0.274102 -0.843599 0.357487 0.351703 -0.825030 0.348525 0.409997 -0.768919 0.628052 0.258958 -0.796991 0.644204'/>
				</IndexedFaceSet>
			</Shape>
			<Shape DEF='_IDX_379'>
				<Appearance USE='Material_8_IDX_8'/>
				<IndexedFaceSet solid="false" coordIndex='0 1 2 3 -1'>
					<Coordinate point='0.255948 -0.787728 0.183359 0.303067 -0.773822 0.178761 0.351703 -0.825030 0.348525 0.274102 -0.843599 0.357487'/>
				</IndexedFaceSet>
			</Shape>
			<Shape DEF='_IDX_380'>
				<Appearance USE='Material_7_IDX_7'/>
				<IndexedFaceSet solid="false" coordIndex='0 1 2 3 -1'>
					<Coordinate point='0.224506 -0.690960 0.084833 0.258286 -0.679785 0.082706 0.303067 -0.773822 0.178761 0.255948 -0.787728 0.183359'/>
				</IndexedFaceSet>
			</Shape>
			<Shape DEF='_IDX_381'>
				<Appearance USE='Material_6_IDX_6'/>
				<IndexedFaceSet solid="false" coordIndex='0 1 2 3 -1'>
					<Coordinate point='0.188436 -0.579945 0.034093 0.214847 -0.570828 0.033238 0.258286 -0.679785 0.082706 0.224506 -0.690960 0.084833'/>
				</IndexedFaceSet>
			</Shape>
			<Shape DEF='_IDX_382'>
				<Appearance USE='Material_5_IDX_5'/>
				<IndexedFaceSet solid="false" coordIndex='0 1 2 3 -1'>
					<Coordinate point='0.151020 -0.464792 0.011171 0.171799 -0.457538 0.010891 0.214847 -0.570828 0.033238 0.188436 -0.579945 0.034093'/>
				</IndexedFaceSet>
			</Shape>
			<Shape DEF='_IDX_383'>
				<Appearance USE='Material_4_IDX_4'/>
				<IndexedFaceSet solid="false" coordIndex='0 1 2 3 -1'>
					<Coordinate point='0.113302 -0.348708 0.002651 0.128839 -0.343273 0.002585 0.171799 -0.457538 0.010891 0.151020 -0.464792 0.011171'/>
				</IndexedFaceSet>
			</Shape>
			<Shape DEF='_IDX_384'>
				<Appearance USE='Material_3_IDX_3'/>
				<IndexedFaceSet solid="false" coordIndex='0 1 2 3 -1'>
					<Coordinate point='0.075537 -0.232480 0.000349 0.085892 -0.228857 0.000340 0.128839 -0.343273 0.002585 0.113302 -0.348708 0.002651'/>
				</IndexedFaceSet>
			</Shape>
			<Shape DEF='_IDX_385'>
				<Appearance USE='Material_2_IDX_2'/>
				<IndexedFaceSet solid="false" coordIndex='0 1 2 3 -1'>
					<Coordinate point='0.037769 -0.116240 0.000011 0.042946 -0.114429 0.000011 0.085892 -0.228857 0.000340 0.075537 -0.232480 0.000349'/>
				</IndexedFaceSet>
			</Shape>
			<Shape DEF='_IDX_386'>
				<Appearance USE='Material_1_IDX_1'/>
				<IndexedFaceSet solid="false" coordIndex='0 1 2 3 -1'>
					<Coordinate point='0.000000 0.000000 0.000000 0.000000 0.000000 0.000000 0.042946 -0.114429 0.000011 0.037769 -0.116240 0.000011'/>
				</IndexedFaceSet>
			</Shape>
			<Shape DEF='_IDX_387'>
				<Appearance USE='Material_18_IDX_18'/>
				<IndexedFaceSet solid="false" coordIndex='0 1 2 3 -1'>
					<Coordinate point='0.351703 -0.825030 0.348525 0.427302 -0.819166 0.322085 0.556478 -0.780770 0.580408 0.409997 -0.768919 0.628052'/>
				</IndexedFaceSet>
			</Shape>
			<Shape DEF='_IDX_388'>
				<Appearance USE='Material_17_IDX_17'/>
				<IndexedFaceSet solid="false" coordIndex='0 1 2 3 -1'>
					<Coordinate point='0.303067 -0.773822 0.178761 0.349186 -0.762676 0.165200 0.427302 -0.819166 0.322085 0.351703 -0.825030 0.348525'/>
				</IndexedFaceSet>
			</Shape>
			<Shape DEF='_IDX_389'>
				<Appearance USE='Material_16_IDX_16'/>
				<IndexedFaceSet solid="false" coordIndex='0 1 2 3 -1'>
					<Coordinate point='0.258286 -0.679785 0.082706 0.291448 -0.668319 0.076432 0.349186 -0.762676 0.165200 0.303067 -0.773822 0.178761'/>
				</IndexedFaceSet>
			</Shape>
			<Shape DEF='_IDX_390'>
				<Appearance USE='Material_15_IDX_15'/>
				<IndexedFaceSet solid="false" coordIndex='0 1 2 3 -1'>
					<Coordinate point='0.214847 -0.570828 0.033238 0.240808 -0.560771 0.030716 0.291448 -0.668319 0.076432 0.258286 -0.679785 0.082706'/>
				</IndexedFaceSet>
			</Shape>
			<Shape DEF='_IDX_391'>
				<Appearance USE='Material_14_IDX_14'/>
				<IndexedFaceSet solid="false" coordIndex='0 1 2 3 -1'>
					<Coordinate point='0.171799 -0.457538 0.010891 0.192230 -0.449391 0.010065 0.240808 -0.560771 0.030716 0.214847 -0.570828 0.033238'/>
				</IndexedFaceSet>
			</Shape>
			<Shape DEF='_IDX_392'>
				<Appearance USE='Material_13_IDX_13'/>
				<IndexedFaceSet solid="false" coordIndex='0 1 2 3 -1'>
					<Coordinate point='0.128839 -0.343273 0.002585 0.144115 -0.337148 0.002389 0.192230 -0.449391 0.010065 0.171799 -0.457538 0.010891'/>
				</IndexedFaceSet>
			</Shape>
			<Shape DEF='_IDX_393'>
				<Appearance USE='Material_12_IDX_12'/>
				<IndexedFaceSet solid="false" coordIndex='0 1 2 3 -1'>
					<Coordinate point='0.085892 -0.228857 0.000340 0.096073 -0.224773 0.000315 0.144115 -0.337148 0.002389 0.128839 -0.343273 0.002585'/>
				</IndexedFaceSet>
			</Shape>
			<Shape DEF='_IDX_394'>
				<Appearance USE='Material_11_IDX_11'/>
				<IndexedFaceSet solid="false" coordIndex='0 1 2 3 -1'>
					<Coordinate point='0.042946 -0.114429 0.000011 0.048036 -0.112387 0.000010 0.096073 -0.224773 0.000315 0.085892 -0.228857 0.000340'/>
				</IndexedFaceSet>
			</Shape>
			<Shape DEF='_IDX_395'>
				<Appearance USE='Material_10_IDX_10'/>
				<IndexedFaceSet solid="false" coordIndex='0 1 2 3 -1'>
					<Coordinate point='0.000000 0.000000 0.000000 0.000000 0.000000 0.000000 0.048036 -0.112387 0.000010 0.042946 -0.114429 0.000011'/>
				</IndexedFaceSet>
			</Shape>
			<Shape DEF='_IDX_396'>
				<Appearance USE='Material_127_IDX_127'/>
				<IndexedFaceSet solid="false" coordIndex='0 1 2 3 -1'>
					<Coordinate point='0.427302 -0.819166 0.322085 0.495205 -0.824356 0.279495 0.682107 -0.827715 0.503659 0.556478 -0.780770 0.580408'/>
				</IndexedFaceSet>
			</Shape>
			<Shape DEF='_IDX_397'>
				<Appearance USE='Material_26_IDX_26'/>
				<IndexedFaceSet solid="false" coordIndex='0 1 2 3 -1'>
					<Coordinate point='0.349186 -0.762676 0.165200 0.392547 -0.753814 0.143355 0.495205 -0.824356 0.279495 0.427302 -0.819166 0.322085'/>
				</IndexedFaceSet>
			</Shape>
			<Shape DEF='_IDX_398'>
				<Appearance USE='Material_25_IDX_25'/>
				<IndexedFaceSet solid="false" coordIndex='0 1 2 3 -1'>
					<Coordinate point='0.291448 -0.668319 0.076432 0.323510 -0.656461 0.066325 0.392547 -0.753814 0.143355 0.349186 -0.762676 0.165200'/>
				</IndexedFaceSet>
			</Shape>
			<Shape DEF='_IDX_399'>
				<Appearance USE='Material_24_IDX_24'/>
				<IndexedFaceSet solid="false" coordIndex='0 1 2 3 -1'>
					<Coordinate point='0.240808 -0.560771 0.030716 0.266184 -0.549769 0.026655 0.323510 -0.656461 0.066325 0.291448 -0.668319 0.076432'/>
				</IndexedFaceSet>
			</Shape>
			<Shape DEF='_IDX_400'>
				<Appearance USE='Material_23_IDX_23'/>
				<IndexedFaceSet solid="false" coordIndex='0 1 2 3 -1'>
					<Coordinate point='0.192230 -0.449391 0.010065 0.212260 -0.440363 0.008734 0.266184 -0.549769 0.026655 0.240808 -0.560771 0.030716'/>
				</IndexedFaceSet>
			</Shape>
			<Shape DEF='_IDX_401'>
				<Appearance USE='Material_22_IDX_22'/>
				<IndexedFaceSet solid="false" coordIndex='0 1 2 3 -1'>
					<Coordinate point='0.144115 -0.337148 0.002389 0.159101 -0.330347 0.002073 0.212260 -0.440363 0.008734 0.192230 -0.449391 0.010065'/>
				</IndexedFaceSet>
			</Shape>
			<Shape DEF='_IDX_402'>
				<Appearance USE='Material_21_IDX_21'/>
				<IndexedFaceSet solid="false" coordIndex='0 1 2 3 -1'>
					<Coordinate point='0.096073 -0.224773 0.000315 0.106061 -0.220237 0.000273 0.159101 -0.330347 0.002073 0.144115 -0.337148 0.002389'/>
				</IndexedFaceSet>
			</Shape>
			<Shape DEF='_IDX_403'>
				<Appearance USE='Material_20_IDX_20'/>
				<IndexedFaceSet solid="false" coordIndex='0 1 2 3 -1'>
					<Coordinate point='0.048036 -0.112387 0.000010 0.053030 -0.110118 0.000009 0.106061 -0.220237 0.000273 0.096073 -0.224773 0.000315'/>
				</IndexedFaceSet>
			</Shape>
			<Shape DEF='_IDX_404'>
				<Appearance USE='Material_19_IDX_19'/>
				<IndexedFaceSet solid="false" coordIndex='0 1 2 3 -1'>
					<Coordinate point='0.000000 0.000000 0.000000 0.000000 0.000000 0.000000 0.053030 -0.110118 0.000009 0.048036 -0.112387 0.000010'/>
				</IndexedFaceSet>
			</Shape>
			<Shape DEF='_IDX_405'>
				<Appearance USE='Material_36_IDX_36'/>
				<IndexedFaceSet solid="false" coordIndex='0 1 2 3 -1'>
					<Coordinate point='0.495205 -0.824356 0.279495 0.550832 -0.836880 0.222890 0.773808 -0.898955 0.401655 0.682107 -0.827715 0.503659'/>
				</IndexedFaceSet>
			</Shape>
			<Shape DEF='_IDX_406'>
				<Appearance USE='Material_35_IDX_35'/>
				<IndexedFaceSet solid="false" coordIndex='0 1 2 3 -1'>
					<Coordinate point='0.392547 -0.753814 0.143355 0.431727 -0.746138 0.114322 0.550832 -0.836880 0.222890 0.495205 -0.824356 0.279495'/>
				</IndexedFaceSet>
			</Shape>
			<Shape DEF='_IDX_407'>
				<Appearance USE='Material_34_IDX_34'/>
				<IndexedFaceSet solid="false" coordIndex='0 1 2 3 -1'>
					<Coordinate point='0.323510 -0.656461 0.066325 0.354073 -0.643957 0.052893 0.431727 -0.746138 0.114322 0.392547 -0.753814 0.143355'/>
				</IndexedFaceSet>
			</Shape>
			<Shape DEF='_IDX_408'>
				<Appearance USE='Material_33_IDX_33'/>
				<IndexedFaceSet solid="false" coordIndex='0 1 2 3 -1'>
					<Coordinate point='0.266184 -0.549769 0.026655 0.290860 -0.537790 0.021256 0.354073 -0.643957 0.052893 0.323510 -0.656461 0.066325'/>
				</IndexedFaceSet>
			</Shape>
			<Shape DEF='_IDX_409'>
				<Appearance USE='Material_32_IDX_32'/>
				<IndexedFaceSet solid="false" coordIndex='0 1 2 3 -1'>
					<Coordinate point='0.212260 -0.440363 0.008734 0.231840 -0.430466 0.006965 0.290860 -0.537790 0.021256 0.266184 -0.549769 0.026655'/>
				</IndexedFaceSet>
			</Shape>
			<Shape DEF='_IDX_410'>
				<Appearance USE='Material_31_IDX_31'/>
				<IndexedFaceSet solid="false" coordIndex='0 1 2 3 -1'>
					<Coordinate point='0.159101 -0.330347 0.002073 0.173765 -0.322881 0.001653 0.231840 -0.430466 0.006965 0.212260 -0.440363 0.008734'/>
				</IndexedFaceSet>
			</Shape>
			<Shape DEF='_IDX_411'>
				<Appearance USE='Material_30_IDX_30'/>
				<IndexedFaceSet solid="false" coordIndex='0 1 2 3 -1'>
					<Coordinate point='0.106061 -0.220237 0.000273 0.115835 -0.215257 0.000218 0.173765 -0.322881 0.001653 0.159101 -0.330347 0.002073'/>
				</IndexedFaceSet>
			</Shape>
			<Shape DEF='_IDX_412'>
				<Appearance USE='Material_29_IDX_29'/>
				<IndexedFaceSet solid="false" coordIndex='0 1 2 3 -1'>
					<Coordinate point='0.053030 -0.110118 0.000009 0.057917 -0.107628 0.000007 0.115835 -0.215257 0.000218 0.106061 -0.220237 0.000273'/>
				</IndexedFaceSet>
			</Shape>
			<Shape DEF='_IDX_413'>
				<Appearance USE='Material_28_IDX_28'/>
				<IndexedFaceSet solid="false" coordIndex='0 1 2 3 -1'>
					<Coordinate point='0.000000 0.000000 0.000000 0.000000 0.000000 0.000000 0.057917 -0.107628 0.000007 0.053030 -0.110118 0.000009'/>
				</IndexedFaceSet>
			</Shape>
			<Shape DEF='_IDX_414'>
				<Appearance USE='Material_45_IDX_45'/>
				<IndexedFaceSet solid="false" coordIndex='0 1 2 3 -1'>
					<Coordinate point='0.550832 -0.836880 0.222890 0.591445 -0.851556 0.155108 0.823812 -0.979462 0.279510 0.773808 -0.898955 0.401655'/>
				</IndexedFaceSet>
			</Shape>
			<Shape DEF='_IDX_415'>
				<Appearance USE='Material_44_IDX_44'/>
				<IndexedFaceSet solid="false" coordIndex='0 1 2 3 -1'>
					<Coordinate point='0.431727 -0.746138 0.114322 0.465856 -0.738114 0.079556 0.591445 -0.851556 0.155108 0.550832 -0.836880 0.222890'/>
				</IndexedFaceSet>
			</Shape>
			<Shape DEF='_IDX_416'>
				<Appearance USE='Material_43_IDX_43'/>
				<IndexedFaceSet solid="false" coordIndex='0 1 2 3 -1'>
					<Coordinate point='0.354073 -0.643957 0.052893 0.382880 -0.630444 0.036808 0.465856 -0.738114 0.079556 0.431727 -0.746138 0.114322'/>
				</IndexedFaceSet>
			</Shape>
			<Shape DEF='_IDX_417'>
				<Appearance USE='Material_42_IDX_42'/>
				<IndexedFaceSet solid="false" coordIndex='0 1 2 3 -1'>
					<Coordinate point='0.290860 -0.537790 0.021256 0.314747 -0.524785 0.014792 0.382880 -0.630444 0.036808 0.354073 -0.643957 0.052893'/>
				</IndexedFaceSet>
			</Shape>
			<Shape DEF='_IDX_418'>
				<Appearance USE='Material_41_IDX_41'/>
				<IndexedFaceSet solid="false" coordIndex='0 1 2 3 -1'>
					<Coordinate point='0.231840 -0.430466 0.006965 0.250926 -0.419710 0.004847 0.314747 -0.524785 0.014792 0.290860 -0.537790 0.021256'/>
				</IndexedFaceSet>
			</Shape>
			<Shape DEF='_IDX_419'>
				<Appearance USE='Material_40_IDX_40'/>
				<IndexedFaceSet solid="false" coordIndex='0 1 2 3 -1'>
					<Coordinate point='0.173765 -0.322881 0.001653 0.188076 -0.314766 0.001150 0.250926 -0.419710 0.004847 0.231840 -0.430466 0.006965'/>
				</IndexedFaceSet>
			</Shape>
			<Shape DEF='_IDX_420'>
				<Appearance USE='Material_39_IDX_39'/>
				<IndexedFaceSet solid="false" coordIndex='0 1 2 3 -1'>
					<Coordinate point='0.115835 -0.215257 0.000218 0.125376 -0.209843 0.000151 0.188076 -0.314766 0.001150 0.173765 -0.322881 0.001653'/>
				</IndexedFaceSet>
			</Shape>
			<Shape DEF='_IDX_421'>
				<Appearance USE='Material_38_IDX_38'/>
				<IndexedFaceSet solid="false" coordIndex='0 1 2 3 -1'>
					<Coordinate point='0.057917 -0.107628 0.000007 0.062688 -0.104922 0.000005 0.125376 -0.209843 0.000151 0.115835 -0.215257 0.000218'/>
				</IndexedFaceSet>
			</Shape>
			<Shape DEF='_IDX_422'>
				<Appearance USE='Material_37_IDX_37'/>
				<IndexedFaceSet solid="false" coordIndex='0 1 2 3 -1'>
					<Coordinate point='0.000000 0.000000 0.000000 0.000000 0.000000 0.000000 0.062688 -0.104922 0.000005 0.057917 -0.107628 0.000007'/>
				</IndexedFaceSet>
			</Shape>
			<Shape DEF='_IDX_423'>
				<Appearance USE='Material_54_IDX_54'/>
				<IndexedFaceSet solid="false" coordIndex='0 1 2 3 -1'>
					<Coordinate point='0.591445 -0.851556 0.155108 0.616572 -0.862581 0.079548 0.830895 -1.052407 0.143349 0.823812 -0.979462 0.279510'/>
				</IndexedFaceSet>
			</Shape>
			<Shape DEF='_IDX_424'>
				<Appearance USE='Material_53_IDX_53'/>
				<IndexedFaceSet solid="false" coordIndex='0 1 2 3 -1'>
					<Coordinate point='0.465856 -0.738114 0.079556 0.494749 -0.728020 0.040801 0.616572 -0.862581 0.079548 0.591445 -0.851556 0.155108'/>
				</IndexedFaceSet>
			</Shape>
			<Shape DEF='_IDX_425'>
				<Appearance USE='Material_52_IDX_52'/>
				<IndexedFaceSet solid="false" coordIndex='0 1 2 3 -1'>
					<Coordinate point='0.382880 -0.630444 0.036808 0.409842 -0.615516 0.018877 0.494749 -0.728020 0.040801 0.465856 -0.738114 0.079556'/>
				</IndexedFaceSet>
			</Shape>
			<Shape DEF='_IDX_426'>
				<Appearance USE='Material_51_IDX_51'/>
				<IndexedFaceSet solid="false" coordIndex='0 1 2 3 -1'>
					<Coordinate point='0.314747 -0.524785 0.014792 0.337793 -0.510694 0.007586 0.409842 -0.615516 0.018877 0.382880 -0.630444 0.036808'/>
				</IndexedFaceSet>
			</Shape>
			<Shape DEF='_IDX_427'>
				<Appearance USE='Material_50_IDX_50'/>
				<IndexedFaceSet solid="false" coordIndex='0 1 2 3 -1'>
					<Coordinate point='0.250926 -0.419710 0.004847 0.269480 -0.408105 0.002486 0.337793 -0.510694 0.007586 0.314747 -0.524785 0.014792'/>
				</IndexedFaceSet>
			</Shape>
			<Shape DEF='_IDX_428'>
				<Appearance USE='Material_49_IDX_49'/>
				<IndexedFaceSet solid="false" coordIndex='0 1 2 3 -1'>
					<Coordinate point='0.188076 -0.314766 0.001150 0.202007 -0.306017 0.000590 0.269480 -0.408105 0.002486 0.250926 -0.419710 0.004847'/>
				</IndexedFaceSet>
			</Shape>
			<Shape DEF='_IDX_429'>
				<Appearance USE='Material_48_IDX_48'/>
				<IndexedFaceSet solid="false" coordIndex='0 1 2 3 -1'>
					<Coordinate point='0.125376 -0.209843 0.000151 0.134664 -0.204007 0.000078 0.202007 -0.306017 0.000590 0.188076 -0.314766 0.001150'/>
				</IndexedFaceSet>
			</Shape>
			<Shape DEF='_IDX_430'>
				<Appearance USE='Material_47_IDX_47'/>
				<IndexedFaceSet solid="false" coordIndex='0 1 2 3 -1'>
					<Coordinate point='0.062688 -0.104922 0.000005 0.067332 -0.102003 0.000002 0.134664 -0.204007 0.000078 0.125376 -0.209843 0.000151'/>
				</IndexedFaceSet>
			</Shape>
			<Shape DEF='_IDX_431'>
				<Appearance USE='Material_46_IDX_46'/>
				<IndexedFaceSet solid="false" coordIndex='0 1 2 3 -1'>
					<Coordinate point='0.000000 0.000000 0.000000 0.000000 0.000000 0.000000 0.067332 -0.102003 0.000002 0.062688 -0.104922 0.000005'/>
				</IndexedFaceSet>
			</Shape>
			<Shape DEF='_IDX_432'>
				<Appearance USE='Material_63_IDX_63'/>
				<IndexedFaceSet solid="false" coordIndex='0 1 2 3 -1'>
					<Coordinate point='0.616572 -0.862581 0.079548 0.628074 -0.864469 0.000000 0.800560 -1.101876 -0.000000 0.830895 -1.052407 0.143349'/>
				</IndexedFaceSet>
			</Shape>
			<Shape DEF='_IDX_433'>
				<Appearance USE='Material_62_IDX_62'/>
				<IndexedFaceSet solid="false" coordIndex='0 1 2 3 -1'>
					<Coordinate point='0.494749 -0.728020 0.040801 0.518923 -0.714236 -0.000000 0.628074 -0.864469 0.000000 0.616572 -0.862581 0.079548'/>
				</IndexedFaceSet>
			</Shape>
			<Shape DEF='_IDX_434'>
				<Appearance USE='Material_61_IDX_61'/>
				<IndexedFaceSet solid="false" coordIndex='0 1 2 3 -1'>
					<Coordinate point='0.409842 -0.615516 0.018877 0.435048 -0.598793 0.000000 0.518923 -0.714236 -0.000000 0.494749 -0.728020 0.040801'/>
				</IndexedFaceSet>
			</Shape>
			<Shape DEF='_IDX_435'>
				<Appearance USE='Material_60_IDX_60'/>
				<IndexedFaceSet solid="false" coordIndex='0 1 2 3 -1'>
					<Coordinate point='0.337793 -0.510694 0.007586 0.359978 -0.495468 -0.000000 0.435048 -0.598793 0.000000 0.409842 -0.615516 0.018877'/>
				</IndexedFaceSet>
			</Shape>
			<Shape DEF='_IDX_436'>
				<Appearance USE='Material_59_IDX_59'/>
				<IndexedFaceSet solid="false" coordIndex='0 1 2 3 -1'>
					<Coordinate point='0.269480 -0.408105 0.002486 0.287466 -0.395663 0.000000 0.359978 -0.495468 -0.000000 0.337793 -0.510694 0.007586'/>
				</IndexedFaceSet>
			</Shape>
			<Shape DEF='_IDX_437'>
				<Appearance USE='Material_58_IDX_58'/>
				<IndexedFaceSet solid="false" coordIndex='0 1 2 3 -1'>
					<Coordinate point='0.202007 -0.306017 0.000590 0.215529 -0.296650 0.000000 0.287466 -0.395663 0.000000 0.269480 -0.408105 0.002486'/>
				</IndexedFaceSet>
			</Shape>
			<Shape DEF='_IDX_438'>
				<Appearance USE='Material_57_IDX_57'/>
				<IndexedFaceSet solid="false" coordIndex='0 1 2 3 -1'>
					<Coordinate point='0.134664 -0.204007 0.000078 0.143681 -0.197760 0.000000 0.215529 -0.296650 0.000000 0.202007 -0.306017 0.000590'/>
				</IndexedFaceSet>
			</Shape>
			<Shape DEF='_IDX_439'>
				<Appearance USE='Material_56_IDX_56'/>
				<IndexedFaceSet solid="false" coordIndex='0 1 2 3 -1'>
					<Coordinate point='0.067332 -0.102003 0.000002 0.071840 -0.098880 0.000000 0.143681 -0.197760 0.000000 0.134664 -0.204007 0.000078'/>
				</IndexedFaceSet>
			</Shape>
			<Shape DEF='_IDX_440'>
				<Appearance USE='Material_55_IDX_55'/>
				<IndexedFaceSet solid="false" coordIndex='0 1 2 3 -1'>
					<Coordinate point='0.000000 0.000000 0.000000 0.000000 0.000000 0.000000 0.071840 -0.098880 0.000000 0.067332 -0.102003 0.000002'/>
				</IndexedFaceSet>
			</Shape>
			<Shape DEF='_IDX_441'>
				<Appearance USE='Material_72_IDX_72'/>
				<IndexedFaceSet solid="false" coordIndex='0 1 2 3 -1'>
					<Coordinate point='0.098880 -0.071840 -0.000011 0.095557 -0.076204 -0.000011 0.000000 0.000000 0.000000 0.000000 0.000000 0.000000'/>
				</IndexedFaceSet>
			</Shape>
			<Shape DEF='_IDX_442'>
				<Appearance USE='Material_71_IDX_71'/>
				<IndexedFaceSet solid="false" coordIndex='0 1 2 3 -1'>
					<Coordinate point='0.197759 -0.143681 -0.000349 0.191114 -0.152409 -0.000340 0.095557 -0.076204 -0.000011 0.098880 -0.071840 -0.000011'/>
				</IndexedFaceSet>
			</Shape>
			<Shape DEF='_IDX_443'>
				<Appearance USE='Material_70_IDX_70'/>
				<IndexedFaceSet solid="false" coordIndex='0 1 2 3 -1'>
					<Coordinate point='0.296629 -0.215513 -0.002651 0.286659 -0.228610 -0.002585 0.191114 -0.152409 -0.000340 0.197759 -0.143681 -0.000349'/>
				</IndexedFaceSet>
			</Shape>
			<Shape DEF='_IDX_444'>
				<Appearance USE='Material_69_IDX_69'/>
				<IndexedFaceSet solid="false" coordIndex='0 1 2 3 -1'>
					<Coordinate point='0.395376 -0.287257 -0.011171 0.382056 -0.304778 -0.010891 0.286659 -0.228610 -0.002585 0.296629 -0.215513 -0.002651'/>
				</IndexedFaceSet>
			</Shape>
			<Shape DEF='_IDX_445'>
				<Appearance USE='Material_68_IDX_68'/>
				<IndexedFaceSet solid="false" coordIndex='0 1 2 3 -1'>
					<Coordinate point='0.493331 -0.358426 -0.034093 0.476498 -0.380728 -0.033238 0.382056 -0.304778 -0.010891 0.395376 -0.287257 -0.011171'/>
				</IndexedFaceSet>
			</Shape>
			<Shape DEF='_IDX_446'>
				<Appearance USE='Material_67_IDX_67'/>
				<IndexedFaceSet solid="false" coordIndex='0 1 2 3 -1'>
					<Coordinate point='0.587766 -0.427037 -0.084833 0.566699 -0.455709 -0.082706 0.476498 -0.380728 -0.033238 0.493331 -0.358426 -0.034093'/>
				</IndexedFaceSet>
			</Shape>
			<Shape DEF='_IDX_447'>
				<Appearance USE='Material_66_IDX_66'/>
				<IndexedFaceSet solid="false" coordIndex='0 1 2 3 -1'>
					<Coordinate point='0.670081 -0.486843 -0.183359 0.642295 -0.527358 -0.178761 0.566699 -0.455709 -0.082706 0.587766 -0.427037 -0.084833'/>
				</IndexedFaceSet>
			</Shape>
			<Shape DEF='_IDX_448'>
				<Appearance USE='Material_65_IDX_65'/>
				<IndexedFaceSet solid="false" coordIndex='0 1 2 3 -1'>
					<Coordinate point='0.717608 -0.521373 -0.357487 0.675968 -0.589437 -0.348525 0.642295 -0.527358 -0.178761 0.670081 -0.486843 -0.183359'/>
				</IndexedFaceSet>
			</Shape>
			<Shape DEF='_IDX_449'>
				<Appearance USE='Material_128_IDX_128'/>
				<IndexedFaceSet solid="false" coordIndex='0 1 2 3 -1'>
					<Coordinate point='0.677961 -0.492567 -0.644204 0.604589 -0.627540 -0.628052 0.675968 -0.589437 -0.348525 0.717608 -0.521373 -0.357487'/>
				</IndexedFaceSet>
			</Shape>
			<Shape DEF='_IDX_450'>
				<Appearance USE='Material_81_IDX_81'/>
				<IndexedFaceSet solid="false" coordIndex='0 1 2 3 -1'>
					<Coordinate point='0.095557 -0.076204 -0.000011 0.092042 -0.080415 -0.000010 0.000000 0.000000 0.000000 0.000000 0.000000 0.000000'/>
				</IndexedFaceSet>
			</Shape>
			<Shape DEF='_IDX_451'>
				<Appearance USE='Material_80_IDX_80'/>
				<IndexedFaceSet solid="false" coordIndex='0 1 2 3 -1'>
					<Coordinate point='0.191114 -0.152409 -0.000340 0.184084 -0.160830 -0.000315 0.092042 -0.080415 -0.000010 0.095557 -0.076204 -0.000011'/>
				</IndexedFaceSet>
			</Shape>
			<Shape DEF='_IDX_452'>
				<Appearance USE='Material_79_IDX_79'/>
				<IndexedFaceSet solid="false" coordIndex='0 1 2 3 -1'>
					<Coordinate point='0.286659 -0.228610 -0.002585 0.276113 -0.241247 -0.002389 0.184084 -0.160830 -0.000315 0.191114 -0.152409 -0.000340'/>
				</IndexedFaceSet>
			</Shape>
			<Shape DEF='_IDX_453'>
				<Appearance USE='Material_78_IDX_78'/>
				<IndexedFaceSet solid="false" coordIndex='0 1 2 3 -1'>
					<Coordinate point='0.382056 -0.304778 -0.010891 0.367994 -0.321691 -0.010065 0.276113 -0.241247 -0.002389 0.286659 -0.228610 -0.002585'/>
				</IndexedFaceSet>
			</Shape>
			<Shape DEF='_IDX_454'>
				<Appearance USE='Material_77_IDX_77'/>
				<IndexedFaceSet solid="false" coordIndex='0 1 2 3 -1'>
					<Coordinate point='0.476498 -0.380728 -0.033238 0.458911 -0.402310 -0.030716 0.367994 -0.321691 -0.010065 0.382056 -0.304778 -0.010891'/>
				</IndexedFaceSet>
			</Shape>
			<Shape DEF='_IDX_455'>
				<Appearance USE='Material_76_IDX_76'/>
				<IndexedFaceSet solid="false" coordIndex='0 1 2 3 -1'>
					<Coordinate point='0.566699 -0.455709 -0.082706 0.545547 -0.483705 -0.076432 0.458911 -0.402310 -0.030716 0.476498 -0.380728 -0.033238'/>
				</IndexedFaceSet>
			</Shape>
			<Shape DEF='_IDX_456'>
				<Appearance USE='Material_129_IDX_129'/>
				<IndexedFaceSet solid="false" coordIndex='0 1 2 3 -1'>
					<Coordinate point='0.642295 -0.527358 -0.178761 0.617444 -0.567776 -0.165200 0.545547 -0.483705 -0.076432 0.566699 -0.455709 -0.082706'/>
				</IndexedFaceSet>
			</Shape>
			<Shape DEF='_IDX_457'>
				<Appearance USE='Material_74_IDX_74'/>
				<IndexedFaceSet solid="false" coordIndex='0 1 2 3 -1'>
					<Coordinate point='0.675968 -0.589437 -0.348525 0.647030 -0.659525 -0.322085 0.617444 -0.567776 -0.165200 0.642295 -0.527358 -0.178761'/>
				</IndexedFaceSet>
			</Shape>
			<Shape DEF='_IDX_458'>
				<Appearance USE='Material_73_IDX_73'/>
				<IndexedFaceSet solid="false" coordIndex='0 1 2 3 -1'>
					<Coordinate point='0.604589 -0.627540 -0.628052 0.570595 -0.770513 -0.580408 0.647030 -0.659525 -0.322085 0.675968 -0.589437 -0.348525'/>
				</IndexedFaceSet>
			</Shape>
			<Shape DEF='_IDX_459'>
				<Appearance USE='Material_90_IDX_90'/>
				<IndexedFaceSet solid="false" coordIndex='0 1 2 3 -1'>
					<Coordinate point='0.092042 -0.080415 -0.000010 0.088342 -0.084463 -0.000009 0.000000 0.000000 0.000000 0.000000 0.000000 0.000000'/>
				</IndexedFaceSet>
			</Shape>
			<Shape DEF='_IDX_460'>
				<Appearance USE='Material_89_IDX_89'/>
				<IndexedFaceSet solid="false" coordIndex='0 1 2 3 -1'>
					<Coordinate point='0.184084 -0.160830 -0.000315 0.176683 -0.168927 -0.000273 0.088342 -0.084463 -0.000009 0.092042 -0.080415 -0.000010'/>
				</IndexedFaceSet>
			</Shape>
			<Shape DEF='_IDX_461'>
				<Appearance USE='Material_88_IDX_88'/>
				<IndexedFaceSet solid="false" coordIndex='0 1 2 3 -1'>
					<Coordinate point='0.276113 -0.241247 -0.002389 0.265014 -0.253397 -0.002073 0.176683 -0.168927 -0.000273 0.184084 -0.160830 -0.000315'/>
				</IndexedFaceSet>
			</Shape>
			<Shape DEF='_IDX_462'>
				<Appearance USE='Material_87_IDX_87'/>
				<IndexedFaceSet solid="false" coordIndex='0 1 2 3 -1'>
					<Coordinate point='0.367994 -0.321691 -0.010065 0.353218 -0.337950 -0.008734 0.265014 -0.253397 -0.002073 0.276113 -0.241247 -0.002389'/>
				</IndexedFaceSet>
			</Shape>
			<Shape DEF='_IDX_463'>
				<Appearance USE='Material_86_IDX_86'/>
				<IndexedFaceSet solid="false" coordIndex='0 1 2 3 -1'>
					<Coordinate point='0.458911 -0.402310 -0.030716 0.440606 -0.423044 -0.026655 0.353218 -0.337950 -0.008734 0.367994 -0.321691 -0.010065'/>
				</IndexedFaceSet>
			</Shape>
			<Shape DEF='_IDX_464'>
				<Appearance USE='Material_85_IDX_85'/>
				<IndexedFaceSet solid="false" coordIndex='0 1 2 3 -1'>
					<Coordinate point='0.545547 -0.483705 -0.076432 0.524362 -0.510534 -0.066325 0.440606 -0.423044 -0.026655 0.458911 -0.402310 -0.030716'/>
				</IndexedFaceSet>
			</Shape>
			<Shape DEF='_IDX_465'>
				<Appearance USE='Material_84_IDX_84'/>
				<IndexedFaceSet solid="false" coordIndex='0 1 2 3 -1'>
					<Coordinate point='0.617444 -0.567776 -0.165200 0.595616 -0.606276 -0.143355 0.524362 -0.510534 -0.066325 0.545547 -0.483705 -0.076432'/>
				</IndexedFaceSet>
			</Shape>
			<Shape DEF='_IDX_466'>
				<Appearance USE='Material_130_IDX_130'/>
				<IndexedFaceSet solid="false" coordIndex='0 1 2 3 -1'>
					<Coordinate point='0.647030 -0.659525 -0.322085 0.630983 -0.725708 -0.279495 0.595616 -0.606276 -0.143355 0.617444 -0.567776 -0.165200'/>
				</IndexedFaceSet>
			</Shape>
			<Shape DEF='_IDX_467'>
				<Appearance USE='Material_82_IDX_82'/>
				<IndexedFaceSet solid="false" coordIndex='0 1 2 3 -1'>
					<Coordinate point='0.570595 -0.770513 -0.580408 0.576421 -0.904501 -0.503659 0.630983 -0.725708 -0.279495 0.647030 -0.659525 -0.322085'/>
				</IndexedFaceSet>
			</Shape>
			<Shape DEF='_IDX_468'>
				<Appearance USE='Material_99_IDX_99'/>
				<IndexedFaceSet solid="false" coordIndex='0 1 2 3 -1'>
					<Coordinate point='0.088342 -0.084463 -0.000009 0.084463 -0.088342 -0.000007 0.000000 0.000000 0.000000 0.000000 0.000000 0.000000'/>
				</IndexedFaceSet>
			</Shape>
			<Shape DEF='_IDX_469'>
				<Appearance USE='Material_98_IDX_98'/>
				<IndexedFaceSet solid="false" coordIndex='0 1 2 3 -1'>
					<Coordinate point='0.176683 -0.168927 -0.000273 0.168926 -0.176683 -0.000218 0.084463 -0.088342 -0.000007 0.088342 -0.084463 -0.000009'/>
				</IndexedFaceSet>
			</Shape>
			<Shape DEF='_IDX_470'>
				<Appearance USE='Material_97_IDX_97'/>
				<IndexedFaceSet solid="false" coordIndex='0 1 2 3 -1'>
					<Coordinate point='0.265014 -0.253397 -0.002073 0.253382 -0.265036 -0.001653 0.168926 -0.176683 -0.000218 0.176683 -0.168927 -0.000273'/>
				</IndexedFaceSet>
			</Shape>
			<Shape DEF='_IDX_471'>
				<Appearance USE='Material_96_IDX_96'/>
				<IndexedFaceSet solid="false" coordIndex='0 1 2 3 -1'>
					<Coordinate point='0.353218 -0.337950 -0.008734 0.337755 -0.353514 -0.006965 0.253382 -0.265036 -0.001653 0.265014 -0.253397 -0.002073'/>
				</IndexedFaceSet>
			</Shape>
			<Shape DEF='_IDX_472'>
				<Appearance USE='Material_95_IDX_95'/>
				<IndexedFaceSet solid="false" coordIndex='0 1 2 3 -1'>
					<Coordinate point='0.440606 -0.423044 -0.026655 0.421588 -0.442810 -0.021256 0.337755 -0.353514 -0.006965 0.353218 -0.337950 -0.008734'/>
				</IndexedFaceSet>
			</Shape>
			<Shape DEF='_IDX_473'>
				<Appearance USE='Material_94_IDX_94'/>
				<IndexedFaceSet solid="false" coordIndex='0 1 2 3 -1'>
					<Coordinate point='0.524362 -0.510534 -0.066325 0.503025 -0.535737 -0.052893 0.421588 -0.442810 -0.021256 0.440606 -0.423044 -0.026655'/>
				</IndexedFaceSet>
			</Shape>
			<Shape DEF='_IDX_474'>
				<Appearance USE='Material_93_IDX_93'/>
				<IndexedFaceSet solid="false" coordIndex='0 1 2 3 -1'>
					<Coordinate point='0.595616 -0.606276 -0.143355 0.576209 -0.641166 -0.114322 0.503025 -0.535737 -0.052893 0.524362 -0.510534 -0.066325'/>
				</IndexedFaceSet>
			</Shape>
			<Shape DEF='_IDX_475'>
				<Appearance USE='Material_92_IDX_92'/>
				<IndexedFaceSet solid="false" coordIndex='0 1 2 3 -1'>
					<Coordinate point='0.630983 -0.725708 -0.279495 0.625703 -0.782483 -0.222890 0.576209 -0.641166 -0.114322 0.595616 -0.606276 -0.143355'/>
				</IndexedFaceSet>
			</Shape>
			<Shape DEF='_IDX_476'>
				<Appearance USE='Material_131_IDX_131'/>
				<IndexedFaceSet solid="false" coordIndex='0 1 2 3 -1'>
					<Coordinate point='0.576421 -0.904501 -0.503659 0.615837 -1.013728 -0.401655 0.625703 -0.782483 -0.222890 0.630983 -0.725708 -0.279495'/>
				</IndexedFaceSet>
			</Shape>
			<Shape DEF='_IDX_477'>
				<Appearance USE='Material_108_IDX_108'/>
				<IndexedFaceSet solid="false" coordIndex='0 1 2 3 -1'>
					<Coordinate point='0.084463 -0.088342 -0.000007 0.080415 -0.092042 -0.000005 0.000000 0.000000 0.000000 0.000000 0.000000 0.000000'/>
				</IndexedFaceSet>
			</Shape>
			<Shape DEF='_IDX_478'>
				<Appearance USE='Material_107_IDX_107'/>
				<IndexedFaceSet solid="false" coordIndex='0 1 2 3 -1'>
					<Coordinate point='0.168926 -0.176683 -0.000218 0.160829 -0.184084 -0.000151 0.080415 -0.092042 -0.000005 0.084463 -0.088342 -0.000007'/>
				</IndexedFaceSet>
			</Shape>
			<Shape DEF='_IDX_479'>
				<Appearance USE='Material_106_IDX_106'/>
				<IndexedFaceSet solid="false" coordIndex='0 1 2 3 -1'>
					<Coordinate point='0.253382 -0.265036 -0.001653 0.241242 -0.276139 -0.001150 0.160829 -0.184084 -0.000151 0.168926 -0.176683 -0.000218'/>
				</IndexedFaceSet>
			</Shape>
			<Shape DEF='_IDX_480'>
				<Appearance USE='Material_105_IDX_105'/>
				<IndexedFaceSet solid="false" coordIndex='0 1 2 3 -1'>
					<Coordinate point='0.337755 -0.353514 -0.006965 0.321627 -0.368343 -0.004847 0.241242 -0.276139 -0.001150 0.253382 -0.265036 -0.001653'/>
				</IndexedFaceSet>
			</Shape>
			<Shape DEF='_IDX_481'>
				<Appearance USE='Material_104_IDX_104'/>
				<IndexedFaceSet solid="false" coordIndex='0 1 2 3 -1'>
					<Coordinate point='0.421588 -0.442810 -0.021256 0.401838 -0.461510 -0.014792 0.321627 -0.368343 -0.004847 0.337755 -0.353514 -0.006965'/>
				</IndexedFaceSet>
			</Shape>
			<Shape DEF='_IDX_482'>
				<Appearance USE='Material_103_IDX_103'/>
				<IndexedFaceSet solid="false" coordIndex='0 1 2 3 -1'>
					<Coordinate point='0.503025 -0.535737 -0.052893 0.481272 -0.558958 -0.036808 0.401838 -0.461510 -0.014792 0.421588 -0.442810 -0.021256'/>
				</IndexedFaceSet>
			</Shape>
			<Shape DEF='_IDX_483'>
				<Appearance USE='Material_102_IDX_102'/>
				<IndexedFaceSet solid="false" coordIndex='0 1 2 3 -1'>
					<Coordinate point='0.576209 -0.641166 -0.114322 0.558030 -0.671145 -0.079556 0.481272 -0.558958 -0.036808 0.503025 -0.535737 -0.052893'/>
				</IndexedFaceSet>
			</Shape>
			<Shape DEF='_IDX_484'>
				<Appearance USE='Material_101_IDX_101'/>
				<IndexedFaceSet solid="false" coordIndex='0 1 2 3 -1'>
					<Coordinate point='0.625703 -0.782483 -0.222890 0.627111 -0.825643 -0.155108 0.558030 -0.671145 -0.079556 0.576209 -0.641166 -0.114322'/>
				</IndexedFaceSet>
			</Shape>
			<Shape DEF='_IDX_485'>
				<Appearance USE='Material_100_IDX_100'/>
				<IndexedFaceSet solid="false" coordIndex='0 1 2 3 -1'>
					<Coordinate point='0.615837 -1.013728 -0.401655 0.676952 -1.086162 -0.279510 0.627111 -0.825643 -0.155108 0.625703 -0.782483 -0.222890'/>
				</IndexedFaceSet>
			</Shape>
			<Shape DEF='_IDX_486'>
				<Appearance USE='Material_117_IDX_117'/>
				<IndexedFaceSet solid="false" coordIndex='0 1 2 3 -1'>
					<Coordinate point='0.080415 -0.092042 -0.000005 0.076204 -0.095557 -0.000002 0.000000 0.000000 0.000000 0.000000 0.000000 0.000000'/>
				</IndexedFaceSet>
			</Shape>
			<Shape DEF='_IDX_487'>
				<Appearance USE='Material_116_IDX_116'/>
				<IndexedFaceSet solid="false" coordIndex='0 1 2 3 -1'>
					<Coordinate point='0.160829 -0.184084 -0.000151 0.152409 -0.191115 -0.000078 0.076204 -0.095557 -0.000002 0.080415 -0.092042 -0.000005'/>
				</IndexedFaceSet>
			</Shape>
			<Shape DEF='_IDX_488'>
				<Appearance USE='Material_115_IDX_115'/>
				<IndexedFaceSet solid="false" coordIndex='0 1 2 3 -1'>
					<Coordinate point='0.241242 -0.276139 -0.001150 0.228616 -0.286685 -0.000590 0.152409 -0.191115 -0.000078 0.160829 -0.184084 -0.000151'/>
				</IndexedFaceSet>
			</Shape>
			<Shape DEF='_IDX_489'>
				<Appearance USE='Material_114_IDX_114'/>
				<IndexedFaceSet solid="false" coordIndex='0 1 2 3 -1'>
					<Coordinate point='0.321627 -0.368343 -0.004847 0.304857 -0.382402 -0.002486 0.228616 -0.286685 -0.000590 0.241242 -0.276139 -0.001150'/>
				</IndexedFaceSet>
			</Shape>
			<Shape DEF='_IDX_490'>
				<Appearance USE='Material_113_IDX_113'/>
				<IndexedFaceSet solid="false" coordIndex='0 1 2 3 -1'>
					<Coordinate point='0.401838 -0.461510 -0.014792 0.381315 -0.479074 -0.007586 0.304857 -0.382402 -0.002486 0.321627 -0.368343 -0.004847'/>
				</IndexedFaceSet>
			</Shape>
			<Shape DEF='_IDX_491'>
				<Appearance USE='Material_112_IDX_112'/>
				<IndexedFaceSet solid="false" coordIndex='0 1 2 3 -1'>
					<Coordinate point='0.481272 -0.558958 -0.036808 0.458742 -0.579987 -0.018877 0.381315 -0.479074 -0.007586 0.401838 -0.461510 -0.014792'/>
				</IndexedFaceSet>
			</Shape>
			<Shape DEF='_IDX_492'>
				<Appearance USE='Material_111_IDX_111'/>
				<IndexedFaceSet solid="false" coordIndex='0 1 2 3 -1'>
					<Coordinate point='0.558030 -0.671145 -0.079556 0.539503 -0.695505 -0.040801 0.458742 -0.579987 -0.018877 0.481272 -0.558958 -0.036808'/>
				</IndexedFaceSet>
			</Shape>
			<Shape DEF='_IDX_493'>
				<Appearance USE='Material_110_IDX_110'/>
				<IndexedFaceSet solid="false" coordIndex='0 1 2 3 -1'>
					<Coordinate point='0.627111 -0.825643 -0.155108 0.629832 -0.852947 -0.079548 0.539503 -0.695505 -0.040801 0.558030 -0.671145 -0.079556'/>
				</IndexedFaceSet>
			</Shape>
			<Shape DEF='_IDX_494'>
				<Appearance USE='Material_109_IDX_109'/>
				<IndexedFaceSet solid="false" coordIndex='0 1 2 3 -1'>
					<Coordinate point='0.676952 -1.086162 -0.279510 0.744138 -1.115440 -0.143349 0.629832 -0.852947 -0.079548 0.627111 -0.825643 -0.155108'/>
				</IndexedFaceSet>
			</Shape>
			<Shape DEF='_IDX_495'>
				<Appearance USE='Material_126_IDX_126'/>
				<IndexedFaceSet solid="false" coordIndex='0 1 2 3 -1'>
					<Coordinate point='0.076204 -0.095557 -0.000002 0.071840 -0.098880 -0.000000 0.000000 0.000000 0.000000 0.000000 0.000000 0.000000'/>
				</IndexedFaceSet>
			</Shape>
			<Shape DEF='_IDX_496'>
				<Appearance USE='Material_125_IDX_125'/>
				<IndexedFaceSet solid="false" coordIndex='0 1 2 3 -1'>
					<Coordinate point='0.152409 -0.191115 -0.000078 0.143681 -0.197760 -0.000000 0.071840 -0.098880 -0.000000 0.076204 -0.095557 -0.000002'/>
				</IndexedFaceSet>
			</Shape>
			<Shape DEF='_IDX_497'>
				<Appearance USE='Material_124_IDX_124'/>
				<IndexedFaceSet solid="false" coordIndex='0 1 2 3 -1'>
					<Coordinate point='0.228616 -0.286685 -0.000590 0.215529 -0.296650 -0.000000 0.143681 -0.197760 -0.000000 0.152409 -0.191115 -0.000078'/>
				</IndexedFaceSet>
			</Shape>
			<Shape DEF='_IDX_498'>
				<Appearance USE='Material_123_IDX_123'/>
				<IndexedFaceSet solid="false" coordIndex='0 1 2 3 -1'>
					<Coordinate point='0.304857 -0.382402 -0.002486 0.287466 -0.395663 -0.000000 0.215529 -0.296650 -0.000000 0.228616 -0.286685 -0.000590'/>
				</IndexedFaceSet>
			</Shape>
			<Shape DEF='_IDX_499'>
				<Appearance USE='Material_122_IDX_122'/>
				<IndexedFaceSet solid="false" coordIndex='0 1 2 3 -1'>
					<Coordinate point='0.381315 -0.479074 -0.007586 0.359978 -0.495468 -0.000000 0.287466 -0.395663 -0.000000 0.304857 -0.382402 -0.002486'/>
				</IndexedFaceSet>
			</Shape>
			<Shape DEF='_IDX_500'>
				<Appearance USE='Material_121_IDX_121'/>
				<IndexedFaceSet solid="false" coordIndex='0 1 2 3 -1'>
					<Coordinate point='0.458742 -0.579987 -0.018877 0.435048 -0.598793 -0.000000 0.359978 -0.495468 -0.000000 0.381315 -0.479074 -0.007586'/>
				</IndexedFaceSet>
			</Shape>
			<Shape DEF='_IDX_501'>
				<Appearance USE='Material_120_IDX_120'/>
				<IndexedFaceSet solid="false" coordIndex='0 1 2 3 -1'>
					<Coordinate point='0.539503 -0.695505 -0.040801 0.518923 -0.714236 -0.000000 0.435048 -0.598793 -0.000000 0.458742 -0.579987 -0.018877'/>
				</IndexedFaceSet>
			</Shape>
			<Shape DEF='_IDX_502'>
				<Appearance USE='Material_119_IDX_119'/>
				<IndexedFaceSet solid="false" coordIndex='0 1 2 3 -1'>
					<Coordinate point='0.629832 -0.852947 -0.079548 0.628074 -0.864469 -0.000000 0.518923 -0.714236 -0.000000 0.539503 -0.695505 -0.040801'/>
				</IndexedFaceSet>
			</Shape>
			<Shape DEF='_IDX_503'>
				<Appearance USE='Material_118_IDX_118'/>
				<IndexedFaceSet solid="false" coordIndex='0 1 2 3 -1'>
					<Coordinate point='0.744138 -1.115440 -0.143349 0.800560 -1.101876 -0.000000 0.628074 -0.864469 -0.000000 0.629832 -0.852947 -0.079548'/>
				</IndexedFaceSet>
			</Shape>
			<Shape DEF='_IDX_504'>
				<Appearance USE='Material_1_IDX_1'/>
				<IndexedFaceSet solid="false" coordIndex='0 1 2 3 -1'>
					<Coordinate point='-0.098880 -0.071840 0.000011 -0.102003 -0.067332 0.000011 0.000000 0.000000 0.000000 0.000000 0.000000 0.000000'/>
				</IndexedFaceSet>
			</Shape>
			<Shape DEF='_IDX_505'>
				<Appearance USE='Material_2_IDX_2'/>
				<IndexedFaceSet solid="false" coordIndex='0 1 2 3 -1'>
					<Coordinate point='-0.197759 -0.143681 0.000349 -0.204007 -0.134663 0.000340 -0.102003 -0.067332 0.000011 -0.098880 -0.071840 0.000011'/>
				</IndexedFaceSet>
			</Shape>
			<Shape DEF='_IDX_506'>
				<Appearance USE='Material_3_IDX_3'/>
				<IndexedFaceSet solid="false" coordIndex='0 1 2 3 -1'>
					<Coordinate point='-0.296629 -0.215513 0.002651 -0.306003 -0.201984 0.002585 -0.204007 -0.134663 0.000340 -0.197759 -0.143681 0.000349'/>
				</IndexedFaceSet>
			</Shape>
			<Shape DEF='_IDX_507'>
				<Appearance USE='Material_4_IDX_4'/>
				<IndexedFaceSet solid="false" coordIndex='0 1 2 3 -1'>
					<Coordinate point='-0.395376 -0.287257 0.011171 -0.407923 -0.269175 0.010891 -0.306003 -0.201984 0.002585 -0.296629 -0.215513 0.002651'/>
				</IndexedFaceSet>
			</Shape>
			<Shape DEF='_IDX_508'>
				<Appearance USE='Material_5_IDX_5'/>
				<IndexedFaceSet solid="false" coordIndex='0 1 2 3 -1'>
					<Coordinate point='-0.493331 -0.358426 0.034093 -0.509340 -0.335525 0.033238 -0.407923 -0.269175 0.010891 -0.395376 -0.287257 0.011171'/>
				</IndexedFaceSet>
			</Shape>
			<Shape DEF='_IDX_509'>
				<Appearance USE='Material_6_IDX_6'/>
				<IndexedFaceSet solid="false" coordIndex='0 1 2 3 -1'>
					<Coordinate point='-0.587766 -0.427037 0.084833 -0.608525 -0.398141 0.082706 -0.509340 -0.335525 0.033238 -0.493331 -0.358426 0.034093'/>
				</IndexedFaceSet>
			</Shape>
			<Shape DEF='_IDX_510'>
				<Appearance USE='Material_7_IDX_7'/>
				<IndexedFaceSet solid="false" coordIndex='0 1 2 3 -1'>
					<Coordinate point='-0.670081 -0.486843 0.183359 -0.700027 -0.447897 0.178761 -0.608525 -0.398141 0.082706 -0.587766 -0.427037 0.084833'/>
				</IndexedFaceSet>
			</Shape>
			<Shape DEF='_IDX_511'>
				<Appearance USE='Material_8_IDX_8'/>
				<IndexedFaceSet solid="false" coordIndex='0 1 2 3 -1'>
					<Coordinate point='-0.717608 -0.521373 0.357487 -0.769474 -0.460738 0.348525 -0.700027 -0.447897 0.178761 -0.670081 -0.486843 0.183359'/>
				</IndexedFaceSet>
			</Shape>
			<Shape DEF='_IDX_512'>
				<Appearance USE='Material_9_IDX_9'/>
				<IndexedFaceSet solid="false" coordIndex='0 1 2 3 -1'>
					<Coordinate point='-0.677961 -0.492567 0.644204 -0.783654 -0.381078 0.628052 -0.769474 -0.460738 0.348525 -0.717608 -0.521373 0.357487'/>
				</IndexedFaceSet>
			</Shape>
			<Shape DEF='_IDX_513'>
				<Appearance USE='Material_10_IDX_10'/>
				<IndexedFaceSet solid="false" coordIndex='0 1 2 3 -1'>
					<Coordinate point='-0.102003 -0.067332 0.000011 -0.104922 -0.062688 0.000010 0.000000 0.000000 0.000000 0.000000 0.000000 0.000000'/>
				</IndexedFaceSet>
			</Shape>
			<Shape DEF='_IDX_514'>
				<Appearance USE='Material_11_IDX_11'/>
				<IndexedFaceSet solid="false" coordIndex='0 1 2 3 -1'>
					<Coordinate point='-0.204007 -0.134663 0.000340 -0.209843 -0.125375 0.000315 -0.104922 -0.062688 0.000010 -0.102003 -0.067332 0.000011'/>
				</IndexedFaceSet>
			</Shape>
			<Shape DEF='_IDX_515'>
				<Appearance USE='Material_12_IDX_12'/>
				<IndexedFaceSet solid="false" coordIndex='0 1 2 3 -1'>
					<Coordinate point='-0.306003 -0.201984 0.002585 -0.314763 -0.188050 0.002389 -0.209843 -0.125375 0.000315 -0.204007 -0.134663 0.000340'/>
				</IndexedFaceSet>
			</Shape>
			<Shape DEF='_IDX_516'>
				<Appearance USE='Material_13_IDX_13'/>
				<IndexedFaceSet solid="false" coordIndex='0 1 2 3 -1'>
					<Coordinate point='-0.407923 -0.269175 0.010891 -0.419662 -0.250575 0.010065 -0.314763 -0.188050 0.002389 -0.306003 -0.201984 0.002585'/>
				</IndexedFaceSet>
			</Shape>
			<Shape DEF='_IDX_517'>
				<Appearance USE='Material_14_IDX_14'/>
				<IndexedFaceSet solid="false" coordIndex='0 1 2 3 -1'>
					<Coordinate point='-0.509340 -0.335525 0.033238 -0.524430 -0.312130 0.030716 -0.419662 -0.250575 0.010065 -0.407923 -0.269175 0.010891'/>
				</IndexedFaceSet>
			</Shape>
			<Shape DEF='_IDX_518'>
				<Appearance USE='Material_15_IDX_15'/>
				<IndexedFaceSet solid="false" coordIndex='0 1 2 3 -1'>
					<Coordinate point='-0.608525 -0.398141 0.082706 -0.628614 -0.369373 0.076432 -0.524430 -0.312130 0.030716 -0.509340 -0.335525 0.033238'/>
				</IndexedFaceSet>
			</Shape>
			<Shape DEF='_IDX_519'>
				<Appearance USE='Material_16_IDX_16'/>
				<IndexedFaceSet solid="false" coordIndex='0 1 2 3 -1'>
					<Coordinate point='-0.700027 -0.447897 0.178761 -0.730788 -0.411772 0.165200 -0.628614 -0.369373 0.076432 -0.608525 -0.398141 0.082706'/>
				</IndexedFaceSet>
			</Shape>
			<Shape DEF='_IDX_520'>
				<Appearance USE='Material_17_IDX_17'/>
				<IndexedFaceSet solid="false" coordIndex='0 1 2 3 -1'>
					<Coordinate point='-0.769474 -0.460738 0.348525 -0.827188 -0.411558 0.322085 -0.730788 -0.411772 0.165200 -0.700027 -0.447897 0.178761'/>
				</IndexedFaceSet>
			</Shape>
			<Shape DEF='_IDX_521'>
				<Appearance USE='Material_18_IDX_18'/>
				<IndexedFaceSet solid="false" coordIndex='0 1 2 3 -1'>
					<Coordinate point='-0.783654 -0.381078 0.628052 -0.909125 -0.304566 0.580408 -0.827188 -0.411558 0.322085 -0.769474 -0.460738 0.348525'/>
				</IndexedFaceSet>
			</Shape>
			<Shape DEF='_IDX_522'>
				<Appearance USE='Material_19_IDX_19'/>
				<IndexedFaceSet solid="false" coordIndex='0 1 2 3 -1'>
					<Coordinate point='-0.104922 -0.062688 0.000010 -0.107628 -0.057917 0.000009 0.000000 0.000000 0.000000 0.000000 0.000000 0.000000'/>
				</IndexedFaceSet>
			</Shape>
			<Shape DEF='_IDX_523'>
				<Appearance USE='Material_20_IDX_20'/>
				<IndexedFaceSet solid="false" coordIndex='0 1 2 3 -1'>
					<Coordinate point='-0.209843 -0.125375 0.000315 -0.215257 -0.115834 0.000273 -0.107628 -0.057917 0.000009 -0.104922 -0.062688 0.000010'/>
				</IndexedFaceSet>
			</Shape>
			<Shape DEF='_IDX_524'>
				<Appearance USE='Material_21_IDX_21'/>
				<IndexedFaceSet solid="false" coordIndex='0 1 2 3 -1'>
					<Coordinate point='-0.314763 -0.188050 0.002389 -0.322889 -0.173739 0.002073 -0.215257 -0.115834 0.000273 -0.209843 -0.125375 0.000315'/>
				</IndexedFaceSet>
			</Shape>
			<Shape DEF='_IDX_525'>
				<Appearance USE='Material_22_IDX_22'/>
				<IndexedFaceSet solid="false" coordIndex='0 1 2 3 -1'>
					<Coordinate point='-0.419662 -0.250575 0.010065 -0.430561 -0.231498 0.008734 -0.322889 -0.173739 0.002073 -0.314763 -0.188050 0.002389'/>
				</IndexedFaceSet>
			</Shape>
			<Shape DEF='_IDX_526'>
				<Appearance USE='Material_23_IDX_23'/>
				<IndexedFaceSet solid="false" coordIndex='0 1 2 3 -1'>
					<Coordinate point='-0.524430 -0.312130 0.030716 -0.538493 -0.288313 0.026655 -0.430561 -0.231498 0.008734 -0.419662 -0.250575 0.010065'/>
				</IndexedFaceSet>
			</Shape>
			<Shape DEF='_IDX_527'>
				<Appearance USE='Material_24_IDX_24'/>
				<IndexedFaceSet solid="false" coordIndex='0 1 2 3 -1'>
					<Coordinate point='-0.628614 -0.369373 0.076432 -0.647583 -0.340934 0.066325 -0.538493 -0.288313 0.026655 -0.524430 -0.312130 0.030716'/>
				</IndexedFaceSet>
			</Shape>
			<Shape DEF='_IDX_528'>
				<Appearance USE='Material_25_IDX_25'/>
				<IndexedFaceSet solid="false" coordIndex='0 1 2 3 -1'>
					<Coordinate point='-0.730788 -0.411772 0.165200 -0.760658 -0.379115 0.143355 -0.647583 -0.340934 0.066325 -0.628614 -0.369373 0.076432'/>
				</IndexedFaceSet>
			</Shape>
			<Shape DEF='_IDX_529'>
				<Appearance USE='Material_26_IDX_26'/>
				<IndexedFaceSet solid="false" coordIndex='0 1 2 3 -1'>
					<Coordinate point='-0.827188 -0.411558 0.322085 -0.885174 -0.375844 0.279495 -0.760658 -0.379115 0.143355 -0.730788 -0.411772 0.165200'/>
				</IndexedFaceSet>
			</Shape>
			<Shape DEF='_IDX_530'>
				<Appearance USE='Material_27_IDX_27'/>
				<IndexedFaceSet solid="false" coordIndex='0 1 2 3 -1'>
					<Coordinate point='-0.909125 -0.304566 0.580408 -1.038355 -0.268703 0.503659 -0.885174 -0.375844 0.279495 -0.827188 -0.411558 0.322085'/>
				</IndexedFaceSet>
			</Shape>
			<Shape DEF='_IDX_531'>
				<Appearance USE='Material_28_IDX_28'/>
				<IndexedFaceSet solid="false" coordIndex='0 1 2 3 -1'>
					<Coordinate point='-0.107628 -0.057917 0.000009 -0.110118 -0.053030 0.000007 0.000000 0.000000 0.000000 0.000000 0.000000 0.000000'/>
				</IndexedFaceSet>
			</Shape>
			<Shape DEF='_IDX_532'>
				<Appearance USE='Material_29_IDX_29'/>
				<IndexedFaceSet solid="false" coordIndex='0 1 2 3 -1'>
					<Coordinate point='-0.215257 -0.115834 0.000273 -0.220237 -0.106060 0.000218 -0.110118 -0.053030 0.000007 -0.107628 -0.057917 0.000009'/>
				</IndexedFaceSet>
			</Shape>
			<Shape DEF='_IDX_533'>
				<Appearance USE='Material_30_IDX_30'/>
				<IndexedFaceSet solid="false" coordIndex='0 1 2 3 -1'>
					<Coordinate point='-0.322889 -0.173739 0.002073 -0.330364 -0.159080 0.001653 -0.220237 -0.106060 0.000218 -0.215257 -0.115834 0.000273'/>
				</IndexedFaceSet>
			</Shape>
			<Shape DEF='_IDX_534'>
				<Appearance USE='Material_31_IDX_31'/>
				<IndexedFaceSet solid="false" coordIndex='0 1 2 3 -1'>
					<Coordinate point='-0.430561 -0.231498 0.008734 -0.440584 -0.211982 0.006965 -0.330364 -0.159080 0.001653 -0.322889 -0.173739 0.002073'/>
				</IndexedFaceSet>
			</Shape>
			<Shape DEF='_IDX_535'>
				<Appearance USE='Material_32_IDX_32'/>
				<IndexedFaceSet solid="false" coordIndex='0 1 2 3 -1'>
					<Coordinate point='-0.538493 -0.288313 0.026655 -0.551416 -0.264119 0.021256 -0.440584 -0.211982 0.006965 -0.430561 -0.231498 0.008734'/>
				</IndexedFaceSet>
			</Shape>
			<Shape DEF='_IDX_536'>
				<Appearance USE='Material_33_IDX_33'/>
				<IndexedFaceSet solid="false" coordIndex='0 1 2 3 -1'>
					<Coordinate point='-0.647583 -0.340934 0.066325 -0.664960 -0.312853 0.052893 -0.551416 -0.264119 0.021256 -0.538493 -0.288313 0.026655'/>
				</IndexedFaceSet>
			</Shape>
			<Shape DEF='_IDX_537'>
				<Appearance USE='Material_34_IDX_34'/>
				<IndexedFaceSet solid="false" coordIndex='0 1 2 3 -1'>
					<Coordinate point='-0.760658 -0.379115 0.143355 -0.787843 -0.349876 0.114322 -0.664960 -0.312853 0.052893 -0.647583 -0.340934 0.066325'/>
				</IndexedFaceSet>
			</Shape>
			<Shape DEF='_IDX_538'>
				<Appearance USE='Material_35_IDX_35'/>
				<IndexedFaceSet solid="false" coordIndex='0 1 2 3 -1'>
					<Coordinate point='-0.885174 -0.375844 0.279495 -0.937538 -0.353279 0.222890 -0.787843 -0.349876 0.114322 -0.760658 -0.379115 0.143355'/>
				</IndexedFaceSet>
			</Shape>
			<Shape DEF='_IDX_539'>
				<Appearance USE='Material_36_IDX_36'/>
				<IndexedFaceSet solid="false" coordIndex='0 1 2 3 -1'>
					<Coordinate point='-1.038355 -0.268703 0.503659 -1.154416 -0.272437 0.401655 -0.937538 -0.353279 0.222890 -0.885174 -0.375844 0.279495'/>
				</IndexedFaceSet>
			</Shape>
			<Shape DEF='_IDX_540'>
				<Appearance USE='Material_37_IDX_37'/>
				<IndexedFaceSet solid="false" coordIndex='0 1 2 3 -1'>
					<Coordinate point='-0.110118 -0.053030 0.000007 -0.112387 -0.048036 0.000005 0.000000 0.000000 0.000000 0.000000 0.000000 0.000000'/>
				</IndexedFaceSet>
			</Shape>
			<Shape DEF='_IDX_541'>
				<Appearance USE='Material_38_IDX_38'/>
				<IndexedFaceSet solid="false" coordIndex='0 1 2 3 -1'>
					<Coordinate point='-0.220237 -0.106060 0.000218 -0.224774 -0.096073 0.000151 -0.112387 -0.048036 0.000005 -0.110118 -0.053030 0.000007'/>
				</IndexedFaceSet>
			</Shape>
			<Shape DEF='_IDX_542'>
				<Appearance USE='Material_39_IDX_39'/>
				<IndexedFaceSet solid="false" coordIndex='0 1 2 3 -1'>
					<Coordinate point='-0.330364 -0.159080 0.001653 -0.337172 -0.144103 0.001150 -0.224774 -0.096073 0.000151 -0.220237 -0.106060 0.000218'/>
				</IndexedFaceSet>
			</Shape>
			<Shape DEF='_IDX_543'>
				<Appearance USE='Material_40_IDX_40'/>
				<IndexedFaceSet solid="false" coordIndex='0 1 2 3 -1'>
					<Coordinate point='-0.440584 -0.211982 0.006965 -0.449703 -0.192062 0.004847 -0.337172 -0.144103 0.001150 -0.330364 -0.159080 0.001653'/>
				</IndexedFaceSet>
			</Shape>
			<Shape DEF='_IDX_544'>
				<Appearance USE='Material_41_IDX_41'/>
				<IndexedFaceSet solid="false" coordIndex='0 1 2 3 -1'>
					<Coordinate point='-0.551416 -0.264119 0.021256 -0.563097 -0.239556 0.014792 -0.449703 -0.192062 0.004847 -0.440584 -0.211982 0.006965'/>
				</IndexedFaceSet>
			</Shape>
			<Shape DEF='_IDX_545'>
				<Appearance USE='Material_42_IDX_42'/>
				<IndexedFaceSet solid="false" coordIndex='0 1 2 3 -1'>
					<Coordinate point='-0.664960 -0.312853 0.052893 -0.680322 -0.284989 0.036808 -0.563097 -0.239556 0.014792 -0.551416 -0.264119 0.021256'/>
				</IndexedFaceSet>
			</Shape>
			<Shape DEF='_IDX_546'>
				<Appearance USE='Material_43_IDX_43'/>
				<IndexedFaceSet solid="false" coordIndex='0 1 2 3 -1'>
					<Coordinate point='-0.787843 -0.349876 0.114322 -0.810738 -0.323323 0.079556 -0.680322 -0.284989 0.036808 -0.664960 -0.312853 0.052893'/>
				</IndexedFaceSet>
			</Shape>
			<Shape DEF='_IDX_547'>
				<Appearance USE='Material_44_IDX_44'/>
				<IndexedFaceSet solid="false" coordIndex='0 1 2 3 -1'>
					<Coordinate point='-0.937538 -0.353279 0.222890 -0.979021 -0.341280 0.155108 -0.810738 -0.323323 0.079556 -0.787843 -0.349876 0.114322'/>
				</IndexedFaceSet>
			</Shape>
			<Shape DEF='_IDX_548'>
				<Appearance USE='Material_45_IDX_45'/>
				<IndexedFaceSet solid="false" coordIndex='0 1 2 3 -1'>
					<Coordinate point='-1.154416 -0.272437 0.401655 -1.242191 -0.308177 0.279510 -0.979021 -0.341280 0.155108 -0.937538 -0.353279 0.222890'/>
				</IndexedFaceSet>
			</Shape>
			<Shape DEF='_IDX_549'>
				<Appearance USE='Material_46_IDX_46'/>
				<IndexedFaceSet solid="false" coordIndex='0 1 2 3 -1'>
					<Coordinate point='-0.112387 -0.048036 0.000005 -0.114429 -0.042946 0.000002 0.000000 0.000000 0.000000 0.000000 0.000000 0.000000'/>
				</IndexedFaceSet>
			</Shape>
			<Shape DEF='_IDX_550'>
				<Appearance USE='Material_47_IDX_47'/>
				<IndexedFaceSet solid="false" coordIndex='0 1 2 3 -1'>
					<Coordinate point='-0.224774 -0.096073 0.000151 -0.228858 -0.085892 0.000078 -0.114429 -0.042946 0.000002 -0.112387 -0.048036 0.000005'/>
				</IndexedFaceSet>
			</Shape>
			<Shape DEF='_IDX_551'>
				<Appearance USE='Material_48_IDX_48'/>
				<IndexedFaceSet solid="false" coordIndex='0 1 2 3 -1'>
					<Coordinate point='-0.337172 -0.144103 0.001150 -0.343299 -0.128836 0.000590 -0.228858 -0.085892 0.000078 -0.224774 -0.096073 0.000151'/>
				</IndexedFaceSet>
			</Shape>
			<Shape DEF='_IDX_552'>
				<Appearance USE='Material_49_IDX_49'/>
				<IndexedFaceSet solid="false" coordIndex='0 1 2 3 -1'>
					<Coordinate point='-0.449703 -0.192062 0.004847 -0.457891 -0.171767 0.002486 -0.343299 -0.128836 0.000590 -0.337172 -0.144103 0.001150'/>
				</IndexedFaceSet>
			</Shape>
			<Shape DEF='_IDX_553'>
				<Appearance USE='Material_50_IDX_50'/>
				<IndexedFaceSet solid="false" coordIndex='0 1 2 3 -1'>
					<Coordinate point='-0.563097 -0.239556 0.014792 -0.573459 -0.214611 0.007586 -0.457891 -0.171767 0.002486 -0.449703 -0.192062 0.004847'/>
				</IndexedFaceSet>
			</Shape>
			<Shape DEF='_IDX_554'>
				<Appearance USE='Material_51_IDX_51'/>
				<IndexedFaceSet solid="false" coordIndex='0 1 2 3 -1'>
					<Coordinate point='-0.680322 -0.284989 0.036808 -0.693360 -0.257064 0.018877 -0.573459 -0.214611 0.007586 -0.563097 -0.239556 0.014792'/>
				</IndexedFaceSet>
			</Shape>
			<Shape DEF='_IDX_555'>
				<Appearance USE='Material_52_IDX_52'/>
				<IndexedFaceSet solid="false" coordIndex='0 1 2 3 -1'>
					<Coordinate point='-0.810738 -0.323323 0.079556 -0.828180 -0.298175 0.040801 -0.693360 -0.257064 0.018877 -0.680322 -0.284989 0.036808'/>
				</IndexedFaceSet>
			</Shape>
			<Shape DEF='_IDX_556'>
				<Appearance USE='Material_53_IDX_53'/>
				<IndexedFaceSet solid="false" coordIndex='0 1 2 3 -1'>
					<Coordinate point='-0.979021 -0.341280 0.155108 -1.005829 -0.335430 0.079548 -0.828180 -0.298175 0.040801 -0.810738 -0.323323 0.079556'/>
				</IndexedFaceSet>
			</Shape>
			<Shape DEF='_IDX_557'>
				<Appearance USE='Material_54_IDX_54'/>
				<IndexedFaceSet solid="false" coordIndex='0 1 2 3 -1'>
					<Coordinate point='-1.242191 -0.308177 0.279510 -1.290798 -0.363027 0.143349 -1.005829 -0.335430 0.079548 -0.979021 -0.341280 0.155108'/>
				</IndexedFaceSet>
			</Shape>
			<Shape DEF='_IDX_558'>
				<Appearance USE='Material_55_IDX_55'/>
				<IndexedFaceSet solid="false" coordIndex='0 1 2 3 -1'>
					<Coordinate point='-0.114429 -0.042946 0.000002 -0.116240 -0.037769 0.000000 0.000000 0.000000 0.000000 0.000000 0.000000 0.000000'/>
				</IndexedFaceSet>
			</Shape>
			<Shape DEF='_IDX_559'>
				<Appearance USE='Material_56_IDX_56'/>
				<IndexedFaceSet solid="false" coordIndex='0 1 2 3 -1'>
					<Coordinate point='-0.228858 -0.085892 0.000078 -0.232481 -0.075538 0.000000 -0.116240 -0.037769 0.000000 -0.114429 -0.042946 0.000002'/>
				</IndexedFaceSet>
			</Shape>
			<Shape DEF='_IDX_560'>
				<Appearance USE='Material_57_IDX_57'/>
				<IndexedFaceSet solid="false" coordIndex='0 1 2 3 -1'>
					<Coordinate point='-0.343299 -0.128836 0.000590 -0.348733 -0.113310 0.000000 -0.232481 -0.075538 0.000000 -0.228858 -0.085892 0.000078'/>
				</IndexedFaceSet>
			</Shape>
			<Shape DEF='_IDX_561'>
				<Appearance USE='Material_58_IDX_58'/>
				<IndexedFaceSet solid="false" coordIndex='0 1 2 3 -1'>
					<Coordinate point='-0.457891 -0.171767 0.002486 -0.465130 -0.151130 0.000000 -0.348733 -0.113310 0.000000 -0.343299 -0.128836 0.000590'/>
				</IndexedFaceSet>
			</Shape>
			<Shape DEF='_IDX_562'>
				<Appearance USE='Material_59_IDX_59'/>
				<IndexedFaceSet solid="false" coordIndex='0 1 2 3 -1'>
					<Coordinate point='-0.573459 -0.214611 0.007586 -0.582457 -0.189252 -0.000000 -0.465130 -0.151130 0.000000 -0.457891 -0.171767 0.002486'/>
				</IndexedFaceSet>
			</Shape>
			<Shape DEF='_IDX_563'>
				<Appearance USE='Material_60_IDX_60'/>
				<IndexedFaceSet solid="false" coordIndex='0 1 2 3 -1'>
					<Coordinate point='-0.693360 -0.257064 0.018877 -0.703923 -0.228718 0.000000 -0.582457 -0.189252 -0.000000 -0.573459 -0.214611 0.007586'/>
				</IndexedFaceSet>
			</Shape>
			<Shape DEF='_IDX_564'>
				<Appearance USE='Material_61_IDX_61'/>
				<IndexedFaceSet solid="false" coordIndex='0 1 2 3 -1'>
					<Coordinate point='-0.828180 -0.298175 0.040801 -0.839635 -0.272814 -0.000000 -0.703923 -0.228718 0.000000 -0.693360 -0.257064 0.018877'/>
				</IndexedFaceSet>
			</Shape>
			<Shape DEF='_IDX_565'>
				<Appearance USE='Material_62_IDX_62'/>
				<IndexedFaceSet solid="false" coordIndex='0 1 2 3 -1'>
					<Coordinate point='-1.005829 -0.335430 0.079548 -1.016245 -0.330198 0.000000 -0.839635 -0.272814 -0.000000 -0.828180 -0.298175 0.040801'/>
				</IndexedFaceSet>
			</Shape>
			<Shape DEF='_IDX_566'>
				<Appearance USE='Material_63_IDX_63'/>
				<IndexedFaceSet solid="false" coordIndex='0 1 2 3 -1'>
					<Coordinate point='-1.290798 -0.363027 0.143349 -1.295334 -0.420879 -0.000000 -1.016245 -0.330198 0.000000 -1.005829 -0.335430 0.079548'/>
				</IndexedFaceSet>
			</Shape>
			<Shape DEF='_IDX_567'>
				<Appearance USE='Material_64_IDX_64'/>
				<IndexedFaceSet solid="false" coordIndex='0 1 2 3 -1'>
					<Coordinate point='-0.887013 -0.000000 -0.357487 -0.893332 -0.079541 -0.348525 -0.857981 -0.152322 -0.628052 -0.838006 0.000000 -0.644204'/>
				</IndexedFaceSet>
			</Shape>
			<Shape DEF='_IDX_568'>
				<Appearance USE='Material_65_IDX_65'/>
				<IndexedFaceSet solid="false" coordIndex='0 1 2 3 -1'>
					<Coordinate point='-0.828266 -0.000000 -0.183359 -0.829601 -0.049110 -0.178761 -0.893332 -0.079541 -0.348525 -0.887013 -0.000000 -0.357487'/>
				</IndexedFaceSet>
			</Shape>
			<Shape DEF='_IDX_569'>
				<Appearance USE='Material_66_IDX_66'/>
				<IndexedFaceSet solid="false" coordIndex='0 1 2 3 -1'>
					<Coordinate point='-0.726518 0.000000 -0.084833 -0.726328 -0.035579 -0.082706 -0.829601 -0.049110 -0.178761 -0.828266 -0.000000 -0.183359'/>
				</IndexedFaceSet>
			</Shape>
			<Shape DEF='_IDX_570'>
				<Appearance USE='Material_67_IDX_67'/>
				<IndexedFaceSet solid="false" coordIndex='0 1 2 3 -1'>
					<Coordinate point='-0.609790 -0.000000 -0.034093 -0.609281 -0.027937 -0.033238 -0.726328 -0.035579 -0.082706 -0.726518 0.000000 -0.084833'/>
				</IndexedFaceSet>
			</Shape>
			<Shape DEF='_IDX_571'>
				<Appearance USE='Material_68_IDX_68'/>
				<IndexedFaceSet solid="false" coordIndex='0 1 2 3 -1'>
					<Coordinate point='-0.488712 0.000000 -0.011171 -0.488234 -0.022004 -0.010891 -0.609281 -0.027937 -0.033238 -0.609790 -0.000000 -0.034093'/>
				</IndexedFaceSet>
			</Shape>
			<Shape DEF='_IDX_572'>
				<Appearance USE='Material_69_IDX_69'/>
				<IndexedFaceSet solid="false" coordIndex='0 1 2 3 -1'>
					<Coordinate point='-0.366653 -0.000000 -0.002651 -0.366285 -0.016456 -0.002585 -0.488234 -0.022004 -0.010891 -0.488712 0.000000 -0.011171'/>
				</IndexedFaceSet>
			</Shape>
			<Shape DEF='_IDX_573'>
				<Appearance USE='Material_70_IDX_70'/>
				<IndexedFaceSet solid="false" coordIndex='0 1 2 3 -1'>
					<Coordinate point='-0.244444 -0.000000 -0.000349 -0.244198 -0.010967 -0.000340 -0.366285 -0.016456 -0.002585 -0.366653 -0.000000 -0.002651'/>
				</IndexedFaceSet>
			</Shape>
			<Shape DEF='_IDX_574'>
				<Appearance USE='Material_71_IDX_71'/>
				<IndexedFaceSet solid="false" coordIndex='0 1 2 3 -1'>
					<Coordinate point='-0.122222 0.000000 -0.000011 -0.122099 -0.005483 -0.000011 -0.244198 -0.010967 -0.000340 -0.244444 -0.000000 -0.000349'/>
				</IndexedFaceSet>
			</Shape>
			<Shape DEF='_IDX_575'>
				<Appearance USE='Material_72_IDX_72'/>
				<IndexedFaceSet solid="false" coordIndex='0 1 2 3 -1'>
					<Coordinate point='0.000000 0.000000 0.000000 0.000000 0.000000 0.000000 -0.122099 -0.005483 -0.000011 -0.122222 0.000000 -0.000011'/>
				</IndexedFaceSet>
			</Shape>
			<Shape DEF='_IDX_576'>
				<Appearance USE='Material_73_IDX_73'/>
				<IndexedFaceSet solid="false" coordIndex='0 1 2 3 -1'>
					<Coordinate point='-0.893332 -0.079541 -0.348525 -0.911117 -0.153252 -0.322085 -0.914517 -0.287971 -0.580408 -0.857981 -0.152322 -0.628052'/>
				</IndexedFaceSet>
			</Shape>
			<Shape DEF='_IDX_577'>
				<Appearance USE='Material_74_IDX_74'/>
				<IndexedFaceSet solid="false" coordIndex='0 1 2 3 -1'>
					<Coordinate point='-0.829601 -0.049110 -0.178761 -0.833253 -0.096416 -0.165200 -0.911117 -0.153252 -0.322085 -0.893332 -0.079541 -0.348525'/>
				</IndexedFaceSet>
			</Shape>
			<Shape DEF='_IDX_578'>
				<Appearance USE='Material_75_IDX_75'/>
				<IndexedFaceSet solid="false" coordIndex='0 1 2 3 -1'>
					<Coordinate point='-0.726328 -0.035579 -0.082706 -0.725672 -0.070661 -0.076432 -0.833253 -0.096416 -0.165200 -0.829601 -0.049110 -0.178761'/>
				</IndexedFaceSet>
			</Shape>
			<Shape DEF='_IDX_579'>
				<Appearance USE='Material_76_IDX_76'/>
				<IndexedFaceSet solid="false" coordIndex='0 1 2 3 -1'>
					<Coordinate point='-0.609281 -0.027937 -0.033238 -0.607738 -0.055734 -0.030716 -0.725672 -0.070661 -0.076432 -0.726328 -0.035579 -0.082706'/>
				</IndexedFaceSet>
			</Shape>
			<Shape DEF='_IDX_580'>
				<Appearance USE='Material_77_IDX_77'/>
				<IndexedFaceSet solid="false" coordIndex='0 1 2 3 -1'>
					<Coordinate point='-0.488234 -0.022004 -0.010891 -0.486798 -0.043952 -0.010065 -0.607738 -0.055734 -0.030716 -0.609281 -0.027937 -0.033238'/>
				</IndexedFaceSet>
			</Shape>
			<Shape DEF='_IDX_581'>
				<Appearance USE='Material_78_IDX_78'/>
				<IndexedFaceSet solid="false" coordIndex='0 1 2 3 -1'>
					<Coordinate point='-0.366285 -0.016456 -0.002585 -0.365181 -0.032877 -0.002389 -0.486798 -0.043952 -0.010065 -0.488234 -0.022004 -0.010891'/>
				</IndexedFaceSet>
			</Shape>
			<Shape DEF='_IDX_582'>
				<Appearance USE='Material_79_IDX_79'/>
				<IndexedFaceSet solid="false" coordIndex='0 1 2 3 -1'>
					<Coordinate point='-0.244198 -0.010967 -0.000340 -0.243460 -0.021912 -0.000315 -0.365181 -0.032877 -0.002389 -0.366285 -0.016456 -0.002585'/>
				</IndexedFaceSet>
			</Shape>
			<Shape DEF='_IDX_583'>
				<Appearance USE='Material_80_IDX_80'/>
				<IndexedFaceSet solid="false" coordIndex='0 1 2 3 -1'>
					<Coordinate point='-0.122099 -0.005483 -0.000011 -0.121730 -0.010956 -0.000010 -0.243460 -0.021912 -0.000315 -0.244198 -0.010967 -0.000340'/>
				</IndexedFaceSet>
			</Shape>
			<Shape DEF='_IDX_584'>
				<Appearance USE='Material_81_IDX_81'/>
				<IndexedFaceSet solid="false" coordIndex='0 1 2 3 -1'>
					<Coordinate point='0.000000 0.000000 0.000000 0.000000 0.000000 0.000000 -0.121730 -0.010956 -0.000010 -0.122099 -0.005483 -0.000011'/>
				</IndexedFaceSet>
			</Shape>
			<Shape DEF='_IDX_585'>
				<Appearance USE='Material_82_IDX_82'/>
				<IndexedFaceSet solid="false" coordIndex='0 1 2 3 -1'>
					<Coordinate point='-0.911117 -0.153252 -0.322085 -0.937036 -0.216228 -0.279495 -0.997987 -0.392945 -0.503659 -0.914517 -0.287971 -0.580408'/>
				</IndexedFaceSet>
			</Shape>
			<Shape DEF='_IDX_586'>
				<Appearance USE='Material_83_IDX_83'/>
				<IndexedFaceSet solid="false" coordIndex='0 1 2 3 -1'>
					<Coordinate point='-0.833253 -0.096416 -0.165200 -0.838224 -0.140393 -0.143355 -0.937036 -0.216228 -0.279495 -0.911117 -0.153252 -0.322085'/>
				</IndexedFaceSet>
			</Shape>
			<Shape DEF='_IDX_587'>
				<Appearance USE='Material_84_IDX_84'/>
				<IndexedFaceSet solid="false" coordIndex='0 1 2 3 -1'>
					<Coordinate point='-0.725672 -0.070661 -0.076432 -0.724302 -0.104818 -0.066325 -0.838224 -0.140393 -0.143355 -0.833253 -0.096416 -0.165200'/>
				</IndexedFaceSet>
			</Shape>
			<Shape DEF='_IDX_588'>
				<Appearance USE='Material_85_IDX_85'/>
				<IndexedFaceSet solid="false" coordIndex='0 1 2 3 -1'>
					<Coordinate point='-0.607738 -0.055734 -0.030716 -0.605116 -0.083268 -0.026655 -0.724302 -0.104818 -0.066325 -0.725672 -0.070661 -0.076432'/>
				</IndexedFaceSet>
			</Shape>
			<Shape DEF='_IDX_589'>
				<Appearance USE='Material_86_IDX_86'/>
				<IndexedFaceSet solid="false" coordIndex='0 1 2 3 -1'>
					<Coordinate point='-0.486798 -0.043952 -0.010065 -0.484402 -0.065791 -0.008734 -0.605116 -0.083268 -0.026655 -0.607738 -0.055734 -0.030716'/>
				</IndexedFaceSet>
			</Shape>
			<Shape DEF='_IDX_590'>
				<Appearance USE='Material_87_IDX_87'/>
				<IndexedFaceSet solid="false" coordIndex='0 1 2 3 -1'>
					<Coordinate point='-0.365181 -0.032877 -0.002389 -0.363344 -0.049231 -0.002073 -0.484402 -0.065791 -0.008734 -0.486798 -0.043952 -0.010065'/>
				</IndexedFaceSet>
			</Shape>
			<Shape DEF='_IDX_591'>
				<Appearance USE='Material_88_IDX_88'/>
				<IndexedFaceSet solid="false" coordIndex='0 1 2 3 -1'>
					<Coordinate point='-0.243460 -0.021912 -0.000315 -0.242232 -0.032813 -0.000273 -0.363344 -0.049231 -0.002073 -0.365181 -0.032877 -0.002389'/>
				</IndexedFaceSet>
			</Shape>
			<Shape DEF='_IDX_592'>
				<Appearance USE='Material_89_IDX_89'/>
				<IndexedFaceSet solid="false" coordIndex='0 1 2 3 -1'>
					<Coordinate point='-0.121730 -0.010956 -0.000010 -0.121116 -0.016406 -0.000009 -0.242232 -0.032813 -0.000273 -0.243460 -0.021912 -0.000315'/>
				</IndexedFaceSet>
			</Shape>
			<Shape DEF='_IDX_593'>
				<Appearance USE='Material_90_IDX_90'/>
				<IndexedFaceSet solid="false" coordIndex='0 1 2 3 -1'>
					<Coordinate point='0.000000 0.000000 0.000000 0.000000 0.000000 0.000000 -0.121116 -0.016406 -0.000009 -0.121730 -0.010956 -0.000010'/>
				</IndexedFaceSet>
			</Shape>
			<Shape DEF='_IDX_594'>
				<Appearance USE='Material_91_IDX_91'/>
				<IndexedFaceSet solid="false" coordIndex='0 1 2 3 -1'>
					<Coordinate point='-0.937036 -0.216228 -0.279495 -0.966137 -0.265263 -0.222890 -1.094077 -0.458143 -0.401655 -0.997987 -0.392945 -0.503659'/>
				</IndexedFaceSet>
			</Shape>
			<Shape DEF='_IDX_595'>
				<Appearance USE='Material_92_IDX_92'/>
				<IndexedFaceSet solid="false" coordIndex='0 1 2 3 -1'>
					<Coordinate point='-0.838224 -0.140393 -0.143355 -0.843031 -0.180027 -0.114322 -0.966137 -0.265263 -0.222890 -0.937036 -0.216228 -0.279495'/>
				</IndexedFaceSet>
			</Shape>
			<Shape DEF='_IDX_596'>
				<Appearance USE='Material_93_IDX_93'/>
				<IndexedFaceSet solid="false" coordIndex='0 1 2 3 -1'>
					<Coordinate point='-0.724302 -0.104818 -0.066325 -0.721854 -0.137750 -0.052893 -0.843031 -0.180027 -0.114322 -0.838224 -0.140393 -0.143355'/>
				</IndexedFaceSet>
			</Shape>
			<Shape DEF='_IDX_597'>
				<Appearance USE='Material_94_IDX_94'/>
				<IndexedFaceSet solid="false" coordIndex='0 1 2 3 -1'>
					<Coordinate point='-0.605116 -0.083268 -0.026655 -0.601350 -0.110438 -0.021256 -0.721854 -0.137750 -0.052893 -0.724302 -0.104818 -0.066325'/>
				</IndexedFaceSet>
			</Shape>
			<Shape DEF='_IDX_598'>
				<Appearance USE='Material_95_IDX_95'/>
				<IndexedFaceSet solid="false" coordIndex='0 1 2 3 -1'>
					<Coordinate point='-0.484402 -0.065791 -0.008734 -0.481040 -0.087472 -0.006965 -0.601350 -0.110438 -0.021256 -0.605116 -0.083268 -0.026655'/>
				</IndexedFaceSet>
			</Shape>
			<Shape DEF='_IDX_599'>
				<Appearance USE='Material_96_IDX_96'/>
				<IndexedFaceSet solid="false" coordIndex='0 1 2 3 -1'>
					<Coordinate point='-0.363344 -0.049231 -0.002073 -0.360775 -0.065484 -0.001653 -0.481040 -0.087472 -0.006965 -0.484402 -0.065791 -0.008734'/>
				</IndexedFaceSet>
			</Shape>
			<Shape DEF='_IDX_600'>
				<Appearance USE='Material_97_IDX_97'/>
				<IndexedFaceSet solid="false" coordIndex='0 1 2 3 -1'>
					<Coordinate point='-0.242232 -0.032813 -0.000273 -0.240516 -0.043648 -0.000218 -0.360775 -0.065484 -0.001653 -0.363344 -0.049231 -0.002073'/>
				</IndexedFaceSet>
			</Shape>
			<Shape DEF='_IDX_601'>
				<Appearance USE='Material_98_IDX_98'/>
				<IndexedFaceSet solid="false" coordIndex='0 1 2 3 -1'>
					<Coordinate point='-0.121116 -0.016406 -0.000009 -0.120258 -0.021824 -0.000007 -0.240516 -0.043648 -0.000218 -0.242232 -0.032813 -0.000273'/>
				</IndexedFaceSet>
			</Shape>
			<Shape DEF='_IDX_602'>
				<Appearance USE='Material_99_IDX_99'/>
				<IndexedFaceSet solid="false" coordIndex='0 1 2 3 -1'>
					<Coordinate point='0.000000 0.000000 0.000000 0.000000 0.000000 0.000000 -0.120258 -0.021824 -0.000007 -0.121116 -0.016406 -0.000009'/>
				</IndexedFaceSet>
			</Shape>
			<Shape DEF='_IDX_603'>
				<Appearance USE='Material_100_IDX_100'/>
				<IndexedFaceSet solid="false" coordIndex='0 1 2 3 -1'>
					<Coordinate point='-0.966137 -0.265263 -0.222890 -0.992644 -0.299353 -0.155108 -1.186096 -0.480822 -0.279510 -1.094077 -0.458143 -0.401655'/>
				</IndexedFaceSet>
			</Shape>
			<Shape DEF='_IDX_604'>
				<Appearance USE='Material_101_IDX_101'/>
				<IndexedFaceSet solid="false" coordIndex='0 1 2 3 -1'>
					<Coordinate point='-0.843031 -0.180027 -0.114322 -0.845945 -0.214966 -0.079556 -0.992644 -0.299353 -0.155108 -0.966137 -0.265263 -0.222890'/>
				</IndexedFaceSet>
			</Shape>
			<Shape DEF='_IDX_605'>
				<Appearance USE='Material_102_IDX_102'/>
				<IndexedFaceSet solid="false" coordIndex='0 1 2 3 -1'>
					<Coordinate point='-0.721854 -0.137750 -0.052893 -0.717904 -0.169322 -0.036808 -0.845945 -0.214966 -0.079556 -0.843031 -0.180027 -0.114322'/>
				</IndexedFaceSet>
			</Shape>
			<Shape DEF='_IDX_606'>
				<Appearance USE='Material_103_IDX_103'/>
				<IndexedFaceSet solid="false" coordIndex='0 1 2 3 -1'>
					<Coordinate point='-0.601350 -0.110438 -0.021256 -0.596362 -0.137175 -0.014792 -0.717904 -0.169322 -0.036808 -0.721854 -0.137750 -0.052893'/>
				</IndexedFaceSet>
			</Shape>
			<Shape DEF='_IDX_607'>
				<Appearance USE='Material_104_IDX_104'/>
				<IndexedFaceSet solid="false" coordIndex='0 1 2 3 -1'>
					<Coordinate point='-0.481040 -0.087472 -0.006965 -0.476708 -0.108948 -0.004847 -0.596362 -0.137175 -0.014792 -0.601350 -0.110438 -0.021256'/>
				</IndexedFaceSet>
			</Shape>
			<Shape DEF='_IDX_608'>
				<Appearance USE='Material_105_IDX_105'/>
				<IndexedFaceSet solid="false" coordIndex='0 1 2 3 -1'>
					<Coordinate point='-0.360775 -0.065484 -0.001653 -0.357479 -0.081603 -0.001150 -0.476708 -0.108948 -0.004847 -0.481040 -0.087472 -0.006965'/>
				</IndexedFaceSet>
			</Shape>
			<Shape DEF='_IDX_609'>
				<Appearance USE='Material_106_IDX_106'/>
				<IndexedFaceSet solid="false" coordIndex='0 1 2 3 -1'>
					<Coordinate point='-0.240516 -0.043648 -0.000218 -0.238316 -0.054394 -0.000151 -0.357479 -0.081603 -0.001150 -0.360775 -0.065484 -0.001653'/>
				</IndexedFaceSet>
			</Shape>
			<Shape DEF='_IDX_610'>
				<Appearance USE='Material_107_IDX_107'/>
				<IndexedFaceSet solid="false" coordIndex='0 1 2 3 -1'>
					<Coordinate point='-0.120258 -0.021824 -0.000007 -0.119158 -0.027197 -0.000005 -0.238316 -0.054394 -0.000151 -0.240516 -0.043648 -0.000218'/>
				</IndexedFaceSet>
			</Shape>
			<Shape DEF='_IDX_611'>
				<Appearance USE='Material_108_IDX_108'/>
				<IndexedFaceSet solid="false" coordIndex='0 1 2 3 -1'>
					<Coordinate point='0.000000 0.000000 0.000000 0.000000 0.000000 0.000000 -0.119158 -0.027197 -0.000005 -0.120258 -0.021824 -0.000007'/>
				</IndexedFaceSet>
			</Shape>
			<Shape DEF='_IDX_612'>
				<Appearance USE='Material_109_IDX_109'/>
				<IndexedFaceSet solid="false" coordIndex='0 1 2 3 -1'>
					<Coordinate point='-0.992644 -0.299353 -0.155108 -1.010894 -0.319843 -0.079548 -1.257659 -0.465017 -0.143349 -1.186096 -0.480822 -0.279510'/>
				</IndexedFaceSet>
			</Shape>
			<Shape DEF='_IDX_613'>
				<Appearance USE='Material_110_IDX_110'/>
				<IndexedFaceSet solid="false" coordIndex='0 1 2 3 -1'>
					<Coordinate point='-0.845945 -0.214966 -0.079556 -0.845275 -0.245564 -0.040801 -1.010894 -0.319843 -0.079548 -0.992644 -0.299353 -0.155108'/>
				</IndexedFaceSet>
			</Shape>
			<Shape DEF='_IDX_614'>
				<Appearance USE='Material_111_IDX_111'/>
				<IndexedFaceSet solid="false" coordIndex='0 1 2 3 -1'>
					<Coordinate point='-0.717904 -0.169322 -0.036808 -0.712038 -0.199578 -0.018877 -0.845275 -0.245564 -0.040801 -0.845945 -0.214966 -0.079556'/>
				</IndexedFaceSet>
			</Shape>
			<Shape DEF='_IDX_615'>
				<Appearance USE='Material_112_IDX_112'/>
				<IndexedFaceSet solid="false" coordIndex='0 1 2 3 -1'>
					<Coordinate point='-0.596362 -0.137175 -0.014792 -0.590083 -0.163447 -0.007586 -0.712038 -0.199578 -0.018877 -0.717904 -0.169322 -0.036808'/>
				</IndexedFaceSet>
			</Shape>
			<Shape DEF='_IDX_616'>
				<Appearance USE='Material_113_IDX_113'/>
				<IndexedFaceSet solid="false" coordIndex='0 1 2 3 -1'>
					<Coordinate point='-0.476708 -0.108948 -0.004847 -0.471404 -0.130179 -0.002486 -0.590083 -0.163447 -0.007586 -0.596362 -0.137175 -0.014792'/>
				</IndexedFaceSet>
			</Shape>
			<Shape DEF='_IDX_617'>
				<Appearance USE='Material_114_IDX_114'/>
				<IndexedFaceSet solid="false" coordIndex='0 1 2 3 -1'>
					<Coordinate point='-0.357479 -0.081603 -0.001150 -0.353463 -0.097556 -0.000590 -0.471404 -0.130179 -0.002486 -0.476708 -0.108948 -0.004847'/>
				</IndexedFaceSet>
			</Shape>
			<Shape DEF='_IDX_618'>
				<Appearance USE='Material_115_IDX_115'/>
				<IndexedFaceSet solid="false" coordIndex='0 1 2 3 -1'>
					<Coordinate point='-0.238316 -0.054394 -0.000151 -0.235636 -0.065031 -0.000078 -0.353463 -0.097556 -0.000590 -0.357479 -0.081603 -0.001150'/>
				</IndexedFaceSet>
			</Shape>
			<Shape DEF='_IDX_619'>
				<Appearance USE='Material_116_IDX_116'/>
				<IndexedFaceSet solid="false" coordIndex='0 1 2 3 -1'>
					<Coordinate point='-0.119158 -0.027197 -0.000005 -0.117818 -0.032516 -0.000002 -0.235636 -0.065031 -0.000078 -0.238316 -0.054394 -0.000151'/>
				</IndexedFaceSet>
			</Shape>
			<Shape DEF='_IDX_620'>
				<Appearance USE='Material_117_IDX_117'/>
				<IndexedFaceSet solid="false" coordIndex='0 1 2 3 -1'>
					<Coordinate point='0.000000 0.000000 0.000000 0.000000 0.000000 0.000000 -0.117818 -0.032516 -0.000002 -0.119158 -0.027197 -0.000005'/>
				</IndexedFaceSet>
			</Shape>
			<Shape DEF='_IDX_621'>
				<Appearance USE='Material_118_IDX_118'/>
				<IndexedFaceSet solid="false" coordIndex='0 1 2 3 -1'>
					<Coordinate point='-1.010894 -0.319843 -0.079548 -1.016245 -0.330198 -0.000000 -1.295334 -0.420879 -0.000000 -1.257659 -0.465017 -0.143349'/>
				</IndexedFaceSet>
			</Shape>
			<Shape DEF='_IDX_622'>
				<Appearance USE='Material_119_IDX_119'/>
				<IndexedFaceSet solid="false" coordIndex='0 1 2 3 -1'>
					<Coordinate point='-0.845275 -0.245564 -0.040801 -0.839635 -0.272814 -0.000000 -1.016245 -0.330198 -0.000000 -1.010894 -0.319843 -0.079548'/>
				</IndexedFaceSet>
			</Shape>
			<Shape DEF='_IDX_623'>
				<Appearance USE='Material_120_IDX_120'/>
				<IndexedFaceSet solid="false" coordIndex='0 1 2 3 -1'>
					<Coordinate point='-0.712038 -0.199578 -0.018877 -0.703923 -0.228718 -0.000000 -0.839635 -0.272814 -0.000000 -0.845275 -0.245564 -0.040801'/>
				</IndexedFaceSet>
			</Shape>
			<Shape DEF='_IDX_624'>
				<Appearance USE='Material_121_IDX_121'/>
				<IndexedFaceSet solid="false" coordIndex='0 1 2 3 -1'>
					<Coordinate point='-0.590083 -0.163447 -0.007586 -0.582457 -0.189252 -0.000000 -0.703923 -0.228718 -0.000000 -0.712038 -0.199578 -0.018877'/>
				</IndexedFaceSet>
			</Shape>
			<Shape DEF='_IDX_625'>
				<Appearance USE='Material_122_IDX_122'/>
				<IndexedFaceSet solid="false" coordIndex='0 1 2 3 -1'>
					<Coordinate point='-0.471404 -0.130179 -0.002486 -0.465130 -0.151130 -0.000000 -0.582457 -0.189252 -0.000000 -0.590083 -0.163447 -0.007586'/>
				</IndexedFaceSet>
			</Shape>
			<Shape DEF='_IDX_626'>
				<Appearance USE='Material_123_IDX_123'/>
				<IndexedFaceSet solid="false" coordIndex='0 1 2 3 -1'>
					<Coordinate point='-0.353463 -0.097556 -0.000590 -0.348733 -0.113310 -0.000000 -0.465130 -0.151130 -0.000000 -0.471404 -0.130179 -0.002486'/>
				</IndexedFaceSet>
			</Shape>
			<Shape DEF='_IDX_627'>
				<Appearance USE='Material_124_IDX_124'/>
				<IndexedFaceSet solid="false" coordIndex='0 1 2 3 -1'>
					<Coordinate point='-0.235636 -0.065031 -0.000078 -0.232481 -0.075538 -0.000000 -0.348733 -0.113310 -0.000000 -0.353463 -0.097556 -0.000590'/>
				</IndexedFaceSet>
			</Shape>
			<Shape DEF='_IDX_628'>
				<Appearance USE='Material_125_IDX_125'/>
				<IndexedFaceSet solid="false" coordIndex='0 1 2 3 -1'>
					<Coordinate point='-0.117818 -0.032516 -0.000002 -0.116240 -0.037769 -0.000000 -0.232481 -0.075538 -0.000000 -0.235636 -0.065031 -0.000078'/>
				</IndexedFaceSet>
			</Shape>
			<Shape DEF='_IDX_629'>
				<Appearance USE='Material_126_IDX_126'/>
				<IndexedFaceSet solid="false" coordIndex='0 1 2 3 -1'>
					<Coordinate point='0.000000 0.000000 0.000000 0.000000 0.000000 0.000000 -0.116240 -0.037769 -0.000000 -0.117818 -0.032516 -0.000002'/>
				</IndexedFaceSet>
			</Shape>
			<Shape DEF='_IDX_630'>
				<Appearance USE='Material_9_IDX_9'/>
				<IndexedFaceSet solid="false" coordIndex='0 1 2 3 -1'>
					<Coordinate point='-0.717608 -0.521373 0.357487 -0.675968 -0.589437 0.348525 -0.604589 -0.627540 0.628052 -0.677961 -0.492567 0.644204'/>
				</IndexedFaceSet>
			</Shape>
			<Shape DEF='_IDX_631'>
				<Appearance USE='Material_8_IDX_8'/>
				<IndexedFaceSet solid="false" coordIndex='0 1 2 3 -1'>
					<Coordinate point='-0.670081 -0.486843 0.183359 -0.642295 -0.527358 0.178761 -0.675968 -0.589437 0.348525 -0.717608 -0.521373 0.357487'/>
				</IndexedFaceSet>
			</Shape>
			<Shape DEF='_IDX_632'>
				<Appearance USE='Material_7_IDX_7'/>
				<IndexedFaceSet solid="false" coordIndex='0 1 2 3 -1'>
					<Coordinate point='-0.587766 -0.427037 0.084833 -0.566699 -0.455709 0.082706 -0.642295 -0.527358 0.178761 -0.670081 -0.486843 0.183359'/>
				</IndexedFaceSet>
			</Shape>
			<Shape DEF='_IDX_633'>
				<Appearance USE='Material_6_IDX_6'/>
				<IndexedFaceSet solid="false" coordIndex='0 1 2 3 -1'>
					<Coordinate point='-0.493331 -0.358426 0.034093 -0.476498 -0.380728 0.033238 -0.566699 -0.455709 0.082706 -0.587766 -0.427037 0.084833'/>
				</IndexedFaceSet>
			</Shape>
			<Shape DEF='_IDX_634'>
				<Appearance USE='Material_5_IDX_5'/>
				<IndexedFaceSet solid="false" coordIndex='0 1 2 3 -1'>
					<Coordinate point='-0.395376 -0.287257 0.011171 -0.382056 -0.304778 0.010891 -0.476498 -0.380728 0.033238 -0.493331 -0.358426 0.034093'/>
				</IndexedFaceSet>
			</Shape>
			<Shape DEF='_IDX_635'>
				<Appearance USE='Material_4_IDX_4'/>
				<IndexedFaceSet solid="false" coordIndex='0 1 2 3 -1'>
					<Coordinate point='-0.296629 -0.215513 0.002651 -0.286659 -0.228610 0.002585 -0.382056 -0.304778 0.010891 -0.395376 -0.287257 0.011171'/>
				</IndexedFaceSet>
			</Shape>
			<Shape DEF='_IDX_636'>
				<Appearance USE='Material_3_IDX_3'/>
				<IndexedFaceSet solid="false" coordIndex='0 1 2 3 -1'>
					<Coordinate point='-0.197759 -0.143681 0.000349 -0.191114 -0.152409 0.000340 -0.286659 -0.228610 0.002585 -0.296629 -0.215513 0.002651'/>
				</IndexedFaceSet>
			</Shape>
			<Shape DEF='_IDX_637'>
				<Appearance USE='Material_2_IDX_2'/>
				<IndexedFaceSet solid="false" coordIndex='0 1 2 3 -1'>
					<Coordinate point='-0.098880 -0.071840 0.000011 -0.095557 -0.076204 0.000011 -0.191114 -0.152409 0.000340 -0.197759 -0.143681 0.000349'/>
				</IndexedFaceSet>
			</Shape>
			<Shape DEF='_IDX_638'>
				<Appearance USE='Material_1_IDX_1'/>
				<IndexedFaceSet solid="false" coordIndex='0 1 2 3 -1'>
					<Coordinate point='0.000000 0.000000 0.000000 0.000000 0.000000 0.000000 -0.095557 -0.076204 0.000011 -0.098880 -0.071840 0.000011'/>
				</IndexedFaceSet>
			</Shape>
			<Shape DEF='_IDX_639'>
				<Appearance USE='Material_18_IDX_18'/>
				<IndexedFaceSet solid="false" coordIndex='0 1 2 3 -1'>
					<Coordinate point='-0.675968 -0.589437 0.348525 -0.647030 -0.659525 0.322085 -0.570595 -0.770513 0.580408 -0.604589 -0.627540 0.628052'/>
				</IndexedFaceSet>
			</Shape>
			<Shape DEF='_IDX_640'>
				<Appearance USE='Material_17_IDX_17'/>
				<IndexedFaceSet solid="false" coordIndex='0 1 2 3 -1'>
					<Coordinate point='-0.642295 -0.527358 0.178761 -0.617444 -0.567776 0.165200 -0.647030 -0.659525 0.322085 -0.675968 -0.589437 0.348525'/>
				</IndexedFaceSet>
			</Shape>
			<Shape DEF='_IDX_641'>
				<Appearance USE='Material_16_IDX_16'/>
				<IndexedFaceSet solid="false" coordIndex='0 1 2 3 -1'>
					<Coordinate point='-0.566699 -0.455709 0.082706 -0.545547 -0.483705 0.076432 -0.617444 -0.567776 0.165200 -0.642295 -0.527358 0.178761'/>
				</IndexedFaceSet>
			</Shape>
			<Shape DEF='_IDX_642'>
				<Appearance USE='Material_15_IDX_15'/>
				<IndexedFaceSet solid="false" coordIndex='0 1 2 3 -1'>
					<Coordinate point='-0.476498 -0.380728 0.033238 -0.458911 -0.402310 0.030716 -0.545547 -0.483705 0.076432 -0.566699 -0.455709 0.082706'/>
				</IndexedFaceSet>
			</Shape>
			<Shape DEF='_IDX_643'>
				<Appearance USE='Material_14_IDX_14'/>
				<IndexedFaceSet solid="false" coordIndex='0 1 2 3 -1'>
					<Coordinate point='-0.382056 -0.304778 0.010891 -0.367994 -0.321691 0.010065 -0.458911 -0.402310 0.030716 -0.476498 -0.380728 0.033238'/>
				</IndexedFaceSet>
			</Shape>
			<Shape DEF='_IDX_644'>
				<Appearance USE='Material_13_IDX_13'/>
				<IndexedFaceSet solid="false" coordIndex='0 1 2 3 -1'>
					<Coordinate point='-0.286659 -0.228610 0.002585 -0.276113 -0.241247 0.002389 -0.367994 -0.321691 0.010065 -0.382056 -0.304778 0.010891'/>
				</IndexedFaceSet>
			</Shape>
			<Shape DEF='_IDX_645'>
				<Appearance USE='Material_12_IDX_12'/>
				<IndexedFaceSet solid="false" coordIndex='0 1 2 3 -1'>
					<Coordinate point='-0.191114 -0.152409 0.000340 -0.184084 -0.160830 0.000315 -0.276113 -0.241247 0.002389 -0.286659 -0.228610 0.002585'/>
				</IndexedFaceSet>
			</Shape>
			<Shape DEF='_IDX_646'>
				<Appearance USE='Material_11_IDX_11'/>
				<IndexedFaceSet solid="false" coordIndex='0 1 2 3 -1'>
					<Coordinate point='-0.095557 -0.076204 0.000011 -0.092042 -0.080415 0.000010 -0.184084 -0.160830 0.000315 -0.191114 -0.152409 0.000340'/>
				</IndexedFaceSet>
			</Shape>
			<Shape DEF='_IDX_647'>
				<Appearance USE='Material_10_IDX_10'/>
				<IndexedFaceSet solid="false" coordIndex='0 1 2 3 -1'>
					<Coordinate point='0.000000 0.000000 0.000000 0.000000 0.000000 0.000000 -0.092042 -0.080415 0.000010 -0.095557 -0.076204 0.000011'/>
				</IndexedFaceSet>
			</Shape>
			<Shape DEF='_IDX_648'>
				<Appearance USE='Material_127_IDX_127'/>
				<IndexedFaceSet solid="false" coordIndex='0 1 2 3 -1'>
					<Coordinate point='-0.647030 -0.659525 0.322085 -0.630983 -0.725708 0.279495 -0.576421 -0.904501 0.503659 -0.570595 -0.770513 0.580408'/>
				</IndexedFaceSet>
			</Shape>
			<Shape DEF='_IDX_649'>
				<Appearance USE='Material_26_IDX_26'/>
				<IndexedFaceSet solid="false" coordIndex='0 1 2 3 -1'>
					<Coordinate point='-0.617444 -0.567776 0.165200 -0.595616 -0.606276 0.143355 -0.630983 -0.725708 0.279495 -0.647030 -0.659525 0.322085'/>
				</IndexedFaceSet>
			</Shape>
			<Shape DEF='_IDX_650'>
				<Appearance USE='Material_25_IDX_25'/>
				<IndexedFaceSet solid="false" coordIndex='0 1 2 3 -1'>
					<Coordinate point='-0.545547 -0.483705 0.076432 -0.524362 -0.510534 0.066325 -0.595616 -0.606276 0.143355 -0.617444 -0.567776 0.165200'/>
				</IndexedFaceSet>
			</Shape>
			<Shape DEF='_IDX_651'>
				<Appearance USE='Material_24_IDX_24'/>
				<IndexedFaceSet solid="false" coordIndex='0 1 2 3 -1'>
					<Coordinate point='-0.458911 -0.402310 0.030716 -0.440606 -0.423044 0.026655 -0.524362 -0.510534 0.066325 -0.545547 -0.483705 0.076432'/>
				</IndexedFaceSet>
			</Shape>
			<Shape DEF='_IDX_652'>
				<Appearance USE='Material_23_IDX_23'/>
				<IndexedFaceSet solid="false" coordIndex='0 1 2 3 -1'>
					<Coordinate point='-0.367994 -0.321691 0.010065 -0.353218 -0.337950 0.008734 -0.440606 -0.423044 0.026655 -0.458911 -0.402310 0.030716'/>
				</IndexedFaceSet>
			</Shape>
			<Shape DEF='_IDX_653'>
				<Appearance USE='Material_22_IDX_22'/>
				<IndexedFaceSet solid="false" coordIndex='0 1 2 3 -1'>
					<Coordinate point='-0.276113 -0.241247 0.002389 -0.265014 -0.253397 0.002073 -0.353218 -0.337950 0.008734 -0.367994 -0.321691 0.010065'/>
				</IndexedFaceSet>
			</Shape>
			<Shape DEF='_IDX_654'>
				<Appearance USE='Material_21_IDX_21'/>
				<IndexedFaceSet solid="false" coordIndex='0 1 2 3 -1'>
					<Coordinate point='-0.184084 -0.160830 0.000315 -0.176683 -0.168927 0.000273 -0.265014 -0.253397 0.002073 -0.276113 -0.241247 0.002389'/>
				</IndexedFaceSet>
			</Shape>
			<Shape DEF='_IDX_655'>
				<Appearance USE='Material_20_IDX_20'/>
				<IndexedFaceSet solid="false" coordIndex='0 1 2 3 -1'>
					<Coordinate point='-0.092042 -0.080415 0.000010 -0.088342 -0.084463 0.000009 -0.176683 -0.168927 0.000273 -0.184084 -0.160830 0.000315'/>
				</IndexedFaceSet>
			</Shape>
			<Shape DEF='_IDX_656'>
				<Appearance USE='Material_19_IDX_19'/>
				<IndexedFaceSet solid="false" coordIndex='0 1 2 3 -1'>
					<Coordinate point='0.000000 0.000000 0.000000 0.000000 0.000000 0.000000 -0.088342 -0.084463 0.000009 -0.092042 -0.080415 0.000010'/>
				</IndexedFaceSet>
			</Shape>
			<Shape DEF='_IDX_657'>
				<Appearance USE='Material_36_IDX_36'/>
				<IndexedFaceSet solid="false" coordIndex='0 1 2 3 -1'>
					<Coordinate point='-0.630983 -0.725708 0.279495 -0.625703 -0.782483 0.222890 -0.615837 -1.013728 0.401655 -0.576421 -0.904501 0.503659'/>
				</IndexedFaceSet>
			</Shape>
			<Shape DEF='_IDX_658'>
				<Appearance USE='Material_35_IDX_35'/>
				<IndexedFaceSet solid="false" coordIndex='0 1 2 3 -1'>
					<Coordinate point='-0.595616 -0.606276 0.143355 -0.576209 -0.641166 0.114322 -0.625703 -0.782483 0.222890 -0.630983 -0.725708 0.279495'/>
				</IndexedFaceSet>
			</Shape>
			<Shape DEF='_IDX_659'>
				<Appearance USE='Material_34_IDX_34'/>
				<IndexedFaceSet solid="false" coordIndex='0 1 2 3 -1'>
					<Coordinate point='-0.524362 -0.510534 0.066325 -0.503025 -0.535737 0.052893 -0.576209 -0.641166 0.114322 -0.595616 -0.606276 0.143355'/>
				</IndexedFaceSet>
			</Shape>
			<Shape DEF='_IDX_660'>
				<Appearance USE='Material_33_IDX_33'/>
				<IndexedFaceSet solid="false" coordIndex='0 1 2 3 -1'>
					<Coordinate point='-0.440606 -0.423044 0.026655 -0.421588 -0.442810 0.021256 -0.503025 -0.535737 0.052893 -0.524362 -0.510534 0.066325'/>
				</IndexedFaceSet>
			</Shape>
			<Shape DEF='_IDX_661'>
				<Appearance USE='Material_32_IDX_32'/>
				<IndexedFaceSet solid="false" coordIndex='0 1 2 3 -1'>
					<Coordinate point='-0.353218 -0.337950 0.008734 -0.337755 -0.353514 0.006965 -0.421588 -0.442810 0.021256 -0.440606 -0.423044 0.026655'/>
				</IndexedFaceSet>
			</Shape>
			<Shape DEF='_IDX_662'>
				<Appearance USE='Material_31_IDX_31'/>
				<IndexedFaceSet solid="false" coordIndex='0 1 2 3 -1'>
					<Coordinate point='-0.265014 -0.253397 0.002073 -0.253382 -0.265036 0.001653 -0.337755 -0.353514 0.006965 -0.353218 -0.337950 0.008734'/>
				</IndexedFaceSet>
			</Shape>
			<Shape DEF='_IDX_663'>
				<Appearance USE='Material_30_IDX_30'/>
				<IndexedFaceSet solid="false" coordIndex='0 1 2 3 -1'>
					<Coordinate point='-0.176683 -0.168927 0.000273 -0.168926 -0.176683 0.000218 -0.253382 -0.265036 0.001653 -0.265014 -0.253397 0.002073'/>
				</IndexedFaceSet>
			</Shape>
			<Shape DEF='_IDX_664'>
				<Appearance USE='Material_29_IDX_29'/>
				<IndexedFaceSet solid="false" coordIndex='0 1 2 3 -1'>
					<Coordinate point='-0.088342 -0.084463 0.000009 -0.084463 -0.088342 0.000007 -0.168926 -0.176683 0.000218 -0.176683 -0.168927 0.000273'/>
				</IndexedFaceSet>
			</Shape>
			<Shape DEF='_IDX_665'>
				<Appearance USE='Material_28_IDX_28'/>
				<IndexedFaceSet solid="false" coordIndex='0 1 2 3 -1'>
					<Coordinate point='0.000000 0.000000 0.000000 0.000000 0.000000 0.000000 -0.084463 -0.088342 0.000007 -0.088342 -0.084463 0.000009'/>
				</IndexedFaceSet>
			</Shape>
			<Shape DEF='_IDX_666'>
				<Appearance USE='Material_45_IDX_45'/>
				<IndexedFaceSet solid="false" coordIndex='0 1 2 3 -1'>
					<Coordinate point='-0.625703 -0.782483 0.222890 -0.627111 -0.825643 0.155108 -0.676952 -1.086162 0.279510 -0.615837 -1.013728 0.401655'/>
				</IndexedFaceSet>
			</Shape>
			<Shape DEF='_IDX_667'>
				<Appearance USE='Material_44_IDX_44'/>
				<IndexedFaceSet solid="false" coordIndex='0 1 2 3 -1'>
					<Coordinate point='-0.576209 -0.641166 0.114322 -0.558030 -0.671145 0.079556 -0.627111 -0.825643 0.155108 -0.625703 -0.782483 0.222890'/>
				</IndexedFaceSet>
			</Shape>
			<Shape DEF='_IDX_668'>
				<Appearance USE='Material_43_IDX_43'/>
				<IndexedFaceSet solid="false" coordIndex='0 1 2 3 -1'>
					<Coordinate point='-0.503025 -0.535737 0.052893 -0.481272 -0.558958 0.036808 -0.558030 -0.671145 0.079556 -0.576209 -0.641166 0.114322'/>
				</IndexedFaceSet>
			</Shape>
			<Shape DEF='_IDX_669'>
				<Appearance USE='Material_42_IDX_42'/>
				<IndexedFaceSet solid="false" coordIndex='0 1 2 3 -1'>
					<Coordinate point='-0.421588 -0.442810 0.021256 -0.401838 -0.461510 0.014792 -0.481272 -0.558958 0.036808 -0.503025 -0.535737 0.052893'/>
				</IndexedFaceSet>
			</Shape>
			<Shape DEF='_IDX_670'>
				<Appearance USE='Material_41_IDX_41'/>
				<IndexedFaceSet solid="false" coordIndex='0 1 2 3 -1'>
					<Coordinate point='-0.337755 -0.353514 0.006965 -0.321627 -0.368343 0.004847 -0.401838 -0.461510 0.014792 -0.421588 -0.442810 0.021256'/>
				</IndexedFaceSet>
			</Shape>
			<Shape DEF='_IDX_671'>
				<Appearance USE='Material_40_IDX_40'/>
				<IndexedFaceSet solid="false" coordIndex='0 1 2 3 -1'>
					<Coordinate point='-0.253382 -0.265036 0.001653 -0.241242 -0.276139 0.001150 -0.321627 -0.368343 0.004847 -0.337755 -0.353514 0.006965'/>
				</IndexedFaceSet>
			</Shape>
			<Shape DEF='_IDX_672'>
				<Appearance USE='Material_39_IDX_39'/>
				<IndexedFaceSet solid="false" coordIndex='0 1 2 3 -1'>
					<Coordinate point='-0.168926 -0.176683 0.000218 -0.160829 -0.184084 0.000151 -0.241242 -0.276139 0.001150 -0.253382 -0.265036 0.001653'/>
				</IndexedFaceSet>
			</Shape>
			<Shape DEF='_IDX_673'>
				<Appearance USE='Material_38_IDX_38'/>
				<IndexedFaceSet solid="false" coordIndex='0 1 2 3 -1'>
					<Coordinate point='-0.084463 -0.088342 0.000007 -0.080415 -0.092042 0.000005 -0.160829 -0.184084 0.000151 -0.168926 -0.176683 0.000218'/>
				</IndexedFaceSet>
			</Shape>
			<Shape DEF='_IDX_674'>
				<Appearance USE='Material_37_IDX_37'/>
				<IndexedFaceSet solid="false" coordIndex='0 1 2 3 -1'>
					<Coordinate point='0.000000 0.000000 0.000000 0.000000 0.000000 0.000000 -0.080415 -0.092042 0.000005 -0.084463 -0.088342 0.000007'/>
				</IndexedFaceSet>
			</Shape>
			<Shape DEF='_IDX_675'>
				<Appearance USE='Material_54_IDX_54'/>
				<IndexedFaceSet solid="false" coordIndex='0 1 2 3 -1'>
					<Coordinate point='-0.627111 -0.825643 0.155108 -0.629832 -0.852947 0.079548 -0.744138 -1.115440 0.143349 -0.676952 -1.086162 0.279510'/>
				</IndexedFaceSet>
			</Shape>
			<Shape DEF='_IDX_676'>
				<Appearance USE='Material_53_IDX_53'/>
				<IndexedFaceSet solid="false" coordIndex='0 1 2 3 -1'>
					<Coordinate point='-0.558030 -0.671145 0.079556 -0.539503 -0.695505 0.040801 -0.629832 -0.852947 0.079548 -0.627111 -0.825643 0.155108'/>
				</IndexedFaceSet>
			</Shape>
			<Shape DEF='_IDX_677'>
				<Appearance USE='Material_52_IDX_52'/>
				<IndexedFaceSet solid="false" coordIndex='0 1 2 3 -1'>
					<Coordinate point='-0.481272 -0.558958 0.036808 -0.458742 -0.579987 0.018877 -0.539503 -0.695505 0.040801 -0.558030 -0.671145 0.079556'/>
				</IndexedFaceSet>
			</Shape>
			<Shape DEF='_IDX_678'>
				<Appearance USE='Material_51_IDX_51'/>
				<IndexedFaceSet solid="false" coordIndex='0 1 2 3 -1'>
					<Coordinate point='-0.401838 -0.461510 0.014792 -0.381315 -0.479074 0.007586 -0.458742 -0.579987 0.018877 -0.481272 -0.558958 0.036808'/>
				</IndexedFaceSet>
			</Shape>
			<Shape DEF='_IDX_679'>
				<Appearance USE='Material_50_IDX_50'/>
				<IndexedFaceSet solid="false" coordIndex='0 1 2 3 -1'>
					<Coordinate point='-0.321627 -0.368343 0.004847 -0.304857 -0.382402 0.002486 -0.381315 -0.479074 0.007586 -0.401838 -0.461510 0.014792'/>
				</IndexedFaceSet>
			</Shape>
			<Shape DEF='_IDX_680'>
				<Appearance USE='Material_49_IDX_49'/>
				<IndexedFaceSet solid="false" coordIndex='0 1 2 3 -1'>
					<Coordinate point='-0.241242 -0.276139 0.001150 -0.228616 -0.286685 0.000590 -0.304857 -0.382402 0.002486 -0.321627 -0.368343 0.004847'/>
				</IndexedFaceSet>
			</Shape>
			<Shape DEF='_IDX_681'>
				<Appearance USE='Material_48_IDX_48'/>
				<IndexedFaceSet solid="false" coordIndex='0 1 2 3 -1'>
					<Coordinate point='-0.160829 -0.184084 0.000151 -0.152409 -0.191115 0.000078 -0.228616 -0.286685 0.000590 -0.241242 -0.276139 0.001150'/>
				</IndexedFaceSet>
			</Shape>
			<Shape DEF='_IDX_682'>
				<Appearance USE='Material_47_IDX_47'/>
				<IndexedFaceSet solid="false" coordIndex='0 1 2 3 -1'>
					<Coordinate point='-0.080415 -0.092042 0.000005 -0.076204 -0.095557 0.000002 -0.152409 -0.191115 0.000078 -0.160829 -0.184084 0.000151'/>
				</IndexedFaceSet>
			</Shape>
			<Shape DEF='_IDX_683'>
				<Appearance USE='Material_46_IDX_46'/>
				<IndexedFaceSet solid="false" coordIndex='0 1 2 3 -1'>
					<Coordinate point='0.000000 0.000000 0.000000 0.000000 0.000000 0.000000 -0.076204 -0.095557 0.000002 -0.080415 -0.092042 0.000005'/>
				</IndexedFaceSet>
			</Shape>
			<Shape DEF='_IDX_684'>
				<Appearance USE='Material_63_IDX_63'/>
				<IndexedFaceSet solid="false" coordIndex='0 1 2 3 -1'>
					<Coordinate point='-0.629832 -0.852947 0.079548 -0.628074 -0.864469 0.000000 -0.800560 -1.101876 -0.000000 -0.744138 -1.115440 0.143349'/>
				</IndexedFaceSet>
			</Shape>
			<Shape DEF='_IDX_685'>
				<Appearance USE='Material_62_IDX_62'/>
				<IndexedFaceSet solid="false" coordIndex='0 1 2 3 -1'>
					<Coordinate point='-0.539503 -0.695505 0.040801 -0.518923 -0.714236 -0.000000 -0.628074 -0.864469 0.000000 -0.629832 -0.852947 0.079548'/>
				</IndexedFaceSet>
			</Shape>
			<Shape DEF='_IDX_686'>
				<Appearance USE='Material_61_IDX_61'/>
				<IndexedFaceSet solid="false" coordIndex='0 1 2 3 -1'>
					<Coordinate point='-0.458742 -0.579987 0.018877 -0.435048 -0.598793 0.000000 -0.518923 -0.714236 -0.000000 -0.539503 -0.695505 0.040801'/>
				</IndexedFaceSet>
			</Shape>
			<Shape DEF='_IDX_687'>
				<Appearance USE='Material_60_IDX_60'/>
				<IndexedFaceSet solid="false" coordIndex='0 1 2 3 -1'>
					<Coordinate point='-0.381315 -0.479074 0.007586 -0.359978 -0.495468 -0.000000 -0.435048 -0.598793 0.000000 -0.458742 -0.579987 0.018877'/>
				</IndexedFaceSet>
			</Shape>
			<Shape DEF='_IDX_688'>
				<Appearance USE='Material_59_IDX_59'/>
				<IndexedFaceSet solid="false" coordIndex='0 1 2 3 -1'>
					<Coordinate point='-0.304857 -0.382402 0.002486 -0.287466 -0.395663 0.000000 -0.359978 -0.495468 -0.000000 -0.381315 -0.479074 0.007586'/>
				</IndexedFaceSet>
			</Shape>
			<Shape DEF='_IDX_689'>
				<Appearance USE='Material_58_IDX_58'/>
				<IndexedFaceSet solid="false" coordIndex='0 1 2 3 -1'>
					<Coordinate point='-0.228616 -0.286685 0.000590 -0.215529 -0.296650 0.000000 -0.287466 -0.395663 0.000000 -0.304857 -0.382402 0.002486'/>
				</IndexedFaceSet>
			</Shape>
			<Shape DEF='_IDX_690'>
				<Appearance USE='Material_57_IDX_57'/>
				<IndexedFaceSet solid="false" coordIndex='0 1 2 3 -1'>
					<Coordinate point='-0.152409 -0.191115 0.000078 -0.143681 -0.197760 0.000000 -0.215529 -0.296650 0.000000 -0.228616 -0.286685 0.000590'/>
				</IndexedFaceSet>
			</Shape>
			<Shape DEF='_IDX_691'>
				<Appearance USE='Material_56_IDX_56'/>
				<IndexedFaceSet solid="false" coordIndex='0 1 2 3 -1'>
					<Coordinate point='-0.076204 -0.095557 0.000002 -0.071840 -0.098880 0.000000 -0.143681 -0.197760 0.000000 -0.152409 -0.191115 0.000078'/>
				</IndexedFaceSet>
			</Shape>
			<Shape DEF='_IDX_692'>
				<Appearance USE='Material_55_IDX_55'/>
				<IndexedFaceSet solid="false" coordIndex='0 1 2 3 -1'>
					<Coordinate point='0.000000 0.000000 0.000000 0.000000 0.000000 0.000000 -0.071840 -0.098880 0.000000 -0.076204 -0.095557 0.000002'/>
				</IndexedFaceSet>
			</Shape>
			<Shape DEF='_IDX_693'>
				<Appearance USE='Material_72_IDX_72'/>
				<IndexedFaceSet solid="false" coordIndex='0 1 2 3 -1'>
					<Coordinate point='-0.037769 -0.116240 -0.000011 -0.042946 -0.114429 -0.000011 0.000000 0.000000 0.000000 0.000000 0.000000 0.000000'/>
				</IndexedFaceSet>
			</Shape>
			<Shape DEF='_IDX_694'>
				<Appearance USE='Material_71_IDX_71'/>
				<IndexedFaceSet solid="false" coordIndex='0 1 2 3 -1'>
					<Coordinate point='-0.075537 -0.232480 -0.000349 -0.085892 -0.228857 -0.000340 -0.042946 -0.114429 -0.000011 -0.037769 -0.116240 -0.000011'/>
				</IndexedFaceSet>
			</Shape>
			<Shape DEF='_IDX_695'>
				<Appearance USE='Material_70_IDX_70'/>
				<IndexedFaceSet solid="false" coordIndex='0 1 2 3 -1'>
					<Coordinate point='-0.113302 -0.348708 -0.002651 -0.128839 -0.343273 -0.002585 -0.085892 -0.228857 -0.000340 -0.075537 -0.232480 -0.000349'/>
				</IndexedFaceSet>
			</Shape>
			<Shape DEF='_IDX_696'>
				<Appearance USE='Material_69_IDX_69'/>
				<IndexedFaceSet solid="false" coordIndex='0 1 2 3 -1'>
					<Coordinate point='-0.151020 -0.464792 -0.011171 -0.171799 -0.457538 -0.010891 -0.128839 -0.343273 -0.002585 -0.113302 -0.348708 -0.002651'/>
				</IndexedFaceSet>
			</Shape>
			<Shape DEF='_IDX_697'>
				<Appearance USE='Material_68_IDX_68'/>
				<IndexedFaceSet solid="false" coordIndex='0 1 2 3 -1'>
					<Coordinate point='-0.188436 -0.579945 -0.034093 -0.214847 -0.570828 -0.033238 -0.171799 -0.457538 -0.010891 -0.151020 -0.464792 -0.011171'/>
				</IndexedFaceSet>
			</Shape>
			<Shape DEF='_IDX_698'>
				<Appearance USE='Material_67_IDX_67'/>
				<IndexedFaceSet solid="false" coordIndex='0 1 2 3 -1'>
					<Coordinate point='-0.224506 -0.690960 -0.084833 -0.258286 -0.679785 -0.082706 -0.214847 -0.570828 -0.033238 -0.188436 -0.579945 -0.034093'/>
				</IndexedFaceSet>
			</Shape>
			<Shape DEF='_IDX_699'>
				<Appearance USE='Material_66_IDX_66'/>
				<IndexedFaceSet solid="false" coordIndex='0 1 2 3 -1'>
					<Coordinate point='-0.255948 -0.787728 -0.183359 -0.303067 -0.773822 -0.178761 -0.258286 -0.679785 -0.082706 -0.224506 -0.690960 -0.084833'/>
				</IndexedFaceSet>
			</Shape>
			<Shape DEF='_IDX_700'>
				<Appearance USE='Material_65_IDX_65'/>
				<IndexedFaceSet solid="false" coordIndex='0 1 2 3 -1'>
					<Coordinate point='-0.274102 -0.843599 -0.357487 -0.351703 -0.825030 -0.348525 -0.303067 -0.773822 -0.178761 -0.255948 -0.787728 -0.183359'/>
				</IndexedFaceSet>
			</Shape>
			<Shape DEF='_IDX_701'>
				<Appearance USE='Material_128_IDX_128'/>
				<IndexedFaceSet solid="false" coordIndex='0 1 2 3 -1'>
					<Coordinate point='-0.258958 -0.796991 -0.644204 -0.409997 -0.768919 -0.628052 -0.351703 -0.825030 -0.348525 -0.274102 -0.843599 -0.357487'/>
				</IndexedFaceSet>
			</Shape>
			<Shape DEF='_IDX_702'>
				<Appearance USE='Material_81_IDX_81'/>
				<IndexedFaceSet solid="false" coordIndex='0 1 2 3 -1'>
					<Coordinate point='-0.042946 -0.114429 -0.000011 -0.048036 -0.112387 -0.000010 0.000000 0.000000 0.000000 0.000000 0.000000 0.000000'/>
				</IndexedFaceSet>
			</Shape>
			<Shape DEF='_IDX_703'>
				<Appearance USE='Material_80_IDX_80'/>
				<IndexedFaceSet solid="false" coordIndex='0 1 2 3 -1'>
					<Coordinate point='-0.085892 -0.228857 -0.000340 -0.096073 -0.224773 -0.000315 -0.048036 -0.112387 -0.000010 -0.042946 -0.114429 -0.000011'/>
				</IndexedFaceSet>
			</Shape>
			<Shape DEF='_IDX_704'>
				<Appearance USE='Material_79_IDX_79'/>
				<IndexedFaceSet solid="false" coordIndex='0 1 2 3 -1'>
					<Coordinate point='-0.128839 -0.343273 -0.002585 -0.144115 -0.337148 -0.002389 -0.096073 -0.224773 -0.000315 -0.085892 -0.228857 -0.000340'/>
				</IndexedFaceSet>
			</Shape>
			<Shape DEF='_IDX_705'>
				<Appearance USE='Material_78_IDX_78'/>
				<IndexedFaceSet solid="false" coordIndex='0 1 2 3 -1'>
					<Coordinate point='-0.171799 -0.457538 -0.010891 -0.192230 -0.449391 -0.010065 -0.144115 -0.337148 -0.002389 -0.128839 -0.343273 -0.002585'/>
				</IndexedFaceSet>
			</Shape>
			<Shape DEF='_IDX_706'>
				<Appearance USE='Material_77_IDX_77'/>
				<IndexedFaceSet solid="false" coordIndex='0 1 2 3 -1'>
					<Coordinate point='-0.214847 -0.570828 -0.033238 -0.240808 -0.560771 -0.030716 -0.192230 -0.449391 -0.010065 -0.171799 -0.457538 -0.010891'/>
				</IndexedFaceSet>
			</Shape>
			<Shape DEF='_IDX_707'>
				<Appearance USE='Material_76_IDX_76'/>
				<IndexedFaceSet solid="false" coordIndex='0 1 2 3 -1'>
					<Coordinate point='-0.258286 -0.679785 -0.082706 -0.291448 -0.668319 -0.076432 -0.240808 -0.560771 -0.030716 -0.214847 -0.570828 -0.033238'/>
				</IndexedFaceSet>
			</Shape>
			<Shape DEF='_IDX_708'>
				<Appearance USE='Material_129_IDX_129'/>
				<IndexedFaceSet solid="false" coordIndex='0 1 2 3 -1'>
					<Coordinate point='-0.303067 -0.773822 -0.178761 -0.349186 -0.762676 -0.165200 -0.291448 -0.668319 -0.076432 -0.258286 -0.679785 -0.082706'/>
				</IndexedFaceSet>
			</Shape>
			<Shape DEF='_IDX_709'>
				<Appearance USE='Material_74_IDX_74'/>
				<IndexedFaceSet solid="false" coordIndex='0 1 2 3 -1'>
					<Coordinate point='-0.351703 -0.825030 -0.348525 -0.427302 -0.819166 -0.322085 -0.349186 -0.762676 -0.165200 -0.303067 -0.773822 -0.178761'/>
				</IndexedFaceSet>
			</Shape>
			<Shape DEF='_IDX_710'>
				<Appearance USE='Material_73_IDX_73'/>
				<IndexedFaceSet solid="false" coordIndex='0 1 2 3 -1'>
					<Coordinate point='-0.409997 -0.768919 -0.628052 -0.556478 -0.780770 -0.580408 -0.427302 -0.819166 -0.322085 -0.351703 -0.825030 -0.348525'/>
				</IndexedFaceSet>
			</Shape>
			<Shape DEF='_IDX_711'>
				<Appearance USE='Material_90_IDX_90'/>
				<IndexedFaceSet solid="false" coordIndex='0 1 2 3 -1'>
					<Coordinate point='-0.048036 -0.112387 -0.000010 -0.053030 -0.110118 -0.000009 0.000000 0.000000 0.000000 0.000000 0.000000 0.000000'/>
				</IndexedFaceSet>
			</Shape>
			<Shape DEF='_IDX_712'>
				<Appearance USE='Material_89_IDX_89'/>
				<IndexedFaceSet solid="false" coordIndex='0 1 2 3 -1'>
					<Coordinate point='-0.096073 -0.224773 -0.000315 -0.106061 -0.220237 -0.000273 -0.053030 -0.110118 -0.000009 -0.048036 -0.112387 -0.000010'/>
				</IndexedFaceSet>
			</Shape>
			<Shape DEF='_IDX_713'>
				<Appearance USE='Material_88_IDX_88'/>
				<IndexedFaceSet solid="false" coordIndex='0 1 2 3 -1'>
					<Coordinate point='-0.144115 -0.337148 -0.002389 -0.159101 -0.330347 -0.002073 -0.106061 -0.220237 -0.000273 -0.096073 -0.224773 -0.000315'/>
				</IndexedFaceSet>
			</Shape>
			<Shape DEF='_IDX_714'>
				<Appearance USE='Material_87_IDX_87'/>
				<IndexedFaceSet solid="false" coordIndex='0 1 2 3 -1'>
					<Coordinate point='-0.192230 -0.449391 -0.010065 -0.212260 -0.440363 -0.008734 -0.159101 -0.330347 -0.002073 -0.144115 -0.337148 -0.002389'/>
				</IndexedFaceSet>
			</Shape>
			<Shape DEF='_IDX_715'>
				<Appearance USE='Material_86_IDX_86'/>
				<IndexedFaceSet solid="false" coordIndex='0 1 2 3 -1'>
					<Coordinate point='-0.240808 -0.560771 -0.030716 -0.266184 -0.549769 -0.026655 -0.212260 -0.440363 -0.008734 -0.192230 -0.449391 -0.010065'/>
				</IndexedFaceSet>
			</Shape>
			<Shape DEF='_IDX_716'>
				<Appearance USE='Material_85_IDX_85'/>
				<IndexedFaceSet solid="false" coordIndex='0 1 2 3 -1'>
					<Coordinate point='-0.291448 -0.668319 -0.076432 -0.323510 -0.656461 -0.066325 -0.266184 -0.549769 -0.026655 -0.240808 -0.560771 -0.030716'/>
				</IndexedFaceSet>
			</Shape>
			<Shape DEF='_IDX_717'>
				<Appearance USE='Material_84_IDX_84'/>
				<IndexedFaceSet solid="false" coordIndex='0 1 2 3 -1'>
					<Coordinate point='-0.349186 -0.762676 -0.165200 -0.392547 -0.753814 -0.143355 -0.323510 -0.656461 -0.066325 -0.291448 -0.668319 -0.076432'/>
				</IndexedFaceSet>
			</Shape>
			<Shape DEF='_IDX_718'>
				<Appearance USE='Material_130_IDX_130'/>
				<IndexedFaceSet solid="false" coordIndex='0 1 2 3 -1'>
					<Coordinate point='-0.427302 -0.819166 -0.322085 -0.495205 -0.824356 -0.279495 -0.392547 -0.753814 -0.143355 -0.349186 -0.762676 -0.165200'/>
				</IndexedFaceSet>
			</Shape>
			<Shape DEF='_IDX_719'>
				<Appearance USE='Material_82_IDX_82'/>
				<IndexedFaceSet solid="false" coordIndex='0 1 2 3 -1'>
					<Coordinate point='-0.556478 -0.780770 -0.580408 -0.682107 -0.827715 -0.503659 -0.495205 -0.824356 -0.279495 -0.427302 -0.819166 -0.322085'/>
				</IndexedFaceSet>
			</Shape>
			<Shape DEF='_IDX_720'>
				<Appearance USE='Material_99_IDX_99'/>
				<IndexedFaceSet solid="false" coordIndex='0 1 2 3 -1'>
					<Coordinate point='-0.053030 -0.110118 -0.000009 -0.057917 -0.107628 -0.000007 0.000000 0.000000 0.000000 0.000000 0.000000 0.000000'/>
				</IndexedFaceSet>
			</Shape>
			<Shape DEF='_IDX_721'>
				<Appearance USE='Material_98_IDX_98'/>
				<IndexedFaceSet solid="false" coordIndex='0 1 2 3 -1'>
					<Coordinate point='-0.106061 -0.220237 -0.000273 -0.115835 -0.215257 -0.000218 -0.057917 -0.107628 -0.000007 -0.053030 -0.110118 -0.000009'/>
				</IndexedFaceSet>
			</Shape>
			<Shape DEF='_IDX_722'>
				<Appearance USE='Material_97_IDX_97'/>
				<IndexedFaceSet solid="false" coordIndex='0 1 2 3 -1'>
					<Coordinate point='-0.159101 -0.330347 -0.002073 -0.173765 -0.322881 -0.001653 -0.115835 -0.215257 -0.000218 -0.106061 -0.220237 -0.000273'/>
				</IndexedFaceSet>
			</Shape>
			<Shape DEF='_IDX_723'>
				<Appearance USE='Material_96_IDX_96'/>
				<IndexedFaceSet solid="false" coordIndex='0 1 2 3 -1'>
					<Coordinate point='-0.212260 -0.440363 -0.008734 -0.231840 -0.430466 -0.006965 -0.173765 -0.322881 -0.001653 -0.159101 -0.330347 -0.002073'/>
				</IndexedFaceSet>
			</Shape>
			<Shape DEF='_IDX_724'>
				<Appearance USE='Material_95_IDX_95'/>
				<IndexedFaceSet solid="false" coordIndex='0 1 2 3 -1'>
					<Coordinate point='-0.266184 -0.549769 -0.026655 -0.290860 -0.537790 -0.021256 -0.231840 -0.430466 -0.006965 -0.212260 -0.440363 -0.008734'/>
				</IndexedFaceSet>
			</Shape>
			<Shape DEF='_IDX_725'>
				<Appearance USE='Material_94_IDX_94'/>
				<IndexedFaceSet solid="false" coordIndex='0 1 2 3 -1'>
					<Coordinate point='-0.323510 -0.656461 -0.066325 -0.354073 -0.643957 -0.052893 -0.290860 -0.537790 -0.021256 -0.266184 -0.549769 -0.026655'/>
				</IndexedFaceSet>
			</Shape>
			<Shape DEF='_IDX_726'>
				<Appearance USE='Material_93_IDX_93'/>
				<IndexedFaceSet solid="false" coordIndex='0 1 2 3 -1'>
					<Coordinate point='-0.392547 -0.753814 -0.143355 -0.431727 -0.746138 -0.114322 -0.354073 -0.643957 -0.052893 -0.323510 -0.656461 -0.066325'/>
				</IndexedFaceSet>
			</Shape>
			<Shape DEF='_IDX_727'>
				<Appearance USE='Material_92_IDX_92'/>
				<IndexedFaceSet solid="false" coordIndex='0 1 2 3 -1'>
					<Coordinate point='-0.495205 -0.824356 -0.279495 -0.550832 -0.836880 -0.222890 -0.431727 -0.746138 -0.114322 -0.392547 -0.753814 -0.143355'/>
				</IndexedFaceSet>
			</Shape>
			<Shape DEF='_IDX_728'>
				<Appearance USE='Material_131_IDX_131'/>
				<IndexedFaceSet solid="false" coordIndex='0 1 2 3 -1'>
					<Coordinate point='-0.682107 -0.827715 -0.503659 -0.773808 -0.898955 -0.401655 -0.550832 -0.836880 -0.222890 -0.495205 -0.824356 -0.279495'/>
				</IndexedFaceSet>
			</Shape>
			<Shape DEF='_IDX_729'>
				<Appearance USE='Material_108_IDX_108'/>
				<IndexedFaceSet solid="false" coordIndex='0 1 2 3 -1'>
					<Coordinate point='-0.057917 -0.107628 -0.000007 -0.062688 -0.104922 -0.000005 0.000000 0.000000 0.000000 0.000000 0.000000 0.000000'/>
				</IndexedFaceSet>
			</Shape>
			<Shape DEF='_IDX_730'>
				<Appearance USE='Material_107_IDX_107'/>
				<IndexedFaceSet solid="false" coordIndex='0 1 2 3 -1'>
					<Coordinate point='-0.115835 -0.215257 -0.000218 -0.125376 -0.209843 -0.000151 -0.062688 -0.104922 -0.000005 -0.057917 -0.107628 -0.000007'/>
				</IndexedFaceSet>
			</Shape>
			<Shape DEF='_IDX_731'>
				<Appearance USE='Material_106_IDX_106'/>
				<IndexedFaceSet solid="false" coordIndex='0 1 2 3 -1'>
					<Coordinate point='-0.173765 -0.322881 -0.001653 -0.188076 -0.314766 -0.001150 -0.125376 -0.209843 -0.000151 -0.115835 -0.215257 -0.000218'/>
				</IndexedFaceSet>
			</Shape>
			<Shape DEF='_IDX_732'>
				<Appearance USE='Material_105_IDX_105'/>
				<IndexedFaceSet solid="false" coordIndex='0 1 2 3 -1'>
					<Coordinate point='-0.231840 -0.430466 -0.006965 -0.250926 -0.419710 -0.004847 -0.188076 -0.314766 -0.001150 -0.173765 -0.322881 -0.001653'/>
				</IndexedFaceSet>
			</Shape>
			<Shape DEF='_IDX_733'>
				<Appearance USE='Material_104_IDX_104'/>
				<IndexedFaceSet solid="false" coordIndex='0 1 2 3 -1'>
					<Coordinate point='-0.290860 -0.537790 -0.021256 -0.314747 -0.524785 -0.014792 -0.250926 -0.419710 -0.004847 -0.231840 -0.430466 -0.006965'/>
				</IndexedFaceSet>
			</Shape>
			<Shape DEF='_IDX_734'>
				<Appearance USE='Material_103_IDX_103'/>
				<IndexedFaceSet solid="false" coordIndex='0 1 2 3 -1'>
					<Coordinate point='-0.354073 -0.643957 -0.052893 -0.382880 -0.630444 -0.036808 -0.314747 -0.524785 -0.014792 -0.290860 -0.537790 -0.021256'/>
				</IndexedFaceSet>
			</Shape>
			<Shape DEF='_IDX_735'>
				<Appearance USE='Material_102_IDX_102'/>
				<IndexedFaceSet solid="false" coordIndex='0 1 2 3 -1'>
					<Coordinate point='-0.431727 -0.746138 -0.114322 -0.465856 -0.738114 -0.079556 -0.382880 -0.630444 -0.036808 -0.354073 -0.643957 -0.052893'/>
				</IndexedFaceSet>
			</Shape>
			<Shape DEF='_IDX_736'>
				<Appearance USE='Material_101_IDX_101'/>
				<IndexedFaceSet solid="false" coordIndex='0 1 2 3 -1'>
					<Coordinate point='-0.550832 -0.836880 -0.222890 -0.591445 -0.851556 -0.155108 -0.465856 -0.738114 -0.079556 -0.431727 -0.746138 -0.114322'/>
				</IndexedFaceSet>
			</Shape>
			<Shape DEF='_IDX_737'>
				<Appearance USE='Material_100_IDX_100'/>
				<IndexedFaceSet solid="false" coordIndex='0 1 2 3 -1'>
					<Coordinate point='-0.773808 -0.898955 -0.401655 -0.823812 -0.979462 -0.279510 -0.591445 -0.851556 -0.155108 -0.550832 -0.836880 -0.222890'/>
				</IndexedFaceSet>
			</Shape>
			<Shape DEF='_IDX_738'>
				<Appearance USE='Material_117_IDX_117'/>
				<IndexedFaceSet solid="false" coordIndex='0 1 2 3 -1'>
					<Coordinate point='-0.062688 -0.104922 -0.000005 -0.067332 -0.102003 -0.000002 0.000000 0.000000 0.000000 0.000000 0.000000 0.000000'/>
				</IndexedFaceSet>
			</Shape>
			<Shape DEF='_IDX_739'>
				<Appearance USE='Material_116_IDX_116'/>
				<IndexedFaceSet solid="false" coordIndex='0 1 2 3 -1'>
					<Coordinate point='-0.125376 -0.209843 -0.000151 -0.134664 -0.204007 -0.000078 -0.067332 -0.102003 -0.000002 -0.062688 -0.104922 -0.000005'/>
				</IndexedFaceSet>
			</Shape>
			<Shape DEF='_IDX_740'>
				<Appearance USE='Material_115_IDX_115'/>
				<IndexedFaceSet solid="false" coordIndex='0 1 2 3 -1'>
					<Coordinate point='-0.188076 -0.314766 -0.001150 -0.202007 -0.306017 -0.000590 -0.134664 -0.204007 -0.000078 -0.125376 -0.209843 -0.000151'/>
				</IndexedFaceSet>
			</Shape>
			<Shape DEF='_IDX_741'>
				<Appearance USE='Material_114_IDX_114'/>
				<IndexedFaceSet solid="false" coordIndex='0 1 2 3 -1'>
					<Coordinate point='-0.250926 -0.419710 -0.004847 -0.269480 -0.408105 -0.002486 -0.202007 -0.306017 -0.000590 -0.188076 -0.314766 -0.001150'/>
				</IndexedFaceSet>
			</Shape>
			<Shape DEF='_IDX_742'>
				<Appearance USE='Material_113_IDX_113'/>
				<IndexedFaceSet solid="false" coordIndex='0 1 2 3 -1'>
					<Coordinate point='-0.314747 -0.524785 -0.014792 -0.337793 -0.510694 -0.007586 -0.269480 -0.408105 -0.002486 -0.250926 -0.419710 -0.004847'/>
				</IndexedFaceSet>
			</Shape>
			<Shape DEF='_IDX_743'>
				<Appearance USE='Material_112_IDX_112'/>
				<IndexedFaceSet solid="false" coordIndex='0 1 2 3 -1'>
					<Coordinate point='-0.382880 -0.630444 -0.036808 -0.409842 -0.615516 -0.018877 -0.337793 -0.510694 -0.007586 -0.314747 -0.524785 -0.014792'/>
				</IndexedFaceSet>
			</Shape>
			<Shape DEF='_IDX_744'>
				<Appearance USE='Material_111_IDX_111'/>
				<IndexedFaceSet solid="false" coordIndex='0 1 2 3 -1'>
					<Coordinate point='-0.465856 -0.738114 -0.079556 -0.494749 -0.728020 -0.040801 -0.409842 -0.615516 -0.018877 -0.382880 -0.630444 -0.036808'/>
				</IndexedFaceSet>
			</Shape>
			<Shape DEF='_IDX_745'>
				<Appearance USE='Material_110_IDX_110'/>
				<IndexedFaceSet solid="false" coordIndex='0 1 2 3 -1'>
					<Coordinate point='-0.591445 -0.851556 -0.155108 -0.616572 -0.862581 -0.079548 -0.494749 -0.728020 -0.040801 -0.465856 -0.738114 -0.079556'/>
				</IndexedFaceSet>
			</Shape>
			<Shape DEF='_IDX_746'>
				<Appearance USE='Material_109_IDX_109'/>
				<IndexedFaceSet solid="false" coordIndex='0 1 2 3 -1'>
					<Coordinate point='-0.823812 -0.979462 -0.279510 -0.830895 -1.052407 -0.143349 -0.616572 -0.862581 -0.079548 -0.591445 -0.851556 -0.155108'/>
				</IndexedFaceSet>
			</Shape>
			<Shape DEF='_IDX_747'>
				<Appearance USE='Material_126_IDX_126'/>
				<IndexedFaceSet solid="false" coordIndex='0 1 2 3 -1'>
					<Coordinate point='-0.067332 -0.102003 -0.000002 -0.071840 -0.098880 -0.000000 0.000000 0.000000 0.000000 0.000000 0.000000 0.000000'/>
				</IndexedFaceSet>
			</Shape>
			<Shape DEF='_IDX_748'>
				<Appearance USE='Material_125_IDX_125'/>
				<IndexedFaceSet solid="false" coordIndex='0 1 2 3 -1'>
					<Coordinate point='-0.134664 -0.204007 -0.000078 -0.143681 -0.197760 -0.000000 -0.071840 -0.098880 -0.000000 -0.067332 -0.102003 -0.000002'/>
				</IndexedFaceSet>
			</Shape>
			<Shape DEF='_IDX_749'>
				<Appearance USE='Material_124_IDX_124'/>
				<IndexedFaceSet solid="false" coordIndex='0 1 2 3 -1'>
					<Coordinate point='-0.202007 -0.306017 -0.000590 -0.215529 -0.296650 -0.000000 -0.143681 -0.197760 -0.000000 -0.134664 -0.204007 -0.000078'/>
				</IndexedFaceSet>
			</Shape>
			<Shape DEF='_IDX_750'>
				<Appearance USE='Material_123_IDX_123'/>
				<IndexedFaceSet solid="false" coordIndex='0 1 2 3 -1'>
					<Coordinate point='-0.269480 -0.408105 -0.002486 -0.287466 -0.395663 -0.000000 -0.215529 -0.296650 -0.000000 -0.202007 -0.306017 -0.000590'/>
				</IndexedFaceSet>
			</Shape>
			<Shape DEF='_IDX_751'>
				<Appearance USE='Material_122_IDX_122'/>
				<IndexedFaceSet solid="false" coordIndex='0 1 2 3 -1'>
					<Coordinate point='-0.337793 -0.510694 -0.007586 -0.359978 -0.495468 -0.000000 -0.287466 -0.395663 -0.000000 -0.269480 -0.408105 -0.002486'/>
				</IndexedFaceSet>
			</Shape>
			<Shape DEF='_IDX_752'>
				<Appearance USE='Material_121_IDX_121'/>
				<IndexedFaceSet solid="false" coordIndex='0 1 2 3 -1'>
					<Coordinate point='-0.409842 -0.615516 -0.018877 -0.435048 -0.598793 -0.000000 -0.359978 -0.495468 -0.000000 -0.337793 -0.510694 -0.007586'/>
				</IndexedFaceSet>
			</Shape>
			<Shape DEF='_IDX_753'>
				<Appearance USE='Material_120_IDX_120'/>
				<IndexedFaceSet solid="false" coordIndex='0 1 2 3 -1'>
					<Coordinate point='-0.494749 -0.728020 -0.040801 -0.518923 -0.714236 -0.000000 -0.435048 -0.598793 -0.000000 -0.409842 -0.615516 -0.018877'/>
				</IndexedFaceSet>
			</Shape>
			<Shape DEF='_IDX_754'>
				<Appearance USE='Material_119_IDX_119'/>
				<IndexedFaceSet solid="false" coordIndex='0 1 2 3 -1'>
					<Coordinate point='-0.616572 -0.862581 -0.079548 -0.628074 -0.864469 -0.000000 -0.518923 -0.714236 -0.000000 -0.494749 -0.728020 -0.040801'/>
				</IndexedFaceSet>
			</Shape>
			<Shape DEF='_IDX_755'>
				<Appearance USE='Material_118_IDX_118'/>
				<IndexedFaceSet solid="false" coordIndex='0 1 2 3 -1'>
					<Coordinate point='-0.830895 -1.052407 -0.143349 -0.800560 -1.101876 -0.000000 -0.628074 -0.864469 -0.000000 -0.616572 -0.862581 -0.079548'/>
				</IndexedFaceSet>
			</Shape>
			<Shape DEF='_IDX_756'>
				<Appearance USE='Material_1_IDX_1'/>
				<IndexedFaceSet solid="false" coordIndex='0 1 2 3 -1'>
					<Coordinate point='-0.098880 0.071840 0.000011 -0.095557 0.076204 0.000011 0.000000 0.000000 0.000000 0.000000 0.000000 0.000000'/>
				</IndexedFaceSet>
			</Shape>
			<Shape DEF='_IDX_757'>
				<Appearance USE='Material_2_IDX_2'/>
				<IndexedFaceSet solid="false" coordIndex='0 1 2 3 -1'>
					<Coordinate point='-0.197759 0.143681 0.000349 -0.191114 0.152409 0.000340 -0.095557 0.076204 0.000011 -0.098880 0.071840 0.000011'/>
				</IndexedFaceSet>
			</Shape>
			<Shape DEF='_IDX_758'>
				<Appearance USE='Material_3_IDX_3'/>
				<IndexedFaceSet solid="false" coordIndex='0 1 2 3 -1'>
					<Coordinate point='-0.296629 0.215513 0.002651 -0.286659 0.228610 0.002585 -0.191114 0.152409 0.000340 -0.197759 0.143681 0.000349'/>
				</IndexedFaceSet>
			</Shape>
			<Shape DEF='_IDX_759'>
				<Appearance USE='Material_4_IDX_4'/>
				<IndexedFaceSet solid="false" coordIndex='0 1 2 3 -1'>
					<Coordinate point='-0.395376 0.287257 0.011171 -0.382056 0.304778 0.010891 -0.286659 0.228610 0.002585 -0.296629 0.215513 0.002651'/>
				</IndexedFaceSet>
			</Shape>
			<Shape DEF='_IDX_760'>
				<Appearance USE='Material_5_IDX_5'/>
				<IndexedFaceSet solid="false" coordIndex='0 1 2 3 -1'>
					<Coordinate point='-0.493331 0.358426 0.034093 -0.476498 0.380728 0.033238 -0.382056 0.304778 0.010891 -0.395376 0.287257 0.011171'/>
				</IndexedFaceSet>
			</Shape>
			<Shape DEF='_IDX_761'>
				<Appearance USE='Material_6_IDX_6'/>
				<IndexedFaceSet solid="false" coordIndex='0 1 2 3 -1'>
					<Coordinate point='-0.587766 0.427037 0.084833 -0.566699 0.455709 0.082706 -0.476498 0.380728 0.033238 -0.493331 0.358426 0.034093'/>
				</IndexedFaceSet>
			</Shape>
			<Shape DEF='_IDX_762'>
				<Appearance USE='Material_7_IDX_7'/>
				<IndexedFaceSet solid="false" coordIndex='0 1 2 3 -1'>
					<Coordinate point='-0.670081 0.486843 0.183359 -0.642295 0.527358 0.178761 -0.566699 0.455709 0.082706 -0.587766 0.427037 0.084833'/>
				</IndexedFaceSet>
			</Shape>
			<Shape DEF='_IDX_763'>
				<Appearance USE='Material_8_IDX_8'/>
				<IndexedFaceSet solid="false" coordIndex='0 1 2 3 -1'>
					<Coordinate point='-0.717608 0.521373 0.357487 -0.675968 0.589437 0.348525 -0.642295 0.527358 0.178761 -0.670081 0.486843 0.183359'/>
				</IndexedFaceSet>
			</Shape>
			<Shape DEF='_IDX_764'>
				<Appearance USE='Material_9_IDX_9'/>
				<IndexedFaceSet solid="false" coordIndex='0 1 2 3 -1'>
					<Coordinate point='-0.677961 0.492567 0.644204 -0.604589 0.627540 0.628052 -0.675968 0.589437 0.348525 -0.717608 0.521373 0.357487'/>
				</IndexedFaceSet>
			</Shape>
			<Shape DEF='_IDX_765'>
				<Appearance USE='Material_10_IDX_10'/>
				<IndexedFaceSet solid="false" coordIndex='0 1 2 3 -1'>
					<Coordinate point='-0.095557 0.076204 0.000011 -0.092042 0.080415 0.000010 0.000000 0.000000 0.000000 0.000000 0.000000 0.000000'/>
				</IndexedFaceSet>
			</Shape>
			<Shape DEF='_IDX_766'>
				<Appearance USE='Material_11_IDX_11'/>
				<IndexedFaceSet solid="false" coordIndex='0 1 2 3 -1'>
					<Coordinate point='-0.191114 0.152409 0.000340 -0.184084 0.160830 0.000315 -0.092042 0.080415 0.000010 -0.095557 0.076204 0.000011'/>
				</IndexedFaceSet>
			</Shape>
			<Shape DEF='_IDX_767'>
				<Appearance USE='Material_12_IDX_12'/>
				<IndexedFaceSet solid="false" coordIndex='0 1 2 3 -1'>
					<Coordinate point='-0.286659 0.228610 0.002585 -0.276113 0.241247 0.002389 -0.184084 0.160830 0.000315 -0.191114 0.152409 0.000340'/>
				</IndexedFaceSet>
			</Shape>
			<Shape DEF='_IDX_768'>
				<Appearance USE='Material_13_IDX_13'/>
				<IndexedFaceSet solid="false" coordIndex='0 1 2 3 -1'>
					<Coordinate point='-0.382056 0.304778 0.010891 -0.367994 0.321691 0.010065 -0.276113 0.241247 0.002389 -0.286659 0.228610 0.002585'/>
				</IndexedFaceSet>
			</Shape>
			<Shape DEF='_IDX_769'>
				<Appearance USE='Material_14_IDX_14'/>
				<IndexedFaceSet solid="false" coordIndex='0 1 2 3 -1'>
					<Coordinate point='-0.476498 0.380728 0.033238 -0.458911 0.402310 0.030716 -0.367994 0.321691 0.010065 -0.382056 0.304778 0.010891'/>
				</IndexedFaceSet>
			</Shape>
			<Shape DEF='_IDX_770'>
				<Appearance USE='Material_15_IDX_15'/>
				<IndexedFaceSet solid="false" coordIndex='0 1 2 3 -1'>
					<Coordinate point='-0.566699 0.455709 0.082706 -0.545547 0.483705 0.076432 -0.458911 0.402310 0.030716 -0.476498 0.380728 0.033238'/>
				</IndexedFaceSet>
			</Shape>
			<Shape DEF='_IDX_771'>
				<Appearance USE='Material_16_IDX_16'/>
				<IndexedFaceSet solid="false" coordIndex='0 1 2 3 -1'>
					<Coordinate point='-0.642295 0.527358 0.178761 -0.617444 0.567776 0.165200 -0.545547 0.483705 0.076432 -0.566699 0.455709 0.082706'/>
				</IndexedFaceSet>
			</Shape>
			<Shape DEF='_IDX_772'>
				<Appearance USE='Material_17_IDX_17'/>
				<IndexedFaceSet solid="false" coordIndex='0 1 2 3 -1'>
					<Coordinate point='-0.675968 0.589437 0.348525 -0.647030 0.659525 0.322085 -0.617444 0.567776 0.165200 -0.642295 0.527358 0.178761'/>
				</IndexedFaceSet>
			</Shape>
			<Shape DEF='_IDX_773'>
				<Appearance USE='Material_18_IDX_18'/>
				<IndexedFaceSet solid="false" coordIndex='0 1 2 3 -1'>
					<Coordinate point='-0.604589 0.627540 0.628052 -0.570595 0.770513 0.580408 -0.647030 0.659525 0.322085 -0.675968 0.589437 0.348525'/>
				</IndexedFaceSet>
			</Shape>
			<Shape DEF='_IDX_774'>
				<Appearance USE='Material_19_IDX_19'/>
				<IndexedFaceSet solid="false" coordIndex='0 1 2 3 -1'>
					<Coordinate point='-0.092042 0.080415 0.000010 -0.088342 0.084463 0.000009 0.000000 0.000000 0.000000 0.000000 0.000000 0.000000'/>
				</IndexedFaceSet>
			</Shape>
			<Shape DEF='_IDX_775'>
				<Appearance USE='Material_20_IDX_20'/>
				<IndexedFaceSet solid="false" coordIndex='0 1 2 3 -1'>
					<Coordinate point='-0.184084 0.160830 0.000315 -0.176683 0.168927 0.000273 -0.088342 0.084463 0.000009 -0.092042 0.080415 0.000010'/>
				</IndexedFaceSet>
			</Shape>
			<Shape DEF='_IDX_776'>
				<Appearance USE='Material_21_IDX_21'/>
				<IndexedFaceSet solid="false" coordIndex='0 1 2 3 -1'>
					<Coordinate point='-0.276113 0.241247 0.002389 -0.265014 0.253397 0.002073 -0.176683 0.168927 0.000273 -0.184084 0.160830 0.000315'/>
				</IndexedFaceSet>
			</Shape>
			<Shape DEF='_IDX_777'>
				<Appearance USE='Material_22_IDX_22'/>
				<IndexedFaceSet solid="false" coordIndex='0 1 2 3 -1'>
					<Coordinate point='-0.367994 0.321691 0.010065 -0.353218 0.337950 0.008734 -0.265014 0.253397 0.002073 -0.276113 0.241247 0.002389'/>
				</IndexedFaceSet>
			</Shape>
			<Shape DEF='_IDX_778'>
				<Appearance USE='Material_23_IDX_23'/>
				<IndexedFaceSet solid="false" coordIndex='0 1 2 3 -1'>
					<Coordinate point='-0.458911 0.402310 0.030716 -0.440606 0.423044 0.026655 -0.353218 0.337950 0.008734 -0.367994 0.321691 0.010065'/>
				</IndexedFaceSet>
			</Shape>
			<Shape DEF='_IDX_779'>
				<Appearance USE='Material_24_IDX_24'/>
				<IndexedFaceSet solid="false" coordIndex='0 1 2 3 -1'>
					<Coordinate point='-0.545547 0.483705 0.076432 -0.524362 0.510534 0.066325 -0.440606 0.423044 0.026655 -0.458911 0.402310 0.030716'/>
				</IndexedFaceSet>
			</Shape>
			<Shape DEF='_IDX_780'>
				<Appearance USE='Material_25_IDX_25'/>
				<IndexedFaceSet solid="false" coordIndex='0 1 2 3 -1'>
					<Coordinate point='-0.617444 0.567776 0.165200 -0.595616 0.606276 0.143355 -0.524362 0.510534 0.066325 -0.545547 0.483705 0.076432'/>
				</IndexedFaceSet>
			</Shape>
			<Shape DEF='_IDX_781'>
				<Appearance USE='Material_26_IDX_26'/>
				<IndexedFaceSet solid="false" coordIndex='0 1 2 3 -1'>
					<Coordinate point='-0.647030 0.659525 0.322085 -0.630983 0.725708 0.279495 -0.595616 0.606276 0.143355 -0.617444 0.567776 0.165200'/>
				</IndexedFaceSet>
			</Shape>
			<Shape DEF='_IDX_782'>
				<Appearance USE='Material_27_IDX_27'/>
				<IndexedFaceSet solid="false" coordIndex='0 1 2 3 -1'>
					<Coordinate point='-0.570595 0.770513 0.580408 -0.576421 0.904501 0.503659 -0.630983 0.725708 0.279495 -0.647030 0.659525 0.322085'/>
				</IndexedFaceSet>
			</Shape>
			<Shape DEF='_IDX_783'>
				<Appearance USE='Material_28_IDX_28'/>
				<IndexedFaceSet solid="false" coordIndex='0 1 2 3 -1'>
					<Coordinate point='-0.088342 0.084463 0.000009 -0.084463 0.088342 0.000007 0.000000 0.000000 0.000000 0.000000 0.000000 0.000000'/>
				</IndexedFaceSet>
			</Shape>
			<Shape DEF='_IDX_784'>
				<Appearance USE='Material_29_IDX_29'/>
				<IndexedFaceSet solid="false" coordIndex='0 1 2 3 -1'>
					<Coordinate point='-0.176683 0.168927 0.000273 -0.168926 0.176683 0.000218 -0.084463 0.088342 0.000007 -0.088342 0.084463 0.000009'/>
				</IndexedFaceSet>
			</Shape>
			<Shape DEF='_IDX_785'>
				<Appearance USE='Material_30_IDX_30'/>
				<IndexedFaceSet solid="false" coordIndex='0 1 2 3 -1'>
					<Coordinate point='-0.265014 0.253397 0.002073 -0.253382 0.265036 0.001653 -0.168926 0.176683 0.000218 -0.176683 0.168927 0.000273'/>
				</IndexedFaceSet>
			</Shape>
			<Shape DEF='_IDX_786'>
				<Appearance USE='Material_31_IDX_31'/>
				<IndexedFaceSet solid="false" coordIndex='0 1 2 3 -1'>
					<Coordinate point='-0.353218 0.337950 0.008734 -0.337755 0.353514 0.006965 -0.253382 0.265036 0.001653 -0.265014 0.253397 0.002073'/>
				</IndexedFaceSet>
			</Shape>
			<Shape DEF='_IDX_787'>
				<Appearance USE='Material_32_IDX_32'/>
				<IndexedFaceSet solid="false" coordIndex='0 1 2 3 -1'>
					<Coordinate point='-0.440606 0.423044 0.026655 -0.421588 0.442810 0.021256 -0.337755 0.353514 0.006965 -0.353218 0.337950 0.008734'/>
				</IndexedFaceSet>
			</Shape>
			<Shape DEF='_IDX_788'>
				<Appearance USE='Material_33_IDX_33'/>
				<IndexedFaceSet solid="false" coordIndex='0 1 2 3 -1'>
					<Coordinate point='-0.524362 0.510534 0.066325 -0.503025 0.535737 0.052893 -0.421588 0.442810 0.021256 -0.440606 0.423044 0.026655'/>
				</IndexedFaceSet>
			</Shape>
			<Shape DEF='_IDX_789'>
				<Appearance USE='Material_34_IDX_34'/>
				<IndexedFaceSet solid="false" coordIndex='0 1 2 3 -1'>
					<Coordinate point='-0.595616 0.606276 0.143355 -0.576209 0.641166 0.114322 -0.503025 0.535737 0.052893 -0.524362 0.510534 0.066325'/>
				</IndexedFaceSet>
			</Shape>
			<Shape DEF='_IDX_790'>
				<Appearance USE='Material_35_IDX_35'/>
				<IndexedFaceSet solid="false" coordIndex='0 1 2 3 -1'>
					<Coordinate point='-0.630983 0.725708 0.279495 -0.625703 0.782483 0.222890 -0.576209 0.641166 0.114322 -0.595616 0.606276 0.143355'/>
				</IndexedFaceSet>
			</Shape>
			<Shape DEF='_IDX_791'>
				<Appearance USE='Material_36_IDX_36'/>
				<IndexedFaceSet solid="false" coordIndex='0 1 2 3 -1'>
					<Coordinate point='-0.576421 0.904501 0.503659 -0.615837 1.013728 0.401655 -0.625703 0.782483 0.222890 -0.630983 0.725708 0.279495'/>
				</IndexedFaceSet>
			</Shape>
			<Shape DEF='_IDX_792'>
				<Appearance USE='Material_37_IDX_37'/>
				<IndexedFaceSet solid="false" coordIndex='0 1 2 3 -1'>
					<Coordinate point='-0.084463 0.088342 0.000007 -0.080415 0.092042 0.000005 0.000000 0.000000 0.000000 0.000000 0.000000 0.000000'/>
				</IndexedFaceSet>
			</Shape>
			<Shape DEF='_IDX_793'>
				<Appearance USE='Material_38_IDX_38'/>
				<IndexedFaceSet solid="false" coordIndex='0 1 2 3 -1'>
					<Coordinate point='-0.168926 0.176683 0.000218 -0.160829 0.184084 0.000151 -0.080415 0.092042 0.000005 -0.084463 0.088342 0.000007'/>
				</IndexedFaceSet>
			</Shape>
			<Shape DEF='_IDX_794'>
				<Appearance USE='Material_39_IDX_39'/>
				<IndexedFaceSet solid="false" coordIndex='0 1 2 3 -1'>
					<Coordinate point='-0.253382 0.265036 0.001653 -0.241242 0.276139 0.001150 -0.160829 0.184084 0.000151 -0.168926 0.176683 0.000218'/>
				</IndexedFaceSet>
			</Shape>
			<Shape DEF='_IDX_795'>
				<Appearance USE='Material_40_IDX_40'/>
				<IndexedFaceSet solid="false" coordIndex='0 1 2 3 -1'>
					<Coordinate point='-0.337755 0.353514 0.006965 -0.321627 0.368343 0.004847 -0.241242 0.276139 0.001150 -0.253382 0.265036 0.001653'/>
				</IndexedFaceSet>
			</Shape>
			<Shape DEF='_IDX_796'>
				<Appearance USE='Material_41_IDX_41'/>
				<IndexedFaceSet solid="false" coordIndex='0 1 2 3 -1'>
					<Coordinate point='-0.421588 0.442810 0.021256 -0.401838 0.461510 0.014792 -0.321627 0.368343 0.004847 -0.337755 0.353514 0.006965'/>
				</IndexedFaceSet>
			</Shape>
			<Shape DEF='_IDX_797'>
				<Appearance USE='Material_42_IDX_42'/>
				<IndexedFaceSet solid="false" coordIndex='0 1 2 3 -1'>
					<Coordinate point='-0.503025 0.535737 0.052893 -0.481272 0.558958 0.036808 -0.401838 0.461510 0.014792 -0.421588 0.442810 0.021256'/>
				</IndexedFaceSet>
			</Shape>
			<Shape DEF='_IDX_798'>
				<Appearance USE='Material_43_IDX_43'/>
				<IndexedFaceSet solid="false" coordIndex='0 1 2 3 -1'>
					<Coordinate point='-0.576209 0.641166 0.114322 -0.558030 0.671145 0.079556 -0.481272 0.558958 0.036808 -0.503025 0.535737 0.052893'/>
				</IndexedFaceSet>
			</Shape>
			<Shape DEF='_IDX_799'>
				<Appearance USE='Material_44_IDX_44'/>
				<IndexedFaceSet solid="false" coordIndex='0 1 2 3 -1'>
					<Coordinate point='-0.625703 0.782483 0.222890 -0.627111 0.825643 0.155108 -0.558030 0.671145 0.079556 -0.576209 0.641166 0.114322'/>
				</IndexedFaceSet>
			</Shape>
			<Shape DEF='_IDX_800'>
				<Appearance USE='Material_45_IDX_45'/>
				<IndexedFaceSet solid="false" coordIndex='0 1 2 3 -1'>
					<Coordinate point='-0.615837 1.013728 0.401655 -0.676952 1.086162 0.279510 -0.627111 0.825643 0.155108 -0.625703 0.782483 0.222890'/>
				</IndexedFaceSet>
			</Shape>
			<Shape DEF='_IDX_801'>
				<Appearance USE='Material_46_IDX_46'/>
				<IndexedFaceSet solid="false" coordIndex='0 1 2 3 -1'>
					<Coordinate point='-0.080415 0.092042 0.000005 -0.076204 0.095557 0.000002 0.000000 0.000000 0.000000 0.000000 0.000000 0.000000'/>
				</IndexedFaceSet>
			</Shape>
			<Shape DEF='_IDX_802'>
				<Appearance USE='Material_47_IDX_47'/>
				<IndexedFaceSet solid="false" coordIndex='0 1 2 3 -1'>
					<Coordinate point='-0.160829 0.184084 0.000151 -0.152409 0.191115 0.000078 -0.076204 0.095557 0.000002 -0.080415 0.092042 0.000005'/>
				</IndexedFaceSet>
			</Shape>
			<Shape DEF='_IDX_803'>
				<Appearance USE='Material_48_IDX_48'/>
				<IndexedFaceSet solid="false" coordIndex='0 1 2 3 -1'>
					<Coordinate point='-0.241242 0.276139 0.001150 -0.228616 0.286685 0.000590 -0.152409 0.191115 0.000078 -0.160829 0.184084 0.000151'/>
				</IndexedFaceSet>
			</Shape>
			<Shape DEF='_IDX_804'>
				<Appearance USE='Material_49_IDX_49'/>
				<IndexedFaceSet solid="false" coordIndex='0 1 2 3 -1'>
					<Coordinate point='-0.321627 0.368343 0.004847 -0.304857 0.382402 0.002486 -0.228616 0.286685 0.000590 -0.241242 0.276139 0.001150'/>
				</IndexedFaceSet>
			</Shape>
			<Shape DEF='_IDX_805'>
				<Appearance USE='Material_50_IDX_50'/>
				<IndexedFaceSet solid="false" coordIndex='0 1 2 3 -1'>
					<Coordinate point='-0.401838 0.461510 0.014792 -0.381315 0.479074 0.007586 -0.304857 0.382402 0.002486 -0.321627 0.368343 0.004847'/>
				</IndexedFaceSet>
			</Shape>
			<Shape DEF='_IDX_806'>
				<Appearance USE='Material_51_IDX_51'/>
				<IndexedFaceSet solid="false" coordIndex='0 1 2 3 -1'>
					<Coordinate point='-0.481272 0.558958 0.036808 -0.458742 0.579987 0.018877 -0.381315 0.479074 0.007586 -0.401838 0.461510 0.014792'/>
				</IndexedFaceSet>
			</Shape>
			<Shape DEF='_IDX_807'>
				<Appearance USE='Material_52_IDX_52'/>
				<IndexedFaceSet solid="false" coordIndex='0 1 2 3 -1'>
					<Coordinate point='-0.558030 0.671145 0.079556 -0.539503 0.695505 0.040801 -0.458742 0.579987 0.018877 -0.481272 0.558958 0.036808'/>
				</IndexedFaceSet>
			</Shape>
			<Shape DEF='_IDX_808'>
				<Appearance USE='Material_53_IDX_53'/>
				<IndexedFaceSet solid="false" coordIndex='0 1 2 3 -1'>
					<Coordinate point='-0.627111 0.825643 0.155108 -0.629832 0.852947 0.079548 -0.539503 0.695505 0.040801 -0.558030 0.671145 0.079556'/>
				</IndexedFaceSet>
			</Shape>
			<Shape DEF='_IDX_809'>
				<Appearance USE='Material_54_IDX_54'/>
				<IndexedFaceSet solid="false" coordIndex='0 1 2 3 -1'>
					<Coordinate point='-0.676952 1.086162 0.279510 -0.744138 1.115440 0.143349 -0.629832 0.852947 0.079548 -0.627111 0.825643 0.155108'/>
				</IndexedFaceSet>
			</Shape>
			<Shape DEF='_IDX_810'>
				<Appearance USE='Material_55_IDX_55'/>
				<IndexedFaceSet solid="false" coordIndex='0 1 2 3 -1'>
					<Coordinate point='-0.076204 0.095557 0.000002 -0.071840 0.098880 0.000000 0.000000 0.000000 0.000000 0.000000 0.000000 0.000000'/>
				</IndexedFaceSet>
			</Shape>
			<Shape DEF='_IDX_811'>
				<Appearance USE='Material_56_IDX_56'/>
				<IndexedFaceSet solid="false" coordIndex='0 1 2 3 -1'>
					<Coordinate point='-0.152409 0.191115 0.000078 -0.143681 0.197760 0.000000 -0.071840 0.098880 0.000000 -0.076204 0.095557 0.000002'/>
				</IndexedFaceSet>
			</Shape>
			<Shape DEF='_IDX_812'>
				<Appearance USE='Material_57_IDX_57'/>
				<IndexedFaceSet solid="false" coordIndex='0 1 2 3 -1'>
					<Coordinate point='-0.228616 0.286685 0.000590 -0.215529 0.296650 0.000000 -0.143681 0.197760 0.000000 -0.152409 0.191115 0.000078'/>
				</IndexedFaceSet>
			</Shape>
			<Shape DEF='_IDX_813'>
				<Appearance USE='Material_58_IDX_58'/>
				<IndexedFaceSet solid="false" coordIndex='0 1 2 3 -1'>
					<Coordinate point='-0.304857 0.382402 0.002486 -0.287466 0.395663 0.000000 -0.215529 0.296650 0.000000 -0.228616 0.286685 0.000590'/>
				</IndexedFaceSet>
			</Shape>
			<Shape DEF='_IDX_814'>
				<Appearance USE='Material_59_IDX_59'/>
				<IndexedFaceSet solid="false" coordIndex='0 1 2 3 -1'>
					<Coordinate point='-0.381315 0.479074 0.007586 -0.359978 0.495468 -0.000000 -0.287466 0.395663 0.000000 -0.304857 0.382402 0.002486'/>
				</IndexedFaceSet>
			</Shape>
			<Shape DEF='_IDX_815'>
				<Appearance USE='Material_60_IDX_60'/>
				<IndexedFaceSet solid="false" coordIndex='0 1 2 3 -1'>
					<Coordinate point='-0.458742 0.579987 0.018877 -0.435048 0.598793 0.000000 -0.359978 0.495468 -0.000000 -0.381315 0.479074 0.007586'/>
				</IndexedFaceSet>
			</Shape>
			<Shape DEF='_IDX_816'>
				<Appearance USE='Material_61_IDX_61'/>
				<IndexedFaceSet solid="false" coordIndex='0 1 2 3 -1'>
					<Coordinate point='-0.539503 0.695505 0.040801 -0.518923 0.714236 -0.000000 -0.435048 0.598793 0.000000 -0.458742 0.579987 0.018877'/>
				</IndexedFaceSet>
			</Shape>
			<Shape DEF='_IDX_817'>
				<Appearance USE='Material_62_IDX_62'/>
				<IndexedFaceSet solid="false" coordIndex='0 1 2 3 -1'>
					<Coordinate point='-0.629832 0.852947 0.079548 -0.628074 0.864469 0.000000 -0.518923 0.714236 -0.000000 -0.539503 0.695505 0.040801'/>
				</IndexedFaceSet>
			</Shape>
			<Shape DEF='_IDX_818'>
				<Appearance USE='Material_63_IDX_63'/>
				<IndexedFaceSet solid="false" coordIndex='0 1 2 3 -1'>
					<Coordinate point='-0.744138 1.115440 0.143349 -0.800560 1.101876 -0.000000 -0.628074 0.864469 0.000000 -0.629832 0.852947 0.079548'/>
				</IndexedFaceSet>
			</Shape>
			<Shape DEF='_IDX_819'>
				<Appearance USE='Material_64_IDX_64'/>
				<IndexedFaceSet solid="false" coordIndex='0 1 2 3 -1'>
					<Coordinate point='-0.274102 0.843599 -0.357487 -0.351703 0.825030 -0.348525 -0.409997 0.768919 -0.628052 -0.258958 0.796991 -0.644204'/>
				</IndexedFaceSet>
			</Shape>
			<Shape DEF='_IDX_820'>
				<Appearance USE='Material_65_IDX_65'/>
				<IndexedFaceSet solid="false" coordIndex='0 1 2 3 -1'>
					<Coordinate point='-0.255948 0.787728 -0.183359 -0.303067 0.773822 -0.178761 -0.351703 0.825030 -0.348525 -0.274102 0.843599 -0.357487'/>
				</IndexedFaceSet>
			</Shape>
			<Shape DEF='_IDX_821'>
				<Appearance USE='Material_66_IDX_66'/>
				<IndexedFaceSet solid="false" coordIndex='0 1 2 3 -1'>
					<Coordinate point='-0.224506 0.690960 -0.084833 -0.258286 0.679785 -0.082706 -0.303067 0.773822 -0.178761 -0.255948 0.787728 -0.183359'/>
				</IndexedFaceSet>
			</Shape>
			<Shape DEF='_IDX_822'>
				<Appearance USE='Material_67_IDX_67'/>
				<IndexedFaceSet solid="false" coordIndex='0 1 2 3 -1'>
					<Coordinate point='-0.188436 0.579945 -0.034093 -0.214847 0.570828 -0.033238 -0.258286 0.679785 -0.082706 -0.224506 0.690960 -0.084833'/>
				</IndexedFaceSet>
			</Shape>
			<Shape DEF='_IDX_823'>
				<Appearance USE='Material_68_IDX_68'/>
				<IndexedFaceSet solid="false" coordIndex='0 1 2 3 -1'>
					<Coordinate point='-0.151020 0.464792 -0.011171 -0.171799 0.457538 -0.010891 -0.214847 0.570828 -0.033238 -0.188436 0.579945 -0.034093'/>
				</IndexedFaceSet>
			</Shape>
			<Shape DEF='_IDX_824'>
				<Appearance USE='Material_69_IDX_69'/>
				<IndexedFaceSet solid="false" coordIndex='0 1 2 3 -1'>
					<Coordinate point='-0.113302 0.348708 -0.002651 -0.128839 0.343273 -0.002585 -0.171799 0.457538 -0.010891 -0.151020 0.464792 -0.011171'/>
				</IndexedFaceSet>
			</Shape>
			<Shape DEF='_IDX_825'>
				<Appearance USE='Material_70_IDX_70'/>
				<IndexedFaceSet solid="false" coordIndex='0 1 2 3 -1'>
					<Coordinate point='-0.075537 0.232480 -0.000349 -0.085892 0.228857 -0.000340 -0.128839 0.343273 -0.002585 -0.113302 0.348708 -0.002651'/>
				</IndexedFaceSet>
			</Shape>
			<Shape DEF='_IDX_826'>
				<Appearance USE='Material_71_IDX_71'/>
				<IndexedFaceSet solid="false" coordIndex='0 1 2 3 -1'>
					<Coordinate point='-0.037769 0.116240 -0.000011 -0.042946 0.114429 -0.000011 -0.085892 0.228857 -0.000340 -0.075537 0.232480 -0.000349'/>
				</IndexedFaceSet>
			</Shape>
			<Shape DEF='_IDX_827'>
				<Appearance USE='Material_72_IDX_72'/>
				<IndexedFaceSet solid="false" coordIndex='0 1 2 3 -1'>
					<Coordinate point='0.000000 0.000000 0.000000 0.000000 0.000000 0.000000 -0.042946 0.114429 -0.000011 -0.037769 0.116240 -0.000011'/>
				</IndexedFaceSet>
			</Shape>
			<Shape DEF='_IDX_828'>
				<Appearance USE='Material_73_IDX_73'/>
				<IndexedFaceSet solid="false" coordIndex='0 1 2 3 -1'>
					<Coordinate point='-0.351703 0.825030 -0.348525 -0.427302 0.819166 -0.322085 -0.556478 0.780770 -0.580408 -0.409997 0.768919 -0.628052'/>
				</IndexedFaceSet>
			</Shape>
			<Shape DEF='_IDX_829'>
				<Appearance USE='Material_74_IDX_74'/>
				<IndexedFaceSet solid="false" coordIndex='0 1 2 3 -1'>
					<Coordinate point='-0.303067 0.773822 -0.178761 -0.349186 0.762676 -0.165200 -0.427302 0.819166 -0.322085 -0.351703 0.825030 -0.348525'/>
				</IndexedFaceSet>
			</Shape>
			<Shape DEF='_IDX_830'>
				<Appearance USE='Material_75_IDX_75'/>
				<IndexedFaceSet solid="false" coordIndex='0 1 2 3 -1'>
					<Coordinate point='-0.258286 0.679785 -0.082706 -0.291448 0.668319 -0.076432 -0.349186 0.762676 -0.165200 -0.303067 0.773822 -0.178761'/>
				</IndexedFaceSet>
			</Shape>
			<Shape DEF='_IDX_831'>
				<Appearance USE='Material_76_IDX_76'/>
				<IndexedFaceSet solid="false" coordIndex='0 1 2 3 -1'>
					<Coordinate point='-0.214847 0.570828 -0.033238 -0.240808 0.560771 -0.030716 -0.291448 0.668319 -0.076432 -0.258286 0.679785 -0.082706'/>
				</IndexedFaceSet>
			</Shape>
			<Shape DEF='_IDX_832'>
				<Appearance USE='Material_77_IDX_77'/>
				<IndexedFaceSet solid="false" coordIndex='0 1 2 3 -1'>
					<Coordinate point='-0.171799 0.457538 -0.010891 -0.192230 0.449391 -0.010065 -0.240808 0.560771 -0.030716 -0.214847 0.570828 -0.033238'/>
				</IndexedFaceSet>
			</Shape>
			<Shape DEF='_IDX_833'>
				<Appearance USE='Material_78_IDX_78'/>
				<IndexedFaceSet solid="false" coordIndex='0 1 2 3 -1'>
					<Coordinate point='-0.128839 0.343273 -0.002585 -0.144115 0.337148 -0.002389 -0.192230 0.449391 -0.010065 -0.171799 0.457538 -0.010891'/>
				</IndexedFaceSet>
			</Shape>
			<Shape DEF='_IDX_834'>
				<Appearance USE='Material_79_IDX_79'/>
				<IndexedFaceSet solid="false" coordIndex='0 1 2 3 -1'>
					<Coordinate point='-0.085892 0.228857 -0.000340 -0.096073 0.224773 -0.000315 -0.144115 0.337148 -0.002389 -0.128839 0.343273 -0.002585'/>
				</IndexedFaceSet>
			</Shape>
			<Shape DEF='_IDX_835'>
				<Appearance USE='Material_80_IDX_80'/>
				<IndexedFaceSet solid="false" coordIndex='0 1 2 3 -1'>
					<Coordinate point='-0.042946 0.114429 -0.000011 -0.048036 0.112387 -0.000010 -0.096073 0.224773 -0.000315 -0.085892 0.228857 -0.000340'/>
				</IndexedFaceSet>
			</Shape>
			<Shape DEF='_IDX_836'>
				<Appearance USE='Material_81_IDX_81'/>
				<IndexedFaceSet solid="false" coordIndex='0 1 2 3 -1'>
					<Coordinate point='0.000000 0.000000 0.000000 0.000000 0.000000 0.000000 -0.048036 0.112387 -0.000010 -0.042946 0.114429 -0.000011'/>
				</IndexedFaceSet>
			</Shape>
			<Shape DEF='_IDX_837'>
				<Appearance USE='Material_82_IDX_82'/>
				<IndexedFaceSet solid="false" coordIndex='0 1 2 3 -1'>
					<Coordinate point='-0.427302 0.819166 -0.322085 -0.495205 0.824356 -0.279495 -0.682107 0.827715 -0.503659 -0.556478 0.780770 -0.580408'/>
				</IndexedFaceSet>
			</Shape>
			<Shape DEF='_IDX_838'>
				<Appearance USE='Material_83_IDX_83'/>
				<IndexedFaceSet solid="false" coordIndex='0 1 2 3 -1'>
					<Coordinate point='-0.349186 0.762676 -0.165200 -0.392547 0.753814 -0.143355 -0.495205 0.824356 -0.279495 -0.427302 0.819166 -0.322085'/>
				</IndexedFaceSet>
			</Shape>
			<Shape DEF='_IDX_839'>
				<Appearance USE='Material_84_IDX_84'/>
				<IndexedFaceSet solid="false" coordIndex='0 1 2 3 -1'>
					<Coordinate point='-0.291448 0.668319 -0.076432 -0.323510 0.656461 -0.066325 -0.392547 0.753814 -0.143355 -0.349186 0.762676 -0.165200'/>
				</IndexedFaceSet>
			</Shape>
			<Shape DEF='_IDX_840'>
				<Appearance USE='Material_85_IDX_85'/>
				<IndexedFaceSet solid="false" coordIndex='0 1 2 3 -1'>
					<Coordinate point='-0.240808 0.560771 -0.030716 -0.266184 0.549769 -0.026655 -0.323510 0.656461 -0.066325 -0.291448 0.668319 -0.076432'/>
				</IndexedFaceSet>
			</Shape>
			<Shape DEF='_IDX_841'>
				<Appearance USE='Material_86_IDX_86'/>
				<IndexedFaceSet solid="false" coordIndex='0 1 2 3 -1'>
					<Coordinate point='-0.192230 0.449391 -0.010065 -0.212260 0.440363 -0.008734 -0.266184 0.549769 -0.026655 -0.240808 0.560771 -0.030716'/>
				</IndexedFaceSet>
			</Shape>
			<Shape DEF='_IDX_842'>
				<Appearance USE='Material_87_IDX_87'/>
				<IndexedFaceSet solid="false" coordIndex='0 1 2 3 -1'>
					<Coordinate point='-0.144115 0.337148 -0.002389 -0.159101 0.330347 -0.002073 -0.212260 0.440363 -0.008734 -0.192230 0.449391 -0.010065'/>
				</IndexedFaceSet>
			</Shape>
			<Shape DEF='_IDX_843'>
				<Appearance USE='Material_88_IDX_88'/>
				<IndexedFaceSet solid="false" coordIndex='0 1 2 3 -1'>
					<Coordinate point='-0.096073 0.224773 -0.000315 -0.106061 0.220237 -0.000273 -0.159101 0.330347 -0.002073 -0.144115 0.337148 -0.002389'/>
				</IndexedFaceSet>
			</Shape>
			<Shape DEF='_IDX_844'>
				<Appearance USE='Material_89_IDX_89'/>
				<IndexedFaceSet solid="false" coordIndex='0 1 2 3 -1'>
					<Coordinate point='-0.048036 0.112387 -0.000010 -0.053030 0.110118 -0.000009 -0.106061 0.220237 -0.000273 -0.096073 0.224773 -0.000315'/>
				</IndexedFaceSet>
			</Shape>
			<Shape DEF='_IDX_845'>
				<Appearance USE='Material_90_IDX_90'/>
				<IndexedFaceSet solid="false" coordIndex='0 1 2 3 -1'>
					<Coordinate point='0.000000 0.000000 0.000000 0.000000 0.000000 0.000000 -0.053030 0.110118 -0.000009 -0.048036 0.112387 -0.000010'/>
				</IndexedFaceSet>
			</Shape>
			<Shape DEF='_IDX_846'>
				<Appearance USE='Material_91_IDX_91'/>
				<IndexedFaceSet solid="false" coordIndex='0 1 2 3 -1'>
					<Coordinate point='-0.495205 0.824356 -0.279495 -0.550832 0.836880 -0.222890 -0.773808 0.898955 -0.401655 -0.682107 0.827715 -0.503659'/>
				</IndexedFaceSet>
			</Shape>
			<Shape DEF='_IDX_847'>
				<Appearance USE='Material_92_IDX_92'/>
				<IndexedFaceSet solid="false" coordIndex='0 1 2 3 -1'>
					<Coordinate point='-0.392547 0.753814 -0.143355 -0.431727 0.746138 -0.114322 -0.550832 0.836880 -0.222890 -0.495205 0.824356 -0.279495'/>
				</IndexedFaceSet>
			</Shape>
			<Shape DEF='_IDX_848'>
				<Appearance USE='Material_93_IDX_93'/>
				<IndexedFaceSet solid="false" coordIndex='0 1 2 3 -1'>
					<Coordinate point='-0.323510 0.656461 -0.066325 -0.354073 0.643957 -0.052893 -0.431727 0.746138 -0.114322 -0.392547 0.753814 -0.143355'/>
				</IndexedFaceSet>
			</Shape>
			<Shape DEF='_IDX_849'>
				<Appearance USE='Material_94_IDX_94'/>
				<IndexedFaceSet solid="false" coordIndex='0 1 2 3 -1'>
					<Coordinate point='-0.266184 0.549769 -0.026655 -0.290860 0.537790 -0.021256 -0.354073 0.643957 -0.052893 -0.323510 0.656461 -0.066325'/>
				</IndexedFaceSet>
			</Shape>
			<Shape DEF='_IDX_850'>
				<Appearance USE='Material_95_IDX_95'/>
				<IndexedFaceSet solid="false" coordIndex='0 1 2 3 -1'>
					<Coordinate point='-0.212260 0.440363 -0.008734 -0.231840 0.430466 -0.006965 -0.290860 0.537790 -0.021256 -0.266184 0.549769 -0.026655'/>
				</IndexedFaceSet>
			</Shape>
			<Shape DEF='_IDX_851'>
				<Appearance USE='Material_96_IDX_96'/>
				<IndexedFaceSet solid="false" coordIndex='0 1 2 3 -1'>
					<Coordinate point='-0.159101 0.330347 -0.002073 -0.173765 0.322881 -0.001653 -0.231840 0.430466 -0.006965 -0.212260 0.440363 -0.008734'/>
				</IndexedFaceSet>
			</Shape>
			<Shape DEF='_IDX_852'>
				<Appearance USE='Material_97_IDX_97'/>
				<IndexedFaceSet solid="false" coordIndex='0 1 2 3 -1'>
					<Coordinate point='-0.106061 0.220237 -0.000273 -0.115835 0.215257 -0.000218 -0.173765 0.322881 -0.001653 -0.159101 0.330347 -0.002073'/>
				</IndexedFaceSet>
			</Shape>
			<Shape DEF='_IDX_853'>
				<Appearance USE='Material_98_IDX_98'/>
				<IndexedFaceSet solid="false" coordIndex='0 1 2 3 -1'>
					<Coordinate point='-0.053030 0.110118 -0.000009 -0.057917 0.107628 -0.000007 -0.115835 0.215257 -0.000218 -0.106061 0.220237 -0.000273'/>
				</IndexedFaceSet>
			</Shape>
			<Shape DEF='_IDX_854'>
				<Appearance USE='Material_99_IDX_99'/>
				<IndexedFaceSet solid="false" coordIndex='0 1 2 3 -1'>
					<Coordinate point='0.000000 0.000000 0.000000 0.000000 0.000000 0.000000 -0.057917 0.107628 -0.000007 -0.053030 0.110118 -0.000009'/>
				</IndexedFaceSet>
			</Shape>
			<Shape DEF='_IDX_855'>
				<Appearance USE='Material_100_IDX_100'/>
				<IndexedFaceSet solid="false" coordIndex='0 1 2 3 -1'>
					<Coordinate point='-0.550832 0.836880 -0.222890 -0.591445 0.851556 -0.155108 -0.823812 0.979462 -0.279510 -0.773808 0.898955 -0.401655'/>
				</IndexedFaceSet>
			</Shape>
			<Shape DEF='_IDX_856'>
				<Appearance USE='Material_101_IDX_101'/>
				<IndexedFaceSet solid="false" coordIndex='0 1 2 3 -1'>
					<Coordinate point='-0.431727 0.746138 -0.114322 -0.465856 0.738114 -0.079556 -0.591445 0.851556 -0.155108 -0.550832 0.836880 -0.222890'/>
				</IndexedFaceSet>
			</Shape>
			<Shape DEF='_IDX_857'>
				<Appearance USE='Material_102_IDX_102'/>
				<IndexedFaceSet solid="false" coordIndex='0 1 2 3 -1'>
					<Coordinate point='-0.354073 0.643957 -0.052893 -0.382880 0.630444 -0.036808 -0.465856 0.738114 -0.079556 -0.431727 0.746138 -0.114322'/>
				</IndexedFaceSet>
			</Shape>
			<Shape DEF='_IDX_858'>
				<Appearance USE='Material_103_IDX_103'/>
				<IndexedFaceSet solid="false" coordIndex='0 1 2 3 -1'>
					<Coordinate point='-0.290860 0.537790 -0.021256 -0.314747 0.524785 -0.014792 -0.382880 0.630444 -0.036808 -0.354073 0.643957 -0.052893'/>
				</IndexedFaceSet>
			</Shape>
			<Shape DEF='_IDX_859'>
				<Appearance USE='Material_104_IDX_104'/>
				<IndexedFaceSet solid="false" coordIndex='0 1 2 3 -1'>
					<Coordinate point='-0.231840 0.430466 -0.006965 -0.250926 0.419710 -0.004847 -0.314747 0.524785 -0.014792 -0.290860 0.537790 -0.021256'/>
				</IndexedFaceSet>
			</Shape>
			<Shape DEF='_IDX_860'>
				<Appearance USE='Material_105_IDX_105'/>
				<IndexedFaceSet solid="false" coordIndex='0 1 2 3 -1'>
					<Coordinate point='-0.173765 0.322881 -0.001653 -0.188076 0.314766 -0.001150 -0.250926 0.419710 -0.004847 -0.231840 0.430466 -0.006965'/>
				</IndexedFaceSet>
			</Shape>
			<Shape DEF='_IDX_861'>
				<Appearance USE='Material_106_IDX_106'/>
				<IndexedFaceSet solid="false" coordIndex='0 1 2 3 -1'>
					<Coordinate point='-0.115835 0.215257 -0.000218 -0.125376 0.209843 -0.000151 -0.188076 0.314766 -0.001150 -0.173765 0.322881 -0.001653'/>
				</IndexedFaceSet>
			</Shape>
			<Shape DEF='_IDX_862'>
				<Appearance USE='Material_107_IDX_107'/>
				<IndexedFaceSet solid="false" coordIndex='0 1 2 3 -1'>
					<Coordinate point='-0.057917 0.107628 -0.000007 -0.062688 0.104922 -0.000005 -0.125376 0.209843 -0.000151 -0.115835 0.215257 -0.000218'/>
				</IndexedFaceSet>
			</Shape>
			<Shape DEF='_IDX_863'>
				<Appearance USE='Material_108_IDX_108'/>
				<IndexedFaceSet solid="false" coordIndex='0 1 2 3 -1'>
					<Coordinate point='0.000000 0.000000 0.000000 0.000000 0.000000 0.000000 -0.062688 0.104922 -0.000005 -0.057917 0.107628 -0.000007'/>
				</IndexedFaceSet>
			</Shape>
			<Shape DEF='_IDX_864'>
				<Appearance USE='Material_109_IDX_109'/>
				<IndexedFaceSet solid="false" coordIndex='0 1 2 3 -1'>
					<Coordinate point='-0.591445 0.851556 -0.155108 -0.616572 0.862581 -0.079548 -0.830895 1.052407 -0.143349 -0.823812 0.979462 -0.279510'/>
				</IndexedFaceSet>
			</Shape>
			<Shape DEF='_IDX_865'>
				<Appearance USE='Material_110_IDX_110'/>
				<IndexedFaceSet solid="false" coordIndex='0 1 2 3 -1'>
					<Coordinate point='-0.465856 0.738114 -0.079556 -0.494749 0.728020 -0.040801 -0.616572 0.862581 -0.079548 -0.591445 0.851556 -0.155108'/>
				</IndexedFaceSet>
			</Shape>
			<Shape DEF='_IDX_866'>
				<Appearance USE='Material_111_IDX_111'/>
				<IndexedFaceSet solid="false" coordIndex='0 1 2 3 -1'>
					<Coordinate point='-0.382880 0.630444 -0.036808 -0.409842 0.615516 -0.018877 -0.494749 0.728020 -0.040801 -0.465856 0.738114 -0.079556'/>
				</IndexedFaceSet>
			</Shape>
			<Shape DEF='_IDX_867'>
				<Appearance USE='Material_112_IDX_112'/>
				<IndexedFaceSet solid="false" coordIndex='0 1 2 3 -1'>
					<Coordinate point='-0.314747 0.524785 -0.014792 -0.337793 0.510694 -0.007586 -0.409842 0.615516 -0.018877 -0.382880 0.630444 -0.036808'/>
				</IndexedFaceSet>
			</Shape>
			<Shape DEF='_IDX_868'>
				<Appearance USE='Material_113_IDX_113'/>
				<IndexedFaceSet solid="false" coordIndex='0 1 2 3 -1'>
					<Coordinate point='-0.250926 0.419710 -0.004847 -0.269480 0.408105 -0.002486 -0.337793 0.510694 -0.007586 -0.314747 0.524785 -0.014792'/>
				</IndexedFaceSet>
			</Shape>
			<Shape DEF='_IDX_869'>
				<Appearance USE='Material_114_IDX_114'/>
				<IndexedFaceSet solid="false" coordIndex='0 1 2 3 -1'>
					<Coordinate point='-0.188076 0.314766 -0.001150 -0.202007 0.306017 -0.000590 -0.269480 0.408105 -0.002486 -0.250926 0.419710 -0.004847'/>
				</IndexedFaceSet>
			</Shape>
			<Shape DEF='_IDX_870'>
				<Appearance USE='Material_115_IDX_115'/>
				<IndexedFaceSet solid="false" coordIndex='0 1 2 3 -1'>
					<Coordinate point='-0.125376 0.209843 -0.000151 -0.134664 0.204007 -0.000078 -0.202007 0.306017 -0.000590 -0.188076 0.314766 -0.001150'/>
				</IndexedFaceSet>
			</Shape>
			<Shape DEF='_IDX_871'>
				<Appearance USE='Material_116_IDX_116'/>
				<IndexedFaceSet solid="false" coordIndex='0 1 2 3 -1'>
					<Coordinate point='-0.062688 0.104922 -0.000005 -0.067332 0.102003 -0.000002 -0.134664 0.204007 -0.000078 -0.125376 0.209843 -0.000151'/>
				</IndexedFaceSet>
			</Shape>
			<Shape DEF='_IDX_872'>
				<Appearance USE='Material_117_IDX_117'/>
				<IndexedFaceSet solid="false" coordIndex='0 1 2 3 -1'>
					<Coordinate point='0.000000 0.000000 0.000000 0.000000 0.000000 0.000000 -0.067332 0.102003 -0.000002 -0.062688 0.104922 -0.000005'/>
				</IndexedFaceSet>
			</Shape>
			<Shape DEF='_IDX_873'>
				<Appearance USE='Material_118_IDX_118'/>
				<IndexedFaceSet solid="false" coordIndex='0 1 2 3 -1'>
					<Coordinate point='-0.616572 0.862581 -0.079548 -0.628074 0.864469 -0.000000 -0.800560 1.101876 -0.000000 -0.830895 1.052407 -0.143349'/>
				</IndexedFaceSet>
			</Shape>
			<Shape DEF='_IDX_874'>
				<Appearance USE='Material_119_IDX_119'/>
				<IndexedFaceSet solid="false" coordIndex='0 1 2 3 -1'>
					<Coordinate point='-0.494749 0.728020 -0.040801 -0.518923 0.714236 -0.000000 -0.628074 0.864469 -0.000000 -0.616572 0.862581 -0.079548'/>
				</IndexedFaceSet>
			</Shape>
			<Shape DEF='_IDX_875'>
				<Appearance USE='Material_120_IDX_120'/>
				<IndexedFaceSet solid="false" coordIndex='0 1 2 3 -1'>
					<Coordinate point='-0.409842 0.615516 -0.018877 -0.435048 0.598793 -0.000000 -0.518923 0.714236 -0.000000 -0.494749 0.728020 -0.040801'/>
				</IndexedFaceSet>
			</Shape>
			<Shape DEF='_IDX_876'>
				<Appearance USE='Material_121_IDX_121'/>
				<IndexedFaceSet solid="false" coordIndex='0 1 2 3 -1'>
					<Coordinate point='-0.337793 0.510694 -0.007586 -0.359978 0.495468 -0.000000 -0.435048 0.598793 -0.000000 -0.409842 0.615516 -0.018877'/>
				</IndexedFaceSet>
			</Shape>
			<Shape DEF='_IDX_877'>
				<Appearance USE='Material_122_IDX_122'/>
				<IndexedFaceSet solid="false" coordIndex='0 1 2 3 -1'>
					<Coordinate point='-0.269480 0.408105 -0.002486 -0.287466 0.395663 -0.000000 -0.359978 0.495468 -0.000000 -0.337793 0.510694 -0.007586'/>
				</IndexedFaceSet>
			</Shape>
			<Shape DEF='_IDX_878'>
				<Appearance USE='Material_123_IDX_123'/>
				<IndexedFaceSet solid="false" coordIndex='0 1 2 3 -1'>
					<Coordinate point='-0.202007 0.306017 -0.000590 -0.215529 0.296650 -0.000000 -0.287466 0.395663 -0.000000 -0.269480 0.408105 -0.002486'/>
				</IndexedFaceSet>
			</Shape>
			<Shape DEF='_IDX_879'>
				<Appearance USE='Material_124_IDX_124'/>
				<IndexedFaceSet solid="false" coordIndex='0 1 2 3 -1'>
					<Coordinate point='-0.134664 0.204007 -0.000078 -0.143681 0.197760 -0.000000 -0.215529 0.296650 -0.000000 -0.202007 0.306017 -0.000590'/>
				</IndexedFaceSet>
			</Shape>
			<Shape DEF='_IDX_880'>
				<Appearance USE='Material_125_IDX_125'/>
				<IndexedFaceSet solid="false" coordIndex='0 1 2 3 -1'>
					<Coordinate point='-0.067332 0.102003 -0.000002 -0.071840 0.098880 -0.000000 -0.143681 0.197760 -0.000000 -0.134664 0.204007 -0.000078'/>
				</IndexedFaceSet>
			</Shape>
			<Shape DEF='_IDX_881'>
				<Appearance USE='Material_126_IDX_126'/>
				<IndexedFaceSet solid="false" coordIndex='0 1 2 3 -1'>
					<Coordinate point='0.000000 0.000000 0.000000 0.000000 0.000000 0.000000 -0.071840 0.098880 -0.000000 -0.067332 0.102003 -0.000002'/>
				</IndexedFaceSet>
			</Shape>
			<Shape DEF='_IDX_882'>
				<Appearance USE='Material_9_IDX_9'/>
				<IndexedFaceSet solid="false" coordIndex='0 1 2 3 -1'>
					<Coordinate point='-0.717608 0.521373 0.357487 -0.769474 0.460738 0.348525 -0.783654 0.381078 0.628052 -0.677961 0.492567 0.644204'/>
				</IndexedFaceSet>
			</Shape>
			<Shape DEF='_IDX_883'>
				<Appearance USE='Material_8_IDX_8'/>
				<IndexedFaceSet solid="false" coordIndex='0 1 2 3 -1'>
					<Coordinate point='-0.670081 0.486843 0.183359 -0.700027 0.447897 0.178761 -0.769474 0.460738 0.348525 -0.717608 0.521373 0.357487'/>
				</IndexedFaceSet>
			</Shape>
			<Shape DEF='_IDX_884'>
				<Appearance USE='Material_7_IDX_7'/>
				<IndexedFaceSet solid="false" coordIndex='0 1 2 3 -1'>
					<Coordinate point='-0.587766 0.427037 0.084833 -0.608525 0.398141 0.082706 -0.700027 0.447897 0.178761 -0.670081 0.486843 0.183359'/>
				</IndexedFaceSet>
			</Shape>
			<Shape DEF='_IDX_885'>
				<Appearance USE='Material_6_IDX_6'/>
				<IndexedFaceSet solid="false" coordIndex='0 1 2 3 -1'>
					<Coordinate point='-0.493331 0.358426 0.034093 -0.509340 0.335525 0.033238 -0.608525 0.398141 0.082706 -0.587766 0.427037 0.084833'/>
				</IndexedFaceSet>
			</Shape>
			<Shape DEF='_IDX_886'>
				<Appearance USE='Material_5_IDX_5'/>
				<IndexedFaceSet solid="false" coordIndex='0 1 2 3 -1'>
					<Coordinate point='-0.395376 0.287257 0.011171 -0.407923 0.269175 0.010891 -0.509340 0.335525 0.033238 -0.493331 0.358426 0.034093'/>
				</IndexedFaceSet>
			</Shape>
			<Shape DEF='_IDX_887'>
				<Appearance USE='Material_4_IDX_4'/>
				<IndexedFaceSet solid="false" coordIndex='0 1 2 3 -1'>
					<Coordinate point='-0.296629 0.215513 0.002651 -0.306003 0.201984 0.002585 -0.407923 0.269175 0.010891 -0.395376 0.287257 0.011171'/>
				</IndexedFaceSet>
			</Shape>
			<Shape DEF='_IDX_888'>
				<Appearance USE='Material_3_IDX_3'/>
				<IndexedFaceSet solid="false" coordIndex='0 1 2 3 -1'>
					<Coordinate point='-0.197759 0.143681 0.000349 -0.204007 0.134663 0.000340 -0.306003 0.201984 0.002585 -0.296629 0.215513 0.002651'/>
				</IndexedFaceSet>
			</Shape>
			<Shape DEF='_IDX_889'>
				<Appearance USE='Material_2_IDX_2'/>
				<IndexedFaceSet solid="false" coordIndex='0 1 2 3 -1'>
					<Coordinate point='-0.098880 0.071840 0.000011 -0.102003 0.067332 0.000011 -0.204007 0.134663 0.000340 -0.197759 0.143681 0.000349'/>
				</IndexedFaceSet>
			</Shape>
			<Shape DEF='_IDX_890'>
				<Appearance USE='Material_1_IDX_1'/>
				<IndexedFaceSet solid="false" coordIndex='0 1 2 3 -1'>
					<Coordinate point='0.000000 0.000000 0.000000 0.000000 0.000000 0.000000 -0.102003 0.067332 0.000011 -0.098880 0.071840 0.000011'/>
				</IndexedFaceSet>
			</Shape>
			<Shape DEF='_IDX_891'>
				<Appearance USE='Material_18_IDX_18'/>
				<IndexedFaceSet solid="false" coordIndex='0 1 2 3 -1'>
					<Coordinate point='-0.769474 0.460738 0.348525 -0.827188 0.411558 0.322085 -0.909125 0.304566 0.580408 -0.783654 0.381078 0.628052'/>
				</IndexedFaceSet>
			</Shape>
			<Shape DEF='_IDX_892'>
				<Appearance USE='Material_17_IDX_17'/>
				<IndexedFaceSet solid="false" coordIndex='0 1 2 3 -1'>
					<Coordinate point='-0.700027 0.447897 0.178761 -0.730788 0.411772 0.165200 -0.827188 0.411558 0.322085 -0.769474 0.460738 0.348525'/>
				</IndexedFaceSet>
			</Shape>
			<Shape DEF='_IDX_893'>
				<Appearance USE='Material_16_IDX_16'/>
				<IndexedFaceSet solid="false" coordIndex='0 1 2 3 -1'>
					<Coordinate point='-0.608525 0.398141 0.082706 -0.628614 0.369373 0.076432 -0.730788 0.411772 0.165200 -0.700027 0.447897 0.178761'/>
				</IndexedFaceSet>
			</Shape>
			<Shape DEF='_IDX_894'>
				<Appearance USE='Material_15_IDX_15'/>
				<IndexedFaceSet solid="false" coordIndex='0 1 2 3 -1'>
					<Coordinate point='-0.509340 0.335525 0.033238 -0.524430 0.312130 0.030716 -0.628614 0.369373 0.076432 -0.608525 0.398141 0.082706'/>
				</IndexedFaceSet>
			</Shape>
			<Shape DEF='_IDX_895'>
				<Appearance USE='Material_14_IDX_14'/>
				<IndexedFaceSet solid="false" coordIndex='0 1 2 3 -1'>
					<Coordinate point='-0.407923 0.269175 0.010891 -0.419662 0.250575 0.010065 -0.524430 0.312130 0.030716 -0.509340 0.335525 0.033238'/>
				</IndexedFaceSet>
			</Shape>
			<Shape DEF='_IDX_896'>
				<Appearance USE='Material_13_IDX_13'/>
				<IndexedFaceSet solid="false" coordIndex='0 1 2 3 -1'>
					<Coordinate point='-0.306003 0.201984 0.002585 -0.314763 0.188050 0.002389 -0.419662 0.250575 0.010065 -0.407923 0.269175 0.010891'/>
				</IndexedFaceSet>
			</Shape>
			<Shape DEF='_IDX_897'>
				<Appearance USE='Material_12_IDX_12'/>
				<IndexedFaceSet solid="false" coordIndex='0 1 2 3 -1'>
					<Coordinate point='-0.204007 0.134663 0.000340 -0.209843 0.125375 0.000315 -0.314763 0.188050 0.002389 -0.306003 0.201984 0.002585'/>
				</IndexedFaceSet>
			</Shape>
			<Shape DEF='_IDX_898'>
				<Appearance USE='Material_11_IDX_11'/>
				<IndexedFaceSet solid="false" coordIndex='0 1 2 3 -1'>
					<Coordinate point='-0.102003 0.067332 0.000011 -0.104922 0.062688 0.000010 -0.209843 0.125375 0.000315 -0.204007 0.134663 0.000340'/>
				</IndexedFaceSet>
			</Shape>
			<Shape DEF='_IDX_899'>
				<Appearance USE='Material_10_IDX_10'/>
				<IndexedFaceSet solid="false" coordIndex='0 1 2 3 -1'>
					<Coordinate point='0.000000 0.000000 0.000000 0.000000 0.000000 0.000000 -0.104922 0.062688 0.000010 -0.102003 0.067332 0.000011'/>
				</IndexedFaceSet>
			</Shape>
			<Shape DEF='_IDX_900'>
				<Appearance USE='Material_127_IDX_127'/>
				<IndexedFaceSet solid="false" coordIndex='0 1 2 3 -1'>
					<Coordinate point='-0.827188 0.411558 0.322085 -0.885174 0.375844 0.279495 -1.038355 0.268703 0.503659 -0.909125 0.304566 0.580408'/>
				</IndexedFaceSet>
			</Shape>
			<Shape DEF='_IDX_901'>
				<Appearance USE='Material_26_IDX_26'/>
				<IndexedFaceSet solid="false" coordIndex='0 1 2 3 -1'>
					<Coordinate point='-0.730788 0.411772 0.165200 -0.760658 0.379115 0.143355 -0.885174 0.375844 0.279495 -0.827188 0.411558 0.322085'/>
				</IndexedFaceSet>
			</Shape>
			<Shape DEF='_IDX_902'>
				<Appearance USE='Material_25_IDX_25'/>
				<IndexedFaceSet solid="false" coordIndex='0 1 2 3 -1'>
					<Coordinate point='-0.628614 0.369373 0.076432 -0.647583 0.340934 0.066325 -0.760658 0.379115 0.143355 -0.730788 0.411772 0.165200'/>
				</IndexedFaceSet>
			</Shape>
			<Shape DEF='_IDX_903'>
				<Appearance USE='Material_24_IDX_24'/>
				<IndexedFaceSet solid="false" coordIndex='0 1 2 3 -1'>
					<Coordinate point='-0.524430 0.312130 0.030716 -0.538493 0.288313 0.026655 -0.647583 0.340934 0.066325 -0.628614 0.369373 0.076432'/>
				</IndexedFaceSet>
			</Shape>
			<Shape DEF='_IDX_904'>
				<Appearance USE='Material_23_IDX_23'/>
				<IndexedFaceSet solid="false" coordIndex='0 1 2 3 -1'>
					<Coordinate point='-0.419662 0.250575 0.010065 -0.430561 0.231498 0.008734 -0.538493 0.288313 0.026655 -0.524430 0.312130 0.030716'/>
				</IndexedFaceSet>
			</Shape>
			<Shape DEF='_IDX_905'>
				<Appearance USE='Material_22_IDX_22'/>
				<IndexedFaceSet solid="false" coordIndex='0 1 2 3 -1'>
					<Coordinate point='-0.314763 0.188050 0.002389 -0.322889 0.173739 0.002073 -0.430561 0.231498 0.008734 -0.419662 0.250575 0.010065'/>
				</IndexedFaceSet>
			</Shape>
			<Shape DEF='_IDX_906'>
				<Appearance USE='Material_21_IDX_21'/>
				<IndexedFaceSet solid="false" coordIndex='0 1 2 3 -1'>
					<Coordinate point='-0.209843 0.125375 0.000315 -0.215257 0.115834 0.000273 -0.322889 0.173739 0.002073 -0.314763 0.188050 0.002389'/>
				</IndexedFaceSet>
			</Shape>
			<Shape DEF='_IDX_907'>
				<Appearance USE='Material_20_IDX_20'/>
				<IndexedFaceSet solid="false" coordIndex='0 1 2 3 -1'>
					<Coordinate point='-0.104922 0.062688 0.000010 -0.107628 0.057917 0.000009 -0.215257 0.115834 0.000273 -0.209843 0.125375 0.000315'/>
				</IndexedFaceSet>
			</Shape>
			<Shape DEF='_IDX_908'>
				<Appearance USE='Material_19_IDX_19'/>
				<IndexedFaceSet solid="false" coordIndex='0 1 2 3 -1'>
					<Coordinate point='0.000000 0.000000 0.000000 0.000000 0.000000 0.000000 -0.107628 0.057917 0.000009 -0.104922 0.062688 0.000010'/>
				</IndexedFaceSet>
			</Shape>
			<Shape DEF='_IDX_909'>
				<Appearance USE='Material_36_IDX_36'/>
				<IndexedFaceSet solid="false" coordIndex='0 1 2 3 -1'>
					<Coordinate point='-0.885174 0.375844 0.279495 -0.937538 0.353279 0.222890 -1.154416 0.272437 0.401655 -1.038355 0.268703 0.503659'/>
				</IndexedFaceSet>
			</Shape>
			<Shape DEF='_IDX_910'>
				<Appearance USE='Material_35_IDX_35'/>
				<IndexedFaceSet solid="false" coordIndex='0 1 2 3 -1'>
					<Coordinate point='-0.760658 0.379115 0.143355 -0.787843 0.349876 0.114322 -0.937538 0.353279 0.222890 -0.885174 0.375844 0.279495'/>
				</IndexedFaceSet>
			</Shape>
			<Shape DEF='_IDX_911'>
				<Appearance USE='Material_34_IDX_34'/>
				<IndexedFaceSet solid="false" coordIndex='0 1 2 3 -1'>
					<Coordinate point='-0.647583 0.340934 0.066325 -0.664960 0.312853 0.052893 -0.787843 0.349876 0.114322 -0.760658 0.379115 0.143355'/>
				</IndexedFaceSet>
			</Shape>
			<Shape DEF='_IDX_912'>
				<Appearance USE='Material_33_IDX_33'/>
				<IndexedFaceSet solid="false" coordIndex='0 1 2 3 -1'>
					<Coordinate point='-0.538493 0.288313 0.026655 -0.551416 0.264119 0.021256 -0.664960 0.312853 0.052893 -0.647583 0.340934 0.066325'/>
				</IndexedFaceSet>
			</Shape>
			<Shape DEF='_IDX_913'>
				<Appearance USE='Material_32_IDX_32'/>
				<IndexedFaceSet solid="false" coordIndex='0 1 2 3 -1'>
					<Coordinate point='-0.430561 0.231498 0.008734 -0.440584 0.211982 0.006965 -0.551416 0.264119 0.021256 -0.538493 0.288313 0.026655'/>
				</IndexedFaceSet>
			</Shape>
			<Shape DEF='_IDX_914'>
				<Appearance USE='Material_31_IDX_31'/>
				<IndexedFaceSet solid="false" coordIndex='0 1 2 3 -1'>
					<Coordinate point='-0.322889 0.173739 0.002073 -0.330364 0.159080 0.001653 -0.440584 0.211982 0.006965 -0.430561 0.231498 0.008734'/>
				</IndexedFaceSet>
			</Shape>
			<Shape DEF='_IDX_915'>
				<Appearance USE='Material_30_IDX_30'/>
				<IndexedFaceSet solid="false" coordIndex='0 1 2 3 -1'>
					<Coordinate point='-0.215257 0.115834 0.000273 -0.220237 0.106060 0.000218 -0.330364 0.159080 0.001653 -0.322889 0.173739 0.002073'/>
				</IndexedFaceSet>
			</Shape>
			<Shape DEF='_IDX_916'>
				<Appearance USE='Material_29_IDX_29'/>
				<IndexedFaceSet solid="false" coordIndex='0 1 2 3 -1'>
					<Coordinate point='-0.107628 0.057917 0.000009 -0.110118 0.053030 0.000007 -0.220237 0.106060 0.000218 -0.215257 0.115834 0.000273'/>
				</IndexedFaceSet>
			</Shape>
			<Shape DEF='_IDX_917'>
				<Appearance USE='Material_28_IDX_28'/>
				<IndexedFaceSet solid="false" coordIndex='0 1 2 3 -1'>
					<Coordinate point='0.000000 0.000000 0.000000 0.000000 0.000000 0.000000 -0.110118 0.053030 0.000007 -0.107628 0.057917 0.000009'/>
				</IndexedFaceSet>
			</Shape>
			<Shape DEF='_IDX_918'>
				<Appearance USE='Material_45_IDX_45'/>
				<IndexedFaceSet solid="false" coordIndex='0 1 2 3 -1'>
					<Coordinate point='-0.937538 0.353279 0.222890 -0.979021 0.341280 0.155108 -1.242191 0.308177 0.279510 -1.154416 0.272437 0.401655'/>
				</IndexedFaceSet>
			</Shape>
			<Shape DEF='_IDX_919'>
				<Appearance USE='Material_44_IDX_44'/>
				<IndexedFaceSet solid="false" coordIndex='0 1 2 3 -1'>
					<Coordinate point='-0.787843 0.349876 0.114322 -0.810738 0.323323 0.079556 -0.979021 0.341280 0.155108 -0.937538 0.353279 0.222890'/>
				</IndexedFaceSet>
			</Shape>
			<Shape DEF='_IDX_920'>
				<Appearance USE='Material_43_IDX_43'/>
				<IndexedFaceSet solid="false" coordIndex='0 1 2 3 -1'>
					<Coordinate point='-0.664960 0.312853 0.052893 -0.680322 0.284989 0.036808 -0.810738 0.323323 0.079556 -0.787843 0.349876 0.114322'/>
				</IndexedFaceSet>
			</Shape>
			<Shape DEF='_IDX_921'>
				<Appearance USE='Material_42_IDX_42'/>
				<IndexedFaceSet solid="false" coordIndex='0 1 2 3 -1'>
					<Coordinate point='-0.551416 0.264119 0.021256 -0.563097 0.239556 0.014792 -0.680322 0.284989 0.036808 -0.664960 0.312853 0.052893'/>
				</IndexedFaceSet>
			</Shape>
			<Shape DEF='_IDX_922'>
				<Appearance USE='Material_41_IDX_41'/>
				<IndexedFaceSet solid="false" coordIndex='0 1 2 3 -1'>
					<Coordinate point='-0.440584 0.211982 0.006965 -0.449703 0.192062 0.004847 -0.563097 0.239556 0.014792 -0.551416 0.264119 0.021256'/>
				</IndexedFaceSet>
			</Shape>
			<Shape DEF='_IDX_923'>
				<Appearance USE='Material_40_IDX_40'/>
				<IndexedFaceSet solid="false" coordIndex='0 1 2 3 -1'>
					<Coordinate point='-0.330364 0.159080 0.001653 -0.337172 0.144103 0.001150 -0.449703 0.192062 0.004847 -0.440584 0.211982 0.006965'/>
				</IndexedFaceSet>
			</Shape>
			<Shape DEF='_IDX_924'>
				<Appearance USE='Material_39_IDX_39'/>
				<IndexedFaceSet solid="false" coordIndex='0 1 2 3 -1'>
					<Coordinate point='-0.220237 0.106060 0.000218 -0.224774 0.096073 0.000151 -0.337172 0.144103 0.001150 -0.330364 0.159080 0.001653'/>
				</IndexedFaceSet>
			</Shape>
			<Shape DEF='_IDX_925'>
				<Appearance USE='Material_38_IDX_38'/>
				<IndexedFaceSet solid="false" coordIndex='0 1 2 3 -1'>
					<Coordinate point='-0.110118 0.053030 0.000007 -0.112387 0.048036 0.000005 -0.224774 0.096073 0.000151 -0.220237 0.106060 0.000218'/>
				</IndexedFaceSet>
			</Shape>
			<Shape DEF='_IDX_926'>
				<Appearance USE='Material_37_IDX_37'/>
				<IndexedFaceSet solid="false" coordIndex='0 1 2 3 -1'>
					<Coordinate point='0.000000 0.000000 0.000000 0.000000 0.000000 0.000000 -0.112387 0.048036 0.000005 -0.110118 0.053030 0.000007'/>
				</IndexedFaceSet>
			</Shape>
			<Shape DEF='_IDX_927'>
				<Appearance USE='Material_54_IDX_54'/>
				<IndexedFaceSet solid="false" coordIndex='0 1 2 3 -1'>
					<Coordinate point='-0.979021 0.341280 0.155108 -1.005829 0.335430 0.079548 -1.290798 0.363027 0.143349 -1.242191 0.308177 0.279510'/>
				</IndexedFaceSet>
			</Shape>
			<Shape DEF='_IDX_928'>
				<Appearance USE='Material_53_IDX_53'/>
				<IndexedFaceSet solid="false" coordIndex='0 1 2 3 -1'>
					<Coordinate point='-0.810738 0.323323 0.079556 -0.828180 0.298175 0.040801 -1.005829 0.335430 0.079548 -0.979021 0.341280 0.155108'/>
				</IndexedFaceSet>
			</Shape>
			<Shape DEF='_IDX_929'>
				<Appearance USE='Material_52_IDX_52'/>
				<IndexedFaceSet solid="false" coordIndex='0 1 2 3 -1'>
					<Coordinate point='-0.680322 0.284989 0.036808 -0.693360 0.257064 0.018877 -0.828180 0.298175 0.040801 -0.810738 0.323323 0.079556'/>
				</IndexedFaceSet>
			</Shape>
			<Shape DEF='_IDX_930'>
				<Appearance USE='Material_51_IDX_51'/>
				<IndexedFaceSet solid="false" coordIndex='0 1 2 3 -1'>
					<Coordinate point='-0.563097 0.239556 0.014792 -0.573459 0.214611 0.007586 -0.693360 0.257064 0.018877 -0.680322 0.284989 0.036808'/>
				</IndexedFaceSet>
			</Shape>
			<Shape DEF='_IDX_931'>
				<Appearance USE='Material_50_IDX_50'/>
				<IndexedFaceSet solid="false" coordIndex='0 1 2 3 -1'>
					<Coordinate point='-0.449703 0.192062 0.004847 -0.457891 0.171767 0.002486 -0.573459 0.214611 0.007586 -0.563097 0.239556 0.014792'/>
				</IndexedFaceSet>
			</Shape>
			<Shape DEF='_IDX_932'>
				<Appearance USE='Material_49_IDX_49'/>
				<IndexedFaceSet solid="false" coordIndex='0 1 2 3 -1'>
					<Coordinate point='-0.337172 0.144103 0.001150 -0.343299 0.128836 0.000590 -0.457891 0.171767 0.002486 -0.449703 0.192062 0.004847'/>
				</IndexedFaceSet>
			</Shape>
			<Shape DEF='_IDX_933'>
				<Appearance USE='Material_48_IDX_48'/>
				<IndexedFaceSet solid="false" coordIndex='0 1 2 3 -1'>
					<Coordinate point='-0.224774 0.096073 0.000151 -0.228858 0.085892 0.000078 -0.343299 0.128836 0.000590 -0.337172 0.144103 0.001150'/>
				</IndexedFaceSet>
			</Shape>
			<Shape DEF='_IDX_934'>
				<Appearance USE='Material_47_IDX_47'/>
				<IndexedFaceSet solid="false" coordIndex='0 1 2 3 -1'>
					<Coordinate point='-0.112387 0.048036 0.000005 -0.114429 0.042946 0.000002 -0.228858 0.085892 0.000078 -0.224774 0.096073 0.000151'/>
				</IndexedFaceSet>
			</Shape>
			<Shape DEF='_IDX_935'>
				<Appearance USE='Material_46_IDX_46'/>
				<IndexedFaceSet solid="false" coordIndex='0 1 2 3 -1'>
					<Coordinate point='0.000000 0.000000 0.000000 0.000000 0.000000 0.000000 -0.114429 0.042946 0.000002 -0.112387 0.048036 0.000005'/>
				</IndexedFaceSet>
			</Shape>
			<Shape DEF='_IDX_936'>
				<Appearance USE='Material_63_IDX_63'/>
				<IndexedFaceSet solid="false" coordIndex='0 1 2 3 -1'>
					<Coordinate point='-1.005829 0.335430 0.079548 -1.016245 0.330198 0.000000 -1.295334 0.420879 -0.000000 -1.290798 0.363027 0.143349'/>
				</IndexedFaceSet>
			</Shape>
			<Shape DEF='_IDX_937'>
				<Appearance USE='Material_62_IDX_62'/>
				<IndexedFaceSet solid="false" coordIndex='0 1 2 3 -1'>
					<Coordinate point='-0.828180 0.298175 0.040801 -0.839635 0.272814 -0.000000 -1.016245 0.330198 0.000000 -1.005829 0.335430 0.079548'/>
				</IndexedFaceSet>
			</Shape>
			<Shape DEF='_IDX_938'>
				<Appearance USE='Material_61_IDX_61'/>
				<IndexedFaceSet solid="false" coordIndex='0 1 2 3 -1'>
					<Coordinate point='-0.693360 0.257064 0.018877 -0.703923 0.228718 0.000000 -0.839635 0.272814 -0.000000 -0.828180 0.298175 0.040801'/>
				</IndexedFaceSet>
			</Shape>
			<Shape DEF='_IDX_939'>
				<Appearance USE='Material_60_IDX_60'/>
				<IndexedFaceSet solid="false" coordIndex='0 1 2 3 -1'>
					<Coordinate point='-0.573459 0.214611 0.007586 -0.582457 0.189252 -0.000000 -0.703923 0.228718 0.000000 -0.693360 0.257064 0.018877'/>
				</IndexedFaceSet>
			</Shape>
			<Shape DEF='_IDX_940'>
				<Appearance USE='Material_59_IDX_59'/>
				<IndexedFaceSet solid="false" coordIndex='0 1 2 3 -1'>
					<Coordinate point='-0.457891 0.171767 0.002486 -0.465130 0.151130 0.000000 -0.582457 0.189252 -0.000000 -0.573459 0.214611 0.007586'/>
				</IndexedFaceSet>
			</Shape>
			<Shape DEF='_IDX_941'>
				<Appearance USE='Material_58_IDX_58'/>
				<IndexedFaceSet solid="false" coordIndex='0 1 2 3 -1'>
					<Coordinate point='-0.343299 0.128836 0.000590 -0.348733 0.113310 0.000000 -0.465130 0.151130 0.000000 -0.457891 0.171767 0.002486'/>
				</IndexedFaceSet>
			</Shape>
			<Shape DEF='_IDX_942'>
				<Appearance USE='Material_57_IDX_57'/>
				<IndexedFaceSet solid="false" coordIndex='0 1 2 3 -1'>
					<Coordinate point='-0.228858 0.085892 0.000078 -0.232481 0.075538 0.000000 -0.348733 0.113310 0.000000 -0.343299 0.128836 0.000590'/>
				</IndexedFaceSet>
			</Shape>
			<Shape DEF='_IDX_943'>
				<Appearance USE='Material_56_IDX_56'/>
				<IndexedFaceSet solid="false" coordIndex='0 1 2 3 -1'>
					<Coordinate point='-0.114429 0.042946 0.000002 -0.116240 0.037769 0.000000 -0.232481 0.075538 0.000000 -0.228858 0.085892 0.000078'/>
				</IndexedFaceSet>
			</Shape>
			<Shape DEF='_IDX_944'>
				<Appearance USE='Material_55_IDX_55'/>
				<IndexedFaceSet solid="false" coordIndex='0 1 2 3 -1'>
					<Coordinate point='0.000000 0.000000 0.000000 0.000000 0.000000 0.000000 -0.116240 0.037769 0.000000 -0.114429 0.042946 0.000002'/>
				</IndexedFaceSet>
			</Shape>
			<Shape DEF='_IDX_945'>
				<Appearance USE='Material_72_IDX_72'/>
				<IndexedFaceSet solid="false" coordIndex='0 1 2 3 -1'>
					<Coordinate point='-0.122222 0.000000 -0.000011 -0.122099 0.005483 -0.000011 0.000000 0.000000 0.000000 0.000000 0.000000 0.000000'/>
				</IndexedFaceSet>
			</Shape>
			<Shape DEF='_IDX_946'>
				<Appearance USE='Material_71_IDX_71'/>
				<IndexedFaceSet solid="false" coordIndex='0 1 2 3 -1'>
					<Coordinate point='-0.244444 0.000000 -0.000349 -0.244198 0.010967 -0.000340 -0.122099 0.005483 -0.000011 -0.122222 0.000000 -0.000011'/>
				</IndexedFaceSet>
			</Shape>
			<Shape DEF='_IDX_947'>
				<Appearance USE='Material_70_IDX_70'/>
				<IndexedFaceSet solid="false" coordIndex='0 1 2 3 -1'>
					<Coordinate point='-0.366653 0.000000 -0.002651 -0.366285 0.016456 -0.002585 -0.244198 0.010967 -0.000340 -0.244444 0.000000 -0.000349'/>
				</IndexedFaceSet>
			</Shape>
			<Shape DEF='_IDX_948'>
				<Appearance USE='Material_69_IDX_69'/>
				<IndexedFaceSet solid="false" coordIndex='0 1 2 3 -1'>
					<Coordinate point='-0.488712 0.000000 -0.011171 -0.488234 0.022004 -0.010891 -0.366285 0.016456 -0.002585 -0.366653 0.000000 -0.002651'/>
				</IndexedFaceSet>
			</Shape>
			<Shape DEF='_IDX_949'>
				<Appearance USE='Material_68_IDX_68'/>
				<IndexedFaceSet solid="false" coordIndex='0 1 2 3 -1'>
					<Coordinate point='-0.609790 0.000000 -0.034093 -0.609281 0.027937 -0.033238 -0.488234 0.022004 -0.010891 -0.488712 0.000000 -0.011171'/>
				</IndexedFaceSet>
			</Shape>
			<Shape DEF='_IDX_950'>
				<Appearance USE='Material_67_IDX_67'/>
				<IndexedFaceSet solid="false" coordIndex='0 1 2 3 -1'>
					<Coordinate point='-0.726518 0.000000 -0.084833 -0.726328 0.035579 -0.082706 -0.609281 0.027937 -0.033238 -0.609790 0.000000 -0.034093'/>
				</IndexedFaceSet>
			</Shape>
			<Shape DEF='_IDX_951'>
				<Appearance USE='Material_66_IDX_66'/>
				<IndexedFaceSet solid="false" coordIndex='0 1 2 3 -1'>
					<Coordinate point='-0.828266 0.000000 -0.183359 -0.829601 0.049110 -0.178761 -0.726328 0.035579 -0.082706 -0.726518 0.000000 -0.084833'/>
				</IndexedFaceSet>
			</Shape>
			<Shape DEF='_IDX_952'>
				<Appearance USE='Material_65_IDX_65'/>
				<IndexedFaceSet solid="false" coordIndex='0 1 2 3 -1'>
					<Coordinate point='-0.887013 0.000000 -0.357487 -0.893332 0.079541 -0.348525 -0.829601 0.049110 -0.178761 -0.828266 0.000000 -0.183359'/>
				</IndexedFaceSet>
			</Shape>
			<Shape DEF='_IDX_953'>
				<Appearance USE='Material_128_IDX_128'/>
				<IndexedFaceSet solid="false" coordIndex='0 1 2 3 -1'>
					<Coordinate point='-0.838006 0.000000 -0.644204 -0.857981 0.152322 -0.628052 -0.893332 0.079541 -0.348525 -0.887013 0.000000 -0.357487'/>
				</IndexedFaceSet>
			</Shape>
			<Shape DEF='_IDX_954'>
				<Appearance USE='Material_81_IDX_81'/>
				<IndexedFaceSet solid="false" coordIndex='0 1 2 3 -1'>
					<Coordinate point='-0.122099 0.005483 -0.000011 -0.121730 0.010956 -0.000010 0.000000 0.000000 0.000000 0.000000 0.000000 0.000000'/>
				</IndexedFaceSet>
			</Shape>
			<Shape DEF='_IDX_955'>
				<Appearance USE='Material_80_IDX_80'/>
				<IndexedFaceSet solid="false" coordIndex='0 1 2 3 -1'>
					<Coordinate point='-0.244198 0.010967 -0.000340 -0.243460 0.021912 -0.000315 -0.121730 0.010956 -0.000010 -0.122099 0.005483 -0.000011'/>
				</IndexedFaceSet>
			</Shape>
			<Shape DEF='_IDX_956'>
				<Appearance USE='Material_79_IDX_79'/>
				<IndexedFaceSet solid="false" coordIndex='0 1 2 3 -1'>
					<Coordinate point='-0.366285 0.016456 -0.002585 -0.365181 0.032877 -0.002389 -0.243460 0.021912 -0.000315 -0.244198 0.010967 -0.000340'/>
				</IndexedFaceSet>
			</Shape>
			<Shape DEF='_IDX_957'>
				<Appearance USE='Material_78_IDX_78'/>
				<IndexedFaceSet solid="false" coordIndex='0 1 2 3 -1'>
					<Coordinate point='-0.488234 0.022004 -0.010891 -0.486798 0.043952 -0.010065 -0.365181 0.032877 -0.002389 -0.366285 0.016456 -0.002585'/>
				</IndexedFaceSet>
			</Shape>
			<Shape DEF='_IDX_958'>
				<Appearance USE='Material_77_IDX_77'/>
				<IndexedFaceSet solid="false" coordIndex='0 1 2 3 -1'>
					<Coordinate point='-0.609281 0.027937 -0.033238 -0.607738 0.055734 -0.030716 -0.486798 0.043952 -0.010065 -0.488234 0.022004 -0.010891'/>
				</IndexedFaceSet>
			</Shape>
			<Shape DEF='_IDX_959'>
				<Appearance USE='Material_76_IDX_76'/>
				<IndexedFaceSet solid="false" coordIndex='0 1 2 3 -1'>
					<Coordinate point='-0.726328 0.035579 -0.082706 -0.725672 0.070661 -0.076432 -0.607738 0.055734 -0.030716 -0.609281 0.027937 -0.033238'/>
				</IndexedFaceSet>
			</Shape>
			<Shape DEF='_IDX_960'>
				<Appearance USE='Material_129_IDX_129'/>
				<IndexedFaceSet solid="false" coordIndex='0 1 2 3 -1'>
					<Coordinate point='-0.829601 0.049110 -0.178761 -0.833253 0.096416 -0.165200 -0.725672 0.070661 -0.076432 -0.726328 0.035579 -0.082706'/>
				</IndexedFaceSet>
			</Shape>
			<Shape DEF='_IDX_961'>
				<Appearance USE='Material_74_IDX_74'/>
				<IndexedFaceSet solid="false" coordIndex='0 1 2 3 -1'>
					<Coordinate point='-0.893332 0.079541 -0.348525 -0.911117 0.153252 -0.322085 -0.833253 0.096416 -0.165200 -0.829601 0.049110 -0.178761'/>
				</IndexedFaceSet>
			</Shape>
			<Shape DEF='_IDX_962'>
				<Appearance USE='Material_73_IDX_73'/>
				<IndexedFaceSet solid="false" coordIndex='0 1 2 3 -1'>
					<Coordinate point='-0.857981 0.152322 -0.628052 -0.914517 0.287971 -0.580408 -0.911117 0.153252 -0.322085 -0.893332 0.079541 -0.348525'/>
				</IndexedFaceSet>
			</Shape>
			<Shape DEF='_IDX_963'>
				<Appearance USE='Material_90_IDX_90'/>
				<IndexedFaceSet solid="false" coordIndex='0 1 2 3 -1'>
					<Coordinate point='-0.121730 0.010956 -0.000010 -0.121116 0.016406 -0.000009 0.000000 0.000000 0.000000 0.000000 0.000000 0.000000'/>
				</IndexedFaceSet>
			</Shape>
			<Shape DEF='_IDX_964'>
				<Appearance USE='Material_89_IDX_89'/>
				<IndexedFaceSet solid="false" coordIndex='0 1 2 3 -1'>
					<Coordinate point='-0.243460 0.021912 -0.000315 -0.242232 0.032813 -0.000273 -0.121116 0.016406 -0.000009 -0.121730 0.010956 -0.000010'/>
				</IndexedFaceSet>
			</Shape>
			<Shape DEF='_IDX_965'>
				<Appearance USE='Material_88_IDX_88'/>
				<IndexedFaceSet solid="false" coordIndex='0 1 2 3 -1'>
					<Coordinate point='-0.365181 0.032877 -0.002389 -0.363344 0.049231 -0.002073 -0.242232 0.032813 -0.000273 -0.243460 0.021912 -0.000315'/>
				</IndexedFaceSet>
			</Shape>
			<Shape DEF='_IDX_966'>
				<Appearance USE='Material_87_IDX_87'/>
				<IndexedFaceSet solid="false" coordIndex='0 1 2 3 -1'>
					<Coordinate point='-0.486798 0.043952 -0.010065 -0.484402 0.065791 -0.008734 -0.363344 0.049231 -0.002073 -0.365181 0.032877 -0.002389'/>
				</IndexedFaceSet>
			</Shape>
			<Shape DEF='_IDX_967'>
				<Appearance USE='Material_86_IDX_86'/>
				<IndexedFaceSet solid="false" coordIndex='0 1 2 3 -1'>
					<Coordinate point='-0.607738 0.055734 -0.030716 -0.605116 0.083268 -0.026655 -0.484402 0.065791 -0.008734 -0.486798 0.043952 -0.010065'/>
				</IndexedFaceSet>
			</Shape>
			<Shape DEF='_IDX_968'>
				<Appearance USE='Material_85_IDX_85'/>
				<IndexedFaceSet solid="false" coordIndex='0 1 2 3 -1'>
					<Coordinate point='-0.725672 0.070661 -0.076432 -0.724302 0.104818 -0.066325 -0.605116 0.083268 -0.026655 -0.607738 0.055734 -0.030716'/>
				</IndexedFaceSet>
			</Shape>
			<Shape DEF='_IDX_969'>
				<Appearance USE='Material_84_IDX_84'/>
				<IndexedFaceSet solid="false" coordIndex='0 1 2 3 -1'>
					<Coordinate point='-0.833253 0.096416 -0.165200 -0.838224 0.140393 -0.143355 -0.724302 0.104818 -0.066325 -0.725672 0.070661 -0.076432'/>
				</IndexedFaceSet>
			</Shape>
			<Shape DEF='_IDX_970'>
				<Appearance USE='Material_130_IDX_130'/>
				<IndexedFaceSet solid="false" coordIndex='0 1 2 3 -1'>
					<Coordinate point='-0.911117 0.153252 -0.322085 -0.937036 0.216228 -0.279495 -0.838224 0.140393 -0.143355 -0.833253 0.096416 -0.165200'/>
				</IndexedFaceSet>
			</Shape>
			<Shape DEF='_IDX_971'>
				<Appearance USE='Material_82_IDX_82'/>
				<IndexedFaceSet solid="false" coordIndex='0 1 2 3 -1'>
					<Coordinate point='-0.914517 0.287971 -0.580408 -0.997987 0.392945 -0.503659 -0.937036 0.216228 -0.279495 -0.911117 0.153252 -0.322085'/>
				</IndexedFaceSet>
			</Shape>
			<Shape DEF='_IDX_972'>
				<Appearance USE='Material_99_IDX_99'/>
				<IndexedFaceSet solid="false" coordIndex='0 1 2 3 -1'>
					<Coordinate point='-0.121116 0.016406 -0.000009 -0.120258 0.021824 -0.000007 0.000000 0.000000 0.000000 0.000000 0.000000 0.000000'/>
				</IndexedFaceSet>
			</Shape>
			<Shape DEF='_IDX_973'>
				<Appearance USE='Material_98_IDX_98'/>
				<IndexedFaceSet solid="false" coordIndex='0 1 2 3 -1'>
					<Coordinate point='-0.242232 0.032813 -0.000273 -0.240516 0.043648 -0.000218 -0.120258 0.021824 -0.000007 -0.121116 0.016406 -0.000009'/>
				</IndexedFaceSet>
			</Shape>
			<Shape DEF='_IDX_974'>
				<Appearance USE='Material_97_IDX_97'/>
				<IndexedFaceSet solid="false" coordIndex='0 1 2 3 -1'>
					<Coordinate point='-0.363344 0.049231 -0.002073 -0.360775 0.065484 -0.001653 -0.240516 0.043648 -0.000218 -0.242232 0.032813 -0.000273'/>
				</IndexedFaceSet>
			</Shape>
			<Shape DEF='_IDX_975'>
				<Appearance USE='Material_96_IDX_96'/>
				<IndexedFaceSet solid="false" coordIndex='0 1 2 3 -1'>
					<Coordinate point='-0.484402 0.065791 -0.008734 -0.481040 0.087472 -0.006965 -0.360775 0.065484 -0.001653 -0.363344 0.049231 -0.002073'/>
				</IndexedFaceSet>
			</Shape>
			<Shape DEF='_IDX_976'>
				<Appearance USE='Material_95_IDX_95'/>
				<IndexedFaceSet solid="false" coordIndex='0 1 2 3 -1'>
					<Coordinate point='-0.605116 0.083268 -0.026655 -0.601350 0.110438 -0.021256 -0.481040 0.087472 -0.006965 -0.484402 0.065791 -0.008734'/>
				</IndexedFaceSet>
			</Shape>
			<Shape DEF='_IDX_977'>
				<Appearance USE='Material_94_IDX_94'/>
				<IndexedFaceSet solid="false" coordIndex='0 1 2 3 -1'>
					<Coordinate point='-0.724302 0.104818 -0.066325 -0.721854 0.137750 -0.052893 -0.601350 0.110438 -0.021256 -0.605116 0.083268 -0.026655'/>
				</IndexedFaceSet>
			</Shape>
			<Shape DEF='_IDX_978'>
				<Appearance USE='Material_93_IDX_93'/>
				<IndexedFaceSet solid="false" coordIndex='0 1 2 3 -1'>
					<Coordinate point='-0.838224 0.140393 -0.143355 -0.843031 0.180027 -0.114322 -0.721854 0.137750 -0.052893 -0.724302 0.104818 -0.066325'/>
				</IndexedFaceSet>
			</Shape>
			<Shape DEF='_IDX_979'>
				<Appearance USE='Material_92_IDX_92'/>
				<IndexedFaceSet solid="false" coordIndex='0 1 2 3 -1'>
					<Coordinate point='-0.937036 0.216228 -0.279495 -0.966137 0.265263 -0.222890 -0.843031 0.180027 -0.114322 -0.838224 0.140393 -0.143355'/>
				</IndexedFaceSet>
			</Shape>
			<Shape DEF='_IDX_980'>
				<Appearance USE='Material_131_IDX_131'/>
				<IndexedFaceSet solid="false" coordIndex='0 1 2 3 -1'>
					<Coordinate point='-0.997987 0.392945 -0.503659 -1.094077 0.458143 -0.401655 -0.966137 0.265263 -0.222890 -0.937036 0.216228 -0.279495'/>
				</IndexedFaceSet>
			</Shape>
			<Shape DEF='_IDX_981'>
				<Appearance USE='Material_108_IDX_108'/>
				<IndexedFaceSet solid="false" coordIndex='0 1 2 3 -1'>
					<Coordinate point='-0.120258 0.021824 -0.000007 -0.119158 0.027197 -0.000005 0.000000 0.000000 0.000000 0.000000 0.000000 0.000000'/>
				</IndexedFaceSet>
			</Shape>
			<Shape DEF='_IDX_982'>
				<Appearance USE='Material_107_IDX_107'/>
				<IndexedFaceSet solid="false" coordIndex='0 1 2 3 -1'>
					<Coordinate point='-0.240516 0.043648 -0.000218 -0.238316 0.054394 -0.000151 -0.119158 0.027197 -0.000005 -0.120258 0.021824 -0.000007'/>
				</IndexedFaceSet>
			</Shape>
			<Shape DEF='_IDX_983'>
				<Appearance USE='Material_106_IDX_106'/>
				<IndexedFaceSet solid="false" coordIndex='0 1 2 3 -1'>
					<Coordinate point='-0.360775 0.065484 -0.001653 -0.357479 0.081603 -0.001150 -0.238316 0.054394 -0.000151 -0.240516 0.043648 -0.000218'/>
				</IndexedFaceSet>
			</Shape>
			<Shape DEF='_IDX_984'>
				<Appearance USE='Material_105_IDX_105'/>
				<IndexedFaceSet solid="false" coordIndex='0 1 2 3 -1'>
					<Coordinate point='-0.481040 0.087472 -0.006965 -0.476708 0.108948 -0.004847 -0.357479 0.081603 -0.001150 -0.360775 0.065484 -0.001653'/>
				</IndexedFaceSet>
			</Shape>
			<Shape DEF='_IDX_985'>
				<Appearance USE='Material_104_IDX_104'/>
				<IndexedFaceSet solid="false" coordIndex='0 1 2 3 -1'>
					<Coordinate point='-0.601350 0.110438 -0.021256 -0.596362 0.137175 -0.014792 -0.476708 0.108948 -0.004847 -0.481040 0.087472 -0.006965'/>
				</IndexedFaceSet>
			</Shape>
			<Shape DEF='_IDX_986'>
				<Appearance USE='Material_103_IDX_103'/>
				<IndexedFaceSet solid="false" coordIndex='0 1 2 3 -1'>
					<Coordinate point='-0.721854 0.137750 -0.052893 -0.717904 0.169322 -0.036808 -0.596362 0.137175 -0.014792 -0.601350 0.110438 -0.021256'/>
				</IndexedFaceSet>
			</Shape>
			<Shape DEF='_IDX_987'>
				<Appearance USE='Material_102_IDX_102'/>
				<IndexedFaceSet solid="false" coordIndex='0 1 2 3 -1'>
					<Coordinate point='-0.843031 0.180027 -0.114322 -0.845945 0.214966 -0.079556 -0.717904 0.169322 -0.036808 -0.721854 0.137750 -0.052893'/>
				</IndexedFaceSet>
			</Shape>
			<Shape DEF='_IDX_988'>
				<Appearance USE='Material_101_IDX_101'/>
				<IndexedFaceSet solid="false" coordIndex='0 1 2 3 -1'>
					<Coordinate point='-0.966137 0.265263 -0.222890 -0.992644 0.299353 -0.155108 -0.845945 0.214966 -0.079556 -0.843031 0.180027 -0.114322'/>
				</IndexedFaceSet>
			</Shape>
			<Shape DEF='_IDX_989'>
				<Appearance USE='Material_100_IDX_100'/>
				<IndexedFaceSet solid="false" coordIndex='0 1 2 3 -1'>
					<Coordinate point='-1.094077 0.458143 -0.401655 -1.186096 0.480822 -0.279510 -0.992644 0.299353 -0.155108 -0.966137 0.265263 -0.222890'/>
				</IndexedFaceSet>
			</Shape>
			<Shape DEF='_IDX_990'>
				<Appearance USE='Material_117_IDX_117'/>
				<IndexedFaceSet solid="false" coordIndex='0 1 2 3 -1'>
					<Coordinate point='-0.119158 0.027197 -0.000005 -0.117818 0.032516 -0.000002 0.000000 0.000000 0.000000 0.000000 0.000000 0.000000'/>
				</IndexedFaceSet>
			</Shape>
			<Shape DEF='_IDX_991'>
				<Appearance USE='Material_116_IDX_116'/>
				<IndexedFaceSet solid="false" coordIndex='0 1 2 3 -1'>
					<Coordinate point='-0.238316 0.054394 -0.000151 -0.235636 0.065031 -0.000078 -0.117818 0.032516 -0.000002 -0.119158 0.027197 -0.000005'/>
				</IndexedFaceSet>
			</Shape>
			<Shape DEF='_IDX_992'>
				<Appearance USE='Material_115_IDX_115'/>
				<IndexedFaceSet solid="false" coordIndex='0 1 2 3 -1'>
					<Coordinate point='-0.357479 0.081603 -0.001150 -0.353463 0.097556 -0.000590 -0.235636 0.065031 -0.000078 -0.238316 0.054394 -0.000151'/>
				</IndexedFaceSet>
			</Shape>
			<Shape DEF='_IDX_993'>
				<Appearance USE='Material_114_IDX_114'/>
				<IndexedFaceSet solid="false" coordIndex='0 1 2 3 -1'>
					<Coordinate point='-0.476708 0.108948 -0.004847 -0.471404 0.130179 -0.002486 -0.353463 0.097556 -0.000590 -0.357479 0.081603 -0.001150'/>
				</IndexedFaceSet>
			</Shape>
			<Shape DEF='_IDX_994'>
				<Appearance USE='Material_113_IDX_113'/>
				<IndexedFaceSet solid="false" coordIndex='0 1 2 3 -1'>
					<Coordinate point='-0.596362 0.137175 -0.014792 -0.590083 0.163447 -0.007586 -0.471404 0.130179 -0.002486 -0.476708 0.108948 -0.004847'/>
				</IndexedFaceSet>
			</Shape>
			<Shape DEF='_IDX_995'>
				<Appearance USE='Material_112_IDX_112'/>
				<IndexedFaceSet solid="false" coordIndex='0 1 2 3 -1'>
					<Coordinate point='-0.717904 0.169322 -0.036808 -0.712038 0.199578 -0.018877 -0.590083 0.163447 -0.007586 -0.596362 0.137175 -0.014792'/>
				</IndexedFaceSet>
			</Shape>
			<Shape DEF='_IDX_996'>
				<Appearance USE='Material_111_IDX_111'/>
				<IndexedFaceSet solid="false" coordIndex='0 1 2 3 -1'>
					<Coordinate point='-0.845945 0.214966 -0.079556 -0.845275 0.245564 -0.040801 -0.712038 0.199578 -0.018877 -0.717904 0.169322 -0.036808'/>
				</IndexedFaceSet>
			</Shape>
			<Shape DEF='_IDX_997'>
				<Appearance USE='Material_110_IDX_110'/>
				<IndexedFaceSet solid="false" coordIndex='0 1 2 3 -1'>
					<Coordinate point='-0.992644 0.299353 -0.155108 -1.010894 0.319843 -0.079548 -0.845275 0.245564 -0.040801 -0.845945 0.214966 -0.079556'/>
				</IndexedFaceSet>
			</Shape>
			<Shape DEF='_IDX_998'>
				<Appearance USE='Material_109_IDX_109'/>
				<IndexedFaceSet solid="false" coordIndex='0 1 2 3 -1'>
					<Coordinate point='-1.186096 0.480822 -0.279510 -1.257659 0.465017 -0.143349 -1.010894 0.319843 -0.079548 -0.992644 0.299353 -0.155108'/>
				</IndexedFaceSet>
			</Shape>
			<Shape DEF='_IDX_999'>
				<Appearance USE='Material_126_IDX_126'/>
				<IndexedFaceSet solid="false" coordIndex='0 1 2 3 -1'>
					<Coordinate point='-0.117818 0.032516 -0.000002 -0.116240 0.037769 -0.000000 0.000000 0.000000 0.000000 0.000000 0.000000 0.000000'/>
				</IndexedFaceSet>
			</Shape>
			<Shape DEF='_IDX_1000'>
				<Appearance USE='Material_125_IDX_125'/>
				<IndexedFaceSet solid="false" coordIndex='0 1 2 3 -1'>
					<Coordinate point='-0.235636 0.065031 -0.000078 -0.232481 0.075538 -0.000000 -0.116240 0.037769 -0.000000 -0.117818 0.032516 -0.000002'/>
				</IndexedFaceSet>
			</Shape>
			<Shape DEF='_IDX_1001'>
				<Appearance USE='Material_124_IDX_124'/>
				<IndexedFaceSet solid="false" coordIndex='0 1 2 3 -1'>
					<Coordinate point='-0.353463 0.097556 -0.000590 -0.348733 0.113310 -0.000000 -0.232481 0.075538 -0.000000 -0.235636 0.065031 -0.000078'/>
				</IndexedFaceSet>
			</Shape>
			<Shape DEF='_IDX_1002'>
				<Appearance USE='Material_123_IDX_123'/>
				<IndexedFaceSet solid="false" coordIndex='0 1 2 3 -1'>
					<Coordinate point='-0.471404 0.130179 -0.002486 -0.465130 0.151130 -0.000000 -0.348733 0.113310 -0.000000 -0.353463 0.097556 -0.000590'/>
				</IndexedFaceSet>
			</Shape>
			<Shape DEF='_IDX_1003'>
				<Appearance USE='Material_122_IDX_122'/>
				<IndexedFaceSet solid="false" coordIndex='0 1 2 3 -1'>
					<Coordinate point='-0.590083 0.163447 -0.007586 -0.582457 0.189252 -0.000000 -0.465130 0.151130 -0.000000 -0.471404 0.130179 -0.002486'/>
				</IndexedFaceSet>
			</Shape>
			<Shape DEF='_IDX_1004'>
				<Appearance USE='Material_121_IDX_121'/>
				<IndexedFaceSet solid="false" coordIndex='0 1 2 3 -1'>
					<Coordinate point='-0.712038 0.199578 -0.018877 -0.703923 0.228718 -0.000000 -0.582457 0.189252 -0.000000 -0.590083 0.163447 -0.007586'/>
				</IndexedFaceSet>
			</Shape>
			<Shape DEF='_IDX_1005'>
				<Appearance USE='Material_120_IDX_120'/>
				<IndexedFaceSet solid="false" coordIndex='0 1 2 3 -1'>
					<Coordinate point='-0.845275 0.245564 -0.040801 -0.839635 0.272814 -0.000000 -0.703923 0.228718 -0.000000 -0.712038 0.199578 -0.018877'/>
				</IndexedFaceSet>
			</Shape>
			<Shape DEF='_IDX_1006'>
				<Appearance USE='Material_119_IDX_119'/>
				<IndexedFaceSet solid="false" coordIndex='0 1 2 3 -1'>
					<Coordinate point='-1.010894 0.319843 -0.079548 -1.016245 0.330198 -0.000000 -0.839635 0.272814 -0.000000 -0.845275 0.245564 -0.040801'/>
				</IndexedFaceSet>
			</Shape>
			<Shape DEF='_IDX_1007'>
				<Appearance USE='Material_118_IDX_118'/>
				<IndexedFaceSet solid="false" coordIndex='0 1 2 3 -1'>
					<Coordinate point='-1.257659 0.465017 -0.143349 -1.295334 0.420879 -0.000000 -1.016245 0.330198 -0.000000 -1.010894 0.319843 -0.079548'/>
				</IndexedFaceSet>
			</Shape>
			<Shape DEF='_IDX_1008'>
				<Appearance USE='Material_1_IDX_1'/>
				<IndexedFaceSet solid="false" coordIndex='0 1 2 3 -1'>
					<Coordinate point='0.037769 0.116240 0.000011 0.042946 0.114429 0.000011 0.000000 0.000000 0.000000 0.000000 0.000000 0.000000'/>
				</IndexedFaceSet>
			</Shape>
			<Shape DEF='_IDX_1009'>
				<Appearance USE='Material_2_IDX_2'/>
				<IndexedFaceSet solid="false" coordIndex='0 1 2 3 -1'>
					<Coordinate point='0.075537 0.232480 0.000349 0.085892 0.228857 0.000340 0.042946 0.114429 0.000011 0.037769 0.116240 0.000011'/>
				</IndexedFaceSet>
			</Shape>
			<Shape DEF='_IDX_1010'>
				<Appearance USE='Material_3_IDX_3'/>
				<IndexedFaceSet solid="false" coordIndex='0 1 2 3 -1'>
					<Coordinate point='0.113302 0.348708 0.002651 0.128839 0.343273 0.002585 0.085892 0.228857 0.000340 0.075537 0.232480 0.000349'/>
				</IndexedFaceSet>
			</Shape>
			<Shape DEF='_IDX_1011'>
				<Appearance USE='Material_4_IDX_4'/>
				<IndexedFaceSet solid="false" coordIndex='0 1 2 3 -1'>
					<Coordinate point='0.151020 0.464792 0.011171 0.171799 0.457538 0.010891 0.128839 0.343273 0.002585 0.113302 0.348708 0.002651'/>
				</IndexedFaceSet>
			</Shape>
			<Shape DEF='_IDX_1012'>
				<Appearance USE='Material_5_IDX_5'/>
				<IndexedFaceSet solid="false" coordIndex='0 1 2 3 -1'>
					<Coordinate point='0.188436 0.579945 0.034093 0.214847 0.570828 0.033238 0.171799 0.457538 0.010891 0.151020 0.464792 0.011171'/>
				</IndexedFaceSet>
			</Shape>
			<Shape DEF='_IDX_1013'>
				<Appearance USE='Material_6_IDX_6'/>
				<IndexedFaceSet solid="false" coordIndex='0 1 2 3 -1'>
					<Coordinate point='0.224506 0.690960 0.084833 0.258286 0.679785 0.082706 0.214847 0.570828 0.033238 0.188436 0.579945 0.034093'/>
				</IndexedFaceSet>
			</Shape>
			<Shape DEF='_IDX_1014'>
				<Appearance USE='Material_7_IDX_7'/>
				<IndexedFaceSet solid="false" coordIndex='0 1 2 3 -1'>
					<Coordinate point='0.255948 0.787728 0.183359 0.303067 0.773822 0.178761 0.258286 0.679785 0.082706 0.224506 0.690960 0.084833'/>
				</IndexedFaceSet>
			</Shape>
			<Shape DEF='_IDX_1015'>
				<Appearance USE='Material_8_IDX_8'/>
				<IndexedFaceSet solid="false" coordIndex='0 1 2 3 -1'>
					<Coordinate point='0.274102 0.843599 0.357487 0.351703 0.825030 0.348525 0.303067 0.773822 0.178761 0.255948 0.787728 0.183359'/>
				</IndexedFaceSet>
			</Shape>
			<Shape DEF='_IDX_1016'>
				<Appearance USE='Material_9_IDX_9'/>
				<IndexedFaceSet solid="false" coordIndex='0 1 2 3 -1'>
					<Coordinate point='0.258958 0.796991 0.644204 0.409997 0.768919 0.628052 0.351703 0.825030 0.348525 0.274102 0.843599 0.357487'/>
				</IndexedFaceSet>
			</Shape>
			<Shape DEF='_IDX_1017'>
				<Appearance USE='Material_10_IDX_10'/>
				<IndexedFaceSet solid="false" coordIndex='0 1 2 3 -1'>
					<Coordinate point='0.042946 0.114429 0.000011 0.048036 0.112387 0.000010 0.000000 0.000000 0.000000 0.000000 0.000000 0.000000'/>
				</IndexedFaceSet>
			</Shape>
			<Shape DEF='_IDX_1018'>
				<Appearance USE='Material_11_IDX_11'/>
				<IndexedFaceSet solid="false" coordIndex='0 1 2 3 -1'>
					<Coordinate point='0.085892 0.228857 0.000340 0.096073 0.224773 0.000315 0.048036 0.112387 0.000010 0.042946 0.114429 0.000011'/>
				</IndexedFaceSet>
			</Shape>
			<Shape DEF='_IDX_1019'>
				<Appearance USE='Material_12_IDX_12'/>
				<IndexedFaceSet solid="false" coordIndex='0 1 2 3 -1'>
					<Coordinate point='0.128839 0.343273 0.002585 0.144115 0.337148 0.002389 0.096073 0.224773 0.000315 0.085892 0.228857 0.000340'/>
				</IndexedFaceSet>
			</Shape>
			<Shape DEF='_IDX_1020'>
				<Appearance USE='Material_13_IDX_13'/>
				<IndexedFaceSet solid="false" coordIndex='0 1 2 3 -1'>
					<Coordinate point='0.171799 0.457538 0.010891 0.192230 0.449391 0.010065 0.144115 0.337148 0.002389 0.128839 0.343273 0.002585'/>
				</IndexedFaceSet>
			</Shape>
			<Shape DEF='_IDX_1021'>
				<Appearance USE='Material_14_IDX_14'/>
				<IndexedFaceSet solid="false" coordIndex='0 1 2 3 -1'>
					<Coordinate point='0.214847 0.570828 0.033238 0.240808 0.560771 0.030716 0.192230 0.449391 0.010065 0.171799 0.457538 0.010891'/>
				</IndexedFaceSet>
			</Shape>
			<Shape DEF='_IDX_1022'>
				<Appearance USE='Material_15_IDX_15'/>
				<IndexedFaceSet solid="false" coordIndex='0 1 2 3 -1'>
					<Coordinate point='0.258286 0.679785 0.082706 0.291448 0.668319 0.076432 0.240808 0.560771 0.030716 0.214847 0.570828 0.033238'/>
				</IndexedFaceSet>
			</Shape>
			<Shape DEF='_IDX_1023'>
				<Appearance USE='Material_16_IDX_16'/>
				<IndexedFaceSet solid="false" coordIndex='0 1 2 3 -1'>
					<Coordinate point='0.303067 0.773822 0.178761 0.349186 0.762676 0.165200 0.291448 0.668319 0.076432 0.258286 0.679785 0.082706'/>
				</IndexedFaceSet>
			</Shape>
			<Shape DEF='_IDX_1024'>
				<Appearance USE='Material_17_IDX_17'/>
				<IndexedFaceSet solid="false" coordIndex='0 1 2 3 -1'>
					<Coordinate point='0.351703 0.825030 0.348525 0.427302 0.819166 0.322085 0.349186 0.762676 0.165200 0.303067 0.773822 0.178761'/>
				</IndexedFaceSet>
			</Shape>
			<Shape DEF='_IDX_1025'>
				<Appearance USE='Material_18_IDX_18'/>
				<IndexedFaceSet solid="false" coordIndex='0 1 2 3 -1'>
					<Coordinate point='0.409997 0.768919 0.628052 0.556478 0.780770 0.580408 0.427302 0.819166 0.322085 0.351703 0.825030 0.348525'/>
				</IndexedFaceSet>
			</Shape>
			<Shape DEF='_IDX_1026'>
				<Appearance USE='Material_19_IDX_19'/>
				<IndexedFaceSet solid="false" coordIndex='0 1 2 3 -1'>
					<Coordinate point='0.048036 0.112387 0.000010 0.053030 0.110118 0.000009 0.000000 0.000000 0.000000 0.000000 0.000000 0.000000'/>
				</IndexedFaceSet>
			</Shape>
			<Shape DEF='_IDX_1027'>
				<Appearance USE='Material_20_IDX_20'/>
				<IndexedFaceSet solid="false" coordIndex='0 1 2 3 -1'>
					<Coordinate point='0.096073 0.224773 0.000315 0.106061 0.220237 0.000273 0.053030 0.110118 0.000009 0.048036 0.112387 0.000010'/>
				</IndexedFaceSet>
			</Shape>
			<Shape DEF='_IDX_1028'>
				<Appearance USE='Material_21_IDX_21'/>
				<IndexedFaceSet solid="false" coordIndex='0 1 2 3 -1'>
					<Coordinate point='0.144115 0.337148 0.002389 0.159101 0.330347 0.002073 0.106061 0.220237 0.000273 0.096073 0.224773 0.000315'/>
				</IndexedFaceSet>
			</Shape>
			<Shape DEF='_IDX_1029'>
				<Appearance USE='Material_22_IDX_22'/>
				<IndexedFaceSet solid="false" coordIndex='0 1 2 3 -1'>
					<Coordinate point='0.192230 0.449391 0.010065 0.212260 0.440363 0.008734 0.159101 0.330347 0.002073 0.144115 0.337148 0.002389'/>
				</IndexedFaceSet>
			</Shape>
			<Shape DEF='_IDX_1030'>
				<Appearance USE='Material_23_IDX_23'/>
				<IndexedFaceSet solid="false" coordIndex='0 1 2 3 -1'>
					<Coordinate point='0.240808 0.560771 0.030716 0.266184 0.549769 0.026655 0.212260 0.440363 0.008734 0.192230 0.449391 0.010065'/>
				</IndexedFaceSet>
			</Shape>
			<Shape DEF='_IDX_1031'>
				<Appearance USE='Material_24_IDX_24'/>
				<IndexedFaceSet solid="false" coordIndex='0 1 2 3 -1'>
					<Coordinate point='0.291448 0.668319 0.076432 0.323510 0.656461 0.066325 0.266184 0.549769 0.026655 0.240808 0.560771 0.030716'/>
				</IndexedFaceSet>
			</Shape>
			<Shape DEF='_IDX_1032'>
				<Appearance USE='Material_25_IDX_25'/>
				<IndexedFaceSet solid="false" coordIndex='0 1 2 3 -1'>
					<Coordinate point='0.349186 0.762676 0.165200 0.392547 0.753814 0.143355 0.323510 0.656461 0.066325 0.291448 0.668319 0.076432'/>
				</IndexedFaceSet>
			</Shape>
			<Shape DEF='_IDX_1033'>
				<Appearance USE='Material_26_IDX_26'/>
				<IndexedFaceSet solid="false" coordIndex='0 1 2 3 -1'>
					<Coordinate point='0.427302 0.819166 0.322085 0.495205 0.824356 0.279495 0.392547 0.753814 0.143355 0.349186 0.762676 0.165200'/>
				</IndexedFaceSet>
			</Shape>
			<Shape DEF='_IDX_1034'>
				<Appearance USE='Material_27_IDX_27'/>
				<IndexedFaceSet solid="false" coordIndex='0 1 2 3 -1'>
					<Coordinate point='0.556478 0.780770 0.580408 0.682107 0.827715 0.503659 0.495205 0.824356 0.279495 0.427302 0.819166 0.322085'/>
				</IndexedFaceSet>
			</Shape>
			<Shape DEF='_IDX_1035'>
				<Appearance USE='Material_28_IDX_28'/>
				<IndexedFaceSet solid="false" coordIndex='0 1 2 3 -1'>
					<Coordinate point='0.053030 0.110118 0.000009 0.057917 0.107628 0.000007 0.000000 0.000000 0.000000 0.000000 0.000000 0.000000'/>
				</IndexedFaceSet>
			</Shape>
			<Shape DEF='_IDX_1036'>
				<Appearance USE='Material_29_IDX_29'/>
				<IndexedFaceSet solid="false" coordIndex='0 1 2 3 -1'>
					<Coordinate point='0.106061 0.220237 0.000273 0.115835 0.215257 0.000218 0.057917 0.107628 0.000007 0.053030 0.110118 0.000009'/>
				</IndexedFaceSet>
			</Shape>
			<Shape DEF='_IDX_1037'>
				<Appearance USE='Material_30_IDX_30'/>
				<IndexedFaceSet solid="false" coordIndex='0 1 2 3 -1'>
					<Coordinate point='0.159101 0.330347 0.002073 0.173765 0.322881 0.001653 0.115835 0.215257 0.000218 0.106061 0.220237 0.000273'/>
				</IndexedFaceSet>
			</Shape>
			<Shape DEF='_IDX_1038'>
				<Appearance USE='Material_31_IDX_31'/>
				<IndexedFaceSet solid="false" coordIndex='0 1 2 3 -1'>
					<Coordinate point='0.212260 0.440363 0.008734 0.231840 0.430466 0.006965 0.173765 0.322881 0.001653 0.159101 0.330347 0.002073'/>
				</IndexedFaceSet>
			</Shape>
			<Shape DEF='_IDX_1039'>
				<Appearance USE='Material_32_IDX_32'/>
				<IndexedFaceSet solid="false" coordIndex='0 1 2 3 -1'>
					<Coordinate point='0.266184 0.549769 0.026655 0.290860 0.537790 0.021256 0.231840 0.430466 0.006965 0.212260 0.440363 0.008734'/>
				</IndexedFaceSet>
			</Shape>
			<Shape DEF='_IDX_1040'>
				<Appearance USE='Material_33_IDX_33'/>
				<IndexedFaceSet solid="false" coordIndex='0 1 2 3 -1'>
					<Coordinate point='0.323510 0.656461 0.066325 0.354073 0.643957 0.052893 0.290860 0.537790 0.021256 0.266184 0.549769 0.026655'/>
				</IndexedFaceSet>
			</Shape>
			<Shape DEF='_IDX_1041'>
				<Appearance USE='Material_34_IDX_34'/>
				<IndexedFaceSet solid="false" coordIndex='0 1 2 3 -1'>
					<Coordinate point='0.392547 0.753814 0.143355 0.431727 0.746138 0.114322 0.354073 0.643957 0.052893 0.323510 0.656461 0.066325'/>
				</IndexedFaceSet>
			</Shape>
			<Shape DEF='_IDX_1042'>
				<Appearance USE='Material_35_IDX_35'/>
				<IndexedFaceSet solid="false" coordIndex='0 1 2 3 -1'>
					<Coordinate point='0.495205 0.824356 0.279495 0.550832 0.836880 0.222890 0.431727 0.746138 0.114322 0.392547 0.753814 0.143355'/>
				</IndexedFaceSet>
			</Shape>
			<Shape DEF='_IDX_1043'>
				<Appearance USE='Material_36_IDX_36'/>
				<IndexedFaceSet solid="false" coordIndex='0 1 2 3 -1'>
					<Coordinate point='0.682107 0.827715 0.503659 0.773808 0.898955 0.401655 0.550832 0.836880 0.222890 0.495205 0.824356 0.279495'/>
				</IndexedFaceSet>
			</Shape>
			<Shape DEF='_IDX_1044'>
				<Appearance USE='Material_37_IDX_37'/>
				<IndexedFaceSet solid="false" coordIndex='0 1 2 3 -1'>
					<Coordinate point='0.057917 0.107628 0.000007 0.062688 0.104922 0.000005 0.000000 0.000000 0.000000 0.000000 0.000000 0.000000'/>
				</IndexedFaceSet>
			</Shape>
			<Shape DEF='_IDX_1045'>
				<Appearance USE='Material_38_IDX_38'/>
				<IndexedFaceSet solid="false" coordIndex='0 1 2 3 -1'>
					<Coordinate point='0.115835 0.215257 0.000218 0.125376 0.209843 0.000151 0.062688 0.104922 0.000005 0.057917 0.107628 0.000007'/>
				</IndexedFaceSet>
			</Shape>
			<Shape DEF='_IDX_1046'>
				<Appearance USE='Material_39_IDX_39'/>
				<IndexedFaceSet solid="false" coordIndex='0 1 2 3 -1'>
					<Coordinate point='0.173765 0.322881 0.001653 0.188076 0.314766 0.001150 0.125376 0.209843 0.000151 0.115835 0.215257 0.000218'/>
				</IndexedFaceSet>
			</Shape>
			<Shape DEF='_IDX_1047'>
				<Appearance USE='Material_40_IDX_40'/>
				<IndexedFaceSet solid="false" coordIndex='0 1 2 3 -1'>
					<Coordinate point='0.231840 0.430466 0.006965 0.250926 0.419710 0.004847 0.188076 0.314766 0.001150 0.173765 0.322881 0.001653'/>
				</IndexedFaceSet>
			</Shape>
			<Shape DEF='_IDX_1048'>
				<Appearance USE='Material_41_IDX_41'/>
				<IndexedFaceSet solid="false" coordIndex='0 1 2 3 -1'>
					<Coordinate point='0.290860 0.537790 0.021256 0.314747 0.524785 0.014792 0.250926 0.419710 0.004847 0.231840 0.430466 0.006965'/>
				</IndexedFaceSet>
			</Shape>
			<Shape DEF='_IDX_1049'>
				<Appearance USE='Material_42_IDX_42'/>
				<IndexedFaceSet solid="false" coordIndex='0 1 2 3 -1'>
					<Coordinate point='0.354073 0.643957 0.052893 0.382880 0.630444 0.036808 0.314747 0.524785 0.014792 0.290860 0.537790 0.021256'/>
				</IndexedFaceSet>
			</Shape>
			<Shape DEF='_IDX_1050'>
				<Appearance USE='Material_43_IDX_43'/>
				<IndexedFaceSet solid="false" coordIndex='0 1 2 3 -1'>
					<Coordinate point='0.431727 0.746138 0.114322 0.465856 0.738114 0.079556 0.382880 0.630444 0.036808 0.354073 0.643957 0.052893'/>
				</IndexedFaceSet>
			</Shape>
			<Shape DEF='_IDX_1051'>
				<Appearance USE='Material_44_IDX_44'/>
				<IndexedFaceSet solid="false" coordIndex='0 1 2 3 -1'>
					<Coordinate point='0.550832 0.836880 0.222890 0.591445 0.851556 0.155108 0.465856 0.738114 0.079556 0.431727 0.746138 0.114322'/>
				</IndexedFaceSet>
			</Shape>
			<Shape DEF='_IDX_1052'>
				<Appearance USE='Material_45_IDX_45'/>
				<IndexedFaceSet solid="false" coordIndex='0 1 2 3 -1'>
					<Coordinate point='0.773808 0.898955 0.401655 0.823812 0.979462 0.279510 0.591445 0.851556 0.155108 0.550832 0.836880 0.222890'/>
				</IndexedFaceSet>
			</Shape>
			<Shape DEF='_IDX_1053'>
				<Appearance USE='Material_46_IDX_46'/>
				<IndexedFaceSet solid="false" coordIndex='0 1 2 3 -1'>
					<Coordinate point='0.062688 0.104922 0.000005 0.067332 0.102003 0.000002 0.000000 0.000000 0.000000 0.000000 0.000000 0.000000'/>
				</IndexedFaceSet>
			</Shape>
			<Shape DEF='_IDX_1054'>
				<Appearance USE='Material_47_IDX_47'/>
				<IndexedFaceSet solid="false" coordIndex='0 1 2 3 -1'>
					<Coordinate point='0.125376 0.209843 0.000151 0.134664 0.204007 0.000078 0.067332 0.102003 0.000002 0.062688 0.104922 0.000005'/>
				</IndexedFaceSet>
			</Shape>
			<Shape DEF='_IDX_1055'>
				<Appearance USE='Material_48_IDX_48'/>
				<IndexedFaceSet solid="false" coordIndex='0 1 2 3 -1'>
					<Coordinate point='0.188076 0.314766 0.001150 0.202007 0.306017 0.000590 0.134664 0.204007 0.000078 0.125376 0.209843 0.000151'/>
				</IndexedFaceSet>
			</Shape>
			<Shape DEF='_IDX_1056'>
				<Appearance USE='Material_49_IDX_49'/>
				<IndexedFaceSet solid="false" coordIndex='0 1 2 3 -1'>
					<Coordinate point='0.250926 0.419710 0.004847 0.269480 0.408105 0.002486 0.202007 0.306017 0.000590 0.188076 0.314766 0.001150'/>
				</IndexedFaceSet>
			</Shape>
			<Shape DEF='_IDX_1057'>
				<Appearance USE='Material_50_IDX_50'/>
				<IndexedFaceSet solid="false" coordIndex='0 1 2 3 -1'>
					<Coordinate point='0.314747 0.524785 0.014792 0.337793 0.510694 0.007586 0.269480 0.408105 0.002486 0.250926 0.419710 0.004847'/>
				</IndexedFaceSet>
			</Shape>
			<Shape DEF='_IDX_1058'>
				<Appearance USE='Material_51_IDX_51'/>
				<IndexedFaceSet solid="false" coordIndex='0 1 2 3 -1'>
					<Coordinate point='0.382880 0.630444 0.036808 0.409842 0.615516 0.018877 0.337793 0.510694 0.007586 0.314747 0.524785 0.014792'/>
				</IndexedFaceSet>
			</Shape>
			<Shape DEF='_IDX_1059'>
				<Appearance USE='Material_52_IDX_52'/>
				<IndexedFaceSet solid="false" coordIndex='0 1 2 3 -1'>
					<Coordinate point='0.465856 0.738114 0.079556 0.494749 0.728020 0.040801 0.409842 0.615516 0.018877 0.382880 0.630444 0.036808'/>
				</IndexedFaceSet>
			</Shape>
			<Shape DEF='_IDX_1060'>
				<Appearance USE='Material_53_IDX_53'/>
				<IndexedFaceSet solid="false" coordIndex='0 1 2 3 -1'>
					<Coordinate point='0.591445 0.851556 0.155108 0.616572 0.862581 0.079548 0.494749 0.728020 0.040801 0.465856 0.738114 0.079556'/>
				</IndexedFaceSet>
			</Shape>
			<Shape DEF='_IDX_1061'>
				<Appearance USE='Material_54_IDX_54'/>
				<IndexedFaceSet solid="false" coordIndex='0 1 2 3 -1'>
					<Coordinate point='0.823812 0.979462 0.279510 0.830895 1.052407 0.143349 0.616572 0.862581 0.079548 0.591445 0.851556 0.155108'/>
				</IndexedFaceSet>
			</Shape>
			<Shape DEF='_IDX_1062'>
				<Appearance USE='Material_55_IDX_55'/>
				<IndexedFaceSet solid="false" coordIndex='0 1 2 3 -1'>
					<Coordinate point='0.067332 0.102003 0.000002 0.071840 0.098880 0.000000 0.000000 0.000000 0.000000 0.000000 0.000000 0.000000'/>
				</IndexedFaceSet>
			</Shape>
			<Shape DEF='_IDX_1063'>
				<Appearance USE='Material_56_IDX_56'/>
				<IndexedFaceSet solid="false" coordIndex='0 1 2 3 -1'>
					<Coordinate point='0.134664 0.204007 0.000078 0.143681 0.197760 0.000000 0.071840 0.098880 0.000000 0.067332 0.102003 0.000002'/>
				</IndexedFaceSet>
			</Shape>
			<Shape DEF='_IDX_1064'>
				<Appearance USE='Material_57_IDX_57'/>
				<IndexedFaceSet solid="false" coordIndex='0 1 2 3 -1'>
					<Coordinate point='0.202007 0.306017 0.000590 0.215529 0.296650 0.000000 0.143681 0.197760 0.000000 0.134664 0.204007 0.000078'/>
				</IndexedFaceSet>
			</Shape>
			<Shape DEF='_IDX_1065'>
				<Appearance USE='Material_58_IDX_58'/>
				<IndexedFaceSet solid="false" coordIndex='0 1 2 3 -1'>
					<Coordinate point='0.269480 0.408105 0.002486 0.287466 0.395663 0.000000 0.215529 0.296650 0.000000 0.202007 0.306017 0.000590'/>
				</IndexedFaceSet>
			</Shape>
			<Shape DEF='_IDX_1066'>
				<Appearance USE='Material_59_IDX_59'/>
				<IndexedFaceSet solid="false" coordIndex='0 1 2 3 -1'>
					<Coordinate point='0.337793 0.510694 0.007586 0.359978 0.495468 -0.000000 0.287466 0.395663 0.000000 0.269480 0.408105 0.002486'/>
				</IndexedFaceSet>
			</Shape>
			<Shape DEF='_IDX_1067'>
				<Appearance USE='Material_60_IDX_60'/>
				<IndexedFaceSet solid="false" coordIndex='0 1 2 3 -1'>
					<Coordinate point='0.409842 0.615516 0.018877 0.435048 0.598793 0.000000 0.359978 0.495468 -0.000000 0.337793 0.510694 0.007586'/>
				</IndexedFaceSet>
			</Shape>
			<Shape DEF='_IDX_1068'>
				<Appearance USE='Material_61_IDX_61'/>
				<IndexedFaceSet solid="false" coordIndex='0 1 2 3 -1'>
					<Coordinate point='0.494749 0.728020 0.040801 0.518923 0.714236 -0.000000 0.435048 0.598793 0.000000 0.409842 0.615516 0.018877'/>
				</IndexedFaceSet>
			</Shape>
			<Shape DEF='_IDX_1069'>
				<Appearance USE='Material_62_IDX_62'/>
				<IndexedFaceSet solid="false" coordIndex='0 1 2 3 -1'>
					<Coordinate point='0.616572 0.862581 0.079548 0.628074 0.864469 0.000000 0.518923 0.714236 -0.000000 0.494749 0.728020 0.040801'/>
				</IndexedFaceSet>
			</Shape>
			<Shape DEF='_IDX_1070'>
				<Appearance USE='Material_63_IDX_63'/>
				<IndexedFaceSet solid="false" coordIndex='0 1 2 3 -1'>
					<Coordinate point='0.830895 1.052407 0.143349 0.800560 1.101876 -0.000000 0.628074 0.864469 0.000000 0.616572 0.862581 0.079548'/>
				</IndexedFaceSet>
			</Shape>
			<Shape DEF='_IDX_1071'>
				<Appearance USE='Material_64_IDX_64'/>
				<IndexedFaceSet solid="false" coordIndex='0 1 2 3 -1'>
					<Coordinate point='0.717608 0.521373 -0.357487 0.675968 0.589437 -0.348525 0.604589 0.627540 -0.628052 0.677961 0.492567 -0.644204'/>
				</IndexedFaceSet>
			</Shape>
			<Shape DEF='_IDX_1072'>
				<Appearance USE='Material_65_IDX_65'/>
				<IndexedFaceSet solid="false" coordIndex='0 1 2 3 -1'>
					<Coordinate point='0.670081 0.486843 -0.183359 0.642295 0.527358 -0.178761 0.675968 0.589437 -0.348525 0.717608 0.521373 -0.357487'/>
				</IndexedFaceSet>
			</Shape>
			<Shape DEF='_IDX_1073'>
				<Appearance USE='Material_66_IDX_66'/>
				<IndexedFaceSet solid="false" coordIndex='0 1 2 3 -1'>
					<Coordinate point='0.587766 0.427037 -0.084833 0.566699 0.455709 -0.082706 0.642295 0.527358 -0.178761 0.670081 0.486843 -0.183359'/>
				</IndexedFaceSet>
			</Shape>
			<Shape DEF='_IDX_1074'>
				<Appearance USE='Material_67_IDX_67'/>
				<IndexedFaceSet solid="false" coordIndex='0 1 2 3 -1'>
					<Coordinate point='0.493331 0.358426 -0.034093 0.476498 0.380728 -0.033238 0.566699 0.455709 -0.082706 0.587766 0.427037 -0.084833'/>
				</IndexedFaceSet>
			</Shape>
			<Shape DEF='_IDX_1075'>
				<Appearance USE='Material_68_IDX_68'/>
				<IndexedFaceSet solid="false" coordIndex='0 1 2 3 -1'>
					<Coordinate point='0.395376 0.287257 -0.011171 0.382056 0.304778 -0.010891 0.476498 0.380728 -0.033238 0.493331 0.358426 -0.034093'/>
				</IndexedFaceSet>
			</Shape>
			<Shape DEF='_IDX_1076'>
				<Appearance USE='Material_69_IDX_69'/>
				<IndexedFaceSet solid="false" coordIndex='0 1 2 3 -1'>
					<Coordinate point='0.296629 0.215513 -0.002651 0.286659 0.228610 -0.002585 0.382056 0.304778 -0.010891 0.395376 0.287257 -0.011171'/>
				</IndexedFaceSet>
			</Shape>
			<Shape DEF='_IDX_1077'>
				<Appearance USE='Material_70_IDX_70'/>
				<IndexedFaceSet solid="false" coordIndex='0 1 2 3 -1'>
					<Coordinate point='0.197759 0.143681 -0.000349 0.191114 0.152409 -0.000340 0.286659 0.228610 -0.002585 0.296629 0.215513 -0.002651'/>
				</IndexedFaceSet>
			</Shape>
			<Shape DEF='_IDX_1078'>
				<Appearance USE='Material_71_IDX_71'/>
				<IndexedFaceSet solid="false" coordIndex='0 1 2 3 -1'>
					<Coordinate point='0.098880 0.071840 -0.000011 0.095557 0.076204 -0.000011 0.191114 0.152409 -0.000340 0.197759 0.143681 -0.000349'/>
				</IndexedFaceSet>
			</Shape>
			<Shape DEF='_IDX_1079'>
				<Appearance USE='Material_72_IDX_72'/>
				<IndexedFaceSet solid="false" coordIndex='0 1 2 3 -1'>
					<Coordinate point='0.000000 0.000000 0.000000 0.000000 0.000000 0.000000 0.095557 0.076204 -0.000011 0.098880 0.071840 -0.000011'/>
				</IndexedFaceSet>
			</Shape>
			<Shape DEF='_IDX_1080'>
				<Appearance USE='Material_73_IDX_73'/>
				<IndexedFaceSet solid="false" coordIndex='0 1 2 3 -1'>
					<Coordinate point='0.675968 0.589437 -0.348525 0.647030 0.659525 -0.322085 0.570595 0.770513 -0.580408 0.604589 0.627540 -0.628052'/>
				</IndexedFaceSet>
			</Shape>
			<Shape DEF='_IDX_1081'>
				<Appearance USE='Material_74_IDX_74'/>
				<IndexedFaceSet solid="false" coordIndex='0 1 2 3 -1'>
					<Coordinate point='0.642295 0.527358 -0.178761 0.617444 0.567776 -0.165200 0.647030 0.659525 -0.322085 0.675968 0.589437 -0.348525'/>
				</IndexedFaceSet>
			</Shape>
			<Shape DEF='_IDX_1082'>
				<Appearance USE='Material_75_IDX_75'/>
				<IndexedFaceSet solid="false" coordIndex='0 1 2 3 -1'>
					<Coordinate point='0.566699 0.455709 -0.082706 0.545547 0.483705 -0.076432 0.617444 0.567776 -0.165200 0.642295 0.527358 -0.178761'/>
				</IndexedFaceSet>
			</Shape>
			<Shape DEF='_IDX_1083'>
				<Appearance USE='Material_76_IDX_76'/>
				<IndexedFaceSet solid="false" coordIndex='0 1 2 3 -1'>
					<Coordinate point='0.476498 0.380728 -0.033238 0.458911 0.402310 -0.030716 0.545547 0.483705 -0.076432 0.566699 0.455709 -0.082706'/>
				</IndexedFaceSet>
			</Shape>
			<Shape DEF='_IDX_1084'>
				<Appearance USE='Material_77_IDX_77'/>
				<IndexedFaceSet solid="false" coordIndex='0 1 2 3 -1'>
					<Coordinate point='0.382056 0.304778 -0.010891 0.367994 0.321691 -0.010065 0.458911 0.402310 -0.030716 0.476498 0.380728 -0.033238'/>
				</IndexedFaceSet>
			</Shape>
			<Shape DEF='_IDX_1085'>
				<Appearance USE='Material_78_IDX_78'/>
				<IndexedFaceSet solid="false" coordIndex='0 1 2 3 -1'>
					<Coordinate point='0.286659 0.228610 -0.002585 0.276113 0.241247 -0.002389 0.367994 0.321691 -0.010065 0.382056 0.304778 -0.010891'/>
				</IndexedFaceSet>
			</Shape>
			<Shape DEF='_IDX_1086'>
				<Appearance USE='Material_79_IDX_79'/>
				<IndexedFaceSet solid="false" coordIndex='0 1 2 3 -1'>
					<Coordinate point='0.191114 0.152409 -0.000340 0.184084 0.160830 -0.000315 0.276113 0.241247 -0.002389 0.286659 0.228610 -0.002585'/>
				</IndexedFaceSet>
			</Shape>
			<Shape DEF='_IDX_1087'>
				<Appearance USE='Material_80_IDX_80'/>
				<IndexedFaceSet solid="false" coordIndex='0 1 2 3 -1'>
					<Coordinate point='0.095557 0.076204 -0.000011 0.092042 0.080415 -0.000010 0.184084 0.160830 -0.000315 0.191114 0.152409 -0.000340'/>
				</IndexedFaceSet>
			</Shape>
			<Shape DEF='_IDX_1088'>
				<Appearance USE='Material_81_IDX_81'/>
				<IndexedFaceSet solid="false" coordIndex='0 1 2 3 -1'>
					<Coordinate point='0.000000 0.000000 0.000000 0.000000 0.000000 0.000000 0.092042 0.080415 -0.000010 0.095557 0.076204 -0.000011'/>
				</IndexedFaceSet>
			</Shape>
			<Shape DEF='_IDX_1089'>
				<Appearance USE='Material_82_IDX_82'/>
				<IndexedFaceSet solid="false" coordIndex='0 1 2 3 -1'>
					<Coordinate point='0.647030 0.659525 -0.322085 0.630983 0.725708 -0.279495 0.576421 0.904501 -0.503659 0.570595 0.770513 -0.580408'/>
				</IndexedFaceSet>
			</Shape>
			<Shape DEF='_IDX_1090'>
				<Appearance USE='Material_83_IDX_83'/>
				<IndexedFaceSet solid="false" coordIndex='0 1 2 3 -1'>
					<Coordinate point='0.617444 0.567776 -0.165200 0.595616 0.606276 -0.143355 0.630983 0.725708 -0.279495 0.647030 0.659525 -0.322085'/>
				</IndexedFaceSet>
			</Shape>
			<Shape DEF='_IDX_1091'>
				<Appearance USE='Material_84_IDX_84'/>
				<IndexedFaceSet solid="false" coordIndex='0 1 2 3 -1'>
					<Coordinate point='0.545547 0.483705 -0.076432 0.524362 0.510534 -0.066325 0.595616 0.606276 -0.143355 0.617444 0.567776 -0.165200'/>
				</IndexedFaceSet>
			</Shape>
			<Shape DEF='_IDX_1092'>
				<Appearance USE='Material_85_IDX_85'/>
				<IndexedFaceSet solid="false" coordIndex='0 1 2 3 -1'>
					<Coordinate point='0.458911 0.402310 -0.030716 0.440606 0.423044 -0.026655 0.524362 0.510534 -0.066325 0.545547 0.483705 -0.076432'/>
				</IndexedFaceSet>
			</Shape>
			<Shape DEF='_IDX_1093'>
				<Appearance USE='Material_86_IDX_86'/>
				<IndexedFaceSet solid="false" coordIndex='0 1 2 3 -1'>
					<Coordinate point='0.367994 0.321691 -0.010065 0.353218 0.337950 -0.008734 0.440606 0.423044 -0.026655 0.458911 0.402310 -0.030716'/>
				</IndexedFaceSet>
			</Shape>
			<Shape DEF='_IDX_1094'>
				<Appearance USE='Material_87_IDX_87'/>
				<IndexedFaceSet solid="false" coordIndex='0 1 2 3 -1'>
					<Coordinate point='0.276113 0.241247 -0.002389 0.265014 0.253397 -0.002073 0.353218 0.337950 -0.008734 0.367994 0.321691 -0.010065'/>
				</IndexedFaceSet>
			</Shape>
			<Shape DEF='_IDX_1095'>
				<Appearance USE='Material_88_IDX_88'/>
				<IndexedFaceSet solid="false" coordIndex='0 1 2 3 -1'>
					<Coordinate point='0.184084 0.160830 -0.000315 0.176683 0.168927 -0.000273 0.265014 0.253397 -0.002073 0.276113 0.241247 -0.002389'/>
				</IndexedFaceSet>
			</Shape>
			<Shape DEF='_IDX_1096'>
				<Appearance USE='Material_89_IDX_89'/>
				<IndexedFaceSet solid="false" coordIndex='0 1 2 3 -1'>
					<Coordinate point='0.092042 0.080415 -0.000010 0.088342 0.084463 -0.000009 0.176683 0.168927 -0.000273 0.184084 0.160830 -0.000315'/>
				</IndexedFaceSet>
			</Shape>
			<Shape DEF='_IDX_1097'>
				<Appearance USE='Material_90_IDX_90'/>
				<IndexedFaceSet solid="false" coordIndex='0 1 2 3 -1'>
					<Coordinate point='0.000000 0.000000 0.000000 0.000000 0.000000 0.000000 0.088342 0.084463 -0.000009 0.092042 0.080415 -0.000010'/>
				</IndexedFaceSet>
			</Shape>
			<Shape DEF='_IDX_1098'>
				<Appearance USE='Material_91_IDX_91'/>
				<IndexedFaceSet solid="false" coordIndex='0 1 2 3 -1'>
					<Coordinate point='0.630983 0.725708 -0.279495 0.625703 0.782483 -0.222890 0.615837 1.013728 -0.401655 0.576421 0.904501 -0.503659'/>
				</IndexedFaceSet>
			</Shape>
			<Shape DEF='_IDX_1099'>
				<Appearance USE='Material_92_IDX_92'/>
				<IndexedFaceSet solid="false" coordIndex='0 1 2 3 -1'>
					<Coordinate point='0.595616 0.606276 -0.143355 0.576209 0.641166 -0.114322 0.625703 0.782483 -0.222890 0.630983 0.725708 -0.279495'/>
				</IndexedFaceSet>
			</Shape>
			<Shape DEF='_IDX_1100'>
				<Appearance USE='Material_93_IDX_93'/>
				<IndexedFaceSet solid="false" coordIndex='0 1 2 3 -1'>
					<Coordinate point='0.524362 0.510534 -0.066325 0.503025 0.535737 -0.052893 0.576209 0.641166 -0.114322 0.595616 0.606276 -0.143355'/>
				</IndexedFaceSet>
			</Shape>
			<Shape DEF='_IDX_1101'>
				<Appearance USE='Material_94_IDX_94'/>
				<IndexedFaceSet solid="false" coordIndex='0 1 2 3 -1'>
					<Coordinate point='0.440606 0.423044 -0.026655 0.421588 0.442810 -0.021256 0.503025 0.535737 -0.052893 0.524362 0.510534 -0.066325'/>
				</IndexedFaceSet>
			</Shape>
			<Shape DEF='_IDX_1102'>
				<Appearance USE='Material_95_IDX_95'/>
				<IndexedFaceSet solid="false" coordIndex='0 1 2 3 -1'>
					<Coordinate point='0.353218 0.337950 -0.008734 0.337755 0.353514 -0.006965 0.421588 0.442810 -0.021256 0.440606 0.423044 -0.026655'/>
				</IndexedFaceSet>
			</Shape>
			<Shape DEF='_IDX_1103'>
				<Appearance USE='Material_96_IDX_96'/>
				<IndexedFaceSet solid="false" coordIndex='0 1 2 3 -1'>
					<Coordinate point='0.265014 0.253397 -0.002073 0.253382 0.265036 -0.001653 0.337755 0.353514 -0.006965 0.353218 0.337950 -0.008734'/>
				</IndexedFaceSet>
			</Shape>
			<Shape DEF='_IDX_1104'>
				<Appearance USE='Material_97_IDX_97'/>
				<IndexedFaceSet solid="false" coordIndex='0 1 2 3 -1'>
					<Coordinate point='0.176683 0.168927 -0.000273 0.168926 0.176683 -0.000218 0.253382 0.265036 -0.001653 0.265014 0.253397 -0.002073'/>
				</IndexedFaceSet>
			</Shape>
			<Shape DEF='_IDX_1105'>
				<Appearance USE='Material_98_IDX_98'/>
				<IndexedFaceSet solid="false" coordIndex='0 1 2 3 -1'>
					<Coordinate point='0.088342 0.084463 -0.000009 0.084463 0.088342 -0.000007 0.168926 0.176683 -0.000218 0.176683 0.168927 -0.000273'/>
				</IndexedFaceSet>
			</Shape>
			<Shape DEF='_IDX_1106'>
				<Appearance USE='Material_99_IDX_99'/>
				<IndexedFaceSet solid="false" coordIndex='0 1 2 3 -1'>
					<Coordinate point='0.000000 0.000000 0.000000 0.000000 0.000000 0.000000 0.084463 0.088342 -0.000007 0.088342 0.084463 -0.000009'/>
				</IndexedFaceSet>
			</Shape>
			<Shape DEF='_IDX_1107'>
				<Appearance USE='Material_100_IDX_100'/>
				<IndexedFaceSet solid="false" coordIndex='0 1 2 3 -1'>
					<Coordinate point='0.625703 0.782483 -0.222890 0.627111 0.825643 -0.155108 0.676952 1.086162 -0.279510 0.615837 1.013728 -0.401655'/>
				</IndexedFaceSet>
			</Shape>
			<Shape DEF='_IDX_1108'>
				<Appearance USE='Material_101_IDX_101'/>
				<IndexedFaceSet solid="false" coordIndex='0 1 2 3 -1'>
					<Coordinate point='0.576209 0.641166 -0.114322 0.558030 0.671145 -0.079556 0.627111 0.825643 -0.155108 0.625703 0.782483 -0.222890'/>
				</IndexedFaceSet>
			</Shape>
			<Shape DEF='_IDX_1109'>
				<Appearance USE='Material_102_IDX_102'/>
				<IndexedFaceSet solid="false" coordIndex='0 1 2 3 -1'>
					<Coordinate point='0.503025 0.535737 -0.052893 0.481272 0.558958 -0.036808 0.558030 0.671145 -0.079556 0.576209 0.641166 -0.114322'/>
				</IndexedFaceSet>
			</Shape>
			<Shape DEF='_IDX_1110'>
				<Appearance USE='Material_103_IDX_103'/>
				<IndexedFaceSet solid="false" coordIndex='0 1 2 3 -1'>
					<Coordinate point='0.421588 0.442810 -0.021256 0.401838 0.461510 -0.014792 0.481272 0.558958 -0.036808 0.503025 0.535737 -0.052893'/>
				</IndexedFaceSet>
			</Shape>
			<Shape DEF='_IDX_1111'>
				<Appearance USE='Material_104_IDX_104'/>
				<IndexedFaceSet solid="false" coordIndex='0 1 2 3 -1'>
					<Coordinate point='0.337755 0.353514 -0.006965 0.321627 0.368343 -0.004847 0.401838 0.461510 -0.014792 0.421588 0.442810 -0.021256'/>
				</IndexedFaceSet>
			</Shape>
			<Shape DEF='_IDX_1112'>
				<Appearance USE='Material_105_IDX_105'/>
				<IndexedFaceSet solid="false" coordIndex='0 1 2 3 -1'>
					<Coordinate point='0.253382 0.265036 -0.001653 0.241242 0.276139 -0.001150 0.321627 0.368343 -0.004847 0.337755 0.353514 -0.006965'/>
				</IndexedFaceSet>
			</Shape>
			<Shape DEF='_IDX_1113'>
				<Appearance USE='Material_106_IDX_106'/>
				<IndexedFaceSet solid="false" coordIndex='0 1 2 3 -1'>
					<Coordinate point='0.168926 0.176683 -0.000218 0.160829 0.184084 -0.000151 0.241242 0.276139 -0.001150 0.253382 0.265036 -0.001653'/>
				</IndexedFaceSet>
			</Shape>
			<Shape DEF='_IDX_1114'>
				<Appearance USE='Material_107_IDX_107'/>
				<IndexedFaceSet solid="false" coordIndex='0 1 2 3 -1'>
					<Coordinate point='0.084463 0.088342 -0.000007 0.080415 0.092042 -0.000005 0.160829 0.184084 -0.000151 0.168926 0.176683 -0.000218'/>
				</IndexedFaceSet>
			</Shape>
			<Shape DEF='_IDX_1115'>
				<Appearance USE='Material_108_IDX_108'/>
				<IndexedFaceSet solid="false" coordIndex='0 1 2 3 -1'>
					<Coordinate point='0.000000 0.000000 0.000000 0.000000 0.000000 0.000000 0.080415 0.092042 -0.000005 0.084463 0.088342 -0.000007'/>
				</IndexedFaceSet>
			</Shape>
			<Shape DEF='_IDX_1116'>
				<Appearance USE='Material_109_IDX_109'/>
				<IndexedFaceSet solid="false" coordIndex='0 1 2 3 -1'>
					<Coordinate point='0.627111 0.825643 -0.155108 0.629832 0.852947 -0.079548 0.744138 1.115440 -0.143349 0.676952 1.086162 -0.279510'/>
				</IndexedFaceSet>
			</Shape>
			<Shape DEF='_IDX_1117'>
				<Appearance USE='Material_110_IDX_110'/>
				<IndexedFaceSet solid="false" coordIndex='0 1 2 3 -1'>
					<Coordinate point='0.558030 0.671145 -0.079556 0.539503 0.695505 -0.040801 0.629832 0.852947 -0.079548 0.627111 0.825643 -0.155108'/>
				</IndexedFaceSet>
			</Shape>
			<Shape DEF='_IDX_1118'>
				<Appearance USE='Material_111_IDX_111'/>
				<IndexedFaceSet solid="false" coordIndex='0 1 2 3 -1'>
					<Coordinate point='0.481272 0.558958 -0.036808 0.458742 0.579987 -0.018877 0.539503 0.695505 -0.040801 0.558030 0.671145 -0.079556'/>
				</IndexedFaceSet>
			</Shape>
			<Shape DEF='_IDX_1119'>
				<Appearance USE='Material_112_IDX_112'/>
				<IndexedFaceSet solid="false" coordIndex='0 1 2 3 -1'>
					<Coordinate point='0.401838 0.461510 -0.014792 0.381315 0.479074 -0.007586 0.458742 0.579987 -0.018877 0.481272 0.558958 -0.036808'/>
				</IndexedFaceSet>
			</Shape>
			<Shape DEF='_IDX_1120'>
				<Appearance USE='Material_113_IDX_113'/>
				<IndexedFaceSet solid="false" coordIndex='0 1 2 3 -1'>
					<Coordinate point='0.321627 0.368343 -0.004847 0.304857 0.382402 -0.002486 0.381315 0.479074 -0.007586 0.401838 0.461510 -0.014792'/>
				</IndexedFaceSet>
			</Shape>
			<Shape DEF='_IDX_1121'>
				<Appearance USE='Material_114_IDX_114'/>
				<IndexedFaceSet solid="false" coordIndex='0 1 2 3 -1'>
					<Coordinate point='0.241242 0.276139 -0.001150 0.228616 0.286685 -0.000590 0.304857 0.382402 -0.002486 0.321627 0.368343 -0.004847'/>
				</IndexedFaceSet>
			</Shape>
			<Shape DEF='_IDX_1122'>
				<Appearance USE='Material_115_IDX_115'/>
				<IndexedFaceSet solid="false" coordIndex='0 1 2 3 -1'>
					<Coordinate point='0.160829 0.184084 -0.000151 0.152409 0.191115 -0.000078 0.228616 0.286685 -0.000590 0.241242 0.276139 -0.001150'/>
				</IndexedFaceSet>
			</Shape>
			<Shape DEF='_IDX_1123'>
				<Appearance USE='Material_116_IDX_116'/>
				<IndexedFaceSet solid="false" coordIndex='0 1 2 3 -1'>
					<Coordinate point='0.080415 0.092042 -0.000005 0.076204 0.095557 -0.000002 0.152409 0.191115 -0.000078 0.160829 0.184084 -0.000151'/>
				</IndexedFaceSet>
			</Shape>
			<Shape DEF='_IDX_1124'>
				<Appearance USE='Material_117_IDX_117'/>
				<IndexedFaceSet solid="false" coordIndex='0 1 2 3 -1'>
					<Coordinate point='0.000000 0.000000 0.000000 0.000000 0.000000 0.000000 0.076204 0.095557 -0.000002 0.080415 0.092042 -0.000005'/>
				</IndexedFaceSet>
			</Shape>
			<Shape DEF='_IDX_1125'>
				<Appearance USE='Material_118_IDX_118'/>
				<IndexedFaceSet solid="false" coordIndex='0 1 2 3 -1'>
					<Coordinate point='0.629832 0.852947 -0.079548 0.628074 0.864469 -0.000000 0.800560 1.101876 -0.000000 0.744138 1.115440 -0.143349'/>
				</IndexedFaceSet>
			</Shape>
			<Shape DEF='_IDX_1126'>
				<Appearance USE='Material_119_IDX_119'/>
				<IndexedFaceSet solid="false" coordIndex='0 1 2 3 -1'>
					<Coordinate point='0.539503 0.695505 -0.040801 0.518923 0.714236 -0.000000 0.628074 0.864469 -0.000000 0.629832 0.852947 -0.079548'/>
				</IndexedFaceSet>
			</Shape>
			<Shape DEF='_IDX_1127'>
				<Appearance USE='Material_120_IDX_120'/>
				<IndexedFaceSet solid="false" coordIndex='0 1 2 3 -1'>
					<Coordinate point='0.458742 0.579987 -0.018877 0.435048 0.598793 -0.000000 0.518923 0.714236 -0.000000 0.539503 0.695505 -0.040801'/>
				</IndexedFaceSet>
			</Shape>
			<Shape DEF='_IDX_1128'>
				<Appearance USE='Material_121_IDX_121'/>
				<IndexedFaceSet solid="false" coordIndex='0 1 2 3 -1'>
					<Coordinate point='0.381315 0.479074 -0.007586 0.359978 0.495468 -0.000000 0.435048 0.598793 -0.000000 0.458742 0.579987 -0.018877'/>
				</IndexedFaceSet>
			</Shape>
			<Shape DEF='_IDX_1129'>
				<Appearance USE='Material_122_IDX_122'/>
				<IndexedFaceSet solid="false" coordIndex='0 1 2 3 -1'>
					<Coordinate point='0.304857 0.382402 -0.002486 0.287466 0.395663 -0.000000 0.359978 0.495468 -0.000000 0.381315 0.479074 -0.007586'/>
				</IndexedFaceSet>
			</Shape>
			<Shape DEF='_IDX_1130'>
				<Appearance USE='Material_123_IDX_123'/>
				<IndexedFaceSet solid="false" coordIndex='0 1 2 3 -1'>
					<Coordinate point='0.228616 0.286685 -0.000590 0.215529 0.296650 -0.000000 0.287466 0.395663 -0.000000 0.304857 0.382402 -0.002486'/>
				</IndexedFaceSet>
			</Shape>
			<Shape DEF='_IDX_1131'>
				<Appearance USE='Material_124_IDX_124'/>
				<IndexedFaceSet solid="false" coordIndex='0 1 2 3 -1'>
					<Coordinate point='0.152409 0.191115 -0.000078 0.143681 0.197760 -0.000000 0.215529 0.296650 -0.000000 0.228616 0.286685 -0.000590'/>
				</IndexedFaceSet>
			</Shape>
			<Shape DEF='_IDX_1132'>
				<Appearance USE='Material_125_IDX_125'/>
				<IndexedFaceSet solid="false" coordIndex='0 1 2 3 -1'>
					<Coordinate point='0.076204 0.095557 -0.000002 0.071840 0.098880 -0.000000 0.143681 0.197760 -0.000000 0.152409 0.191115 -0.000078'/>
				</IndexedFaceSet>
			</Shape>
			<Shape DEF='_IDX_1133'>
				<Appearance USE='Material_126_IDX_126'/>
				<IndexedFaceSet solid="false" coordIndex='0 1 2 3 -1'>
					<Coordinate point='0.000000 0.000000 0.000000 0.000000 0.000000 0.000000 0.071840 0.098880 -0.000000 0.076204 0.095557 -0.000002'/>
				</IndexedFaceSet>
			</Shape>
			<Shape DEF='_IDX_1134'>
				<Appearance USE='Material_9_IDX_9'/>
				<IndexedFaceSet solid="false" coordIndex='0 1 2 3 -1'>
					<Coordinate point='0.274102 0.843599 0.357487 0.200407 0.874189 0.348525 0.120264 0.863059 0.628052 0.258958 0.796991 0.644204'/>
				</IndexedFaceSet>
			</Shape>
			<Shape DEF='_IDX_1135'>
				<Appearance USE='Material_8_IDX_8'/>
				<IndexedFaceSet solid="false" coordIndex='0 1 2 3 -1'>
					<Coordinate point='0.255948 0.787728 0.183359 0.209655 0.804173 0.178761 0.200407 0.874189 0.348525 0.274102 0.843599 0.357487'/>
				</IndexedFaceSet>
			</Shape>
			<Shape DEF='_IDX_1136'>
				<Appearance USE='Material_7_IDX_7'/>
				<IndexedFaceSet solid="false" coordIndex='0 1 2 3 -1'>
					<Coordinate point='0.224506 0.690960 0.084833 0.190610 0.701774 0.082706 0.209655 0.804173 0.178761 0.255948 0.787728 0.183359'/>
				</IndexedFaceSet>
			</Shape>
			<Shape DEF='_IDX_1137'>
				<Appearance USE='Material_6_IDX_6'/>
				<IndexedFaceSet solid="false" coordIndex='0 1 2 3 -1'>
					<Coordinate point='0.188436 0.579945 0.034093 0.161709 0.588094 0.033238 0.190610 0.701774 0.082706 0.224506 0.690960 0.084833'/>
				</IndexedFaceSet>
			</Shape>
			<Shape DEF='_IDX_1138'>
				<Appearance USE='Material_5_IDX_5'/>
				<IndexedFaceSet solid="false" coordIndex='0 1 2 3 -1'>
					<Coordinate point='0.151020 0.464792 0.011171 0.129946 0.471137 0.010891 0.161709 0.588094 0.033238 0.188436 0.579945 0.034093'/>
				</IndexedFaceSet>
			</Shape>
			<Shape DEF='_IDX_1139'>
				<Appearance USE='Material_4_IDX_4'/>
				<IndexedFaceSet solid="false" coordIndex='0 1 2 3 -1'>
					<Coordinate point='0.113302 0.348708 0.002651 0.097538 0.353443 0.002585 0.129946 0.471137 0.010891 0.151020 0.464792 0.011171'/>
				</IndexedFaceSet>
			</Shape>
			<Shape DEF='_IDX_1140'>
				<Appearance USE='Material_3_IDX_3'/>
				<IndexedFaceSet solid="false" coordIndex='0 1 2 3 -1'>
					<Coordinate point='0.075537 0.232480 0.000349 0.065031 0.235635 0.000340 0.097538 0.353443 0.002585 0.113302 0.348708 0.002651'/>
				</IndexedFaceSet>
			</Shape>
			<Shape DEF='_IDX_1141'>
				<Appearance USE='Material_2_IDX_2'/>
				<IndexedFaceSet solid="false" coordIndex='0 1 2 3 -1'>
					<Coordinate point='0.037769 0.116240 0.000011 0.032516 0.117818 0.000011 0.065031 0.235635 0.000340 0.075537 0.232480 0.000349'/>
				</IndexedFaceSet>
			</Shape>
			<Shape DEF='_IDX_1142'>
				<Appearance USE='Material_1_IDX_1'/>
				<IndexedFaceSet solid="false" coordIndex='0 1 2 3 -1'>
					<Coordinate point='0.000000 0.000000 0.000000 0.000000 0.000000 0.000000 0.032516 0.117818 0.000011 0.037769 0.116240 0.000011'/>
				</IndexedFaceSet>
			</Shape>
			<Shape DEF='_IDX_1143'>
				<Appearance USE='Material_18_IDX_18'/>
				<IndexedFaceSet solid="false" coordIndex='0 1 2 3 -1'>
					<Coordinate point='0.200407 0.874189 0.348525 0.135799 0.913881 0.322085 0.008724 0.958746 0.580408 0.120264 0.863059 0.628052'/>
				</IndexedFaceSet>
			</Shape>
			<Shape DEF='_IDX_1144'>
				<Appearance USE='Material_17_IDX_17'/>
				<IndexedFaceSet solid="false" coordIndex='0 1 2 3 -1'>
					<Coordinate point='0.209655 0.804173 0.178761 0.165792 0.822265 0.165200 0.135799 0.913881 0.322085 0.200407 0.874189 0.348525'/>
				</IndexedFaceSet>
			</Shape>
			<Shape DEF='_IDX_1145'>
				<Appearance USE='Material_16_IDX_16'/>
				<IndexedFaceSet solid="false" coordIndex='0 1 2 3 -1'>
					<Coordinate point='0.190610 0.701774 0.082706 0.157042 0.711990 0.076432 0.165792 0.822265 0.165200 0.209655 0.804173 0.178761'/>
				</IndexedFaceSet>
			</Shape>
			<Shape DEF='_IDX_1146'>
				<Appearance USE='Material_15_IDX_15'/>
				<IndexedFaceSet solid="false" coordIndex='0 1 2 3 -1'>
					<Coordinate point='0.161709 0.588094 0.033238 0.134795 0.595216 0.030716 0.157042 0.711990 0.076432 0.190610 0.701774 0.082706'/>
				</IndexedFaceSet>
			</Shape>
			<Shape DEF='_IDX_1147'>
				<Appearance USE='Material_14_IDX_14'/>
				<IndexedFaceSet solid="false" coordIndex='0 1 2 3 -1'>
					<Coordinate point='0.129946 0.471137 0.010891 0.108628 0.476555 0.010065 0.134795 0.595216 0.030716 0.161709 0.588094 0.033238'/>
				</IndexedFaceSet>
			</Shape>
			<Shape DEF='_IDX_1148'>
				<Appearance USE='Material_13_IDX_13'/>
				<IndexedFaceSet solid="false" coordIndex='0 1 2 3 -1'>
					<Coordinate point='0.097538 0.353443 0.002585 0.081579 0.357468 0.002389 0.108628 0.476555 0.010065 0.129946 0.471137 0.010891'/>
				</IndexedFaceSet>
			</Shape>
			<Shape DEF='_IDX_1149'>
				<Appearance USE='Material_12_IDX_12'/>
				<IndexedFaceSet solid="false" coordIndex='0 1 2 3 -1'>
					<Coordinate point='0.065031 0.235635 0.000340 0.054394 0.238316 0.000315 0.081579 0.357468 0.002389 0.097538 0.353443 0.002585'/>
				</IndexedFaceSet>
			</Shape>
			<Shape DEF='_IDX_1150'>
				<Appearance USE='Material_11_IDX_11'/>
				<IndexedFaceSet solid="false" coordIndex='0 1 2 3 -1'>
					<Coordinate point='0.032516 0.117818 0.000011 0.027197 0.119158 0.000010 0.054394 0.238316 0.000315 0.065031 0.235635 0.000340'/>
				</IndexedFaceSet>
			</Shape>
			<Shape DEF='_IDX_1151'>
				<Appearance USE='Material_10_IDX_10'/>
				<IndexedFaceSet solid="false" coordIndex='0 1 2 3 -1'>
					<Coordinate point='0.000000 0.000000 0.000000 0.000000 0.000000 0.000000 0.027197 0.119158 0.000010 0.032516 0.117818 0.000011'/>
				</IndexedFaceSet>
			</Shape>
			<Shape DEF='_IDX_1152'>
				<Appearance USE='Material_127_IDX_127'/>
				<IndexedFaceSet solid="false" coordIndex='0 1 2 3 -1'>
					<Coordinate point='0.135799 0.913881 0.322085 0.083915 0.957992 0.279495 -0.065318 1.070568 0.503659 0.008724 0.958746 0.580408'/>
				</IndexedFaceSet>
			</Shape>
			<Shape DEF='_IDX_1153'>
				<Appearance USE='Material_26_IDX_26'/>
				<IndexedFaceSet solid="false" coordIndex='0 1 2 3 -1'>
					<Coordinate point='0.165792 0.822265 0.165200 0.125504 0.840582 0.143355 0.083915 0.957992 0.279495 0.135799 0.913881 0.322085'/>
				</IndexedFaceSet>
			</Shape>
			<Shape DEF='_IDX_1154'>
				<Appearance USE='Material_25_IDX_25'/>
				<IndexedFaceSet solid="false" coordIndex='0 1 2 3 -1'>
					<Coordinate point='0.157042 0.711990 0.076432 0.124134 0.721243 0.066325 0.125504 0.840582 0.143355 0.165792 0.822265 0.165200'/>
				</IndexedFaceSet>
			</Shape>
			<Shape DEF='_IDX_1155'>
				<Appearance USE='Material_24_IDX_24'/>
				<IndexedFaceSet solid="false" coordIndex='0 1 2 3 -1'>
					<Coordinate point='0.134795 0.595216 0.030716 0.107799 0.601231 0.026655 0.124134 0.721243 0.066325 0.157042 0.711990 0.076432'/>
				</IndexedFaceSet>
			</Shape>
			<Shape DEF='_IDX_1156'>
				<Appearance USE='Material_23_IDX_23'/>
				<IndexedFaceSet solid="false" coordIndex='0 1 2 3 -1'>
					<Coordinate point='0.108628 0.476555 0.010065 0.087117 0.481024 0.008734 0.107799 0.601231 0.026655 0.134795 0.595216 0.030716'/>
				</IndexedFaceSet>
			</Shape>
			<Shape DEF='_IDX_1157'>
				<Appearance USE='Material_22_IDX_22'/>
				<IndexedFaceSet solid="false" coordIndex='0 1 2 3 -1'>
					<Coordinate point='0.081579 0.357468 0.002389 0.065458 0.360774 0.002073 0.087117 0.481024 0.008734 0.108628 0.476555 0.010065'/>
				</IndexedFaceSet>
			</Shape>
			<Shape DEF='_IDX_1158'>
				<Appearance USE='Material_21_IDX_21'/>
				<IndexedFaceSet solid="false" coordIndex='0 1 2 3 -1'>
					<Coordinate point='0.054394 0.238316 0.000315 0.043647 0.240516 0.000273 0.065458 0.360774 0.002073 0.081579 0.357468 0.002389'/>
				</IndexedFaceSet>
			</Shape>
			<Shape DEF='_IDX_1159'>
				<Appearance USE='Material_20_IDX_20'/>
				<IndexedFaceSet solid="false" coordIndex='0 1 2 3 -1'>
					<Coordinate point='0.027197 0.119158 0.000010 0.021824 0.120258 0.000009 0.043647 0.240516 0.000273 0.054394 0.238316 0.000315'/>
				</IndexedFaceSet>
			</Shape>
			<Shape DEF='_IDX_1160'>
				<Appearance USE='Material_19_IDX_19'/>
				<IndexedFaceSet solid="false" coordIndex='0 1 2 3 -1'>
					<Coordinate point='0.000000 0.000000 0.000000 0.000000 0.000000 0.000000 0.021824 0.120258 0.000009 0.027197 0.119158 0.000010'/>
				</IndexedFaceSet>
			</Shape>
			<Shape DEF='_IDX_1161'>
				<Appearance USE='Material_36_IDX_36'/>
				<IndexedFaceSet solid="false" coordIndex='0 1 2 3 -1'>
					<Coordinate point='0.083915 0.957992 0.279495 0.046273 1.000821 0.222890 -0.097631 1.182103 0.401655 -0.065318 1.070568 0.503659'/>
				</IndexedFaceSet>
			</Shape>
			<Shape DEF='_IDX_1162'>
				<Appearance USE='Material_35_IDX_35'/>
				<IndexedFaceSet solid="false" coordIndex='0 1 2 3 -1'>
					<Coordinate point='0.125504 0.840582 0.143355 0.089295 0.857401 0.114322 0.046273 1.000821 0.222890 0.083915 0.957992 0.279495'/>
				</IndexedFaceSet>
			</Shape>
			<Shape DEF='_IDX_1163'>
				<Appearance USE='Material_34_IDX_34'/>
				<IndexedFaceSet solid="false" coordIndex='0 1 2 3 -1'>
					<Coordinate point='0.124134 0.721243 0.066325 0.092057 0.729091 0.052893 0.089295 0.857401 0.114322 0.125504 0.840582 0.143355'/>
				</IndexedFaceSet>
			</Shape>
			<Shape DEF='_IDX_1164'>
				<Appearance USE='Material_33_IDX_33'/>
				<IndexedFaceSet solid="false" coordIndex='0 1 2 3 -1'>
					<Coordinate point='0.107799 0.601231 0.026655 0.080795 0.606045 0.021256 0.092057 0.729091 0.052893 0.124134 0.721243 0.066325'/>
				</IndexedFaceSet>
			</Shape>
			<Shape DEF='_IDX_1165'>
				<Appearance USE='Material_32_IDX_32'/>
				<IndexedFaceSet solid="false" coordIndex='0 1 2 3 -1'>
					<Coordinate point='0.087117 0.481024 0.008734 0.065459 0.484527 0.006965 0.080795 0.606045 0.021256 0.107799 0.601231 0.026655'/>
				</IndexedFaceSet>
			</Shape>
			<Shape DEF='_IDX_1166'>
				<Appearance USE='Material_31_IDX_31'/>
				<IndexedFaceSet solid="false" coordIndex='0 1 2 3 -1'>
					<Coordinate point='0.065458 0.360774 0.002073 0.049206 0.363353 0.001653 0.065459 0.484527 0.006965 0.087117 0.481024 0.008734'/>
				</IndexedFaceSet>
			</Shape>
			<Shape DEF='_IDX_1167'>
				<Appearance USE='Material_30_IDX_30'/>
				<IndexedFaceSet solid="false" coordIndex='0 1 2 3 -1'>
					<Coordinate point='0.043647 0.240516 0.000273 0.032812 0.242232 0.000218 0.049206 0.363353 0.001653 0.065458 0.360774 0.002073'/>
				</IndexedFaceSet>
			</Shape>
			<Shape DEF='_IDX_1168'>
				<Appearance USE='Material_29_IDX_29'/>
				<IndexedFaceSet solid="false" coordIndex='0 1 2 3 -1'>
					<Coordinate point='0.021824 0.120258 0.000009 0.016406 0.121116 0.000007 0.032812 0.242232 0.000218 0.043647 0.240516 0.000273'/>
				</IndexedFaceSet>
			</Shape>
			<Shape DEF='_IDX_1169'>
				<Appearance USE='Material_28_IDX_28'/>
				<IndexedFaceSet solid="false" coordIndex='0 1 2 3 -1'>
					<Coordinate point='0.000000 0.000000 0.000000 0.000000 0.000000 0.000000 0.016406 0.121116 0.000007 0.021824 0.120258 0.000009'/>
				</IndexedFaceSet>
			</Shape>
			<Shape DEF='_IDX_1170'>
				<Appearance USE='Material_45_IDX_45'/>
				<IndexedFaceSet solid="false" coordIndex='0 1 2 3 -1'>
					<Coordinate point='0.046273 1.000821 0.222890 0.022043 1.036566 0.155108 -0.090765 1.276626 0.279510 -0.097631 1.182103 0.401655'/>
				</IndexedFaceSet>
			</Shape>
			<Shape DEF='_IDX_1171'>
				<Appearance USE='Material_44_IDX_44'/>
				<IndexedFaceSet solid="false" coordIndex='0 1 2 3 -1'>
					<Coordinate point='0.089295 0.857401 0.114322 0.056967 0.870970 0.079556 0.022043 1.036566 0.155108 0.046273 1.000821 0.222890'/>
				</IndexedFaceSet>
			</Shape>
			<Shape DEF='_IDX_1172'>
				<Appearance USE='Material_43_IDX_43'/>
				<IndexedFaceSet solid="false" coordIndex='0 1 2 3 -1'>
					<Coordinate point='0.092057 0.729091 0.052893 0.060810 0.735091 0.036808 0.056967 0.870970 0.079556 0.089295 0.857401 0.114322'/>
				</IndexedFaceSet>
			</Shape>
			<Shape DEF='_IDX_1173'>
				<Appearance USE='Material_42_IDX_42'/>
				<IndexedFaceSet solid="false" coordIndex='0 1 2 3 -1'>
					<Coordinate point='0.080795 0.606045 0.021256 0.053825 0.609564 0.014792 0.060810 0.735091 0.036808 0.092057 0.729091 0.052893'/>
				</IndexedFaceSet>
			</Shape>
			<Shape DEF='_IDX_1174'>
				<Appearance USE='Material_41_IDX_41'/>
				<IndexedFaceSet solid="false" coordIndex='0 1 2 3 -1'>
					<Coordinate point='0.065459 0.484527 0.006965 0.043696 0.487043 0.004847 0.053825 0.609564 0.014792 0.080795 0.606045 0.021256'/>
				</IndexedFaceSet>
			</Shape>
			<Shape DEF='_IDX_1175'>
				<Appearance USE='Material_40_IDX_40'/>
				<IndexedFaceSet solid="false" coordIndex='0 1 2 3 -1'>
					<Coordinate point='0.049206 0.363353 0.001653 0.032858 0.365200 0.001150 0.043696 0.487043 0.004847 0.065459 0.484527 0.006965'/>
				</IndexedFaceSet>
			</Shape>
			<Shape DEF='_IDX_1176'>
				<Appearance USE='Material_39_IDX_39'/>
				<IndexedFaceSet solid="false" coordIndex='0 1 2 3 -1'>
					<Coordinate point='0.032812 0.242232 0.000218 0.021912 0.243461 0.000151 0.032858 0.365200 0.001150 0.049206 0.363353 0.001653'/>
				</IndexedFaceSet>
			</Shape>
			<Shape DEF='_IDX_1177'>
				<Appearance USE='Material_38_IDX_38'/>
				<IndexedFaceSet solid="false" coordIndex='0 1 2 3 -1'>
					<Coordinate point='0.016406 0.121116 0.000007 0.010956 0.121730 0.000005 0.021912 0.243461 0.000151 0.032812 0.242232 0.000218'/>
				</IndexedFaceSet>
			</Shape>
			<Shape DEF='_IDX_1178'>
				<Appearance USE='Material_37_IDX_37'/>
				<IndexedFaceSet solid="false" coordIndex='0 1 2 3 -1'>
					<Coordinate point='0.000000 0.000000 0.000000 0.000000 0.000000 0.000000 0.010956 0.121730 0.000005 0.016406 0.121116 0.000007'/>
				</IndexedFaceSet>
			</Shape>
			<Shape DEF='_IDX_1179'>
				<Appearance USE='Material_54_IDX_54'/>
				<IndexedFaceSet solid="false" coordIndex='0 1 2 3 -1'>
					<Coordinate point='0.022043 1.036566 0.155108 0.008195 1.060254 0.079548 -0.053619 1.339803 0.143349 -0.090765 1.276626 0.279510'/>
				</IndexedFaceSet>
			</Shape>
			<Shape DEF='_IDX_1180'>
				<Appearance USE='Material_53_IDX_53'/>
				<IndexedFaceSet solid="false" coordIndex='0 1 2 3 -1'>
					<Coordinate point='0.056967 0.870970 0.079556 0.027659 0.879787 0.040801 0.008195 1.060254 0.079548 0.022043 1.036566 0.155108'/>
				</IndexedFaceSet>
			</Shape>
			<Shape DEF='_IDX_1181'>
				<Appearance USE='Material_52_IDX_52'/>
				<IndexedFaceSet solid="false" coordIndex='0 1 2 3 -1'>
					<Coordinate point='0.060810 0.735091 0.036808 0.030222 0.738862 0.018877 0.027659 0.879787 0.040801 0.056967 0.870970 0.079556'/>
				</IndexedFaceSet>
			</Shape>
			<Shape DEF='_IDX_1182'>
				<Appearance USE='Material_51_IDX_51'/>
				<IndexedFaceSet solid="false" coordIndex='0 1 2 3 -1'>
					<Coordinate point='0.053825 0.609564 0.014792 0.026898 0.611710 0.007586 0.030222 0.738862 0.018877 0.060810 0.735091 0.036808'/>
				</IndexedFaceSet>
			</Shape>
			<Shape DEF='_IDX_1183'>
				<Appearance USE='Material_50_IDX_50'/>
				<IndexedFaceSet solid="false" coordIndex='0 1 2 3 -1'>
					<Coordinate point='0.043696 0.487043 0.004847 0.021864 0.488560 0.002486 0.026898 0.611710 0.007586 0.053825 0.609564 0.014792'/>
				</IndexedFaceSet>
			</Shape>
			<Shape DEF='_IDX_1184'>
				<Appearance USE='Material_49_IDX_49'/>
				<IndexedFaceSet solid="false" coordIndex='0 1 2 3 -1'>
					<Coordinate point='0.032858 0.365200 0.001150 0.016445 0.366310 0.000590 0.021864 0.488560 0.002486 0.043696 0.487043 0.004847'/>
				</IndexedFaceSet>
			</Shape>
			<Shape DEF='_IDX_1185'>
				<Appearance USE='Material_48_IDX_48'/>
				<IndexedFaceSet solid="false" coordIndex='0 1 2 3 -1'>
					<Coordinate point='0.021912 0.243461 0.000151 0.010967 0.244199 0.000078 0.016445 0.366310 0.000590 0.032858 0.365200 0.001150'/>
				</IndexedFaceSet>
			</Shape>
			<Shape DEF='_IDX_1186'>
				<Appearance USE='Material_47_IDX_47'/>
				<IndexedFaceSet solid="false" coordIndex='0 1 2 3 -1'>
					<Coordinate point='0.010956 0.121730 0.000005 0.005483 0.122099 0.000002 0.010967 0.244199 0.000078 0.021912 0.243461 0.000151'/>
				</IndexedFaceSet>
			</Shape>
			<Shape DEF='_IDX_1187'>
				<Appearance USE='Material_46_IDX_46'/>
				<IndexedFaceSet solid="false" coordIndex='0 1 2 3 -1'>
					<Coordinate point='0.000000 0.000000 0.000000 0.000000 0.000000 0.000000 0.005483 0.122099 0.000002 0.010956 0.121730 0.000005'/>
				</IndexedFaceSet>
			</Shape>
			<Shape DEF='_IDX_1188'>
				<Appearance USE='Material_63_IDX_63'/>
				<IndexedFaceSet solid="false" coordIndex='0 1 2 3 -1'>
					<Coordinate point='0.008195 1.060254 0.079548 0.000000 1.068543 0.000000 0.000000 1.361994 -0.000000 -0.053619 1.339803 0.143349'/>
				</IndexedFaceSet>
			</Shape>
			<Shape DEF='_IDX_1189'>
				<Appearance USE='Material_62_IDX_62'/>
				<IndexedFaceSet solid="false" coordIndex='0 1 2 3 -1'>
					<Coordinate point='0.027659 0.879787 0.040801 0.000000 0.882845 -0.000000 0.000000 1.068543 0.000000 0.008195 1.060254 0.079548'/>
				</IndexedFaceSet>
			</Shape>
			<Shape DEF='_IDX_1190'>
				<Appearance USE='Material_61_IDX_61'/>
				<IndexedFaceSet solid="false" coordIndex='0 1 2 3 -1'>
					<Coordinate point='0.030222 0.738862 0.018877 0.000000 0.740148 0.000000 0.000000 0.882845 -0.000000 0.027659 0.879787 0.040801'/>
				</IndexedFaceSet>
			</Shape>
			<Shape DEF='_IDX_1191'>
				<Appearance USE='Material_60_IDX_60'/>
				<IndexedFaceSet solid="false" coordIndex='0 1 2 3 -1'>
					<Coordinate point='0.026898 0.611710 0.007586 0.000000 0.612432 -0.000000 0.000000 0.740148 0.000000 0.030222 0.738862 0.018877'/>
				</IndexedFaceSet>
			</Shape>
			<Shape DEF='_IDX_1192'>
				<Appearance USE='Material_59_IDX_59'/>
				<IndexedFaceSet solid="false" coordIndex='0 1 2 3 -1'>
					<Coordinate point='0.021864 0.488560 0.002486 0.000000 0.489066 0.000000 0.000000 0.612432 -0.000000 0.026898 0.611710 0.007586'/>
				</IndexedFaceSet>
			</Shape>
			<Shape DEF='_IDX_1193'>
				<Appearance USE='Material_58_IDX_58'/>
				<IndexedFaceSet solid="false" coordIndex='0 1 2 3 -1'>
					<Coordinate point='0.016445 0.366310 0.000590 0.000000 0.366680 0.000000 0.000000 0.489066 0.000000 0.021864 0.488560 0.002486'/>
				</IndexedFaceSet>
			</Shape>
			<Shape DEF='_IDX_1194'>
				<Appearance USE='Material_57_IDX_57'/>
				<IndexedFaceSet solid="false" coordIndex='0 1 2 3 -1'>
					<Coordinate point='0.010967 0.244199 0.000078 0.000000 0.244445 0.000000 0.000000 0.366680 0.000000 0.016445 0.366310 0.000590'/>
				</IndexedFaceSet>
			</Shape>
			<Shape DEF='_IDX_1195'>
				<Appearance USE='Material_56_IDX_56'/>
				<IndexedFaceSet solid="false" coordIndex='0 1 2 3 -1'>
					<Coordinate point='0.005483 0.122099 0.000002 -0.000000 0.122222 0.000000 0.000000 0.244445 0.000000 0.010967 0.244199 0.000078'/>
				</IndexedFaceSet>
			</Shape>
			<Shape DEF='_IDX_1196'>
				<Appearance USE='Material_55_IDX_55'/>
				<IndexedFaceSet solid="false" coordIndex='0 1 2 3 -1'>
					<Coordinate point='0.000000 0.000000 0.000000 0.000000 0.000000 0.000000 -0.000000 0.122222 0.000000 0.005483 0.122099 0.000002'/>
				</IndexedFaceSet>
			</Shape>
			<Shape DEF='_IDX_1197'>
				<Appearance USE='Material_72_IDX_72'/>
				<IndexedFaceSet solid="false" coordIndex='0 1 2 3 -1'>
					<Coordinate point='-0.037769 0.116240 -0.000011 -0.032516 0.117818 -0.000011 0.000000 0.000000 0.000000 0.000000 0.000000 0.000000'/>
				</IndexedFaceSet>
			</Shape>
			<Shape DEF='_IDX_1198'>
				<Appearance USE='Material_71_IDX_71'/>
				<IndexedFaceSet solid="false" coordIndex='0 1 2 3 -1'>
					<Coordinate point='-0.075537 0.232480 -0.000349 -0.065031 0.235635 -0.000340 -0.032516 0.117818 -0.000011 -0.037769 0.116240 -0.000011'/>
				</IndexedFaceSet>
			</Shape>
			<Shape DEF='_IDX_1199'>
				<Appearance USE='Material_70_IDX_70'/>
				<IndexedFaceSet solid="false" coordIndex='0 1 2 3 -1'>
					<Coordinate point='-0.113302 0.348708 -0.002651 -0.097538 0.353443 -0.002585 -0.065031 0.235635 -0.000340 -0.075537 0.232480 -0.000349'/>
				</IndexedFaceSet>
			</Shape>
			<Shape DEF='_IDX_1200'>
				<Appearance USE='Material_69_IDX_69'/>
				<IndexedFaceSet solid="false" coordIndex='0 1 2 3 -1'>
					<Coordinate point='-0.151020 0.464792 -0.011171 -0.129946 0.471137 -0.010891 -0.097538 0.353443 -0.002585 -0.113302 0.348708 -0.002651'/>
				</IndexedFaceSet>
			</Shape>
			<Shape DEF='_IDX_1201'>
				<Appearance USE='Material_68_IDX_68'/>
				<IndexedFaceSet solid="false" coordIndex='0 1 2 3 -1'>
					<Coordinate point='-0.188436 0.579945 -0.034093 -0.161709 0.588094 -0.033238 -0.129946 0.471137 -0.010891 -0.151020 0.464792 -0.011171'/>
				</IndexedFaceSet>
			</Shape>
			<Shape DEF='_IDX_1202'>
				<Appearance USE='Material_67_IDX_67'/>
				<IndexedFaceSet solid="false" coordIndex='0 1 2 3 -1'>
					<Coordinate point='-0.224506 0.690960 -0.084833 -0.190610 0.701774 -0.082706 -0.161709 0.588094 -0.033238 -0.188436 0.579945 -0.034093'/>
				</IndexedFaceSet>
			</Shape>
			<Shape DEF='_IDX_1203'>
				<Appearance USE='Material_66_IDX_66'/>
				<IndexedFaceSet solid="false" coordIndex='0 1 2 3 -1'>
					<Coordinate point='-0.255948 0.787728 -0.183359 -0.209655 0.804173 -0.178761 -0.190610 0.701774 -0.082706 -0.224506 0.690960 -0.084833'/>
				</IndexedFaceSet>
			</Shape>
			<Shape DEF='_IDX_1204'>
				<Appearance USE='Material_65_IDX_65'/>
				<IndexedFaceSet solid="false" coordIndex='0 1 2 3 -1'>
					<Coordinate point='-0.274102 0.843599 -0.357487 -0.200407 0.874189 -0.348525 -0.209655 0.804173 -0.178761 -0.255948 0.787728 -0.183359'/>
				</IndexedFaceSet>
			</Shape>
			<Shape DEF='_IDX_1205'>
				<Appearance USE='Material_128_IDX_128'/>
				<IndexedFaceSet solid="false" coordIndex='0 1 2 3 -1'>
					<Coordinate point='-0.258958 0.796991 -0.644204 -0.120264 0.863059 -0.628052 -0.200407 0.874189 -0.348525 -0.274102 0.843599 -0.357487'/>
				</IndexedFaceSet>
			</Shape>
			<Shape DEF='_IDX_1206'>
				<Appearance USE='Material_81_IDX_81'/>
				<IndexedFaceSet solid="false" coordIndex='0 1 2 3 -1'>
					<Coordinate point='-0.032516 0.117818 -0.000011 -0.027197 0.119158 -0.000010 0.000000 0.000000 0.000000 0.000000 0.000000 0.000000'/>
				</IndexedFaceSet>
			</Shape>
			<Shape DEF='_IDX_1207'>
				<Appearance USE='Material_80_IDX_80'/>
				<IndexedFaceSet solid="false" coordIndex='0 1 2 3 -1'>
					<Coordinate point='-0.065031 0.235635 -0.000340 -0.054394 0.238316 -0.000315 -0.027197 0.119158 -0.000010 -0.032516 0.117818 -0.000011'/>
				</IndexedFaceSet>
			</Shape>
			<Shape DEF='_IDX_1208'>
				<Appearance USE='Material_79_IDX_79'/>
				<IndexedFaceSet solid="false" coordIndex='0 1 2 3 -1'>
					<Coordinate point='-0.097538 0.353443 -0.002585 -0.081579 0.357468 -0.002389 -0.054394 0.238316 -0.000315 -0.065031 0.235635 -0.000340'/>
				</IndexedFaceSet>
			</Shape>
			<Shape DEF='_IDX_1209'>
				<Appearance USE='Material_78_IDX_78'/>
				<IndexedFaceSet solid="false" coordIndex='0 1 2 3 -1'>
					<Coordinate point='-0.129946 0.471137 -0.010891 -0.108628 0.476555 -0.010065 -0.081579 0.357468 -0.002389 -0.097538 0.353443 -0.002585'/>
				</IndexedFaceSet>
			</Shape>
			<Shape DEF='_IDX_1210'>
				<Appearance USE='Material_77_IDX_77'/>
				<IndexedFaceSet solid="false" coordIndex='0 1 2 3 -1'>
					<Coordinate point='-0.161709 0.588094 -0.033238 -0.134795 0.595216 -0.030716 -0.108628 0.476555 -0.010065 -0.129946 0.471137 -0.010891'/>
				</IndexedFaceSet>
			</Shape>
			<Shape DEF='_IDX_1211'>
				<Appearance USE='Material_76_IDX_76'/>
				<IndexedFaceSet solid="false" coordIndex='0 1 2 3 -1'>
					<Coordinate point='-0.190610 0.701774 -0.082706 -0.157042 0.711990 -0.076432 -0.134795 0.595216 -0.030716 -0.161709 0.588094 -0.033238'/>
				</IndexedFaceSet>
			</Shape>
			<Shape DEF='_IDX_1212'>
				<Appearance USE='Material_129_IDX_129'/>
				<IndexedFaceSet solid="false" coordIndex='0 1 2 3 -1'>
					<Coordinate point='-0.209655 0.804173 -0.178761 -0.165792 0.822265 -0.165200 -0.157042 0.711990 -0.076432 -0.190610 0.701774 -0.082706'/>
				</IndexedFaceSet>
			</Shape>
			<Shape DEF='_IDX_1213'>
				<Appearance USE='Material_74_IDX_74'/>
				<IndexedFaceSet solid="false" coordIndex='0 1 2 3 -1'>
					<Coordinate point='-0.200407 0.874189 -0.348525 -0.135799 0.913881 -0.322085 -0.165792 0.822265 -0.165200 -0.209655 0.804173 -0.178761'/>
				</IndexedFaceSet>
			</Shape>
			<Shape DEF='_IDX_1214'>
				<Appearance USE='Material_73_IDX_73'/>
				<IndexedFaceSet solid="false" coordIndex='0 1 2 3 -1'>
					<Coordinate point='-0.120264 0.863059 -0.628052 -0.008724 0.958746 -0.580408 -0.135799 0.913881 -0.322085 -0.200407 0.874189 -0.348525'/>
				</IndexedFaceSet>
			</Shape>
			<Shape DEF='_IDX_1215'>
				<Appearance USE='Material_90_IDX_90'/>
				<IndexedFaceSet solid="false" coordIndex='0 1 2 3 -1'>
					<Coordinate point='-0.027197 0.119158 -0.000010 -0.021824 0.120258 -0.000009 0.000000 0.000000 0.000000 0.000000 0.000000 0.000000'/>
				</IndexedFaceSet>
			</Shape>
			<Shape DEF='_IDX_1216'>
				<Appearance USE='Material_89_IDX_89'/>
				<IndexedFaceSet solid="false" coordIndex='0 1 2 3 -1'>
					<Coordinate point='-0.054394 0.238316 -0.000315 -0.043647 0.240516 -0.000273 -0.021824 0.120258 -0.000009 -0.027197 0.119158 -0.000010'/>
				</IndexedFaceSet>
			</Shape>
			<Shape DEF='_IDX_1217'>
				<Appearance USE='Material_88_IDX_88'/>
				<IndexedFaceSet solid="false" coordIndex='0 1 2 3 -1'>
					<Coordinate point='-0.081579 0.357468 -0.002389 -0.065458 0.360774 -0.002073 -0.043647 0.240516 -0.000273 -0.054394 0.238316 -0.000315'/>
				</IndexedFaceSet>
			</Shape>
			<Shape DEF='_IDX_1218'>
				<Appearance USE='Material_87_IDX_87'/>
				<IndexedFaceSet solid="false" coordIndex='0 1 2 3 -1'>
					<Coordinate point='-0.108628 0.476555 -0.010065 -0.087117 0.481024 -0.008734 -0.065458 0.360774 -0.002073 -0.081579 0.357468 -0.002389'/>
				</IndexedFaceSet>
			</Shape>
			<Shape DEF='_IDX_1219'>
				<Appearance USE='Material_86_IDX_86'/>
				<IndexedFaceSet solid="false" coordIndex='0 1 2 3 -1'>
					<Coordinate point='-0.134795 0.595216 -0.030716 -0.107799 0.601231 -0.026655 -0.087117 0.481024 -0.008734 -0.108628 0.476555 -0.010065'/>
				</IndexedFaceSet>
			</Shape>
			<Shape DEF='_IDX_1220'>
				<Appearance USE='Material_85_IDX_85'/>
				<IndexedFaceSet solid="false" coordIndex='0 1 2 3 -1'>
					<Coordinate point='-0.157042 0.711990 -0.076432 -0.124134 0.721243 -0.066325 -0.107799 0.601231 -0.026655 -0.134795 0.595216 -0.030716'/>
				</IndexedFaceSet>
			</Shape>
			<Shape DEF='_IDX_1221'>
				<Appearance USE='Material_84_IDX_84'/>
				<IndexedFaceSet solid="false" coordIndex='0 1 2 3 -1'>
					<Coordinate point='-0.165792 0.822265 -0.165200 -0.125504 0.840582 -0.143355 -0.124134 0.721243 -0.066325 -0.157042 0.711990 -0.076432'/>
				</IndexedFaceSet>
			</Shape>
			<Shape DEF='_IDX_1222'>
				<Appearance USE='Material_130_IDX_130'/>
				<IndexedFaceSet solid="false" coordIndex='0 1 2 3 -1'>
					<Coordinate point='-0.135799 0.913881 -0.322085 -0.083915 0.957992 -0.279495 -0.125504 0.840582 -0.143355 -0.165792 0.822265 -0.165200'/>
				</IndexedFaceSet>
			</Shape>
			<Shape DEF='_IDX_1223'>
				<Appearance USE='Material_82_IDX_82'/>
				<IndexedFaceSet solid="false" coordIndex='0 1 2 3 -1'>
					<Coordinate point='-0.008724 0.958746 -0.580408 0.065318 1.070568 -0.503659 -0.083915 0.957992 -0.279495 -0.135799 0.913881 -0.322085'/>
				</IndexedFaceSet>
			</Shape>
			<Shape DEF='_IDX_1224'>
				<Appearance USE='Material_99_IDX_99'/>
				<IndexedFaceSet solid="false" coordIndex='0 1 2 3 -1'>
					<Coordinate point='-0.021824 0.120258 -0.000009 -0.016406 0.121116 -0.000007 0.000000 0.000000 0.000000 0.000000 0.000000 0.000000'/>
				</IndexedFaceSet>
			</Shape>
			<Shape DEF='_IDX_1225'>
				<Appearance USE='Material_98_IDX_98'/>
				<IndexedFaceSet solid="false" coordIndex='0 1 2 3 -1'>
					<Coordinate point='-0.043647 0.240516 -0.000273 -0.032812 0.242232 -0.000218 -0.016406 0.121116 -0.000007 -0.021824 0.120258 -0.000009'/>
				</IndexedFaceSet>
			</Shape>
			<Shape DEF='_IDX_1226'>
				<Appearance USE='Material_97_IDX_97'/>
				<IndexedFaceSet solid="false" coordIndex='0 1 2 3 -1'>
					<Coordinate point='-0.065458 0.360774 -0.002073 -0.049206 0.363353 -0.001653 -0.032812 0.242232 -0.000218 -0.043647 0.240516 -0.000273'/>
				</IndexedFaceSet>
			</Shape>
			<Shape DEF='_IDX_1227'>
				<Appearance USE='Material_96_IDX_96'/>
				<IndexedFaceSet solid="false" coordIndex='0 1 2 3 -1'>
					<Coordinate point='-0.087117 0.481024 -0.008734 -0.065459 0.484527 -0.006965 -0.049206 0.363353 -0.001653 -0.065458 0.360774 -0.002073'/>
				</IndexedFaceSet>
			</Shape>
			<Shape DEF='_IDX_1228'>
				<Appearance USE='Material_95_IDX_95'/>
				<IndexedFaceSet solid="false" coordIndex='0 1 2 3 -1'>
					<Coordinate point='-0.107799 0.601231 -0.026655 -0.080795 0.606045 -0.021256 -0.065459 0.484527 -0.006965 -0.087117 0.481024 -0.008734'/>
				</IndexedFaceSet>
			</Shape>
			<Shape DEF='_IDX_1229'>
				<Appearance USE='Material_94_IDX_94'/>
				<IndexedFaceSet solid="false" coordIndex='0 1 2 3 -1'>
					<Coordinate point='-0.124134 0.721243 -0.066325 -0.092057 0.729091 -0.052893 -0.080795 0.606045 -0.021256 -0.107799 0.601231 -0.026655'/>
				</IndexedFaceSet>
			</Shape>
			<Shape DEF='_IDX_1230'>
				<Appearance USE='Material_93_IDX_93'/>
				<IndexedFaceSet solid="false" coordIndex='0 1 2 3 -1'>
					<Coordinate point='-0.125504 0.840582 -0.143355 -0.089295 0.857401 -0.114322 -0.092057 0.729091 -0.052893 -0.124134 0.721243 -0.066325'/>
				</IndexedFaceSet>
			</Shape>
			<Shape DEF='_IDX_1231'>
				<Appearance USE='Material_92_IDX_92'/>
				<IndexedFaceSet solid="false" coordIndex='0 1 2 3 -1'>
					<Coordinate point='-0.083915 0.957992 -0.279495 -0.046273 1.000821 -0.222890 -0.089295 0.857401 -0.114322 -0.125504 0.840582 -0.143355'/>
				</IndexedFaceSet>
			</Shape>
			<Shape DEF='_IDX_1232'>
				<Appearance USE='Material_131_IDX_131'/>
				<IndexedFaceSet solid="false" coordIndex='0 1 2 3 -1'>
					<Coordinate point='0.065318 1.070568 -0.503659 0.097631 1.182103 -0.401655 -0.046273 1.000821 -0.222890 -0.083915 0.957992 -0.279495'/>
				</IndexedFaceSet>
			</Shape>
			<Shape DEF='_IDX_1233'>
				<Appearance USE='Material_108_IDX_108'/>
				<IndexedFaceSet solid="false" coordIndex='0 1 2 3 -1'>
					<Coordinate point='-0.016406 0.121116 -0.000007 -0.010956 0.121730 -0.000005 0.000000 0.000000 0.000000 0.000000 0.000000 0.000000'/>
				</IndexedFaceSet>
			</Shape>
			<Shape DEF='_IDX_1234'>
				<Appearance USE='Material_107_IDX_107'/>
				<IndexedFaceSet solid="false" coordIndex='0 1 2 3 -1'>
					<Coordinate point='-0.032812 0.242232 -0.000218 -0.021912 0.243461 -0.000151 -0.010956 0.121730 -0.000005 -0.016406 0.121116 -0.000007'/>
				</IndexedFaceSet>
			</Shape>
			<Shape DEF='_IDX_1235'>
				<Appearance USE='Material_106_IDX_106'/>
				<IndexedFaceSet solid="false" coordIndex='0 1 2 3 -1'>
					<Coordinate point='-0.049206 0.363353 -0.001653 -0.032858 0.365200 -0.001150 -0.021912 0.243461 -0.000151 -0.032812 0.242232 -0.000218'/>
				</IndexedFaceSet>
			</Shape>
			<Shape DEF='_IDX_1236'>
				<Appearance USE='Material_105_IDX_105'/>
				<IndexedFaceSet solid="false" coordIndex='0 1 2 3 -1'>
					<Coordinate point='-0.065459 0.484527 -0.006965 -0.043696 0.487043 -0.004847 -0.032858 0.365200 -0.001150 -0.049206 0.363353 -0.001653'/>
				</IndexedFaceSet>
			</Shape>
			<Shape DEF='_IDX_1237'>
				<Appearance USE='Material_104_IDX_104'/>
				<IndexedFaceSet solid="false" coordIndex='0 1 2 3 -1'>
					<Coordinate point='-0.080795 0.606045 -0.021256 -0.053825 0.609564 -0.014792 -0.043696 0.487043 -0.004847 -0.065459 0.484527 -0.006965'/>
				</IndexedFaceSet>
			</Shape>
			<Shape DEF='_IDX_1238'>
				<Appearance USE='Material_103_IDX_103'/>
				<IndexedFaceSet solid="false" coordIndex='0 1 2 3 -1'>
					<Coordinate point='-0.092057 0.729091 -0.052893 -0.060810 0.735091 -0.036808 -0.053825 0.609564 -0.014792 -0.080795 0.606045 -0.021256'/>
				</IndexedFaceSet>
			</Shape>
			<Shape DEF='_IDX_1239'>
				<Appearance USE='Material_102_IDX_102'/>
				<IndexedFaceSet solid="false" coordIndex='0 1 2 3 -1'>
					<Coordinate point='-0.089295 0.857401 -0.114322 -0.056967 0.870970 -0.079556 -0.060810 0.735091 -0.036808 -0.092057 0.729091 -0.052893'/>
				</IndexedFaceSet>
			</Shape>
			<Shape DEF='_IDX_1240'>
				<Appearance USE='Material_101_IDX_101'/>
				<IndexedFaceSet solid="false" coordIndex='0 1 2 3 -1'>
					<Coordinate point='-0.046273 1.000821 -0.222890 -0.022043 1.036566 -0.155108 -0.056967 0.870970 -0.079556 -0.089295 0.857401 -0.114322'/>
				</IndexedFaceSet>
			</Shape>
			<Shape DEF='_IDX_1241'>
				<Appearance USE='Material_100_IDX_100'/>
				<IndexedFaceSet solid="false" coordIndex='0 1 2 3 -1'>
					<Coordinate point='0.097631 1.182103 -0.401655 0.090765 1.276626 -0.279510 -0.022043 1.036566 -0.155108 -0.046273 1.000821 -0.222890'/>
				</IndexedFaceSet>
			</Shape>
			<Shape DEF='_IDX_1242'>
				<Appearance USE='Material_117_IDX_117'/>
				<IndexedFaceSet solid="false" coordIndex='0 1 2 3 -1'>
					<Coordinate point='-0.010956 0.121730 -0.000005 -0.005483 0.122099 -0.000002 0.000000 0.000000 0.000000 0.000000 0.000000 0.000000'/>
				</IndexedFaceSet>
			</Shape>
			<Shape DEF='_IDX_1243'>
				<Appearance USE='Material_116_IDX_116'/>
				<IndexedFaceSet solid="false" coordIndex='0 1 2 3 -1'>
					<Coordinate point='-0.021912 0.243461 -0.000151 -0.010967 0.244199 -0.000078 -0.005483 0.122099 -0.000002 -0.010956 0.121730 -0.000005'/>
				</IndexedFaceSet>
			</Shape>
			<Shape DEF='_IDX_1244'>
				<Appearance USE='Material_115_IDX_115'/>
				<IndexedFaceSet solid="false" coordIndex='0 1 2 3 -1'>
					<Coordinate point='-0.032858 0.365200 -0.001150 -0.016445 0.366310 -0.000590 -0.010967 0.244199 -0.000078 -0.021912 0.243461 -0.000151'/>
				</IndexedFaceSet>
			</Shape>
			<Shape DEF='_IDX_1245'>
				<Appearance USE='Material_114_IDX_114'/>
				<IndexedFaceSet solid="false" coordIndex='0 1 2 3 -1'>
					<Coordinate point='-0.043696 0.487043 -0.004847 -0.021864 0.488560 -0.002486 -0.016445 0.366310 -0.000590 -0.032858 0.365200 -0.001150'/>
				</IndexedFaceSet>
			</Shape>
			<Shape DEF='_IDX_1246'>
				<Appearance USE='Material_113_IDX_113'/>
				<IndexedFaceSet solid="false" coordIndex='0 1 2 3 -1'>
					<Coordinate point='-0.053825 0.609564 -0.014792 -0.026898 0.611710 -0.007586 -0.021864 0.488560 -0.002486 -0.043696 0.487043 -0.004847'/>
				</IndexedFaceSet>
			</Shape>
			<Shape DEF='_IDX_1247'>
				<Appearance USE='Material_112_IDX_112'/>
				<IndexedFaceSet solid="false" coordIndex='0 1 2 3 -1'>
					<Coordinate point='-0.060810 0.735091 -0.036808 -0.030222 0.738862 -0.018877 -0.026898 0.611710 -0.007586 -0.053825 0.609564 -0.014792'/>
				</IndexedFaceSet>
			</Shape>
			<Shape DEF='_IDX_1248'>
				<Appearance USE='Material_111_IDX_111'/>
				<IndexedFaceSet solid="false" coordIndex='0 1 2 3 -1'>
					<Coordinate point='-0.056967 0.870970 -0.079556 -0.027659 0.879787 -0.040801 -0.030222 0.738862 -0.018877 -0.060810 0.735091 -0.036808'/>
				</IndexedFaceSet>
			</Shape>
			<Shape DEF='_IDX_1249'>
				<Appearance USE='Material_110_IDX_110'/>
				<IndexedFaceSet solid="false" coordIndex='0 1 2 3 -1'>
					<Coordinate point='-0.022043 1.036566 -0.155108 -0.008195 1.060254 -0.079548 -0.027659 0.879787 -0.040801 -0.056967 0.870970 -0.079556'/>
				</IndexedFaceSet>
			</Shape>
			<Shape DEF='_IDX_1250'>
				<Appearance USE='Material_109_IDX_109'/>
				<IndexedFaceSet solid="false" coordIndex='0 1 2 3 -1'>
					<Coordinate point='0.090765 1.276626 -0.279510 0.053619 1.339803 -0.143349 -0.008195 1.060254 -0.079548 -0.022043 1.036566 -0.155108'/>
				</IndexedFaceSet>
			</Shape>
			<Shape DEF='_IDX_1251'>
				<Appearance USE='Material_126_IDX_126'/>
				<IndexedFaceSet solid="false" coordIndex='0 1 2 3 -1'>
					<Coordinate point='-0.005483 0.122099 -0.000002 0.000000 0.122222 -0.000000 0.000000 0.000000 0.000000 0.000000 0.000000 0.000000'/>
				</IndexedFaceSet>
			</Shape>
			<Shape DEF='_IDX_1252'>
				<Appearance USE='Material_125_IDX_125'/>
				<IndexedFaceSet solid="false" coordIndex='0 1 2 3 -1'>
					<Coordinate point='-0.010967 0.244199 -0.000078 0.000000 0.244445 -0.000000 0.000000 0.122222 -0.000000 -0.005483 0.122099 -0.000002'/>
				</IndexedFaceSet>
			</Shape>
			<Shape DEF='_IDX_1253'>
				<Appearance USE='Material_124_IDX_124'/>
				<IndexedFaceSet solid="false" coordIndex='0 1 2 3 -1'>
					<Coordinate point='-0.016445 0.366310 -0.000590 0.000000 0.366680 -0.000000 0.000000 0.244445 -0.000000 -0.010967 0.244199 -0.000078'/>
				</IndexedFaceSet>
			</Shape>
			<Shape DEF='_IDX_1254'>
				<Appearance USE='Material_123_IDX_123'/>
				<IndexedFaceSet solid="false" coordIndex='0 1 2 3 -1'>
					<Coordinate point='-0.021864 0.488560 -0.002486 0.000000 0.489066 -0.000000 0.000000 0.366680 -0.000000 -0.016445 0.366310 -0.000590'/>
				</IndexedFaceSet>
			</Shape>
			<Shape DEF='_IDX_1255'>
				<Appearance USE='Material_122_IDX_122'/>
				<IndexedFaceSet solid="false" coordIndex='0 1 2 3 -1'>
					<Coordinate point='-0.026898 0.611710 -0.007586 0.000000 0.612432 -0.000000 0.000000 0.489066 -0.000000 -0.021864 0.488560 -0.002486'/>
				</IndexedFaceSet>
			</Shape>
			<Shape DEF='_IDX_1256'>
				<Appearance USE='Material_121_IDX_121'/>
				<IndexedFaceSet solid="false" coordIndex='0 1 2 3 -1'>
					<Coordinate point='-0.030222 0.738862 -0.018877 0.000000 0.740148 -0.000000 0.000000 0.612432 -0.000000 -0.026898 0.611710 -0.007586'/>
				</IndexedFaceSet>
			</Shape>
			<Shape DEF='_IDX_1257'>
				<Appearance USE='Material_120_IDX_120'/>
				<IndexedFaceSet solid="false" coordIndex='0 1 2 3 -1'>
					<Coordinate point='-0.027659 0.879787 -0.040801 0.000000 0.882845 -0.000000 0.000000 0.740148 -0.000000 -0.030222 0.738862 -0.018877'/>
				</IndexedFaceSet>
			</Shape>
			<Shape DEF='_IDX_1258'>
				<Appearance USE='Material_119_IDX_119'/>
				<IndexedFaceSet solid="false" coordIndex='0 1 2 3 -1'>
					<Coordinate point='-0.008195 1.060254 -0.079548 0.000000 1.068543 -0.000000 0.000000 0.882845 -0.000000 -0.027659 0.879787 -0.040801'/>
				</IndexedFaceSet>
			</Shape>
			<Shape DEF='_IDX_1259'>
				<Appearance USE='Material_118_IDX_118'/>
				<IndexedFaceSet solid="false" coordIndex='0 1 2 3 -1'>
					<Coordinate point='0.053619 1.339803 -0.143349 0.000000 1.361994 -0.000000 0.000000 1.068543 -0.000000 -0.008195 1.060254 -0.079548'/>
				</IndexedFaceSet>
			</Shape>
			<Shape DEF='_IDX_1260'>
				<Appearance USE='Material_1_IDX_1'/>
				<IndexedFaceSet solid="false" coordIndex='0 1 2 3 -1'>
					<Coordinate point='0.122222 0.000000 0.000011 0.122099 -0.005483 0.000011 0.000000 0.000000 0.000000 0.000000 0.000000 0.000000'/>
				</IndexedFaceSet>
			</Shape>
			<Shape DEF='_IDX_1261'>
				<Appearance USE='Material_2_IDX_2'/>
				<IndexedFaceSet solid="false" coordIndex='0 1 2 3 -1'>
					<Coordinate point='0.244444 0.000000 0.000349 0.244198 -0.010967 0.000340 0.122099 -0.005483 0.000011 0.122222 0.000000 0.000011'/>
				</IndexedFaceSet>
			</Shape>
			<Shape DEF='_IDX_1262'>
				<Appearance USE='Material_3_IDX_3'/>
				<IndexedFaceSet solid="false" coordIndex='0 1 2 3 -1'>
					<Coordinate point='0.366653 0.000000 0.002651 0.366285 -0.016456 0.002585 0.244198 -0.010967 0.000340 0.244444 0.000000 0.000349'/>
				</IndexedFaceSet>
			</Shape>
			<Shape DEF='_IDX_1263'>
				<Appearance USE='Material_4_IDX_4'/>
				<IndexedFaceSet solid="false" coordIndex='0 1 2 3 -1'>
					<Coordinate point='0.488712 0.000000 0.011171 0.488234 -0.022004 0.010891 0.366285 -0.016456 0.002585 0.366653 0.000000 0.002651'/>
				</IndexedFaceSet>
			</Shape>
			<Shape DEF='_IDX_1264'>
				<Appearance USE='Material_5_IDX_5'/>
				<IndexedFaceSet solid="false" coordIndex='0 1 2 3 -1'>
					<Coordinate point='0.609790 0.000000 0.034093 0.609281 -0.027937 0.033238 0.488234 -0.022004 0.010891 0.488712 0.000000 0.011171'/>
				</IndexedFaceSet>
			</Shape>
			<Shape DEF='_IDX_1265'>
				<Appearance USE='Material_6_IDX_6'/>
				<IndexedFaceSet solid="false" coordIndex='0 1 2 3 -1'>
					<Coordinate point='0.726518 0.000000 0.084833 0.726328 -0.035579 0.082706 0.609281 -0.027937 0.033238 0.609790 0.000000 0.034093'/>
				</IndexedFaceSet>
			</Shape>
			<Shape DEF='_IDX_1266'>
				<Appearance USE='Material_7_IDX_7'/>
				<IndexedFaceSet solid="false" coordIndex='0 1 2 3 -1'>
					<Coordinate point='0.828266 0.000000 0.183359 0.829601 -0.049110 0.178761 0.726328 -0.035579 0.082706 0.726518 0.000000 0.084833'/>
				</IndexedFaceSet>
			</Shape>
			<Shape DEF='_IDX_1267'>
				<Appearance USE='Material_8_IDX_8'/>
				<IndexedFaceSet solid="false" coordIndex='0 1 2 3 -1'>
					<Coordinate point='0.887013 0.000000 0.357487 0.893332 -0.079541 0.348525 0.829601 -0.049110 0.178761 0.828266 0.000000 0.183359'/>
				</IndexedFaceSet>
			</Shape>
			<Shape DEF='_IDX_1268'>
				<Appearance USE='Material_9_IDX_9'/>
				<IndexedFaceSet solid="false" coordIndex='0 1 2 3 -1'>
					<Coordinate point='0.838006 0.000000 0.644204 0.857981 -0.152322 0.628052 0.893332 -0.079541 0.348525 0.887013 0.000000 0.357487'/>
				</IndexedFaceSet>
			</Shape>
			<Shape DEF='_IDX_1269'>
				<Appearance USE='Material_10_IDX_10'/>
				<IndexedFaceSet solid="false" coordIndex='0 1 2 3 -1'>
					<Coordinate point='0.122099 -0.005483 0.000011 0.121730 -0.010956 0.000010 0.000000 0.000000 0.000000 0.000000 0.000000 0.000000'/>
				</IndexedFaceSet>
			</Shape>
			<Shape DEF='_IDX_1270'>
				<Appearance USE='Material_11_IDX_11'/>
				<IndexedFaceSet solid="false" coordIndex='0 1 2 3 -1'>
					<Coordinate point='0.244198 -0.010967 0.000340 0.243460 -0.021912 0.000315 0.121730 -0.010956 0.000010 0.122099 -0.005483 0.000011'/>
				</IndexedFaceSet>
			</Shape>
			<Shape DEF='_IDX_1271'>
				<Appearance USE='Material_12_IDX_12'/>
				<IndexedFaceSet solid="false" coordIndex='0 1 2 3 -1'>
					<Coordinate point='0.366285 -0.016456 0.002585 0.365181 -0.032877 0.002389 0.243460 -0.021912 0.000315 0.244198 -0.010967 0.000340'/>
				</IndexedFaceSet>
			</Shape>
			<Shape DEF='_IDX_1272'>
				<Appearance USE='Material_13_IDX_13'/>
				<IndexedFaceSet solid="false" coordIndex='0 1 2 3 -1'>
					<Coordinate point='0.488234 -0.022004 0.010891 0.486798 -0.043952 0.010065 0.365181 -0.032877 0.002389 0.366285 -0.016456 0.002585'/>
				</IndexedFaceSet>
			</Shape>
			<Shape DEF='_IDX_1273'>
				<Appearance USE='Material_14_IDX_14'/>
				<IndexedFaceSet solid="false" coordIndex='0 1 2 3 -1'>
					<Coordinate point='0.609281 -0.027937 0.033238 0.607738 -0.055734 0.030716 0.486798 -0.043952 0.010065 0.488234 -0.022004 0.010891'/>
				</IndexedFaceSet>
			</Shape>
			<Shape DEF='_IDX_1274'>
				<Appearance USE='Material_15_IDX_15'/>
				<IndexedFaceSet solid="false" coordIndex='0 1 2 3 -1'>
					<Coordinate point='0.726328 -0.035579 0.082706 0.725672 -0.070661 0.076432 0.607738 -0.055734 0.030716 0.609281 -0.027937 0.033238'/>
				</IndexedFaceSet>
			</Shape>
			<Shape DEF='_IDX_1275'>
				<Appearance USE='Material_16_IDX_16'/>
				<IndexedFaceSet solid="false" coordIndex='0 1 2 3 -1'>
					<Coordinate point='0.829601 -0.049110 0.178761 0.833253 -0.096416 0.165200 0.725672 -0.070661 0.076432 0.726328 -0.035579 0.082706'/>
				</IndexedFaceSet>
			</Shape>
			<Shape DEF='_IDX_1276'>
				<Appearance USE='Material_17_IDX_17'/>
				<IndexedFaceSet solid="false" coordIndex='0 1 2 3 -1'>
					<Coordinate point='0.893332 -0.079541 0.348525 0.911117 -0.153252 0.322085 0.833253 -0.096416 0.165200 0.829601 -0.049110 0.178761'/>
				</IndexedFaceSet>
			</Shape>
			<Shape DEF='_IDX_1277'>
				<Appearance USE='Material_18_IDX_18'/>
				<IndexedFaceSet solid="false" coordIndex='0 1 2 3 -1'>
					<Coordinate point='0.857981 -0.152322 0.628052 0.914517 -0.287971 0.580408 0.911117 -0.153252 0.322085 0.893332 -0.079541 0.348525'/>
				</IndexedFaceSet>
			</Shape>
			<Shape DEF='_IDX_1278'>
				<Appearance USE='Material_19_IDX_19'/>
				<IndexedFaceSet solid="false" coordIndex='0 1 2 3 -1'>
					<Coordinate point='0.121730 -0.010956 0.000010 0.121116 -0.016406 0.000009 0.000000 0.000000 0.000000 0.000000 0.000000 0.000000'/>
				</IndexedFaceSet>
			</Shape>
			<Shape DEF='_IDX_1279'>
				<Appearance USE='Material_20_IDX_20'/>
				<IndexedFaceSet solid="false" coordIndex='0 1 2 3 -1'>
					<Coordinate point='0.243460 -0.021912 0.000315 0.242232 -0.032813 0.000273 0.121116 -0.016406 0.000009 0.121730 -0.010956 0.000010'/>
				</IndexedFaceSet>
			</Shape>
			<Shape DEF='_IDX_1280'>
				<Appearance USE='Material_21_IDX_21'/>
				<IndexedFaceSet solid="false" coordIndex='0 1 2 3 -1'>
					<Coordinate point='0.365181 -0.032877 0.002389 0.363344 -0.049231 0.002073 0.242232 -0.032813 0.000273 0.243460 -0.021912 0.000315'/>
				</IndexedFaceSet>
			</Shape>
			<Shape DEF='_IDX_1281'>
				<Appearance USE='Material_22_IDX_22'/>
				<IndexedFaceSet solid="false" coordIndex='0 1 2 3 -1'>
					<Coordinate point='0.486798 -0.043952 0.010065 0.484402 -0.065791 0.008734 0.363344 -0.049231 0.002073 0.365181 -0.032877 0.002389'/>
				</IndexedFaceSet>
			</Shape>
			<Shape DEF='_IDX_1282'>
				<Appearance USE='Material_23_IDX_23'/>
				<IndexedFaceSet solid="false" coordIndex='0 1 2 3 -1'>
					<Coordinate point='0.607738 -0.055734 0.030716 0.605116 -0.083268 0.026655 0.484402 -0.065791 0.008734 0.486798 -0.043952 0.010065'/>
				</IndexedFaceSet>
			</Shape>
			<Shape DEF='_IDX_1283'>
				<Appearance USE='Material_24_IDX_24'/>
				<IndexedFaceSet solid="false" coordIndex='0 1 2 3 -1'>
					<Coordinate point='0.725672 -0.070661 0.076432 0.724302 -0.104818 0.066325 0.605116 -0.083268 0.026655 0.607738 -0.055734 0.030716'/>
				</IndexedFaceSet>
			</Shape>
			<Shape DEF='_IDX_1284'>
				<Appearance USE='Material_25_IDX_25'/>
				<IndexedFaceSet solid="false" coordIndex='0 1 2 3 -1'>
					<Coordinate point='0.833253 -0.096416 0.165200 0.838224 -0.140393 0.143355 0.724302 -0.104818 0.066325 0.725672 -0.070661 0.076432'/>
				</IndexedFaceSet>
			</Shape>
			<Shape DEF='_IDX_1285'>
				<Appearance USE='Material_26_IDX_26'/>
				<IndexedFaceSet solid="false" coordIndex='0 1 2 3 -1'>
					<Coordinate point='0.911117 -0.153252 0.322085 0.937036 -0.216228 0.279495 0.838224 -0.140393 0.143355 0.833253 -0.096416 0.165200'/>
				</IndexedFaceSet>
			</Shape>
			<Shape DEF='_IDX_1286'>
				<Appearance USE='Material_27_IDX_27'/>
				<IndexedFaceSet solid="false" coordIndex='0 1 2 3 -1'>
					<Coordinate point='0.914517 -0.287971 0.580408 0.997987 -0.392945 0.503659 0.937036 -0.216228 0.279495 0.911117 -0.153252 0.322085'/>
				</IndexedFaceSet>
			</Shape>
			<Shape DEF='_IDX_1287'>
				<Appearance USE='Material_28_IDX_28'/>
				<IndexedFaceSet solid="false" coordIndex='0 1 2 3 -1'>
					<Coordinate point='0.121116 -0.016406 0.000009 0.120258 -0.021824 0.000007 0.000000 0.000000 0.000000 0.000000 0.000000 0.000000'/>
				</IndexedFaceSet>
			</Shape>
			<Shape DEF='_IDX_1288'>
				<Appearance USE='Material_29_IDX_29'/>
				<IndexedFaceSet solid="false" coordIndex='0 1 2 3 -1'>
					<Coordinate point='0.242232 -0.032813 0.000273 0.240516 -0.043648 0.000218 0.120258 -0.021824 0.000007 0.121116 -0.016406 0.000009'/>
				</IndexedFaceSet>
			</Shape>
			<Shape DEF='_IDX_1289'>
				<Appearance USE='Material_30_IDX_30'/>
				<IndexedFaceSet solid="false" coordIndex='0 1 2 3 -1'>
					<Coordinate point='0.363344 -0.049231 0.002073 0.360775 -0.065484 0.001653 0.240516 -0.043648 0.000218 0.242232 -0.032813 0.000273'/>
				</IndexedFaceSet>
			</Shape>
			<Shape DEF='_IDX_1290'>
				<Appearance USE='Material_31_IDX_31'/>
				<IndexedFaceSet solid="false" coordIndex='0 1 2 3 -1'>
					<Coordinate point='0.484402 -0.065791 0.008734 0.481040 -0.087472 0.006965 0.360775 -0.065484 0.001653 0.363344 -0.049231 0.002073'/>
				</IndexedFaceSet>
			</Shape>
			<Shape DEF='_IDX_1291'>
				<Appearance USE='Material_32_IDX_32'/>
				<IndexedFaceSet solid="false" coordIndex='0 1 2 3 -1'>
					<Coordinate point='0.605116 -0.083268 0.026655 0.601350 -0.110438 0.021256 0.481040 -0.087472 0.006965 0.484402 -0.065791 0.008734'/>
				</IndexedFaceSet>
			</Shape>
			<Shape DEF='_IDX_1292'>
				<Appearance USE='Material_33_IDX_33'/>
				<IndexedFaceSet solid="false" coordIndex='0 1 2 3 -1'>
					<Coordinate point='0.724302 -0.104818 0.066325 0.721854 -0.137750 0.052893 0.601350 -0.110438 0.021256 0.605116 -0.083268 0.026655'/>
				</IndexedFaceSet>
			</Shape>
			<Shape DEF='_IDX_1293'>
				<Appearance USE='Material_34_IDX_34'/>
				<IndexedFaceSet solid="false" coordIndex='0 1 2 3 -1'>
					<Coordinate point='0.838224 -0.140393 0.143355 0.843031 -0.180027 0.114322 0.721854 -0.137750 0.052893 0.724302 -0.104818 0.066325'/>
				</IndexedFaceSet>
			</Shape>
			<Shape DEF='_IDX_1294'>
				<Appearance USE='Material_35_IDX_35'/>
				<IndexedFaceSet solid="false" coordIndex='0 1 2 3 -1'>
					<Coordinate point='0.937036 -0.216228 0.279495 0.966137 -0.265263 0.222890 0.843031 -0.180027 0.114322 0.838224 -0.140393 0.143355'/>
				</IndexedFaceSet>
			</Shape>
			<Shape DEF='_IDX_1295'>
				<Appearance USE='Material_36_IDX_36'/>
				<IndexedFaceSet solid="false" coordIndex='0 1 2 3 -1'>
					<Coordinate point='0.997987 -0.392945 0.503659 1.094077 -0.458143 0.401655 0.966137 -0.265263 0.222890 0.937036 -0.216228 0.279495'/>
				</IndexedFaceSet>
			</Shape>
			<Shape DEF='_IDX_1296'>
				<Appearance USE='Material_37_IDX_37'/>
				<IndexedFaceSet solid="false" coordIndex='0 1 2 3 -1'>
					<Coordinate point='0.120258 -0.021824 0.000007 0.119158 -0.027197 0.000005 0.000000 0.000000 0.000000 0.000000 0.000000 0.000000'/>
				</IndexedFaceSet>
			</Shape>
			<Shape DEF='_IDX_1297'>
				<Appearance USE='Material_38_IDX_38'/>
				<IndexedFaceSet solid="false" coordIndex='0 1 2 3 -1'>
					<Coordinate point='0.240516 -0.043648 0.000218 0.238316 -0.054394 0.000151 0.119158 -0.027197 0.000005 0.120258 -0.021824 0.000007'/>
				</IndexedFaceSet>
			</Shape>
			<Shape DEF='_IDX_1298'>
				<Appearance USE='Material_39_IDX_39'/>
				<IndexedFaceSet solid="false" coordIndex='0 1 2 3 -1'>
					<Coordinate point='0.360775 -0.065484 0.001653 0.357479 -0.081603 0.001150 0.238316 -0.054394 0.000151 0.240516 -0.043648 0.000218'/>
				</IndexedFaceSet>
			</Shape>
			<Shape DEF='_IDX_1299'>
				<Appearance USE='Material_40_IDX_40'/>
				<IndexedFaceSet solid="false" coordIndex='0 1 2 3 -1'>
					<Coordinate point='0.481040 -0.087472 0.006965 0.476708 -0.108948 0.004847 0.357479 -0.081603 0.001150 0.360775 -0.065484 0.001653'/>
				</IndexedFaceSet>
			</Shape>
			<Shape DEF='_IDX_1300'>
				<Appearance USE='Material_41_IDX_41'/>
				<IndexedFaceSet solid="false" coordIndex='0 1 2 3 -1'>
					<Coordinate point='0.601350 -0.110438 0.021256 0.596362 -0.137175 0.014792 0.476708 -0.108948 0.004847 0.481040 -0.087472 0.006965'/>
				</IndexedFaceSet>
			</Shape>
			<Shape DEF='_IDX_1301'>
				<Appearance USE='Material_42_IDX_42'/>
				<IndexedFaceSet solid="false" coordIndex='0 1 2 3 -1'>
					<Coordinate point='0.721854 -0.137750 0.052893 0.717904 -0.169322 0.036808 0.596362 -0.137175 0.014792 0.601350 -0.110438 0.021256'/>
				</IndexedFaceSet>
			</Shape>
			<Shape DEF='_IDX_1302'>
				<Appearance USE='Material_43_IDX_43'/>
				<IndexedFaceSet solid="false" coordIndex='0 1 2 3 -1'>
					<Coordinate point='0.843031 -0.180027 0.114322 0.845945 -0.214966 0.079556 0.717904 -0.169322 0.036808 0.721854 -0.137750 0.052893'/>
				</IndexedFaceSet>
			</Shape>
			<Shape DEF='_IDX_1303'>
				<Appearance USE='Material_44_IDX_44'/>
				<IndexedFaceSet solid="false" coordIndex='0 1 2 3 -1'>
					<Coordinate point='0.966137 -0.265263 0.222890 0.992644 -0.299353 0.155108 0.845945 -0.214966 0.079556 0.843031 -0.180027 0.114322'/>
				</IndexedFaceSet>
			</Shape>
			<Shape DEF='_IDX_1304'>
				<Appearance USE='Material_45_IDX_45'/>
				<IndexedFaceSet solid="false" coordIndex='0 1 2 3 -1'>
					<Coordinate point='1.094077 -0.458143 0.401655 1.186096 -0.480822 0.279510 0.992644 -0.299353 0.155108 0.966137 -0.265263 0.222890'/>
				</IndexedFaceSet>
			</Shape>
			<Shape DEF='_IDX_1305'>
				<Appearance USE='Material_46_IDX_46'/>
				<IndexedFaceSet solid="false" coordIndex='0 1 2 3 -1'>
					<Coordinate point='0.119158 -0.027197 0.000005 0.117818 -0.032516 0.000002 0.000000 0.000000 0.000000 0.000000 0.000000 0.000000'/>
				</IndexedFaceSet>
			</Shape>
			<Shape DEF='_IDX_1306'>
				<Appearance USE='Material_47_IDX_47'/>
				<IndexedFaceSet solid="false" coordIndex='0 1 2 3 -1'>
					<Coordinate point='0.238316 -0.054394 0.000151 0.235636 -0.065031 0.000078 0.117818 -0.032516 0.000002 0.119158 -0.027197 0.000005'/>
				</IndexedFaceSet>
			</Shape>
			<Shape DEF='_IDX_1307'>
				<Appearance USE='Material_48_IDX_48'/>
				<IndexedFaceSet solid="false" coordIndex='0 1 2 3 -1'>
					<Coordinate point='0.357479 -0.081603 0.001150 0.353463 -0.097556 0.000590 0.235636 -0.065031 0.000078 0.238316 -0.054394 0.000151'/>
				</IndexedFaceSet>
			</Shape>
			<Shape DEF='_IDX_1308'>
				<Appearance USE='Material_49_IDX_49'/>
				<IndexedFaceSet solid="false" coordIndex='0 1 2 3 -1'>
					<Coordinate point='0.476708 -0.108948 0.004847 0.471404 -0.130179 0.002486 0.353463 -0.097556 0.000590 0.357479 -0.081603 0.001150'/>
				</IndexedFaceSet>
			</Shape>
			<Shape DEF='_IDX_1309'>
				<Appearance USE='Material_50_IDX_50'/>
				<IndexedFaceSet solid="false" coordIndex='0 1 2 3 -1'>
					<Coordinate point='0.596362 -0.137175 0.014792 0.590083 -0.163447 0.007586 0.471404 -0.130179 0.002486 0.476708 -0.108948 0.004847'/>
				</IndexedFaceSet>
			</Shape>
			<Shape DEF='_IDX_1310'>
				<Appearance USE='Material_51_IDX_51'/>
				<IndexedFaceSet solid="false" coordIndex='0 1 2 3 -1'>
					<Coordinate point='0.717904 -0.169322 0.036808 0.712038 -0.199578 0.018877 0.590083 -0.163447 0.007586 0.596362 -0.137175 0.014792'/>
				</IndexedFaceSet>
			</Shape>
			<Shape DEF='_IDX_1311'>
				<Appearance USE='Material_52_IDX_52'/>
				<IndexedFaceSet solid="false" coordIndex='0 1 2 3 -1'>
					<Coordinate point='0.845945 -0.214966 0.079556 0.845275 -0.245564 0.040801 0.712038 -0.199578 0.018877 0.717904 -0.169322 0.036808'/>
				</IndexedFaceSet>
			</Shape>
			<Shape DEF='_IDX_1312'>
				<Appearance USE='Material_53_IDX_53'/>
				<IndexedFaceSet solid="false" coordIndex='0 1 2 3 -1'>
					<Coordinate point='0.992644 -0.299353 0.155108 1.010894 -0.319843 0.079548 0.845275 -0.245564 0.040801 0.845945 -0.214966 0.079556'/>
				</IndexedFaceSet>
			</Shape>
			<Shape DEF='_IDX_1313'>
				<Appearance USE='Material_54_IDX_54'/>
				<IndexedFaceSet solid="false" coordIndex='0 1 2 3 -1'>
					<Coordinate point='1.186096 -0.480822 0.279510 1.257659 -0.465017 0.143349 1.010894 -0.319843 0.079548 0.992644 -0.299353 0.155108'/>
				</IndexedFaceSet>
			</Shape>
			<Shape DEF='_IDX_1314'>
				<Appearance USE='Material_55_IDX_55'/>
				<IndexedFaceSet solid="false" coordIndex='0 1 2 3 -1'>
					<Coordinate point='0.117818 -0.032516 0.000002 0.116240 -0.037769 0.000000 0.000000 0.000000 0.000000 0.000000 0.000000 0.000000'/>
				</IndexedFaceSet>
			</Shape>
			<Shape DEF='_IDX_1315'>
				<Appearance USE='Material_56_IDX_56'/>
				<IndexedFaceSet solid="false" coordIndex='0 1 2 3 -1'>
					<Coordinate point='0.235636 -0.065031 0.000078 0.232481 -0.075538 0.000000 0.116240 -0.037769 0.000000 0.117818 -0.032516 0.000002'/>
				</IndexedFaceSet>
			</Shape>
			<Shape DEF='_IDX_1316'>
				<Appearance USE='Material_57_IDX_57'/>
				<IndexedFaceSet solid="false" coordIndex='0 1 2 3 -1'>
					<Coordinate point='0.353463 -0.097556 0.000590 0.348733 -0.113310 0.000000 0.232481 -0.075538 0.000000 0.235636 -0.065031 0.000078'/>
				</IndexedFaceSet>
			</Shape>
			<Shape DEF='_IDX_1317'>
				<Appearance USE='Material_58_IDX_58'/>
				<IndexedFaceSet solid="false" coordIndex='0 1 2 3 -1'>
					<Coordinate point='0.471404 -0.130179 0.002486 0.465130 -0.151130 0.000000 0.348733 -0.113310 0.000000 0.353463 -0.097556 0.000590'/>
				</IndexedFaceSet>
			</Shape>
			<Shape DEF='_IDX_1318'>
				<Appearance USE='Material_59_IDX_59'/>
				<IndexedFaceSet solid="false" coordIndex='0 1 2 3 -1'>
					<Coordinate point='0.590083 -0.163447 0.007586 0.582457 -0.189252 -0.000000 0.465130 -0.151130 0.000000 0.471404 -0.130179 0.002486'/>
				</IndexedFaceSet>
			</Shape>
			<Shape DEF='_IDX_1319'>
				<Appearance USE='Material_60_IDX_60'/>
				<IndexedFaceSet solid="false" coordIndex='0 1 2 3 -1'>
					<Coordinate point='0.712038 -0.199578 0.018877 0.703923 -0.228718 0.000000 0.582457 -0.189252 -0.000000 0.590083 -0.163447 0.007586'/>
				</IndexedFaceSet>
			</Shape>
			<Shape DEF='_IDX_1320'>
				<Appearance USE='Material_61_IDX_61'/>
				<IndexedFaceSet solid="false" coordIndex='0 1 2 3 -1'>
					<Coordinate point='0.845275 -0.245564 0.040801 0.839635 -0.272814 -0.000000 0.703923 -0.228718 0.000000 0.712038 -0.199578 0.018877'/>
				</IndexedFaceSet>
			</Shape>
			<Shape DEF='_IDX_1321'>
				<Appearance USE='Material_62_IDX_62'/>
				<IndexedFaceSet solid="false" coordIndex='0 1 2 3 -1'>
					<Coordinate point='1.010894 -0.319843 0.079548 1.016245 -0.330198 0.000000 0.839635 -0.272814 -0.000000 0.845275 -0.245564 0.040801'/>
				</IndexedFaceSet>
			</Shape>
			<Shape DEF='_IDX_1322'>
				<Appearance USE='Material_63_IDX_63'/>
				<IndexedFaceSet solid="false" coordIndex='0 1 2 3 -1'>
					<Coordinate point='1.257659 -0.465017 0.143349 1.295334 -0.420879 -0.000000 1.016245 -0.330198 0.000000 1.010894 -0.319843 0.079548'/>
				</IndexedFaceSet>
			</Shape>
			<Shape DEF='_IDX_1323'>
				<Appearance USE='Material_64_IDX_64'/>
				<IndexedFaceSet solid="false" coordIndex='0 1 2 3 -1'>
					<Coordinate point='0.717608 -0.521373 -0.357487 0.769474 -0.460738 -0.348525 0.783654 -0.381078 -0.628052 0.677961 -0.492567 -0.644204'/>
				</IndexedFaceSet>
			</Shape>
			<Shape DEF='_IDX_1324'>
				<Appearance USE='Material_65_IDX_65'/>
				<IndexedFaceSet solid="false" coordIndex='0 1 2 3 -1'>
					<Coordinate point='0.670081 -0.486843 -0.183359 0.700027 -0.447897 -0.178761 0.769474 -0.460738 -0.348525 0.717608 -0.521373 -0.357487'/>
				</IndexedFaceSet>
			</Shape>
			<Shape DEF='_IDX_1325'>
				<Appearance USE='Material_66_IDX_66'/>
				<IndexedFaceSet solid="false" coordIndex='0 1 2 3 -1'>
					<Coordinate point='0.587766 -0.427037 -0.084833 0.608525 -0.398141 -0.082706 0.700027 -0.447897 -0.178761 0.670081 -0.486843 -0.183359'/>
				</IndexedFaceSet>
			</Shape>
			<Shape DEF='_IDX_1326'>
				<Appearance USE='Material_67_IDX_67'/>
				<IndexedFaceSet solid="false" coordIndex='0 1 2 3 -1'>
					<Coordinate point='0.493331 -0.358426 -0.034093 0.509340 -0.335525 -0.033238 0.608525 -0.398141 -0.082706 0.587766 -0.427037 -0.084833'/>
				</IndexedFaceSet>
			</Shape>
			<Shape DEF='_IDX_1327'>
				<Appearance USE='Material_68_IDX_68'/>
				<IndexedFaceSet solid="false" coordIndex='0 1 2 3 -1'>
					<Coordinate point='0.395376 -0.287257 -0.011171 0.407923 -0.269175 -0.010891 0.509340 -0.335525 -0.033238 0.493331 -0.358426 -0.034093'/>
				</IndexedFaceSet>
			</Shape>
			<Shape DEF='_IDX_1328'>
				<Appearance USE='Material_69_IDX_69'/>
				<IndexedFaceSet solid="false" coordIndex='0 1 2 3 -1'>
					<Coordinate point='0.296629 -0.215513 -0.002651 0.306003 -0.201984 -0.002585 0.407923 -0.269175 -0.010891 0.395376 -0.287257 -0.011171'/>
				</IndexedFaceSet>
			</Shape>
			<Shape DEF='_IDX_1329'>
				<Appearance USE='Material_70_IDX_70'/>
				<IndexedFaceSet solid="false" coordIndex='0 1 2 3 -1'>
					<Coordinate point='0.197759 -0.143681 -0.000349 0.204007 -0.134663 -0.000340 0.306003 -0.201984 -0.002585 0.296629 -0.215513 -0.002651'/>
				</IndexedFaceSet>
			</Shape>
			<Shape DEF='_IDX_1330'>
				<Appearance USE='Material_71_IDX_71'/>
				<IndexedFaceSet solid="false" coordIndex='0 1 2 3 -1'>
					<Coordinate point='0.098880 -0.071840 -0.000011 0.102003 -0.067332 -0.000011 0.204007 -0.134663 -0.000340 0.197759 -0.143681 -0.000349'/>
				</IndexedFaceSet>
			</Shape>
			<Shape DEF='_IDX_1331'>
				<Appearance USE='Material_72_IDX_72'/>
				<IndexedFaceSet solid="false" coordIndex='0 1 2 3 -1'>
					<Coordinate point='0.000000 0.000000 0.000000 0.000000 0.000000 0.000000 0.102003 -0.067332 -0.000011 0.098880 -0.071840 -0.000011'/>
				</IndexedFaceSet>
			</Shape>
			<Shape DEF='_IDX_1332'>
				<Appearance USE='Material_73_IDX_73'/>
				<IndexedFaceSet solid="false" coordIndex='0 1 2 3 -1'>
					<Coordinate point='0.769474 -0.460738 -0.348525 0.827188 -0.411558 -0.322085 0.909125 -0.304566 -0.580408 0.783654 -0.381078 -0.628052'/>
				</IndexedFaceSet>
			</Shape>
			<Shape DEF='_IDX_1333'>
				<Appearance USE='Material_74_IDX_74'/>
				<IndexedFaceSet solid="false" coordIndex='0 1 2 3 -1'>
					<Coordinate point='0.700027 -0.447897 -0.178761 0.730788 -0.411772 -0.165200 0.827188 -0.411558 -0.322085 0.769474 -0.460738 -0.348525'/>
				</IndexedFaceSet>
			</Shape>
			<Shape DEF='_IDX_1334'>
				<Appearance USE='Material_75_IDX_75'/>
				<IndexedFaceSet solid="false" coordIndex='0 1 2 3 -1'>
					<Coordinate point='0.608525 -0.398141 -0.082706 0.628614 -0.369373 -0.076432 0.730788 -0.411772 -0.165200 0.700027 -0.447897 -0.178761'/>
				</IndexedFaceSet>
			</Shape>
			<Shape DEF='_IDX_1335'>
				<Appearance USE='Material_76_IDX_76'/>
				<IndexedFaceSet solid="false" coordIndex='0 1 2 3 -1'>
					<Coordinate point='0.509340 -0.335525 -0.033238 0.524430 -0.312130 -0.030716 0.628614 -0.369373 -0.076432 0.608525 -0.398141 -0.082706'/>
				</IndexedFaceSet>
			</Shape>
			<Shape DEF='_IDX_1336'>
				<Appearance USE='Material_77_IDX_77'/>
				<IndexedFaceSet solid="false" coordIndex='0 1 2 3 -1'>
					<Coordinate point='0.407923 -0.269175 -0.010891 0.419662 -0.250575 -0.010065 0.524430 -0.312130 -0.030716 0.509340 -0.335525 -0.033238'/>
				</IndexedFaceSet>
			</Shape>
			<Shape DEF='_IDX_1337'>
				<Appearance USE='Material_78_IDX_78'/>
				<IndexedFaceSet solid="false" coordIndex='0 1 2 3 -1'>
					<Coordinate point='0.306003 -0.201984 -0.002585 0.314763 -0.188050 -0.002389 0.419662 -0.250575 -0.010065 0.407923 -0.269175 -0.010891'/>
				</IndexedFaceSet>
			</Shape>
			<Shape DEF='_IDX_1338'>
				<Appearance USE='Material_79_IDX_79'/>
				<IndexedFaceSet solid="false" coordIndex='0 1 2 3 -1'>
					<Coordinate point='0.204007 -0.134663 -0.000340 0.209843 -0.125375 -0.000315 0.314763 -0.188050 -0.002389 0.306003 -0.201984 -0.002585'/>
				</IndexedFaceSet>
			</Shape>
			<Shape DEF='_IDX_1339'>
				<Appearance USE='Material_80_IDX_80'/>
				<IndexedFaceSet solid="false" coordIndex='0 1 2 3 -1'>
					<Coordinate point='0.102003 -0.067332 -0.000011 0.104922 -0.062688 -0.000010 0.209843 -0.125375 -0.000315 0.204007 -0.134663 -0.000340'/>
				</IndexedFaceSet>
			</Shape>
			<Shape DEF='_IDX_1340'>
				<Appearance USE='Material_81_IDX_81'/>
				<IndexedFaceSet solid="false" coordIndex='0 1 2 3 -1'>
					<Coordinate point='0.000000 0.000000 0.000000 0.000000 0.000000 0.000000 0.104922 -0.062688 -0.000010 0.102003 -0.067332 -0.000011'/>
				</IndexedFaceSet>
			</Shape>
			<Shape DEF='_IDX_1341'>
				<Appearance USE='Material_82_IDX_82'/>
				<IndexedFaceSet solid="false" coordIndex='0 1 2 3 -1'>
					<Coordinate point='0.827188 -0.411558 -0.322085 0.885174 -0.375844 -0.279495 1.038355 -0.268703 -0.503659 0.909125 -0.304566 -0.580408'/>
				</IndexedFaceSet>
			</Shape>
			<Shape DEF='_IDX_1342'>
				<Appearance USE='Material_83_IDX_83'/>
				<IndexedFaceSet solid="false" coordIndex='0 1 2 3 -1'>
					<Coordinate point='0.730788 -0.411772 -0.165200 0.760658 -0.379115 -0.143355 0.885174 -0.375844 -0.279495 0.827188 -0.411558 -0.322085'/>
				</IndexedFaceSet>
			</Shape>
			<Shape DEF='_IDX_1343'>
				<Appearance USE='Material_84_IDX_84'/>
				<IndexedFaceSet solid="false" coordIndex='0 1 2 3 -1'>
					<Coordinate point='0.628614 -0.369373 -0.076432 0.647583 -0.340934 -0.066325 0.760658 -0.379115 -0.143355 0.730788 -0.411772 -0.165200'/>
				</IndexedFaceSet>
			</Shape>
			<Shape DEF='_IDX_1344'>
				<Appearance USE='Material_85_IDX_85'/>
				<IndexedFaceSet solid="false" coordIndex='0 1 2 3 -1'>
					<Coordinate point='0.524430 -0.312130 -0.030716 0.538493 -0.288313 -0.026655 0.647583 -0.340934 -0.066325 0.628614 -0.369373 -0.076432'/>
				</IndexedFaceSet>
			</Shape>
			<Shape DEF='_IDX_1345'>
				<Appearance USE='Material_86_IDX_86'/>
				<IndexedFaceSet solid="false" coordIndex='0 1 2 3 -1'>
					<Coordinate point='0.419662 -0.250575 -0.010065 0.430561 -0.231498 -0.008734 0.538493 -0.288313 -0.026655 0.524430 -0.312130 -0.030716'/>
				</IndexedFaceSet>
			</Shape>
			<Shape DEF='_IDX_1346'>
				<Appearance USE='Material_87_IDX_87'/>
				<IndexedFaceSet solid="false" coordIndex='0 1 2 3 -1'>
					<Coordinate point='0.314763 -0.188050 -0.002389 0.322889 -0.173739 -0.002073 0.430561 -0.231498 -0.008734 0.419662 -0.250575 -0.010065'/>
				</IndexedFaceSet>
			</Shape>
			<Shape DEF='_IDX_1347'>
				<Appearance USE='Material_88_IDX_88'/>
				<IndexedFaceSet solid="false" coordIndex='0 1 2 3 -1'>
					<Coordinate point='0.209843 -0.125375 -0.000315 0.215257 -0.115834 -0.000273 0.322889 -0.173739 -0.002073 0.314763 -0.188050 -0.002389'/>
				</IndexedFaceSet>
			</Shape>
			<Shape DEF='_IDX_1348'>
				<Appearance USE='Material_89_IDX_89'/>
				<IndexedFaceSet solid="false" coordIndex='0 1 2 3 -1'>
					<Coordinate point='0.104922 -0.062688 -0.000010 0.107628 -0.057917 -0.000009 0.215257 -0.115834 -0.000273 0.209843 -0.125375 -0.000315'/>
				</IndexedFaceSet>
			</Shape>
			<Shape DEF='_IDX_1349'>
				<Appearance USE='Material_90_IDX_90'/>
				<IndexedFaceSet solid="false" coordIndex='0 1 2 3 -1'>
					<Coordinate point='0.000000 0.000000 0.000000 0.000000 0.000000 0.000000 0.107628 -0.057917 -0.000009 0.104922 -0.062688 -0.000010'/>
				</IndexedFaceSet>
			</Shape>
			<Shape DEF='_IDX_1350'>
				<Appearance USE='Material_91_IDX_91'/>
				<IndexedFaceSet solid="false" coordIndex='0 1 2 3 -1'>
					<Coordinate point='0.885174 -0.375844 -0.279495 0.937538 -0.353279 -0.222890 1.154416 -0.272437 -0.401655 1.038355 -0.268703 -0.503659'/>
				</IndexedFaceSet>
			</Shape>
			<Shape DEF='_IDX_1351'>
				<Appearance USE='Material_92_IDX_92'/>
				<IndexedFaceSet solid="false" coordIndex='0 1 2 3 -1'>
					<Coordinate point='0.760658 -0.379115 -0.143355 0.787843 -0.349876 -0.114322 0.937538 -0.353279 -0.222890 0.885174 -0.375844 -0.279495'/>
				</IndexedFaceSet>
			</Shape>
			<Shape DEF='_IDX_1352'>
				<Appearance USE='Material_93_IDX_93'/>
				<IndexedFaceSet solid="false" coordIndex='0 1 2 3 -1'>
					<Coordinate point='0.647583 -0.340934 -0.066325 0.664960 -0.312853 -0.052893 0.787843 -0.349876 -0.114322 0.760658 -0.379115 -0.143355'/>
				</IndexedFaceSet>
			</Shape>
			<Shape DEF='_IDX_1353'>
				<Appearance USE='Material_94_IDX_94'/>
				<IndexedFaceSet solid="false" coordIndex='0 1 2 3 -1'>
					<Coordinate point='0.538493 -0.288313 -0.026655 0.551416 -0.264119 -0.021256 0.664960 -0.312853 -0.052893 0.647583 -0.340934 -0.066325'/>
				</IndexedFaceSet>
			</Shape>
			<Shape DEF='_IDX_1354'>
				<Appearance USE='Material_95_IDX_95'/>
				<IndexedFaceSet solid="false" coordIndex='0 1 2 3 -1'>
					<Coordinate point='0.430561 -0.231498 -0.008734 0.440584 -0.211982 -0.006965 0.551416 -0.264119 -0.021256 0.538493 -0.288313 -0.026655'/>
				</IndexedFaceSet>
			</Shape>
			<Shape DEF='_IDX_1355'>
				<Appearance USE='Material_96_IDX_96'/>
				<IndexedFaceSet solid="false" coordIndex='0 1 2 3 -1'>
					<Coordinate point='0.322889 -0.173739 -0.002073 0.330364 -0.159080 -0.001653 0.440584 -0.211982 -0.006965 0.430561 -0.231498 -0.008734'/>
				</IndexedFaceSet>
			</Shape>
			<Shape DEF='_IDX_1356'>
				<Appearance USE='Material_97_IDX_97'/>
				<IndexedFaceSet solid="false" coordIndex='0 1 2 3 -1'>
					<Coordinate point='0.215257 -0.115834 -0.000273 0.220237 -0.106060 -0.000218 0.330364 -0.159080 -0.001653 0.322889 -0.173739 -0.002073'/>
				</IndexedFaceSet>
			</Shape>
			<Shape DEF='_IDX_1357'>
				<Appearance USE='Material_98_IDX_98'/>
				<IndexedFaceSet solid="false" coordIndex='0 1 2 3 -1'>
					<Coordinate point='0.107628 -0.057917 -0.000009 0.110118 -0.053030 -0.000007 0.220237 -0.106060 -0.000218 0.215257 -0.115834 -0.000273'/>
				</IndexedFaceSet>
			</Shape>
			<Shape DEF='_IDX_1358'>
				<Appearance USE='Material_99_IDX_99'/>
				<IndexedFaceSet solid="false" coordIndex='0 1 2 3 -1'>
					<Coordinate point='0.000000 0.000000 0.000000 0.000000 0.000000 0.000000 0.110118 -0.053030 -0.000007 0.107628 -0.057917 -0.000009'/>
				</IndexedFaceSet>
			</Shape>
			<Shape DEF='_IDX_1359'>
				<Appearance USE='Material_100_IDX_100'/>
				<IndexedFaceSet solid="false" coordIndex='0 1 2 3 -1'>
					<Coordinate point='0.937538 -0.353279 -0.222890 0.979021 -0.341280 -0.155108 1.242191 -0.308177 -0.279510 1.154416 -0.272437 -0.401655'/>
				</IndexedFaceSet>
			</Shape>
			<Shape DEF='_IDX_1360'>
				<Appearance USE='Material_101_IDX_101'/>
				<IndexedFaceSet solid="false" coordIndex='0 1 2 3 -1'>
					<Coordinate point='0.787843 -0.349876 -0.114322 0.810738 -0.323323 -0.079556 0.979021 -0.341280 -0.155108 0.937538 -0.353279 -0.222890'/>
				</IndexedFaceSet>
			</Shape>
			<Shape DEF='_IDX_1361'>
				<Appearance USE='Material_102_IDX_102'/>
				<IndexedFaceSet solid="false" coordIndex='0 1 2 3 -1'>
					<Coordinate point='0.664960 -0.312853 -0.052893 0.680322 -0.284989 -0.036808 0.810738 -0.323323 -0.079556 0.787843 -0.349876 -0.114322'/>
				</IndexedFaceSet>
			</Shape>
			<Shape DEF='_IDX_1362'>
				<Appearance USE='Material_103_IDX_103'/>
				<IndexedFaceSet solid="false" coordIndex='0 1 2 3 -1'>
					<Coordinate point='0.551416 -0.264119 -0.021256 0.563097 -0.239556 -0.014792 0.680322 -0.284989 -0.036808 0.664960 -0.312853 -0.052893'/>
				</IndexedFaceSet>
			</Shape>
			<Shape DEF='_IDX_1363'>
				<Appearance USE='Material_104_IDX_104'/>
				<IndexedFaceSet solid="false" coordIndex='0 1 2 3 -1'>
					<Coordinate point='0.440584 -0.211982 -0.006965 0.449703 -0.192062 -0.004847 0.563097 -0.239556 -0.014792 0.551416 -0.264119 -0.021256'/>
				</IndexedFaceSet>
			</Shape>
			<Shape DEF='_IDX_1364'>
				<Appearance USE='Material_105_IDX_105'/>
				<IndexedFaceSet solid="false" coordIndex='0 1 2 3 -1'>
					<Coordinate point='0.330364 -0.159080 -0.001653 0.337172 -0.144103 -0.001150 0.449703 -0.192062 -0.004847 0.440584 -0.211982 -0.006965'/>
				</IndexedFaceSet>
			</Shape>
			<Shape DEF='_IDX_1365'>
				<Appearance USE='Material_106_IDX_106'/>
				<IndexedFaceSet solid="false" coordIndex='0 1 2 3 -1'>
					<Coordinate point='0.220237 -0.106060 -0.000218 0.224774 -0.096073 -0.000151 0.337172 -0.144103 -0.001150 0.330364 -0.159080 -0.001653'/>
				</IndexedFaceSet>
			</Shape>
			<Shape DEF='_IDX_1366'>
				<Appearance USE='Material_107_IDX_107'/>
				<IndexedFaceSet solid="false" coordIndex='0 1 2 3 -1'>
					<Coordinate point='0.110118 -0.053030 -0.000007 0.112387 -0.048036 -0.000005 0.224774 -0.096073 -0.000151 0.220237 -0.106060 -0.000218'/>
				</IndexedFaceSet>
			</Shape>
			<Shape DEF='_IDX_1367'>
				<Appearance USE='Material_108_IDX_108'/>
				<IndexedFaceSet solid="false" coordIndex='0 1 2 3 -1'>
					<Coordinate point='0.000000 0.000000 0.000000 0.000000 0.000000 0.000000 0.112387 -0.048036 -0.000005 0.110118 -0.053030 -0.000007'/>
				</IndexedFaceSet>
			</Shape>
			<Shape DEF='_IDX_1368'>
				<Appearance USE='Material_109_IDX_109'/>
				<IndexedFaceSet solid="false" coordIndex='0 1 2 3 -1'>
					<Coordinate point='0.979021 -0.341280 -0.155108 1.005829 -0.335430 -0.079548 1.290798 -0.363027 -0.143349 1.242191 -0.308177 -0.279510'/>
				</IndexedFaceSet>
			</Shape>
			<Shape DEF='_IDX_1369'>
				<Appearance USE='Material_110_IDX_110'/>
				<IndexedFaceSet solid="false" coordIndex='0 1 2 3 -1'>
					<Coordinate point='0.810738 -0.323323 -0.079556 0.828180 -0.298175 -0.040801 1.005829 -0.335430 -0.079548 0.979021 -0.341280 -0.155108'/>
				</IndexedFaceSet>
			</Shape>
			<Shape DEF='_IDX_1370'>
				<Appearance USE='Material_111_IDX_111'/>
				<IndexedFaceSet solid="false" coordIndex='0 1 2 3 -1'>
					<Coordinate point='0.680322 -0.284989 -0.036808 0.693360 -0.257064 -0.018877 0.828180 -0.298175 -0.040801 0.810738 -0.323323 -0.079556'/>
				</IndexedFaceSet>
			</Shape>
			<Shape DEF='_IDX_1371'>
				<Appearance USE='Material_112_IDX_112'/>
				<IndexedFaceSet solid="false" coordIndex='0 1 2 3 -1'>
					<Coordinate point='0.563097 -0.239556 -0.014792 0.573459 -0.214611 -0.007586 0.693360 -0.257064 -0.018877 0.680322 -0.284989 -0.036808'/>
				</IndexedFaceSet>
			</Shape>
			<Shape DEF='_IDX_1372'>
				<Appearance USE='Material_113_IDX_113'/>
				<IndexedFaceSet solid="false" coordIndex='0 1 2 3 -1'>
					<Coordinate point='0.449703 -0.192062 -0.004847 0.457891 -0.171767 -0.002486 0.573459 -0.214611 -0.007586 0.563097 -0.239556 -0.014792'/>
				</IndexedFaceSet>
			</Shape>
			<Shape DEF='_IDX_1373'>
				<Appearance USE='Material_114_IDX_114'/>
				<IndexedFaceSet solid="false" coordIndex='0 1 2 3 -1'>
					<Coordinate point='0.337172 -0.144103 -0.001150 0.343299 -0.128836 -0.000590 0.457891 -0.171767 -0.002486 0.449703 -0.192062 -0.004847'/>
				</IndexedFaceSet>
			</Shape>
			<Shape DEF='_IDX_1374'>
				<Appearance USE='Material_115_IDX_115'/>
				<IndexedFaceSet solid="false" coordIndex='0 1 2 3 -1'>
					<Coordinate point='0.224774 -0.096073 -0.000151 0.228858 -0.085892 -0.000078 0.343299 -0.128836 -0.000590 0.337172 -0.144103 -0.001150'/>
				</IndexedFaceSet>
			</Shape>
			<Shape DEF='_IDX_1375'>
				<Appearance USE='Material_116_IDX_116'/>
				<IndexedFaceSet solid="false" coordIndex='0 1 2 3 -1'>
					<Coordinate point='0.112387 -0.048036 -0.000005 0.114429 -0.042946 -0.000002 0.228858 -0.085892 -0.000078 0.224774 -0.096073 -0.000151'/>
				</IndexedFaceSet>
			</Shape>
			<Shape DEF='_IDX_1376'>
				<Appearance USE='Material_117_IDX_117'/>
				<IndexedFaceSet solid="false" coordIndex='0 1 2 3 -1'>
					<Coordinate point='0.000000 0.000000 0.000000 0.000000 0.000000 0.000000 0.114429 -0.042946 -0.000002 0.112387 -0.048036 -0.000005'/>
				</IndexedFaceSet>
			</Shape>
			<Shape DEF='_IDX_1377'>
				<Appearance USE='Material_118_IDX_118'/>
				<IndexedFaceSet solid="false" coordIndex='0 1 2 3 -1'>
					<Coordinate point='1.005829 -0.335430 -0.079548 1.016245 -0.330198 -0.000000 1.295334 -0.420879 -0.000000 1.290798 -0.363027 -0.143349'/>
				</IndexedFaceSet>
			</Shape>
			<Shape DEF='_IDX_1378'>
				<Appearance USE='Material_119_IDX_119'/>
				<IndexedFaceSet solid="false" coordIndex='0 1 2 3 -1'>
					<Coordinate point='0.828180 -0.298175 -0.040801 0.839635 -0.272814 -0.000000 1.016245 -0.330198 -0.000000 1.005829 -0.335430 -0.079548'/>
				</IndexedFaceSet>
			</Shape>
			<Shape DEF='_IDX_1379'>
				<Appearance USE='Material_120_IDX_120'/>
				<IndexedFaceSet solid="false" coordIndex='0 1 2 3 -1'>
					<Coordinate point='0.693360 -0.257064 -0.018877 0.703923 -0.228718 -0.000000 0.839635 -0.272814 -0.000000 0.828180 -0.298175 -0.040801'/>
				</IndexedFaceSet>
			</Shape>
			<Shape DEF='_IDX_1380'>
				<Appearance USE='Material_121_IDX_121'/>
				<IndexedFaceSet solid="false" coordIndex='0 1 2 3 -1'>
					<Coordinate point='0.573459 -0.214611 -0.007586 0.582457 -0.189252 -0.000000 0.703923 -0.228718 -0.000000 0.693360 -0.257064 -0.018877'/>
				</IndexedFaceSet>
			</Shape>
			<Shape DEF='_IDX_1381'>
				<Appearance USE='Material_122_IDX_122'/>
				<IndexedFaceSet solid="false" coordIndex='0 1 2 3 -1'>
					<Coordinate point='0.457891 -0.171767 -0.002486 0.465130 -0.151130 -0.000000 0.582457 -0.189252 -0.000000 0.573459 -0.214611 -0.007586'/>
				</IndexedFaceSet>
			</Shape>
			<Shape DEF='_IDX_1382'>
				<Appearance USE='Material_123_IDX_123'/>
				<IndexedFaceSet solid="false" coordIndex='0 1 2 3 -1'>
					<Coordinate point='0.343299 -0.128836 -0.000590 0.348733 -0.113310 -0.000000 0.465130 -0.151130 -0.000000 0.457891 -0.171767 -0.002486'/>
				</IndexedFaceSet>
			</Shape>
			<Shape DEF='_IDX_1383'>
				<Appearance USE='Material_124_IDX_124'/>
				<IndexedFaceSet solid="false" coordIndex='0 1 2 3 -1'>
					<Coordinate point='0.228858 -0.085892 -0.000078 0.232481 -0.075538 -0.000000 0.348733 -0.113310 -0.000000 0.343299 -0.128836 -0.000590'/>
				</IndexedFaceSet>
			</Shape>
			<Shape DEF='_IDX_1384'>
				<Appearance USE='Material_125_IDX_125'/>
				<IndexedFaceSet solid="false" coordIndex='0 1 2 3 -1'>
					<Coordinate point='0.114429 -0.042946 -0.000002 0.116240 -0.037769 -0.000000 0.232481 -0.075538 -0.000000 0.228858 -0.085892 -0.000078'/>
				</IndexedFaceSet>
			</Shape>
			<Shape DEF='_IDX_1385'>
				<Appearance USE='Material_126_IDX_126'/>
				<IndexedFaceSet solid="false" coordIndex='0 1 2 3 -1'>
					<Coordinate point='0.000000 0.000000 0.000000 0.000000 0.000000 0.000000 0.116240 -0.037769 -0.000000 0.114429 -0.042946 -0.000002'/>
				</IndexedFaceSet>
			</Shape>
			<Shape DEF='_IDX_1386'>
				<Appearance USE='Material_9_IDX_9'/>
				<IndexedFaceSet solid="false" coordIndex='0 1 2 3 -1'>
					<Coordinate point='0.887013 0.000000 0.357487 0.893332 0.079541 0.348525 0.857981 0.152322 0.628052 0.838006 0.000000 0.644204'/>
				</IndexedFaceSet>
			</Shape>
			<Shape DEF='_IDX_1387'>
				<Appearance USE='Material_8_IDX_8'/>
				<IndexedFaceSet solid="false" coordIndex='0 1 2 3 -1'>
					<Coordinate point='0.828266 0.000000 0.183359 0.829601 0.049110 0.178761 0.893332 0.079541 0.348525 0.887013 0.000000 0.357487'/>
				</IndexedFaceSet>
			</Shape>
			<Shape DEF='_IDX_1388'>
				<Appearance USE='Material_7_IDX_7'/>
				<IndexedFaceSet solid="false" coordIndex='0 1 2 3 -1'>
					<Coordinate point='0.726518 0.000000 0.084833 0.726328 0.035579 0.082706 0.829601 0.049110 0.178761 0.828266 0.000000 0.183359'/>
				</IndexedFaceSet>
			</Shape>
			<Shape DEF='_IDX_1389'>
				<Appearance USE='Material_6_IDX_6'/>
				<IndexedFaceSet solid="false" coordIndex='0 1 2 3 -1'>
					<Coordinate point='0.609790 0.000000 0.034093 0.609281 0.027937 0.033238 0.726328 0.035579 0.082706 0.726518 0.000000 0.084833'/>
				</IndexedFaceSet>
			</Shape>
			<Shape DEF='_IDX_1390'>
				<Appearance USE='Material_5_IDX_5'/>
				<IndexedFaceSet solid="false" coordIndex='0 1 2 3 -1'>
					<Coordinate point='0.488712 0.000000 0.011171 0.488234 0.022004 0.010891 0.609281 0.027937 0.033238 0.609790 0.000000 0.034093'/>
				</IndexedFaceSet>
			</Shape>
			<Shape DEF='_IDX_1391'>
				<Appearance USE='Material_4_IDX_4'/>
				<IndexedFaceSet solid="false" coordIndex='0 1 2 3 -1'>
					<Coordinate point='0.366653 0.000000 0.002651 0.366285 0.016456 0.002585 0.488234 0.022004 0.010891 0.488712 0.000000 0.011171'/>
				</IndexedFaceSet>
			</Shape>
			<Shape DEF='_IDX_1392'>
				<Appearance USE='Material_3_IDX_3'/>
				<IndexedFaceSet solid="false" coordIndex='0 1 2 3 -1'>
					<Coordinate point='0.244444 0.000000 0.000349 0.244198 0.010967 0.000340 0.366285 0.016456 0.002585 0.366653 0.000000 0.002651'/>
				</IndexedFaceSet>
			</Shape>
			<Shape DEF='_IDX_1393'>
				<Appearance USE='Material_2_IDX_2'/>
				<IndexedFaceSet solid="false" coordIndex='0 1 2 3 -1'>
					<Coordinate point='0.122222 0.000000 0.000011 0.122099 0.005483 0.000011 0.244198 0.010967 0.000340 0.244444 0.000000 0.000349'/>
				</IndexedFaceSet>
			</Shape>
			<Shape DEF='_IDX_1394'>
				<Appearance USE='Material_1_IDX_1'/>
				<IndexedFaceSet solid="false" coordIndex='0 1 2 3 -1'>
					<Coordinate point='0.000000 0.000000 0.000000 0.000000 0.000000 0.000000 0.122099 0.005483 0.000011 0.122222 0.000000 0.000011'/>
				</IndexedFaceSet>
			</Shape>
			<Shape DEF='_IDX_1395'>
				<Appearance USE='Material_18_IDX_18'/>
				<IndexedFaceSet solid="false" coordIndex='0 1 2 3 -1'>
					<Coordinate point='0.893332 0.079541 0.348525 0.911117 0.153252 0.322085 0.914517 0.287971 0.580408 0.857981 0.152322 0.628052'/>
				</IndexedFaceSet>
			</Shape>
			<Shape DEF='_IDX_1396'>
				<Appearance USE='Material_17_IDX_17'/>
				<IndexedFaceSet solid="false" coordIndex='0 1 2 3 -1'>
					<Coordinate point='0.829601 0.049110 0.178761 0.833253 0.096416 0.165200 0.911117 0.153252 0.322085 0.893332 0.079541 0.348525'/>
				</IndexedFaceSet>
			</Shape>
			<Shape DEF='_IDX_1397'>
				<Appearance USE='Material_16_IDX_16'/>
				<IndexedFaceSet solid="false" coordIndex='0 1 2 3 -1'>
					<Coordinate point='0.726328 0.035579 0.082706 0.725672 0.070661 0.076432 0.833253 0.096416 0.165200 0.829601 0.049110 0.178761'/>
				</IndexedFaceSet>
			</Shape>
			<Shape DEF='_IDX_1398'>
				<Appearance USE='Material_15_IDX_15'/>
				<IndexedFaceSet solid="false" coordIndex='0 1 2 3 -1'>
					<Coordinate point='0.609281 0.027937 0.033238 0.607738 0.055734 0.030716 0.725672 0.070661 0.076432 0.726328 0.035579 0.082706'/>
				</IndexedFaceSet>
			</Shape>
			<Shape DEF='_IDX_1399'>
				<Appearance USE='Material_14_IDX_14'/>
				<IndexedFaceSet solid="false" coordIndex='0 1 2 3 -1'>
					<Coordinate point='0.488234 0.022004 0.010891 0.486798 0.043952 0.010065 0.607738 0.055734 0.030716 0.609281 0.027937 0.033238'/>
				</IndexedFaceSet>
			</Shape>
			<Shape DEF='_IDX_1400'>
				<Appearance USE='Material_13_IDX_13'/>
				<IndexedFaceSet solid="false" coordIndex='0 1 2 3 -1'>
					<Coordinate point='0.366285 0.016456 0.002585 0.365181 0.032877 0.002389 0.486798 0.043952 0.010065 0.488234 0.022004 0.010891'/>
				</IndexedFaceSet>
			</Shape>
			<Shape DEF='_IDX_1401'>
				<Appearance USE='Material_12_IDX_12'/>
				<IndexedFaceSet solid="false" coordIndex='0 1 2 3 -1'>
					<Coordinate point='0.244198 0.010967 0.000340 0.243460 0.021912 0.000315 0.365181 0.032877 0.002389 0.366285 0.016456 0.002585'/>
				</IndexedFaceSet>
			</Shape>
			<Shape DEF='_IDX_1402'>
				<Appearance USE='Material_11_IDX_11'/>
				<IndexedFaceSet solid="false" coordIndex='0 1 2 3 -1'>
					<Coordinate point='0.122099 0.005483 0.000011 0.121730 0.010956 0.000010 0.243460 0.021912 0.000315 0.244198 0.010967 0.000340'/>
				</IndexedFaceSet>
			</Shape>
			<Shape DEF='_IDX_1403'>
				<Appearance USE='Material_10_IDX_10'/>
				<IndexedFaceSet solid="false" coordIndex='0 1 2 3 -1'>
					<Coordinate point='0.000000 0.000000 0.000000 0.000000 0.000000 0.000000 0.121730 0.010956 0.000010 0.122099 0.005483 0.000011'/>
				</IndexedFaceSet>
			</Shape>
			<Shape DEF='_IDX_1404'>
				<Appearance USE='Material_127_IDX_127'/>
				<IndexedFaceSet solid="false" coordIndex='0 1 2 3 -1'>
					<Coordinate point='0.911117 0.153252 0.322085 0.937036 0.216228 0.279495 0.997987 0.392945 0.503659 0.914517 0.287971 0.580408'/>
				</IndexedFaceSet>
			</Shape>
			<Shape DEF='_IDX_1405'>
				<Appearance USE='Material_26_IDX_26'/>
				<IndexedFaceSet solid="false" coordIndex='0 1 2 3 -1'>
					<Coordinate point='0.833253 0.096416 0.165200 0.838224 0.140393 0.143355 0.937036 0.216228 0.279495 0.911117 0.153252 0.322085'/>
				</IndexedFaceSet>
			</Shape>
			<Shape DEF='_IDX_1406'>
				<Appearance USE='Material_25_IDX_25'/>
				<IndexedFaceSet solid="false" coordIndex='0 1 2 3 -1'>
					<Coordinate point='0.725672 0.070661 0.076432 0.724302 0.104818 0.066325 0.838224 0.140393 0.143355 0.833253 0.096416 0.165200'/>
				</IndexedFaceSet>
			</Shape>
			<Shape DEF='_IDX_1407'>
				<Appearance USE='Material_24_IDX_24'/>
				<IndexedFaceSet solid="false" coordIndex='0 1 2 3 -1'>
					<Coordinate point='0.607738 0.055734 0.030716 0.605116 0.083268 0.026655 0.724302 0.104818 0.066325 0.725672 0.070661 0.076432'/>
				</IndexedFaceSet>
			</Shape>
			<Shape DEF='_IDX_1408'>
				<Appearance USE='Material_23_IDX_23'/>
				<IndexedFaceSet solid="false" coordIndex='0 1 2 3 -1'>
					<Coordinate point='0.486798 0.043952 0.010065 0.484402 0.065791 0.008734 0.605116 0.083268 0.026655 0.607738 0.055734 0.030716'/>
				</IndexedFaceSet>
			</Shape>
			<Shape DEF='_IDX_1409'>
				<Appearance USE='Material_22_IDX_22'/>
				<IndexedFaceSet solid="false" coordIndex='0 1 2 3 -1'>
					<Coordinate point='0.365181 0.032877 0.002389 0.363344 0.049231 0.002073 0.484402 0.065791 0.008734 0.486798 0.043952 0.010065'/>
				</IndexedFaceSet>
			</Shape>
			<Shape DEF='_IDX_1410'>
				<Appearance USE='Material_21_IDX_21'/>
				<IndexedFaceSet solid="false" coordIndex='0 1 2 3 -1'>
					<Coordinate point='0.243460 0.021912 0.000315 0.242232 0.032813 0.000273 0.363344 0.049231 0.002073 0.365181 0.032877 0.002389'/>
				</IndexedFaceSet>
			</Shape>
			<Shape DEF='_IDX_1411'>
				<Appearance USE='Material_20_IDX_20'/>
				<IndexedFaceSet solid="false" coordIndex='0 1 2 3 -1'>
					<Coordinate point='0.121730 0.010956 0.000010 0.121116 0.016406 0.000009 0.242232 0.032813 0.000273 0.243460 0.021912 0.000315'/>
				</IndexedFaceSet>
			</Shape>
			<Shape DEF='_IDX_1412'>
				<Appearance USE='Material_19_IDX_19'/>
				<IndexedFaceSet solid="false" coordIndex='0 1 2 3 -1'>
					<Coordinate point='0.000000 0.000000 0.000000 0.000000 0.000000 0.000000 0.121116 0.016406 0.000009 0.121730 0.010956 0.000010'/>
				</IndexedFaceSet>
			</Shape>
			<Shape DEF='_IDX_1413'>
				<Appearance USE='Material_36_IDX_36'/>
				<IndexedFaceSet solid="false" coordIndex='0 1 2 3 -1'>
					<Coordinate point='0.937036 0.216228 0.279495 0.966137 0.265263 0.222890 1.094077 0.458143 0.401655 0.997987 0.392945 0.503659'/>
				</IndexedFaceSet>
			</Shape>
			<Shape DEF='_IDX_1414'>
				<Appearance USE='Material_35_IDX_35'/>
				<IndexedFaceSet solid="false" coordIndex='0 1 2 3 -1'>
					<Coordinate point='0.838224 0.140393 0.143355 0.843031 0.180027 0.114322 0.966137 0.265263 0.222890 0.937036 0.216228 0.279495'/>
				</IndexedFaceSet>
			</Shape>
			<Shape DEF='_IDX_1415'>
				<Appearance USE='Material_34_IDX_34'/>
				<IndexedFaceSet solid="false" coordIndex='0 1 2 3 -1'>
					<Coordinate point='0.724302 0.104818 0.066325 0.721854 0.137750 0.052893 0.843031 0.180027 0.114322 0.838224 0.140393 0.143355'/>
				</IndexedFaceSet>
			</Shape>
			<Shape DEF='_IDX_1416'>
				<Appearance USE='Material_33_IDX_33'/>
				<IndexedFaceSet solid="false" coordIndex='0 1 2 3 -1'>
					<Coordinate point='0.605116 0.083268 0.026655 0.601350 0.110438 0.021256 0.721854 0.137750 0.052893 0.724302 0.104818 0.066325'/>
				</IndexedFaceSet>
			</Shape>
			<Shape DEF='_IDX_1417'>
				<Appearance USE='Material_32_IDX_32'/>
				<IndexedFaceSet solid="false" coordIndex='0 1 2 3 -1'>
					<Coordinate point='0.484402 0.065791 0.008734 0.481040 0.087472 0.006965 0.601350 0.110438 0.021256 0.605116 0.083268 0.026655'/>
				</IndexedFaceSet>
			</Shape>
			<Shape DEF='_IDX_1418'>
				<Appearance USE='Material_31_IDX_31'/>
				<IndexedFaceSet solid="false" coordIndex='0 1 2 3 -1'>
					<Coordinate point='0.363344 0.049231 0.002073 0.360775 0.065484 0.001653 0.481040 0.087472 0.006965 0.484402 0.065791 0.008734'/>
				</IndexedFaceSet>
			</Shape>
			<Shape DEF='_IDX_1419'>
				<Appearance USE='Material_30_IDX_30'/>
				<IndexedFaceSet solid="false" coordIndex='0 1 2 3 -1'>
					<Coordinate point='0.242232 0.032813 0.000273 0.240516 0.043648 0.000218 0.360775 0.065484 0.001653 0.363344 0.049231 0.002073'/>
				</IndexedFaceSet>
			</Shape>
			<Shape DEF='_IDX_1420'>
				<Appearance USE='Material_29_IDX_29'/>
				<IndexedFaceSet solid="false" coordIndex='0 1 2 3 -1'>
					<Coordinate point='0.121116 0.016406 0.000009 0.120258 0.021824 0.000007 0.240516 0.043648 0.000218 0.242232 0.032813 0.000273'/>
				</IndexedFaceSet>
			</Shape>
			<Shape DEF='_IDX_1421'>
				<Appearance USE='Material_28_IDX_28'/>
				<IndexedFaceSet solid="false" coordIndex='0 1 2 3 -1'>
					<Coordinate point='0.000000 0.000000 0.000000 0.000000 0.000000 0.000000 0.120258 0.021824 0.000007 0.121116 0.016406 0.000009'/>
				</IndexedFaceSet>
			</Shape>
			<Shape DEF='_IDX_1422'>
				<Appearance USE='Material_45_IDX_45'/>
				<IndexedFaceSet solid="false" coordIndex='0 1 2 3 -1'>
					<Coordinate point='0.966137 0.265263 0.222890 0.992644 0.299353 0.155108 1.186096 0.480822 0.279510 1.094077 0.458143 0.401655'/>
				</IndexedFaceSet>
			</Shape>
			<Shape DEF='_IDX_1423'>
				<Appearance USE='Material_44_IDX_44'/>
				<IndexedFaceSet solid="false" coordIndex='0 1 2 3 -1'>
					<Coordinate point='0.843031 0.180027 0.114322 0.845945 0.214966 0.079556 0.992644 0.299353 0.155108 0.966137 0.265263 0.222890'/>
				</IndexedFaceSet>
			</Shape>
			<Shape DEF='_IDX_1424'>
				<Appearance USE='Material_43_IDX_43'/>
				<IndexedFaceSet solid="false" coordIndex='0 1 2 3 -1'>
					<Coordinate point='0.721854 0.137750 0.052893 0.717904 0.169322 0.036808 0.845945 0.214966 0.079556 0.843031 0.180027 0.114322'/>
				</IndexedFaceSet>
			</Shape>
			<Shape DEF='_IDX_1425'>
				<Appearance USE='Material_42_IDX_42'/>
				<IndexedFaceSet solid="false" coordIndex='0 1 2 3 -1'>
					<Coordinate point='0.601350 0.110438 0.021256 0.596362 0.137175 0.014792 0.717904 0.169322 0.036808 0.721854 0.137750 0.052893'/>
				</IndexedFaceSet>
			</Shape>
			<Shape DEF='_IDX_1426'>
				<Appearance USE='Material_41_IDX_41'/>
				<IndexedFaceSet solid="false" coordIndex='0 1 2 3 -1'>
					<Coordinate point='0.481040 0.087472 0.006965 0.476708 0.108948 0.004847 0.596362 0.137175 0.014792 0.601350 0.110438 0.021256'/>
				</IndexedFaceSet>
			</Shape>
			<Shape DEF='_IDX_1427'>
				<Appearance USE='Material_40_IDX_40'/>
				<IndexedFaceSet solid="false" coordIndex='0 1 2 3 -1'>
					<Coordinate point='0.360775 0.065484 0.001653 0.357479 0.081603 0.001150 0.476708 0.108948 0.004847 0.481040 0.087472 0.006965'/>
				</IndexedFaceSet>
			</Shape>
			<Shape DEF='_IDX_1428'>
				<Appearance USE='Material_39_IDX_39'/>
				<IndexedFaceSet solid="false" coordIndex='0 1 2 3 -1'>
					<Coordinate point='0.240516 0.043648 0.000218 0.238316 0.054394 0.000151 0.357479 0.081603 0.001150 0.360775 0.065484 0.001653'/>
				</IndexedFaceSet>
			</Shape>
			<Shape DEF='_IDX_1429'>
				<Appearance USE='Material_38_IDX_38'/>
				<IndexedFaceSet solid="false" coordIndex='0 1 2 3 -1'>
					<Coordinate point='0.120258 0.021824 0.000007 0.119158 0.027197 0.000005 0.238316 0.054394 0.000151 0.240516 0.043648 0.000218'/>
				</IndexedFaceSet>
			</Shape>
			<Shape DEF='_IDX_1430'>
				<Appearance USE='Material_37_IDX_37'/>
				<IndexedFaceSet solid="false" coordIndex='0 1 2 3 -1'>
					<Coordinate point='0.000000 0.000000 0.000000 0.000000 0.000000 0.000000 0.119158 0.027197 0.000005 0.120258 0.021824 0.000007'/>
				</IndexedFaceSet>
			</Shape>
			<Shape DEF='_IDX_1431'>
				<Appearance USE='Material_54_IDX_54'/>
				<IndexedFaceSet solid="false" coordIndex='0 1 2 3 -1'>
					<Coordinate point='0.992644 0.299353 0.155108 1.010894 0.319843 0.079548 1.257659 0.465017 0.143349 1.186096 0.480822 0.279510'/>
				</IndexedFaceSet>
			</Shape>
			<Shape DEF='_IDX_1432'>
				<Appearance USE='Material_53_IDX_53'/>
				<IndexedFaceSet solid="false" coordIndex='0 1 2 3 -1'>
					<Coordinate point='0.845945 0.214966 0.079556 0.845275 0.245564 0.040801 1.010894 0.319843 0.079548 0.992644 0.299353 0.155108'/>
				</IndexedFaceSet>
			</Shape>
			<Shape DEF='_IDX_1433'>
				<Appearance USE='Material_52_IDX_52'/>
				<IndexedFaceSet solid="false" coordIndex='0 1 2 3 -1'>
					<Coordinate point='0.717904 0.169322 0.036808 0.712038 0.199578 0.018877 0.845275 0.245564 0.040801 0.845945 0.214966 0.079556'/>
				</IndexedFaceSet>
			</Shape>
			<Shape DEF='_IDX_1434'>
				<Appearance USE='Material_51_IDX_51'/>
				<IndexedFaceSet solid="false" coordIndex='0 1 2 3 -1'>
					<Coordinate point='0.596362 0.137175 0.014792 0.590083 0.163447 0.007586 0.712038 0.199578 0.018877 0.717904 0.169322 0.036808'/>
				</IndexedFaceSet>
			</Shape>
			<Shape DEF='_IDX_1435'>
				<Appearance USE='Material_50_IDX_50'/>
				<IndexedFaceSet solid="false" coordIndex='0 1 2 3 -1'>
					<Coordinate point='0.476708 0.108948 0.004847 0.471404 0.130179 0.002486 0.590083 0.163447 0.007586 0.596362 0.137175 0.014792'/>
				</IndexedFaceSet>
			</Shape>
			<Shape DEF='_IDX_1436'>
				<Appearance USE='Material_49_IDX_49'/>
				<IndexedFaceSet solid="false" coordIndex='0 1 2 3 -1'>
					<Coordinate point='0.357479 0.081603 0.001150 0.353463 0.097556 0.000590 0.471404 0.130179 0.002486 0.476708 0.108948 0.004847'/>
				</IndexedFaceSet>
			</Shape>
			<Shape DEF='_IDX_1437'>
				<Appearance USE='Material_48_IDX_48'/>
				<IndexedFaceSet solid="false" coordIndex='0 1 2 3 -1'>
					<Coordinate point='0.238316 0.054394 0.000151 0.235636 0.065031 0.000078 0.353463 0.097556 0.000590 0.357479 0.081603 0.001150'/>
				</IndexedFaceSet>
			</Shape>
			<Shape DEF='_IDX_1438'>
				<Appearance USE='Material_47_IDX_47'/>
				<IndexedFaceSet solid="false" coordIndex='0 1 2 3 -1'>
					<Coordinate point='0.119158 0.027197 0.000005 0.117818 0.032516 0.000002 0.235636 0.065031 0.000078 0.238316 0.054394 0.000151'/>
				</IndexedFaceSet>
			</Shape>
			<Shape DEF='_IDX_1439'>
				<Appearance USE='Material_46_IDX_46'/>
				<IndexedFaceSet solid="false" coordIndex='0 1 2 3 -1'>
					<Coordinate point='0.000000 0.000000 0.000000 0.000000 0.000000 0.000000 0.117818 0.032516 0.000002 0.119158 0.027197 0.000005'/>
				</IndexedFaceSet>
			</Shape>
			<Shape DEF='_IDX_1440'>
				<Appearance USE='Material_63_IDX_63'/>
				<IndexedFaceSet solid="false" coordIndex='0 1 2 3 -1'>
					<Coordinate point='1.010894 0.319843 0.079548 1.016245 0.330198 0.000000 1.295334 0.420879 -0.000000 1.257659 0.465017 0.143349'/>
				</IndexedFaceSet>
			</Shape>
			<Shape DEF='_IDX_1441'>
				<Appearance USE='Material_62_IDX_62'/>
				<IndexedFaceSet solid="false" coordIndex='0 1 2 3 -1'>
					<Coordinate point='0.845275 0.245564 0.040801 0.839635 0.272814 -0.000000 1.016245 0.330198 0.000000 1.010894 0.319843 0.079548'/>
				</IndexedFaceSet>
			</Shape>
			<Shape DEF='_IDX_1442'>
				<Appearance USE='Material_61_IDX_61'/>
				<IndexedFaceSet solid="false" coordIndex='0 1 2 3 -1'>
					<Coordinate point='0.712038 0.199578 0.018877 0.703923 0.228718 0.000000 0.839635 0.272814 -0.000000 0.845275 0.245564 0.040801'/>
				</IndexedFaceSet>
			</Shape>
			<Shape DEF='_IDX_1443'>
				<Appearance USE='Material_60_IDX_60'/>
				<IndexedFaceSet solid="false" coordIndex='0 1 2 3 -1'>
					<Coordinate point='0.590083 0.163447 0.007586 0.582457 0.189252 -0.000000 0.703923 0.228718 0.000000 0.712038 0.199578 0.018877'/>
				</IndexedFaceSet>
			</Shape>
			<Shape DEF='_IDX_1444'>
				<Appearance USE='Material_59_IDX_59'/>
				<IndexedFaceSet solid="false" coordIndex='0 1 2 3 -1'>
					<Coordinate point='0.471404 0.130179 0.002486 0.465130 0.151130 0.000000 0.582457 0.189252 -0.000000 0.590083 0.163447 0.007586'/>
				</IndexedFaceSet>
			</Shape>
			<Shape DEF='_IDX_1445'>
				<Appearance USE='Material_58_IDX_58'/>
				<IndexedFaceSet solid="false" coordIndex='0 1 2 3 -1'>
					<Coordinate point='0.353463 0.097556 0.000590 0.348733 0.113310 0.000000 0.465130 0.151130 0.000000 0.471404 0.130179 0.002486'/>
				</IndexedFaceSet>
			</Shape>
			<Shape DEF='_IDX_1446'>
				<Appearance USE='Material_57_IDX_57'/>
				<IndexedFaceSet solid="false" coordIndex='0 1 2 3 -1'>
					<Coordinate point='0.235636 0.065031 0.000078 0.232481 0.075538 0.000000 0.348733 0.113310 0.000000 0.353463 0.097556 0.000590'/>
				</IndexedFaceSet>
			</Shape>
			<Shape DEF='_IDX_1447'>
				<Appearance USE='Material_56_IDX_56'/>
				<IndexedFaceSet solid="false" coordIndex='0 1 2 3 -1'>
					<Coordinate point='0.117818 0.032516 0.000002 0.116240 0.037769 0.000000 0.232481 0.075538 0.000000 0.235636 0.065031 0.000078'/>
				</IndexedFaceSet>
			</Shape>
			<Shape DEF='_IDX_1448'>
				<Appearance USE='Material_55_IDX_55'/>
				<IndexedFaceSet solid="false" coordIndex='0 1 2 3 -1'>
					<Coordinate point='0.000000 0.000000 0.000000 0.000000 0.000000 0.000000 0.116240 0.037769 0.000000 0.117818 0.032516 0.000002'/>
				</IndexedFaceSet>
			</Shape>
			<Shape DEF='_IDX_1449'>
				<Appearance USE='Material_72_IDX_72'/>
				<IndexedFaceSet solid="false" coordIndex='0 1 2 3 -1'>
					<Coordinate point='0.098880 0.071840 -0.000011 0.102003 0.067332 -0.000011 0.000000 0.000000 0.000000 0.000000 0.000000 0.000000'/>
				</IndexedFaceSet>
			</Shape>
			<Shape DEF='_IDX_1450'>
				<Appearance USE='Material_71_IDX_71'/>
				<IndexedFaceSet solid="false" coordIndex='0 1 2 3 -1'>
					<Coordinate point='0.197759 0.143681 -0.000349 0.204007 0.134663 -0.000340 0.102003 0.067332 -0.000011 0.098880 0.071840 -0.000011'/>
				</IndexedFaceSet>
			</Shape>
			<Shape DEF='_IDX_1451'>
				<Appearance USE='Material_70_IDX_70'/>
				<IndexedFaceSet solid="false" coordIndex='0 1 2 3 -1'>
					<Coordinate point='0.296629 0.215513 -0.002651 0.306003 0.201984 -0.002585 0.204007 0.134663 -0.000340 0.197759 0.143681 -0.000349'/>
				</IndexedFaceSet>
			</Shape>
			<Shape DEF='_IDX_1452'>
				<Appearance USE='Material_69_IDX_69'/>
				<IndexedFaceSet solid="false" coordIndex='0 1 2 3 -1'>
					<Coordinate point='0.395376 0.287257 -0.011171 0.407923 0.269175 -0.010891 0.306003 0.201984 -0.002585 0.296629 0.215513 -0.002651'/>
				</IndexedFaceSet>
			</Shape>
			<Shape DEF='_IDX_1453'>
				<Appearance USE='Material_68_IDX_68'/>
				<IndexedFaceSet solid="false" coordIndex='0 1 2 3 -1'>
					<Coordinate point='0.493331 0.358426 -0.034093 0.509340 0.335525 -0.033238 0.407923 0.269175 -0.010891 0.395376 0.287257 -0.011171'/>
				</IndexedFaceSet>
			</Shape>
			<Shape DEF='_IDX_1454'>
				<Appearance USE='Material_67_IDX_67'/>
				<IndexedFaceSet solid="false" coordIndex='0 1 2 3 -1'>
					<Coordinate point='0.587766 0.427037 -0.084833 0.608525 0.398141 -0.082706 0.509340 0.335525 -0.033238 0.493331 0.358426 -0.034093'/>
				</IndexedFaceSet>
			</Shape>
			<Shape DEF='_IDX_1455'>
				<Appearance USE='Material_66_IDX_66'/>
				<IndexedFaceSet solid="false" coordIndex='0 1 2 3 -1'>
					<Coordinate point='0.670081 0.486843 -0.183359 0.700027 0.447897 -0.178761 0.608525 0.398141 -0.082706 0.587766 0.427037 -0.084833'/>
				</IndexedFaceSet>
			</Shape>
			<Shape DEF='_IDX_1456'>
				<Appearance USE='Material_65_IDX_65'/>
				<IndexedFaceSet solid="false" coordIndex='0 1 2 3 -1'>
					<Coordinate point='0.717608 0.521373 -0.357487 0.769474 0.460738 -0.348525 0.700027 0.447897 -0.178761 0.670081 0.486843 -0.183359'/>
				</IndexedFaceSet>
			</Shape>
			<Shape DEF='_IDX_1457'>
				<Appearance USE='Material_128_IDX_128'/>
				<IndexedFaceSet solid="false" coordIndex='0 1 2 3 -1'>
					<Coordinate point='0.677961 0.492567 -0.644204 0.783654 0.381078 -0.628052 0.769474 0.460738 -0.348525 0.717608 0.521373 -0.357487'/>
				</IndexedFaceSet>
			</Shape>
			<Shape DEF='_IDX_1458'>
				<Appearance USE='Material_81_IDX_81'/>
				<IndexedFaceSet solid="false" coordIndex='0 1 2 3 -1'>
					<Coordinate point='0.102003 0.067332 -0.000011 0.104922 0.062688 -0.000010 0.000000 0.000000 0.000000 0.000000 0.000000 0.000000'/>
				</IndexedFaceSet>
			</Shape>
			<Shape DEF='_IDX_1459'>
				<Appearance USE='Material_80_IDX_80'/>
				<IndexedFaceSet solid="false" coordIndex='0 1 2 3 -1'>
					<Coordinate point='0.204007 0.134663 -0.000340 0.209843 0.125375 -0.000315 0.104922 0.062688 -0.000010 0.102003 0.067332 -0.000011'/>
				</IndexedFaceSet>
			</Shape>
			<Shape DEF='_IDX_1460'>
				<Appearance USE='Material_79_IDX_79'/>
				<IndexedFaceSet solid="false" coordIndex='0 1 2 3 -1'>
					<Coordinate point='0.306003 0.201984 -0.002585 0.314763 0.188050 -0.002389 0.209843 0.125375 -0.000315 0.204007 0.134663 -0.000340'/>
				</IndexedFaceSet>
			</Shape>
			<Shape DEF='_IDX_1461'>
				<Appearance USE='Material_78_IDX_78'/>
				<IndexedFaceSet solid="false" coordIndex='0 1 2 3 -1'>
					<Coordinate point='0.407923 0.269175 -0.010891 0.419662 0.250575 -0.010065 0.314763 0.188050 -0.002389 0.306003 0.201984 -0.002585'/>
				</IndexedFaceSet>
			</Shape>
			<Shape DEF='_IDX_1462'>
				<Appearance USE='Material_77_IDX_77'/>
				<IndexedFaceSet solid="false" coordIndex='0 1 2 3 -1'>
					<Coordinate point='0.509340 0.335525 -0.033238 0.524430 0.312130 -0.030716 0.419662 0.250575 -0.010065 0.407923 0.269175 -0.010891'/>
				</IndexedFaceSet>
			</Shape>
			<Shape DEF='_IDX_1463'>
				<Appearance USE='Material_76_IDX_76'/>
				<IndexedFaceSet solid="false" coordIndex='0 1 2 3 -1'>
					<Coordinate point='0.608525 0.398141 -0.082706 0.628614 0.369373 -0.076432 0.524430 0.312130 -0.030716 0.509340 0.335525 -0.033238'/>
				</IndexedFaceSet>
			</Shape>
			<Shape DEF='_IDX_1464'>
				<Appearance USE='Material_129_IDX_129'/>
				<IndexedFaceSet solid="false" coordIndex='0 1 2 3 -1'>
					<Coordinate point='0.700027 0.447897 -0.178761 0.730788 0.411772 -0.165200 0.628614 0.369373 -0.076432 0.608525 0.398141 -0.082706'/>
				</IndexedFaceSet>
			</Shape>
			<Shape DEF='_IDX_1465'>
				<Appearance USE='Material_74_IDX_74'/>
				<IndexedFaceSet solid="false" coordIndex='0 1 2 3 -1'>
					<Coordinate point='0.769474 0.460738 -0.348525 0.827188 0.411558 -0.322085 0.730788 0.411772 -0.165200 0.700027 0.447897 -0.178761'/>
				</IndexedFaceSet>
			</Shape>
			<Shape DEF='_IDX_1466'>
				<Appearance USE='Material_73_IDX_73'/>
				<IndexedFaceSet solid="false" coordIndex='0 1 2 3 -1'>
					<Coordinate point='0.783654 0.381078 -0.628052 0.909125 0.304566 -0.580408 0.827188 0.411558 -0.322085 0.769474 0.460738 -0.348525'/>
				</IndexedFaceSet>
			</Shape>
			<Shape DEF='_IDX_1467'>
				<Appearance USE='Material_90_IDX_90'/>
				<IndexedFaceSet solid="false" coordIndex='0 1 2 3 -1'>
					<Coordinate point='0.104922 0.062688 -0.000010 0.107628 0.057917 -0.000009 0.000000 0.000000 0.000000 0.000000 0.000000 0.000000'/>
				</IndexedFaceSet>
			</Shape>
			<Shape DEF='_IDX_1468'>
				<Appearance USE='Material_89_IDX_89'/>
				<IndexedFaceSet solid="false" coordIndex='0 1 2 3 -1'>
					<Coordinate point='0.209843 0.125375 -0.000315 0.215257 0.115834 -0.000273 0.107628 0.057917 -0.000009 0.104922 0.062688 -0.000010'/>
				</IndexedFaceSet>
			</Shape>
			<Shape DEF='_IDX_1469'>
				<Appearance USE='Material_88_IDX_88'/>
				<IndexedFaceSet solid="false" coordIndex='0 1 2 3 -1'>
					<Coordinate point='0.314763 0.188050 -0.002389 0.322889 0.173739 -0.002073 0.215257 0.115834 -0.000273 0.209843 0.125375 -0.000315'/>
				</IndexedFaceSet>
			</Shape>
			<Shape DEF='_IDX_1470'>
				<Appearance USE='Material_87_IDX_87'/>
				<IndexedFaceSet solid="false" coordIndex='0 1 2 3 -1'>
					<Coordinate point='0.419662 0.250575 -0.010065 0.430561 0.231498 -0.008734 0.322889 0.173739 -0.002073 0.314763 0.188050 -0.002389'/>
				</IndexedFaceSet>
			</Shape>
			<Shape DEF='_IDX_1471'>
				<Appearance USE='Material_86_IDX_86'/>
				<IndexedFaceSet solid="false" coordIndex='0 1 2 3 -1'>
					<Coordinate point='0.524430 0.312130 -0.030716 0.538493 0.288313 -0.026655 0.430561 0.231498 -0.008734 0.419662 0.250575 -0.010065'/>
				</IndexedFaceSet>
			</Shape>
			<Shape DEF='_IDX_1472'>
				<Appearance USE='Material_85_IDX_85'/>
				<IndexedFaceSet solid="false" coordIndex='0 1 2 3 -1'>
					<Coordinate point='0.628614 0.369373 -0.076432 0.647583 0.340934 -0.066325 0.538493 0.288313 -0.026655 0.524430 0.312130 -0.030716'/>
				</IndexedFaceSet>
			</Shape>
			<Shape DEF='_IDX_1473'>
				<Appearance USE='Material_84_IDX_84'/>
				<IndexedFaceSet solid="false" coordIndex='0 1 2 3 -1'>
					<Coordinate point='0.730788 0.411772 -0.165200 0.760658 0.379115 -0.143355 0.647583 0.340934 -0.066325 0.628614 0.369373 -0.076432'/>
				</IndexedFaceSet>
			</Shape>
			<Shape DEF='_IDX_1474'>
				<Appearance USE='Material_130_IDX_130'/>
				<IndexedFaceSet solid="false" coordIndex='0 1 2 3 -1'>
					<Coordinate point='0.827188 0.411558 -0.322085 0.885174 0.375844 -0.279495 0.760658 0.379115 -0.143355 0.730788 0.411772 -0.165200'/>
				</IndexedFaceSet>
			</Shape>
			<Shape DEF='_IDX_1475'>
				<Appearance USE='Material_82_IDX_82'/>
				<IndexedFaceSet solid="false" coordIndex='0 1 2 3 -1'>
					<Coordinate point='0.909125 0.304566 -0.580408 1.038355 0.268703 -0.503659 0.885174 0.375844 -0.279495 0.827188 0.411558 -0.322085'/>
				</IndexedFaceSet>
			</Shape>
			<Shape DEF='_IDX_1476'>
				<Appearance USE='Material_99_IDX_99'/>
				<IndexedFaceSet solid="false" coordIndex='0 1 2 3 -1'>
					<Coordinate point='0.107628 0.057917 -0.000009 0.110118 0.053030 -0.000007 0.000000 0.000000 0.000000 0.000000 0.000000 0.000000'/>
				</IndexedFaceSet>
			</Shape>
			<Shape DEF='_IDX_1477'>
				<Appearance USE='Material_98_IDX_98'/>
				<IndexedFaceSet solid="false" coordIndex='0 1 2 3 -1'>
					<Coordinate point='0.215257 0.115834 -0.000273 0.220237 0.106060 -0.000218 0.110118 0.053030 -0.000007 0.107628 0.057917 -0.000009'/>
				</IndexedFaceSet>
			</Shape>
			<Shape DEF='_IDX_1478'>
				<Appearance USE='Material_97_IDX_97'/>
				<IndexedFaceSet solid="false" coordIndex='0 1 2 3 -1'>
					<Coordinate point='0.322889 0.173739 -0.002073 0.330364 0.159080 -0.001653 0.220237 0.106060 -0.000218 0.215257 0.115834 -0.000273'/>
				</IndexedFaceSet>
			</Shape>
			<Shape DEF='_IDX_1479'>
				<Appearance USE='Material_96_IDX_96'/>
				<IndexedFaceSet solid="false" coordIndex='0 1 2 3 -1'>
					<Coordinate point='0.430561 0.231498 -0.008734 0.440584 0.211982 -0.006965 0.330364 0.159080 -0.001653 0.322889 0.173739 -0.002073'/>
				</IndexedFaceSet>
			</Shape>
			<Shape DEF='_IDX_1480'>
				<Appearance USE='Material_95_IDX_95'/>
				<IndexedFaceSet solid="false" coordIndex='0 1 2 3 -1'>
					<Coordinate point='0.538493 0.288313 -0.026655 0.551416 0.264119 -0.021256 0.440584 0.211982 -0.006965 0.430561 0.231498 -0.008734'/>
				</IndexedFaceSet>
			</Shape>
			<Shape DEF='_IDX_1481'>
				<Appearance USE='Material_94_IDX_94'/>
				<IndexedFaceSet solid="false" coordIndex='0 1 2 3 -1'>
					<Coordinate point='0.647583 0.340934 -0.066325 0.664960 0.312853 -0.052893 0.551416 0.264119 -0.021256 0.538493 0.288313 -0.026655'/>
				</IndexedFaceSet>
			</Shape>
			<Shape DEF='_IDX_1482'>
				<Appearance USE='Material_93_IDX_93'/>
				<IndexedFaceSet solid="false" coordIndex='0 1 2 3 -1'>
					<Coordinate point='0.760658 0.379115 -0.143355 0.787843 0.349876 -0.114322 0.664960 0.312853 -0.052893 0.647583 0.340934 -0.066325'/>
				</IndexedFaceSet>
			</Shape>
			<Shape DEF='_IDX_1483'>
				<Appearance USE='Material_92_IDX_92'/>
				<IndexedFaceSet solid="false" coordIndex='0 1 2 3 -1'>
					<Coordinate point='0.885174 0.375844 -0.279495 0.937538 0.353279 -0.222890 0.787843 0.349876 -0.114322 0.760658 0.379115 -0.143355'/>
				</IndexedFaceSet>
			</Shape>
			<Shape DEF='_IDX_1484'>
				<Appearance USE='Material_131_IDX_131'/>
				<IndexedFaceSet solid="false" coordIndex='0 1 2 3 -1'>
					<Coordinate point='1.038355 0.268703 -0.503659 1.154416 0.272437 -0.401655 0.937538 0.353279 -0.222890 0.885174 0.375844 -0.279495'/>
				</IndexedFaceSet>
			</Shape>
			<Shape DEF='_IDX_1485'>
				<Appearance USE='Material_108_IDX_108'/>
				<IndexedFaceSet solid="false" coordIndex='0 1 2 3 -1'>
					<Coordinate point='0.110118 0.053030 -0.000007 0.112387 0.048036 -0.000005 0.000000 0.000000 0.000000 0.000000 0.000000 0.000000'/>
				</IndexedFaceSet>
			</Shape>
			<Shape DEF='_IDX_1486'>
				<Appearance USE='Material_107_IDX_107'/>
				<IndexedFaceSet solid="false" coordIndex='0 1 2 3 -1'>
					<Coordinate point='0.220237 0.106060 -0.000218 0.224774 0.096073 -0.000151 0.112387 0.048036 -0.000005 0.110118 0.053030 -0.000007'/>
				</IndexedFaceSet>
			</Shape>
			<Shape DEF='_IDX_1487'>
				<Appearance USE='Material_106_IDX_106'/>
				<IndexedFaceSet solid="false" coordIndex='0 1 2 3 -1'>
					<Coordinate point='0.330364 0.159080 -0.001653 0.337172 0.144103 -0.001150 0.224774 0.096073 -0.000151 0.220237 0.106060 -0.000218'/>
				</IndexedFaceSet>
			</Shape>
			<Shape DEF='_IDX_1488'>
				<Appearance USE='Material_105_IDX_105'/>
				<IndexedFaceSet solid="false" coordIndex='0 1 2 3 -1'>
					<Coordinate point='0.440584 0.211982 -0.006965 0.449703 0.192062 -0.004847 0.337172 0.144103 -0.001150 0.330364 0.159080 -0.001653'/>
				</IndexedFaceSet>
			</Shape>
			<Shape DEF='_IDX_1489'>
				<Appearance USE='Material_104_IDX_104'/>
				<IndexedFaceSet solid="false" coordIndex='0 1 2 3 -1'>
					<Coordinate point='0.551416 0.264119 -0.021256 0.563097 0.239556 -0.014792 0.449703 0.192062 -0.004847 0.440584 0.211982 -0.006965'/>
				</IndexedFaceSet>
			</Shape>
			<Shape DEF='_IDX_1490'>
				<Appearance USE='Material_103_IDX_103'/>
				<IndexedFaceSet solid="false" coordIndex='0 1 2 3 -1'>
					<Coordinate point='0.664960 0.312853 -0.052893 0.680322 0.284989 -0.036808 0.563097 0.239556 -0.014792 0.551416 0.264119 -0.021256'/>
				</IndexedFaceSet>
			</Shape>
			<Shape DEF='_IDX_1491'>
				<Appearance USE='Material_102_IDX_102'/>
				<IndexedFaceSet solid="false" coordIndex='0 1 2 3 -1'>
					<Coordinate point='0.787843 0.349876 -0.114322 0.810738 0.323323 -0.079556 0.680322 0.284989 -0.036808 0.664960 0.312853 -0.052893'/>
				</IndexedFaceSet>
			</Shape>
			<Shape DEF='_IDX_1492'>
				<Appearance USE='Material_101_IDX_101'/>
				<IndexedFaceSet solid="false" coordIndex='0 1 2 3 -1'>
					<Coordinate point='0.937538 0.353279 -0.222890 0.979021 0.341280 -0.155108 0.810738 0.323323 -0.079556 0.787843 0.349876 -0.114322'/>
				</IndexedFaceSet>
			</Shape>
			<Shape DEF='_IDX_1493'>
				<Appearance USE='Material_100_IDX_100'/>
				<IndexedFaceSet solid="false" coordIndex='0 1 2 3 -1'>
					<Coordinate point='1.154416 0.272437 -0.401655 1.242191 0.308177 -0.279510 0.979021 0.341280 -0.155108 0.937538 0.353279 -0.222890'/>
				</IndexedFaceSet>
			</Shape>
			<Shape DEF='_IDX_1494'>
				<Appearance USE='Material_117_IDX_117'/>
				<IndexedFaceSet solid="false" coordIndex='0 1 2 3 -1'>
					<Coordinate point='0.112387 0.048036 -0.000005 0.114429 0.042946 -0.000002 0.000000 0.000000 0.000000 0.000000 0.000000 0.000000'/>
				</IndexedFaceSet>
			</Shape>
			<Shape DEF='_IDX_1495'>
				<Appearance USE='Material_116_IDX_116'/>
				<IndexedFaceSet solid="false" coordIndex='0 1 2 3 -1'>
					<Coordinate point='0.224774 0.096073 -0.000151 0.228858 0.085892 -0.000078 0.114429 0.042946 -0.000002 0.112387 0.048036 -0.000005'/>
				</IndexedFaceSet>
			</Shape>
			<Shape DEF='_IDX_1496'>
				<Appearance USE='Material_115_IDX_115'/>
				<IndexedFaceSet solid="false" coordIndex='0 1 2 3 -1'>
					<Coordinate point='0.337172 0.144103 -0.001150 0.343299 0.128836 -0.000590 0.228858 0.085892 -0.000078 0.224774 0.096073 -0.000151'/>
				</IndexedFaceSet>
			</Shape>
			<Shape DEF='_IDX_1497'>
				<Appearance USE='Material_114_IDX_114'/>
				<IndexedFaceSet solid="false" coordIndex='0 1 2 3 -1'>
					<Coordinate point='0.449703 0.192062 -0.004847 0.457891 0.171767 -0.002486 0.343299 0.128836 -0.000590 0.337172 0.144103 -0.001150'/>
				</IndexedFaceSet>
			</Shape>
			<Shape DEF='_IDX_1498'>
				<Appearance USE='Material_113_IDX_113'/>
				<IndexedFaceSet solid="false" coordIndex='0 1 2 3 -1'>
					<Coordinate point='0.563097 0.239556 -0.014792 0.573459 0.214611 -0.007586 0.457891 0.171767 -0.002486 0.449703 0.192062 -0.004847'/>
				</IndexedFaceSet>
			</Shape>
			<Shape DEF='_IDX_1499'>
				<Appearance USE='Material_112_IDX_112'/>
				<IndexedFaceSet solid="false" coordIndex='0 1 2 3 -1'>
					<Coordinate point='0.680322 0.284989 -0.036808 0.693360 0.257064 -0.018877 0.573459 0.214611 -0.007586 0.563097 0.239556 -0.014792'/>
				</IndexedFaceSet>
			</Shape>
			<Shape DEF='_IDX_1500'>
				<Appearance USE='Material_111_IDX_111'/>
				<IndexedFaceSet solid="false" coordIndex='0 1 2 3 -1'>
					<Coordinate point='0.810738 0.323323 -0.079556 0.828180 0.298175 -0.040801 0.693360 0.257064 -0.018877 0.680322 0.284989 -0.036808'/>
				</IndexedFaceSet>
			</Shape>
			<Shape DEF='_IDX_1501'>
				<Appearance USE='Material_110_IDX_110'/>
				<IndexedFaceSet solid="false" coordIndex='0 1 2 3 -1'>
					<Coordinate point='0.979021 0.341280 -0.155108 1.005829 0.335430 -0.079548 0.828180 0.298175 -0.040801 0.810738 0.323323 -0.079556'/>
				</IndexedFaceSet>
			</Shape>
			<Shape DEF='_IDX_1502'>
				<Appearance USE='Material_109_IDX_109'/>
				<IndexedFaceSet solid="false" coordIndex='0 1 2 3 -1'>
					<Coordinate point='1.242191 0.308177 -0.279510 1.290798 0.363027 -0.143349 1.005829 0.335430 -0.079548 0.979021 0.341280 -0.155108'/>
				</IndexedFaceSet>
			</Shape>
			<Shape DEF='_IDX_1503'>
				<Appearance USE='Material_126_IDX_126'/>
				<IndexedFaceSet solid="false" coordIndex='0 1 2 3 -1'>
					<Coordinate point='0.114429 0.042946 -0.000002 0.116240 0.037769 -0.000000 0.000000 0.000000 0.000000 0.000000 0.000000 0.000000'/>
				</IndexedFaceSet>
			</Shape>
			<Shape DEF='_IDX_1504'>
				<Appearance USE='Material_125_IDX_125'/>
				<IndexedFaceSet solid="false" coordIndex='0 1 2 3 -1'>
					<Coordinate point='0.228858 0.085892 -0.000078 0.232481 0.075538 -0.000000 0.116240 0.037769 -0.000000 0.114429 0.042946 -0.000002'/>
				</IndexedFaceSet>
			</Shape>
			<Shape DEF='_IDX_1505'>
				<Appearance USE='Material_124_IDX_124'/>
				<IndexedFaceSet solid="false" coordIndex='0 1 2 3 -1'>
					<Coordinate point='0.343299 0.128836 -0.000590 0.348733 0.113310 -0.000000 0.232481 0.075538 -0.000000 0.228858 0.085892 -0.000078'/>
				</IndexedFaceSet>
			</Shape>
			<Shape DEF='_IDX_1506'>
				<Appearance USE='Material_123_IDX_123'/>
				<IndexedFaceSet solid="false" coordIndex='0 1 2 3 -1'>
					<Coordinate point='0.457891 0.171767 -0.002486 0.465130 0.151130 -0.000000 0.348733 0.113310 -0.000000 0.343299 0.128836 -0.000590'/>
				</IndexedFaceSet>
			</Shape>
			<Shape DEF='_IDX_1507'>
				<Appearance USE='Material_122_IDX_122'/>
				<IndexedFaceSet solid="false" coordIndex='0 1 2 3 -1'>
					<Coordinate point='0.573459 0.214611 -0.007586 0.582457 0.189252 -0.000000 0.465130 0.151130 -0.000000 0.457891 0.171767 -0.002486'/>
				</IndexedFaceSet>
			</Shape>
			<Shape DEF='_IDX_1508'>
				<Appearance USE='Material_121_IDX_121'/>
				<IndexedFaceSet solid="false" coordIndex='0 1 2 3 -1'>
					<Coordinate point='0.693360 0.257064 -0.018877 0.703923 0.228718 -0.000000 0.582457 0.189252 -0.000000 0.573459 0.214611 -0.007586'/>
				</IndexedFaceSet>
			</Shape>
			<Shape DEF='_IDX_1509'>
				<Appearance USE='Material_120_IDX_120'/>
				<IndexedFaceSet solid="false" coordIndex='0 1 2 3 -1'>
					<Coordinate point='0.828180 0.298175 -0.040801 0.839635 0.272814 -0.000000 0.703923 0.228718 -0.000000 0.693360 0.257064 -0.018877'/>
				</IndexedFaceSet>
			</Shape>
			<Shape DEF='_IDX_1510'>
				<Appearance USE='Material_119_IDX_119'/>
				<IndexedFaceSet solid="false" coordIndex='0 1 2 3 -1'>
					<Coordinate point='1.005829 0.335430 -0.079548 1.016245 0.330198 -0.000000 0.839635 0.272814 -0.000000 0.828180 0.298175 -0.040801'/>
				</IndexedFaceSet>
			</Shape>
			<Shape DEF='_IDX_1511'>
				<Appearance USE='Material_118_IDX_118'/>
				<IndexedFaceSet solid="false" coordIndex='0 1 2 3 -1'>
					<Coordinate point='1.290798 0.363027 -0.143349 1.295334 0.420879 -0.000000 1.016245 0.330198 -0.000000 1.005829 0.335430 -0.079548'/>
				</IndexedFaceSet>
			</Shape>
		</Group>
	</Scene>
</X3D>
