<?xml version="1.0" encoding="UTF-8"?>
<!DOCTYPE X3D PUBLIC "ISO//Web3D//DTD X3D 3.3//EN" "http://www.web3d.org/specifications/x3d-3.3.dtd">
<X3D profile='Interchange' version='3.3' xmlns:xsd='http://www.w3.org/2001/XMLSchema-instance' xsd:noNamespaceSchemaLocation='http://www.web3d.org/specifications/x3d-3.3.xsd'>
	<head>
	<!-- All "meta" from this section tou will found in <Scene> node as MetadataString nodes. -->
	</head>
	<Scene>
		<Group>
			<Shape DEF='_IDX_0'>
				<Appearance DEF='Material_1_IDX_1'>
					<Material diffuseColor='0.264118 0.475262 0.803761'/>
					
				</Appearance>
				<IndexedFaceSet solid="false" coordIndex='0 1 2 3 -1'>
					<Coordinate point='0.000000 5.884348 -3.141593 -0.419785 5.869356 -3.284392 -0.517475 7.235239 -3.284392 0.000000 7.253721 -3.141593'/>
				</IndexedFaceSet>
			</Shape>
			<Shape DEF='_IDX_1'>
				<Appearance DEF='Material_2_IDX_2'>
					<Material diffuseColor='0.264118 0.475262 0.803761'/>
					
				</Appearance>
				<IndexedFaceSet solid="false" coordIndex='0 1 2 3 -1'>
					<Coordinate point='-0.000000 4.751136 -3.141593 -0.338942 4.739030 -3.284392 -0.419785 5.869356 -3.284392 0.000000 5.884348 -3.141593'/>
				</IndexedFaceSet>
			</Shape>
			<Shape DEF='_IDX_2'>
				<Appearance DEF='Material_3_IDX_3'>
					<Material diffuseColor='0.264118 0.475262 0.803761'/>
					
				</Appearance>
				<IndexedFaceSet solid="false" coordIndex='0 1 2 3 -1'>
					<Coordinate point='-0.000000 3.808603 -3.141593 -0.271703 3.798899 -3.284392 -0.338942 4.739030 -3.284392 -0.000000 4.751136 -3.141593'/>
				</IndexedFaceSet>
			</Shape>
			<Shape DEF='_IDX_3'>
				<Appearance DEF='Material_4_IDX_4'>
					<Material diffuseColor='0.264118 0.475262 0.803761'/>
					
				</Appearance>
				<IndexedFaceSet solid="false" coordIndex='0 1 2 3 -1'>
					<Coordinate point='0.000000 3.018923 -3.141593 -0.215367 3.011231 -3.284392 -0.271703 3.798899 -3.284392 -0.000000 3.808603 -3.141593'/>
				</IndexedFaceSet>
			</Shape>
			<Shape DEF='_IDX_4'>
				<Appearance DEF='Material_5_IDX_5'>
					<Material diffuseColor='0.264118 0.475262 0.803761'/>
					
				</Appearance>
				<IndexedFaceSet solid="false" coordIndex='0 1 2 3 -1'>
					<Coordinate point='-0.000000 2.350402 -3.141593 -0.167676 2.344414 -3.284392 -0.215367 3.011231 -3.284392 0.000000 3.018923 -3.141593'/>
				</IndexedFaceSet>
			</Shape>
			<Shape DEF='_IDX_5'>
				<Appearance DEF='Material_6_IDX_6'>
					<Material diffuseColor='0.264118 0.475262 0.803761'/>
					
				</Appearance>
				<IndexedFaceSet solid="false" coordIndex='0 1 2 3 -1'>
					<Coordinate point='-0.000000 1.776212 -3.141593 -0.126714 1.771686 -3.284392 -0.167676 2.344414 -3.284392 -0.000000 2.350402 -3.141593'/>
				</IndexedFaceSet>
			</Shape>
			<Shape DEF='_IDX_6'>
				<Appearance DEF='Material_7_IDX_7'>
					<Material diffuseColor='0.264118 0.475262 0.803761'/>
					
				</Appearance>
				<IndexedFaceSet solid="false" coordIndex='0 1 2 3 -1'>
					<Coordinate point='-0.000000 1.273307 -3.141593 -0.090837 1.270063 -3.284392 -0.126714 1.771686 -3.284392 -0.000000 1.776212 -3.141593'/>
				</IndexedFaceSet>
			</Shape>
			<Shape DEF='_IDX_7'>
				<Appearance DEF='Material_8_IDX_8'>
					<Material diffuseColor='0.264118 0.475262 0.803761'/>
					
				</Appearance>
				<IndexedFaceSet solid="false" coordIndex='0 1 2 3 -1'>
					<Coordinate point='0.000000 0.821505 -3.141593 -0.058605 0.819412 -3.284392 -0.090837 1.270063 -3.284392 -0.000000 1.273307 -3.141593'/>
				</IndexedFaceSet>
			</Shape>
			<Shape DEF='_IDX_8'>
				<Appearance DEF='Material_9_IDX_9'>
					<Material diffuseColor='0.264118 0.475262 0.803761'/>
					
				</Appearance>
				<IndexedFaceSet solid="false" coordIndex='0 1 2 3 -1'>
					<Coordinate point='-0.000000 0.402672 -3.141593 -0.028726 0.401646 -3.284392 -0.058605 0.819412 -3.284392 0.000000 0.821505 -3.141593'/>
				</IndexedFaceSet>
			</Shape>
			<Shape DEF='_IDX_9'>
				<Appearance DEF='Material_10_IDX_10'>
					<Material diffuseColor='0.264118 0.475262 0.803761'/>
					
				</Appearance>
				<IndexedFaceSet solid="false" coordIndex='0 1 2 3 -1'>
					<Coordinate point='-0.000000 0.000000 -3.141593 -0.000000 0.000000 -3.284392 -0.028726 0.401646 -3.284392 -0.000000 0.402672 -3.141593'/>
				</IndexedFaceSet>
			</Shape>
			<Shape DEF='_IDX_10'>
				<Appearance DEF='Material_11_IDX_11'>
					<Material diffuseColor='0.260111 0.452458 0.806226'/>
					
				</Appearance>
				<IndexedFaceSet solid="false" coordIndex='0 1 2 3 -1'>
					<Coordinate point='-0.419785 5.869356 -3.284392 -0.837430 5.824454 -3.427192 -1.032312 7.179888 -3.427192 -0.517475 7.235239 -3.284392'/>
				</IndexedFaceSet>
			</Shape>
			<Shape DEF='_IDX_11'>
				<Appearance DEF='Material_12_IDX_12'>
					<Material diffuseColor='0.260111 0.452458 0.806226'/>
					
				</Appearance>
				<IndexedFaceSet solid="false" coordIndex='0 1 2 3 -1'>
					<Coordinate point='-0.338942 4.739030 -3.284392 -0.676157 4.702776 -3.427192 -0.837430 5.824454 -3.427192 -0.419785 5.869356 -3.284392'/>
				</IndexedFaceSet>
			</Shape>
			<Shape DEF='_IDX_12'>
				<Appearance DEF='Material_13_IDX_13'>
					<Material diffuseColor='0.260111 0.452458 0.806226'/>
					
				</Appearance>
				<IndexedFaceSet solid="false" coordIndex='0 1 2 3 -1'>
					<Coordinate point='-0.271703 3.798899 -3.284392 -0.542021 3.769837 -3.427192 -0.676157 4.702776 -3.427192 -0.338942 4.739030 -3.284392'/>
				</IndexedFaceSet>
			</Shape>
			<Shape DEF='_IDX_13'>
				<Appearance DEF='Material_14_IDX_14'>
					<Material diffuseColor='0.260111 0.452458 0.806226'/>
					
				</Appearance>
				<IndexedFaceSet solid="false" coordIndex='0 1 2 3 -1'>
					<Coordinate point='-0.215367 3.011231 -3.284392 -0.429637 2.988194 -3.427192 -0.542021 3.769837 -3.427192 -0.271703 3.798899 -3.284392'/>
				</IndexedFaceSet>
			</Shape>
			<Shape DEF='_IDX_14'>
				<Appearance DEF='Material_15_IDX_15'>
					<Material diffuseColor='0.260111 0.452458 0.806226'/>
					
				</Appearance>
				<IndexedFaceSet solid="false" coordIndex='0 1 2 3 -1'>
					<Coordinate point='-0.167676 2.344414 -3.284392 -0.334497 2.326479 -3.427192 -0.429637 2.988194 -3.427192 -0.215367 3.011231 -3.284392'/>
				</IndexedFaceSet>
			</Shape>
			<Shape DEF='_IDX_15'>
				<Appearance DEF='Material_16_IDX_16'>
					<Material diffuseColor='0.260111 0.452458 0.806226'/>
					
				</Appearance>
				<IndexedFaceSet solid="false" coordIndex='0 1 2 3 -1'>
					<Coordinate point='-0.126714 1.771686 -3.284392 -0.252781 1.758133 -3.427192 -0.334497 2.326479 -3.427192 -0.167676 2.344414 -3.284392'/>
				</IndexedFaceSet>
			</Shape>
			<Shape DEF='_IDX_16'>
				<Appearance DEF='Material_17_IDX_17'>
					<Material diffuseColor='0.260111 0.452458 0.806226'/>
					
				</Appearance>
				<IndexedFaceSet solid="false" coordIndex='0 1 2 3 -1'>
					<Coordinate point='-0.090837 1.270063 -3.284392 -0.181211 1.260347 -3.427192 -0.252781 1.758133 -3.427192 -0.126714 1.771686 -3.284392'/>
				</IndexedFaceSet>
			</Shape>
			<Shape DEF='_IDX_17'>
				<Appearance DEF='Material_18_IDX_18'>
					<Material diffuseColor='0.260111 0.452458 0.806226'/>
					
				</Appearance>
				<IndexedFaceSet solid="false" coordIndex='0 1 2 3 -1'>
					<Coordinate point='-0.058605 0.819412 -3.284392 -0.116912 0.813143 -3.427192 -0.181211 1.260347 -3.427192 -0.090837 1.270063 -3.284392'/>
				</IndexedFaceSet>
			</Shape>
			<Shape DEF='_IDX_18'>
				<Appearance DEF='Material_19_IDX_19'>
					<Material diffuseColor='0.260111 0.452458 0.806226'/>
					
				</Appearance>
				<IndexedFaceSet solid="false" coordIndex='0 1 2 3 -1'>
					<Coordinate point='-0.028726 0.401646 -3.284392 -0.057306 0.398573 -3.427192 -0.116912 0.813143 -3.427192 -0.058605 0.819412 -3.284392'/>
				</IndexedFaceSet>
			</Shape>
			<Shape DEF='_IDX_19'>
				<Appearance DEF='Material_20_IDX_20'>
					<Material diffuseColor='0.260111 0.452458 0.806226'/>
					
				</Appearance>
				<IndexedFaceSet solid="false" coordIndex='0 1 2 3 -1'>
					<Coordinate point='-0.000000 0.000000 -3.284392 0.000000 0.000000 -3.427192 -0.057306 0.398573 -3.427192 -0.028726 0.401646 -3.284392'/>
				</IndexedFaceSet>
			</Shape>
			<Shape DEF='_IDX_20'>
				<Appearance DEF='Material_21_IDX_21'>
					<Material diffuseColor='0.256103 0.429654 0.808690'/>
					
				</Appearance>
				<IndexedFaceSet solid="false" coordIndex='0 1 2 3 -1'>
					<Coordinate point='-0.837430 5.824454 -3.427192 -1.250808 5.749873 -3.569992 -1.541889 7.087951 -3.569992 -1.032312 7.179888 -3.427192'/>
				</IndexedFaceSet>
			</Shape>
			<Shape DEF='_IDX_21'>
				<Appearance DEF='Material_22_IDX_22'>
					<Material diffuseColor='0.256103 0.429654 0.808690'/>
					
				</Appearance>
				<IndexedFaceSet solid="false" coordIndex='0 1 2 3 -1'>
					<Coordinate point='-0.676157 4.702776 -3.427192 -1.009927 4.642558 -3.569992 -1.250808 5.749873 -3.569992 -0.837430 5.824454 -3.427192'/>
				</IndexedFaceSet>
			</Shape>
			<Shape DEF='_IDX_22'>
				<Appearance DEF='Material_23_IDX_23'>
					<Material diffuseColor='0.256103 0.429654 0.808690'/>
					
				</Appearance>
				<IndexedFaceSet solid="false" coordIndex='0 1 2 3 -1'>
					<Coordinate point='-0.542021 3.769837 -3.427192 -0.809577 3.721565 -3.569992 -1.009927 4.642558 -3.569992 -0.676157 4.702776 -3.427192'/>
				</IndexedFaceSet>
			</Shape>
			<Shape DEF='_IDX_23'>
				<Appearance DEF='Material_24_IDX_24'>
					<Material diffuseColor='0.256103 0.429654 0.808690'/>
					
				</Appearance>
				<IndexedFaceSet solid="false" coordIndex='0 1 2 3 -1'>
					<Coordinate point='-0.429637 2.988194 -3.427192 -0.641718 2.949931 -3.569992 -0.809577 3.721565 -3.569992 -0.542021 3.769837 -3.427192'/>
				</IndexedFaceSet>
			</Shape>
			<Shape DEF='_IDX_24'>
				<Appearance DEF='Material_25_IDX_25'>
					<Material diffuseColor='0.256103 0.429654 0.808690'/>
					
				</Appearance>
				<IndexedFaceSet solid="false" coordIndex='0 1 2 3 -1'>
					<Coordinate point='-0.334497 2.326479 -3.427192 -0.499614 2.296688 -3.569992 -0.641718 2.949931 -3.569992 -0.429637 2.988194 -3.427192'/>
				</IndexedFaceSet>
			</Shape>
			<Shape DEF='_IDX_25'>
				<Appearance DEF='Material_26_IDX_26'>
					<Material diffuseColor='0.256103 0.429654 0.808690'/>
					
				</Appearance>
				<IndexedFaceSet solid="false" coordIndex='0 1 2 3 -1'>
					<Coordinate point='-0.252781 1.758133 -3.427192 -0.377561 1.735620 -3.569992 -0.499614 2.296688 -3.569992 -0.334497 2.326479 -3.427192'/>
				</IndexedFaceSet>
			</Shape>
			<Shape DEF='_IDX_26'>
				<Appearance DEF='Material_27_IDX_27'>
					<Material diffuseColor='0.256103 0.429654 0.808690'/>
					
				</Appearance>
				<IndexedFaceSet solid="false" coordIndex='0 1 2 3 -1'>
					<Coordinate point='-0.181211 1.260347 -3.427192 -0.270661 1.244208 -3.569992 -0.377561 1.735620 -3.569992 -0.252781 1.758133 -3.427192'/>
				</IndexedFaceSet>
			</Shape>
			<Shape DEF='_IDX_27'>
				<Appearance DEF='Material_28_IDX_28'>
					<Material diffuseColor='0.256103 0.429654 0.808690'/>
					
				</Appearance>
				<IndexedFaceSet solid="false" coordIndex='0 1 2 3 -1'>
					<Coordinate point='-0.116912 0.813143 -3.427192 -0.174623 0.802731 -3.569992 -0.270661 1.244208 -3.569992 -0.181211 1.260347 -3.427192'/>
				</IndexedFaceSet>
			</Shape>
			<Shape DEF='_IDX_28'>
				<Appearance DEF='Material_29_IDX_29'>
					<Material diffuseColor='0.256103 0.429654 0.808690'/>
					
				</Appearance>
				<IndexedFaceSet solid="false" coordIndex='0 1 2 3 -1'>
					<Coordinate point='-0.057306 0.398573 -3.427192 -0.085594 0.393470 -3.569992 -0.174623 0.802731 -3.569992 -0.116912 0.813143 -3.427192'/>
				</IndexedFaceSet>
			</Shape>
			<Shape DEF='_IDX_29'>
				<Appearance DEF='Material_30_IDX_30'>
					<Material diffuseColor='0.256103 0.429654 0.808690'/>
					
				</Appearance>
				<IndexedFaceSet solid="false" coordIndex='0 1 2 3 -1'>
					<Coordinate point='0.000000 0.000000 -3.427192 -0.000000 -0.000000 -3.569992 -0.085594 0.393470 -3.569992 -0.057306 0.398573 -3.427192'/>
				</IndexedFaceSet>
			</Shape>
			<Shape DEF='_IDX_30'>
				<Appearance DEF='Material_31_IDX_31'>
					<Material diffuseColor='0.252095 0.406850 0.811155'/>
					
				</Appearance>
				<IndexedFaceSet solid="false" coordIndex='0 1 2 3 -1'>
					<Coordinate point='-1.250808 5.749873 -3.569992 -1.657813 5.645991 -3.712791 -2.043609 6.959894 -3.712791 -1.541889 7.087951 -3.569992'/>
				</IndexedFaceSet>
			</Shape>
			<Shape DEF='_IDX_31'>
				<Appearance DEF='Material_32_IDX_32'>
					<Material diffuseColor='0.252095 0.406850 0.811155'/>
					
				</Appearance>
				<IndexedFaceSet solid="false" coordIndex='0 1 2 3 -1'>
					<Coordinate point='-1.009927 4.642558 -3.569992 -1.338550 4.558681 -3.712791 -1.657813 5.645991 -3.712791 -1.250808 5.749873 -3.569992'/>
				</IndexedFaceSet>
			</Shape>
			<Shape DEF='_IDX_32'>
				<Appearance DEF='Material_33_IDX_33'>
					<Material diffuseColor='0.252095 0.406850 0.811155'/>
					
				</Appearance>
				<IndexedFaceSet solid="false" coordIndex='0 1 2 3 -1'>
					<Coordinate point='-0.809577 3.721565 -3.569992 -1.073007 3.654328 -3.712791 -1.338550 4.558681 -3.712791 -1.009927 4.642558 -3.569992'/>
				</IndexedFaceSet>
			</Shape>
			<Shape DEF='_IDX_33'>
				<Appearance DEF='Material_34_IDX_34'>
					<Material diffuseColor='0.252095 0.406850 0.811155'/>
					
				</Appearance>
				<IndexedFaceSet solid="false" coordIndex='0 1 2 3 -1'>
					<Coordinate point='-0.641718 2.949931 -3.569992 -0.850529 2.896635 -3.712791 -1.073007 3.654328 -3.712791 -0.809577 3.721565 -3.569992'/>
				</IndexedFaceSet>
			</Shape>
			<Shape DEF='_IDX_34'>
				<Appearance DEF='Material_35_IDX_35'>
					<Material diffuseColor='0.252095 0.406850 0.811155'/>
					
				</Appearance>
				<IndexedFaceSet solid="false" coordIndex='0 1 2 3 -1'>
					<Coordinate point='-0.499614 2.296688 -3.569992 -0.662185 2.255195 -3.712791 -0.850529 2.896635 -3.712791 -0.641718 2.949931 -3.569992'/>
				</IndexedFaceSet>
			</Shape>
			<Shape DEF='_IDX_35'>
				<Appearance DEF='Material_36_IDX_36'>
					<Material diffuseColor='0.252095 0.406850 0.811155'/>
					
				</Appearance>
				<IndexedFaceSet solid="false" coordIndex='0 1 2 3 -1'>
					<Coordinate point='-0.377561 1.735620 -3.569992 -0.500417 1.704263 -3.712791 -0.662185 2.255195 -3.712791 -0.499614 2.296688 -3.569992'/>
				</IndexedFaceSet>
			</Shape>
			<Shape DEF='_IDX_36'>
				<Appearance DEF='Material_37_IDX_37'>
					<Material diffuseColor='0.252095 0.406850 0.811155'/>
					
				</Appearance>
				<IndexedFaceSet solid="false" coordIndex='0 1 2 3 -1'>
					<Coordinate point='-0.270661 1.244208 -3.569992 -0.358732 1.221729 -3.712791 -0.500417 1.704263 -3.712791 -0.377561 1.735620 -3.569992'/>
				</IndexedFaceSet>
			</Shape>
			<Shape DEF='_IDX_37'>
				<Appearance DEF='Material_38_IDX_38'>
					<Material diffuseColor='0.252095 0.406850 0.811155'/>
					
				</Appearance>
				<IndexedFaceSet solid="false" coordIndex='0 1 2 3 -1'>
					<Coordinate point='-0.174623 0.802731 -3.569992 -0.231445 0.788228 -3.712791 -0.358732 1.221729 -3.712791 -0.270661 1.244208 -3.569992'/>
				</IndexedFaceSet>
			</Shape>
			<Shape DEF='_IDX_38'>
				<Appearance DEF='Material_39_IDX_39'>
					<Material diffuseColor='0.252095 0.406850 0.811155'/>
					
				</Appearance>
				<IndexedFaceSet solid="false" coordIndex='0 1 2 3 -1'>
					<Coordinate point='-0.085594 0.393470 -3.569992 -0.113446 0.386361 -3.712791 -0.231445 0.788228 -3.712791 -0.174623 0.802731 -3.569992'/>
				</IndexedFaceSet>
			</Shape>
			<Shape DEF='_IDX_39'>
				<Appearance DEF='Material_40_IDX_40'>
					<Material diffuseColor='0.252095 0.406850 0.811155'/>
					
				</Appearance>
				<IndexedFaceSet solid="false" coordIndex='0 1 2 3 -1'>
					<Coordinate point='-0.000000 -0.000000 -3.569992 -0.000000 -0.000000 -3.712791 -0.113446 0.386361 -3.712791 -0.085594 0.393470 -3.569992'/>
				</IndexedFaceSet>
			</Shape>
			<Shape DEF='_IDX_40'>
				<Appearance DEF='Material_41_IDX_41'>
					<Material diffuseColor='0.248088 0.384046 0.813619'/>
					
				</Appearance>
				<IndexedFaceSet solid="false" coordIndex='0 1 2 3 -1'>
					<Coordinate point='-1.657813 5.645991 -3.712791 -2.056369 5.513339 -3.855591 -2.534916 6.796372 -3.855591 -2.043609 6.959894 -3.712791'/>
				</IndexedFaceSet>
			</Shape>
			<Shape DEF='_IDX_41'>
				<Appearance DEF='Material_42_IDX_42'>
					<Material diffuseColor='0.248088 0.384046 0.813619'/>
					
				</Appearance>
				<IndexedFaceSet solid="false" coordIndex='0 1 2 3 -1'>
					<Coordinate point='-1.338550 4.558681 -3.712791 -1.660352 4.451575 -3.855591 -2.056369 5.513339 -3.855591 -1.657813 5.645991 -3.712791'/>
				</IndexedFaceSet>
			</Shape>
			<Shape DEF='_IDX_42'>
				<Appearance DEF='Material_43_IDX_43'>
					<Material diffuseColor='0.248088 0.384046 0.813619'/>
					
				</Appearance>
				<IndexedFaceSet solid="false" coordIndex='0 1 2 3 -1'>
					<Coordinate point='-1.073007 3.654328 -3.712791 -1.330970 3.568470 -3.855591 -1.660352 4.451575 -3.855591 -1.338550 4.558681 -3.712791'/>
				</IndexedFaceSet>
			</Shape>
			<Shape DEF='_IDX_43'>
				<Appearance DEF='Material_44_IDX_44'>
					<Material diffuseColor='0.248088 0.384046 0.813619'/>
					
				</Appearance>
				<IndexedFaceSet solid="false" coordIndex='0 1 2 3 -1'>
					<Coordinate point='-0.850529 2.896635 -3.712791 -1.055005 2.828579 -3.855591 -1.330970 3.568470 -3.855591 -1.073007 3.654328 -3.712791'/>
				</IndexedFaceSet>
			</Shape>
			<Shape DEF='_IDX_44'>
				<Appearance DEF='Material_45_IDX_45'>
					<Material diffuseColor='0.248088 0.384046 0.813619'/>
					
				</Appearance>
				<IndexedFaceSet solid="false" coordIndex='0 1 2 3 -1'>
					<Coordinate point='-0.662185 2.255195 -3.712791 -0.821381 2.202209 -3.855591 -1.055005 2.828579 -3.855591 -0.850529 2.896635 -3.712791'/>
				</IndexedFaceSet>
			</Shape>
			<Shape DEF='_IDX_45'>
				<Appearance DEF='Material_46_IDX_46'>
					<Material diffuseColor='0.248088 0.384046 0.813619'/>
					
				</Appearance>
				<IndexedFaceSet solid="false" coordIndex='0 1 2 3 -1'>
					<Coordinate point='-0.500417 1.704263 -3.712791 -0.620722 1.664221 -3.855591 -0.821381 2.202209 -3.855591 -0.662185 2.255195 -3.712791'/>
				</IndexedFaceSet>
			</Shape>
			<Shape DEF='_IDX_46'>
				<Appearance DEF='Material_47_IDX_47'>
					<Material diffuseColor='0.248088 0.384046 0.813619'/>
					
				</Appearance>
				<IndexedFaceSet solid="false" coordIndex='0 1 2 3 -1'>
					<Coordinate point='-0.358732 1.221729 -3.712791 -0.444975 1.193025 -3.855591 -0.620722 1.664221 -3.855591 -0.500417 1.704263 -3.712791'/>
				</IndexedFaceSet>
			</Shape>
			<Shape DEF='_IDX_47'>
				<Appearance DEF='Material_48_IDX_48'>
					<Material diffuseColor='0.248088 0.384046 0.813619'/>
					
				</Appearance>
				<IndexedFaceSet solid="false" coordIndex='0 1 2 3 -1'>
					<Coordinate point='-0.231445 0.788228 -3.712791 -0.287086 0.769709 -3.855591 -0.444975 1.193025 -3.855591 -0.358732 1.221729 -3.712791'/>
				</IndexedFaceSet>
			</Shape>
			<Shape DEF='_IDX_48'>
				<Appearance DEF='Material_49_IDX_49'>
					<Material diffuseColor='0.248088 0.384046 0.813619'/>
					
				</Appearance>
				<IndexedFaceSet solid="false" coordIndex='0 1 2 3 -1'>
					<Coordinate point='-0.113446 0.386361 -3.712791 -0.140719 0.377283 -3.855591 -0.287086 0.769709 -3.855591 -0.231445 0.788228 -3.712791'/>
				</IndexedFaceSet>
			</Shape>
			<Shape DEF='_IDX_49'>
				<Appearance DEF='Material_50_IDX_50'>
					<Material diffuseColor='0.248088 0.384046 0.813619'/>
					
				</Appearance>
				<IndexedFaceSet solid="false" coordIndex='0 1 2 3 -1'>
					<Coordinate point='-0.000000 -0.000000 -3.712791 -0.000000 -0.000000 -3.855591 -0.140719 0.377283 -3.855591 -0.113446 0.386361 -3.712791'/>
				</IndexedFaceSet>
			</Shape>
			<Shape DEF='_IDX_50'>
				<Appearance DEF='Material_51_IDX_51'>
					<Material diffuseColor='0.244080 0.361242 0.816084'/>
					
				</Appearance>
				<IndexedFaceSet solid="false" coordIndex='0 1 2 3 -1'>
					<Coordinate point='-2.056369 5.513339 -3.855591 -2.444447 5.352592 -3.998391 -3.013304 6.598217 -3.998391 -2.534916 6.796372 -3.855591'/>
				</IndexedFaceSet>
			</Shape>
			<Shape DEF='_IDX_51'>
				<Appearance DEF='Material_52_IDX_52'>
					<Material diffuseColor='0.244080 0.361242 0.816084'/>
					
				</Appearance>
				<IndexedFaceSet solid="false" coordIndex='0 1 2 3 -1'>
					<Coordinate point='-1.660352 4.451575 -3.855591 -1.973693 4.321785 -3.998391 -2.444447 5.352592 -3.998391 -2.056369 5.513339 -3.855591'/>
				</IndexedFaceSet>
			</Shape>
			<Shape DEF='_IDX_52'>
				<Appearance DEF='Material_53_IDX_53'>
					<Material diffuseColor='0.244080 0.361242 0.816084'/>
					
				</Appearance>
				<IndexedFaceSet solid="false" coordIndex='0 1 2 3 -1'>
					<Coordinate point='-1.330970 3.568470 -3.855591 -1.582151 3.464427 -3.998391 -1.973693 4.321785 -3.998391 -1.660352 4.451575 -3.855591'/>
				</IndexedFaceSet>
			</Shape>
			<Shape DEF='_IDX_53'>
				<Appearance DEF='Material_54_IDX_54'>
					<Material diffuseColor='0.244080 0.361242 0.816084'/>
					
				</Appearance>
				<IndexedFaceSet solid="false" coordIndex='0 1 2 3 -1'>
					<Coordinate point='-1.055005 2.828579 -3.855591 -1.254106 2.746109 -3.998391 -1.582151 3.464427 -3.998391 -1.330970 3.568470 -3.855591'/>
				</IndexedFaceSet>
			</Shape>
			<Shape DEF='_IDX_54'>
				<Appearance DEF='Material_55_IDX_55'>
					<Material diffuseColor='0.244080 0.361242 0.816084'/>
					
				</Appearance>
				<IndexedFaceSet solid="false" coordIndex='0 1 2 3 -1'>
					<Coordinate point='-0.821381 2.202209 -3.855591 -0.976392 2.138001 -3.998391 -1.254106 2.746109 -3.998391 -1.055005 2.828579 -3.855591'/>
				</IndexedFaceSet>
			</Shape>
			<Shape DEF='_IDX_55'>
				<Appearance DEF='Material_56_IDX_56'>
					<Material diffuseColor='0.244080 0.361242 0.816084'/>
					
				</Appearance>
				<IndexedFaceSet solid="false" coordIndex='0 1 2 3 -1'>
					<Coordinate point='-0.620722 1.664221 -3.855591 -0.737865 1.615699 -3.998391 -0.976392 2.138001 -3.998391 -0.821381 2.202209 -3.855591'/>
				</IndexedFaceSet>
			</Shape>
			<Shape DEF='_IDX_56'>
				<Appearance DEF='Material_57_IDX_57'>
					<Material diffuseColor='0.244080 0.361242 0.816084'/>
					
				</Appearance>
				<IndexedFaceSet solid="false" coordIndex='0 1 2 3 -1'>
					<Coordinate point='-0.444975 1.193025 -3.855591 -0.528951 1.158241 -3.998391 -0.737865 1.615699 -3.998391 -0.620722 1.664221 -3.855591'/>
				</IndexedFaceSet>
			</Shape>
			<Shape DEF='_IDX_57'>
				<Appearance DEF='Material_58_IDX_58'>
					<Material diffuseColor='0.244080 0.361242 0.816084'/>
					
				</Appearance>
				<IndexedFaceSet solid="false" coordIndex='0 1 2 3 -1'>
					<Coordinate point='-0.287086 0.769709 -3.855591 -0.341265 0.747267 -3.998391 -0.528951 1.158241 -3.998391 -0.444975 1.193025 -3.855591'/>
				</IndexedFaceSet>
			</Shape>
			<Shape DEF='_IDX_58'>
				<Appearance DEF='Material_59_IDX_59'>
					<Material diffuseColor='0.244080 0.361242 0.816084'/>
					
				</Appearance>
				<IndexedFaceSet solid="false" coordIndex='0 1 2 3 -1'>
					<Coordinate point='-0.140719 0.377283 -3.855591 -0.167276 0.366283 -3.998391 -0.341265 0.747267 -3.998391 -0.287086 0.769709 -3.855591'/>
				</IndexedFaceSet>
			</Shape>
			<Shape DEF='_IDX_59'>
				<Appearance DEF='Material_60_IDX_60'>
					<Material diffuseColor='0.244080 0.361242 0.816084'/>
					
				</Appearance>
				<IndexedFaceSet solid="false" coordIndex='0 1 2 3 -1'>
					<Coordinate point='-0.000000 -0.000000 -3.855591 -0.000000 -0.000000 -3.998391 -0.167276 0.366283 -3.998391 -0.140719 0.377283 -3.855591'/>
				</IndexedFaceSet>
			</Shape>
			<Shape DEF='_IDX_60'>
				<Appearance DEF='Material_61_IDX_61'>
					<Material diffuseColor='0.245289 0.336541 0.807551'/>
					
				</Appearance>
				<IndexedFaceSet solid="false" coordIndex='0 1 2 3 -1'>
					<Coordinate point='-2.444447 5.352592 -3.998391 -2.820068 5.164569 -4.141191 -3.476338 6.366438 -4.141191 -3.013304 6.598217 -3.998391'/>
				</IndexedFaceSet>
			</Shape>
			<Shape DEF='_IDX_61'>
				<Appearance DEF='Material_62_IDX_62'>
					<Material diffuseColor='0.245289 0.336541 0.807551'/>
					
				</Appearance>
				<IndexedFaceSet solid="false" coordIndex='0 1 2 3 -1'>
					<Coordinate point='-1.973693 4.321785 -3.998391 -2.276977 4.169972 -4.141191 -2.820068 5.164569 -4.141191 -2.444447 5.352592 -3.998391'/>
				</IndexedFaceSet>
			</Shape>
			<Shape DEF='_IDX_62'>
				<Appearance DEF='Material_63_IDX_63'>
					<Material diffuseColor='0.245289 0.336541 0.807551'/>
					
				</Appearance>
				<IndexedFaceSet solid="false" coordIndex='0 1 2 3 -1'>
					<Coordinate point='-1.582151 3.464427 -3.998391 -1.825269 3.342731 -4.141191 -2.276977 4.169972 -4.141191 -1.973693 4.321785 -3.998391'/>
				</IndexedFaceSet>
			</Shape>
			<Shape DEF='_IDX_63'>
				<Appearance DEF='Material_64_IDX_64'>
					<Material diffuseColor='0.245289 0.336541 0.807551'/>
					
				</Appearance>
				<IndexedFaceSet solid="false" coordIndex='0 1 2 3 -1'>
					<Coordinate point='-1.254106 2.746109 -3.998391 -1.446816 2.649645 -4.141191 -1.825269 3.342731 -4.141191 -1.582151 3.464427 -3.998391'/>
				</IndexedFaceSet>
			</Shape>
			<Shape DEF='_IDX_64'>
				<Appearance DEF='Material_65_IDX_65'>
					<Material diffuseColor='0.245289 0.336541 0.807551'/>
					
				</Appearance>
				<IndexedFaceSet solid="false" coordIndex='0 1 2 3 -1'>
					<Coordinate point='-0.976392 2.138001 -3.998391 -1.126428 2.062899 -4.141191 -1.446816 2.649645 -4.141191 -1.254106 2.746109 -3.998391'/>
				</IndexedFaceSet>
			</Shape>
			<Shape DEF='_IDX_65'>
				<Appearance DEF='Material_66_IDX_66'>
					<Material diffuseColor='0.245289 0.336541 0.807551'/>
					
				</Appearance>
				<IndexedFaceSet solid="false" coordIndex='0 1 2 3 -1'>
					<Coordinate point='-0.737865 1.615699 -3.998391 -0.851248 1.558944 -4.141191 -1.126428 2.062899 -4.141191 -0.976392 2.138001 -3.998391'/>
				</IndexedFaceSet>
			</Shape>
			<Shape DEF='_IDX_66'>
				<Appearance DEF='Material_67_IDX_67'>
					<Material diffuseColor='0.245289 0.336541 0.807551'/>
					
				</Appearance>
				<IndexedFaceSet solid="false" coordIndex='0 1 2 3 -1'>
					<Coordinate point='-0.528951 1.158241 -3.998391 -0.610231 1.117555 -4.141191 -0.851248 1.558944 -4.141191 -0.737865 1.615699 -3.998391'/>
				</IndexedFaceSet>
			</Shape>
			<Shape DEF='_IDX_67'>
				<Appearance DEF='Material_68_IDX_68'>
					<Material diffuseColor='0.245289 0.336541 0.807551'/>
					
				</Appearance>
				<IndexedFaceSet solid="false" coordIndex='0 1 2 3 -1'>
					<Coordinate point='-0.341265 0.747267 -3.998391 -0.393705 0.721017 -4.141191 -0.610231 1.117555 -4.141191 -0.528951 1.158241 -3.998391'/>
				</IndexedFaceSet>
			</Shape>
			<Shape DEF='_IDX_68'>
				<Appearance DEF='Material_69_IDX_69'>
					<Material diffuseColor='0.245289 0.336541 0.807551'/>
					
				</Appearance>
				<IndexedFaceSet solid="false" coordIndex='0 1 2 3 -1'>
					<Coordinate point='-0.167276 0.366283 -3.998391 -0.192980 0.353417 -4.141191 -0.393705 0.721017 -4.141191 -0.341265 0.747267 -3.998391'/>
				</IndexedFaceSet>
			</Shape>
			<Shape DEF='_IDX_69'>
				<Appearance USE='Material_68_IDX_68'/>
				<IndexedFaceSet solid="false" coordIndex='0 1 2 3 -1'>
					<Coordinate point='-0.000000 -0.000000 -3.998391 -0.000000 -0.000000 -4.141191 -0.192980 0.353417 -4.141191 -0.167276 0.366283 -3.998391'/>
				</IndexedFaceSet>
			</Shape>
			<Shape DEF='_IDX_70'>
				<Appearance DEF='Material_70_IDX_70'>
					<Material diffuseColor='0.246497 0.311840 0.799018'/>
					
				</Appearance>
				<IndexedFaceSet solid="false" coordIndex='0 1 2 3 -1'>
					<Coordinate point='-2.820068 5.164569 -4.141191 -3.181319 4.950229 -4.283990 -3.921658 6.102218 -4.283990 -3.476338 6.366438 -4.141191'/>
				</IndexedFaceSet>
			</Shape>
			<Shape DEF='_IDX_71'>
				<Appearance DEF='Material_71_IDX_71'>
					<Material diffuseColor='0.246497 0.311840 0.799018'/>
					
				</Appearance>
				<IndexedFaceSet solid="false" coordIndex='0 1 2 3 -1'>
					<Coordinate point='-2.276977 4.169972 -4.141191 -2.568658 3.996910 -4.283990 -3.181319 4.950229 -4.283990 -2.820068 5.164569 -4.141191'/>
				</IndexedFaceSet>
			</Shape>
			<Shape DEF='_IDX_72'>
				<Appearance DEF='Material_72_IDX_72'>
					<Material diffuseColor='0.246497 0.311840 0.799018'/>
					
				</Appearance>
				<IndexedFaceSet solid="false" coordIndex='0 1 2 3 -1'>
					<Coordinate point='-1.825269 3.342731 -4.141191 -2.059086 3.204001 -4.283990 -2.568658 3.996910 -4.283990 -2.276977 4.169972 -4.141191'/>
				</IndexedFaceSet>
			</Shape>
			<Shape DEF='_IDX_73'>
				<Appearance DEF='Material_73_IDX_73'>
					<Material diffuseColor='0.246497 0.311840 0.799018'/>
					
				</Appearance>
				<IndexedFaceSet solid="false" coordIndex='0 1 2 3 -1'>
					<Coordinate point='-1.446816 2.649645 -4.141191 -1.632153 2.539679 -4.283990 -2.059086 3.204001 -4.283990 -1.825269 3.342731 -4.141191'/>
				</IndexedFaceSet>
			</Shape>
			<Shape DEF='_IDX_74'>
				<Appearance DEF='Material_74_IDX_74'>
					<Material diffuseColor='0.246497 0.311840 0.799018'/>
					
				</Appearance>
				<IndexedFaceSet solid="false" coordIndex='0 1 2 3 -1'>
					<Coordinate point='-1.126428 2.062899 -4.141191 -1.270723 1.977284 -4.283990 -1.632153 2.539679 -4.283990 -1.446816 2.649645 -4.141191'/>
				</IndexedFaceSet>
			</Shape>
			<Shape DEF='_IDX_75'>
				<Appearance DEF='Material_75_IDX_75'>
					<Material diffuseColor='0.246497 0.311840 0.799018'/>
					
				</Appearance>
				<IndexedFaceSet solid="false" coordIndex='0 1 2 3 -1'>
					<Coordinate point='-0.851248 1.558944 -4.141191 -0.960293 1.494245 -4.283990 -1.270723 1.977284 -4.283990 -1.126428 2.062899 -4.141191'/>
				</IndexedFaceSet>
			</Shape>
			<Shape DEF='_IDX_76'>
				<Appearance DEF='Material_76_IDX_76'>
					<Material diffuseColor='0.246497 0.311840 0.799018'/>
					
				</Appearance>
				<IndexedFaceSet solid="false" coordIndex='0 1 2 3 -1'>
					<Coordinate point='-0.610231 1.117555 -4.141191 -0.688402 1.071174 -4.283990 -0.960293 1.494245 -4.283990 -0.851248 1.558944 -4.141191'/>
				</IndexedFaceSet>
			</Shape>
			<Shape DEF='_IDX_77'>
				<Appearance DEF='Material_77_IDX_77'>
					<Material diffuseColor='0.246497 0.311840 0.799018'/>
					
				</Appearance>
				<IndexedFaceSet solid="false" coordIndex='0 1 2 3 -1'>
					<Coordinate point='-0.393705 0.721017 -4.141191 -0.444139 0.691094 -4.283990 -0.688402 1.071174 -4.283990 -0.610231 1.117555 -4.141191'/>
				</IndexedFaceSet>
			</Shape>
			<Shape DEF='_IDX_78'>
				<Appearance DEF='Material_78_IDX_78'>
					<Material diffuseColor='0.246497 0.311840 0.799018'/>
					
				</Appearance>
				<IndexedFaceSet solid="false" coordIndex='0 1 2 3 -1'>
					<Coordinate point='-0.192980 0.353417 -4.141191 -0.217701 0.338749 -4.283990 -0.444139 0.691094 -4.283990 -0.393705 0.721017 -4.141191'/>
				</IndexedFaceSet>
			</Shape>
			<Shape DEF='_IDX_79'>
				<Appearance USE='Material_78_IDX_78'/>
				<IndexedFaceSet solid="false" coordIndex='0 1 2 3 -1'>
					<Coordinate point='-0.000000 -0.000000 -4.141191 0.000000 -0.000000 -4.283990 -0.217701 0.338749 -4.283990 -0.192980 0.353417 -4.141191'/>
				</IndexedFaceSet>
			</Shape>
			<Shape DEF='_IDX_80'>
				<Appearance DEF='Material_79_IDX_79'>
					<Material diffuseColor='0.247706 0.287139 0.790485'/>
					
				</Appearance>
				<IndexedFaceSet solid="false" coordIndex='0 1 2 3 -1'>
					<Coordinate point='-3.181319 4.950229 -4.283990 -3.526359 4.710664 -4.426790 -4.346993 5.806903 -4.426790 -3.921658 6.102218 -4.283990'/>
				</IndexedFaceSet>
			</Shape>
			<Shape DEF='_IDX_81'>
				<Appearance DEF='Material_80_IDX_80'>
					<Material diffuseColor='0.247706 0.287139 0.790485'/>
					
				</Appearance>
				<IndexedFaceSet solid="false" coordIndex='0 1 2 3 -1'>
					<Coordinate point='-2.568658 3.996910 -4.283990 -2.847250 3.803480 -4.426790 -3.526359 4.710664 -4.426790 -3.181319 4.950229 -4.283990'/>
				</IndexedFaceSet>
			</Shape>
			<Shape DEF='_IDX_82'>
				<Appearance DEF='Material_81_IDX_81'>
					<Material diffuseColor='0.247706 0.287139 0.790485'/>
					
				</Appearance>
				<IndexedFaceSet solid="false" coordIndex='0 1 2 3 -1'>
					<Coordinate point='-2.059086 3.204001 -4.283990 -2.282411 3.048944 -4.426790 -2.847250 3.803480 -4.426790 -2.568658 3.996910 -4.283990'/>
				</IndexedFaceSet>
			</Shape>
			<Shape DEF='_IDX_83'>
				<Appearance DEF='Material_82_IDX_82'>
					<Material diffuseColor='0.247706 0.287139 0.790485'/>
					
				</Appearance>
				<IndexedFaceSet solid="false" coordIndex='0 1 2 3 -1'>
					<Coordinate point='-1.632153 2.539679 -4.283990 -1.809173 2.416772 -4.426790 -2.282411 3.048944 -4.426790 -2.059086 3.204001 -4.283990'/>
				</IndexedFaceSet>
			</Shape>
			<Shape DEF='_IDX_84'>
				<Appearance DEF='Material_83_IDX_83'>
					<Material diffuseColor='0.247706 0.287139 0.790485'/>
					
				</Appearance>
				<IndexedFaceSet solid="false" coordIndex='0 1 2 3 -1'>
					<Coordinate point='-1.270723 1.977284 -4.283990 -1.408544 1.881594 -4.426790 -1.809173 2.416772 -4.426790 -1.632153 2.539679 -4.283990'/>
				</IndexedFaceSet>
			</Shape>
			<Shape DEF='_IDX_85'>
				<Appearance DEF='Material_84_IDX_84'>
					<Material diffuseColor='0.247706 0.287139 0.790485'/>
					
				</Appearance>
				<IndexedFaceSet solid="false" coordIndex='0 1 2 3 -1'>
					<Coordinate point='-0.960293 1.494245 -4.283990 -1.064444 1.421931 -4.426790 -1.408544 1.881594 -4.426790 -1.270723 1.977284 -4.283990'/>
				</IndexedFaceSet>
			</Shape>
			<Shape DEF='_IDX_86'>
				<Appearance DEF='Material_85_IDX_85'>
					<Material diffuseColor='0.247706 0.287139 0.790485'/>
					
				</Appearance>
				<IndexedFaceSet solid="false" coordIndex='0 1 2 3 -1'>
					<Coordinate point='-0.688402 1.071174 -4.283990 -0.763065 1.019335 -4.426790 -1.064444 1.421931 -4.426790 -0.960293 1.494245 -4.283990'/>
				</IndexedFaceSet>
			</Shape>
			<Shape DEF='_IDX_87'>
				<Appearance DEF='Material_86_IDX_86'>
					<Material diffuseColor='0.247706 0.287139 0.790485'/>
					
				</Appearance>
				<IndexedFaceSet solid="false" coordIndex='0 1 2 3 -1'>
					<Coordinate point='-0.444139 0.691094 -4.283990 -0.492309 0.657648 -4.426790 -0.763065 1.019335 -4.426790 -0.688402 1.071174 -4.283990'/>
				</IndexedFaceSet>
			</Shape>
			<Shape DEF='_IDX_88'>
				<Appearance DEF='Material_87_IDX_87'>
					<Material diffuseColor='0.247706 0.287139 0.790485'/>
					
				</Appearance>
				<IndexedFaceSet solid="false" coordIndex='0 1 2 3 -1'>
					<Coordinate point='-0.217701 0.338749 -4.283990 -0.241312 0.322356 -4.426790 -0.492309 0.657648 -4.426790 -0.444139 0.691094 -4.283990'/>
				</IndexedFaceSet>
			</Shape>
			<Shape DEF='_IDX_89'>
				<Appearance DEF='Material_88_IDX_88'>
					<Material diffuseColor='0.247706 0.287139 0.790485'/>
					
				</Appearance>
				<IndexedFaceSet solid="false" coordIndex='0 1 2 3 -1'>
					<Coordinate point='0.000000 -0.000000 -4.283990 -0.000000 -0.000000 -4.426790 -0.241312 0.322356 -4.426790 -0.217701 0.338749 -4.283990'/>
				</IndexedFaceSet>
			</Shape>
			<Shape DEF='_IDX_90'>
				<Appearance DEF='Material_89_IDX_89'>
					<Material diffuseColor='0.248915 0.262438 0.781952'/>
					
				</Appearance>
				<IndexedFaceSet solid="false" coordIndex='0 1 2 3 -1'>
					<Coordinate point='-3.526359 4.710664 -4.426790 -3.853429 4.447094 -4.569589 -4.750177 5.481997 -4.569589 -4.346993 5.806903 -4.426790'/>
				</IndexedFaceSet>
			</Shape>
			<Shape DEF='_IDX_91'>
				<Appearance DEF='Material_90_IDX_90'>
					<Material diffuseColor='0.248915 0.262438 0.781952'/>
					
				</Appearance>
				<IndexedFaceSet solid="false" coordIndex='0 1 2 3 -1'>
					<Coordinate point='-2.847250 3.803480 -4.426790 -3.111332 3.590669 -4.569589 -3.853429 4.447094 -4.569589 -3.526359 4.710664 -4.426790'/>
				</IndexedFaceSet>
			</Shape>
			<Shape DEF='_IDX_92'>
				<Appearance DEF='Material_91_IDX_91'>
					<Material diffuseColor='0.248915 0.262438 0.781952'/>
					
				</Appearance>
				<IndexedFaceSet solid="false" coordIndex='0 1 2 3 -1'>
					<Coordinate point='-2.282411 3.048944 -4.426790 -2.494105 2.878350 -4.569589 -3.111332 3.590669 -4.569589 -2.847250 3.803480 -4.426790'/>
				</IndexedFaceSet>
			</Shape>
			<Shape DEF='_IDX_93'>
				<Appearance DEF='Material_92_IDX_92'>
					<Material diffuseColor='0.248915 0.262438 0.781952'/>
					
				</Appearance>
				<IndexedFaceSet solid="false" coordIndex='0 1 2 3 -1'>
					<Coordinate point='-1.809173 2.416772 -4.426790 -1.976974 2.281549 -4.569589 -2.494105 2.878350 -4.569589 -2.282411 3.048944 -4.426790'/>
				</IndexedFaceSet>
			</Shape>
			<Shape DEF='_IDX_94'>
				<Appearance DEF='Material_93_IDX_93'>
					<Material diffuseColor='0.248915 0.262438 0.781952'/>
					
				</Appearance>
				<IndexedFaceSet solid="false" coordIndex='0 1 2 3 -1'>
					<Coordinate point='-1.408544 1.881594 -4.426790 -1.539186 1.776316 -4.569589 -1.976974 2.281549 -4.569589 -1.809173 2.416772 -4.426790'/>
				</IndexedFaceSet>
			</Shape>
			<Shape DEF='_IDX_95'>
				<Appearance DEF='Material_94_IDX_94'>
					<Material diffuseColor='0.248915 0.262438 0.781952'/>
					
				</Appearance>
				<IndexedFaceSet solid="false" coordIndex='0 1 2 3 -1'>
					<Coordinate point='-1.064444 1.421931 -4.426790 -1.163172 1.342371 -4.569589 -1.539186 1.776316 -4.569589 -1.408544 1.881594 -4.426790'/>
				</IndexedFaceSet>
			</Shape>
			<Shape DEF='_IDX_96'>
				<Appearance DEF='Material_95_IDX_95'>
					<Material diffuseColor='0.248915 0.262438 0.781952'/>
					
				</Appearance>
				<IndexedFaceSet solid="false" coordIndex='0 1 2 3 -1'>
					<Coordinate point='-0.763065 1.019335 -4.426790 -0.833839 0.962301 -4.569589 -1.163172 1.342371 -4.569589 -1.064444 1.421931 -4.426790'/>
				</IndexedFaceSet>
			</Shape>
			<Shape DEF='_IDX_97'>
				<Appearance DEF='Material_96_IDX_96'>
					<Material diffuseColor='0.248915 0.262438 0.781952'/>
					
				</Appearance>
				<IndexedFaceSet solid="false" coordIndex='0 1 2 3 -1'>
					<Coordinate point='-0.492309 0.657648 -4.426790 -0.537971 0.620852 -4.569589 -0.833839 0.962301 -4.569589 -0.763065 1.019335 -4.426790'/>
				</IndexedFaceSet>
			</Shape>
			<Shape DEF='_IDX_98'>
				<Appearance DEF='Material_97_IDX_97'>
					<Material diffuseColor='0.248915 0.262438 0.781952'/>
					
				</Appearance>
				<IndexedFaceSet solid="false" coordIndex='0 1 2 3 -1'>
					<Coordinate point='-0.241312 0.322356 -4.426790 -0.263694 0.304319 -4.569589 -0.537971 0.620852 -4.569589 -0.492309 0.657648 -4.426790'/>
				</IndexedFaceSet>
			</Shape>
			<Shape DEF='_IDX_99'>
				<Appearance DEF='Material_98_IDX_98'>
					<Material diffuseColor='0.248915 0.262438 0.781952'/>
					
				</Appearance>
				<IndexedFaceSet solid="false" coordIndex='0 1 2 3 -1'>
					<Coordinate point='-0.000000 -0.000000 -4.426790 -0.000000 -0.000000 -4.569589 -0.263694 0.304319 -4.569589 -0.241312 0.322356 -4.426790'/>
				</IndexedFaceSet>
			</Shape>
			<Shape DEF='_IDX_100'>
				<Appearance DEF='Material_99_IDX_99'>
					<Material diffuseColor='0.250124 0.237737 0.773419'/>
					
				</Appearance>
				<IndexedFaceSet solid="false" coordIndex='0 1 2 3 -1'>
					<Coordinate point='-3.853429 4.447094 -4.569589 -4.160863 4.160863 -4.712389 -5.129155 5.129155 -4.712389 -4.750177 5.481997 -4.569589'/>
				</IndexedFaceSet>
			</Shape>
			<Shape DEF='_IDX_101'>
				<Appearance DEF='Material_100_IDX_100'>
					<Material diffuseColor='0.250124 0.237737 0.773419'/>
					
				</Appearance>
				<IndexedFaceSet solid="false" coordIndex='0 1 2 3 -1'>
					<Coordinate point='-3.111332 3.590669 -4.569589 -3.359560 3.359560 -4.712389 -4.160863 4.160863 -4.712389 -3.853429 4.447094 -4.569589'/>
				</IndexedFaceSet>
			</Shape>
			<Shape DEF='_IDX_102'>
				<Appearance DEF='Material_101_IDX_101'>
					<Material diffuseColor='0.250124 0.237737 0.773419'/>
					
				</Appearance>
				<IndexedFaceSet solid="false" coordIndex='0 1 2 3 -1'>
					<Coordinate point='-2.494105 2.878350 -4.569589 -2.693089 2.693089 -4.712389 -3.359560 3.359560 -4.712389 -3.111332 3.590669 -4.569589'/>
				</IndexedFaceSet>
			</Shape>
			<Shape DEF='_IDX_103'>
				<Appearance DEF='Material_102_IDX_102'>
					<Material diffuseColor='0.250124 0.237737 0.773419'/>
					
				</Appearance>
				<IndexedFaceSet solid="false" coordIndex='0 1 2 3 -1'>
					<Coordinate point='-1.976974 2.281549 -4.569589 -2.134701 2.134701 -4.712389 -2.693089 2.693089 -4.712389 -2.494105 2.878350 -4.569589'/>
				</IndexedFaceSet>
			</Shape>
			<Shape DEF='_IDX_104'>
				<Appearance DEF='Material_103_IDX_103'>
					<Material diffuseColor='0.250124 0.237737 0.773419'/>
					
				</Appearance>
				<IndexedFaceSet solid="false" coordIndex='0 1 2 3 -1'>
					<Coordinate point='-1.539186 1.776316 -4.569589 -1.661986 1.661986 -4.712389 -2.134701 2.134701 -4.712389 -1.976974 2.281549 -4.569589'/>
				</IndexedFaceSet>
			</Shape>
			<Shape DEF='_IDX_105'>
				<Appearance DEF='Material_104_IDX_104'>
					<Material diffuseColor='0.250124 0.237737 0.773419'/>
					
				</Appearance>
				<IndexedFaceSet solid="false" coordIndex='0 1 2 3 -1'>
					<Coordinate point='-1.163172 1.342371 -4.569589 -1.255972 1.255972 -4.712389 -1.661986 1.661986 -4.712389 -1.539186 1.776316 -4.569589'/>
				</IndexedFaceSet>
			</Shape>
			<Shape DEF='_IDX_106'>
				<Appearance DEF='Material_105_IDX_105'>
					<Material diffuseColor='0.250124 0.237737 0.773419'/>
					
				</Appearance>
				<IndexedFaceSet solid="false" coordIndex='0 1 2 3 -1'>
					<Coordinate point='-0.833839 0.962301 -4.569589 -0.900364 0.900364 -4.712389 -1.255972 1.255972 -4.712389 -1.163172 1.342371 -4.569589'/>
				</IndexedFaceSet>
			</Shape>
			<Shape DEF='_IDX_107'>
				<Appearance DEF='Material_106_IDX_106'>
					<Material diffuseColor='0.250124 0.237737 0.773419'/>
					
				</Appearance>
				<IndexedFaceSet solid="false" coordIndex='0 1 2 3 -1'>
					<Coordinate point='-0.537971 0.620852 -4.569589 -0.580891 0.580891 -4.712389 -0.900364 0.900364 -4.712389 -0.833839 0.962301 -4.569589'/>
				</IndexedFaceSet>
			</Shape>
			<Shape DEF='_IDX_108'>
				<Appearance DEF='Material_107_IDX_107'>
					<Material diffuseColor='0.250124 0.237737 0.773419'/>
					
				</Appearance>
				<IndexedFaceSet solid="false" coordIndex='0 1 2 3 -1'>
					<Coordinate point='-0.263694 0.304319 -4.569589 -0.284732 0.284732 -4.712389 -0.580891 0.580891 -4.712389 -0.537971 0.620852 -4.569589'/>
				</IndexedFaceSet>
			</Shape>
			<Shape DEF='_IDX_109'>
				<Appearance DEF='Material_108_IDX_108'>
					<Material diffuseColor='0.250124 0.237737 0.773419'/>
					
				</Appearance>
				<IndexedFaceSet solid="false" coordIndex='0 1 2 3 -1'>
					<Coordinate point='-0.000000 -0.000000 -4.569589 -0.000000 0.000000 -4.712389 -0.284732 0.284732 -4.712389 -0.263694 0.304319 -4.569589'/>
				</IndexedFaceSet>
			</Shape>
			<Shape DEF='_IDX_110'>
				<Appearance DEF='Material_109_IDX_109'>
					<Material diffuseColor='0.456835 0.109567 0.539512'/>
					
				</Appearance>
				<IndexedFaceSet solid="false" coordIndex='0 1 2 3 -1'>
					<Coordinate point='-0.402672 0.000000 -6.283185 -0.401646 0.028726 -6.140386 0.000000 0.000000 -6.140386 0.000000 0.000000 -6.283185'/>
				</IndexedFaceSet>
			</Shape>
			<Shape DEF='_IDX_111'>
				<Appearance DEF='Material_110_IDX_110'>
					<Material diffuseColor='0.456835 0.109567 0.539512'/>
					
				</Appearance>
				<IndexedFaceSet solid="false" coordIndex='0 1 2 3 -1'>
					<Coordinate point='-0.821505 -0.000000 -6.283185 -0.819412 0.058605 -6.140386 -0.401646 0.028726 -6.140386 -0.402672 0.000000 -6.283185'/>
				</IndexedFaceSet>
			</Shape>
			<Shape DEF='_IDX_112'>
				<Appearance DEF='Material_111_IDX_111'>
					<Material diffuseColor='0.456835 0.109567 0.539512'/>
					
				</Appearance>
				<IndexedFaceSet solid="false" coordIndex='0 1 2 3 -1'>
					<Coordinate point='-1.273307 0.000000 -6.283185 -1.270063 0.090837 -6.140386 -0.819412 0.058605 -6.140386 -0.821505 -0.000000 -6.283185'/>
				</IndexedFaceSet>
			</Shape>
			<Shape DEF='_IDX_113'>
				<Appearance DEF='Material_112_IDX_112'>
					<Material diffuseColor='0.456835 0.109567 0.539512'/>
					
				</Appearance>
				<IndexedFaceSet solid="false" coordIndex='0 1 2 3 -1'>
					<Coordinate point='-1.776212 0.000000 -6.283185 -1.771686 0.126714 -6.140386 -1.270063 0.090837 -6.140386 -1.273307 0.000000 -6.283185'/>
				</IndexedFaceSet>
			</Shape>
			<Shape DEF='_IDX_114'>
				<Appearance DEF='Material_113_IDX_113'>
					<Material diffuseColor='0.456835 0.109567 0.539512'/>
					
				</Appearance>
				<IndexedFaceSet solid="false" coordIndex='0 1 2 3 -1'>
					<Coordinate point='-2.350402 0.000000 -6.283185 -2.344414 0.167676 -6.140386 -1.771686 0.126714 -6.140386 -1.776212 0.000000 -6.283185'/>
				</IndexedFaceSet>
			</Shape>
			<Shape DEF='_IDX_115'>
				<Appearance DEF='Material_114_IDX_114'>
					<Material diffuseColor='0.456835 0.109567 0.539512'/>
					
				</Appearance>
				<IndexedFaceSet solid="false" coordIndex='0 1 2 3 -1'>
					<Coordinate point='-3.018923 -0.000000 -6.283185 -3.011231 0.215367 -6.140386 -2.344414 0.167676 -6.140386 -2.350402 0.000000 -6.283185'/>
				</IndexedFaceSet>
			</Shape>
			<Shape DEF='_IDX_116'>
				<Appearance DEF='Material_115_IDX_115'>
					<Material diffuseColor='0.456835 0.109567 0.539512'/>
					
				</Appearance>
				<IndexedFaceSet solid="false" coordIndex='0 1 2 3 -1'>
					<Coordinate point='-3.808603 0.000000 -6.283185 -3.798899 0.271703 -6.140386 -3.011231 0.215367 -6.140386 -3.018923 -0.000000 -6.283185'/>
				</IndexedFaceSet>
			</Shape>
			<Shape DEF='_IDX_117'>
				<Appearance DEF='Material_116_IDX_116'>
					<Material diffuseColor='0.456835 0.109567 0.539512'/>
					
				</Appearance>
				<IndexedFaceSet solid="false" coordIndex='0 1 2 3 -1'>
					<Coordinate point='-4.751136 0.000000 -6.283185 -4.739030 0.338942 -6.140386 -3.798899 0.271703 -6.140386 -3.808603 0.000000 -6.283185'/>
				</IndexedFaceSet>
			</Shape>
			<Shape DEF='_IDX_118'>
				<Appearance DEF='Material_117_IDX_117'>
					<Material diffuseColor='0.456835 0.109567 0.539512'/>
					
				</Appearance>
				<IndexedFaceSet solid="false" coordIndex='0 1 2 3 -1'>
					<Coordinate point='-5.884348 -0.000000 -6.283185 -5.869356 0.419785 -6.140386 -4.739030 0.338942 -6.140386 -4.751136 0.000000 -6.283185'/>
				</IndexedFaceSet>
			</Shape>
			<Shape DEF='_IDX_119'>
				<Appearance DEF='Material_118_IDX_118'>
					<Material diffuseColor='0.456835 0.109567 0.539512'/>
					
				</Appearance>
				<IndexedFaceSet solid="false" coordIndex='0 1 2 3 -1'>
					<Coordinate point='-7.253721 -0.000000 -6.283185 -7.235239 0.517475 -6.140386 -5.869356 0.419785 -6.140386 -5.884348 -0.000000 -6.283185'/>
				</IndexedFaceSet>
			</Shape>
			<Shape DEF='_IDX_120'>
				<Appearance DEF='Material_119_IDX_119'>
					<Material diffuseColor='0.427680 0.111170 0.564503'/>
					
				</Appearance>
				<IndexedFaceSet solid="false" coordIndex='0 1 2 3 -1'>
					<Coordinate point='-0.401646 0.028726 -6.140386 -0.398573 0.057306 -5.997586 -0.000000 -0.000000 -5.997586 0.000000 0.000000 -6.140386'/>
				</IndexedFaceSet>
			</Shape>
			<Shape DEF='_IDX_121'>
				<Appearance DEF='Material_120_IDX_120'>
					<Material diffuseColor='0.427680 0.111170 0.564503'/>
					
				</Appearance>
				<IndexedFaceSet solid="false" coordIndex='0 1 2 3 -1'>
					<Coordinate point='-0.819412 0.058605 -6.140386 -0.813143 0.116912 -5.997586 -0.398573 0.057306 -5.997586 -0.401646 0.028726 -6.140386'/>
				</IndexedFaceSet>
			</Shape>
			<Shape DEF='_IDX_122'>
				<Appearance DEF='Material_121_IDX_121'>
					<Material diffuseColor='0.427680 0.111170 0.564503'/>
					
				</Appearance>
				<IndexedFaceSet solid="false" coordIndex='0 1 2 3 -1'>
					<Coordinate point='-1.270063 0.090837 -6.140386 -1.260347 0.181211 -5.997586 -0.813143 0.116912 -5.997586 -0.819412 0.058605 -6.140386'/>
				</IndexedFaceSet>
			</Shape>
			<Shape DEF='_IDX_123'>
				<Appearance DEF='Material_122_IDX_122'>
					<Material diffuseColor='0.427680 0.111170 0.564503'/>
					
				</Appearance>
				<IndexedFaceSet solid="false" coordIndex='0 1 2 3 -1'>
					<Coordinate point='-1.771686 0.126714 -6.140386 -1.758133 0.252781 -5.997586 -1.260347 0.181211 -5.997586 -1.270063 0.090837 -6.140386'/>
				</IndexedFaceSet>
			</Shape>
			<Shape DEF='_IDX_124'>
				<Appearance DEF='Material_123_IDX_123'>
					<Material diffuseColor='0.427680 0.111170 0.564503'/>
					
				</Appearance>
				<IndexedFaceSet solid="false" coordIndex='0 1 2 3 -1'>
					<Coordinate point='-2.344414 0.167676 -6.140386 -2.326479 0.334497 -5.997586 -1.758133 0.252781 -5.997586 -1.771686 0.126714 -6.140386'/>
				</IndexedFaceSet>
			</Shape>
			<Shape DEF='_IDX_125'>
				<Appearance DEF='Material_124_IDX_124'>
					<Material diffuseColor='0.427680 0.111170 0.564503'/>
					
				</Appearance>
				<IndexedFaceSet solid="false" coordIndex='0 1 2 3 -1'>
					<Coordinate point='-3.011231 0.215367 -6.140386 -2.988194 0.429637 -5.997586 -2.326479 0.334497 -5.997586 -2.344414 0.167676 -6.140386'/>
				</IndexedFaceSet>
			</Shape>
			<Shape DEF='_IDX_126'>
				<Appearance DEF='Material_125_IDX_125'>
					<Material diffuseColor='0.427680 0.111170 0.564503'/>
					
				</Appearance>
				<IndexedFaceSet solid="false" coordIndex='0 1 2 3 -1'>
					<Coordinate point='-3.798899 0.271703 -6.140386 -3.769837 0.542021 -5.997586 -2.988194 0.429637 -5.997586 -3.011231 0.215367 -6.140386'/>
				</IndexedFaceSet>
			</Shape>
			<Shape DEF='_IDX_127'>
				<Appearance DEF='Material_126_IDX_126'>
					<Material diffuseColor='0.427680 0.111170 0.564503'/>
					
				</Appearance>
				<IndexedFaceSet solid="false" coordIndex='0 1 2 3 -1'>
					<Coordinate point='-4.739030 0.338942 -6.140386 -4.702776 0.676157 -5.997586 -3.769837 0.542021 -5.997586 -3.798899 0.271703 -6.140386'/>
				</IndexedFaceSet>
			</Shape>
			<Shape DEF='_IDX_128'>
				<Appearance DEF='Material_127_IDX_127'>
					<Material diffuseColor='0.427680 0.111170 0.564503'/>
					
				</Appearance>
				<IndexedFaceSet solid="false" coordIndex='0 1 2 3 -1'>
					<Coordinate point='-5.869356 0.419785 -6.140386 -5.824454 0.837430 -5.997586 -4.702776 0.676157 -5.997586 -4.739030 0.338942 -6.140386'/>
				</IndexedFaceSet>
			</Shape>
			<Shape DEF='_IDX_129'>
				<Appearance DEF='Material_128_IDX_128'>
					<Material diffuseColor='0.427680 0.111170 0.564503'/>
					
				</Appearance>
				<IndexedFaceSet solid="false" coordIndex='0 1 2 3 -1'>
					<Coordinate point='-7.235239 0.517475 -6.140386 -7.179888 1.032312 -5.997586 -5.824454 0.837430 -5.997586 -5.869356 0.419785 -6.140386'/>
				</IndexedFaceSet>
			</Shape>
			<Shape DEF='_IDX_130'>
				<Appearance DEF='Material_129_IDX_129'>
					<Material diffuseColor='0.398525 0.112772 0.589495'/>
					
				</Appearance>
				<IndexedFaceSet solid="false" coordIndex='0 1 2 3 -1'>
					<Coordinate point='-0.398573 0.057306 -5.997586 -0.393470 0.085594 -5.854786 0.000000 0.000000 -5.854786 -0.000000 -0.000000 -5.997586'/>
				</IndexedFaceSet>
			</Shape>
			<Shape DEF='_IDX_131'>
				<Appearance DEF='Material_130_IDX_130'>
					<Material diffuseColor='0.398525 0.112772 0.589495'/>
					
				</Appearance>
				<IndexedFaceSet solid="false" coordIndex='0 1 2 3 -1'>
					<Coordinate point='-0.813143 0.116912 -5.997586 -0.802731 0.174623 -5.854786 -0.393470 0.085594 -5.854786 -0.398573 0.057306 -5.997586'/>
				</IndexedFaceSet>
			</Shape>
			<Shape DEF='_IDX_132'>
				<Appearance DEF='Material_131_IDX_131'>
					<Material diffuseColor='0.398525 0.112772 0.589495'/>
					
				</Appearance>
				<IndexedFaceSet solid="false" coordIndex='0 1 2 3 -1'>
					<Coordinate point='-1.260347 0.181211 -5.997586 -1.244208 0.270661 -5.854786 -0.802731 0.174623 -5.854786 -0.813143 0.116912 -5.997586'/>
				</IndexedFaceSet>
			</Shape>
			<Shape DEF='_IDX_133'>
				<Appearance DEF='Material_132_IDX_132'>
					<Material diffuseColor='0.398525 0.112772 0.589495'/>
					
				</Appearance>
				<IndexedFaceSet solid="false" coordIndex='0 1 2 3 -1'>
					<Coordinate point='-1.758133 0.252781 -5.997586 -1.735620 0.377561 -5.854786 -1.244208 0.270661 -5.854786 -1.260347 0.181211 -5.997586'/>
				</IndexedFaceSet>
			</Shape>
			<Shape DEF='_IDX_134'>
				<Appearance DEF='Material_133_IDX_133'>
					<Material diffuseColor='0.398525 0.112772 0.589495'/>
					
				</Appearance>
				<IndexedFaceSet solid="false" coordIndex='0 1 2 3 -1'>
					<Coordinate point='-2.326479 0.334497 -5.997586 -2.296688 0.499614 -5.854786 -1.735620 0.377561 -5.854786 -1.758133 0.252781 -5.997586'/>
				</IndexedFaceSet>
			</Shape>
			<Shape DEF='_IDX_135'>
				<Appearance DEF='Material_134_IDX_134'>
					<Material diffuseColor='0.398525 0.112772 0.589495'/>
					
				</Appearance>
				<IndexedFaceSet solid="false" coordIndex='0 1 2 3 -1'>
					<Coordinate point='-2.988194 0.429637 -5.997586 -2.949931 0.641718 -5.854786 -2.296688 0.499614 -5.854786 -2.326479 0.334497 -5.997586'/>
				</IndexedFaceSet>
			</Shape>
			<Shape DEF='_IDX_136'>
				<Appearance DEF='Material_135_IDX_135'>
					<Material diffuseColor='0.398525 0.112772 0.589495'/>
					
				</Appearance>
				<IndexedFaceSet solid="false" coordIndex='0 1 2 3 -1'>
					<Coordinate point='-3.769837 0.542021 -5.997586 -3.721565 0.809577 -5.854786 -2.949931 0.641718 -5.854786 -2.988194 0.429637 -5.997586'/>
				</IndexedFaceSet>
			</Shape>
			<Shape DEF='_IDX_137'>
				<Appearance DEF='Material_136_IDX_136'>
					<Material diffuseColor='0.398525 0.112772 0.589495'/>
					
				</Appearance>
				<IndexedFaceSet solid="false" coordIndex='0 1 2 3 -1'>
					<Coordinate point='-4.702776 0.676157 -5.997586 -4.642558 1.009927 -5.854786 -3.721565 0.809577 -5.854786 -3.769837 0.542021 -5.997586'/>
				</IndexedFaceSet>
			</Shape>
			<Shape DEF='_IDX_138'>
				<Appearance DEF='Material_137_IDX_137'>
					<Material diffuseColor='0.398525 0.112772 0.589495'/>
					
				</Appearance>
				<IndexedFaceSet solid="false" coordIndex='0 1 2 3 -1'>
					<Coordinate point='-5.824454 0.837430 -5.997586 -5.749873 1.250808 -5.854786 -4.642558 1.009927 -5.854786 -4.702776 0.676157 -5.997586'/>
				</IndexedFaceSet>
			</Shape>
			<Shape DEF='_IDX_139'>
				<Appearance DEF='Material_138_IDX_138'>
					<Material diffuseColor='0.398525 0.112772 0.589495'/>
					
				</Appearance>
				<IndexedFaceSet solid="false" coordIndex='0 1 2 3 -1'>
					<Coordinate point='-7.179888 1.032312 -5.997586 -7.087951 1.541889 -5.854786 -5.749873 1.250808 -5.854786 -5.824454 0.837430 -5.997586'/>
				</IndexedFaceSet>
			</Shape>
			<Shape DEF='_IDX_140'>
				<Appearance DEF='Material_139_IDX_139'>
					<Material diffuseColor='0.369370 0.114375 0.614486'/>
					
				</Appearance>
				<IndexedFaceSet solid="false" coordIndex='0 1 2 3 -1'>
					<Coordinate point='-0.393470 0.085594 -5.854786 -0.386361 0.113446 -5.711987 0.000000 0.000000 -5.711987 0.000000 0.000000 -5.854786'/>
				</IndexedFaceSet>
			</Shape>
			<Shape DEF='_IDX_141'>
				<Appearance DEF='Material_140_IDX_140'>
					<Material diffuseColor='0.369370 0.114375 0.614486'/>
					
				</Appearance>
				<IndexedFaceSet solid="false" coordIndex='0 1 2 3 -1'>
					<Coordinate point='-0.802731 0.174623 -5.854786 -0.788228 0.231445 -5.711987 -0.386361 0.113446 -5.711987 -0.393470 0.085594 -5.854786'/>
				</IndexedFaceSet>
			</Shape>
			<Shape DEF='_IDX_142'>
				<Appearance DEF='Material_141_IDX_141'>
					<Material diffuseColor='0.369370 0.114375 0.614486'/>
					
				</Appearance>
				<IndexedFaceSet solid="false" coordIndex='0 1 2 3 -1'>
					<Coordinate point='-1.244208 0.270661 -5.854786 -1.221729 0.358732 -5.711987 -0.788228 0.231445 -5.711987 -0.802731 0.174623 -5.854786'/>
				</IndexedFaceSet>
			</Shape>
			<Shape DEF='_IDX_143'>
				<Appearance DEF='Material_142_IDX_142'>
					<Material diffuseColor='0.369370 0.114375 0.614486'/>
					
				</Appearance>
				<IndexedFaceSet solid="false" coordIndex='0 1 2 3 -1'>
					<Coordinate point='-1.735620 0.377561 -5.854786 -1.704263 0.500417 -5.711987 -1.221729 0.358732 -5.711987 -1.244208 0.270661 -5.854786'/>
				</IndexedFaceSet>
			</Shape>
			<Shape DEF='_IDX_144'>
				<Appearance DEF='Material_143_IDX_143'>
					<Material diffuseColor='0.369370 0.114375 0.614486'/>
					
				</Appearance>
				<IndexedFaceSet solid="false" coordIndex='0 1 2 3 -1'>
					<Coordinate point='-2.296688 0.499614 -5.854786 -2.255195 0.662185 -5.711987 -1.704263 0.500417 -5.711987 -1.735620 0.377561 -5.854786'/>
				</IndexedFaceSet>
			</Shape>
			<Shape DEF='_IDX_145'>
				<Appearance DEF='Material_144_IDX_144'>
					<Material diffuseColor='0.369370 0.114375 0.614486'/>
					
				</Appearance>
				<IndexedFaceSet solid="false" coordIndex='0 1 2 3 -1'>
					<Coordinate point='-2.949931 0.641718 -5.854786 -2.896635 0.850529 -5.711987 -2.255195 0.662185 -5.711987 -2.296688 0.499614 -5.854786'/>
				</IndexedFaceSet>
			</Shape>
			<Shape DEF='_IDX_146'>
				<Appearance DEF='Material_145_IDX_145'>
					<Material diffuseColor='0.369370 0.114375 0.614486'/>
					
				</Appearance>
				<IndexedFaceSet solid="false" coordIndex='0 1 2 3 -1'>
					<Coordinate point='-3.721565 0.809577 -5.854786 -3.654328 1.073007 -5.711987 -2.896635 0.850529 -5.711987 -2.949931 0.641718 -5.854786'/>
				</IndexedFaceSet>
			</Shape>
			<Shape DEF='_IDX_147'>
				<Appearance DEF='Material_146_IDX_146'>
					<Material diffuseColor='0.369370 0.114375 0.614486'/>
					
				</Appearance>
				<IndexedFaceSet solid="false" coordIndex='0 1 2 3 -1'>
					<Coordinate point='-4.642558 1.009927 -5.854786 -4.558681 1.338550 -5.711987 -3.654328 1.073007 -5.711987 -3.721565 0.809577 -5.854786'/>
				</IndexedFaceSet>
			</Shape>
			<Shape DEF='_IDX_148'>
				<Appearance DEF='Material_147_IDX_147'>
					<Material diffuseColor='0.369370 0.114375 0.614486'/>
					
				</Appearance>
				<IndexedFaceSet solid="false" coordIndex='0 1 2 3 -1'>
					<Coordinate point='-5.749873 1.250808 -5.854786 -5.645991 1.657813 -5.711987 -4.558681 1.338550 -5.711987 -4.642558 1.009927 -5.854786'/>
				</IndexedFaceSet>
			</Shape>
			<Shape DEF='_IDX_149'>
				<Appearance DEF='Material_148_IDX_148'>
					<Material diffuseColor='0.369370 0.114375 0.614486'/>
					
				</Appearance>
				<IndexedFaceSet solid="false" coordIndex='0 1 2 3 -1'>
					<Coordinate point='-7.087951 1.541889 -5.854786 -6.959894 2.043609 -5.711987 -5.645991 1.657813 -5.711987 -5.749873 1.250808 -5.854786'/>
				</IndexedFaceSet>
			</Shape>
			<Shape DEF='_IDX_150'>
				<Appearance DEF='Material_149_IDX_149'>
					<Material diffuseColor='0.340215 0.115977 0.639478'/>
					
				</Appearance>
				<IndexedFaceSet solid="false" coordIndex='0 1 2 3 -1'>
					<Coordinate point='-0.386361 0.113446 -5.711987 -0.377283 0.140719 -5.569187 0.000000 0.000000 -5.569187 0.000000 0.000000 -5.711987'/>
				</IndexedFaceSet>
			</Shape>
			<Shape DEF='_IDX_151'>
				<Appearance DEF='Material_150_IDX_150'>
					<Material diffuseColor='0.340215 0.115977 0.639478'/>
					
				</Appearance>
				<IndexedFaceSet solid="false" coordIndex='0 1 2 3 -1'>
					<Coordinate point='-0.788228 0.231445 -5.711987 -0.769709 0.287086 -5.569187 -0.377283 0.140719 -5.569187 -0.386361 0.113446 -5.711987'/>
				</IndexedFaceSet>
			</Shape>
			<Shape DEF='_IDX_152'>
				<Appearance DEF='Material_151_IDX_151'>
					<Material diffuseColor='0.340215 0.115977 0.639478'/>
					
				</Appearance>
				<IndexedFaceSet solid="false" coordIndex='0 1 2 3 -1'>
					<Coordinate point='-1.221729 0.358732 -5.711987 -1.193025 0.444975 -5.569187 -0.769709 0.287086 -5.569187 -0.788228 0.231445 -5.711987'/>
				</IndexedFaceSet>
			</Shape>
			<Shape DEF='_IDX_153'>
				<Appearance DEF='Material_152_IDX_152'>
					<Material diffuseColor='0.340215 0.115977 0.639478'/>
					
				</Appearance>
				<IndexedFaceSet solid="false" coordIndex='0 1 2 3 -1'>
					<Coordinate point='-1.704263 0.500417 -5.711987 -1.664221 0.620722 -5.569187 -1.193025 0.444975 -5.569187 -1.221729 0.358732 -5.711987'/>
				</IndexedFaceSet>
			</Shape>
			<Shape DEF='_IDX_154'>
				<Appearance DEF='Material_153_IDX_153'>
					<Material diffuseColor='0.340215 0.115977 0.639478'/>
					
				</Appearance>
				<IndexedFaceSet solid="false" coordIndex='0 1 2 3 -1'>
					<Coordinate point='-2.255195 0.662185 -5.711987 -2.202209 0.821381 -5.569187 -1.664221 0.620722 -5.569187 -1.704263 0.500417 -5.711987'/>
				</IndexedFaceSet>
			</Shape>
			<Shape DEF='_IDX_155'>
				<Appearance DEF='Material_154_IDX_154'>
					<Material diffuseColor='0.340215 0.115977 0.639478'/>
					
				</Appearance>
				<IndexedFaceSet solid="false" coordIndex='0 1 2 3 -1'>
					<Coordinate point='-2.896635 0.850529 -5.711987 -2.828579 1.055005 -5.569187 -2.202209 0.821381 -5.569187 -2.255195 0.662185 -5.711987'/>
				</IndexedFaceSet>
			</Shape>
			<Shape DEF='_IDX_156'>
				<Appearance DEF='Material_155_IDX_155'>
					<Material diffuseColor='0.340215 0.115977 0.639478'/>
					
				</Appearance>
				<IndexedFaceSet solid="false" coordIndex='0 1 2 3 -1'>
					<Coordinate point='-3.654328 1.073007 -5.711987 -3.568470 1.330970 -5.569187 -2.828579 1.055005 -5.569187 -2.896635 0.850529 -5.711987'/>
				</IndexedFaceSet>
			</Shape>
			<Shape DEF='_IDX_157'>
				<Appearance DEF='Material_156_IDX_156'>
					<Material diffuseColor='0.340215 0.115977 0.639478'/>
					
				</Appearance>
				<IndexedFaceSet solid="false" coordIndex='0 1 2 3 -1'>
					<Coordinate point='-4.558681 1.338550 -5.711987 -4.451575 1.660352 -5.569187 -3.568470 1.330970 -5.569187 -3.654328 1.073007 -5.711987'/>
				</IndexedFaceSet>
			</Shape>
			<Shape DEF='_IDX_158'>
				<Appearance DEF='Material_157_IDX_157'>
					<Material diffuseColor='0.340215 0.115977 0.639478'/>
					
				</Appearance>
				<IndexedFaceSet solid="false" coordIndex='0 1 2 3 -1'>
					<Coordinate point='-5.645991 1.657813 -5.711987 -5.513339 2.056369 -5.569187 -4.451575 1.660352 -5.569187 -4.558681 1.338550 -5.711987'/>
				</IndexedFaceSet>
			</Shape>
			<Shape DEF='_IDX_159'>
				<Appearance DEF='Material_158_IDX_158'>
					<Material diffuseColor='0.340215 0.115977 0.639478'/>
					
				</Appearance>
				<IndexedFaceSet solid="false" coordIndex='0 1 2 3 -1'>
					<Coordinate point='-6.959894 2.043609 -5.711987 -6.796372 2.534916 -5.569187 -5.513339 2.056369 -5.569187 -5.645991 1.657813 -5.711987'/>
				</IndexedFaceSet>
			</Shape>
			<Shape DEF='_IDX_160'>
				<Appearance DEF='Material_159_IDX_159'>
					<Material diffuseColor='0.311060 0.117580 0.664469'/>
					
				</Appearance>
				<IndexedFaceSet solid="false" coordIndex='0 1 2 3 -1'>
					<Coordinate point='-0.377283 0.140719 -5.569187 -0.366283 0.167276 -5.426387 0.000000 0.000000 -5.426387 0.000000 0.000000 -5.569187'/>
				</IndexedFaceSet>
			</Shape>
			<Shape DEF='_IDX_161'>
				<Appearance DEF='Material_160_IDX_160'>
					<Material diffuseColor='0.311060 0.117580 0.664469'/>
					
				</Appearance>
				<IndexedFaceSet solid="false" coordIndex='0 1 2 3 -1'>
					<Coordinate point='-0.769709 0.287086 -5.569187 -0.747267 0.341265 -5.426387 -0.366283 0.167276 -5.426387 -0.377283 0.140719 -5.569187'/>
				</IndexedFaceSet>
			</Shape>
			<Shape DEF='_IDX_162'>
				<Appearance DEF='Material_161_IDX_161'>
					<Material diffuseColor='0.311060 0.117580 0.664469'/>
					
				</Appearance>
				<IndexedFaceSet solid="false" coordIndex='0 1 2 3 -1'>
					<Coordinate point='-1.193025 0.444975 -5.569187 -1.158241 0.528951 -5.426387 -0.747267 0.341265 -5.426387 -0.769709 0.287086 -5.569187'/>
				</IndexedFaceSet>
			</Shape>
			<Shape DEF='_IDX_163'>
				<Appearance DEF='Material_162_IDX_162'>
					<Material diffuseColor='0.311060 0.117580 0.664469'/>
					
				</Appearance>
				<IndexedFaceSet solid="false" coordIndex='0 1 2 3 -1'>
					<Coordinate point='-1.664221 0.620722 -5.569187 -1.615699 0.737865 -5.426387 -1.158241 0.528951 -5.426387 -1.193025 0.444975 -5.569187'/>
				</IndexedFaceSet>
			</Shape>
			<Shape DEF='_IDX_164'>
				<Appearance DEF='Material_163_IDX_163'>
					<Material diffuseColor='0.311060 0.117580 0.664469'/>
					
				</Appearance>
				<IndexedFaceSet solid="false" coordIndex='0 1 2 3 -1'>
					<Coordinate point='-2.202209 0.821381 -5.569187 -2.138001 0.976392 -5.426387 -1.615699 0.737865 -5.426387 -1.664221 0.620722 -5.569187'/>
				</IndexedFaceSet>
			</Shape>
			<Shape DEF='_IDX_165'>
				<Appearance DEF='Material_164_IDX_164'>
					<Material diffuseColor='0.311060 0.117580 0.664469'/>
					
				</Appearance>
				<IndexedFaceSet solid="false" coordIndex='0 1 2 3 -1'>
					<Coordinate point='-2.828579 1.055005 -5.569187 -2.746109 1.254106 -5.426387 -2.138001 0.976392 -5.426387 -2.202209 0.821381 -5.569187'/>
				</IndexedFaceSet>
			</Shape>
			<Shape DEF='_IDX_166'>
				<Appearance DEF='Material_165_IDX_165'>
					<Material diffuseColor='0.311060 0.117580 0.664469'/>
					
				</Appearance>
				<IndexedFaceSet solid="false" coordIndex='0 1 2 3 -1'>
					<Coordinate point='-3.568470 1.330970 -5.569187 -3.464427 1.582151 -5.426387 -2.746109 1.254106 -5.426387 -2.828579 1.055005 -5.569187'/>
				</IndexedFaceSet>
			</Shape>
			<Shape DEF='_IDX_167'>
				<Appearance DEF='Material_166_IDX_166'>
					<Material diffuseColor='0.311060 0.117580 0.664469'/>
					
				</Appearance>
				<IndexedFaceSet solid="false" coordIndex='0 1 2 3 -1'>
					<Coordinate point='-4.451575 1.660352 -5.569187 -4.321785 1.973693 -5.426387 -3.464427 1.582151 -5.426387 -3.568470 1.330970 -5.569187'/>
				</IndexedFaceSet>
			</Shape>
			<Shape DEF='_IDX_168'>
				<Appearance DEF='Material_167_IDX_167'>
					<Material diffuseColor='0.311060 0.117580 0.664469'/>
					
				</Appearance>
				<IndexedFaceSet solid="false" coordIndex='0 1 2 3 -1'>
					<Coordinate point='-5.513339 2.056369 -5.569187 -5.352592 2.444447 -5.426387 -4.321785 1.973693 -5.426387 -4.451575 1.660352 -5.569187'/>
				</IndexedFaceSet>
			</Shape>
			<Shape DEF='_IDX_169'>
				<Appearance DEF='Material_168_IDX_168'>
					<Material diffuseColor='0.311060 0.117580 0.664469'/>
					
				</Appearance>
				<IndexedFaceSet solid="false" coordIndex='0 1 2 3 -1'>
					<Coordinate point='-6.796372 2.534916 -5.569187 -6.598217 3.013304 -5.426387 -5.352592 2.444447 -5.426387 -5.513339 2.056369 -5.569187'/>
				</IndexedFaceSet>
			</Shape>
			<Shape DEF='_IDX_170'>
				<Appearance DEF='Material_169_IDX_169'>
					<Material diffuseColor='0.300091 0.137181 0.683502'/>
					
				</Appearance>
				<IndexedFaceSet solid="false" coordIndex='0 1 2 3 -1'>
					<Coordinate point='-0.366283 0.167276 -5.426387 -0.353417 0.192980 -5.283587 0.000000 0.000000 -5.283587 0.000000 0.000000 -5.426387'/>
				</IndexedFaceSet>
			</Shape>
			<Shape DEF='_IDX_171'>
				<Appearance USE='Material_169_IDX_169'/>
				<IndexedFaceSet solid="false" coordIndex='0 1 2 3 -1'>
					<Coordinate point='-0.747267 0.341265 -5.426387 -0.721017 0.393705 -5.283587 -0.353417 0.192980 -5.283587 -0.366283 0.167276 -5.426387'/>
				</IndexedFaceSet>
			</Shape>
			<Shape DEF='_IDX_172'>
				<Appearance DEF='Material_170_IDX_170'>
					<Material diffuseColor='0.300091 0.137181 0.683502'/>
					
				</Appearance>
				<IndexedFaceSet solid="false" coordIndex='0 1 2 3 -1'>
					<Coordinate point='-1.158241 0.528951 -5.426387 -1.117555 0.610231 -5.283587 -0.721017 0.393705 -5.283587 -0.747267 0.341265 -5.426387'/>
				</IndexedFaceSet>
			</Shape>
			<Shape DEF='_IDX_173'>
				<Appearance DEF='Material_171_IDX_171'>
					<Material diffuseColor='0.300091 0.137181 0.683502'/>
					
				</Appearance>
				<IndexedFaceSet solid="false" coordIndex='0 1 2 3 -1'>
					<Coordinate point='-1.615699 0.737865 -5.426387 -1.558944 0.851248 -5.283587 -1.117555 0.610231 -5.283587 -1.158241 0.528951 -5.426387'/>
				</IndexedFaceSet>
			</Shape>
			<Shape DEF='_IDX_174'>
				<Appearance DEF='Material_172_IDX_172'>
					<Material diffuseColor='0.300091 0.137181 0.683502'/>
					
				</Appearance>
				<IndexedFaceSet solid="false" coordIndex='0 1 2 3 -1'>
					<Coordinate point='-2.138001 0.976392 -5.426387 -2.062899 1.126428 -5.283587 -1.558944 0.851248 -5.283587 -1.615699 0.737865 -5.426387'/>
				</IndexedFaceSet>
			</Shape>
			<Shape DEF='_IDX_175'>
				<Appearance DEF='Material_173_IDX_173'>
					<Material diffuseColor='0.300091 0.137181 0.683502'/>
					
				</Appearance>
				<IndexedFaceSet solid="false" coordIndex='0 1 2 3 -1'>
					<Coordinate point='-2.746109 1.254106 -5.426387 -2.649645 1.446816 -5.283587 -2.062899 1.126428 -5.283587 -2.138001 0.976392 -5.426387'/>
				</IndexedFaceSet>
			</Shape>
			<Shape DEF='_IDX_176'>
				<Appearance DEF='Material_174_IDX_174'>
					<Material diffuseColor='0.300091 0.137181 0.683502'/>
					
				</Appearance>
				<IndexedFaceSet solid="false" coordIndex='0 1 2 3 -1'>
					<Coordinate point='-3.464427 1.582151 -5.426387 -3.342731 1.825269 -5.283587 -2.649645 1.446816 -5.283587 -2.746109 1.254106 -5.426387'/>
				</IndexedFaceSet>
			</Shape>
			<Shape DEF='_IDX_177'>
				<Appearance DEF='Material_175_IDX_175'>
					<Material diffuseColor='0.300091 0.137181 0.683502'/>
					
				</Appearance>
				<IndexedFaceSet solid="false" coordIndex='0 1 2 3 -1'>
					<Coordinate point='-4.321785 1.973693 -5.426387 -4.169972 2.276977 -5.283587 -3.342731 1.825269 -5.283587 -3.464427 1.582151 -5.426387'/>
				</IndexedFaceSet>
			</Shape>
			<Shape DEF='_IDX_178'>
				<Appearance DEF='Material_176_IDX_176'>
					<Material diffuseColor='0.300091 0.137181 0.683502'/>
					
				</Appearance>
				<IndexedFaceSet solid="false" coordIndex='0 1 2 3 -1'>
					<Coordinate point='-5.352592 2.444447 -5.426387 -5.164569 2.820068 -5.283587 -4.169972 2.276977 -5.283587 -4.321785 1.973693 -5.426387'/>
				</IndexedFaceSet>
			</Shape>
			<Shape DEF='_IDX_179'>
				<Appearance DEF='Material_177_IDX_177'>
					<Material diffuseColor='0.300091 0.137181 0.683502'/>
					
				</Appearance>
				<IndexedFaceSet solid="false" coordIndex='0 1 2 3 -1'>
					<Coordinate point='-6.598217 3.013304 -5.426387 -6.366438 3.476338 -5.283587 -5.164569 2.820068 -5.283587 -5.352592 2.444447 -5.426387'/>
				</IndexedFaceSet>
			</Shape>
			<Shape DEF='_IDX_180'>
				<Appearance DEF='Material_178_IDX_178'>
					<Material diffuseColor='0.289121 0.156782 0.702536'/>
					
				</Appearance>
				<IndexedFaceSet solid="false" coordIndex='0 1 2 3 -1'>
					<Coordinate point='-0.353417 0.192980 -5.283587 -0.338749 0.217701 -5.140788 0.000000 -0.000000 -5.140788 0.000000 0.000000 -5.283587'/>
				</IndexedFaceSet>
			</Shape>
			<Shape DEF='_IDX_181'>
				<Appearance USE='Material_178_IDX_178'/>
				<IndexedFaceSet solid="false" coordIndex='0 1 2 3 -1'>
					<Coordinate point='-0.721017 0.393705 -5.283587 -0.691094 0.444139 -5.140788 -0.338749 0.217701 -5.140788 -0.353417 0.192980 -5.283587'/>
				</IndexedFaceSet>
			</Shape>
			<Shape DEF='_IDX_182'>
				<Appearance DEF='Material_179_IDX_179'>
					<Material diffuseColor='0.289121 0.156782 0.702536'/>
					
				</Appearance>
				<IndexedFaceSet solid="false" coordIndex='0 1 2 3 -1'>
					<Coordinate point='-1.117555 0.610231 -5.283587 -1.071174 0.688402 -5.140788 -0.691094 0.444139 -5.140788 -0.721017 0.393705 -5.283587'/>
				</IndexedFaceSet>
			</Shape>
			<Shape DEF='_IDX_183'>
				<Appearance DEF='Material_180_IDX_180'>
					<Material diffuseColor='0.289121 0.156782 0.702536'/>
					
				</Appearance>
				<IndexedFaceSet solid="false" coordIndex='0 1 2 3 -1'>
					<Coordinate point='-1.558944 0.851248 -5.283587 -1.494245 0.960293 -5.140788 -1.071174 0.688402 -5.140788 -1.117555 0.610231 -5.283587'/>
				</IndexedFaceSet>
			</Shape>
			<Shape DEF='_IDX_184'>
				<Appearance DEF='Material_181_IDX_181'>
					<Material diffuseColor='0.289121 0.156782 0.702536'/>
					
				</Appearance>
				<IndexedFaceSet solid="false" coordIndex='0 1 2 3 -1'>
					<Coordinate point='-2.062899 1.126428 -5.283587 -1.977284 1.270723 -5.140788 -1.494245 0.960293 -5.140788 -1.558944 0.851248 -5.283587'/>
				</IndexedFaceSet>
			</Shape>
			<Shape DEF='_IDX_185'>
				<Appearance DEF='Material_182_IDX_182'>
					<Material diffuseColor='0.289121 0.156782 0.702536'/>
					
				</Appearance>
				<IndexedFaceSet solid="false" coordIndex='0 1 2 3 -1'>
					<Coordinate point='-2.649645 1.446816 -5.283587 -2.539679 1.632153 -5.140788 -1.977284 1.270723 -5.140788 -2.062899 1.126428 -5.283587'/>
				</IndexedFaceSet>
			</Shape>
			<Shape DEF='_IDX_186'>
				<Appearance USE='Material_179_IDX_179'/>
				<IndexedFaceSet solid="false" coordIndex='0 1 2 3 -1'>
					<Coordinate point='-3.342731 1.825269 -5.283587 -3.204001 2.059086 -5.140788 -2.539679 1.632153 -5.140788 -2.649645 1.446816 -5.283587'/>
				</IndexedFaceSet>
			</Shape>
			<Shape DEF='_IDX_187'>
				<Appearance DEF='Material_183_IDX_183'>
					<Material diffuseColor='0.289121 0.156782 0.702536'/>
					
				</Appearance>
				<IndexedFaceSet solid="false" coordIndex='0 1 2 3 -1'>
					<Coordinate point='-4.169972 2.276977 -5.283587 -3.996910 2.568658 -5.140788 -3.204001 2.059086 -5.140788 -3.342731 1.825269 -5.283587'/>
				</IndexedFaceSet>
			</Shape>
			<Shape DEF='_IDX_188'>
				<Appearance DEF='Material_184_IDX_184'>
					<Material diffuseColor='0.289121 0.156782 0.702536'/>
					
				</Appearance>
				<IndexedFaceSet solid="false" coordIndex='0 1 2 3 -1'>
					<Coordinate point='-5.164569 2.820068 -5.283587 -4.950229 3.181319 -5.140788 -3.996910 2.568658 -5.140788 -4.169972 2.276977 -5.283587'/>
				</IndexedFaceSet>
			</Shape>
			<Shape DEF='_IDX_189'>
				<Appearance DEF='Material_185_IDX_185'>
					<Material diffuseColor='0.289121 0.156782 0.702536'/>
					
				</Appearance>
				<IndexedFaceSet solid="false" coordIndex='0 1 2 3 -1'>
					<Coordinate point='-6.366438 3.476338 -5.283587 -6.102218 3.921658 -5.140788 -4.950229 3.181319 -5.140788 -5.164569 2.820068 -5.283587'/>
				</IndexedFaceSet>
			</Shape>
			<Shape DEF='_IDX_190'>
				<Appearance DEF='Material_186_IDX_186'>
					<Material diffuseColor='0.278152 0.176383 0.721569'/>
					
				</Appearance>
				<IndexedFaceSet solid="false" coordIndex='0 1 2 3 -1'>
					<Coordinate point='-0.338749 0.217701 -5.140788 -0.322356 0.241312 -4.997988 0.000000 0.000000 -4.997988 0.000000 -0.000000 -5.140788'/>
				</IndexedFaceSet>
			</Shape>
			<Shape DEF='_IDX_191'>
				<Appearance DEF='Material_187_IDX_187'>
					<Material diffuseColor='0.278152 0.176383 0.721569'/>
					
				</Appearance>
				<IndexedFaceSet solid="false" coordIndex='0 1 2 3 -1'>
					<Coordinate point='-0.691094 0.444139 -5.140788 -0.657648 0.492309 -4.997988 -0.322356 0.241312 -4.997988 -0.338749 0.217701 -5.140788'/>
				</IndexedFaceSet>
			</Shape>
			<Shape DEF='_IDX_192'>
				<Appearance DEF='Material_188_IDX_188'>
					<Material diffuseColor='0.278152 0.176383 0.721569'/>
					
				</Appearance>
				<IndexedFaceSet solid="false" coordIndex='0 1 2 3 -1'>
					<Coordinate point='-1.071174 0.688402 -5.140788 -1.019335 0.763065 -4.997988 -0.657648 0.492309 -4.997988 -0.691094 0.444139 -5.140788'/>
				</IndexedFaceSet>
			</Shape>
			<Shape DEF='_IDX_193'>
				<Appearance DEF='Material_189_IDX_189'>
					<Material diffuseColor='0.278152 0.176383 0.721569'/>
					
				</Appearance>
				<IndexedFaceSet solid="false" coordIndex='0 1 2 3 -1'>
					<Coordinate point='-1.494245 0.960293 -5.140788 -1.421931 1.064444 -4.997988 -1.019335 0.763065 -4.997988 -1.071174 0.688402 -5.140788'/>
				</IndexedFaceSet>
			</Shape>
			<Shape DEF='_IDX_194'>
				<Appearance DEF='Material_190_IDX_190'>
					<Material diffuseColor='0.278152 0.176383 0.721569'/>
					
				</Appearance>
				<IndexedFaceSet solid="false" coordIndex='0 1 2 3 -1'>
					<Coordinate point='-1.977284 1.270723 -5.140788 -1.881594 1.408544 -4.997988 -1.421931 1.064444 -4.997988 -1.494245 0.960293 -5.140788'/>
				</IndexedFaceSet>
			</Shape>
			<Shape DEF='_IDX_195'>
				<Appearance DEF='Material_191_IDX_191'>
					<Material diffuseColor='0.278152 0.176383 0.721569'/>
					
				</Appearance>
				<IndexedFaceSet solid="false" coordIndex='0 1 2 3 -1'>
					<Coordinate point='-2.539679 1.632153 -5.140788 -2.416772 1.809173 -4.997988 -1.881594 1.408544 -4.997988 -1.977284 1.270723 -5.140788'/>
				</IndexedFaceSet>
			</Shape>
			<Shape DEF='_IDX_196'>
				<Appearance DEF='Material_192_IDX_192'>
					<Material diffuseColor='0.278152 0.176383 0.721569'/>
					
				</Appearance>
				<IndexedFaceSet solid="false" coordIndex='0 1 2 3 -1'>
					<Coordinate point='-3.204001 2.059086 -5.140788 -3.048944 2.282411 -4.997988 -2.416772 1.809173 -4.997988 -2.539679 1.632153 -5.140788'/>
				</IndexedFaceSet>
			</Shape>
			<Shape DEF='_IDX_197'>
				<Appearance DEF='Material_193_IDX_193'>
					<Material diffuseColor='0.278152 0.176383 0.721569'/>
					
				</Appearance>
				<IndexedFaceSet solid="false" coordIndex='0 1 2 3 -1'>
					<Coordinate point='-3.996910 2.568658 -5.140788 -3.803480 2.847250 -4.997988 -3.048944 2.282411 -4.997988 -3.204001 2.059086 -5.140788'/>
				</IndexedFaceSet>
			</Shape>
			<Shape DEF='_IDX_198'>
				<Appearance DEF='Material_194_IDX_194'>
					<Material diffuseColor='0.278152 0.176383 0.721569'/>
					
				</Appearance>
				<IndexedFaceSet solid="false" coordIndex='0 1 2 3 -1'>
					<Coordinate point='-4.950229 3.181319 -5.140788 -4.710664 3.526359 -4.997988 -3.803480 2.847250 -4.997988 -3.996910 2.568658 -5.140788'/>
				</IndexedFaceSet>
			</Shape>
			<Shape DEF='_IDX_199'>
				<Appearance DEF='Material_195_IDX_195'>
					<Material diffuseColor='0.278152 0.176383 0.721569'/>
					
				</Appearance>
				<IndexedFaceSet solid="false" coordIndex='0 1 2 3 -1'>
					<Coordinate point='-6.102218 3.921658 -5.140788 -5.806903 4.346993 -4.997988 -4.710664 3.526359 -4.997988 -4.950229 3.181319 -5.140788'/>
				</IndexedFaceSet>
			</Shape>
			<Shape DEF='_IDX_200'>
				<Appearance DEF='Material_196_IDX_196'>
					<Material diffuseColor='0.267182 0.195984 0.740602'/>
					
				</Appearance>
				<IndexedFaceSet solid="false" coordIndex='0 1 2 3 -1'>
					<Coordinate point='-0.322356 0.241312 -4.997988 -0.304319 0.263694 -4.855189 0.000000 0.000000 -4.855189 0.000000 0.000000 -4.997988'/>
				</IndexedFaceSet>
			</Shape>
			<Shape DEF='_IDX_201'>
				<Appearance DEF='Material_197_IDX_197'>
					<Material diffuseColor='0.267182 0.195984 0.740602'/>
					
				</Appearance>
				<IndexedFaceSet solid="false" coordIndex='0 1 2 3 -1'>
					<Coordinate point='-0.657648 0.492309 -4.997988 -0.620852 0.537971 -4.855189 -0.304319 0.263694 -4.855189 -0.322356 0.241312 -4.997988'/>
				</IndexedFaceSet>
			</Shape>
			<Shape DEF='_IDX_202'>
				<Appearance DEF='Material_198_IDX_198'>
					<Material diffuseColor='0.267182 0.195984 0.740602'/>
					
				</Appearance>
				<IndexedFaceSet solid="false" coordIndex='0 1 2 3 -1'>
					<Coordinate point='-1.019335 0.763065 -4.997988 -0.962301 0.833839 -4.855189 -0.620852 0.537971 -4.855189 -0.657648 0.492309 -4.997988'/>
				</IndexedFaceSet>
			</Shape>
			<Shape DEF='_IDX_203'>
				<Appearance DEF='Material_199_IDX_199'>
					<Material diffuseColor='0.267182 0.195984 0.740602'/>
					
				</Appearance>
				<IndexedFaceSet solid="false" coordIndex='0 1 2 3 -1'>
					<Coordinate point='-1.421931 1.064444 -4.997988 -1.342371 1.163172 -4.855189 -0.962301 0.833839 -4.855189 -1.019335 0.763065 -4.997988'/>
				</IndexedFaceSet>
			</Shape>
			<Shape DEF='_IDX_204'>
				<Appearance DEF='Material_200_IDX_200'>
					<Material diffuseColor='0.267182 0.195984 0.740602'/>
					
				</Appearance>
				<IndexedFaceSet solid="false" coordIndex='0 1 2 3 -1'>
					<Coordinate point='-1.881594 1.408544 -4.997988 -1.776316 1.539186 -4.855189 -1.342371 1.163172 -4.855189 -1.421931 1.064444 -4.997988'/>
				</IndexedFaceSet>
			</Shape>
			<Shape DEF='_IDX_205'>
				<Appearance DEF='Material_201_IDX_201'>
					<Material diffuseColor='0.267182 0.195984 0.740602'/>
					
				</Appearance>
				<IndexedFaceSet solid="false" coordIndex='0 1 2 3 -1'>
					<Coordinate point='-2.416772 1.809173 -4.997988 -2.281549 1.976974 -4.855189 -1.776316 1.539186 -4.855189 -1.881594 1.408544 -4.997988'/>
				</IndexedFaceSet>
			</Shape>
			<Shape DEF='_IDX_206'>
				<Appearance DEF='Material_202_IDX_202'>
					<Material diffuseColor='0.267182 0.195984 0.740602'/>
					
				</Appearance>
				<IndexedFaceSet solid="false" coordIndex='0 1 2 3 -1'>
					<Coordinate point='-3.048944 2.282411 -4.997988 -2.878350 2.494105 -4.855189 -2.281549 1.976974 -4.855189 -2.416772 1.809173 -4.997988'/>
				</IndexedFaceSet>
			</Shape>
			<Shape DEF='_IDX_207'>
				<Appearance DEF='Material_203_IDX_203'>
					<Material diffuseColor='0.267182 0.195984 0.740602'/>
					
				</Appearance>
				<IndexedFaceSet solid="false" coordIndex='0 1 2 3 -1'>
					<Coordinate point='-3.803480 2.847250 -4.997988 -3.590669 3.111332 -4.855189 -2.878350 2.494105 -4.855189 -3.048944 2.282411 -4.997988'/>
				</IndexedFaceSet>
			</Shape>
			<Shape DEF='_IDX_208'>
				<Appearance DEF='Material_204_IDX_204'>
					<Material diffuseColor='0.267182 0.195984 0.740602'/>
					
				</Appearance>
				<IndexedFaceSet solid="false" coordIndex='0 1 2 3 -1'>
					<Coordinate point='-4.710664 3.526359 -4.997988 -4.447094 3.853429 -4.855189 -3.590669 3.111332 -4.855189 -3.803480 2.847250 -4.997988'/>
				</IndexedFaceSet>
			</Shape>
			<Shape DEF='_IDX_209'>
				<Appearance DEF='Material_205_IDX_205'>
					<Material diffuseColor='0.267182 0.195984 0.740602'/>
					
				</Appearance>
				<IndexedFaceSet solid="false" coordIndex='0 1 2 3 -1'>
					<Coordinate point='-5.806903 4.346993 -4.997988 -5.481997 4.750177 -4.855189 -4.447094 3.853429 -4.855189 -4.710664 3.526359 -4.997988'/>
				</IndexedFaceSet>
			</Shape>
			<Shape DEF='_IDX_210'>
				<Appearance DEF='Material_206_IDX_206'>
					<Material diffuseColor='0.256213 0.215585 0.759635'/>
					
				</Appearance>
				<IndexedFaceSet solid="false" coordIndex='0 1 2 3 -1'>
					<Coordinate point='-0.304319 0.263694 -4.855189 -0.284732 0.284732 -4.712389 -0.000000 0.000000 -4.712389 0.000000 0.000000 -4.855189'/>
				</IndexedFaceSet>
			</Shape>
			<Shape DEF='_IDX_211'>
				<Appearance DEF='Material_207_IDX_207'>
					<Material diffuseColor='0.256213 0.215585 0.759635'/>
					
				</Appearance>
				<IndexedFaceSet solid="false" coordIndex='0 1 2 3 -1'>
					<Coordinate point='-0.620852 0.537971 -4.855189 -0.580891 0.580891 -4.712389 -0.284732 0.284732 -4.712389 -0.304319 0.263694 -4.855189'/>
				</IndexedFaceSet>
			</Shape>
			<Shape DEF='_IDX_212'>
				<Appearance DEF='Material_208_IDX_208'>
					<Material diffuseColor='0.256213 0.215585 0.759635'/>
					
				</Appearance>
				<IndexedFaceSet solid="false" coordIndex='0 1 2 3 -1'>
					<Coordinate point='-0.962301 0.833839 -4.855189 -0.900364 0.900364 -4.712389 -0.580891 0.580891 -4.712389 -0.620852 0.537971 -4.855189'/>
				</IndexedFaceSet>
			</Shape>
			<Shape DEF='_IDX_213'>
				<Appearance DEF='Material_209_IDX_209'>
					<Material diffuseColor='0.256213 0.215585 0.759635'/>
					
				</Appearance>
				<IndexedFaceSet solid="false" coordIndex='0 1 2 3 -1'>
					<Coordinate point='-1.342371 1.163172 -4.855189 -1.255972 1.255972 -4.712389 -0.900364 0.900364 -4.712389 -0.962301 0.833839 -4.855189'/>
				</IndexedFaceSet>
			</Shape>
			<Shape DEF='_IDX_214'>
				<Appearance DEF='Material_210_IDX_210'>
					<Material diffuseColor='0.256213 0.215585 0.759635'/>
					
				</Appearance>
				<IndexedFaceSet solid="false" coordIndex='0 1 2 3 -1'>
					<Coordinate point='-1.776316 1.539186 -4.855189 -1.661986 1.661986 -4.712389 -1.255972 1.255972 -4.712389 -1.342371 1.163172 -4.855189'/>
				</IndexedFaceSet>
			</Shape>
			<Shape DEF='_IDX_215'>
				<Appearance DEF='Material_211_IDX_211'>
					<Material diffuseColor='0.256213 0.215585 0.759635'/>
					
				</Appearance>
				<IndexedFaceSet solid="false" coordIndex='0 1 2 3 -1'>
					<Coordinate point='-2.281549 1.976974 -4.855189 -2.134701 2.134701 -4.712389 -1.661986 1.661986 -4.712389 -1.776316 1.539186 -4.855189'/>
				</IndexedFaceSet>
			</Shape>
			<Shape DEF='_IDX_216'>
				<Appearance DEF='Material_212_IDX_212'>
					<Material diffuseColor='0.256213 0.215585 0.759635'/>
					
				</Appearance>
				<IndexedFaceSet solid="false" coordIndex='0 1 2 3 -1'>
					<Coordinate point='-2.878350 2.494105 -4.855189 -2.693089 2.693089 -4.712389 -2.134701 2.134701 -4.712389 -2.281549 1.976974 -4.855189'/>
				</IndexedFaceSet>
			</Shape>
			<Shape DEF='_IDX_217'>
				<Appearance DEF='Material_213_IDX_213'>
					<Material diffuseColor='0.256213 0.215585 0.759635'/>
					
				</Appearance>
				<IndexedFaceSet solid="false" coordIndex='0 1 2 3 -1'>
					<Coordinate point='-3.590669 3.111332 -4.855189 -3.359560 3.359560 -4.712389 -2.693089 2.693089 -4.712389 -2.878350 2.494105 -4.855189'/>
				</IndexedFaceSet>
			</Shape>
			<Shape DEF='_IDX_218'>
				<Appearance DEF='Material_214_IDX_214'>
					<Material diffuseColor='0.256213 0.215585 0.759635'/>
					
				</Appearance>
				<IndexedFaceSet solid="false" coordIndex='0 1 2 3 -1'>
					<Coordinate point='-4.447094 3.853429 -4.855189 -4.160863 4.160863 -4.712389 -3.359560 3.359560 -4.712389 -3.590669 3.111332 -4.855189'/>
				</IndexedFaceSet>
			</Shape>
			<Shape DEF='_IDX_219'>
				<Appearance DEF='Material_215_IDX_215'>
					<Material diffuseColor='0.256213 0.215585 0.759635'/>
					
				</Appearance>
				<IndexedFaceSet solid="false" coordIndex='0 1 2 3 -1'>
					<Coordinate point='-5.481997 4.750177 -4.855189 -5.129155 5.129155 -4.712389 -4.160863 4.160863 -4.712389 -4.447094 3.853429 -4.855189'/>
				</IndexedFaceSet>
			</Shape>
			<Shape DEF='_IDX_220'>
				<Appearance USE='Material_1_IDX_1'/>
				<IndexedFaceSet solid="false" coordIndex='0 1 2 3 -1'>
					<Coordinate point='-0.000000 -5.884348 -3.141593 0.419785 -5.869356 -3.284392 0.517475 -7.235239 -3.284392 -0.000000 -7.253721 -3.141593'/>
				</IndexedFaceSet>
			</Shape>
			<Shape DEF='_IDX_221'>
				<Appearance USE='Material_2_IDX_2'/>
				<IndexedFaceSet solid="false" coordIndex='0 1 2 3 -1'>
					<Coordinate point='0.000000 -4.751136 -3.141593 0.338942 -4.739030 -3.284392 0.419785 -5.869356 -3.284392 -0.000000 -5.884348 -3.141593'/>
				</IndexedFaceSet>
			</Shape>
			<Shape DEF='_IDX_222'>
				<Appearance USE='Material_3_IDX_3'/>
				<IndexedFaceSet solid="false" coordIndex='0 1 2 3 -1'>
					<Coordinate point='0.000000 -3.808603 -3.141593 0.271703 -3.798899 -3.284392 0.338942 -4.739030 -3.284392 0.000000 -4.751136 -3.141593'/>
				</IndexedFaceSet>
			</Shape>
			<Shape DEF='_IDX_223'>
				<Appearance USE='Material_4_IDX_4'/>
				<IndexedFaceSet solid="false" coordIndex='0 1 2 3 -1'>
					<Coordinate point='-0.000000 -3.018923 -3.141593 0.215367 -3.011231 -3.284392 0.271703 -3.798899 -3.284392 0.000000 -3.808603 -3.141593'/>
				</IndexedFaceSet>
			</Shape>
			<Shape DEF='_IDX_224'>
				<Appearance USE='Material_5_IDX_5'/>
				<IndexedFaceSet solid="false" coordIndex='0 1 2 3 -1'>
					<Coordinate point='0.000000 -2.350402 -3.141593 0.167676 -2.344414 -3.284392 0.215367 -3.011231 -3.284392 -0.000000 -3.018923 -3.141593'/>
				</IndexedFaceSet>
			</Shape>
			<Shape DEF='_IDX_225'>
				<Appearance USE='Material_6_IDX_6'/>
				<IndexedFaceSet solid="false" coordIndex='0 1 2 3 -1'>
					<Coordinate point='0.000000 -1.776212 -3.141593 0.126714 -1.771686 -3.284392 0.167676 -2.344414 -3.284392 0.000000 -2.350402 -3.141593'/>
				</IndexedFaceSet>
			</Shape>
			<Shape DEF='_IDX_226'>
				<Appearance USE='Material_7_IDX_7'/>
				<IndexedFaceSet solid="false" coordIndex='0 1 2 3 -1'>
					<Coordinate point='0.000000 -1.273307 -3.141593 0.090837 -1.270063 -3.284392 0.126714 -1.771686 -3.284392 0.000000 -1.776212 -3.141593'/>
				</IndexedFaceSet>
			</Shape>
			<Shape DEF='_IDX_227'>
				<Appearance USE='Material_8_IDX_8'/>
				<IndexedFaceSet solid="false" coordIndex='0 1 2 3 -1'>
					<Coordinate point='-0.000000 -0.821505 -3.141593 0.058605 -0.819412 -3.284392 0.090837 -1.270063 -3.284392 0.000000 -1.273307 -3.141593'/>
				</IndexedFaceSet>
			</Shape>
			<Shape DEF='_IDX_228'>
				<Appearance USE='Material_9_IDX_9'/>
				<IndexedFaceSet solid="false" coordIndex='0 1 2 3 -1'>
					<Coordinate point='0.000000 -0.402672 -3.141593 0.028726 -0.401646 -3.284392 0.058605 -0.819412 -3.284392 -0.000000 -0.821505 -3.141593'/>
				</IndexedFaceSet>
			</Shape>
			<Shape DEF='_IDX_229'>
				<Appearance USE='Material_10_IDX_10'/>
				<IndexedFaceSet solid="false" coordIndex='0 1 2 3 -1'>
					<Coordinate point='0.000000 0.000000 -3.141593 0.000000 0.000000 -3.284392 0.028726 -0.401646 -3.284392 0.000000 -0.402672 -3.141593'/>
				</IndexedFaceSet>
			</Shape>
			<Shape DEF='_IDX_230'>
				<Appearance USE='Material_11_IDX_11'/>
				<IndexedFaceSet solid="false" coordIndex='0 1 2 3 -1'>
					<Coordinate point='0.419785 -5.869356 -3.284392 0.837430 -5.824454 -3.427192 1.032312 -7.179888 -3.427192 0.517475 -7.235239 -3.284392'/>
				</IndexedFaceSet>
			</Shape>
			<Shape DEF='_IDX_231'>
				<Appearance USE='Material_12_IDX_12'/>
				<IndexedFaceSet solid="false" coordIndex='0 1 2 3 -1'>
					<Coordinate point='0.338942 -4.739030 -3.284392 0.676157 -4.702776 -3.427192 0.837430 -5.824454 -3.427192 0.419785 -5.869356 -3.284392'/>
				</IndexedFaceSet>
			</Shape>
			<Shape DEF='_IDX_232'>
				<Appearance USE='Material_13_IDX_13'/>
				<IndexedFaceSet solid="false" coordIndex='0 1 2 3 -1'>
					<Coordinate point='0.271703 -3.798899 -3.284392 0.542021 -3.769837 -3.427192 0.676157 -4.702776 -3.427192 0.338942 -4.739030 -3.284392'/>
				</IndexedFaceSet>
			</Shape>
			<Shape DEF='_IDX_233'>
				<Appearance USE='Material_14_IDX_14'/>
				<IndexedFaceSet solid="false" coordIndex='0 1 2 3 -1'>
					<Coordinate point='0.215367 -3.011231 -3.284392 0.429637 -2.988194 -3.427192 0.542021 -3.769837 -3.427192 0.271703 -3.798899 -3.284392'/>
				</IndexedFaceSet>
			</Shape>
			<Shape DEF='_IDX_234'>
				<Appearance USE='Material_15_IDX_15'/>
				<IndexedFaceSet solid="false" coordIndex='0 1 2 3 -1'>
					<Coordinate point='0.167676 -2.344414 -3.284392 0.334497 -2.326479 -3.427192 0.429637 -2.988194 -3.427192 0.215367 -3.011231 -3.284392'/>
				</IndexedFaceSet>
			</Shape>
			<Shape DEF='_IDX_235'>
				<Appearance USE='Material_16_IDX_16'/>
				<IndexedFaceSet solid="false" coordIndex='0 1 2 3 -1'>
					<Coordinate point='0.126714 -1.771686 -3.284392 0.252781 -1.758133 -3.427192 0.334497 -2.326479 -3.427192 0.167676 -2.344414 -3.284392'/>
				</IndexedFaceSet>
			</Shape>
			<Shape DEF='_IDX_236'>
				<Appearance USE='Material_17_IDX_17'/>
				<IndexedFaceSet solid="false" coordIndex='0 1 2 3 -1'>
					<Coordinate point='0.090837 -1.270063 -3.284392 0.181211 -1.260347 -3.427192 0.252781 -1.758133 -3.427192 0.126714 -1.771686 -3.284392'/>
				</IndexedFaceSet>
			</Shape>
			<Shape DEF='_IDX_237'>
				<Appearance USE='Material_18_IDX_18'/>
				<IndexedFaceSet solid="false" coordIndex='0 1 2 3 -1'>
					<Coordinate point='0.058605 -0.819412 -3.284392 0.116912 -0.813143 -3.427192 0.181211 -1.260347 -3.427192 0.090837 -1.270063 -3.284392'/>
				</IndexedFaceSet>
			</Shape>
			<Shape DEF='_IDX_238'>
				<Appearance USE='Material_19_IDX_19'/>
				<IndexedFaceSet solid="false" coordIndex='0 1 2 3 -1'>
					<Coordinate point='0.028726 -0.401646 -3.284392 0.057306 -0.398573 -3.427192 0.116912 -0.813143 -3.427192 0.058605 -0.819412 -3.284392'/>
				</IndexedFaceSet>
			</Shape>
			<Shape DEF='_IDX_239'>
				<Appearance USE='Material_20_IDX_20'/>
				<IndexedFaceSet solid="false" coordIndex='0 1 2 3 -1'>
					<Coordinate point='0.000000 0.000000 -3.284392 -0.000000 -0.000000 -3.427192 0.057306 -0.398573 -3.427192 0.028726 -0.401646 -3.284392'/>
				</IndexedFaceSet>
			</Shape>
			<Shape DEF='_IDX_240'>
				<Appearance USE='Material_21_IDX_21'/>
				<IndexedFaceSet solid="false" coordIndex='0 1 2 3 -1'>
					<Coordinate point='0.837430 -5.824454 -3.427192 1.250808 -5.749873 -3.569992 1.541889 -7.087951 -3.569992 1.032312 -7.179888 -3.427192'/>
				</IndexedFaceSet>
			</Shape>
			<Shape DEF='_IDX_241'>
				<Appearance USE='Material_22_IDX_22'/>
				<IndexedFaceSet solid="false" coordIndex='0 1 2 3 -1'>
					<Coordinate point='0.676157 -4.702776 -3.427192 1.009927 -4.642558 -3.569992 1.250808 -5.749873 -3.569992 0.837430 -5.824454 -3.427192'/>
				</IndexedFaceSet>
			</Shape>
			<Shape DEF='_IDX_242'>
				<Appearance USE='Material_23_IDX_23'/>
				<IndexedFaceSet solid="false" coordIndex='0 1 2 3 -1'>
					<Coordinate point='0.542021 -3.769837 -3.427192 0.809577 -3.721565 -3.569992 1.009927 -4.642558 -3.569992 0.676157 -4.702776 -3.427192'/>
				</IndexedFaceSet>
			</Shape>
			<Shape DEF='_IDX_243'>
				<Appearance USE='Material_24_IDX_24'/>
				<IndexedFaceSet solid="false" coordIndex='0 1 2 3 -1'>
					<Coordinate point='0.429637 -2.988194 -3.427192 0.641718 -2.949931 -3.569992 0.809577 -3.721565 -3.569992 0.542021 -3.769837 -3.427192'/>
				</IndexedFaceSet>
			</Shape>
			<Shape DEF='_IDX_244'>
				<Appearance USE='Material_25_IDX_25'/>
				<IndexedFaceSet solid="false" coordIndex='0 1 2 3 -1'>
					<Coordinate point='0.334497 -2.326479 -3.427192 0.499614 -2.296688 -3.569992 0.641718 -2.949931 -3.569992 0.429637 -2.988194 -3.427192'/>
				</IndexedFaceSet>
			</Shape>
			<Shape DEF='_IDX_245'>
				<Appearance USE='Material_26_IDX_26'/>
				<IndexedFaceSet solid="false" coordIndex='0 1 2 3 -1'>
					<Coordinate point='0.252781 -1.758133 -3.427192 0.377561 -1.735620 -3.569992 0.499614 -2.296688 -3.569992 0.334497 -2.326479 -3.427192'/>
				</IndexedFaceSet>
			</Shape>
			<Shape DEF='_IDX_246'>
				<Appearance USE='Material_27_IDX_27'/>
				<IndexedFaceSet solid="false" coordIndex='0 1 2 3 -1'>
					<Coordinate point='0.181211 -1.260347 -3.427192 0.270661 -1.244208 -3.569992 0.377561 -1.735620 -3.569992 0.252781 -1.758133 -3.427192'/>
				</IndexedFaceSet>
			</Shape>
			<Shape DEF='_IDX_247'>
				<Appearance USE='Material_28_IDX_28'/>
				<IndexedFaceSet solid="false" coordIndex='0 1 2 3 -1'>
					<Coordinate point='0.116912 -0.813143 -3.427192 0.174623 -0.802731 -3.569992 0.270661 -1.244208 -3.569992 0.181211 -1.260347 -3.427192'/>
				</IndexedFaceSet>
			</Shape>
			<Shape DEF='_IDX_248'>
				<Appearance USE='Material_29_IDX_29'/>
				<IndexedFaceSet solid="false" coordIndex='0 1 2 3 -1'>
					<Coordinate point='0.057306 -0.398573 -3.427192 0.085594 -0.393470 -3.569992 0.174623 -0.802731 -3.569992 0.116912 -0.813143 -3.427192'/>
				</IndexedFaceSet>
			</Shape>
			<Shape DEF='_IDX_249'>
				<Appearance USE='Material_30_IDX_30'/>
				<IndexedFaceSet solid="false" coordIndex='0 1 2 3 -1'>
					<Coordinate point='-0.000000 -0.000000 -3.427192 0.000000 0.000000 -3.569992 0.085594 -0.393470 -3.569992 0.057306 -0.398573 -3.427192'/>
				</IndexedFaceSet>
			</Shape>
			<Shape DEF='_IDX_250'>
				<Appearance USE='Material_31_IDX_31'/>
				<IndexedFaceSet solid="false" coordIndex='0 1 2 3 -1'>
					<Coordinate point='1.250808 -5.749873 -3.569992 1.657813 -5.645991 -3.712791 2.043609 -6.959894 -3.712791 1.541889 -7.087951 -3.569992'/>
				</IndexedFaceSet>
			</Shape>
			<Shape DEF='_IDX_251'>
				<Appearance USE='Material_32_IDX_32'/>
				<IndexedFaceSet solid="false" coordIndex='0 1 2 3 -1'>
					<Coordinate point='1.009927 -4.642558 -3.569992 1.338550 -4.558681 -3.712791 1.657813 -5.645991 -3.712791 1.250808 -5.749873 -3.569992'/>
				</IndexedFaceSet>
			</Shape>
			<Shape DEF='_IDX_252'>
				<Appearance USE='Material_33_IDX_33'/>
				<IndexedFaceSet solid="false" coordIndex='0 1 2 3 -1'>
					<Coordinate point='0.809577 -3.721565 -3.569992 1.073007 -3.654328 -3.712791 1.338550 -4.558681 -3.712791 1.009927 -4.642558 -3.569992'/>
				</IndexedFaceSet>
			</Shape>
			<Shape DEF='_IDX_253'>
				<Appearance USE='Material_34_IDX_34'/>
				<IndexedFaceSet solid="false" coordIndex='0 1 2 3 -1'>
					<Coordinate point='0.641718 -2.949931 -3.569992 0.850529 -2.896635 -3.712791 1.073007 -3.654328 -3.712791 0.809577 -3.721565 -3.569992'/>
				</IndexedFaceSet>
			</Shape>
			<Shape DEF='_IDX_254'>
				<Appearance USE='Material_35_IDX_35'/>
				<IndexedFaceSet solid="false" coordIndex='0 1 2 3 -1'>
					<Coordinate point='0.499614 -2.296688 -3.569992 0.662185 -2.255195 -3.712791 0.850529 -2.896635 -3.712791 0.641718 -2.949931 -3.569992'/>
				</IndexedFaceSet>
			</Shape>
			<Shape DEF='_IDX_255'>
				<Appearance USE='Material_36_IDX_36'/>
				<IndexedFaceSet solid="false" coordIndex='0 1 2 3 -1'>
					<Coordinate point='0.377561 -1.735620 -3.569992 0.500417 -1.704263 -3.712791 0.662185 -2.255195 -3.712791 0.499614 -2.296688 -3.569992'/>
				</IndexedFaceSet>
			</Shape>
			<Shape DEF='_IDX_256'>
				<Appearance USE='Material_37_IDX_37'/>
				<IndexedFaceSet solid="false" coordIndex='0 1 2 3 -1'>
					<Coordinate point='0.270661 -1.244208 -3.569992 0.358732 -1.221729 -3.712791 0.500417 -1.704263 -3.712791 0.377561 -1.735620 -3.569992'/>
				</IndexedFaceSet>
			</Shape>
			<Shape DEF='_IDX_257'>
				<Appearance USE='Material_38_IDX_38'/>
				<IndexedFaceSet solid="false" coordIndex='0 1 2 3 -1'>
					<Coordinate point='0.174623 -0.802731 -3.569992 0.231445 -0.788228 -3.712791 0.358732 -1.221729 -3.712791 0.270661 -1.244208 -3.569992'/>
				</IndexedFaceSet>
			</Shape>
			<Shape DEF='_IDX_258'>
				<Appearance USE='Material_39_IDX_39'/>
				<IndexedFaceSet solid="false" coordIndex='0 1 2 3 -1'>
					<Coordinate point='0.085594 -0.393470 -3.569992 0.113446 -0.386361 -3.712791 0.231445 -0.788228 -3.712791 0.174623 -0.802731 -3.569992'/>
				</IndexedFaceSet>
			</Shape>
			<Shape DEF='_IDX_259'>
				<Appearance USE='Material_40_IDX_40'/>
				<IndexedFaceSet solid="false" coordIndex='0 1 2 3 -1'>
					<Coordinate point='0.000000 0.000000 -3.569992 0.000000 0.000000 -3.712791 0.113446 -0.386361 -3.712791 0.085594 -0.393470 -3.569992'/>
				</IndexedFaceSet>
			</Shape>
			<Shape DEF='_IDX_260'>
				<Appearance USE='Material_41_IDX_41'/>
				<IndexedFaceSet solid="false" coordIndex='0 1 2 3 -1'>
					<Coordinate point='1.657813 -5.645991 -3.712791 2.056369 -5.513339 -3.855591 2.534916 -6.796372 -3.855591 2.043609 -6.959894 -3.712791'/>
				</IndexedFaceSet>
			</Shape>
			<Shape DEF='_IDX_261'>
				<Appearance USE='Material_42_IDX_42'/>
				<IndexedFaceSet solid="false" coordIndex='0 1 2 3 -1'>
					<Coordinate point='1.338550 -4.558681 -3.712791 1.660352 -4.451575 -3.855591 2.056369 -5.513339 -3.855591 1.657813 -5.645991 -3.712791'/>
				</IndexedFaceSet>
			</Shape>
			<Shape DEF='_IDX_262'>
				<Appearance USE='Material_43_IDX_43'/>
				<IndexedFaceSet solid="false" coordIndex='0 1 2 3 -1'>
					<Coordinate point='1.073007 -3.654328 -3.712791 1.330970 -3.568470 -3.855591 1.660352 -4.451575 -3.855591 1.338550 -4.558681 -3.712791'/>
				</IndexedFaceSet>
			</Shape>
			<Shape DEF='_IDX_263'>
				<Appearance USE='Material_44_IDX_44'/>
				<IndexedFaceSet solid="false" coordIndex='0 1 2 3 -1'>
					<Coordinate point='0.850529 -2.896635 -3.712791 1.055005 -2.828579 -3.855591 1.330970 -3.568470 -3.855591 1.073007 -3.654328 -3.712791'/>
				</IndexedFaceSet>
			</Shape>
			<Shape DEF='_IDX_264'>
				<Appearance USE='Material_45_IDX_45'/>
				<IndexedFaceSet solid="false" coordIndex='0 1 2 3 -1'>
					<Coordinate point='0.662185 -2.255195 -3.712791 0.821381 -2.202209 -3.855591 1.055005 -2.828579 -3.855591 0.850529 -2.896635 -3.712791'/>
				</IndexedFaceSet>
			</Shape>
			<Shape DEF='_IDX_265'>
				<Appearance USE='Material_46_IDX_46'/>
				<IndexedFaceSet solid="false" coordIndex='0 1 2 3 -1'>
					<Coordinate point='0.500417 -1.704263 -3.712791 0.620722 -1.664221 -3.855591 0.821381 -2.202209 -3.855591 0.662185 -2.255195 -3.712791'/>
				</IndexedFaceSet>
			</Shape>
			<Shape DEF='_IDX_266'>
				<Appearance USE='Material_47_IDX_47'/>
				<IndexedFaceSet solid="false" coordIndex='0 1 2 3 -1'>
					<Coordinate point='0.358732 -1.221729 -3.712791 0.444975 -1.193025 -3.855591 0.620722 -1.664221 -3.855591 0.500417 -1.704263 -3.712791'/>
				</IndexedFaceSet>
			</Shape>
			<Shape DEF='_IDX_267'>
				<Appearance USE='Material_48_IDX_48'/>
				<IndexedFaceSet solid="false" coordIndex='0 1 2 3 -1'>
					<Coordinate point='0.231445 -0.788228 -3.712791 0.287086 -0.769709 -3.855591 0.444975 -1.193025 -3.855591 0.358732 -1.221729 -3.712791'/>
				</IndexedFaceSet>
			</Shape>
			<Shape DEF='_IDX_268'>
				<Appearance USE='Material_49_IDX_49'/>
				<IndexedFaceSet solid="false" coordIndex='0 1 2 3 -1'>
					<Coordinate point='0.113446 -0.386361 -3.712791 0.140719 -0.377283 -3.855591 0.287086 -0.769709 -3.855591 0.231445 -0.788228 -3.712791'/>
				</IndexedFaceSet>
			</Shape>
			<Shape DEF='_IDX_269'>
				<Appearance USE='Material_50_IDX_50'/>
				<IndexedFaceSet solid="false" coordIndex='0 1 2 3 -1'>
					<Coordinate point='0.000000 0.000000 -3.712791 0.000000 0.000000 -3.855591 0.140719 -0.377283 -3.855591 0.113446 -0.386361 -3.712791'/>
				</IndexedFaceSet>
			</Shape>
			<Shape DEF='_IDX_270'>
				<Appearance USE='Material_51_IDX_51'/>
				<IndexedFaceSet solid="false" coordIndex='0 1 2 3 -1'>
					<Coordinate point='2.056369 -5.513339 -3.855591 2.444447 -5.352592 -3.998391 3.013304 -6.598217 -3.998391 2.534916 -6.796372 -3.855591'/>
				</IndexedFaceSet>
			</Shape>
			<Shape DEF='_IDX_271'>
				<Appearance USE='Material_52_IDX_52'/>
				<IndexedFaceSet solid="false" coordIndex='0 1 2 3 -1'>
					<Coordinate point='1.660352 -4.451575 -3.855591 1.973693 -4.321785 -3.998391 2.444447 -5.352592 -3.998391 2.056369 -5.513339 -3.855591'/>
				</IndexedFaceSet>
			</Shape>
			<Shape DEF='_IDX_272'>
				<Appearance USE='Material_53_IDX_53'/>
				<IndexedFaceSet solid="false" coordIndex='0 1 2 3 -1'>
					<Coordinate point='1.330970 -3.568470 -3.855591 1.582151 -3.464427 -3.998391 1.973693 -4.321785 -3.998391 1.660352 -4.451575 -3.855591'/>
				</IndexedFaceSet>
			</Shape>
			<Shape DEF='_IDX_273'>
				<Appearance USE='Material_54_IDX_54'/>
				<IndexedFaceSet solid="false" coordIndex='0 1 2 3 -1'>
					<Coordinate point='1.055005 -2.828579 -3.855591 1.254106 -2.746109 -3.998391 1.582151 -3.464427 -3.998391 1.330970 -3.568470 -3.855591'/>
				</IndexedFaceSet>
			</Shape>
			<Shape DEF='_IDX_274'>
				<Appearance USE='Material_55_IDX_55'/>
				<IndexedFaceSet solid="false" coordIndex='0 1 2 3 -1'>
					<Coordinate point='0.821381 -2.202209 -3.855591 0.976392 -2.138001 -3.998391 1.254106 -2.746109 -3.998391 1.055005 -2.828579 -3.855591'/>
				</IndexedFaceSet>
			</Shape>
			<Shape DEF='_IDX_275'>
				<Appearance USE='Material_56_IDX_56'/>
				<IndexedFaceSet solid="false" coordIndex='0 1 2 3 -1'>
					<Coordinate point='0.620722 -1.664221 -3.855591 0.737865 -1.615699 -3.998391 0.976392 -2.138001 -3.998391 0.821381 -2.202209 -3.855591'/>
				</IndexedFaceSet>
			</Shape>
			<Shape DEF='_IDX_276'>
				<Appearance USE='Material_57_IDX_57'/>
				<IndexedFaceSet solid="false" coordIndex='0 1 2 3 -1'>
					<Coordinate point='0.444975 -1.193025 -3.855591 0.528951 -1.158241 -3.998391 0.737865 -1.615699 -3.998391 0.620722 -1.664221 -3.855591'/>
				</IndexedFaceSet>
			</Shape>
			<Shape DEF='_IDX_277'>
				<Appearance USE='Material_58_IDX_58'/>
				<IndexedFaceSet solid="false" coordIndex='0 1 2 3 -1'>
					<Coordinate point='0.287086 -0.769709 -3.855591 0.341265 -0.747267 -3.998391 0.528951 -1.158241 -3.998391 0.444975 -1.193025 -3.855591'/>
				</IndexedFaceSet>
			</Shape>
			<Shape DEF='_IDX_278'>
				<Appearance USE='Material_59_IDX_59'/>
				<IndexedFaceSet solid="false" coordIndex='0 1 2 3 -1'>
					<Coordinate point='0.140719 -0.377283 -3.855591 0.167276 -0.366283 -3.998391 0.341265 -0.747267 -3.998391 0.287086 -0.769709 -3.855591'/>
				</IndexedFaceSet>
			</Shape>
			<Shape DEF='_IDX_279'>
				<Appearance USE='Material_60_IDX_60'/>
				<IndexedFaceSet solid="false" coordIndex='0 1 2 3 -1'>
					<Coordinate point='0.000000 0.000000 -3.855591 0.000000 0.000000 -3.998391 0.167276 -0.366283 -3.998391 0.140719 -0.377283 -3.855591'/>
				</IndexedFaceSet>
			</Shape>
			<Shape DEF='_IDX_280'>
				<Appearance USE='Material_61_IDX_61'/>
				<IndexedFaceSet solid="false" coordIndex='0 1 2 3 -1'>
					<Coordinate point='2.444447 -5.352592 -3.998391 2.820068 -5.164569 -4.141191 3.476338 -6.366438 -4.141191 3.013304 -6.598217 -3.998391'/>
				</IndexedFaceSet>
			</Shape>
			<Shape DEF='_IDX_281'>
				<Appearance USE='Material_62_IDX_62'/>
				<IndexedFaceSet solid="false" coordIndex='0 1 2 3 -1'>
					<Coordinate point='1.973693 -4.321785 -3.998391 2.276977 -4.169972 -4.141191 2.820068 -5.164569 -4.141191 2.444447 -5.352592 -3.998391'/>
				</IndexedFaceSet>
			</Shape>
			<Shape DEF='_IDX_282'>
				<Appearance USE='Material_63_IDX_63'/>
				<IndexedFaceSet solid="false" coordIndex='0 1 2 3 -1'>
					<Coordinate point='1.582151 -3.464427 -3.998391 1.825269 -3.342731 -4.141191 2.276977 -4.169972 -4.141191 1.973693 -4.321785 -3.998391'/>
				</IndexedFaceSet>
			</Shape>
			<Shape DEF='_IDX_283'>
				<Appearance USE='Material_64_IDX_64'/>
				<IndexedFaceSet solid="false" coordIndex='0 1 2 3 -1'>
					<Coordinate point='1.254106 -2.746109 -3.998391 1.446816 -2.649645 -4.141191 1.825269 -3.342731 -4.141191 1.582151 -3.464427 -3.998391'/>
				</IndexedFaceSet>
			</Shape>
			<Shape DEF='_IDX_284'>
				<Appearance USE='Material_65_IDX_65'/>
				<IndexedFaceSet solid="false" coordIndex='0 1 2 3 -1'>
					<Coordinate point='0.976392 -2.138001 -3.998391 1.126428 -2.062899 -4.141191 1.446816 -2.649645 -4.141191 1.254106 -2.746109 -3.998391'/>
				</IndexedFaceSet>
			</Shape>
			<Shape DEF='_IDX_285'>
				<Appearance USE='Material_66_IDX_66'/>
				<IndexedFaceSet solid="false" coordIndex='0 1 2 3 -1'>
					<Coordinate point='0.737865 -1.615699 -3.998391 0.851248 -1.558944 -4.141191 1.126428 -2.062899 -4.141191 0.976392 -2.138001 -3.998391'/>
				</IndexedFaceSet>
			</Shape>
			<Shape DEF='_IDX_286'>
				<Appearance USE='Material_67_IDX_67'/>
				<IndexedFaceSet solid="false" coordIndex='0 1 2 3 -1'>
					<Coordinate point='0.528951 -1.158241 -3.998391 0.610231 -1.117555 -4.141191 0.851248 -1.558944 -4.141191 0.737865 -1.615699 -3.998391'/>
				</IndexedFaceSet>
			</Shape>
			<Shape DEF='_IDX_287'>
				<Appearance USE='Material_68_IDX_68'/>
				<IndexedFaceSet solid="false" coordIndex='0 1 2 3 -1'>
					<Coordinate point='0.341265 -0.747267 -3.998391 0.393705 -0.721017 -4.141191 0.610231 -1.117555 -4.141191 0.528951 -1.158241 -3.998391'/>
				</IndexedFaceSet>
			</Shape>
			<Shape DEF='_IDX_288'>
				<Appearance USE='Material_69_IDX_69'/>
				<IndexedFaceSet solid="false" coordIndex='0 1 2 3 -1'>
					<Coordinate point='0.167276 -0.366283 -3.998391 0.192980 -0.353417 -4.141191 0.393705 -0.721017 -4.141191 0.341265 -0.747267 -3.998391'/>
				</IndexedFaceSet>
			</Shape>
			<Shape DEF='_IDX_289'>
				<Appearance USE='Material_68_IDX_68'/>
				<IndexedFaceSet solid="false" coordIndex='0 1 2 3 -1'>
					<Coordinate point='0.000000 0.000000 -3.998391 0.000000 0.000000 -4.141191 0.192980 -0.353417 -4.141191 0.167276 -0.366283 -3.998391'/>
				</IndexedFaceSet>
			</Shape>
			<Shape DEF='_IDX_290'>
				<Appearance USE='Material_70_IDX_70'/>
				<IndexedFaceSet solid="false" coordIndex='0 1 2 3 -1'>
					<Coordinate point='2.820068 -5.164569 -4.141191 3.181319 -4.950229 -4.283990 3.921658 -6.102218 -4.283990 3.476338 -6.366438 -4.141191'/>
				</IndexedFaceSet>
			</Shape>
			<Shape DEF='_IDX_291'>
				<Appearance USE='Material_71_IDX_71'/>
				<IndexedFaceSet solid="false" coordIndex='0 1 2 3 -1'>
					<Coordinate point='2.276977 -4.169972 -4.141191 2.568658 -3.996910 -4.283990 3.181319 -4.950229 -4.283990 2.820068 -5.164569 -4.141191'/>
				</IndexedFaceSet>
			</Shape>
			<Shape DEF='_IDX_292'>
				<Appearance USE='Material_72_IDX_72'/>
				<IndexedFaceSet solid="false" coordIndex='0 1 2 3 -1'>
					<Coordinate point='1.825269 -3.342731 -4.141191 2.059086 -3.204001 -4.283990 2.568658 -3.996910 -4.283990 2.276977 -4.169972 -4.141191'/>
				</IndexedFaceSet>
			</Shape>
			<Shape DEF='_IDX_293'>
				<Appearance USE='Material_73_IDX_73'/>
				<IndexedFaceSet solid="false" coordIndex='0 1 2 3 -1'>
					<Coordinate point='1.446816 -2.649645 -4.141191 1.632153 -2.539679 -4.283990 2.059086 -3.204001 -4.283990 1.825269 -3.342731 -4.141191'/>
				</IndexedFaceSet>
			</Shape>
			<Shape DEF='_IDX_294'>
				<Appearance USE='Material_74_IDX_74'/>
				<IndexedFaceSet solid="false" coordIndex='0 1 2 3 -1'>
					<Coordinate point='1.126428 -2.062899 -4.141191 1.270723 -1.977284 -4.283990 1.632153 -2.539679 -4.283990 1.446816 -2.649645 -4.141191'/>
				</IndexedFaceSet>
			</Shape>
			<Shape DEF='_IDX_295'>
				<Appearance USE='Material_75_IDX_75'/>
				<IndexedFaceSet solid="false" coordIndex='0 1 2 3 -1'>
					<Coordinate point='0.851248 -1.558944 -4.141191 0.960293 -1.494245 -4.283990 1.270723 -1.977284 -4.283990 1.126428 -2.062899 -4.141191'/>
				</IndexedFaceSet>
			</Shape>
			<Shape DEF='_IDX_296'>
				<Appearance USE='Material_76_IDX_76'/>
				<IndexedFaceSet solid="false" coordIndex='0 1 2 3 -1'>
					<Coordinate point='0.610231 -1.117555 -4.141191 0.688402 -1.071174 -4.283990 0.960293 -1.494245 -4.283990 0.851248 -1.558944 -4.141191'/>
				</IndexedFaceSet>
			</Shape>
			<Shape DEF='_IDX_297'>
				<Appearance USE='Material_77_IDX_77'/>
				<IndexedFaceSet solid="false" coordIndex='0 1 2 3 -1'>
					<Coordinate point='0.393705 -0.721017 -4.141191 0.444139 -0.691094 -4.283990 0.688402 -1.071174 -4.283990 0.610231 -1.117555 -4.141191'/>
				</IndexedFaceSet>
			</Shape>
			<Shape DEF='_IDX_298'>
				<Appearance USE='Material_78_IDX_78'/>
				<IndexedFaceSet solid="false" coordIndex='0 1 2 3 -1'>
					<Coordinate point='0.192980 -0.353417 -4.141191 0.217701 -0.338749 -4.283990 0.444139 -0.691094 -4.283990 0.393705 -0.721017 -4.141191'/>
				</IndexedFaceSet>
			</Shape>
			<Shape DEF='_IDX_299'>
				<Appearance USE='Material_78_IDX_78'/>
				<IndexedFaceSet solid="false" coordIndex='0 1 2 3 -1'>
					<Coordinate point='0.000000 0.000000 -4.141191 0.000000 0.000000 -4.283990 0.217701 -0.338749 -4.283990 0.192980 -0.353417 -4.141191'/>
				</IndexedFaceSet>
			</Shape>
			<Shape DEF='_IDX_300'>
				<Appearance USE='Material_79_IDX_79'/>
				<IndexedFaceSet solid="false" coordIndex='0 1 2 3 -1'>
					<Coordinate point='3.181319 -4.950229 -4.283990 3.526359 -4.710664 -4.426790 4.346993 -5.806903 -4.426790 3.921658 -6.102218 -4.283990'/>
				</IndexedFaceSet>
			</Shape>
			<Shape DEF='_IDX_301'>
				<Appearance USE='Material_80_IDX_80'/>
				<IndexedFaceSet solid="false" coordIndex='0 1 2 3 -1'>
					<Coordinate point='2.568658 -3.996910 -4.283990 2.847250 -3.803480 -4.426790 3.526359 -4.710664 -4.426790 3.181319 -4.950229 -4.283990'/>
				</IndexedFaceSet>
			</Shape>
			<Shape DEF='_IDX_302'>
				<Appearance USE='Material_81_IDX_81'/>
				<IndexedFaceSet solid="false" coordIndex='0 1 2 3 -1'>
					<Coordinate point='2.059086 -3.204001 -4.283990 2.282411 -3.048944 -4.426790 2.847250 -3.803480 -4.426790 2.568658 -3.996910 -4.283990'/>
				</IndexedFaceSet>
			</Shape>
			<Shape DEF='_IDX_303'>
				<Appearance USE='Material_82_IDX_82'/>
				<IndexedFaceSet solid="false" coordIndex='0 1 2 3 -1'>
					<Coordinate point='1.632153 -2.539679 -4.283990 1.809173 -2.416772 -4.426790 2.282411 -3.048944 -4.426790 2.059086 -3.204001 -4.283990'/>
				</IndexedFaceSet>
			</Shape>
			<Shape DEF='_IDX_304'>
				<Appearance USE='Material_83_IDX_83'/>
				<IndexedFaceSet solid="false" coordIndex='0 1 2 3 -1'>
					<Coordinate point='1.270723 -1.977284 -4.283990 1.408544 -1.881594 -4.426790 1.809173 -2.416772 -4.426790 1.632153 -2.539679 -4.283990'/>
				</IndexedFaceSet>
			</Shape>
			<Shape DEF='_IDX_305'>
				<Appearance USE='Material_84_IDX_84'/>
				<IndexedFaceSet solid="false" coordIndex='0 1 2 3 -1'>
					<Coordinate point='0.960293 -1.494245 -4.283990 1.064444 -1.421931 -4.426790 1.408544 -1.881594 -4.426790 1.270723 -1.977284 -4.283990'/>
				</IndexedFaceSet>
			</Shape>
			<Shape DEF='_IDX_306'>
				<Appearance USE='Material_85_IDX_85'/>
				<IndexedFaceSet solid="false" coordIndex='0 1 2 3 -1'>
					<Coordinate point='0.688402 -1.071174 -4.283990 0.763065 -1.019335 -4.426790 1.064444 -1.421931 -4.426790 0.960293 -1.494245 -4.283990'/>
				</IndexedFaceSet>
			</Shape>
			<Shape DEF='_IDX_307'>
				<Appearance USE='Material_86_IDX_86'/>
				<IndexedFaceSet solid="false" coordIndex='0 1 2 3 -1'>
					<Coordinate point='0.444139 -0.691094 -4.283990 0.492309 -0.657648 -4.426790 0.763065 -1.019335 -4.426790 0.688402 -1.071174 -4.283990'/>
				</IndexedFaceSet>
			</Shape>
			<Shape DEF='_IDX_308'>
				<Appearance USE='Material_87_IDX_87'/>
				<IndexedFaceSet solid="false" coordIndex='0 1 2 3 -1'>
					<Coordinate point='0.217701 -0.338749 -4.283990 0.241312 -0.322356 -4.426790 0.492309 -0.657648 -4.426790 0.444139 -0.691094 -4.283990'/>
				</IndexedFaceSet>
			</Shape>
			<Shape DEF='_IDX_309'>
				<Appearance USE='Material_88_IDX_88'/>
				<IndexedFaceSet solid="false" coordIndex='0 1 2 3 -1'>
					<Coordinate point='0.000000 0.000000 -4.283990 0.000000 0.000000 -4.426790 0.241312 -0.322356 -4.426790 0.217701 -0.338749 -4.283990'/>
				</IndexedFaceSet>
			</Shape>
			<Shape DEF='_IDX_310'>
				<Appearance USE='Material_89_IDX_89'/>
				<IndexedFaceSet solid="false" coordIndex='0 1 2 3 -1'>
					<Coordinate point='3.526359 -4.710664 -4.426790 3.853429 -4.447094 -4.569589 4.750177 -5.481997 -4.569589 4.346993 -5.806903 -4.426790'/>
				</IndexedFaceSet>
			</Shape>
			<Shape DEF='_IDX_311'>
				<Appearance USE='Material_90_IDX_90'/>
				<IndexedFaceSet solid="false" coordIndex='0 1 2 3 -1'>
					<Coordinate point='2.847250 -3.803480 -4.426790 3.111332 -3.590669 -4.569589 3.853429 -4.447094 -4.569589 3.526359 -4.710664 -4.426790'/>
				</IndexedFaceSet>
			</Shape>
			<Shape DEF='_IDX_312'>
				<Appearance USE='Material_91_IDX_91'/>
				<IndexedFaceSet solid="false" coordIndex='0 1 2 3 -1'>
					<Coordinate point='2.282411 -3.048944 -4.426790 2.494105 -2.878350 -4.569589 3.111332 -3.590669 -4.569589 2.847250 -3.803480 -4.426790'/>
				</IndexedFaceSet>
			</Shape>
			<Shape DEF='_IDX_313'>
				<Appearance USE='Material_92_IDX_92'/>
				<IndexedFaceSet solid="false" coordIndex='0 1 2 3 -1'>
					<Coordinate point='1.809173 -2.416772 -4.426790 1.976974 -2.281549 -4.569589 2.494105 -2.878350 -4.569589 2.282411 -3.048944 -4.426790'/>
				</IndexedFaceSet>
			</Shape>
			<Shape DEF='_IDX_314'>
				<Appearance USE='Material_93_IDX_93'/>
				<IndexedFaceSet solid="false" coordIndex='0 1 2 3 -1'>
					<Coordinate point='1.408544 -1.881594 -4.426790 1.539186 -1.776316 -4.569589 1.976974 -2.281549 -4.569589 1.809173 -2.416772 -4.426790'/>
				</IndexedFaceSet>
			</Shape>
			<Shape DEF='_IDX_315'>
				<Appearance USE='Material_94_IDX_94'/>
				<IndexedFaceSet solid="false" coordIndex='0 1 2 3 -1'>
					<Coordinate point='1.064444 -1.421931 -4.426790 1.163172 -1.342371 -4.569589 1.539186 -1.776316 -4.569589 1.408544 -1.881594 -4.426790'/>
				</IndexedFaceSet>
			</Shape>
			<Shape DEF='_IDX_316'>
				<Appearance USE='Material_95_IDX_95'/>
				<IndexedFaceSet solid="false" coordIndex='0 1 2 3 -1'>
					<Coordinate point='0.763065 -1.019335 -4.426790 0.833839 -0.962301 -4.569589 1.163172 -1.342371 -4.569589 1.064444 -1.421931 -4.426790'/>
				</IndexedFaceSet>
			</Shape>
			<Shape DEF='_IDX_317'>
				<Appearance USE='Material_96_IDX_96'/>
				<IndexedFaceSet solid="false" coordIndex='0 1 2 3 -1'>
					<Coordinate point='0.492309 -0.657648 -4.426790 0.537971 -0.620852 -4.569589 0.833839 -0.962301 -4.569589 0.763065 -1.019335 -4.426790'/>
				</IndexedFaceSet>
			</Shape>
			<Shape DEF='_IDX_318'>
				<Appearance USE='Material_97_IDX_97'/>
				<IndexedFaceSet solid="false" coordIndex='0 1 2 3 -1'>
					<Coordinate point='0.241312 -0.322356 -4.426790 0.263694 -0.304319 -4.569589 0.537971 -0.620852 -4.569589 0.492309 -0.657648 -4.426790'/>
				</IndexedFaceSet>
			</Shape>
			<Shape DEF='_IDX_319'>
				<Appearance USE='Material_98_IDX_98'/>
				<IndexedFaceSet solid="false" coordIndex='0 1 2 3 -1'>
					<Coordinate point='0.000000 0.000000 -4.426790 0.000000 0.000000 -4.569589 0.263694 -0.304319 -4.569589 0.241312 -0.322356 -4.426790'/>
				</IndexedFaceSet>
			</Shape>
			<Shape DEF='_IDX_320'>
				<Appearance USE='Material_99_IDX_99'/>
				<IndexedFaceSet solid="false" coordIndex='0 1 2 3 -1'>
					<Coordinate point='3.853429 -4.447094 -4.569589 4.160863 -4.160863 -4.712389 5.129155 -5.129155 -4.712389 4.750177 -5.481997 -4.569589'/>
				</IndexedFaceSet>
			</Shape>
			<Shape DEF='_IDX_321'>
				<Appearance USE='Material_100_IDX_100'/>
				<IndexedFaceSet solid="false" coordIndex='0 1 2 3 -1'>
					<Coordinate point='3.111332 -3.590669 -4.569589 3.359560 -3.359560 -4.712389 4.160863 -4.160863 -4.712389 3.853429 -4.447094 -4.569589'/>
				</IndexedFaceSet>
			</Shape>
			<Shape DEF='_IDX_322'>
				<Appearance USE='Material_101_IDX_101'/>
				<IndexedFaceSet solid="false" coordIndex='0 1 2 3 -1'>
					<Coordinate point='2.494105 -2.878350 -4.569589 2.693089 -2.693089 -4.712389 3.359560 -3.359560 -4.712389 3.111332 -3.590669 -4.569589'/>
				</IndexedFaceSet>
			</Shape>
			<Shape DEF='_IDX_323'>
				<Appearance USE='Material_102_IDX_102'/>
				<IndexedFaceSet solid="false" coordIndex='0 1 2 3 -1'>
					<Coordinate point='1.976974 -2.281549 -4.569589 2.134701 -2.134701 -4.712389 2.693089 -2.693089 -4.712389 2.494105 -2.878350 -4.569589'/>
				</IndexedFaceSet>
			</Shape>
			<Shape DEF='_IDX_324'>
				<Appearance USE='Material_103_IDX_103'/>
				<IndexedFaceSet solid="false" coordIndex='0 1 2 3 -1'>
					<Coordinate point='1.539186 -1.776316 -4.569589 1.661986 -1.661986 -4.712389 2.134701 -2.134701 -4.712389 1.976974 -2.281549 -4.569589'/>
				</IndexedFaceSet>
			</Shape>
			<Shape DEF='_IDX_325'>
				<Appearance USE='Material_104_IDX_104'/>
				<IndexedFaceSet solid="false" coordIndex='0 1 2 3 -1'>
					<Coordinate point='1.163172 -1.342371 -4.569589 1.255972 -1.255972 -4.712389 1.661986 -1.661986 -4.712389 1.539186 -1.776316 -4.569589'/>
				</IndexedFaceSet>
			</Shape>
			<Shape DEF='_IDX_326'>
				<Appearance USE='Material_105_IDX_105'/>
				<IndexedFaceSet solid="false" coordIndex='0 1 2 3 -1'>
					<Coordinate point='0.833839 -0.962301 -4.569589 0.900364 -0.900364 -4.712389 1.255972 -1.255972 -4.712389 1.163172 -1.342371 -4.569589'/>
				</IndexedFaceSet>
			</Shape>
			<Shape DEF='_IDX_327'>
				<Appearance USE='Material_106_IDX_106'/>
				<IndexedFaceSet solid="false" coordIndex='0 1 2 3 -1'>
					<Coordinate point='0.537971 -0.620852 -4.569589 0.580891 -0.580891 -4.712389 0.900364 -0.900364 -4.712389 0.833839 -0.962301 -4.569589'/>
				</IndexedFaceSet>
			</Shape>
			<Shape DEF='_IDX_328'>
				<Appearance USE='Material_107_IDX_107'/>
				<IndexedFaceSet solid="false" coordIndex='0 1 2 3 -1'>
					<Coordinate point='0.263694 -0.304319 -4.569589 0.284732 -0.284732 -4.712389 0.580891 -0.580891 -4.712389 0.537971 -0.620852 -4.569589'/>
				</IndexedFaceSet>
			</Shape>
			<Shape DEF='_IDX_329'>
				<Appearance USE='Material_108_IDX_108'/>
				<IndexedFaceSet solid="false" coordIndex='0 1 2 3 -1'>
					<Coordinate point='0.000000 0.000000 -4.569589 0.000000 -0.000000 -4.712389 0.284732 -0.284732 -4.712389 0.263694 -0.304319 -4.569589'/>
				</IndexedFaceSet>
			</Shape>
			<Shape DEF='_IDX_330'>
				<Appearance USE='Material_109_IDX_109'/>
				<IndexedFaceSet solid="false" coordIndex='0 1 2 3 -1'>
					<Coordinate point='0.402672 -0.000000 -6.283185 0.401646 -0.028726 -6.140386 -0.000000 -0.000000 -6.140386 -0.000000 -0.000000 -6.283185'/>
				</IndexedFaceSet>
			</Shape>
			<Shape DEF='_IDX_331'>
				<Appearance USE='Material_110_IDX_110'/>
				<IndexedFaceSet solid="false" coordIndex='0 1 2 3 -1'>
					<Coordinate point='0.821505 0.000000 -6.283185 0.819412 -0.058605 -6.140386 0.401646 -0.028726 -6.140386 0.402672 -0.000000 -6.283185'/>
				</IndexedFaceSet>
			</Shape>
			<Shape DEF='_IDX_332'>
				<Appearance USE='Material_111_IDX_111'/>
				<IndexedFaceSet solid="false" coordIndex='0 1 2 3 -1'>
					<Coordinate point='1.273307 -0.000000 -6.283185 1.270063 -0.090837 -6.140386 0.819412 -0.058605 -6.140386 0.821505 0.000000 -6.283185'/>
				</IndexedFaceSet>
			</Shape>
			<Shape DEF='_IDX_333'>
				<Appearance USE='Material_112_IDX_112'/>
				<IndexedFaceSet solid="false" coordIndex='0 1 2 3 -1'>
					<Coordinate point='1.776212 -0.000000 -6.283185 1.771686 -0.126714 -6.140386 1.270063 -0.090837 -6.140386 1.273307 -0.000000 -6.283185'/>
				</IndexedFaceSet>
			</Shape>
			<Shape DEF='_IDX_334'>
				<Appearance USE='Material_113_IDX_113'/>
				<IndexedFaceSet solid="false" coordIndex='0 1 2 3 -1'>
					<Coordinate point='2.350402 -0.000000 -6.283185 2.344414 -0.167676 -6.140386 1.771686 -0.126714 -6.140386 1.776212 -0.000000 -6.283185'/>
				</IndexedFaceSet>
			</Shape>
			<Shape DEF='_IDX_335'>
				<Appearance USE='Material_114_IDX_114'/>
				<IndexedFaceSet solid="false" coordIndex='0 1 2 3 -1'>
					<Coordinate point='3.018923 0.000000 -6.283185 3.011231 -0.215367 -6.140386 2.344414 -0.167676 -6.140386 2.350402 -0.000000 -6.283185'/>
				</IndexedFaceSet>
			</Shape>
			<Shape DEF='_IDX_336'>
				<Appearance USE='Material_115_IDX_115'/>
				<IndexedFaceSet solid="false" coordIndex='0 1 2 3 -1'>
					<Coordinate point='3.808603 -0.000000 -6.283185 3.798899 -0.271703 -6.140386 3.011231 -0.215367 -6.140386 3.018923 0.000000 -6.283185'/>
				</IndexedFaceSet>
			</Shape>
			<Shape DEF='_IDX_337'>
				<Appearance USE='Material_116_IDX_116'/>
				<IndexedFaceSet solid="false" coordIndex='0 1 2 3 -1'>
					<Coordinate point='4.751136 -0.000000 -6.283185 4.739030 -0.338942 -6.140386 3.798899 -0.271703 -6.140386 3.808603 -0.000000 -6.283185'/>
				</IndexedFaceSet>
			</Shape>
			<Shape DEF='_IDX_338'>
				<Appearance USE='Material_117_IDX_117'/>
				<IndexedFaceSet solid="false" coordIndex='0 1 2 3 -1'>
					<Coordinate point='5.884348 0.000000 -6.283185 5.869356 -0.419785 -6.140386 4.739030 -0.338942 -6.140386 4.751136 -0.000000 -6.283185'/>
				</IndexedFaceSet>
			</Shape>
			<Shape DEF='_IDX_339'>
				<Appearance USE='Material_118_IDX_118'/>
				<IndexedFaceSet solid="false" coordIndex='0 1 2 3 -1'>
					<Coordinate point='7.253721 0.000000 -6.283185 7.235239 -0.517475 -6.140386 5.869356 -0.419785 -6.140386 5.884348 0.000000 -6.283185'/>
				</IndexedFaceSet>
			</Shape>
			<Shape DEF='_IDX_340'>
				<Appearance USE='Material_119_IDX_119'/>
				<IndexedFaceSet solid="false" coordIndex='0 1 2 3 -1'>
					<Coordinate point='0.401646 -0.028726 -6.140386 0.398573 -0.057306 -5.997586 0.000000 0.000000 -5.997586 -0.000000 -0.000000 -6.140386'/>
				</IndexedFaceSet>
			</Shape>
			<Shape DEF='_IDX_341'>
				<Appearance USE='Material_120_IDX_120'/>
				<IndexedFaceSet solid="false" coordIndex='0 1 2 3 -1'>
					<Coordinate point='0.819412 -0.058605 -6.140386 0.813143 -0.116912 -5.997586 0.398573 -0.057306 -5.997586 0.401646 -0.028726 -6.140386'/>
				</IndexedFaceSet>
			</Shape>
			<Shape DEF='_IDX_342'>
				<Appearance USE='Material_121_IDX_121'/>
				<IndexedFaceSet solid="false" coordIndex='0 1 2 3 -1'>
					<Coordinate point='1.270063 -0.090837 -6.140386 1.260347 -0.181211 -5.997586 0.813143 -0.116912 -5.997586 0.819412 -0.058605 -6.140386'/>
				</IndexedFaceSet>
			</Shape>
			<Shape DEF='_IDX_343'>
				<Appearance USE='Material_122_IDX_122'/>
				<IndexedFaceSet solid="false" coordIndex='0 1 2 3 -1'>
					<Coordinate point='1.771686 -0.126714 -6.140386 1.758133 -0.252781 -5.997586 1.260347 -0.181211 -5.997586 1.270063 -0.090837 -6.140386'/>
				</IndexedFaceSet>
			</Shape>
			<Shape DEF='_IDX_344'>
				<Appearance USE='Material_123_IDX_123'/>
				<IndexedFaceSet solid="false" coordIndex='0 1 2 3 -1'>
					<Coordinate point='2.344414 -0.167676 -6.140386 2.326479 -0.334497 -5.997586 1.758133 -0.252781 -5.997586 1.771686 -0.126714 -6.140386'/>
				</IndexedFaceSet>
			</Shape>
			<Shape DEF='_IDX_345'>
				<Appearance USE='Material_124_IDX_124'/>
				<IndexedFaceSet solid="false" coordIndex='0 1 2 3 -1'>
					<Coordinate point='3.011231 -0.215367 -6.140386 2.988194 -0.429637 -5.997586 2.326479 -0.334497 -5.997586 2.344414 -0.167676 -6.140386'/>
				</IndexedFaceSet>
			</Shape>
			<Shape DEF='_IDX_346'>
				<Appearance USE='Material_125_IDX_125'/>
				<IndexedFaceSet solid="false" coordIndex='0 1 2 3 -1'>
					<Coordinate point='3.798899 -0.271703 -6.140386 3.769837 -0.542021 -5.997586 2.988194 -0.429637 -5.997586 3.011231 -0.215367 -6.140386'/>
				</IndexedFaceSet>
			</Shape>
			<Shape DEF='_IDX_347'>
				<Appearance USE='Material_126_IDX_126'/>
				<IndexedFaceSet solid="false" coordIndex='0 1 2 3 -1'>
					<Coordinate point='4.739030 -0.338942 -6.140386 4.702776 -0.676157 -5.997586 3.769837 -0.542021 -5.997586 3.798899 -0.271703 -6.140386'/>
				</IndexedFaceSet>
			</Shape>
			<Shape DEF='_IDX_348'>
				<Appearance USE='Material_127_IDX_127'/>
				<IndexedFaceSet solid="false" coordIndex='0 1 2 3 -1'>
					<Coordinate point='5.869356 -0.419785 -6.140386 5.824454 -0.837430 -5.997586 4.702776 -0.676157 -5.997586 4.739030 -0.338942 -6.140386'/>
				</IndexedFaceSet>
			</Shape>
			<Shape DEF='_IDX_349'>
				<Appearance USE='Material_128_IDX_128'/>
				<IndexedFaceSet solid="false" coordIndex='0 1 2 3 -1'>
					<Coordinate point='7.235239 -0.517475 -6.140386 7.179888 -1.032312 -5.997586 5.824454 -0.837430 -5.997586 5.869356 -0.419785 -6.140386'/>
				</IndexedFaceSet>
			</Shape>
			<Shape DEF='_IDX_350'>
				<Appearance USE='Material_129_IDX_129'/>
				<IndexedFaceSet solid="false" coordIndex='0 1 2 3 -1'>
					<Coordinate point='0.398573 -0.057306 -5.997586 0.393470 -0.085594 -5.854786 -0.000000 -0.000000 -5.854786 0.000000 0.000000 -5.997586'/>
				</IndexedFaceSet>
			</Shape>
			<Shape DEF='_IDX_351'>
				<Appearance USE='Material_130_IDX_130'/>
				<IndexedFaceSet solid="false" coordIndex='0 1 2 3 -1'>
					<Coordinate point='0.813143 -0.116912 -5.997586 0.802731 -0.174623 -5.854786 0.393470 -0.085594 -5.854786 0.398573 -0.057306 -5.997586'/>
				</IndexedFaceSet>
			</Shape>
			<Shape DEF='_IDX_352'>
				<Appearance USE='Material_131_IDX_131'/>
				<IndexedFaceSet solid="false" coordIndex='0 1 2 3 -1'>
					<Coordinate point='1.260347 -0.181211 -5.997586 1.244208 -0.270661 -5.854786 0.802731 -0.174623 -5.854786 0.813143 -0.116912 -5.997586'/>
				</IndexedFaceSet>
			</Shape>
			<Shape DEF='_IDX_353'>
				<Appearance USE='Material_132_IDX_132'/>
				<IndexedFaceSet solid="false" coordIndex='0 1 2 3 -1'>
					<Coordinate point='1.758133 -0.252781 -5.997586 1.735620 -0.377561 -5.854786 1.244208 -0.270661 -5.854786 1.260347 -0.181211 -5.997586'/>
				</IndexedFaceSet>
			</Shape>
			<Shape DEF='_IDX_354'>
				<Appearance USE='Material_133_IDX_133'/>
				<IndexedFaceSet solid="false" coordIndex='0 1 2 3 -1'>
					<Coordinate point='2.326479 -0.334497 -5.997586 2.296688 -0.499614 -5.854786 1.735620 -0.377561 -5.854786 1.758133 -0.252781 -5.997586'/>
				</IndexedFaceSet>
			</Shape>
			<Shape DEF='_IDX_355'>
				<Appearance USE='Material_134_IDX_134'/>
				<IndexedFaceSet solid="false" coordIndex='0 1 2 3 -1'>
					<Coordinate point='2.988194 -0.429637 -5.997586 2.949931 -0.641718 -5.854786 2.296688 -0.499614 -5.854786 2.326479 -0.334497 -5.997586'/>
				</IndexedFaceSet>
			</Shape>
			<Shape DEF='_IDX_356'>
				<Appearance USE='Material_135_IDX_135'/>
				<IndexedFaceSet solid="false" coordIndex='0 1 2 3 -1'>
					<Coordinate point='3.769837 -0.542021 -5.997586 3.721565 -0.809577 -5.854786 2.949931 -0.641718 -5.854786 2.988194 -0.429637 -5.997586'/>
				</IndexedFaceSet>
			</Shape>
			<Shape DEF='_IDX_357'>
				<Appearance USE='Material_136_IDX_136'/>
				<IndexedFaceSet solid="false" coordIndex='0 1 2 3 -1'>
					<Coordinate point='4.702776 -0.676157 -5.997586 4.642558 -1.009927 -5.854786 3.721565 -0.809577 -5.854786 3.769837 -0.542021 -5.997586'/>
				</IndexedFaceSet>
			</Shape>
			<Shape DEF='_IDX_358'>
				<Appearance USE='Material_137_IDX_137'/>
				<IndexedFaceSet solid="false" coordIndex='0 1 2 3 -1'>
					<Coordinate point='5.824454 -0.837430 -5.997586 5.749873 -1.250808 -5.854786 4.642558 -1.009927 -5.854786 4.702776 -0.676157 -5.997586'/>
				</IndexedFaceSet>
			</Shape>
			<Shape DEF='_IDX_359'>
				<Appearance USE='Material_138_IDX_138'/>
				<IndexedFaceSet solid="false" coordIndex='0 1 2 3 -1'>
					<Coordinate point='7.179888 -1.032312 -5.997586 7.087951 -1.541889 -5.854786 5.749873 -1.250808 -5.854786 5.824454 -0.837430 -5.997586'/>
				</IndexedFaceSet>
			</Shape>
			<Shape DEF='_IDX_360'>
				<Appearance USE='Material_139_IDX_139'/>
				<IndexedFaceSet solid="false" coordIndex='0 1 2 3 -1'>
					<Coordinate point='0.393470 -0.085594 -5.854786 0.386361 -0.113446 -5.711987 -0.000000 -0.000000 -5.711987 -0.000000 -0.000000 -5.854786'/>
				</IndexedFaceSet>
			</Shape>
			<Shape DEF='_IDX_361'>
				<Appearance USE='Material_140_IDX_140'/>
				<IndexedFaceSet solid="false" coordIndex='0 1 2 3 -1'>
					<Coordinate point='0.802731 -0.174623 -5.854786 0.788228 -0.231445 -5.711987 0.386361 -0.113446 -5.711987 0.393470 -0.085594 -5.854786'/>
				</IndexedFaceSet>
			</Shape>
			<Shape DEF='_IDX_362'>
				<Appearance USE='Material_141_IDX_141'/>
				<IndexedFaceSet solid="false" coordIndex='0 1 2 3 -1'>
					<Coordinate point='1.244208 -0.270661 -5.854786 1.221729 -0.358732 -5.711987 0.788228 -0.231445 -5.711987 0.802731 -0.174623 -5.854786'/>
				</IndexedFaceSet>
			</Shape>
			<Shape DEF='_IDX_363'>
				<Appearance USE='Material_142_IDX_142'/>
				<IndexedFaceSet solid="false" coordIndex='0 1 2 3 -1'>
					<Coordinate point='1.735620 -0.377561 -5.854786 1.704263 -0.500417 -5.711987 1.221729 -0.358732 -5.711987 1.244208 -0.270661 -5.854786'/>
				</IndexedFaceSet>
			</Shape>
			<Shape DEF='_IDX_364'>
				<Appearance USE='Material_143_IDX_143'/>
				<IndexedFaceSet solid="false" coordIndex='0 1 2 3 -1'>
					<Coordinate point='2.296688 -0.499614 -5.854786 2.255195 -0.662185 -5.711987 1.704263 -0.500417 -5.711987 1.735620 -0.377561 -5.854786'/>
				</IndexedFaceSet>
			</Shape>
			<Shape DEF='_IDX_365'>
				<Appearance USE='Material_144_IDX_144'/>
				<IndexedFaceSet solid="false" coordIndex='0 1 2 3 -1'>
					<Coordinate point='2.949931 -0.641718 -5.854786 2.896635 -0.850529 -5.711987 2.255195 -0.662185 -5.711987 2.296688 -0.499614 -5.854786'/>
				</IndexedFaceSet>
			</Shape>
			<Shape DEF='_IDX_366'>
				<Appearance USE='Material_145_IDX_145'/>
				<IndexedFaceSet solid="false" coordIndex='0 1 2 3 -1'>
					<Coordinate point='3.721565 -0.809577 -5.854786 3.654328 -1.073007 -5.711987 2.896635 -0.850529 -5.711987 2.949931 -0.641718 -5.854786'/>
				</IndexedFaceSet>
			</Shape>
			<Shape DEF='_IDX_367'>
				<Appearance USE='Material_146_IDX_146'/>
				<IndexedFaceSet solid="false" coordIndex='0 1 2 3 -1'>
					<Coordinate point='4.642558 -1.009927 -5.854786 4.558681 -1.338550 -5.711987 3.654328 -1.073007 -5.711987 3.721565 -0.809577 -5.854786'/>
				</IndexedFaceSet>
			</Shape>
			<Shape DEF='_IDX_368'>
				<Appearance USE='Material_147_IDX_147'/>
				<IndexedFaceSet solid="false" coordIndex='0 1 2 3 -1'>
					<Coordinate point='5.749873 -1.250808 -5.854786 5.645991 -1.657813 -5.711987 4.558681 -1.338550 -5.711987 4.642558 -1.009927 -5.854786'/>
				</IndexedFaceSet>
			</Shape>
			<Shape DEF='_IDX_369'>
				<Appearance USE='Material_148_IDX_148'/>
				<IndexedFaceSet solid="false" coordIndex='0 1 2 3 -1'>
					<Coordinate point='7.087951 -1.541889 -5.854786 6.959894 -2.043609 -5.711987 5.645991 -1.657813 -5.711987 5.749873 -1.250808 -5.854786'/>
				</IndexedFaceSet>
			</Shape>
			<Shape DEF='_IDX_370'>
				<Appearance USE='Material_149_IDX_149'/>
				<IndexedFaceSet solid="false" coordIndex='0 1 2 3 -1'>
					<Coordinate point='0.386361 -0.113446 -5.711987 0.377283 -0.140719 -5.569187 -0.000000 -0.000000 -5.569187 -0.000000 -0.000000 -5.711987'/>
				</IndexedFaceSet>
			</Shape>
			<Shape DEF='_IDX_371'>
				<Appearance USE='Material_150_IDX_150'/>
				<IndexedFaceSet solid="false" coordIndex='0 1 2 3 -1'>
					<Coordinate point='0.788228 -0.231445 -5.711987 0.769709 -0.287086 -5.569187 0.377283 -0.140719 -5.569187 0.386361 -0.113446 -5.711987'/>
				</IndexedFaceSet>
			</Shape>
			<Shape DEF='_IDX_372'>
				<Appearance USE='Material_151_IDX_151'/>
				<IndexedFaceSet solid="false" coordIndex='0 1 2 3 -1'>
					<Coordinate point='1.221729 -0.358732 -5.711987 1.193025 -0.444975 -5.569187 0.769709 -0.287086 -5.569187 0.788228 -0.231445 -5.711987'/>
				</IndexedFaceSet>
			</Shape>
			<Shape DEF='_IDX_373'>
				<Appearance USE='Material_152_IDX_152'/>
				<IndexedFaceSet solid="false" coordIndex='0 1 2 3 -1'>
					<Coordinate point='1.704263 -0.500417 -5.711987 1.664221 -0.620722 -5.569187 1.193025 -0.444975 -5.569187 1.221729 -0.358732 -5.711987'/>
				</IndexedFaceSet>
			</Shape>
			<Shape DEF='_IDX_374'>
				<Appearance USE='Material_153_IDX_153'/>
				<IndexedFaceSet solid="false" coordIndex='0 1 2 3 -1'>
					<Coordinate point='2.255195 -0.662185 -5.711987 2.202209 -0.821381 -5.569187 1.664221 -0.620722 -5.569187 1.704263 -0.500417 -5.711987'/>
				</IndexedFaceSet>
			</Shape>
			<Shape DEF='_IDX_375'>
				<Appearance USE='Material_154_IDX_154'/>
				<IndexedFaceSet solid="false" coordIndex='0 1 2 3 -1'>
					<Coordinate point='2.896635 -0.850529 -5.711987 2.828579 -1.055005 -5.569187 2.202209 -0.821381 -5.569187 2.255195 -0.662185 -5.711987'/>
				</IndexedFaceSet>
			</Shape>
			<Shape DEF='_IDX_376'>
				<Appearance USE='Material_155_IDX_155'/>
				<IndexedFaceSet solid="false" coordIndex='0 1 2 3 -1'>
					<Coordinate point='3.654328 -1.073007 -5.711987 3.568470 -1.330970 -5.569187 2.828579 -1.055005 -5.569187 2.896635 -0.850529 -5.711987'/>
				</IndexedFaceSet>
			</Shape>
			<Shape DEF='_IDX_377'>
				<Appearance USE='Material_156_IDX_156'/>
				<IndexedFaceSet solid="false" coordIndex='0 1 2 3 -1'>
					<Coordinate point='4.558681 -1.338550 -5.711987 4.451575 -1.660352 -5.569187 3.568470 -1.330970 -5.569187 3.654328 -1.073007 -5.711987'/>
				</IndexedFaceSet>
			</Shape>
			<Shape DEF='_IDX_378'>
				<Appearance USE='Material_157_IDX_157'/>
				<IndexedFaceSet solid="false" coordIndex='0 1 2 3 -1'>
					<Coordinate point='5.645991 -1.657813 -5.711987 5.513339 -2.056369 -5.569187 4.451575 -1.660352 -5.569187 4.558681 -1.338550 -5.711987'/>
				</IndexedFaceSet>
			</Shape>
			<Shape DEF='_IDX_379'>
				<Appearance USE='Material_158_IDX_158'/>
				<IndexedFaceSet solid="false" coordIndex='0 1 2 3 -1'>
					<Coordinate point='6.959894 -2.043609 -5.711987 6.796372 -2.534916 -5.569187 5.513339 -2.056369 -5.569187 5.645991 -1.657813 -5.711987'/>
				</IndexedFaceSet>
			</Shape>
			<Shape DEF='_IDX_380'>
				<Appearance USE='Material_159_IDX_159'/>
				<IndexedFaceSet solid="false" coordIndex='0 1 2 3 -1'>
					<Coordinate point='0.377283 -0.140719 -5.569187 0.366283 -0.167276 -5.426387 -0.000000 -0.000000 -5.426387 -0.000000 -0.000000 -5.569187'/>
				</IndexedFaceSet>
			</Shape>
			<Shape DEF='_IDX_381'>
				<Appearance USE='Material_160_IDX_160'/>
				<IndexedFaceSet solid="false" coordIndex='0 1 2 3 -1'>
					<Coordinate point='0.769709 -0.287086 -5.569187 0.747267 -0.341265 -5.426387 0.366283 -0.167276 -5.426387 0.377283 -0.140719 -5.569187'/>
				</IndexedFaceSet>
			</Shape>
			<Shape DEF='_IDX_382'>
				<Appearance USE='Material_161_IDX_161'/>
				<IndexedFaceSet solid="false" coordIndex='0 1 2 3 -1'>
					<Coordinate point='1.193025 -0.444975 -5.569187 1.158241 -0.528951 -5.426387 0.747267 -0.341265 -5.426387 0.769709 -0.287086 -5.569187'/>
				</IndexedFaceSet>
			</Shape>
			<Shape DEF='_IDX_383'>
				<Appearance USE='Material_162_IDX_162'/>
				<IndexedFaceSet solid="false" coordIndex='0 1 2 3 -1'>
					<Coordinate point='1.664221 -0.620722 -5.569187 1.615699 -0.737865 -5.426387 1.158241 -0.528951 -5.426387 1.193025 -0.444975 -5.569187'/>
				</IndexedFaceSet>
			</Shape>
			<Shape DEF='_IDX_384'>
				<Appearance USE='Material_163_IDX_163'/>
				<IndexedFaceSet solid="false" coordIndex='0 1 2 3 -1'>
					<Coordinate point='2.202209 -0.821381 -5.569187 2.138001 -0.976392 -5.426387 1.615699 -0.737865 -5.426387 1.664221 -0.620722 -5.569187'/>
				</IndexedFaceSet>
			</Shape>
			<Shape DEF='_IDX_385'>
				<Appearance USE='Material_164_IDX_164'/>
				<IndexedFaceSet solid="false" coordIndex='0 1 2 3 -1'>
					<Coordinate point='2.828579 -1.055005 -5.569187 2.746109 -1.254106 -5.426387 2.138001 -0.976392 -5.426387 2.202209 -0.821381 -5.569187'/>
				</IndexedFaceSet>
			</Shape>
			<Shape DEF='_IDX_386'>
				<Appearance USE='Material_165_IDX_165'/>
				<IndexedFaceSet solid="false" coordIndex='0 1 2 3 -1'>
					<Coordinate point='3.568470 -1.330970 -5.569187 3.464427 -1.582151 -5.426387 2.746109 -1.254106 -5.426387 2.828579 -1.055005 -5.569187'/>
				</IndexedFaceSet>
			</Shape>
			<Shape DEF='_IDX_387'>
				<Appearance USE='Material_166_IDX_166'/>
				<IndexedFaceSet solid="false" coordIndex='0 1 2 3 -1'>
					<Coordinate point='4.451575 -1.660352 -5.569187 4.321785 -1.973693 -5.426387 3.464427 -1.582151 -5.426387 3.568470 -1.330970 -5.569187'/>
				</IndexedFaceSet>
			</Shape>
			<Shape DEF='_IDX_388'>
				<Appearance USE='Material_167_IDX_167'/>
				<IndexedFaceSet solid="false" coordIndex='0 1 2 3 -1'>
					<Coordinate point='5.513339 -2.056369 -5.569187 5.352592 -2.444447 -5.426387 4.321785 -1.973693 -5.426387 4.451575 -1.660352 -5.569187'/>
				</IndexedFaceSet>
			</Shape>
			<Shape DEF='_IDX_389'>
				<Appearance USE='Material_168_IDX_168'/>
				<IndexedFaceSet solid="false" coordIndex='0 1 2 3 -1'>
					<Coordinate point='6.796372 -2.534916 -5.569187 6.598217 -3.013304 -5.426387 5.352592 -2.444447 -5.426387 5.513339 -2.056369 -5.569187'/>
				</IndexedFaceSet>
			</Shape>
			<Shape DEF='_IDX_390'>
				<Appearance USE='Material_169_IDX_169'/>
				<IndexedFaceSet solid="false" coordIndex='0 1 2 3 -1'>
					<Coordinate point='0.366283 -0.167276 -5.426387 0.353417 -0.192980 -5.283587 -0.000000 -0.000000 -5.283587 -0.000000 -0.000000 -5.426387'/>
				</IndexedFaceSet>
			</Shape>
			<Shape DEF='_IDX_391'>
				<Appearance USE='Material_169_IDX_169'/>
				<IndexedFaceSet solid="false" coordIndex='0 1 2 3 -1'>
					<Coordinate point='0.747267 -0.341265 -5.426387 0.721017 -0.393705 -5.283587 0.353417 -0.192980 -5.283587 0.366283 -0.167276 -5.426387'/>
				</IndexedFaceSet>
			</Shape>
			<Shape DEF='_IDX_392'>
				<Appearance USE='Material_170_IDX_170'/>
				<IndexedFaceSet solid="false" coordIndex='0 1 2 3 -1'>
					<Coordinate point='1.158241 -0.528951 -5.426387 1.117555 -0.610231 -5.283587 0.721017 -0.393705 -5.283587 0.747267 -0.341265 -5.426387'/>
				</IndexedFaceSet>
			</Shape>
			<Shape DEF='_IDX_393'>
				<Appearance USE='Material_171_IDX_171'/>
				<IndexedFaceSet solid="false" coordIndex='0 1 2 3 -1'>
					<Coordinate point='1.615699 -0.737865 -5.426387 1.558944 -0.851248 -5.283587 1.117555 -0.610231 -5.283587 1.158241 -0.528951 -5.426387'/>
				</IndexedFaceSet>
			</Shape>
			<Shape DEF='_IDX_394'>
				<Appearance USE='Material_172_IDX_172'/>
				<IndexedFaceSet solid="false" coordIndex='0 1 2 3 -1'>
					<Coordinate point='2.138001 -0.976392 -5.426387 2.062899 -1.126428 -5.283587 1.558944 -0.851248 -5.283587 1.615699 -0.737865 -5.426387'/>
				</IndexedFaceSet>
			</Shape>
			<Shape DEF='_IDX_395'>
				<Appearance USE='Material_173_IDX_173'/>
				<IndexedFaceSet solid="false" coordIndex='0 1 2 3 -1'>
					<Coordinate point='2.746109 -1.254106 -5.426387 2.649645 -1.446816 -5.283587 2.062899 -1.126428 -5.283587 2.138001 -0.976392 -5.426387'/>
				</IndexedFaceSet>
			</Shape>
			<Shape DEF='_IDX_396'>
				<Appearance USE='Material_174_IDX_174'/>
				<IndexedFaceSet solid="false" coordIndex='0 1 2 3 -1'>
					<Coordinate point='3.464427 -1.582151 -5.426387 3.342731 -1.825269 -5.283587 2.649645 -1.446816 -5.283587 2.746109 -1.254106 -5.426387'/>
				</IndexedFaceSet>
			</Shape>
			<Shape DEF='_IDX_397'>
				<Appearance USE='Material_175_IDX_175'/>
				<IndexedFaceSet solid="false" coordIndex='0 1 2 3 -1'>
					<Coordinate point='4.321785 -1.973693 -5.426387 4.169972 -2.276977 -5.283587 3.342731 -1.825269 -5.283587 3.464427 -1.582151 -5.426387'/>
				</IndexedFaceSet>
			</Shape>
			<Shape DEF='_IDX_398'>
				<Appearance USE='Material_176_IDX_176'/>
				<IndexedFaceSet solid="false" coordIndex='0 1 2 3 -1'>
					<Coordinate point='5.352592 -2.444447 -5.426387 5.164569 -2.820068 -5.283587 4.169972 -2.276977 -5.283587 4.321785 -1.973693 -5.426387'/>
				</IndexedFaceSet>
			</Shape>
			<Shape DEF='_IDX_399'>
				<Appearance USE='Material_177_IDX_177'/>
				<IndexedFaceSet solid="false" coordIndex='0 1 2 3 -1'>
					<Coordinate point='6.598217 -3.013304 -5.426387 6.366438 -3.476338 -5.283587 5.164569 -2.820068 -5.283587 5.352592 -2.444447 -5.426387'/>
				</IndexedFaceSet>
			</Shape>
			<Shape DEF='_IDX_400'>
				<Appearance USE='Material_178_IDX_178'/>
				<IndexedFaceSet solid="false" coordIndex='0 1 2 3 -1'>
					<Coordinate point='0.353417 -0.192980 -5.283587 0.338749 -0.217701 -5.140788 -0.000000 0.000000 -5.140788 -0.000000 -0.000000 -5.283587'/>
				</IndexedFaceSet>
			</Shape>
			<Shape DEF='_IDX_401'>
				<Appearance USE='Material_178_IDX_178'/>
				<IndexedFaceSet solid="false" coordIndex='0 1 2 3 -1'>
					<Coordinate point='0.721017 -0.393705 -5.283587 0.691094 -0.444139 -5.140788 0.338749 -0.217701 -5.140788 0.353417 -0.192980 -5.283587'/>
				</IndexedFaceSet>
			</Shape>
			<Shape DEF='_IDX_402'>
				<Appearance USE='Material_179_IDX_179'/>
				<IndexedFaceSet solid="false" coordIndex='0 1 2 3 -1'>
					<Coordinate point='1.117555 -0.610231 -5.283587 1.071174 -0.688402 -5.140788 0.691094 -0.444139 -5.140788 0.721017 -0.393705 -5.283587'/>
				</IndexedFaceSet>
			</Shape>
			<Shape DEF='_IDX_403'>
				<Appearance USE='Material_180_IDX_180'/>
				<IndexedFaceSet solid="false" coordIndex='0 1 2 3 -1'>
					<Coordinate point='1.558944 -0.851248 -5.283587 1.494245 -0.960293 -5.140788 1.071174 -0.688402 -5.140788 1.117555 -0.610231 -5.283587'/>
				</IndexedFaceSet>
			</Shape>
			<Shape DEF='_IDX_404'>
				<Appearance USE='Material_181_IDX_181'/>
				<IndexedFaceSet solid="false" coordIndex='0 1 2 3 -1'>
					<Coordinate point='2.062899 -1.126428 -5.283587 1.977284 -1.270723 -5.140788 1.494245 -0.960293 -5.140788 1.558944 -0.851248 -5.283587'/>
				</IndexedFaceSet>
			</Shape>
			<Shape DEF='_IDX_405'>
				<Appearance USE='Material_182_IDX_182'/>
				<IndexedFaceSet solid="false" coordIndex='0 1 2 3 -1'>
					<Coordinate point='2.649645 -1.446816 -5.283587 2.539679 -1.632153 -5.140788 1.977284 -1.270723 -5.140788 2.062899 -1.126428 -5.283587'/>
				</IndexedFaceSet>
			</Shape>
			<Shape DEF='_IDX_406'>
				<Appearance USE='Material_179_IDX_179'/>
				<IndexedFaceSet solid="false" coordIndex='0 1 2 3 -1'>
					<Coordinate point='3.342731 -1.825269 -5.283587 3.204001 -2.059086 -5.140788 2.539679 -1.632153 -5.140788 2.649645 -1.446816 -5.283587'/>
				</IndexedFaceSet>
			</Shape>
			<Shape DEF='_IDX_407'>
				<Appearance USE='Material_183_IDX_183'/>
				<IndexedFaceSet solid="false" coordIndex='0 1 2 3 -1'>
					<Coordinate point='4.169972 -2.276977 -5.283587 3.996910 -2.568658 -5.140788 3.204001 -2.059086 -5.140788 3.342731 -1.825269 -5.283587'/>
				</IndexedFaceSet>
			</Shape>
			<Shape DEF='_IDX_408'>
				<Appearance USE='Material_184_IDX_184'/>
				<IndexedFaceSet solid="false" coordIndex='0 1 2 3 -1'>
					<Coordinate point='5.164569 -2.820068 -5.283587 4.950229 -3.181319 -5.140788 3.996910 -2.568658 -5.140788 4.169972 -2.276977 -5.283587'/>
				</IndexedFaceSet>
			</Shape>
			<Shape DEF='_IDX_409'>
				<Appearance USE='Material_185_IDX_185'/>
				<IndexedFaceSet solid="false" coordIndex='0 1 2 3 -1'>
					<Coordinate point='6.366438 -3.476338 -5.283587 6.102218 -3.921658 -5.140788 4.950229 -3.181319 -5.140788 5.164569 -2.820068 -5.283587'/>
				</IndexedFaceSet>
			</Shape>
			<Shape DEF='_IDX_410'>
				<Appearance USE='Material_186_IDX_186'/>
				<IndexedFaceSet solid="false" coordIndex='0 1 2 3 -1'>
					<Coordinate point='0.338749 -0.217701 -5.140788 0.322356 -0.241312 -4.997988 -0.000000 -0.000000 -4.997988 -0.000000 0.000000 -5.140788'/>
				</IndexedFaceSet>
			</Shape>
			<Shape DEF='_IDX_411'>
				<Appearance USE='Material_187_IDX_187'/>
				<IndexedFaceSet solid="false" coordIndex='0 1 2 3 -1'>
					<Coordinate point='0.691094 -0.444139 -5.140788 0.657648 -0.492309 -4.997988 0.322356 -0.241312 -4.997988 0.338749 -0.217701 -5.140788'/>
				</IndexedFaceSet>
			</Shape>
			<Shape DEF='_IDX_412'>
				<Appearance USE='Material_188_IDX_188'/>
				<IndexedFaceSet solid="false" coordIndex='0 1 2 3 -1'>
					<Coordinate point='1.071174 -0.688402 -5.140788 1.019335 -0.763065 -4.997988 0.657648 -0.492309 -4.997988 0.691094 -0.444139 -5.140788'/>
				</IndexedFaceSet>
			</Shape>
			<Shape DEF='_IDX_413'>
				<Appearance USE='Material_189_IDX_189'/>
				<IndexedFaceSet solid="false" coordIndex='0 1 2 3 -1'>
					<Coordinate point='1.494245 -0.960293 -5.140788 1.421931 -1.064444 -4.997988 1.019335 -0.763065 -4.997988 1.071174 -0.688402 -5.140788'/>
				</IndexedFaceSet>
			</Shape>
			<Shape DEF='_IDX_414'>
				<Appearance USE='Material_190_IDX_190'/>
				<IndexedFaceSet solid="false" coordIndex='0 1 2 3 -1'>
					<Coordinate point='1.977284 -1.270723 -5.140788 1.881594 -1.408544 -4.997988 1.421931 -1.064444 -4.997988 1.494245 -0.960293 -5.140788'/>
				</IndexedFaceSet>
			</Shape>
			<Shape DEF='_IDX_415'>
				<Appearance USE='Material_191_IDX_191'/>
				<IndexedFaceSet solid="false" coordIndex='0 1 2 3 -1'>
					<Coordinate point='2.539679 -1.632153 -5.140788 2.416772 -1.809173 -4.997988 1.881594 -1.408544 -4.997988 1.977284 -1.270723 -5.140788'/>
				</IndexedFaceSet>
			</Shape>
			<Shape DEF='_IDX_416'>
				<Appearance USE='Material_192_IDX_192'/>
				<IndexedFaceSet solid="false" coordIndex='0 1 2 3 -1'>
					<Coordinate point='3.204001 -2.059086 -5.140788 3.048944 -2.282411 -4.997988 2.416772 -1.809173 -4.997988 2.539679 -1.632153 -5.140788'/>
				</IndexedFaceSet>
			</Shape>
			<Shape DEF='_IDX_417'>
				<Appearance USE='Material_193_IDX_193'/>
				<IndexedFaceSet solid="false" coordIndex='0 1 2 3 -1'>
					<Coordinate point='3.996910 -2.568658 -5.140788 3.803480 -2.847250 -4.997988 3.048944 -2.282411 -4.997988 3.204001 -2.059086 -5.140788'/>
				</IndexedFaceSet>
			</Shape>
			<Shape DEF='_IDX_418'>
				<Appearance USE='Material_194_IDX_194'/>
				<IndexedFaceSet solid="false" coordIndex='0 1 2 3 -1'>
					<Coordinate point='4.950229 -3.181319 -5.140788 4.710664 -3.526359 -4.997988 3.803480 -2.847250 -4.997988 3.996910 -2.568658 -5.140788'/>
				</IndexedFaceSet>
			</Shape>
			<Shape DEF='_IDX_419'>
				<Appearance USE='Material_195_IDX_195'/>
				<IndexedFaceSet solid="false" coordIndex='0 1 2 3 -1'>
					<Coordinate point='6.102218 -3.921658 -5.140788 5.806903 -4.346993 -4.997988 4.710664 -3.526359 -4.997988 4.950229 -3.181319 -5.140788'/>
				</IndexedFaceSet>
			</Shape>
			<Shape DEF='_IDX_420'>
				<Appearance USE='Material_196_IDX_196'/>
				<IndexedFaceSet solid="false" coordIndex='0 1 2 3 -1'>
					<Coordinate point='0.322356 -0.241312 -4.997988 0.304319 -0.263694 -4.855189 -0.000000 -0.000000 -4.855189 -0.000000 -0.000000 -4.997988'/>
				</IndexedFaceSet>
			</Shape>
			<Shape DEF='_IDX_421'>
				<Appearance USE='Material_197_IDX_197'/>
				<IndexedFaceSet solid="false" coordIndex='0 1 2 3 -1'>
					<Coordinate point='0.657648 -0.492309 -4.997988 0.620852 -0.537971 -4.855189 0.304319 -0.263694 -4.855189 0.322356 -0.241312 -4.997988'/>
				</IndexedFaceSet>
			</Shape>
			<Shape DEF='_IDX_422'>
				<Appearance USE='Material_198_IDX_198'/>
				<IndexedFaceSet solid="false" coordIndex='0 1 2 3 -1'>
					<Coordinate point='1.019335 -0.763065 -4.997988 0.962301 -0.833839 -4.855189 0.620852 -0.537971 -4.855189 0.657648 -0.492309 -4.997988'/>
				</IndexedFaceSet>
			</Shape>
			<Shape DEF='_IDX_423'>
				<Appearance USE='Material_199_IDX_199'/>
				<IndexedFaceSet solid="false" coordIndex='0 1 2 3 -1'>
					<Coordinate point='1.421931 -1.064444 -4.997988 1.342371 -1.163172 -4.855189 0.962301 -0.833839 -4.855189 1.019335 -0.763065 -4.997988'/>
				</IndexedFaceSet>
			</Shape>
			<Shape DEF='_IDX_424'>
				<Appearance USE='Material_200_IDX_200'/>
				<IndexedFaceSet solid="false" coordIndex='0 1 2 3 -1'>
					<Coordinate point='1.881594 -1.408544 -4.997988 1.776316 -1.539186 -4.855189 1.342371 -1.163172 -4.855189 1.421931 -1.064444 -4.997988'/>
				</IndexedFaceSet>
			</Shape>
			<Shape DEF='_IDX_425'>
				<Appearance USE='Material_201_IDX_201'/>
				<IndexedFaceSet solid="false" coordIndex='0 1 2 3 -1'>
					<Coordinate point='2.416772 -1.809173 -4.997988 2.281549 -1.976974 -4.855189 1.776316 -1.539186 -4.855189 1.881594 -1.408544 -4.997988'/>
				</IndexedFaceSet>
			</Shape>
			<Shape DEF='_IDX_426'>
				<Appearance USE='Material_202_IDX_202'/>
				<IndexedFaceSet solid="false" coordIndex='0 1 2 3 -1'>
					<Coordinate point='3.048944 -2.282411 -4.997988 2.878350 -2.494105 -4.855189 2.281549 -1.976974 -4.855189 2.416772 -1.809173 -4.997988'/>
				</IndexedFaceSet>
			</Shape>
			<Shape DEF='_IDX_427'>
				<Appearance USE='Material_203_IDX_203'/>
				<IndexedFaceSet solid="false" coordIndex='0 1 2 3 -1'>
					<Coordinate point='3.803480 -2.847250 -4.997988 3.590669 -3.111332 -4.855189 2.878350 -2.494105 -4.855189 3.048944 -2.282411 -4.997988'/>
				</IndexedFaceSet>
			</Shape>
			<Shape DEF='_IDX_428'>
				<Appearance USE='Material_204_IDX_204'/>
				<IndexedFaceSet solid="false" coordIndex='0 1 2 3 -1'>
					<Coordinate point='4.710664 -3.526359 -4.997988 4.447094 -3.853429 -4.855189 3.590669 -3.111332 -4.855189 3.803480 -2.847250 -4.997988'/>
				</IndexedFaceSet>
			</Shape>
			<Shape DEF='_IDX_429'>
				<Appearance USE='Material_205_IDX_205'/>
				<IndexedFaceSet solid="false" coordIndex='0 1 2 3 -1'>
					<Coordinate point='5.806903 -4.346993 -4.997988 5.481997 -4.750177 -4.855189 4.447094 -3.853429 -4.855189 4.710664 -3.526359 -4.997988'/>
				</IndexedFaceSet>
			</Shape>
			<Shape DEF='_IDX_430'>
				<Appearance USE='Material_206_IDX_206'/>
				<IndexedFaceSet solid="false" coordIndex='0 1 2 3 -1'>
					<Coordinate point='0.304319 -0.263694 -4.855189 0.284732 -0.284732 -4.712389 0.000000 -0.000000 -4.712389 -0.000000 -0.000000 -4.855189'/>
				</IndexedFaceSet>
			</Shape>
			<Shape DEF='_IDX_431'>
				<Appearance USE='Material_207_IDX_207'/>
				<IndexedFaceSet solid="false" coordIndex='0 1 2 3 -1'>
					<Coordinate point='0.620852 -0.537971 -4.855189 0.580891 -0.580891 -4.712389 0.284732 -0.284732 -4.712389 0.304319 -0.263694 -4.855189'/>
				</IndexedFaceSet>
			</Shape>
			<Shape DEF='_IDX_432'>
				<Appearance USE='Material_208_IDX_208'/>
				<IndexedFaceSet solid="false" coordIndex='0 1 2 3 -1'>
					<Coordinate point='0.962301 -0.833839 -4.855189 0.900364 -0.900364 -4.712389 0.580891 -0.580891 -4.712389 0.620852 -0.537971 -4.855189'/>
				</IndexedFaceSet>
			</Shape>
			<Shape DEF='_IDX_433'>
				<Appearance USE='Material_209_IDX_209'/>
				<IndexedFaceSet solid="false" coordIndex='0 1 2 3 -1'>
					<Coordinate point='1.342371 -1.163172 -4.855189 1.255972 -1.255972 -4.712389 0.900364 -0.900364 -4.712389 0.962301 -0.833839 -4.855189'/>
				</IndexedFaceSet>
			</Shape>
			<Shape DEF='_IDX_434'>
				<Appearance USE='Material_210_IDX_210'/>
				<IndexedFaceSet solid="false" coordIndex='0 1 2 3 -1'>
					<Coordinate point='1.776316 -1.539186 -4.855189 1.661986 -1.661986 -4.712389 1.255972 -1.255972 -4.712389 1.342371 -1.163172 -4.855189'/>
				</IndexedFaceSet>
			</Shape>
			<Shape DEF='_IDX_435'>
				<Appearance USE='Material_211_IDX_211'/>
				<IndexedFaceSet solid="false" coordIndex='0 1 2 3 -1'>
					<Coordinate point='2.281549 -1.976974 -4.855189 2.134701 -2.134701 -4.712389 1.661986 -1.661986 -4.712389 1.776316 -1.539186 -4.855189'/>
				</IndexedFaceSet>
			</Shape>
			<Shape DEF='_IDX_436'>
				<Appearance USE='Material_212_IDX_212'/>
				<IndexedFaceSet solid="false" coordIndex='0 1 2 3 -1'>
					<Coordinate point='2.878350 -2.494105 -4.855189 2.693089 -2.693089 -4.712389 2.134701 -2.134701 -4.712389 2.281549 -1.976974 -4.855189'/>
				</IndexedFaceSet>
			</Shape>
			<Shape DEF='_IDX_437'>
				<Appearance USE='Material_213_IDX_213'/>
				<IndexedFaceSet solid="false" coordIndex='0 1 2 3 -1'>
					<Coordinate point='3.590669 -3.111332 -4.855189 3.359560 -3.359560 -4.712389 2.693089 -2.693089 -4.712389 2.878350 -2.494105 -4.855189'/>
				</IndexedFaceSet>
			</Shape>
			<Shape DEF='_IDX_438'>
				<Appearance USE='Material_214_IDX_214'/>
				<IndexedFaceSet solid="false" coordIndex='0 1 2 3 -1'>
					<Coordinate point='4.447094 -3.853429 -4.855189 4.160863 -4.160863 -4.712389 3.359560 -3.359560 -4.712389 3.590669 -3.111332 -4.855189'/>
				</IndexedFaceSet>
			</Shape>
			<Shape DEF='_IDX_439'>
				<Appearance USE='Material_215_IDX_215'/>
				<IndexedFaceSet solid="false" coordIndex='0 1 2 3 -1'>
					<Coordinate point='5.481997 -4.750177 -4.855189 5.129155 -5.129155 -4.712389 4.160863 -4.160863 -4.712389 4.447094 -3.853429 -4.855189'/>
				</IndexedFaceSet>
			</Shape>
			<Shape DEF='_IDX_440'>
				<Appearance DEF='Material_216_IDX_216'>
					<Material diffuseColor='0.269740 0.495656 0.796814'/>
					
				</Appearance>
				<IndexedFaceSet solid="false" coordIndex='0 1 2 3 -1'>
					<Coordinate point='-0.000000 5.884348 -3.141593 0.419785 5.869356 -2.998793 0.517475 7.235239 -2.998793 -0.000000 7.253721 -3.141593'/>
				</IndexedFaceSet>
			</Shape>
			<Shape DEF='_IDX_441'>
				<Appearance DEF='Material_217_IDX_217'>
					<Material diffuseColor='0.269740 0.495656 0.796814'/>
					
				</Appearance>
				<IndexedFaceSet solid="false" coordIndex='0 1 2 3 -1'>
					<Coordinate point='0.000000 4.751136 -3.141593 0.338942 4.739030 -2.998793 0.419785 5.869356 -2.998793 -0.000000 5.884348 -3.141593'/>
				</IndexedFaceSet>
			</Shape>
			<Shape DEF='_IDX_442'>
				<Appearance USE='Material_216_IDX_216'/>
				<IndexedFaceSet solid="false" coordIndex='0 1 2 3 -1'>
					<Coordinate point='0.000000 3.808603 -3.141593 0.271703 3.798899 -2.998793 0.338942 4.739030 -2.998793 0.000000 4.751136 -3.141593'/>
				</IndexedFaceSet>
			</Shape>
			<Shape DEF='_IDX_443'>
				<Appearance DEF='Material_218_IDX_218'>
					<Material diffuseColor='0.269740 0.495656 0.796814'/>
					
				</Appearance>
				<IndexedFaceSet solid="false" coordIndex='0 1 2 3 -1'>
					<Coordinate point='-0.000000 3.018923 -3.141593 0.215367 3.011231 -2.998793 0.271703 3.798899 -2.998793 0.000000 3.808603 -3.141593'/>
				</IndexedFaceSet>
			</Shape>
			<Shape DEF='_IDX_444'>
				<Appearance DEF='Material_219_IDX_219'>
					<Material diffuseColor='0.269740 0.495656 0.796814'/>
					
				</Appearance>
				<IndexedFaceSet solid="false" coordIndex='0 1 2 3 -1'>
					<Coordinate point='0.000000 2.350402 -3.141593 0.167676 2.344414 -2.998793 0.215367 3.011231 -2.998793 -0.000000 3.018923 -3.141593'/>
				</IndexedFaceSet>
			</Shape>
			<Shape DEF='_IDX_445'>
				<Appearance DEF='Material_220_IDX_220'>
					<Material diffuseColor='0.269740 0.495656 0.796814'/>
					
				</Appearance>
				<IndexedFaceSet solid="false" coordIndex='0 1 2 3 -1'>
					<Coordinate point='0.000000 1.776212 -3.141593 0.126714 1.771686 -2.998793 0.167676 2.344414 -2.998793 0.000000 2.350402 -3.141593'/>
				</IndexedFaceSet>
			</Shape>
			<Shape DEF='_IDX_446'>
				<Appearance DEF='Material_221_IDX_221'>
					<Material diffuseColor='0.269740 0.495656 0.796814'/>
					
				</Appearance>
				<IndexedFaceSet solid="false" coordIndex='0 1 2 3 -1'>
					<Coordinate point='0.000000 1.273307 -3.141593 0.090837 1.270063 -2.998793 0.126714 1.771686 -2.998793 0.000000 1.776212 -3.141593'/>
				</IndexedFaceSet>
			</Shape>
			<Shape DEF='_IDX_447'>
				<Appearance DEF='Material_222_IDX_222'>
					<Material diffuseColor='0.269740 0.495656 0.796814'/>
					
				</Appearance>
				<IndexedFaceSet solid="false" coordIndex='0 1 2 3 -1'>
					<Coordinate point='-0.000000 0.821505 -3.141593 0.058605 0.819412 -2.998793 0.090837 1.270063 -2.998793 0.000000 1.273307 -3.141593'/>
				</IndexedFaceSet>
			</Shape>
			<Shape DEF='_IDX_448'>
				<Appearance DEF='Material_223_IDX_223'>
					<Material diffuseColor='0.269740 0.495656 0.796814'/>
					
				</Appearance>
				<IndexedFaceSet solid="false" coordIndex='0 1 2 3 -1'>
					<Coordinate point='0.000000 0.402672 -3.141593 0.028726 0.401646 -2.998793 0.058605 0.819412 -2.998793 -0.000000 0.821505 -3.141593'/>
				</IndexedFaceSet>
			</Shape>
			<Shape DEF='_IDX_449'>
				<Appearance DEF='Material_224_IDX_224'>
					<Material diffuseColor='0.269740 0.495656 0.796814'/>
					
				</Appearance>
				<IndexedFaceSet solid="false" coordIndex='0 1 2 3 -1'>
					<Coordinate point='0.000000 0.000000 -3.141593 0.000000 0.000000 -2.998793 0.028726 0.401646 -2.998793 0.000000 0.402672 -3.141593'/>
				</IndexedFaceSet>
			</Shape>
			<Shape DEF='_IDX_450'>
				<Appearance DEF='Material_225_IDX_225'>
					<Material diffuseColor='0.276976 0.513640 0.785385'/>
					
				</Appearance>
				<IndexedFaceSet solid="false" coordIndex='0 1 2 3 -1'>
					<Coordinate point='0.419785 5.869356 -2.998793 0.837430 5.824454 -2.855993 1.032312 7.179888 -2.855993 0.517475 7.235239 -2.998793'/>
				</IndexedFaceSet>
			</Shape>
			<Shape DEF='_IDX_451'>
				<Appearance DEF='Material_226_IDX_226'>
					<Material diffuseColor='0.276976 0.513640 0.785385'/>
					
				</Appearance>
				<IndexedFaceSet solid="false" coordIndex='0 1 2 3 -1'>
					<Coordinate point='0.338942 4.739030 -2.998793 0.676157 4.702776 -2.855993 0.837430 5.824454 -2.855993 0.419785 5.869356 -2.998793'/>
				</IndexedFaceSet>
			</Shape>
			<Shape DEF='_IDX_452'>
				<Appearance DEF='Material_227_IDX_227'>
					<Material diffuseColor='0.276976 0.513640 0.785385'/>
					
				</Appearance>
				<IndexedFaceSet solid="false" coordIndex='0 1 2 3 -1'>
					<Coordinate point='0.271703 3.798899 -2.998793 0.542021 3.769837 -2.855993 0.676157 4.702776 -2.855993 0.338942 4.739030 -2.998793'/>
				</IndexedFaceSet>
			</Shape>
			<Shape DEF='_IDX_453'>
				<Appearance DEF='Material_228_IDX_228'>
					<Material diffuseColor='0.276976 0.513640 0.785385'/>
					
				</Appearance>
				<IndexedFaceSet solid="false" coordIndex='0 1 2 3 -1'>
					<Coordinate point='0.215367 3.011231 -2.998793 0.429637 2.988194 -2.855993 0.542021 3.769837 -2.855993 0.271703 3.798899 -2.998793'/>
				</IndexedFaceSet>
			</Shape>
			<Shape DEF='_IDX_454'>
				<Appearance DEF='Material_229_IDX_229'>
					<Material diffuseColor='0.276976 0.513640 0.785385'/>
					
				</Appearance>
				<IndexedFaceSet solid="false" coordIndex='0 1 2 3 -1'>
					<Coordinate point='0.167676 2.344414 -2.998793 0.334497 2.326479 -2.855993 0.429637 2.988194 -2.855993 0.215367 3.011231 -2.998793'/>
				</IndexedFaceSet>
			</Shape>
			<Shape DEF='_IDX_455'>
				<Appearance DEF='Material_230_IDX_230'>
					<Material diffuseColor='0.276976 0.513640 0.785385'/>
					
				</Appearance>
				<IndexedFaceSet solid="false" coordIndex='0 1 2 3 -1'>
					<Coordinate point='0.126714 1.771686 -2.998793 0.252781 1.758133 -2.855993 0.334497 2.326479 -2.855993 0.167676 2.344414 -2.998793'/>
				</IndexedFaceSet>
			</Shape>
			<Shape DEF='_IDX_456'>
				<Appearance DEF='Material_231_IDX_231'>
					<Material diffuseColor='0.276976 0.513640 0.785385'/>
					
				</Appearance>
				<IndexedFaceSet solid="false" coordIndex='0 1 2 3 -1'>
					<Coordinate point='0.090837 1.270063 -2.998793 0.181211 1.260347 -2.855993 0.252781 1.758133 -2.855993 0.126714 1.771686 -2.998793'/>
				</IndexedFaceSet>
			</Shape>
			<Shape DEF='_IDX_457'>
				<Appearance DEF='Material_232_IDX_232'>
					<Material diffuseColor='0.276976 0.513640 0.785385'/>
					
				</Appearance>
				<IndexedFaceSet solid="false" coordIndex='0 1 2 3 -1'>
					<Coordinate point='0.058605 0.819412 -2.998793 0.116912 0.813143 -2.855993 0.181211 1.260347 -2.855993 0.090837 1.270063 -2.998793'/>
				</IndexedFaceSet>
			</Shape>
			<Shape DEF='_IDX_458'>
				<Appearance DEF='Material_233_IDX_233'>
					<Material diffuseColor='0.276976 0.513640 0.785385'/>
					
				</Appearance>
				<IndexedFaceSet solid="false" coordIndex='0 1 2 3 -1'>
					<Coordinate point='0.028726 0.401646 -2.998793 0.057306 0.398573 -2.855993 0.116912 0.813143 -2.855993 0.058605 0.819412 -2.998793'/>
				</IndexedFaceSet>
			</Shape>
			<Shape DEF='_IDX_459'>
				<Appearance DEF='Material_234_IDX_234'>
					<Material diffuseColor='0.276976 0.513640 0.785385'/>
					
				</Appearance>
				<IndexedFaceSet solid="false" coordIndex='0 1 2 3 -1'>
					<Coordinate point='0.000000 0.000000 -2.998793 -0.000000 0.000000 -2.855993 0.057306 0.398573 -2.855993 0.028726 0.401646 -2.998793'/>
				</IndexedFaceSet>
			</Shape>
			<Shape DEF='_IDX_460'>
				<Appearance DEF='Material_235_IDX_235'>
					<Material diffuseColor='0.284212 0.531624 0.773955'/>
					
				</Appearance>
				<IndexedFaceSet solid="false" coordIndex='0 1 2 3 -1'>
					<Coordinate point='0.837430 5.824454 -2.855993 1.250808 5.749873 -2.713194 1.541889 7.087951 -2.713194 1.032312 7.179888 -2.855993'/>
				</IndexedFaceSet>
			</Shape>
			<Shape DEF='_IDX_461'>
				<Appearance DEF='Material_236_IDX_236'>
					<Material diffuseColor='0.284212 0.531624 0.773955'/>
					
				</Appearance>
				<IndexedFaceSet solid="false" coordIndex='0 1 2 3 -1'>
					<Coordinate point='0.676157 4.702776 -2.855993 1.009927 4.642558 -2.713194 1.250808 5.749873 -2.713194 0.837430 5.824454 -2.855993'/>
				</IndexedFaceSet>
			</Shape>
			<Shape DEF='_IDX_462'>
				<Appearance DEF='Material_237_IDX_237'>
					<Material diffuseColor='0.284212 0.531624 0.773955'/>
					
				</Appearance>
				<IndexedFaceSet solid="false" coordIndex='0 1 2 3 -1'>
					<Coordinate point='0.542021 3.769837 -2.855993 0.809577 3.721565 -2.713194 1.009927 4.642558 -2.713194 0.676157 4.702776 -2.855993'/>
				</IndexedFaceSet>
			</Shape>
			<Shape DEF='_IDX_463'>
				<Appearance DEF='Material_238_IDX_238'>
					<Material diffuseColor='0.284212 0.531624 0.773955'/>
					
				</Appearance>
				<IndexedFaceSet solid="false" coordIndex='0 1 2 3 -1'>
					<Coordinate point='0.429637 2.988194 -2.855993 0.641718 2.949931 -2.713194 0.809577 3.721565 -2.713194 0.542021 3.769837 -2.855993'/>
				</IndexedFaceSet>
			</Shape>
			<Shape DEF='_IDX_464'>
				<Appearance DEF='Material_239_IDX_239'>
					<Material diffuseColor='0.284212 0.531624 0.773955'/>
					
				</Appearance>
				<IndexedFaceSet solid="false" coordIndex='0 1 2 3 -1'>
					<Coordinate point='0.334497 2.326479 -2.855993 0.499614 2.296688 -2.713194 0.641718 2.949931 -2.713194 0.429637 2.988194 -2.855993'/>
				</IndexedFaceSet>
			</Shape>
			<Shape DEF='_IDX_465'>
				<Appearance DEF='Material_240_IDX_240'>
					<Material diffuseColor='0.284212 0.531624 0.773955'/>
					
				</Appearance>
				<IndexedFaceSet solid="false" coordIndex='0 1 2 3 -1'>
					<Coordinate point='0.252781 1.758133 -2.855993 0.377561 1.735620 -2.713194 0.499614 2.296688 -2.713194 0.334497 2.326479 -2.855993'/>
				</IndexedFaceSet>
			</Shape>
			<Shape DEF='_IDX_466'>
				<Appearance DEF='Material_241_IDX_241'>
					<Material diffuseColor='0.284212 0.531624 0.773955'/>
					
				</Appearance>
				<IndexedFaceSet solid="false" coordIndex='0 1 2 3 -1'>
					<Coordinate point='0.181211 1.260347 -2.855993 0.270661 1.244208 -2.713194 0.377561 1.735620 -2.713194 0.252781 1.758133 -2.855993'/>
				</IndexedFaceSet>
			</Shape>
			<Shape DEF='_IDX_467'>
				<Appearance DEF='Material_242_IDX_242'>
					<Material diffuseColor='0.284212 0.531624 0.773955'/>
					
				</Appearance>
				<IndexedFaceSet solid="false" coordIndex='0 1 2 3 -1'>
					<Coordinate point='0.116912 0.813143 -2.855993 0.174623 0.802731 -2.713194 0.270661 1.244208 -2.713194 0.181211 1.260347 -2.855993'/>
				</IndexedFaceSet>
			</Shape>
			<Shape DEF='_IDX_468'>
				<Appearance DEF='Material_243_IDX_243'>
					<Material diffuseColor='0.284212 0.531624 0.773955'/>
					
				</Appearance>
				<IndexedFaceSet solid="false" coordIndex='0 1 2 3 -1'>
					<Coordinate point='0.057306 0.398573 -2.855993 0.085594 0.393470 -2.713194 0.174623 0.802731 -2.713194 0.116912 0.813143 -2.855993'/>
				</IndexedFaceSet>
			</Shape>
			<Shape DEF='_IDX_469'>
				<Appearance DEF='Material_244_IDX_244'>
					<Material diffuseColor='0.284212 0.531624 0.773955'/>
					
				</Appearance>
				<IndexedFaceSet solid="false" coordIndex='0 1 2 3 -1'>
					<Coordinate point='-0.000000 0.000000 -2.855993 0.000000 -0.000000 -2.713194 0.085594 0.393470 -2.713194 0.057306 0.398573 -2.855993'/>
				</IndexedFaceSet>
			</Shape>
			<Shape DEF='_IDX_470'>
				<Appearance DEF='Material_245_IDX_245'>
					<Material diffuseColor='0.291447 0.549607 0.762525'/>
					
				</Appearance>
				<IndexedFaceSet solid="false" coordIndex='0 1 2 3 -1'>
					<Coordinate point='1.250808 5.749873 -2.713194 1.657813 5.645991 -2.570394 2.043609 6.959894 -2.570394 1.541889 7.087951 -2.713194'/>
				</IndexedFaceSet>
			</Shape>
			<Shape DEF='_IDX_471'>
				<Appearance DEF='Material_246_IDX_246'>
					<Material diffuseColor='0.291447 0.549607 0.762525'/>
					
				</Appearance>
				<IndexedFaceSet solid="false" coordIndex='0 1 2 3 -1'>
					<Coordinate point='1.009927 4.642558 -2.713194 1.338550 4.558681 -2.570394 1.657813 5.645991 -2.570394 1.250808 5.749873 -2.713194'/>
				</IndexedFaceSet>
			</Shape>
			<Shape DEF='_IDX_472'>
				<Appearance DEF='Material_247_IDX_247'>
					<Material diffuseColor='0.291447 0.549607 0.762525'/>
					
				</Appearance>
				<IndexedFaceSet solid="false" coordIndex='0 1 2 3 -1'>
					<Coordinate point='0.809577 3.721565 -2.713194 1.073007 3.654328 -2.570394 1.338550 4.558681 -2.570394 1.009927 4.642558 -2.713194'/>
				</IndexedFaceSet>
			</Shape>
			<Shape DEF='_IDX_473'>
				<Appearance DEF='Material_248_IDX_248'>
					<Material diffuseColor='0.291447 0.549607 0.762525'/>
					
				</Appearance>
				<IndexedFaceSet solid="false" coordIndex='0 1 2 3 -1'>
					<Coordinate point='0.641718 2.949931 -2.713194 0.850529 2.896635 -2.570394 1.073007 3.654328 -2.570394 0.809577 3.721565 -2.713194'/>
				</IndexedFaceSet>
			</Shape>
			<Shape DEF='_IDX_474'>
				<Appearance DEF='Material_249_IDX_249'>
					<Material diffuseColor='0.291447 0.549607 0.762525'/>
					
				</Appearance>
				<IndexedFaceSet solid="false" coordIndex='0 1 2 3 -1'>
					<Coordinate point='0.499614 2.296688 -2.713194 0.662185 2.255195 -2.570394 0.850529 2.896635 -2.570394 0.641718 2.949931 -2.713194'/>
				</IndexedFaceSet>
			</Shape>
			<Shape DEF='_IDX_475'>
				<Appearance DEF='Material_250_IDX_250'>
					<Material diffuseColor='0.291447 0.549607 0.762525'/>
					
				</Appearance>
				<IndexedFaceSet solid="false" coordIndex='0 1 2 3 -1'>
					<Coordinate point='0.377561 1.735620 -2.713194 0.500417 1.704263 -2.570394 0.662185 2.255195 -2.570394 0.499614 2.296688 -2.713194'/>
				</IndexedFaceSet>
			</Shape>
			<Shape DEF='_IDX_476'>
				<Appearance DEF='Material_251_IDX_251'>
					<Material diffuseColor='0.291447 0.549607 0.762525'/>
					
				</Appearance>
				<IndexedFaceSet solid="false" coordIndex='0 1 2 3 -1'>
					<Coordinate point='0.270661 1.244208 -2.713194 0.358732 1.221729 -2.570394 0.500417 1.704263 -2.570394 0.377561 1.735620 -2.713194'/>
				</IndexedFaceSet>
			</Shape>
			<Shape DEF='_IDX_477'>
				<Appearance DEF='Material_252_IDX_252'>
					<Material diffuseColor='0.291447 0.549607 0.762525'/>
					
				</Appearance>
				<IndexedFaceSet solid="false" coordIndex='0 1 2 3 -1'>
					<Coordinate point='0.174623 0.802731 -2.713194 0.231445 0.788228 -2.570394 0.358732 1.221729 -2.570394 0.270661 1.244208 -2.713194'/>
				</IndexedFaceSet>
			</Shape>
			<Shape DEF='_IDX_478'>
				<Appearance DEF='Material_253_IDX_253'>
					<Material diffuseColor='0.291447 0.549607 0.762525'/>
					
				</Appearance>
				<IndexedFaceSet solid="false" coordIndex='0 1 2 3 -1'>
					<Coordinate point='0.085594 0.393470 -2.713194 0.113446 0.386361 -2.570394 0.231445 0.788228 -2.570394 0.174623 0.802731 -2.713194'/>
				</IndexedFaceSet>
			</Shape>
			<Shape DEF='_IDX_479'>
				<Appearance DEF='Material_254_IDX_254'>
					<Material diffuseColor='0.291447 0.549607 0.762525'/>
					
				</Appearance>
				<IndexedFaceSet solid="false" coordIndex='0 1 2 3 -1'>
					<Coordinate point='0.000000 -0.000000 -2.713194 0.000000 -0.000000 -2.570394 0.113446 0.386361 -2.570394 0.085594 0.393470 -2.713194'/>
				</IndexedFaceSet>
			</Shape>
			<Shape DEF='_IDX_480'>
				<Appearance DEF='Material_255_IDX_255'>
					<Material diffuseColor='0.298683 0.567591 0.751096'/>
					
				</Appearance>
				<IndexedFaceSet solid="false" coordIndex='0 1 2 3 -1'>
					<Coordinate point='1.657813 5.645991 -2.570394 2.056369 5.513339 -2.427594 2.534916 6.796372 -2.427594 2.043609 6.959894 -2.570394'/>
				</IndexedFaceSet>
			</Shape>
			<Shape DEF='_IDX_481'>
				<Appearance DEF='Material_256_IDX_256'>
					<Material diffuseColor='0.298683 0.567591 0.751096'/>
					
				</Appearance>
				<IndexedFaceSet solid="false" coordIndex='0 1 2 3 -1'>
					<Coordinate point='1.338550 4.558681 -2.570394 1.660352 4.451575 -2.427594 2.056369 5.513339 -2.427594 1.657813 5.645991 -2.570394'/>
				</IndexedFaceSet>
			</Shape>
			<Shape DEF='_IDX_482'>
				<Appearance DEF='Material_257_IDX_257'>
					<Material diffuseColor='0.298683 0.567591 0.751096'/>
					
				</Appearance>
				<IndexedFaceSet solid="false" coordIndex='0 1 2 3 -1'>
					<Coordinate point='1.073007 3.654328 -2.570394 1.330970 3.568470 -2.427594 1.660352 4.451575 -2.427594 1.338550 4.558681 -2.570394'/>
				</IndexedFaceSet>
			</Shape>
			<Shape DEF='_IDX_483'>
				<Appearance DEF='Material_258_IDX_258'>
					<Material diffuseColor='0.298683 0.567591 0.751096'/>
					
				</Appearance>
				<IndexedFaceSet solid="false" coordIndex='0 1 2 3 -1'>
					<Coordinate point='0.850529 2.896635 -2.570394 1.055005 2.828579 -2.427594 1.330970 3.568470 -2.427594 1.073007 3.654328 -2.570394'/>
				</IndexedFaceSet>
			</Shape>
			<Shape DEF='_IDX_484'>
				<Appearance DEF='Material_259_IDX_259'>
					<Material diffuseColor='0.298683 0.567591 0.751096'/>
					
				</Appearance>
				<IndexedFaceSet solid="false" coordIndex='0 1 2 3 -1'>
					<Coordinate point='0.662185 2.255195 -2.570394 0.821381 2.202209 -2.427594 1.055005 2.828579 -2.427594 0.850529 2.896635 -2.570394'/>
				</IndexedFaceSet>
			</Shape>
			<Shape DEF='_IDX_485'>
				<Appearance DEF='Material_260_IDX_260'>
					<Material diffuseColor='0.298683 0.567591 0.751096'/>
					
				</Appearance>
				<IndexedFaceSet solid="false" coordIndex='0 1 2 3 -1'>
					<Coordinate point='0.500417 1.704263 -2.570394 0.620722 1.664221 -2.427594 0.821381 2.202209 -2.427594 0.662185 2.255195 -2.570394'/>
				</IndexedFaceSet>
			</Shape>
			<Shape DEF='_IDX_486'>
				<Appearance DEF='Material_261_IDX_261'>
					<Material diffuseColor='0.298683 0.567591 0.751096'/>
					
				</Appearance>
				<IndexedFaceSet solid="false" coordIndex='0 1 2 3 -1'>
					<Coordinate point='0.358732 1.221729 -2.570394 0.444975 1.193025 -2.427594 0.620722 1.664221 -2.427594 0.500417 1.704263 -2.570394'/>
				</IndexedFaceSet>
			</Shape>
			<Shape DEF='_IDX_487'>
				<Appearance DEF='Material_262_IDX_262'>
					<Material diffuseColor='0.298683 0.567591 0.751096'/>
					
				</Appearance>
				<IndexedFaceSet solid="false" coordIndex='0 1 2 3 -1'>
					<Coordinate point='0.231445 0.788228 -2.570394 0.287086 0.769709 -2.427594 0.444975 1.193025 -2.427594 0.358732 1.221729 -2.570394'/>
				</IndexedFaceSet>
			</Shape>
			<Shape DEF='_IDX_488'>
				<Appearance DEF='Material_263_IDX_263'>
					<Material diffuseColor='0.298683 0.567591 0.751096'/>
					
				</Appearance>
				<IndexedFaceSet solid="false" coordIndex='0 1 2 3 -1'>
					<Coordinate point='0.113446 0.386361 -2.570394 0.140719 0.377283 -2.427594 0.287086 0.769709 -2.427594 0.231445 0.788228 -2.570394'/>
				</IndexedFaceSet>
			</Shape>
			<Shape DEF='_IDX_489'>
				<Appearance DEF='Material_264_IDX_264'>
					<Material diffuseColor='0.298683 0.567591 0.751096'/>
					
				</Appearance>
				<IndexedFaceSet solid="false" coordIndex='0 1 2 3 -1'>
					<Coordinate point='0.000000 -0.000000 -2.570394 0.000000 -0.000000 -2.427594 0.140719 0.377283 -2.427594 0.113446 0.386361 -2.570394'/>
				</IndexedFaceSet>
			</Shape>
			<Shape DEF='_IDX_490'>
				<Appearance DEF='Material_265_IDX_265'>
					<Material diffuseColor='0.305919 0.585575 0.739666'/>
					
				</Appearance>
				<IndexedFaceSet solid="false" coordIndex='0 1 2 3 -1'>
					<Coordinate point='2.056369 5.513339 -2.427594 2.444447 5.352592 -2.284795 3.013304 6.598217 -2.284795 2.534916 6.796372 -2.427594'/>
				</IndexedFaceSet>
			</Shape>
			<Shape DEF='_IDX_491'>
				<Appearance DEF='Material_266_IDX_266'>
					<Material diffuseColor='0.305919 0.585575 0.739666'/>
					
				</Appearance>
				<IndexedFaceSet solid="false" coordIndex='0 1 2 3 -1'>
					<Coordinate point='1.660352 4.451575 -2.427594 1.973693 4.321785 -2.284795 2.444447 5.352592 -2.284795 2.056369 5.513339 -2.427594'/>
				</IndexedFaceSet>
			</Shape>
			<Shape DEF='_IDX_492'>
				<Appearance DEF='Material_267_IDX_267'>
					<Material diffuseColor='0.305919 0.585575 0.739666'/>
					
				</Appearance>
				<IndexedFaceSet solid="false" coordIndex='0 1 2 3 -1'>
					<Coordinate point='1.330970 3.568470 -2.427594 1.582151 3.464427 -2.284795 1.973693 4.321785 -2.284795 1.660352 4.451575 -2.427594'/>
				</IndexedFaceSet>
			</Shape>
			<Shape DEF='_IDX_493'>
				<Appearance DEF='Material_268_IDX_268'>
					<Material diffuseColor='0.305919 0.585575 0.739666'/>
					
				</Appearance>
				<IndexedFaceSet solid="false" coordIndex='0 1 2 3 -1'>
					<Coordinate point='1.055005 2.828579 -2.427594 1.254106 2.746109 -2.284795 1.582151 3.464427 -2.284795 1.330970 3.568470 -2.427594'/>
				</IndexedFaceSet>
			</Shape>
			<Shape DEF='_IDX_494'>
				<Appearance DEF='Material_269_IDX_269'>
					<Material diffuseColor='0.305919 0.585575 0.739666'/>
					
				</Appearance>
				<IndexedFaceSet solid="false" coordIndex='0 1 2 3 -1'>
					<Coordinate point='0.821381 2.202209 -2.427594 0.976392 2.138001 -2.284795 1.254106 2.746109 -2.284795 1.055005 2.828579 -2.427594'/>
				</IndexedFaceSet>
			</Shape>
			<Shape DEF='_IDX_495'>
				<Appearance DEF='Material_270_IDX_270'>
					<Material diffuseColor='0.305919 0.585575 0.739666'/>
					
				</Appearance>
				<IndexedFaceSet solid="false" coordIndex='0 1 2 3 -1'>
					<Coordinate point='0.620722 1.664221 -2.427594 0.737865 1.615699 -2.284795 0.976392 2.138001 -2.284795 0.821381 2.202209 -2.427594'/>
				</IndexedFaceSet>
			</Shape>
			<Shape DEF='_IDX_496'>
				<Appearance DEF='Material_271_IDX_271'>
					<Material diffuseColor='0.305919 0.585575 0.739666'/>
					
				</Appearance>
				<IndexedFaceSet solid="false" coordIndex='0 1 2 3 -1'>
					<Coordinate point='0.444975 1.193025 -2.427594 0.528951 1.158241 -2.284795 0.737865 1.615699 -2.284795 0.620722 1.664221 -2.427594'/>
				</IndexedFaceSet>
			</Shape>
			<Shape DEF='_IDX_497'>
				<Appearance DEF='Material_272_IDX_272'>
					<Material diffuseColor='0.305919 0.585575 0.739666'/>
					
				</Appearance>
				<IndexedFaceSet solid="false" coordIndex='0 1 2 3 -1'>
					<Coordinate point='0.287086 0.769709 -2.427594 0.341265 0.747267 -2.284795 0.528951 1.158241 -2.284795 0.444975 1.193025 -2.427594'/>
				</IndexedFaceSet>
			</Shape>
			<Shape DEF='_IDX_498'>
				<Appearance DEF='Material_273_IDX_273'>
					<Material diffuseColor='0.305919 0.585575 0.739666'/>
					
				</Appearance>
				<IndexedFaceSet solid="false" coordIndex='0 1 2 3 -1'>
					<Coordinate point='0.140719 0.377283 -2.427594 0.167276 0.366283 -2.284795 0.341265 0.747267 -2.284795 0.287086 0.769709 -2.427594'/>
				</IndexedFaceSet>
			</Shape>
			<Shape DEF='_IDX_499'>
				<Appearance DEF='Material_274_IDX_274'>
					<Material diffuseColor='0.305919 0.585575 0.739666'/>
					
				</Appearance>
				<IndexedFaceSet solid="false" coordIndex='0 1 2 3 -1'>
					<Coordinate point='0.000000 -0.000000 -2.427594 0.000000 -0.000000 -2.284795 0.167276 0.366283 -2.284795 0.140719 0.377283 -2.427594'/>
				</IndexedFaceSet>
			</Shape>
			<Shape DEF='_IDX_500'>
				<Appearance DEF='Material_275_IDX_275'>
					<Material diffuseColor='0.315839 0.598336 0.722580'/>
					
				</Appearance>
				<IndexedFaceSet solid="false" coordIndex='0 1 2 3 -1'>
					<Coordinate point='2.444447 5.352592 -2.284795 2.820068 5.164569 -2.141995 3.476338 6.366438 -2.141995 3.013304 6.598217 -2.284795'/>
				</IndexedFaceSet>
			</Shape>
			<Shape DEF='_IDX_501'>
				<Appearance DEF='Material_276_IDX_276'>
					<Material diffuseColor='0.315839 0.598336 0.722580'/>
					
				</Appearance>
				<IndexedFaceSet solid="false" coordIndex='0 1 2 3 -1'>
					<Coordinate point='1.973693 4.321785 -2.284795 2.276977 4.169972 -2.141995 2.820068 5.164569 -2.141995 2.444447 5.352592 -2.284795'/>
				</IndexedFaceSet>
			</Shape>
			<Shape DEF='_IDX_502'>
				<Appearance DEF='Material_277_IDX_277'>
					<Material diffuseColor='0.315839 0.598336 0.722580'/>
					
				</Appearance>
				<IndexedFaceSet solid="false" coordIndex='0 1 2 3 -1'>
					<Coordinate point='1.582151 3.464427 -2.284795 1.825269 3.342731 -2.141995 2.276977 4.169972 -2.141995 1.973693 4.321785 -2.284795'/>
				</IndexedFaceSet>
			</Shape>
			<Shape DEF='_IDX_503'>
				<Appearance DEF='Material_278_IDX_278'>
					<Material diffuseColor='0.315839 0.598336 0.722580'/>
					
				</Appearance>
				<IndexedFaceSet solid="false" coordIndex='0 1 2 3 -1'>
					<Coordinate point='1.254106 2.746109 -2.284795 1.446816 2.649645 -2.141995 1.825269 3.342731 -2.141995 1.582151 3.464427 -2.284795'/>
				</IndexedFaceSet>
			</Shape>
			<Shape DEF='_IDX_504'>
				<Appearance DEF='Material_279_IDX_279'>
					<Material diffuseColor='0.315839 0.598336 0.722580'/>
					
				</Appearance>
				<IndexedFaceSet solid="false" coordIndex='0 1 2 3 -1'>
					<Coordinate point='0.976392 2.138001 -2.284795 1.126428 2.062899 -2.141995 1.446816 2.649645 -2.141995 1.254106 2.746109 -2.284795'/>
				</IndexedFaceSet>
			</Shape>
			<Shape DEF='_IDX_505'>
				<Appearance DEF='Material_280_IDX_280'>
					<Material diffuseColor='0.315839 0.598336 0.722580'/>
					
				</Appearance>
				<IndexedFaceSet solid="false" coordIndex='0 1 2 3 -1'>
					<Coordinate point='0.737865 1.615699 -2.284795 0.851248 1.558944 -2.141995 1.126428 2.062899 -2.141995 0.976392 2.138001 -2.284795'/>
				</IndexedFaceSet>
			</Shape>
			<Shape DEF='_IDX_506'>
				<Appearance DEF='Material_281_IDX_281'>
					<Material diffuseColor='0.315839 0.598336 0.722580'/>
					
				</Appearance>
				<IndexedFaceSet solid="false" coordIndex='0 1 2 3 -1'>
					<Coordinate point='0.528951 1.158241 -2.284795 0.610231 1.117555 -2.141995 0.851248 1.558944 -2.141995 0.737865 1.615699 -2.284795'/>
				</IndexedFaceSet>
			</Shape>
			<Shape DEF='_IDX_507'>
				<Appearance DEF='Material_282_IDX_282'>
					<Material diffuseColor='0.315839 0.598336 0.722580'/>
					
				</Appearance>
				<IndexedFaceSet solid="false" coordIndex='0 1 2 3 -1'>
					<Coordinate point='0.341265 0.747267 -2.284795 0.393705 0.721017 -2.141995 0.610231 1.117555 -2.141995 0.528951 1.158241 -2.284795'/>
				</IndexedFaceSet>
			</Shape>
			<Shape DEF='_IDX_508'>
				<Appearance USE='Material_282_IDX_282'/>
				<IndexedFaceSet solid="false" coordIndex='0 1 2 3 -1'>
					<Coordinate point='0.167276 0.366283 -2.284795 0.192980 0.353417 -2.141995 0.393705 0.721017 -2.141995 0.341265 0.747267 -2.284795'/>
				</IndexedFaceSet>
			</Shape>
			<Shape DEF='_IDX_509'>
				<Appearance USE='Material_282_IDX_282'/>
				<IndexedFaceSet solid="false" coordIndex='0 1 2 3 -1'>
					<Coordinate point='0.000000 -0.000000 -2.284795 0.000000 -0.000000 -2.141995 0.192980 0.353417 -2.141995 0.167276 0.366283 -2.284795'/>
				</IndexedFaceSet>
			</Shape>
			<Shape DEF='_IDX_510'>
				<Appearance DEF='Material_283_IDX_283'>
					<Material diffuseColor='0.325759 0.611096 0.705494'/>
					
				</Appearance>
				<IndexedFaceSet solid="false" coordIndex='0 1 2 3 -1'>
					<Coordinate point='2.820068 5.164569 -2.141995 3.181319 4.950229 -1.999195 3.921658 6.102218 -1.999195 3.476338 6.366438 -2.141995'/>
				</IndexedFaceSet>
			</Shape>
			<Shape DEF='_IDX_511'>
				<Appearance DEF='Material_284_IDX_284'>
					<Material diffuseColor='0.325759 0.611096 0.705494'/>
					
				</Appearance>
				<IndexedFaceSet solid="false" coordIndex='0 1 2 3 -1'>
					<Coordinate point='2.276977 4.169972 -2.141995 2.568658 3.996910 -1.999195 3.181319 4.950229 -1.999195 2.820068 5.164569 -2.141995'/>
				</IndexedFaceSet>
			</Shape>
			<Shape DEF='_IDX_512'>
				<Appearance DEF='Material_285_IDX_285'>
					<Material diffuseColor='0.325759 0.611096 0.705494'/>
					
				</Appearance>
				<IndexedFaceSet solid="false" coordIndex='0 1 2 3 -1'>
					<Coordinate point='1.825269 3.342731 -2.141995 2.059086 3.204001 -1.999195 2.568658 3.996910 -1.999195 2.276977 4.169972 -2.141995'/>
				</IndexedFaceSet>
			</Shape>
			<Shape DEF='_IDX_513'>
				<Appearance DEF='Material_286_IDX_286'>
					<Material diffuseColor='0.325759 0.611096 0.705494'/>
					
				</Appearance>
				<IndexedFaceSet solid="false" coordIndex='0 1 2 3 -1'>
					<Coordinate point='1.446816 2.649645 -2.141995 1.632153 2.539679 -1.999195 2.059086 3.204001 -1.999195 1.825269 3.342731 -2.141995'/>
				</IndexedFaceSet>
			</Shape>
			<Shape DEF='_IDX_514'>
				<Appearance DEF='Material_287_IDX_287'>
					<Material diffuseColor='0.325759 0.611096 0.705494'/>
					
				</Appearance>
				<IndexedFaceSet solid="false" coordIndex='0 1 2 3 -1'>
					<Coordinate point='1.126428 2.062899 -2.141995 1.270723 1.977284 -1.999195 1.632153 2.539679 -1.999195 1.446816 2.649645 -2.141995'/>
				</IndexedFaceSet>
			</Shape>
			<Shape DEF='_IDX_515'>
				<Appearance DEF='Material_288_IDX_288'>
					<Material diffuseColor='0.325759 0.611096 0.705494'/>
					
				</Appearance>
				<IndexedFaceSet solid="false" coordIndex='0 1 2 3 -1'>
					<Coordinate point='0.851248 1.558944 -2.141995 0.960293 1.494245 -1.999195 1.270723 1.977284 -1.999195 1.126428 2.062899 -2.141995'/>
				</IndexedFaceSet>
			</Shape>
			<Shape DEF='_IDX_516'>
				<Appearance DEF='Material_289_IDX_289'>
					<Material diffuseColor='0.325759 0.611096 0.705494'/>
					
				</Appearance>
				<IndexedFaceSet solid="false" coordIndex='0 1 2 3 -1'>
					<Coordinate point='0.610231 1.117555 -2.141995 0.688402 1.071174 -1.999195 0.960293 1.494245 -1.999195 0.851248 1.558944 -2.141995'/>
				</IndexedFaceSet>
			</Shape>
			<Shape DEF='_IDX_517'>
				<Appearance USE='Material_286_IDX_286'/>
				<IndexedFaceSet solid="false" coordIndex='0 1 2 3 -1'>
					<Coordinate point='0.393705 0.721017 -2.141995 0.444139 0.691094 -1.999195 0.688402 1.071174 -1.999195 0.610231 1.117555 -2.141995'/>
				</IndexedFaceSet>
			</Shape>
			<Shape DEF='_IDX_518'>
				<Appearance DEF='Material_290_IDX_290'>
					<Material diffuseColor='0.325759 0.611096 0.705494'/>
					
				</Appearance>
				<IndexedFaceSet solid="false" coordIndex='0 1 2 3 -1'>
					<Coordinate point='0.192980 0.353417 -2.141995 0.217701 0.338749 -1.999195 0.444139 0.691094 -1.999195 0.393705 0.721017 -2.141995'/>
				</IndexedFaceSet>
			</Shape>
			<Shape DEF='_IDX_519'>
				<Appearance USE='Material_290_IDX_290'/>
				<IndexedFaceSet solid="false" coordIndex='0 1 2 3 -1'>
					<Coordinate point='0.000000 -0.000000 -2.141995 0.000000 -0.000000 -1.999195 0.217701 0.338749 -1.999195 0.192980 0.353417 -2.141995'/>
				</IndexedFaceSet>
			</Shape>
			<Shape DEF='_IDX_520'>
				<Appearance DEF='Material_291_IDX_291'>
					<Material diffuseColor='0.335680 0.623857 0.688407'/>
					
				</Appearance>
				<IndexedFaceSet solid="false" coordIndex='0 1 2 3 -1'>
					<Coordinate point='3.181319 4.950229 -1.999195 3.526359 4.710664 -1.856396 4.346993 5.806903 -1.856396 3.921658 6.102218 -1.999195'/>
				</IndexedFaceSet>
			</Shape>
			<Shape DEF='_IDX_521'>
				<Appearance DEF='Material_292_IDX_292'>
					<Material diffuseColor='0.335680 0.623857 0.688407'/>
					
				</Appearance>
				<IndexedFaceSet solid="false" coordIndex='0 1 2 3 -1'>
					<Coordinate point='2.568658 3.996910 -1.999195 2.847250 3.803480 -1.856396 3.526359 4.710664 -1.856396 3.181319 4.950229 -1.999195'/>
				</IndexedFaceSet>
			</Shape>
			<Shape DEF='_IDX_522'>
				<Appearance DEF='Material_293_IDX_293'>
					<Material diffuseColor='0.335680 0.623857 0.688407'/>
					
				</Appearance>
				<IndexedFaceSet solid="false" coordIndex='0 1 2 3 -1'>
					<Coordinate point='2.059086 3.204001 -1.999195 2.282411 3.048944 -1.856396 2.847250 3.803480 -1.856396 2.568658 3.996910 -1.999195'/>
				</IndexedFaceSet>
			</Shape>
			<Shape DEF='_IDX_523'>
				<Appearance DEF='Material_294_IDX_294'>
					<Material diffuseColor='0.335680 0.623857 0.688407'/>
					
				</Appearance>
				<IndexedFaceSet solid="false" coordIndex='0 1 2 3 -1'>
					<Coordinate point='1.632153 2.539679 -1.999195 1.809173 2.416772 -1.856396 2.282411 3.048944 -1.856396 2.059086 3.204001 -1.999195'/>
				</IndexedFaceSet>
			</Shape>
			<Shape DEF='_IDX_524'>
				<Appearance DEF='Material_295_IDX_295'>
					<Material diffuseColor='0.335680 0.623857 0.688407'/>
					
				</Appearance>
				<IndexedFaceSet solid="false" coordIndex='0 1 2 3 -1'>
					<Coordinate point='1.270723 1.977284 -1.999195 1.408544 1.881594 -1.856396 1.809173 2.416772 -1.856396 1.632153 2.539679 -1.999195'/>
				</IndexedFaceSet>
			</Shape>
			<Shape DEF='_IDX_525'>
				<Appearance DEF='Material_296_IDX_296'>
					<Material diffuseColor='0.335680 0.623857 0.688407'/>
					
				</Appearance>
				<IndexedFaceSet solid="false" coordIndex='0 1 2 3 -1'>
					<Coordinate point='0.960293 1.494245 -1.999195 1.064444 1.421931 -1.856396 1.408544 1.881594 -1.856396 1.270723 1.977284 -1.999195'/>
				</IndexedFaceSet>
			</Shape>
			<Shape DEF='_IDX_526'>
				<Appearance DEF='Material_297_IDX_297'>
					<Material diffuseColor='0.335680 0.623857 0.688407'/>
					
				</Appearance>
				<IndexedFaceSet solid="false" coordIndex='0 1 2 3 -1'>
					<Coordinate point='0.688402 1.071174 -1.999195 0.763065 1.019335 -1.856396 1.064444 1.421931 -1.856396 0.960293 1.494245 -1.999195'/>
				</IndexedFaceSet>
			</Shape>
			<Shape DEF='_IDX_527'>
				<Appearance DEF='Material_298_IDX_298'>
					<Material diffuseColor='0.335680 0.623857 0.688407'/>
					
				</Appearance>
				<IndexedFaceSet solid="false" coordIndex='0 1 2 3 -1'>
					<Coordinate point='0.444139 0.691094 -1.999195 0.492309 0.657648 -1.856396 0.763065 1.019335 -1.856396 0.688402 1.071174 -1.999195'/>
				</IndexedFaceSet>
			</Shape>
			<Shape DEF='_IDX_528'>
				<Appearance USE='Material_298_IDX_298'/>
				<IndexedFaceSet solid="false" coordIndex='0 1 2 3 -1'>
					<Coordinate point='0.217701 0.338749 -1.999195 0.241312 0.322356 -1.856396 0.492309 0.657648 -1.856396 0.444139 0.691094 -1.999195'/>
				</IndexedFaceSet>
			</Shape>
			<Shape DEF='_IDX_529'>
				<Appearance DEF='Material_299_IDX_299'>
					<Material diffuseColor='0.335680 0.623857 0.688407'/>
					
				</Appearance>
				<IndexedFaceSet solid="false" coordIndex='0 1 2 3 -1'>
					<Coordinate point='0.000000 -0.000000 -1.999195 0.000000 -0.000000 -1.856396 0.241312 0.322356 -1.856396 0.217701 0.338749 -1.999195'/>
				</IndexedFaceSet>
			</Shape>
			<Shape DEF='_IDX_530'>
				<Appearance DEF='Material_300_IDX_300'>
					<Material diffuseColor='0.345600 0.636618 0.671321'/>
					
				</Appearance>
				<IndexedFaceSet solid="false" coordIndex='0 1 2 3 -1'>
					<Coordinate point='3.526359 4.710664 -1.856396 3.853429 4.447094 -1.713596 4.750177 5.481997 -1.713596 4.346993 5.806903 -1.856396'/>
				</IndexedFaceSet>
			</Shape>
			<Shape DEF='_IDX_531'>
				<Appearance DEF='Material_301_IDX_301'>
					<Material diffuseColor='0.345600 0.636618 0.671321'/>
					
				</Appearance>
				<IndexedFaceSet solid="false" coordIndex='0 1 2 3 -1'>
					<Coordinate point='2.847250 3.803480 -1.856396 3.111332 3.590669 -1.713596 3.853429 4.447094 -1.713596 3.526359 4.710664 -1.856396'/>
				</IndexedFaceSet>
			</Shape>
			<Shape DEF='_IDX_532'>
				<Appearance DEF='Material_302_IDX_302'>
					<Material diffuseColor='0.345600 0.636618 0.671321'/>
					
				</Appearance>
				<IndexedFaceSet solid="false" coordIndex='0 1 2 3 -1'>
					<Coordinate point='2.282411 3.048944 -1.856396 2.494105 2.878350 -1.713596 3.111332 3.590669 -1.713596 2.847250 3.803480 -1.856396'/>
				</IndexedFaceSet>
			</Shape>
			<Shape DEF='_IDX_533'>
				<Appearance DEF='Material_303_IDX_303'>
					<Material diffuseColor='0.345600 0.636618 0.671321'/>
					
				</Appearance>
				<IndexedFaceSet solid="false" coordIndex='0 1 2 3 -1'>
					<Coordinate point='1.809173 2.416772 -1.856396 1.976974 2.281549 -1.713596 2.494105 2.878350 -1.713596 2.282411 3.048944 -1.856396'/>
				</IndexedFaceSet>
			</Shape>
			<Shape DEF='_IDX_534'>
				<Appearance DEF='Material_304_IDX_304'>
					<Material diffuseColor='0.345600 0.636618 0.671321'/>
					
				</Appearance>
				<IndexedFaceSet solid="false" coordIndex='0 1 2 3 -1'>
					<Coordinate point='1.408544 1.881594 -1.856396 1.539186 1.776316 -1.713596 1.976974 2.281549 -1.713596 1.809173 2.416772 -1.856396'/>
				</IndexedFaceSet>
			</Shape>
			<Shape DEF='_IDX_535'>
				<Appearance DEF='Material_305_IDX_305'>
					<Material diffuseColor='0.345600 0.636618 0.671321'/>
					
				</Appearance>
				<IndexedFaceSet solid="false" coordIndex='0 1 2 3 -1'>
					<Coordinate point='1.064444 1.421931 -1.856396 1.163172 1.342371 -1.713596 1.539186 1.776316 -1.713596 1.408544 1.881594 -1.856396'/>
				</IndexedFaceSet>
			</Shape>
			<Shape DEF='_IDX_536'>
				<Appearance DEF='Material_306_IDX_306'>
					<Material diffuseColor='0.345600 0.636618 0.671321'/>
					
				</Appearance>
				<IndexedFaceSet solid="false" coordIndex='0 1 2 3 -1'>
					<Coordinate point='0.763065 1.019335 -1.856396 0.833839 0.962301 -1.713596 1.163172 1.342371 -1.713596 1.064444 1.421931 -1.856396'/>
				</IndexedFaceSet>
			</Shape>
			<Shape DEF='_IDX_537'>
				<Appearance DEF='Material_307_IDX_307'>
					<Material diffuseColor='0.345600 0.636618 0.671321'/>
					
				</Appearance>
				<IndexedFaceSet solid="false" coordIndex='0 1 2 3 -1'>
					<Coordinate point='0.492309 0.657648 -1.856396 0.537971 0.620852 -1.713596 0.833839 0.962301 -1.713596 0.763065 1.019335 -1.856396'/>
				</IndexedFaceSet>
			</Shape>
			<Shape DEF='_IDX_538'>
				<Appearance DEF='Material_308_IDX_308'>
					<Material diffuseColor='0.345600 0.636618 0.671321'/>
					
				</Appearance>
				<IndexedFaceSet solid="false" coordIndex='0 1 2 3 -1'>
					<Coordinate point='0.241312 0.322356 -1.856396 0.263694 0.304319 -1.713596 0.537971 0.620852 -1.713596 0.492309 0.657648 -1.856396'/>
				</IndexedFaceSet>
			</Shape>
			<Shape DEF='_IDX_539'>
				<Appearance DEF='Material_309_IDX_309'>
					<Material diffuseColor='0.345600 0.636618 0.671321'/>
					
				</Appearance>
				<IndexedFaceSet solid="false" coordIndex='0 1 2 3 -1'>
					<Coordinate point='0.000000 -0.000000 -1.856396 0.000000 -0.000000 -1.713596 0.263694 0.304319 -1.713596 0.241312 0.322356 -1.856396'/>
				</IndexedFaceSet>
			</Shape>
			<Shape DEF='_IDX_540'>
				<Appearance DEF='Material_310_IDX_310'>
					<Material diffuseColor='0.355520 0.649379 0.654235'/>
					
				</Appearance>
				<IndexedFaceSet solid="false" coordIndex='0 1 2 3 -1'>
					<Coordinate point='3.853429 4.447094 -1.713596 4.160863 4.160863 -1.570796 5.129155 5.129155 -1.570796 4.750177 5.481997 -1.713596'/>
				</IndexedFaceSet>
			</Shape>
			<Shape DEF='_IDX_541'>
				<Appearance DEF='Material_311_IDX_311'>
					<Material diffuseColor='0.355520 0.649379 0.654235'/>
					
				</Appearance>
				<IndexedFaceSet solid="false" coordIndex='0 1 2 3 -1'>
					<Coordinate point='3.111332 3.590669 -1.713596 3.359560 3.359560 -1.570796 4.160863 4.160863 -1.570796 3.853429 4.447094 -1.713596'/>
				</IndexedFaceSet>
			</Shape>
			<Shape DEF='_IDX_542'>
				<Appearance DEF='Material_312_IDX_312'>
					<Material diffuseColor='0.355520 0.649379 0.654235'/>
					
				</Appearance>
				<IndexedFaceSet solid="false" coordIndex='0 1 2 3 -1'>
					<Coordinate point='2.494105 2.878350 -1.713596 2.693089 2.693089 -1.570796 3.359560 3.359560 -1.570796 3.111332 3.590669 -1.713596'/>
				</IndexedFaceSet>
			</Shape>
			<Shape DEF='_IDX_543'>
				<Appearance DEF='Material_313_IDX_313'>
					<Material diffuseColor='0.355520 0.649379 0.654235'/>
					
				</Appearance>
				<IndexedFaceSet solid="false" coordIndex='0 1 2 3 -1'>
					<Coordinate point='1.976974 2.281549 -1.713596 2.134701 2.134701 -1.570796 2.693089 2.693089 -1.570796 2.494105 2.878350 -1.713596'/>
				</IndexedFaceSet>
			</Shape>
			<Shape DEF='_IDX_544'>
				<Appearance DEF='Material_314_IDX_314'>
					<Material diffuseColor='0.355520 0.649379 0.654235'/>
					
				</Appearance>
				<IndexedFaceSet solid="false" coordIndex='0 1 2 3 -1'>
					<Coordinate point='1.539186 1.776316 -1.713596 1.661986 1.661986 -1.570796 2.134701 2.134701 -1.570796 1.976974 2.281549 -1.713596'/>
				</IndexedFaceSet>
			</Shape>
			<Shape DEF='_IDX_545'>
				<Appearance DEF='Material_315_IDX_315'>
					<Material diffuseColor='0.355520 0.649379 0.654235'/>
					
				</Appearance>
				<IndexedFaceSet solid="false" coordIndex='0 1 2 3 -1'>
					<Coordinate point='1.163172 1.342371 -1.713596 1.255972 1.255972 -1.570796 1.661986 1.661986 -1.570796 1.539186 1.776316 -1.713596'/>
				</IndexedFaceSet>
			</Shape>
			<Shape DEF='_IDX_546'>
				<Appearance DEF='Material_316_IDX_316'>
					<Material diffuseColor='0.355520 0.649379 0.654235'/>
					
				</Appearance>
				<IndexedFaceSet solid="false" coordIndex='0 1 2 3 -1'>
					<Coordinate point='0.833839 0.962301 -1.713596 0.900364 0.900364 -1.570796 1.255972 1.255972 -1.570796 1.163172 1.342371 -1.713596'/>
				</IndexedFaceSet>
			</Shape>
			<Shape DEF='_IDX_547'>
				<Appearance DEF='Material_317_IDX_317'>
					<Material diffuseColor='0.355520 0.649379 0.654235'/>
					
				</Appearance>
				<IndexedFaceSet solid="false" coordIndex='0 1 2 3 -1'>
					<Coordinate point='0.537971 0.620852 -1.713596 0.580891 0.580891 -1.570796 0.900364 0.900364 -1.570796 0.833839 0.962301 -1.713596'/>
				</IndexedFaceSet>
			</Shape>
			<Shape DEF='_IDX_548'>
				<Appearance DEF='Material_318_IDX_318'>
					<Material diffuseColor='0.355520 0.649379 0.654235'/>
					
				</Appearance>
				<IndexedFaceSet solid="false" coordIndex='0 1 2 3 -1'>
					<Coordinate point='0.263694 0.304319 -1.713596 0.284732 0.284732 -1.570796 0.580891 0.580891 -1.570796 0.537971 0.620852 -1.713596'/>
				</IndexedFaceSet>
			</Shape>
			<Shape DEF='_IDX_549'>
				<Appearance DEF='Material_319_IDX_319'>
					<Material diffuseColor='0.355520 0.649379 0.654235'/>
					
				</Appearance>
				<IndexedFaceSet solid="false" coordIndex='0 1 2 3 -1'>
					<Coordinate point='0.000000 -0.000000 -1.713596 0.000000 0.000000 -1.570796 0.284732 0.284732 -1.570796 0.263694 0.304319 -1.713596'/>
				</IndexedFaceSet>
			</Shape>
			<Shape DEF='_IDX_550'>
				<Appearance DEF='Material_320_IDX_320'>
					<Material diffuseColor='0.505819 0.727368 0.449740'/>
					
				</Appearance>
				<IndexedFaceSet solid="false" coordIndex='0 1 2 3 -1'>
					<Coordinate point='0.402672 0.000000 -0.000000 0.401646 0.028726 -0.142800 -0.000000 0.000000 -0.142800 -0.000000 0.000000 -0.000000'/>
				</IndexedFaceSet>
			</Shape>
			<Shape DEF='_IDX_551'>
				<Appearance DEF='Material_321_IDX_321'>
					<Material diffuseColor='0.505819 0.727368 0.449740'/>
					
				</Appearance>
				<IndexedFaceSet solid="false" coordIndex='0 1 2 3 -1'>
					<Coordinate point='0.821505 -0.000000 -0.000000 0.819412 0.058605 -0.142800 0.401646 0.028726 -0.142800 0.402672 0.000000 -0.000000'/>
				</IndexedFaceSet>
			</Shape>
			<Shape DEF='_IDX_552'>
				<Appearance DEF='Material_322_IDX_322'>
					<Material diffuseColor='0.505819 0.727368 0.449740'/>
					
				</Appearance>
				<IndexedFaceSet solid="false" coordIndex='0 1 2 3 -1'>
					<Coordinate point='1.273307 0.000000 0.000000 1.270063 0.090837 -0.142800 0.819412 0.058605 -0.142800 0.821505 -0.000000 -0.000000'/>
				</IndexedFaceSet>
			</Shape>
			<Shape DEF='_IDX_553'>
				<Appearance DEF='Material_323_IDX_323'>
					<Material diffuseColor='0.505819 0.727368 0.449740'/>
					
				</Appearance>
				<IndexedFaceSet solid="false" coordIndex='0 1 2 3 -1'>
					<Coordinate point='1.776212 0.000000 -0.000000 1.771686 0.126714 -0.142800 1.270063 0.090837 -0.142800 1.273307 0.000000 0.000000'/>
				</IndexedFaceSet>
			</Shape>
			<Shape DEF='_IDX_554'>
				<Appearance DEF='Material_324_IDX_324'>
					<Material diffuseColor='0.505819 0.727368 0.449740'/>
					
				</Appearance>
				<IndexedFaceSet solid="false" coordIndex='0 1 2 3 -1'>
					<Coordinate point='2.350402 0.000000 -0.000000 2.344414 0.167676 -0.142800 1.771686 0.126714 -0.142800 1.776212 0.000000 -0.000000'/>
				</IndexedFaceSet>
			</Shape>
			<Shape DEF='_IDX_555'>
				<Appearance DEF='Material_325_IDX_325'>
					<Material diffuseColor='0.505819 0.727368 0.449740'/>
					
				</Appearance>
				<IndexedFaceSet solid="false" coordIndex='0 1 2 3 -1'>
					<Coordinate point='3.018923 -0.000000 0.000000 3.011231 0.215367 -0.142800 2.344414 0.167676 -0.142800 2.350402 0.000000 -0.000000'/>
				</IndexedFaceSet>
			</Shape>
			<Shape DEF='_IDX_556'>
				<Appearance DEF='Material_326_IDX_326'>
					<Material diffuseColor='0.505819 0.727368 0.449740'/>
					
				</Appearance>
				<IndexedFaceSet solid="false" coordIndex='0 1 2 3 -1'>
					<Coordinate point='3.808603 0.000000 0.000000 3.798899 0.271703 -0.142800 3.011231 0.215367 -0.142800 3.018923 -0.000000 0.000000'/>
				</IndexedFaceSet>
			</Shape>
			<Shape DEF='_IDX_557'>
				<Appearance DEF='Material_327_IDX_327'>
					<Material diffuseColor='0.505819 0.727368 0.449740'/>
					
				</Appearance>
				<IndexedFaceSet solid="false" coordIndex='0 1 2 3 -1'>
					<Coordinate point='4.751136 0.000000 -0.000000 4.739030 0.338942 -0.142800 3.798899 0.271703 -0.142800 3.808603 0.000000 0.000000'/>
				</IndexedFaceSet>
			</Shape>
			<Shape DEF='_IDX_558'>
				<Appearance DEF='Material_328_IDX_328'>
					<Material diffuseColor='0.505819 0.727368 0.449740'/>
					
				</Appearance>
				<IndexedFaceSet solid="false" coordIndex='0 1 2 3 -1'>
					<Coordinate point='5.884348 -0.000000 0.000000 5.869356 0.419785 -0.142800 4.739030 0.338942 -0.142800 4.751136 0.000000 -0.000000'/>
				</IndexedFaceSet>
			</Shape>
			<Shape DEF='_IDX_559'>
				<Appearance DEF='Material_329_IDX_329'>
					<Material diffuseColor='0.505819 0.727368 0.449740'/>
					
				</Appearance>
				<IndexedFaceSet solid="false" coordIndex='0 1 2 3 -1'>
					<Coordinate point='7.253721 -0.000000 -0.000000 7.235239 0.517475 -0.142800 5.869356 0.419785 -0.142800 5.884348 -0.000000 0.000000'/>
				</IndexedFaceSet>
			</Shape>
			<Shape DEF='_IDX_560'>
				<Appearance DEF='Material_330_IDX_330'>
					<Material diffuseColor='0.490624 0.722264 0.467856'/>
					
				</Appearance>
				<IndexedFaceSet solid="false" coordIndex='0 1 2 3 -1'>
					<Coordinate point='0.401646 0.028726 -0.142800 0.398573 0.057306 -0.285599 0.000000 -0.000000 -0.285599 -0.000000 0.000000 -0.142800'/>
				</IndexedFaceSet>
			</Shape>
			<Shape DEF='_IDX_561'>
				<Appearance DEF='Material_331_IDX_331'>
					<Material diffuseColor='0.490624 0.722264 0.467856'/>
					
				</Appearance>
				<IndexedFaceSet solid="false" coordIndex='0 1 2 3 -1'>
					<Coordinate point='0.819412 0.058605 -0.142800 0.813143 0.116912 -0.285599 0.398573 0.057306 -0.285599 0.401646 0.028726 -0.142800'/>
				</IndexedFaceSet>
			</Shape>
			<Shape DEF='_IDX_562'>
				<Appearance DEF='Material_332_IDX_332'>
					<Material diffuseColor='0.490624 0.722264 0.467856'/>
					
				</Appearance>
				<IndexedFaceSet solid="false" coordIndex='0 1 2 3 -1'>
					<Coordinate point='1.270063 0.090837 -0.142800 1.260347 0.181211 -0.285599 0.813143 0.116912 -0.285599 0.819412 0.058605 -0.142800'/>
				</IndexedFaceSet>
			</Shape>
			<Shape DEF='_IDX_563'>
				<Appearance DEF='Material_333_IDX_333'>
					<Material diffuseColor='0.490624 0.722264 0.467856'/>
					
				</Appearance>
				<IndexedFaceSet solid="false" coordIndex='0 1 2 3 -1'>
					<Coordinate point='1.771686 0.126714 -0.142800 1.758133 0.252781 -0.285599 1.260347 0.181211 -0.285599 1.270063 0.090837 -0.142800'/>
				</IndexedFaceSet>
			</Shape>
			<Shape DEF='_IDX_564'>
				<Appearance DEF='Material_334_IDX_334'>
					<Material diffuseColor='0.490624 0.722264 0.467856'/>
					
				</Appearance>
				<IndexedFaceSet solid="false" coordIndex='0 1 2 3 -1'>
					<Coordinate point='2.344414 0.167676 -0.142800 2.326479 0.334497 -0.285599 1.758133 0.252781 -0.285599 1.771686 0.126714 -0.142800'/>
				</IndexedFaceSet>
			</Shape>
			<Shape DEF='_IDX_565'>
				<Appearance DEF='Material_335_IDX_335'>
					<Material diffuseColor='0.490624 0.722264 0.467856'/>
					
				</Appearance>
				<IndexedFaceSet solid="false" coordIndex='0 1 2 3 -1'>
					<Coordinate point='3.011231 0.215367 -0.142800 2.988194 0.429637 -0.285599 2.326479 0.334497 -0.285599 2.344414 0.167676 -0.142800'/>
				</IndexedFaceSet>
			</Shape>
			<Shape DEF='_IDX_566'>
				<Appearance DEF='Material_336_IDX_336'>
					<Material diffuseColor='0.490624 0.722264 0.467856'/>
					
				</Appearance>
				<IndexedFaceSet solid="false" coordIndex='0 1 2 3 -1'>
					<Coordinate point='3.798899 0.271703 -0.142800 3.769837 0.542021 -0.285599 2.988194 0.429637 -0.285599 3.011231 0.215367 -0.142800'/>
				</IndexedFaceSet>
			</Shape>
			<Shape DEF='_IDX_567'>
				<Appearance DEF='Material_337_IDX_337'>
					<Material diffuseColor='0.490624 0.722264 0.467856'/>
					
				</Appearance>
				<IndexedFaceSet solid="false" coordIndex='0 1 2 3 -1'>
					<Coordinate point='4.739030 0.338942 -0.142800 4.702776 0.676157 -0.285599 3.769837 0.542021 -0.285599 3.798899 0.271703 -0.142800'/>
				</IndexedFaceSet>
			</Shape>
			<Shape DEF='_IDX_568'>
				<Appearance DEF='Material_338_IDX_338'>
					<Material diffuseColor='0.490624 0.722264 0.467856'/>
					
				</Appearance>
				<IndexedFaceSet solid="false" coordIndex='0 1 2 3 -1'>
					<Coordinate point='5.869356 0.419785 -0.142800 5.824454 0.837430 -0.285599 4.702776 0.676157 -0.285599 4.739030 0.338942 -0.142800'/>
				</IndexedFaceSet>
			</Shape>
			<Shape DEF='_IDX_569'>
				<Appearance DEF='Material_339_IDX_339'>
					<Material diffuseColor='0.490624 0.722264 0.467856'/>
					
				</Appearance>
				<IndexedFaceSet solid="false" coordIndex='0 1 2 3 -1'>
					<Coordinate point='7.235239 0.517475 -0.142800 7.179888 1.032312 -0.285599 5.824454 0.837430 -0.285599 5.869356 0.419785 -0.142800'/>
				</IndexedFaceSet>
			</Shape>
			<Shape DEF='_IDX_570'>
				<Appearance DEF='Material_340_IDX_340'>
					<Material diffuseColor='0.475428 0.717160 0.485972'/>
					
				</Appearance>
				<IndexedFaceSet solid="false" coordIndex='0 1 2 3 -1'>
					<Coordinate point='0.398573 0.057306 -0.285599 0.393470 0.085594 -0.428399 -0.000000 0.000000 -0.428399 0.000000 -0.000000 -0.285599'/>
				</IndexedFaceSet>
			</Shape>
			<Shape DEF='_IDX_571'>
				<Appearance DEF='Material_341_IDX_341'>
					<Material diffuseColor='0.475428 0.717160 0.485972'/>
					
				</Appearance>
				<IndexedFaceSet solid="false" coordIndex='0 1 2 3 -1'>
					<Coordinate point='0.813143 0.116912 -0.285599 0.802731 0.174623 -0.428399 0.393470 0.085594 -0.428399 0.398573 0.057306 -0.285599'/>
				</IndexedFaceSet>
			</Shape>
			<Shape DEF='_IDX_572'>
				<Appearance DEF='Material_342_IDX_342'>
					<Material diffuseColor='0.475428 0.717160 0.485972'/>
					
				</Appearance>
				<IndexedFaceSet solid="false" coordIndex='0 1 2 3 -1'>
					<Coordinate point='1.260347 0.181211 -0.285599 1.244208 0.270661 -0.428399 0.802731 0.174623 -0.428399 0.813143 0.116912 -0.285599'/>
				</IndexedFaceSet>
			</Shape>
			<Shape DEF='_IDX_573'>
				<Appearance DEF='Material_343_IDX_343'>
					<Material diffuseColor='0.475428 0.717160 0.485972'/>
					
				</Appearance>
				<IndexedFaceSet solid="false" coordIndex='0 1 2 3 -1'>
					<Coordinate point='1.758133 0.252781 -0.285599 1.735620 0.377561 -0.428399 1.244208 0.270661 -0.428399 1.260347 0.181211 -0.285599'/>
				</IndexedFaceSet>
			</Shape>
			<Shape DEF='_IDX_574'>
				<Appearance DEF='Material_344_IDX_344'>
					<Material diffuseColor='0.475428 0.717160 0.485972'/>
					
				</Appearance>
				<IndexedFaceSet solid="false" coordIndex='0 1 2 3 -1'>
					<Coordinate point='2.326479 0.334497 -0.285599 2.296688 0.499614 -0.428399 1.735620 0.377561 -0.428399 1.758133 0.252781 -0.285599'/>
				</IndexedFaceSet>
			</Shape>
			<Shape DEF='_IDX_575'>
				<Appearance DEF='Material_345_IDX_345'>
					<Material diffuseColor='0.475428 0.717160 0.485972'/>
					
				</Appearance>
				<IndexedFaceSet solid="false" coordIndex='0 1 2 3 -1'>
					<Coordinate point='2.988194 0.429637 -0.285599 2.949931 0.641718 -0.428399 2.296688 0.499614 -0.428399 2.326479 0.334497 -0.285599'/>
				</IndexedFaceSet>
			</Shape>
			<Shape DEF='_IDX_576'>
				<Appearance DEF='Material_346_IDX_346'>
					<Material diffuseColor='0.475428 0.717160 0.485972'/>
					
				</Appearance>
				<IndexedFaceSet solid="false" coordIndex='0 1 2 3 -1'>
					<Coordinate point='3.769837 0.542021 -0.285599 3.721565 0.809577 -0.428399 2.949931 0.641718 -0.428399 2.988194 0.429637 -0.285599'/>
				</IndexedFaceSet>
			</Shape>
			<Shape DEF='_IDX_577'>
				<Appearance DEF='Material_347_IDX_347'>
					<Material diffuseColor='0.475428 0.717160 0.485972'/>
					
				</Appearance>
				<IndexedFaceSet solid="false" coordIndex='0 1 2 3 -1'>
					<Coordinate point='4.702776 0.676157 -0.285599 4.642558 1.009927 -0.428399 3.721565 0.809577 -0.428399 3.769837 0.542021 -0.285599'/>
				</IndexedFaceSet>
			</Shape>
			<Shape DEF='_IDX_578'>
				<Appearance DEF='Material_348_IDX_348'>
					<Material diffuseColor='0.475428 0.717160 0.485972'/>
					
				</Appearance>
				<IndexedFaceSet solid="false" coordIndex='0 1 2 3 -1'>
					<Coordinate point='5.824454 0.837430 -0.285599 5.749873 1.250808 -0.428399 4.642558 1.009927 -0.428399 4.702776 0.676157 -0.285599'/>
				</IndexedFaceSet>
			</Shape>
			<Shape DEF='_IDX_579'>
				<Appearance DEF='Material_349_IDX_349'>
					<Material diffuseColor='0.475428 0.717160 0.485972'/>
					
				</Appearance>
				<IndexedFaceSet solid="false" coordIndex='0 1 2 3 -1'>
					<Coordinate point='7.179888 1.032312 -0.285599 7.087951 1.541889 -0.428399 5.749873 1.250808 -0.428399 5.824454 0.837430 -0.285599'/>
				</IndexedFaceSet>
			</Shape>
			<Shape DEF='_IDX_580'>
				<Appearance DEF='Material_350_IDX_350'>
					<Material diffuseColor='0.460233 0.712057 0.504089'/>
					
				</Appearance>
				<IndexedFaceSet solid="false" coordIndex='0 1 2 3 -1'>
					<Coordinate point='0.393470 0.085594 -0.428399 0.386361 0.113446 -0.571199 -0.000000 0.000000 -0.571199 -0.000000 0.000000 -0.428399'/>
				</IndexedFaceSet>
			</Shape>
			<Shape DEF='_IDX_581'>
				<Appearance DEF='Material_351_IDX_351'>
					<Material diffuseColor='0.460233 0.712057 0.504089'/>
					
				</Appearance>
				<IndexedFaceSet solid="false" coordIndex='0 1 2 3 -1'>
					<Coordinate point='0.802731 0.174623 -0.428399 0.788228 0.231445 -0.571199 0.386361 0.113446 -0.571199 0.393470 0.085594 -0.428399'/>
				</IndexedFaceSet>
			</Shape>
			<Shape DEF='_IDX_582'>
				<Appearance DEF='Material_352_IDX_352'>
					<Material diffuseColor='0.460233 0.712057 0.504089'/>
					
				</Appearance>
				<IndexedFaceSet solid="false" coordIndex='0 1 2 3 -1'>
					<Coordinate point='1.244208 0.270661 -0.428399 1.221729 0.358732 -0.571199 0.788228 0.231445 -0.571199 0.802731 0.174623 -0.428399'/>
				</IndexedFaceSet>
			</Shape>
			<Shape DEF='_IDX_583'>
				<Appearance DEF='Material_353_IDX_353'>
					<Material diffuseColor='0.460233 0.712057 0.504089'/>
					
				</Appearance>
				<IndexedFaceSet solid="false" coordIndex='0 1 2 3 -1'>
					<Coordinate point='1.735620 0.377561 -0.428399 1.704263 0.500417 -0.571199 1.221729 0.358732 -0.571199 1.244208 0.270661 -0.428399'/>
				</IndexedFaceSet>
			</Shape>
			<Shape DEF='_IDX_584'>
				<Appearance DEF='Material_354_IDX_354'>
					<Material diffuseColor='0.460233 0.712057 0.504089'/>
					
				</Appearance>
				<IndexedFaceSet solid="false" coordIndex='0 1 2 3 -1'>
					<Coordinate point='2.296688 0.499614 -0.428399 2.255195 0.662185 -0.571199 1.704263 0.500417 -0.571199 1.735620 0.377561 -0.428399'/>
				</IndexedFaceSet>
			</Shape>
			<Shape DEF='_IDX_585'>
				<Appearance DEF='Material_355_IDX_355'>
					<Material diffuseColor='0.460233 0.712057 0.504089'/>
					
				</Appearance>
				<IndexedFaceSet solid="false" coordIndex='0 1 2 3 -1'>
					<Coordinate point='2.949931 0.641718 -0.428399 2.896635 0.850529 -0.571199 2.255195 0.662185 -0.571199 2.296688 0.499614 -0.428399'/>
				</IndexedFaceSet>
			</Shape>
			<Shape DEF='_IDX_586'>
				<Appearance DEF='Material_356_IDX_356'>
					<Material diffuseColor='0.460233 0.712057 0.504089'/>
					
				</Appearance>
				<IndexedFaceSet solid="false" coordIndex='0 1 2 3 -1'>
					<Coordinate point='3.721565 0.809577 -0.428399 3.654328 1.073007 -0.571199 2.896635 0.850529 -0.571199 2.949931 0.641718 -0.428399'/>
				</IndexedFaceSet>
			</Shape>
			<Shape DEF='_IDX_587'>
				<Appearance DEF='Material_357_IDX_357'>
					<Material diffuseColor='0.460233 0.712057 0.504089'/>
					
				</Appearance>
				<IndexedFaceSet solid="false" coordIndex='0 1 2 3 -1'>
					<Coordinate point='4.642558 1.009927 -0.428399 4.558681 1.338550 -0.571199 3.654328 1.073007 -0.571199 3.721565 0.809577 -0.428399'/>
				</IndexedFaceSet>
			</Shape>
			<Shape DEF='_IDX_588'>
				<Appearance DEF='Material_358_IDX_358'>
					<Material diffuseColor='0.460233 0.712057 0.504089'/>
					
				</Appearance>
				<IndexedFaceSet solid="false" coordIndex='0 1 2 3 -1'>
					<Coordinate point='5.749873 1.250808 -0.428399 5.645991 1.657813 -0.571199 4.558681 1.338550 -0.571199 4.642558 1.009927 -0.428399'/>
				</IndexedFaceSet>
			</Shape>
			<Shape DEF='_IDX_589'>
				<Appearance DEF='Material_359_IDX_359'>
					<Material diffuseColor='0.460233 0.712057 0.504089'/>
					
				</Appearance>
				<IndexedFaceSet solid="false" coordIndex='0 1 2 3 -1'>
					<Coordinate point='7.087951 1.541889 -0.428399 6.959894 2.043609 -0.571199 5.645991 1.657813 -0.571199 5.749873 1.250808 -0.428399'/>
				</IndexedFaceSet>
			</Shape>
			<Shape DEF='_IDX_590'>
				<Appearance DEF='Material_360_IDX_360'>
					<Material diffuseColor='0.445037 0.706953 0.522205'/>
					
				</Appearance>
				<IndexedFaceSet solid="false" coordIndex='0 1 2 3 -1'>
					<Coordinate point='0.386361 0.113446 -0.571199 0.377283 0.140719 -0.713998 -0.000000 0.000000 -0.713998 -0.000000 0.000000 -0.571199'/>
				</IndexedFaceSet>
			</Shape>
			<Shape DEF='_IDX_591'>
				<Appearance DEF='Material_361_IDX_361'>
					<Material diffuseColor='0.445037 0.706953 0.522205'/>
					
				</Appearance>
				<IndexedFaceSet solid="false" coordIndex='0 1 2 3 -1'>
					<Coordinate point='0.788228 0.231445 -0.571199 0.769709 0.287086 -0.713998 0.377283 0.140719 -0.713998 0.386361 0.113446 -0.571199'/>
				</IndexedFaceSet>
			</Shape>
			<Shape DEF='_IDX_592'>
				<Appearance DEF='Material_362_IDX_362'>
					<Material diffuseColor='0.445037 0.706953 0.522205'/>
					
				</Appearance>
				<IndexedFaceSet solid="false" coordIndex='0 1 2 3 -1'>
					<Coordinate point='1.221729 0.358732 -0.571199 1.193025 0.444975 -0.713998 0.769709 0.287086 -0.713998 0.788228 0.231445 -0.571199'/>
				</IndexedFaceSet>
			</Shape>
			<Shape DEF='_IDX_593'>
				<Appearance DEF='Material_363_IDX_363'>
					<Material diffuseColor='0.445037 0.706953 0.522205'/>
					
				</Appearance>
				<IndexedFaceSet solid="false" coordIndex='0 1 2 3 -1'>
					<Coordinate point='1.704263 0.500417 -0.571199 1.664221 0.620722 -0.713998 1.193025 0.444975 -0.713998 1.221729 0.358732 -0.571199'/>
				</IndexedFaceSet>
			</Shape>
			<Shape DEF='_IDX_594'>
				<Appearance DEF='Material_364_IDX_364'>
					<Material diffuseColor='0.445037 0.706953 0.522205'/>
					
				</Appearance>
				<IndexedFaceSet solid="false" coordIndex='0 1 2 3 -1'>
					<Coordinate point='2.255195 0.662185 -0.571199 2.202209 0.821381 -0.713998 1.664221 0.620722 -0.713998 1.704263 0.500417 -0.571199'/>
				</IndexedFaceSet>
			</Shape>
			<Shape DEF='_IDX_595'>
				<Appearance DEF='Material_365_IDX_365'>
					<Material diffuseColor='0.445037 0.706953 0.522205'/>
					
				</Appearance>
				<IndexedFaceSet solid="false" coordIndex='0 1 2 3 -1'>
					<Coordinate point='2.896635 0.850529 -0.571199 2.828579 1.055005 -0.713998 2.202209 0.821381 -0.713998 2.255195 0.662185 -0.571199'/>
				</IndexedFaceSet>
			</Shape>
			<Shape DEF='_IDX_596'>
				<Appearance DEF='Material_366_IDX_366'>
					<Material diffuseColor='0.445037 0.706953 0.522205'/>
					
				</Appearance>
				<IndexedFaceSet solid="false" coordIndex='0 1 2 3 -1'>
					<Coordinate point='3.654328 1.073007 -0.571199 3.568470 1.330970 -0.713998 2.828579 1.055005 -0.713998 2.896635 0.850529 -0.571199'/>
				</IndexedFaceSet>
			</Shape>
			<Shape DEF='_IDX_597'>
				<Appearance DEF='Material_367_IDX_367'>
					<Material diffuseColor='0.445037 0.706953 0.522205'/>
					
				</Appearance>
				<IndexedFaceSet solid="false" coordIndex='0 1 2 3 -1'>
					<Coordinate point='4.558681 1.338550 -0.571199 4.451575 1.660352 -0.713998 3.568470 1.330970 -0.713998 3.654328 1.073007 -0.571199'/>
				</IndexedFaceSet>
			</Shape>
			<Shape DEF='_IDX_598'>
				<Appearance DEF='Material_368_IDX_368'>
					<Material diffuseColor='0.445037 0.706953 0.522205'/>
					
				</Appearance>
				<IndexedFaceSet solid="false" coordIndex='0 1 2 3 -1'>
					<Coordinate point='5.645991 1.657813 -0.571199 5.513339 2.056369 -0.713998 4.451575 1.660352 -0.713998 4.558681 1.338550 -0.571199'/>
				</IndexedFaceSet>
			</Shape>
			<Shape DEF='_IDX_599'>
				<Appearance DEF='Material_369_IDX_369'>
					<Material diffuseColor='0.445037 0.706953 0.522205'/>
					
				</Appearance>
				<IndexedFaceSet solid="false" coordIndex='0 1 2 3 -1'>
					<Coordinate point='6.959894 2.043609 -0.571199 6.796372 2.534916 -0.713998 5.513339 2.056369 -0.713998 5.645991 1.657813 -0.571199'/>
				</IndexedFaceSet>
			</Shape>
			<Shape DEF='_IDX_600'>
				<Appearance DEF='Material_370_IDX_370'>
					<Material diffuseColor='0.429842 0.701849 0.540321'/>
					
				</Appearance>
				<IndexedFaceSet solid="false" coordIndex='0 1 2 3 -1'>
					<Coordinate point='0.377283 0.140719 -0.713998 0.366283 0.167276 -0.856798 -0.000000 0.000000 -0.856798 -0.000000 0.000000 -0.713998'/>
				</IndexedFaceSet>
			</Shape>
			<Shape DEF='_IDX_601'>
				<Appearance DEF='Material_371_IDX_371'>
					<Material diffuseColor='0.429842 0.701849 0.540321'/>
					
				</Appearance>
				<IndexedFaceSet solid="false" coordIndex='0 1 2 3 -1'>
					<Coordinate point='0.769709 0.287086 -0.713998 0.747267 0.341265 -0.856798 0.366283 0.167276 -0.856798 0.377283 0.140719 -0.713998'/>
				</IndexedFaceSet>
			</Shape>
			<Shape DEF='_IDX_602'>
				<Appearance DEF='Material_372_IDX_372'>
					<Material diffuseColor='0.429842 0.701849 0.540321'/>
					
				</Appearance>
				<IndexedFaceSet solid="false" coordIndex='0 1 2 3 -1'>
					<Coordinate point='1.193025 0.444975 -0.713998 1.158241 0.528951 -0.856798 0.747267 0.341265 -0.856798 0.769709 0.287086 -0.713998'/>
				</IndexedFaceSet>
			</Shape>
			<Shape DEF='_IDX_603'>
				<Appearance DEF='Material_373_IDX_373'>
					<Material diffuseColor='0.429842 0.701849 0.540321'/>
					
				</Appearance>
				<IndexedFaceSet solid="false" coordIndex='0 1 2 3 -1'>
					<Coordinate point='1.664221 0.620722 -0.713998 1.615699 0.737865 -0.856798 1.158241 0.528951 -0.856798 1.193025 0.444975 -0.713998'/>
				</IndexedFaceSet>
			</Shape>
			<Shape DEF='_IDX_604'>
				<Appearance DEF='Material_374_IDX_374'>
					<Material diffuseColor='0.429842 0.701849 0.540321'/>
					
				</Appearance>
				<IndexedFaceSet solid="false" coordIndex='0 1 2 3 -1'>
					<Coordinate point='2.202209 0.821381 -0.713998 2.138001 0.976392 -0.856798 1.615699 0.737865 -0.856798 1.664221 0.620722 -0.713998'/>
				</IndexedFaceSet>
			</Shape>
			<Shape DEF='_IDX_605'>
				<Appearance DEF='Material_375_IDX_375'>
					<Material diffuseColor='0.429842 0.701849 0.540321'/>
					
				</Appearance>
				<IndexedFaceSet solid="false" coordIndex='0 1 2 3 -1'>
					<Coordinate point='2.828579 1.055005 -0.713998 2.746109 1.254106 -0.856798 2.138001 0.976392 -0.856798 2.202209 0.821381 -0.713998'/>
				</IndexedFaceSet>
			</Shape>
			<Shape DEF='_IDX_606'>
				<Appearance DEF='Material_376_IDX_376'>
					<Material diffuseColor='0.429842 0.701849 0.540321'/>
					
				</Appearance>
				<IndexedFaceSet solid="false" coordIndex='0 1 2 3 -1'>
					<Coordinate point='3.568470 1.330970 -0.713998 3.464427 1.582151 -0.856798 2.746109 1.254106 -0.856798 2.828579 1.055005 -0.713998'/>
				</IndexedFaceSet>
			</Shape>
			<Shape DEF='_IDX_607'>
				<Appearance DEF='Material_377_IDX_377'>
					<Material diffuseColor='0.429842 0.701849 0.540321'/>
					
				</Appearance>
				<IndexedFaceSet solid="false" coordIndex='0 1 2 3 -1'>
					<Coordinate point='4.451575 1.660352 -0.713998 4.321785 1.973693 -0.856798 3.464427 1.582151 -0.856798 3.568470 1.330970 -0.713998'/>
				</IndexedFaceSet>
			</Shape>
			<Shape DEF='_IDX_608'>
				<Appearance DEF='Material_378_IDX_378'>
					<Material diffuseColor='0.429842 0.701849 0.540321'/>
					
				</Appearance>
				<IndexedFaceSet solid="false" coordIndex='0 1 2 3 -1'>
					<Coordinate point='5.513339 2.056369 -0.713998 5.352592 2.444447 -0.856798 4.321785 1.973693 -0.856798 4.451575 1.660352 -0.713998'/>
				</IndexedFaceSet>
			</Shape>
			<Shape DEF='_IDX_609'>
				<Appearance DEF='Material_379_IDX_379'>
					<Material diffuseColor='0.429842 0.701849 0.540321'/>
					
				</Appearance>
				<IndexedFaceSet solid="false" coordIndex='0 1 2 3 -1'>
					<Coordinate point='6.796372 2.534916 -0.713998 6.598217 3.013304 -0.856798 5.352592 2.444447 -0.856798 5.513339 2.056369 -0.713998'/>
				</IndexedFaceSet>
			</Shape>
			<Shape DEF='_IDX_610'>
				<Appearance DEF='Material_380_IDX_380'>
					<Material diffuseColor='0.417231 0.693469 0.559479'/>
					
				</Appearance>
				<IndexedFaceSet solid="false" coordIndex='0 1 2 3 -1'>
					<Coordinate point='0.366283 0.167276 -0.856798 0.353417 0.192980 -0.999598 -0.000000 0.000000 -0.999598 -0.000000 0.000000 -0.856798'/>
				</IndexedFaceSet>
			</Shape>
			<Shape DEF='_IDX_611'>
				<Appearance DEF='Material_381_IDX_381'>
					<Material diffuseColor='0.417231 0.693469 0.559479'/>
					
				</Appearance>
				<IndexedFaceSet solid="false" coordIndex='0 1 2 3 -1'>
					<Coordinate point='0.747267 0.341265 -0.856798 0.721017 0.393705 -0.999598 0.353417 0.192980 -0.999598 0.366283 0.167276 -0.856798'/>
				</IndexedFaceSet>
			</Shape>
			<Shape DEF='_IDX_612'>
				<Appearance USE='Material_380_IDX_380'/>
				<IndexedFaceSet solid="false" coordIndex='0 1 2 3 -1'>
					<Coordinate point='1.158241 0.528951 -0.856798 1.117555 0.610231 -0.999598 0.721017 0.393705 -0.999598 0.747267 0.341265 -0.856798'/>
				</IndexedFaceSet>
			</Shape>
			<Shape DEF='_IDX_613'>
				<Appearance DEF='Material_382_IDX_382'>
					<Material diffuseColor='0.417231 0.693469 0.559479'/>
					
				</Appearance>
				<IndexedFaceSet solid="false" coordIndex='0 1 2 3 -1'>
					<Coordinate point='1.615699 0.737865 -0.856798 1.558944 0.851248 -0.999598 1.117555 0.610231 -0.999598 1.158241 0.528951 -0.856798'/>
				</IndexedFaceSet>
			</Shape>
			<Shape DEF='_IDX_614'>
				<Appearance DEF='Material_383_IDX_383'>
					<Material diffuseColor='0.417231 0.693469 0.559479'/>
					
				</Appearance>
				<IndexedFaceSet solid="false" coordIndex='0 1 2 3 -1'>
					<Coordinate point='2.138001 0.976392 -0.856798 2.062899 1.126428 -0.999598 1.558944 0.851248 -0.999598 1.615699 0.737865 -0.856798'/>
				</IndexedFaceSet>
			</Shape>
			<Shape DEF='_IDX_615'>
				<Appearance DEF='Material_384_IDX_384'>
					<Material diffuseColor='0.417231 0.693469 0.559479'/>
					
				</Appearance>
				<IndexedFaceSet solid="false" coordIndex='0 1 2 3 -1'>
					<Coordinate point='2.746109 1.254106 -0.856798 2.649645 1.446816 -0.999598 2.062899 1.126428 -0.999598 2.138001 0.976392 -0.856798'/>
				</IndexedFaceSet>
			</Shape>
			<Shape DEF='_IDX_616'>
				<Appearance DEF='Material_385_IDX_385'>
					<Material diffuseColor='0.417231 0.693469 0.559479'/>
					
				</Appearance>
				<IndexedFaceSet solid="false" coordIndex='0 1 2 3 -1'>
					<Coordinate point='3.464427 1.582151 -0.856798 3.342731 1.825269 -0.999598 2.649645 1.446816 -0.999598 2.746109 1.254106 -0.856798'/>
				</IndexedFaceSet>
			</Shape>
			<Shape DEF='_IDX_617'>
				<Appearance DEF='Material_386_IDX_386'>
					<Material diffuseColor='0.417231 0.693469 0.559479'/>
					
				</Appearance>
				<IndexedFaceSet solid="false" coordIndex='0 1 2 3 -1'>
					<Coordinate point='4.321785 1.973693 -0.856798 4.169972 2.276977 -0.999598 3.342731 1.825269 -0.999598 3.464427 1.582151 -0.856798'/>
				</IndexedFaceSet>
			</Shape>
			<Shape DEF='_IDX_618'>
				<Appearance DEF='Material_387_IDX_387'>
					<Material diffuseColor='0.417231 0.693469 0.559479'/>
					
				</Appearance>
				<IndexedFaceSet solid="false" coordIndex='0 1 2 3 -1'>
					<Coordinate point='5.352592 2.444447 -0.856798 5.164569 2.820068 -0.999598 4.169972 2.276977 -0.999598 4.321785 1.973693 -0.856798'/>
				</IndexedFaceSet>
			</Shape>
			<Shape DEF='_IDX_619'>
				<Appearance DEF='Material_388_IDX_388'>
					<Material diffuseColor='0.417231 0.693469 0.559479'/>
					
				</Appearance>
				<IndexedFaceSet solid="false" coordIndex='0 1 2 3 -1'>
					<Coordinate point='6.598217 3.013304 -0.856798 6.366438 3.476338 -0.999598 5.164569 2.820068 -0.999598 5.352592 2.444447 -0.856798'/>
				</IndexedFaceSet>
			</Shape>
			<Shape DEF='_IDX_620'>
				<Appearance DEF='Material_389_IDX_389'>
					<Material diffuseColor='0.404619 0.685089 0.578638'/>
					
				</Appearance>
				<IndexedFaceSet solid="false" coordIndex='0 1 2 3 -1'>
					<Coordinate point='0.353417 0.192980 -0.999598 0.338749 0.217701 -1.142397 -0.000000 -0.000000 -1.142397 -0.000000 0.000000 -0.999598'/>
				</IndexedFaceSet>
			</Shape>
			<Shape DEF='_IDX_621'>
				<Appearance USE='Material_389_IDX_389'/>
				<IndexedFaceSet solid="false" coordIndex='0 1 2 3 -1'>
					<Coordinate point='0.721017 0.393705 -0.999598 0.691094 0.444139 -1.142397 0.338749 0.217701 -1.142397 0.353417 0.192980 -0.999598'/>
				</IndexedFaceSet>
			</Shape>
			<Shape DEF='_IDX_622'>
				<Appearance DEF='Material_390_IDX_390'>
					<Material diffuseColor='0.404619 0.685089 0.578638'/>
					
				</Appearance>
				<IndexedFaceSet solid="false" coordIndex='0 1 2 3 -1'>
					<Coordinate point='1.117555 0.610231 -0.999598 1.071174 0.688402 -1.142397 0.691094 0.444139 -1.142397 0.721017 0.393705 -0.999598'/>
				</IndexedFaceSet>
			</Shape>
			<Shape DEF='_IDX_623'>
				<Appearance DEF='Material_391_IDX_391'>
					<Material diffuseColor='0.404619 0.685089 0.578638'/>
					
				</Appearance>
				<IndexedFaceSet solid="false" coordIndex='0 1 2 3 -1'>
					<Coordinate point='1.558944 0.851248 -0.999598 1.494245 0.960293 -1.142397 1.071174 0.688402 -1.142397 1.117555 0.610231 -0.999598'/>
				</IndexedFaceSet>
			</Shape>
			<Shape DEF='_IDX_624'>
				<Appearance DEF='Material_392_IDX_392'>
					<Material diffuseColor='0.404619 0.685089 0.578638'/>
					
				</Appearance>
				<IndexedFaceSet solid="false" coordIndex='0 1 2 3 -1'>
					<Coordinate point='2.062899 1.126428 -0.999598 1.977284 1.270723 -1.142397 1.494245 0.960293 -1.142397 1.558944 0.851248 -0.999598'/>
				</IndexedFaceSet>
			</Shape>
			<Shape DEF='_IDX_625'>
				<Appearance DEF='Material_393_IDX_393'>
					<Material diffuseColor='0.404619 0.685089 0.578638'/>
					
				</Appearance>
				<IndexedFaceSet solid="false" coordIndex='0 1 2 3 -1'>
					<Coordinate point='2.649645 1.446816 -0.999598 2.539679 1.632153 -1.142397 1.977284 1.270723 -1.142397 2.062899 1.126428 -0.999598'/>
				</IndexedFaceSet>
			</Shape>
			<Shape DEF='_IDX_626'>
				<Appearance DEF='Material_394_IDX_394'>
					<Material diffuseColor='0.404619 0.685089 0.578638'/>
					
				</Appearance>
				<IndexedFaceSet solid="false" coordIndex='0 1 2 3 -1'>
					<Coordinate point='3.342731 1.825269 -0.999598 3.204001 2.059086 -1.142397 2.539679 1.632153 -1.142397 2.649645 1.446816 -0.999598'/>
				</IndexedFaceSet>
			</Shape>
			<Shape DEF='_IDX_627'>
				<Appearance DEF='Material_395_IDX_395'>
					<Material diffuseColor='0.404619 0.685089 0.578638'/>
					
				</Appearance>
				<IndexedFaceSet solid="false" coordIndex='0 1 2 3 -1'>
					<Coordinate point='4.169972 2.276977 -0.999598 3.996910 2.568658 -1.142397 3.204001 2.059086 -1.142397 3.342731 1.825269 -0.999598'/>
				</IndexedFaceSet>
			</Shape>
			<Shape DEF='_IDX_628'>
				<Appearance DEF='Material_396_IDX_396'>
					<Material diffuseColor='0.404619 0.685089 0.578638'/>
					
				</Appearance>
				<IndexedFaceSet solid="false" coordIndex='0 1 2 3 -1'>
					<Coordinate point='5.164569 2.820068 -0.999598 4.950229 3.181319 -1.142397 3.996910 2.568658 -1.142397 4.169972 2.276977 -0.999598'/>
				</IndexedFaceSet>
			</Shape>
			<Shape DEF='_IDX_629'>
				<Appearance DEF='Material_397_IDX_397'>
					<Material diffuseColor='0.404619 0.685089 0.578638'/>
					
				</Appearance>
				<IndexedFaceSet solid="false" coordIndex='0 1 2 3 -1'>
					<Coordinate point='6.366438 3.476338 -0.999598 6.102218 3.921658 -1.142397 4.950229 3.181319 -1.142397 5.164569 2.820068 -0.999598'/>
				</IndexedFaceSet>
			</Shape>
			<Shape DEF='_IDX_630'>
				<Appearance DEF='Material_398_IDX_398'>
					<Material diffuseColor='0.392008 0.676709 0.597796'/>
					
				</Appearance>
				<IndexedFaceSet solid="false" coordIndex='0 1 2 3 -1'>
					<Coordinate point='0.338749 0.217701 -1.142397 0.322356 0.241312 -1.285197 -0.000000 0.000000 -1.285197 -0.000000 -0.000000 -1.142397'/>
				</IndexedFaceSet>
			</Shape>
			<Shape DEF='_IDX_631'>
				<Appearance DEF='Material_399_IDX_399'>
					<Material diffuseColor='0.392008 0.676709 0.597796'/>
					
				</Appearance>
				<IndexedFaceSet solid="false" coordIndex='0 1 2 3 -1'>
					<Coordinate point='0.691094 0.444139 -1.142397 0.657648 0.492309 -1.285197 0.322356 0.241312 -1.285197 0.338749 0.217701 -1.142397'/>
				</IndexedFaceSet>
			</Shape>
			<Shape DEF='_IDX_632'>
				<Appearance DEF='Material_400_IDX_400'>
					<Material diffuseColor='0.392008 0.676709 0.597796'/>
					
				</Appearance>
				<IndexedFaceSet solid="false" coordIndex='0 1 2 3 -1'>
					<Coordinate point='1.071174 0.688402 -1.142397 1.019335 0.763065 -1.285197 0.657648 0.492309 -1.285197 0.691094 0.444139 -1.142397'/>
				</IndexedFaceSet>
			</Shape>
			<Shape DEF='_IDX_633'>
				<Appearance DEF='Material_401_IDX_401'>
					<Material diffuseColor='0.392008 0.676709 0.597796'/>
					
				</Appearance>
				<IndexedFaceSet solid="false" coordIndex='0 1 2 3 -1'>
					<Coordinate point='1.494245 0.960293 -1.142397 1.421931 1.064444 -1.285197 1.019335 0.763065 -1.285197 1.071174 0.688402 -1.142397'/>
				</IndexedFaceSet>
			</Shape>
			<Shape DEF='_IDX_634'>
				<Appearance DEF='Material_402_IDX_402'>
					<Material diffuseColor='0.392008 0.676709 0.597796'/>
					
				</Appearance>
				<IndexedFaceSet solid="false" coordIndex='0 1 2 3 -1'>
					<Coordinate point='1.977284 1.270723 -1.142397 1.881594 1.408544 -1.285197 1.421931 1.064444 -1.285197 1.494245 0.960293 -1.142397'/>
				</IndexedFaceSet>
			</Shape>
			<Shape DEF='_IDX_635'>
				<Appearance DEF='Material_403_IDX_403'>
					<Material diffuseColor='0.392008 0.676709 0.597796'/>
					
				</Appearance>
				<IndexedFaceSet solid="false" coordIndex='0 1 2 3 -1'>
					<Coordinate point='2.539679 1.632153 -1.142397 2.416772 1.809173 -1.285197 1.881594 1.408544 -1.285197 1.977284 1.270723 -1.142397'/>
				</IndexedFaceSet>
			</Shape>
			<Shape DEF='_IDX_636'>
				<Appearance DEF='Material_404_IDX_404'>
					<Material diffuseColor='0.392008 0.676709 0.597796'/>
					
				</Appearance>
				<IndexedFaceSet solid="false" coordIndex='0 1 2 3 -1'>
					<Coordinate point='3.204001 2.059086 -1.142397 3.048944 2.282411 -1.285197 2.416772 1.809173 -1.285197 2.539679 1.632153 -1.142397'/>
				</IndexedFaceSet>
			</Shape>
			<Shape DEF='_IDX_637'>
				<Appearance DEF='Material_405_IDX_405'>
					<Material diffuseColor='0.392008 0.676709 0.597796'/>
					
				</Appearance>
				<IndexedFaceSet solid="false" coordIndex='0 1 2 3 -1'>
					<Coordinate point='3.996910 2.568658 -1.142397 3.803480 2.847250 -1.285197 3.048944 2.282411 -1.285197 3.204001 2.059086 -1.142397'/>
				</IndexedFaceSet>
			</Shape>
			<Shape DEF='_IDX_638'>
				<Appearance DEF='Material_406_IDX_406'>
					<Material diffuseColor='0.392008 0.676709 0.597796'/>
					
				</Appearance>
				<IndexedFaceSet solid="false" coordIndex='0 1 2 3 -1'>
					<Coordinate point='4.950229 3.181319 -1.142397 4.710664 3.526359 -1.285197 3.803480 2.847250 -1.285197 3.996910 2.568658 -1.142397'/>
				</IndexedFaceSet>
			</Shape>
			<Shape DEF='_IDX_639'>
				<Appearance DEF='Material_407_IDX_407'>
					<Material diffuseColor='0.392008 0.676709 0.597796'/>
					
				</Appearance>
				<IndexedFaceSet solid="false" coordIndex='0 1 2 3 -1'>
					<Coordinate point='6.102218 3.921658 -1.142397 5.806903 4.346993 -1.285197 4.710664 3.526359 -1.285197 4.950229 3.181319 -1.142397'/>
				</IndexedFaceSet>
			</Shape>
			<Shape DEF='_IDX_640'>
				<Appearance DEF='Material_408_IDX_408'>
					<Material diffuseColor='0.379397 0.668329 0.616954'/>
					
				</Appearance>
				<IndexedFaceSet solid="false" coordIndex='0 1 2 3 -1'>
					<Coordinate point='0.322356 0.241312 -1.285197 0.304319 0.263694 -1.427997 -0.000000 0.000000 -1.427997 -0.000000 0.000000 -1.285197'/>
				</IndexedFaceSet>
			</Shape>
			<Shape DEF='_IDX_641'>
				<Appearance DEF='Material_409_IDX_409'>
					<Material diffuseColor='0.379397 0.668329 0.616954'/>
					
				</Appearance>
				<IndexedFaceSet solid="false" coordIndex='0 1 2 3 -1'>
					<Coordinate point='0.657648 0.492309 -1.285197 0.620852 0.537971 -1.427997 0.304319 0.263694 -1.427997 0.322356 0.241312 -1.285197'/>
				</IndexedFaceSet>
			</Shape>
			<Shape DEF='_IDX_642'>
				<Appearance DEF='Material_410_IDX_410'>
					<Material diffuseColor='0.379397 0.668329 0.616954'/>
					
				</Appearance>
				<IndexedFaceSet solid="false" coordIndex='0 1 2 3 -1'>
					<Coordinate point='1.019335 0.763065 -1.285197 0.962301 0.833839 -1.427997 0.620852 0.537971 -1.427997 0.657648 0.492309 -1.285197'/>
				</IndexedFaceSet>
			</Shape>
			<Shape DEF='_IDX_643'>
				<Appearance DEF='Material_411_IDX_411'>
					<Material diffuseColor='0.379397 0.668329 0.616954'/>
					
				</Appearance>
				<IndexedFaceSet solid="false" coordIndex='0 1 2 3 -1'>
					<Coordinate point='1.421931 1.064444 -1.285197 1.342371 1.163172 -1.427997 0.962301 0.833839 -1.427997 1.019335 0.763065 -1.285197'/>
				</IndexedFaceSet>
			</Shape>
			<Shape DEF='_IDX_644'>
				<Appearance DEF='Material_412_IDX_412'>
					<Material diffuseColor='0.379397 0.668329 0.616954'/>
					
				</Appearance>
				<IndexedFaceSet solid="false" coordIndex='0 1 2 3 -1'>
					<Coordinate point='1.881594 1.408544 -1.285197 1.776316 1.539186 -1.427997 1.342371 1.163172 -1.427997 1.421931 1.064444 -1.285197'/>
				</IndexedFaceSet>
			</Shape>
			<Shape DEF='_IDX_645'>
				<Appearance DEF='Material_413_IDX_413'>
					<Material diffuseColor='0.379397 0.668329 0.616954'/>
					
				</Appearance>
				<IndexedFaceSet solid="false" coordIndex='0 1 2 3 -1'>
					<Coordinate point='2.416772 1.809173 -1.285197 2.281549 1.976974 -1.427997 1.776316 1.539186 -1.427997 1.881594 1.408544 -1.285197'/>
				</IndexedFaceSet>
			</Shape>
			<Shape DEF='_IDX_646'>
				<Appearance DEF='Material_414_IDX_414'>
					<Material diffuseColor='0.379397 0.668329 0.616954'/>
					
				</Appearance>
				<IndexedFaceSet solid="false" coordIndex='0 1 2 3 -1'>
					<Coordinate point='3.048944 2.282411 -1.285197 2.878350 2.494105 -1.427997 2.281549 1.976974 -1.427997 2.416772 1.809173 -1.285197'/>
				</IndexedFaceSet>
			</Shape>
			<Shape DEF='_IDX_647'>
				<Appearance DEF='Material_415_IDX_415'>
					<Material diffuseColor='0.379397 0.668329 0.616954'/>
					
				</Appearance>
				<IndexedFaceSet solid="false" coordIndex='0 1 2 3 -1'>
					<Coordinate point='3.803480 2.847250 -1.285197 3.590669 3.111332 -1.427997 2.878350 2.494105 -1.427997 3.048944 2.282411 -1.285197'/>
				</IndexedFaceSet>
			</Shape>
			<Shape DEF='_IDX_648'>
				<Appearance DEF='Material_416_IDX_416'>
					<Material diffuseColor='0.379397 0.668329 0.616954'/>
					
				</Appearance>
				<IndexedFaceSet solid="false" coordIndex='0 1 2 3 -1'>
					<Coordinate point='4.710664 3.526359 -1.285197 4.447094 3.853429 -1.427997 3.590669 3.111332 -1.427997 3.803480 2.847250 -1.285197'/>
				</IndexedFaceSet>
			</Shape>
			<Shape DEF='_IDX_649'>
				<Appearance DEF='Material_417_IDX_417'>
					<Material diffuseColor='0.379397 0.668329 0.616954'/>
					
				</Appearance>
				<IndexedFaceSet solid="false" coordIndex='0 1 2 3 -1'>
					<Coordinate point='5.806903 4.346993 -1.285197 5.481997 4.750177 -1.427997 4.447094 3.853429 -1.427997 4.710664 3.526359 -1.285197'/>
				</IndexedFaceSet>
			</Shape>
			<Shape DEF='_IDX_650'>
				<Appearance DEF='Material_418_IDX_418'>
					<Material diffuseColor='0.366786 0.659949 0.636113'/>
					
				</Appearance>
				<IndexedFaceSet solid="false" coordIndex='0 1 2 3 -1'>
					<Coordinate point='0.304319 0.263694 -1.427997 0.284732 0.284732 -1.570796 0.000000 0.000000 -1.570796 -0.000000 0.000000 -1.427997'/>
				</IndexedFaceSet>
			</Shape>
			<Shape DEF='_IDX_651'>
				<Appearance DEF='Material_419_IDX_419'>
					<Material diffuseColor='0.366786 0.659949 0.636113'/>
					
				</Appearance>
				<IndexedFaceSet solid="false" coordIndex='0 1 2 3 -1'>
					<Coordinate point='0.620852 0.537971 -1.427997 0.580891 0.580891 -1.570796 0.284732 0.284732 -1.570796 0.304319 0.263694 -1.427997'/>
				</IndexedFaceSet>
			</Shape>
			<Shape DEF='_IDX_652'>
				<Appearance DEF='Material_420_IDX_420'>
					<Material diffuseColor='0.366786 0.659949 0.636113'/>
					
				</Appearance>
				<IndexedFaceSet solid="false" coordIndex='0 1 2 3 -1'>
					<Coordinate point='0.962301 0.833839 -1.427997 0.900364 0.900364 -1.570796 0.580891 0.580891 -1.570796 0.620852 0.537971 -1.427997'/>
				</IndexedFaceSet>
			</Shape>
			<Shape DEF='_IDX_653'>
				<Appearance DEF='Material_421_IDX_421'>
					<Material diffuseColor='0.366786 0.659949 0.636113'/>
					
				</Appearance>
				<IndexedFaceSet solid="false" coordIndex='0 1 2 3 -1'>
					<Coordinate point='1.342371 1.163172 -1.427997 1.255972 1.255972 -1.570796 0.900364 0.900364 -1.570796 0.962301 0.833839 -1.427997'/>
				</IndexedFaceSet>
			</Shape>
			<Shape DEF='_IDX_654'>
				<Appearance DEF='Material_422_IDX_422'>
					<Material diffuseColor='0.366786 0.659949 0.636113'/>
					
				</Appearance>
				<IndexedFaceSet solid="false" coordIndex='0 1 2 3 -1'>
					<Coordinate point='1.776316 1.539186 -1.427997 1.661986 1.661986 -1.570796 1.255972 1.255972 -1.570796 1.342371 1.163172 -1.427997'/>
				</IndexedFaceSet>
			</Shape>
			<Shape DEF='_IDX_655'>
				<Appearance DEF='Material_423_IDX_423'>
					<Material diffuseColor='0.366786 0.659949 0.636113'/>
					
				</Appearance>
				<IndexedFaceSet solid="false" coordIndex='0 1 2 3 -1'>
					<Coordinate point='2.281549 1.976974 -1.427997 2.134701 2.134701 -1.570796 1.661986 1.661986 -1.570796 1.776316 1.539186 -1.427997'/>
				</IndexedFaceSet>
			</Shape>
			<Shape DEF='_IDX_656'>
				<Appearance DEF='Material_424_IDX_424'>
					<Material diffuseColor='0.366786 0.659949 0.636113'/>
					
				</Appearance>
				<IndexedFaceSet solid="false" coordIndex='0 1 2 3 -1'>
					<Coordinate point='2.878350 2.494105 -1.427997 2.693089 2.693089 -1.570796 2.134701 2.134701 -1.570796 2.281549 1.976974 -1.427997'/>
				</IndexedFaceSet>
			</Shape>
			<Shape DEF='_IDX_657'>
				<Appearance DEF='Material_425_IDX_425'>
					<Material diffuseColor='0.366786 0.659949 0.636113'/>
					
				</Appearance>
				<IndexedFaceSet solid="false" coordIndex='0 1 2 3 -1'>
					<Coordinate point='3.590669 3.111332 -1.427997 3.359560 3.359560 -1.570796 2.693089 2.693089 -1.570796 2.878350 2.494105 -1.427997'/>
				</IndexedFaceSet>
			</Shape>
			<Shape DEF='_IDX_658'>
				<Appearance DEF='Material_426_IDX_426'>
					<Material diffuseColor='0.366786 0.659949 0.636113'/>
					
				</Appearance>
				<IndexedFaceSet solid="false" coordIndex='0 1 2 3 -1'>
					<Coordinate point='4.447094 3.853429 -1.427997 4.160863 4.160863 -1.570796 3.359560 3.359560 -1.570796 3.590669 3.111332 -1.427997'/>
				</IndexedFaceSet>
			</Shape>
			<Shape DEF='_IDX_659'>
				<Appearance DEF='Material_427_IDX_427'>
					<Material diffuseColor='0.366786 0.659949 0.636113'/>
					
				</Appearance>
				<IndexedFaceSet solid="false" coordIndex='0 1 2 3 -1'>
					<Coordinate point='5.481997 4.750177 -1.427997 5.129155 5.129155 -1.570796 4.160863 4.160863 -1.570796 4.447094 3.853429 -1.427997'/>
				</IndexedFaceSet>
			</Shape>
			<Shape DEF='_IDX_660'>
				<Appearance USE='Material_216_IDX_216'/>
				<IndexedFaceSet solid="false" coordIndex='0 1 2 3 -1'>
					<Coordinate point='0.000000 -5.884348 -3.141593 -0.419785 -5.869356 -2.998793 -0.517475 -7.235239 -2.998793 0.000000 -7.253721 -3.141593'/>
				</IndexedFaceSet>
			</Shape>
			<Shape DEF='_IDX_661'>
				<Appearance USE='Material_217_IDX_217'/>
				<IndexedFaceSet solid="false" coordIndex='0 1 2 3 -1'>
					<Coordinate point='-0.000000 -4.751136 -3.141593 -0.338942 -4.739030 -2.998793 -0.419785 -5.869356 -2.998793 0.000000 -5.884348 -3.141593'/>
				</IndexedFaceSet>
			</Shape>
			<Shape DEF='_IDX_662'>
				<Appearance USE='Material_216_IDX_216'/>
				<IndexedFaceSet solid="false" coordIndex='0 1 2 3 -1'>
					<Coordinate point='-0.000000 -3.808603 -3.141593 -0.271703 -3.798899 -2.998793 -0.338942 -4.739030 -2.998793 -0.000000 -4.751136 -3.141593'/>
				</IndexedFaceSet>
			</Shape>
			<Shape DEF='_IDX_663'>
				<Appearance USE='Material_218_IDX_218'/>
				<IndexedFaceSet solid="false" coordIndex='0 1 2 3 -1'>
					<Coordinate point='0.000000 -3.018923 -3.141593 -0.215367 -3.011231 -2.998793 -0.271703 -3.798899 -2.998793 -0.000000 -3.808603 -3.141593'/>
				</IndexedFaceSet>
			</Shape>
			<Shape DEF='_IDX_664'>
				<Appearance USE='Material_219_IDX_219'/>
				<IndexedFaceSet solid="false" coordIndex='0 1 2 3 -1'>
					<Coordinate point='-0.000000 -2.350402 -3.141593 -0.167676 -2.344414 -2.998793 -0.215367 -3.011231 -2.998793 0.000000 -3.018923 -3.141593'/>
				</IndexedFaceSet>
			</Shape>
			<Shape DEF='_IDX_665'>
				<Appearance USE='Material_220_IDX_220'/>
				<IndexedFaceSet solid="false" coordIndex='0 1 2 3 -1'>
					<Coordinate point='-0.000000 -1.776212 -3.141593 -0.126714 -1.771686 -2.998793 -0.167676 -2.344414 -2.998793 -0.000000 -2.350402 -3.141593'/>
				</IndexedFaceSet>
			</Shape>
			<Shape DEF='_IDX_666'>
				<Appearance USE='Material_221_IDX_221'/>
				<IndexedFaceSet solid="false" coordIndex='0 1 2 3 -1'>
					<Coordinate point='-0.000000 -1.273307 -3.141593 -0.090837 -1.270063 -2.998793 -0.126714 -1.771686 -2.998793 -0.000000 -1.776212 -3.141593'/>
				</IndexedFaceSet>
			</Shape>
			<Shape DEF='_IDX_667'>
				<Appearance USE='Material_222_IDX_222'/>
				<IndexedFaceSet solid="false" coordIndex='0 1 2 3 -1'>
					<Coordinate point='0.000000 -0.821505 -3.141593 -0.058605 -0.819412 -2.998793 -0.090837 -1.270063 -2.998793 -0.000000 -1.273307 -3.141593'/>
				</IndexedFaceSet>
			</Shape>
			<Shape DEF='_IDX_668'>
				<Appearance USE='Material_223_IDX_223'/>
				<IndexedFaceSet solid="false" coordIndex='0 1 2 3 -1'>
					<Coordinate point='-0.000000 -0.402672 -3.141593 -0.028726 -0.401646 -2.998793 -0.058605 -0.819412 -2.998793 0.000000 -0.821505 -3.141593'/>
				</IndexedFaceSet>
			</Shape>
			<Shape DEF='_IDX_669'>
				<Appearance USE='Material_224_IDX_224'/>
				<IndexedFaceSet solid="false" coordIndex='0 1 2 3 -1'>
					<Coordinate point='-0.000000 0.000000 -3.141593 -0.000000 0.000000 -2.998793 -0.028726 -0.401646 -2.998793 -0.000000 -0.402672 -3.141593'/>
				</IndexedFaceSet>
			</Shape>
			<Shape DEF='_IDX_670'>
				<Appearance USE='Material_225_IDX_225'/>
				<IndexedFaceSet solid="false" coordIndex='0 1 2 3 -1'>
					<Coordinate point='-0.419785 -5.869356 -2.998793 -0.837430 -5.824454 -2.855993 -1.032312 -7.179888 -2.855993 -0.517475 -7.235239 -2.998793'/>
				</IndexedFaceSet>
			</Shape>
			<Shape DEF='_IDX_671'>
				<Appearance USE='Material_226_IDX_226'/>
				<IndexedFaceSet solid="false" coordIndex='0 1 2 3 -1'>
					<Coordinate point='-0.338942 -4.739030 -2.998793 -0.676157 -4.702776 -2.855993 -0.837430 -5.824454 -2.855993 -0.419785 -5.869356 -2.998793'/>
				</IndexedFaceSet>
			</Shape>
			<Shape DEF='_IDX_672'>
				<Appearance USE='Material_227_IDX_227'/>
				<IndexedFaceSet solid="false" coordIndex='0 1 2 3 -1'>
					<Coordinate point='-0.271703 -3.798899 -2.998793 -0.542021 -3.769837 -2.855993 -0.676157 -4.702776 -2.855993 -0.338942 -4.739030 -2.998793'/>
				</IndexedFaceSet>
			</Shape>
			<Shape DEF='_IDX_673'>
				<Appearance USE='Material_228_IDX_228'/>
				<IndexedFaceSet solid="false" coordIndex='0 1 2 3 -1'>
					<Coordinate point='-0.215367 -3.011231 -2.998793 -0.429637 -2.988194 -2.855993 -0.542021 -3.769837 -2.855993 -0.271703 -3.798899 -2.998793'/>
				</IndexedFaceSet>
			</Shape>
			<Shape DEF='_IDX_674'>
				<Appearance USE='Material_229_IDX_229'/>
				<IndexedFaceSet solid="false" coordIndex='0 1 2 3 -1'>
					<Coordinate point='-0.167676 -2.344414 -2.998793 -0.334497 -2.326479 -2.855993 -0.429637 -2.988194 -2.855993 -0.215367 -3.011231 -2.998793'/>
				</IndexedFaceSet>
			</Shape>
			<Shape DEF='_IDX_675'>
				<Appearance USE='Material_230_IDX_230'/>
				<IndexedFaceSet solid="false" coordIndex='0 1 2 3 -1'>
					<Coordinate point='-0.126714 -1.771686 -2.998793 -0.252781 -1.758133 -2.855993 -0.334497 -2.326479 -2.855993 -0.167676 -2.344414 -2.998793'/>
				</IndexedFaceSet>
			</Shape>
			<Shape DEF='_IDX_676'>
				<Appearance USE='Material_231_IDX_231'/>
				<IndexedFaceSet solid="false" coordIndex='0 1 2 3 -1'>
					<Coordinate point='-0.090837 -1.270063 -2.998793 -0.181211 -1.260347 -2.855993 -0.252781 -1.758133 -2.855993 -0.126714 -1.771686 -2.998793'/>
				</IndexedFaceSet>
			</Shape>
			<Shape DEF='_IDX_677'>
				<Appearance USE='Material_232_IDX_232'/>
				<IndexedFaceSet solid="false" coordIndex='0 1 2 3 -1'>
					<Coordinate point='-0.058605 -0.819412 -2.998793 -0.116912 -0.813143 -2.855993 -0.181211 -1.260347 -2.855993 -0.090837 -1.270063 -2.998793'/>
				</IndexedFaceSet>
			</Shape>
			<Shape DEF='_IDX_678'>
				<Appearance USE='Material_233_IDX_233'/>
				<IndexedFaceSet solid="false" coordIndex='0 1 2 3 -1'>
					<Coordinate point='-0.028726 -0.401646 -2.998793 -0.057306 -0.398573 -2.855993 -0.116912 -0.813143 -2.855993 -0.058605 -0.819412 -2.998793'/>
				</IndexedFaceSet>
			</Shape>
			<Shape DEF='_IDX_679'>
				<Appearance USE='Material_234_IDX_234'/>
				<IndexedFaceSet solid="false" coordIndex='0 1 2 3 -1'>
					<Coordinate point='-0.000000 0.000000 -2.998793 0.000000 -0.000000 -2.855993 -0.057306 -0.398573 -2.855993 -0.028726 -0.401646 -2.998793'/>
				</IndexedFaceSet>
			</Shape>
			<Shape DEF='_IDX_680'>
				<Appearance USE='Material_235_IDX_235'/>
				<IndexedFaceSet solid="false" coordIndex='0 1 2 3 -1'>
					<Coordinate point='-0.837430 -5.824454 -2.855993 -1.250808 -5.749873 -2.713194 -1.541889 -7.087951 -2.713194 -1.032312 -7.179888 -2.855993'/>
				</IndexedFaceSet>
			</Shape>
			<Shape DEF='_IDX_681'>
				<Appearance USE='Material_236_IDX_236'/>
				<IndexedFaceSet solid="false" coordIndex='0 1 2 3 -1'>
					<Coordinate point='-0.676157 -4.702776 -2.855993 -1.009927 -4.642558 -2.713194 -1.250808 -5.749873 -2.713194 -0.837430 -5.824454 -2.855993'/>
				</IndexedFaceSet>
			</Shape>
			<Shape DEF='_IDX_682'>
				<Appearance USE='Material_237_IDX_237'/>
				<IndexedFaceSet solid="false" coordIndex='0 1 2 3 -1'>
					<Coordinate point='-0.542021 -3.769837 -2.855993 -0.809577 -3.721565 -2.713194 -1.009927 -4.642558 -2.713194 -0.676157 -4.702776 -2.855993'/>
				</IndexedFaceSet>
			</Shape>
			<Shape DEF='_IDX_683'>
				<Appearance USE='Material_238_IDX_238'/>
				<IndexedFaceSet solid="false" coordIndex='0 1 2 3 -1'>
					<Coordinate point='-0.429637 -2.988194 -2.855993 -0.641718 -2.949931 -2.713194 -0.809577 -3.721565 -2.713194 -0.542021 -3.769837 -2.855993'/>
				</IndexedFaceSet>
			</Shape>
			<Shape DEF='_IDX_684'>
				<Appearance USE='Material_239_IDX_239'/>
				<IndexedFaceSet solid="false" coordIndex='0 1 2 3 -1'>
					<Coordinate point='-0.334497 -2.326479 -2.855993 -0.499614 -2.296688 -2.713194 -0.641718 -2.949931 -2.713194 -0.429637 -2.988194 -2.855993'/>
				</IndexedFaceSet>
			</Shape>
			<Shape DEF='_IDX_685'>
				<Appearance USE='Material_240_IDX_240'/>
				<IndexedFaceSet solid="false" coordIndex='0 1 2 3 -1'>
					<Coordinate point='-0.252781 -1.758133 -2.855993 -0.377561 -1.735620 -2.713194 -0.499614 -2.296688 -2.713194 -0.334497 -2.326479 -2.855993'/>
				</IndexedFaceSet>
			</Shape>
			<Shape DEF='_IDX_686'>
				<Appearance USE='Material_241_IDX_241'/>
				<IndexedFaceSet solid="false" coordIndex='0 1 2 3 -1'>
					<Coordinate point='-0.181211 -1.260347 -2.855993 -0.270661 -1.244208 -2.713194 -0.377561 -1.735620 -2.713194 -0.252781 -1.758133 -2.855993'/>
				</IndexedFaceSet>
			</Shape>
			<Shape DEF='_IDX_687'>
				<Appearance USE='Material_242_IDX_242'/>
				<IndexedFaceSet solid="false" coordIndex='0 1 2 3 -1'>
					<Coordinate point='-0.116912 -0.813143 -2.855993 -0.174623 -0.802731 -2.713194 -0.270661 -1.244208 -2.713194 -0.181211 -1.260347 -2.855993'/>
				</IndexedFaceSet>
			</Shape>
			<Shape DEF='_IDX_688'>
				<Appearance USE='Material_243_IDX_243'/>
				<IndexedFaceSet solid="false" coordIndex='0 1 2 3 -1'>
					<Coordinate point='-0.057306 -0.398573 -2.855993 -0.085594 -0.393470 -2.713194 -0.174623 -0.802731 -2.713194 -0.116912 -0.813143 -2.855993'/>
				</IndexedFaceSet>
			</Shape>
			<Shape DEF='_IDX_689'>
				<Appearance USE='Material_244_IDX_244'/>
				<IndexedFaceSet solid="false" coordIndex='0 1 2 3 -1'>
					<Coordinate point='0.000000 -0.000000 -2.855993 -0.000000 0.000000 -2.713194 -0.085594 -0.393470 -2.713194 -0.057306 -0.398573 -2.855993'/>
				</IndexedFaceSet>
			</Shape>
			<Shape DEF='_IDX_690'>
				<Appearance USE='Material_245_IDX_245'/>
				<IndexedFaceSet solid="false" coordIndex='0 1 2 3 -1'>
					<Coordinate point='-1.250808 -5.749873 -2.713194 -1.657813 -5.645991 -2.570394 -2.043609 -6.959894 -2.570394 -1.541889 -7.087951 -2.713194'/>
				</IndexedFaceSet>
			</Shape>
			<Shape DEF='_IDX_691'>
				<Appearance USE='Material_246_IDX_246'/>
				<IndexedFaceSet solid="false" coordIndex='0 1 2 3 -1'>
					<Coordinate point='-1.009927 -4.642558 -2.713194 -1.338550 -4.558681 -2.570394 -1.657813 -5.645991 -2.570394 -1.250808 -5.749873 -2.713194'/>
				</IndexedFaceSet>
			</Shape>
			<Shape DEF='_IDX_692'>
				<Appearance USE='Material_247_IDX_247'/>
				<IndexedFaceSet solid="false" coordIndex='0 1 2 3 -1'>
					<Coordinate point='-0.809577 -3.721565 -2.713194 -1.073007 -3.654328 -2.570394 -1.338550 -4.558681 -2.570394 -1.009927 -4.642558 -2.713194'/>
				</IndexedFaceSet>
			</Shape>
			<Shape DEF='_IDX_693'>
				<Appearance USE='Material_248_IDX_248'/>
				<IndexedFaceSet solid="false" coordIndex='0 1 2 3 -1'>
					<Coordinate point='-0.641718 -2.949931 -2.713194 -0.850529 -2.896635 -2.570394 -1.073007 -3.654328 -2.570394 -0.809577 -3.721565 -2.713194'/>
				</IndexedFaceSet>
			</Shape>
			<Shape DEF='_IDX_694'>
				<Appearance USE='Material_249_IDX_249'/>
				<IndexedFaceSet solid="false" coordIndex='0 1 2 3 -1'>
					<Coordinate point='-0.499614 -2.296688 -2.713194 -0.662185 -2.255195 -2.570394 -0.850529 -2.896635 -2.570394 -0.641718 -2.949931 -2.713194'/>
				</IndexedFaceSet>
			</Shape>
			<Shape DEF='_IDX_695'>
				<Appearance USE='Material_250_IDX_250'/>
				<IndexedFaceSet solid="false" coordIndex='0 1 2 3 -1'>
					<Coordinate point='-0.377561 -1.735620 -2.713194 -0.500417 -1.704263 -2.570394 -0.662185 -2.255195 -2.570394 -0.499614 -2.296688 -2.713194'/>
				</IndexedFaceSet>
			</Shape>
			<Shape DEF='_IDX_696'>
				<Appearance USE='Material_251_IDX_251'/>
				<IndexedFaceSet solid="false" coordIndex='0 1 2 3 -1'>
					<Coordinate point='-0.270661 -1.244208 -2.713194 -0.358732 -1.221729 -2.570394 -0.500417 -1.704263 -2.570394 -0.377561 -1.735620 -2.713194'/>
				</IndexedFaceSet>
			</Shape>
			<Shape DEF='_IDX_697'>
				<Appearance USE='Material_252_IDX_252'/>
				<IndexedFaceSet solid="false" coordIndex='0 1 2 3 -1'>
					<Coordinate point='-0.174623 -0.802731 -2.713194 -0.231445 -0.788228 -2.570394 -0.358732 -1.221729 -2.570394 -0.270661 -1.244208 -2.713194'/>
				</IndexedFaceSet>
			</Shape>
			<Shape DEF='_IDX_698'>
				<Appearance USE='Material_253_IDX_253'/>
				<IndexedFaceSet solid="false" coordIndex='0 1 2 3 -1'>
					<Coordinate point='-0.085594 -0.393470 -2.713194 -0.113446 -0.386361 -2.570394 -0.231445 -0.788228 -2.570394 -0.174623 -0.802731 -2.713194'/>
				</IndexedFaceSet>
			</Shape>
			<Shape DEF='_IDX_699'>
				<Appearance USE='Material_254_IDX_254'/>
				<IndexedFaceSet solid="false" coordIndex='0 1 2 3 -1'>
					<Coordinate point='-0.000000 0.000000 -2.713194 -0.000000 0.000000 -2.570394 -0.113446 -0.386361 -2.570394 -0.085594 -0.393470 -2.713194'/>
				</IndexedFaceSet>
			</Shape>
			<Shape DEF='_IDX_700'>
				<Appearance USE='Material_255_IDX_255'/>
				<IndexedFaceSet solid="false" coordIndex='0 1 2 3 -1'>
					<Coordinate point='-1.657813 -5.645991 -2.570394 -2.056369 -5.513339 -2.427594 -2.534916 -6.796372 -2.427594 -2.043609 -6.959894 -2.570394'/>
				</IndexedFaceSet>
			</Shape>
			<Shape DEF='_IDX_701'>
				<Appearance USE='Material_256_IDX_256'/>
				<IndexedFaceSet solid="false" coordIndex='0 1 2 3 -1'>
					<Coordinate point='-1.338550 -4.558681 -2.570394 -1.660352 -4.451575 -2.427594 -2.056369 -5.513339 -2.427594 -1.657813 -5.645991 -2.570394'/>
				</IndexedFaceSet>
			</Shape>
			<Shape DEF='_IDX_702'>
				<Appearance USE='Material_257_IDX_257'/>
				<IndexedFaceSet solid="false" coordIndex='0 1 2 3 -1'>
					<Coordinate point='-1.073007 -3.654328 -2.570394 -1.330970 -3.568470 -2.427594 -1.660352 -4.451575 -2.427594 -1.338550 -4.558681 -2.570394'/>
				</IndexedFaceSet>
			</Shape>
			<Shape DEF='_IDX_703'>
				<Appearance USE='Material_258_IDX_258'/>
				<IndexedFaceSet solid="false" coordIndex='0 1 2 3 -1'>
					<Coordinate point='-0.850529 -2.896635 -2.570394 -1.055005 -2.828579 -2.427594 -1.330970 -3.568470 -2.427594 -1.073007 -3.654328 -2.570394'/>
				</IndexedFaceSet>
			</Shape>
			<Shape DEF='_IDX_704'>
				<Appearance USE='Material_259_IDX_259'/>
				<IndexedFaceSet solid="false" coordIndex='0 1 2 3 -1'>
					<Coordinate point='-0.662185 -2.255195 -2.570394 -0.821381 -2.202209 -2.427594 -1.055005 -2.828579 -2.427594 -0.850529 -2.896635 -2.570394'/>
				</IndexedFaceSet>
			</Shape>
			<Shape DEF='_IDX_705'>
				<Appearance USE='Material_260_IDX_260'/>
				<IndexedFaceSet solid="false" coordIndex='0 1 2 3 -1'>
					<Coordinate point='-0.500417 -1.704263 -2.570394 -0.620722 -1.664221 -2.427594 -0.821381 -2.202209 -2.427594 -0.662185 -2.255195 -2.570394'/>
				</IndexedFaceSet>
			</Shape>
			<Shape DEF='_IDX_706'>
				<Appearance USE='Material_261_IDX_261'/>
				<IndexedFaceSet solid="false" coordIndex='0 1 2 3 -1'>
					<Coordinate point='-0.358732 -1.221729 -2.570394 -0.444975 -1.193025 -2.427594 -0.620722 -1.664221 -2.427594 -0.500417 -1.704263 -2.570394'/>
				</IndexedFaceSet>
			</Shape>
			<Shape DEF='_IDX_707'>
				<Appearance USE='Material_262_IDX_262'/>
				<IndexedFaceSet solid="false" coordIndex='0 1 2 3 -1'>
					<Coordinate point='-0.231445 -0.788228 -2.570394 -0.287086 -0.769709 -2.427594 -0.444975 -1.193025 -2.427594 -0.358732 -1.221729 -2.570394'/>
				</IndexedFaceSet>
			</Shape>
			<Shape DEF='_IDX_708'>
				<Appearance USE='Material_263_IDX_263'/>
				<IndexedFaceSet solid="false" coordIndex='0 1 2 3 -1'>
					<Coordinate point='-0.113446 -0.386361 -2.570394 -0.140719 -0.377283 -2.427594 -0.287086 -0.769709 -2.427594 -0.231445 -0.788228 -2.570394'/>
				</IndexedFaceSet>
			</Shape>
			<Shape DEF='_IDX_709'>
				<Appearance USE='Material_264_IDX_264'/>
				<IndexedFaceSet solid="false" coordIndex='0 1 2 3 -1'>
					<Coordinate point='-0.000000 0.000000 -2.570394 -0.000000 0.000000 -2.427594 -0.140719 -0.377283 -2.427594 -0.113446 -0.386361 -2.570394'/>
				</IndexedFaceSet>
			</Shape>
			<Shape DEF='_IDX_710'>
				<Appearance USE='Material_265_IDX_265'/>
				<IndexedFaceSet solid="false" coordIndex='0 1 2 3 -1'>
					<Coordinate point='-2.056369 -5.513339 -2.427594 -2.444447 -5.352592 -2.284795 -3.013304 -6.598217 -2.284795 -2.534916 -6.796372 -2.427594'/>
				</IndexedFaceSet>
			</Shape>
			<Shape DEF='_IDX_711'>
				<Appearance USE='Material_266_IDX_266'/>
				<IndexedFaceSet solid="false" coordIndex='0 1 2 3 -1'>
					<Coordinate point='-1.660352 -4.451575 -2.427594 -1.973693 -4.321785 -2.284795 -2.444447 -5.352592 -2.284795 -2.056369 -5.513339 -2.427594'/>
				</IndexedFaceSet>
			</Shape>
			<Shape DEF='_IDX_712'>
				<Appearance USE='Material_267_IDX_267'/>
				<IndexedFaceSet solid="false" coordIndex='0 1 2 3 -1'>
					<Coordinate point='-1.330970 -3.568470 -2.427594 -1.582151 -3.464427 -2.284795 -1.973693 -4.321785 -2.284795 -1.660352 -4.451575 -2.427594'/>
				</IndexedFaceSet>
			</Shape>
			<Shape DEF='_IDX_713'>
				<Appearance USE='Material_268_IDX_268'/>
				<IndexedFaceSet solid="false" coordIndex='0 1 2 3 -1'>
					<Coordinate point='-1.055005 -2.828579 -2.427594 -1.254106 -2.746109 -2.284795 -1.582151 -3.464427 -2.284795 -1.330970 -3.568470 -2.427594'/>
				</IndexedFaceSet>
			</Shape>
			<Shape DEF='_IDX_714'>
				<Appearance USE='Material_269_IDX_269'/>
				<IndexedFaceSet solid="false" coordIndex='0 1 2 3 -1'>
					<Coordinate point='-0.821381 -2.202209 -2.427594 -0.976392 -2.138001 -2.284795 -1.254106 -2.746109 -2.284795 -1.055005 -2.828579 -2.427594'/>
				</IndexedFaceSet>
			</Shape>
			<Shape DEF='_IDX_715'>
				<Appearance USE='Material_270_IDX_270'/>
				<IndexedFaceSet solid="false" coordIndex='0 1 2 3 -1'>
					<Coordinate point='-0.620722 -1.664221 -2.427594 -0.737865 -1.615699 -2.284795 -0.976392 -2.138001 -2.284795 -0.821381 -2.202209 -2.427594'/>
				</IndexedFaceSet>
			</Shape>
			<Shape DEF='_IDX_716'>
				<Appearance USE='Material_271_IDX_271'/>
				<IndexedFaceSet solid="false" coordIndex='0 1 2 3 -1'>
					<Coordinate point='-0.444975 -1.193025 -2.427594 -0.528951 -1.158241 -2.284795 -0.737865 -1.615699 -2.284795 -0.620722 -1.664221 -2.427594'/>
				</IndexedFaceSet>
			</Shape>
			<Shape DEF='_IDX_717'>
				<Appearance USE='Material_272_IDX_272'/>
				<IndexedFaceSet solid="false" coordIndex='0 1 2 3 -1'>
					<Coordinate point='-0.287086 -0.769709 -2.427594 -0.341265 -0.747267 -2.284795 -0.528951 -1.158241 -2.284795 -0.444975 -1.193025 -2.427594'/>
				</IndexedFaceSet>
			</Shape>
			<Shape DEF='_IDX_718'>
				<Appearance USE='Material_273_IDX_273'/>
				<IndexedFaceSet solid="false" coordIndex='0 1 2 3 -1'>
					<Coordinate point='-0.140719 -0.377283 -2.427594 -0.167276 -0.366283 -2.284795 -0.341265 -0.747267 -2.284795 -0.287086 -0.769709 -2.427594'/>
				</IndexedFaceSet>
			</Shape>
			<Shape DEF='_IDX_719'>
				<Appearance USE='Material_274_IDX_274'/>
				<IndexedFaceSet solid="false" coordIndex='0 1 2 3 -1'>
					<Coordinate point='-0.000000 0.000000 -2.427594 -0.000000 0.000000 -2.284795 -0.167276 -0.366283 -2.284795 -0.140719 -0.377283 -2.427594'/>
				</IndexedFaceSet>
			</Shape>
			<Shape DEF='_IDX_720'>
				<Appearance USE='Material_275_IDX_275'/>
				<IndexedFaceSet solid="false" coordIndex='0 1 2 3 -1'>
					<Coordinate point='-2.444447 -5.352592 -2.284795 -2.820068 -5.164569 -2.141995 -3.476338 -6.366438 -2.141995 -3.013304 -6.598217 -2.284795'/>
				</IndexedFaceSet>
			</Shape>
			<Shape DEF='_IDX_721'>
				<Appearance USE='Material_276_IDX_276'/>
				<IndexedFaceSet solid="false" coordIndex='0 1 2 3 -1'>
					<Coordinate point='-1.973693 -4.321785 -2.284795 -2.276977 -4.169972 -2.141995 -2.820068 -5.164569 -2.141995 -2.444447 -5.352592 -2.284795'/>
				</IndexedFaceSet>
			</Shape>
			<Shape DEF='_IDX_722'>
				<Appearance USE='Material_277_IDX_277'/>
				<IndexedFaceSet solid="false" coordIndex='0 1 2 3 -1'>
					<Coordinate point='-1.582151 -3.464427 -2.284795 -1.825269 -3.342731 -2.141995 -2.276977 -4.169972 -2.141995 -1.973693 -4.321785 -2.284795'/>
				</IndexedFaceSet>
			</Shape>
			<Shape DEF='_IDX_723'>
				<Appearance USE='Material_278_IDX_278'/>
				<IndexedFaceSet solid="false" coordIndex='0 1 2 3 -1'>
					<Coordinate point='-1.254106 -2.746109 -2.284795 -1.446816 -2.649645 -2.141995 -1.825269 -3.342731 -2.141995 -1.582151 -3.464427 -2.284795'/>
				</IndexedFaceSet>
			</Shape>
			<Shape DEF='_IDX_724'>
				<Appearance USE='Material_279_IDX_279'/>
				<IndexedFaceSet solid="false" coordIndex='0 1 2 3 -1'>
					<Coordinate point='-0.976392 -2.138001 -2.284795 -1.126428 -2.062899 -2.141995 -1.446816 -2.649645 -2.141995 -1.254106 -2.746109 -2.284795'/>
				</IndexedFaceSet>
			</Shape>
			<Shape DEF='_IDX_725'>
				<Appearance USE='Material_280_IDX_280'/>
				<IndexedFaceSet solid="false" coordIndex='0 1 2 3 -1'>
					<Coordinate point='-0.737865 -1.615699 -2.284795 -0.851248 -1.558944 -2.141995 -1.126428 -2.062899 -2.141995 -0.976392 -2.138001 -2.284795'/>
				</IndexedFaceSet>
			</Shape>
			<Shape DEF='_IDX_726'>
				<Appearance USE='Material_281_IDX_281'/>
				<IndexedFaceSet solid="false" coordIndex='0 1 2 3 -1'>
					<Coordinate point='-0.528951 -1.158241 -2.284795 -0.610231 -1.117555 -2.141995 -0.851248 -1.558944 -2.141995 -0.737865 -1.615699 -2.284795'/>
				</IndexedFaceSet>
			</Shape>
			<Shape DEF='_IDX_727'>
				<Appearance USE='Material_282_IDX_282'/>
				<IndexedFaceSet solid="false" coordIndex='0 1 2 3 -1'>
					<Coordinate point='-0.341265 -0.747267 -2.284795 -0.393705 -0.721017 -2.141995 -0.610231 -1.117555 -2.141995 -0.528951 -1.158241 -2.284795'/>
				</IndexedFaceSet>
			</Shape>
			<Shape DEF='_IDX_728'>
				<Appearance USE='Material_282_IDX_282'/>
				<IndexedFaceSet solid="false" coordIndex='0 1 2 3 -1'>
					<Coordinate point='-0.167276 -0.366283 -2.284795 -0.192980 -0.353417 -2.141995 -0.393705 -0.721017 -2.141995 -0.341265 -0.747267 -2.284795'/>
				</IndexedFaceSet>
			</Shape>
			<Shape DEF='_IDX_729'>
				<Appearance USE='Material_282_IDX_282'/>
				<IndexedFaceSet solid="false" coordIndex='0 1 2 3 -1'>
					<Coordinate point='-0.000000 0.000000 -2.284795 -0.000000 0.000000 -2.141995 -0.192980 -0.353417 -2.141995 -0.167276 -0.366283 -2.284795'/>
				</IndexedFaceSet>
			</Shape>
			<Shape DEF='_IDX_730'>
				<Appearance USE='Material_283_IDX_283'/>
				<IndexedFaceSet solid="false" coordIndex='0 1 2 3 -1'>
					<Coordinate point='-2.820068 -5.164569 -2.141995 -3.181319 -4.950229 -1.999195 -3.921658 -6.102218 -1.999195 -3.476338 -6.366438 -2.141995'/>
				</IndexedFaceSet>
			</Shape>
			<Shape DEF='_IDX_731'>
				<Appearance USE='Material_284_IDX_284'/>
				<IndexedFaceSet solid="false" coordIndex='0 1 2 3 -1'>
					<Coordinate point='-2.276977 -4.169972 -2.141995 -2.568658 -3.996910 -1.999195 -3.181319 -4.950229 -1.999195 -2.820068 -5.164569 -2.141995'/>
				</IndexedFaceSet>
			</Shape>
			<Shape DEF='_IDX_732'>
				<Appearance USE='Material_285_IDX_285'/>
				<IndexedFaceSet solid="false" coordIndex='0 1 2 3 -1'>
					<Coordinate point='-1.825269 -3.342731 -2.141995 -2.059086 -3.204001 -1.999195 -2.568658 -3.996910 -1.999195 -2.276977 -4.169972 -2.141995'/>
				</IndexedFaceSet>
			</Shape>
			<Shape DEF='_IDX_733'>
				<Appearance USE='Material_286_IDX_286'/>
				<IndexedFaceSet solid="false" coordIndex='0 1 2 3 -1'>
					<Coordinate point='-1.446816 -2.649645 -2.141995 -1.632153 -2.539679 -1.999195 -2.059086 -3.204001 -1.999195 -1.825269 -3.342731 -2.141995'/>
				</IndexedFaceSet>
			</Shape>
			<Shape DEF='_IDX_734'>
				<Appearance USE='Material_287_IDX_287'/>
				<IndexedFaceSet solid="false" coordIndex='0 1 2 3 -1'>
					<Coordinate point='-1.126428 -2.062899 -2.141995 -1.270723 -1.977284 -1.999195 -1.632153 -2.539679 -1.999195 -1.446816 -2.649645 -2.141995'/>
				</IndexedFaceSet>
			</Shape>
			<Shape DEF='_IDX_735'>
				<Appearance USE='Material_288_IDX_288'/>
				<IndexedFaceSet solid="false" coordIndex='0 1 2 3 -1'>
					<Coordinate point='-0.851248 -1.558944 -2.141995 -0.960293 -1.494245 -1.999195 -1.270723 -1.977284 -1.999195 -1.126428 -2.062899 -2.141995'/>
				</IndexedFaceSet>
			</Shape>
			<Shape DEF='_IDX_736'>
				<Appearance USE='Material_289_IDX_289'/>
				<IndexedFaceSet solid="false" coordIndex='0 1 2 3 -1'>
					<Coordinate point='-0.610231 -1.117555 -2.141995 -0.688402 -1.071174 -1.999195 -0.960293 -1.494245 -1.999195 -0.851248 -1.558944 -2.141995'/>
				</IndexedFaceSet>
			</Shape>
			<Shape DEF='_IDX_737'>
				<Appearance USE='Material_286_IDX_286'/>
				<IndexedFaceSet solid="false" coordIndex='0 1 2 3 -1'>
					<Coordinate point='-0.393705 -0.721017 -2.141995 -0.444139 -0.691094 -1.999195 -0.688402 -1.071174 -1.999195 -0.610231 -1.117555 -2.141995'/>
				</IndexedFaceSet>
			</Shape>
			<Shape DEF='_IDX_738'>
				<Appearance USE='Material_290_IDX_290'/>
				<IndexedFaceSet solid="false" coordIndex='0 1 2 3 -1'>
					<Coordinate point='-0.192980 -0.353417 -2.141995 -0.217701 -0.338749 -1.999195 -0.444139 -0.691094 -1.999195 -0.393705 -0.721017 -2.141995'/>
				</IndexedFaceSet>
			</Shape>
			<Shape DEF='_IDX_739'>
				<Appearance USE='Material_290_IDX_290'/>
				<IndexedFaceSet solid="false" coordIndex='0 1 2 3 -1'>
					<Coordinate point='-0.000000 0.000000 -2.141995 0.000000 0.000000 -1.999195 -0.217701 -0.338749 -1.999195 -0.192980 -0.353417 -2.141995'/>
				</IndexedFaceSet>
			</Shape>
			<Shape DEF='_IDX_740'>
				<Appearance USE='Material_291_IDX_291'/>
				<IndexedFaceSet solid="false" coordIndex='0 1 2 3 -1'>
					<Coordinate point='-3.181319 -4.950229 -1.999195 -3.526359 -4.710664 -1.856396 -4.346993 -5.806903 -1.856396 -3.921658 -6.102218 -1.999195'/>
				</IndexedFaceSet>
			</Shape>
			<Shape DEF='_IDX_741'>
				<Appearance USE='Material_292_IDX_292'/>
				<IndexedFaceSet solid="false" coordIndex='0 1 2 3 -1'>
					<Coordinate point='-2.568658 -3.996910 -1.999195 -2.847250 -3.803480 -1.856396 -3.526359 -4.710664 -1.856396 -3.181319 -4.950229 -1.999195'/>
				</IndexedFaceSet>
			</Shape>
			<Shape DEF='_IDX_742'>
				<Appearance USE='Material_293_IDX_293'/>
				<IndexedFaceSet solid="false" coordIndex='0 1 2 3 -1'>
					<Coordinate point='-2.059086 -3.204001 -1.999195 -2.282411 -3.048944 -1.856396 -2.847250 -3.803480 -1.856396 -2.568658 -3.996910 -1.999195'/>
				</IndexedFaceSet>
			</Shape>
			<Shape DEF='_IDX_743'>
				<Appearance USE='Material_294_IDX_294'/>
				<IndexedFaceSet solid="false" coordIndex='0 1 2 3 -1'>
					<Coordinate point='-1.632153 -2.539679 -1.999195 -1.809173 -2.416772 -1.856396 -2.282411 -3.048944 -1.856396 -2.059086 -3.204001 -1.999195'/>
				</IndexedFaceSet>
			</Shape>
			<Shape DEF='_IDX_744'>
				<Appearance USE='Material_295_IDX_295'/>
				<IndexedFaceSet solid="false" coordIndex='0 1 2 3 -1'>
					<Coordinate point='-1.270723 -1.977284 -1.999195 -1.408544 -1.881594 -1.856396 -1.809173 -2.416772 -1.856396 -1.632153 -2.539679 -1.999195'/>
				</IndexedFaceSet>
			</Shape>
			<Shape DEF='_IDX_745'>
				<Appearance USE='Material_296_IDX_296'/>
				<IndexedFaceSet solid="false" coordIndex='0 1 2 3 -1'>
					<Coordinate point='-0.960293 -1.494245 -1.999195 -1.064444 -1.421931 -1.856396 -1.408544 -1.881594 -1.856396 -1.270723 -1.977284 -1.999195'/>
				</IndexedFaceSet>
			</Shape>
			<Shape DEF='_IDX_746'>
				<Appearance USE='Material_297_IDX_297'/>
				<IndexedFaceSet solid="false" coordIndex='0 1 2 3 -1'>
					<Coordinate point='-0.688402 -1.071174 -1.999195 -0.763065 -1.019335 -1.856396 -1.064444 -1.421931 -1.856396 -0.960293 -1.494245 -1.999195'/>
				</IndexedFaceSet>
			</Shape>
			<Shape DEF='_IDX_747'>
				<Appearance USE='Material_298_IDX_298'/>
				<IndexedFaceSet solid="false" coordIndex='0 1 2 3 -1'>
					<Coordinate point='-0.444139 -0.691094 -1.999195 -0.492309 -0.657648 -1.856396 -0.763065 -1.019335 -1.856396 -0.688402 -1.071174 -1.999195'/>
				</IndexedFaceSet>
			</Shape>
			<Shape DEF='_IDX_748'>
				<Appearance USE='Material_298_IDX_298'/>
				<IndexedFaceSet solid="false" coordIndex='0 1 2 3 -1'>
					<Coordinate point='-0.217701 -0.338749 -1.999195 -0.241312 -0.322356 -1.856396 -0.492309 -0.657648 -1.856396 -0.444139 -0.691094 -1.999195'/>
				</IndexedFaceSet>
			</Shape>
			<Shape DEF='_IDX_749'>
				<Appearance USE='Material_299_IDX_299'/>
				<IndexedFaceSet solid="false" coordIndex='0 1 2 3 -1'>
					<Coordinate point='0.000000 0.000000 -1.999195 -0.000000 0.000000 -1.856396 -0.241312 -0.322356 -1.856396 -0.217701 -0.338749 -1.999195'/>
				</IndexedFaceSet>
			</Shape>
			<Shape DEF='_IDX_750'>
				<Appearance USE='Material_300_IDX_300'/>
				<IndexedFaceSet solid="false" coordIndex='0 1 2 3 -1'>
					<Coordinate point='-3.526359 -4.710664 -1.856396 -3.853429 -4.447094 -1.713596 -4.750177 -5.481997 -1.713596 -4.346993 -5.806903 -1.856396'/>
				</IndexedFaceSet>
			</Shape>
			<Shape DEF='_IDX_751'>
				<Appearance USE='Material_301_IDX_301'/>
				<IndexedFaceSet solid="false" coordIndex='0 1 2 3 -1'>
					<Coordinate point='-2.847250 -3.803480 -1.856396 -3.111332 -3.590669 -1.713596 -3.853429 -4.447094 -1.713596 -3.526359 -4.710664 -1.856396'/>
				</IndexedFaceSet>
			</Shape>
			<Shape DEF='_IDX_752'>
				<Appearance USE='Material_302_IDX_302'/>
				<IndexedFaceSet solid="false" coordIndex='0 1 2 3 -1'>
					<Coordinate point='-2.282411 -3.048944 -1.856396 -2.494105 -2.878350 -1.713596 -3.111332 -3.590669 -1.713596 -2.847250 -3.803480 -1.856396'/>
				</IndexedFaceSet>
			</Shape>
			<Shape DEF='_IDX_753'>
				<Appearance USE='Material_303_IDX_303'/>
				<IndexedFaceSet solid="false" coordIndex='0 1 2 3 -1'>
					<Coordinate point='-1.809173 -2.416772 -1.856396 -1.976974 -2.281549 -1.713596 -2.494105 -2.878350 -1.713596 -2.282411 -3.048944 -1.856396'/>
				</IndexedFaceSet>
			</Shape>
			<Shape DEF='_IDX_754'>
				<Appearance USE='Material_304_IDX_304'/>
				<IndexedFaceSet solid="false" coordIndex='0 1 2 3 -1'>
					<Coordinate point='-1.408544 -1.881594 -1.856396 -1.539186 -1.776316 -1.713596 -1.976974 -2.281549 -1.713596 -1.809173 -2.416772 -1.856396'/>
				</IndexedFaceSet>
			</Shape>
			<Shape DEF='_IDX_755'>
				<Appearance USE='Material_305_IDX_305'/>
				<IndexedFaceSet solid="false" coordIndex='0 1 2 3 -1'>
					<Coordinate point='-1.064444 -1.421931 -1.856396 -1.163172 -1.342371 -1.713596 -1.539186 -1.776316 -1.713596 -1.408544 -1.881594 -1.856396'/>
				</IndexedFaceSet>
			</Shape>
			<Shape DEF='_IDX_756'>
				<Appearance USE='Material_306_IDX_306'/>
				<IndexedFaceSet solid="false" coordIndex='0 1 2 3 -1'>
					<Coordinate point='-0.763065 -1.019335 -1.856396 -0.833839 -0.962301 -1.713596 -1.163172 -1.342371 -1.713596 -1.064444 -1.421931 -1.856396'/>
				</IndexedFaceSet>
			</Shape>
			<Shape DEF='_IDX_757'>
				<Appearance USE='Material_307_IDX_307'/>
				<IndexedFaceSet solid="false" coordIndex='0 1 2 3 -1'>
					<Coordinate point='-0.492309 -0.657648 -1.856396 -0.537971 -0.620852 -1.713596 -0.833839 -0.962301 -1.713596 -0.763065 -1.019335 -1.856396'/>
				</IndexedFaceSet>
			</Shape>
			<Shape DEF='_IDX_758'>
				<Appearance USE='Material_308_IDX_308'/>
				<IndexedFaceSet solid="false" coordIndex='0 1 2 3 -1'>
					<Coordinate point='-0.241312 -0.322356 -1.856396 -0.263694 -0.304319 -1.713596 -0.537971 -0.620852 -1.713596 -0.492309 -0.657648 -1.856396'/>
				</IndexedFaceSet>
			</Shape>
			<Shape DEF='_IDX_759'>
				<Appearance USE='Material_309_IDX_309'/>
				<IndexedFaceSet solid="false" coordIndex='0 1 2 3 -1'>
					<Coordinate point='-0.000000 0.000000 -1.856396 -0.000000 0.000000 -1.713596 -0.263694 -0.304319 -1.713596 -0.241312 -0.322356 -1.856396'/>
				</IndexedFaceSet>
			</Shape>
			<Shape DEF='_IDX_760'>
				<Appearance USE='Material_310_IDX_310'/>
				<IndexedFaceSet solid="false" coordIndex='0 1 2 3 -1'>
					<Coordinate point='-3.853429 -4.447094 -1.713596 -4.160863 -4.160863 -1.570796 -5.129155 -5.129155 -1.570796 -4.750177 -5.481997 -1.713596'/>
				</IndexedFaceSet>
			</Shape>
			<Shape DEF='_IDX_761'>
				<Appearance USE='Material_311_IDX_311'/>
				<IndexedFaceSet solid="false" coordIndex='0 1 2 3 -1'>
					<Coordinate point='-3.111332 -3.590669 -1.713596 -3.359560 -3.359560 -1.570796 -4.160863 -4.160863 -1.570796 -3.853429 -4.447094 -1.713596'/>
				</IndexedFaceSet>
			</Shape>
			<Shape DEF='_IDX_762'>
				<Appearance USE='Material_312_IDX_312'/>
				<IndexedFaceSet solid="false" coordIndex='0 1 2 3 -1'>
					<Coordinate point='-2.494105 -2.878350 -1.713596 -2.693089 -2.693089 -1.570796 -3.359560 -3.359560 -1.570796 -3.111332 -3.590669 -1.713596'/>
				</IndexedFaceSet>
			</Shape>
			<Shape DEF='_IDX_763'>
				<Appearance USE='Material_313_IDX_313'/>
				<IndexedFaceSet solid="false" coordIndex='0 1 2 3 -1'>
					<Coordinate point='-1.976974 -2.281549 -1.713596 -2.134701 -2.134701 -1.570796 -2.693089 -2.693089 -1.570796 -2.494105 -2.878350 -1.713596'/>
				</IndexedFaceSet>
			</Shape>
			<Shape DEF='_IDX_764'>
				<Appearance USE='Material_314_IDX_314'/>
				<IndexedFaceSet solid="false" coordIndex='0 1 2 3 -1'>
					<Coordinate point='-1.539186 -1.776316 -1.713596 -1.661986 -1.661986 -1.570796 -2.134701 -2.134701 -1.570796 -1.976974 -2.281549 -1.713596'/>
				</IndexedFaceSet>
			</Shape>
			<Shape DEF='_IDX_765'>
				<Appearance USE='Material_315_IDX_315'/>
				<IndexedFaceSet solid="false" coordIndex='0 1 2 3 -1'>
					<Coordinate point='-1.163172 -1.342371 -1.713596 -1.255972 -1.255972 -1.570796 -1.661986 -1.661986 -1.570796 -1.539186 -1.776316 -1.713596'/>
				</IndexedFaceSet>
			</Shape>
			<Shape DEF='_IDX_766'>
				<Appearance USE='Material_316_IDX_316'/>
				<IndexedFaceSet solid="false" coordIndex='0 1 2 3 -1'>
					<Coordinate point='-0.833839 -0.962301 -1.713596 -0.900364 -0.900364 -1.570796 -1.255972 -1.255972 -1.570796 -1.163172 -1.342371 -1.713596'/>
				</IndexedFaceSet>
			</Shape>
			<Shape DEF='_IDX_767'>
				<Appearance USE='Material_317_IDX_317'/>
				<IndexedFaceSet solid="false" coordIndex='0 1 2 3 -1'>
					<Coordinate point='-0.537971 -0.620852 -1.713596 -0.580891 -0.580891 -1.570796 -0.900364 -0.900364 -1.570796 -0.833839 -0.962301 -1.713596'/>
				</IndexedFaceSet>
			</Shape>
			<Shape DEF='_IDX_768'>
				<Appearance USE='Material_318_IDX_318'/>
				<IndexedFaceSet solid="false" coordIndex='0 1 2 3 -1'>
					<Coordinate point='-0.263694 -0.304319 -1.713596 -0.284732 -0.284732 -1.570796 -0.580891 -0.580891 -1.570796 -0.537971 -0.620852 -1.713596'/>
				</IndexedFaceSet>
			</Shape>
			<Shape DEF='_IDX_769'>
				<Appearance USE='Material_319_IDX_319'/>
				<IndexedFaceSet solid="false" coordIndex='0 1 2 3 -1'>
					<Coordinate point='-0.000000 0.000000 -1.713596 -0.000000 -0.000000 -1.570796 -0.284732 -0.284732 -1.570796 -0.263694 -0.304319 -1.713596'/>
				</IndexedFaceSet>
			</Shape>
			<Shape DEF='_IDX_770'>
				<Appearance USE='Material_320_IDX_320'/>
				<IndexedFaceSet solid="false" coordIndex='0 1 2 3 -1'>
					<Coordinate point='-0.402672 -0.000000 -0.000000 -0.401646 -0.028726 -0.142800 0.000000 -0.000000 -0.142800 0.000000 -0.000000 -0.000000'/>
				</IndexedFaceSet>
			</Shape>
			<Shape DEF='_IDX_771'>
				<Appearance USE='Material_321_IDX_321'/>
				<IndexedFaceSet solid="false" coordIndex='0 1 2 3 -1'>
					<Coordinate point='-0.821505 0.000000 -0.000000 -0.819412 -0.058605 -0.142800 -0.401646 -0.028726 -0.142800 -0.402672 -0.000000 -0.000000'/>
				</IndexedFaceSet>
			</Shape>
			<Shape DEF='_IDX_772'>
				<Appearance USE='Material_322_IDX_322'/>
				<IndexedFaceSet solid="false" coordIndex='0 1 2 3 -1'>
					<Coordinate point='-1.273307 -0.000000 0.000000 -1.270063 -0.090837 -0.142800 -0.819412 -0.058605 -0.142800 -0.821505 0.000000 -0.000000'/>
				</IndexedFaceSet>
			</Shape>
			<Shape DEF='_IDX_773'>
				<Appearance USE='Material_323_IDX_323'/>
				<IndexedFaceSet solid="false" coordIndex='0 1 2 3 -1'>
					<Coordinate point='-1.776212 -0.000000 -0.000000 -1.771686 -0.126714 -0.142800 -1.270063 -0.090837 -0.142800 -1.273307 -0.000000 0.000000'/>
				</IndexedFaceSet>
			</Shape>
			<Shape DEF='_IDX_774'>
				<Appearance USE='Material_324_IDX_324'/>
				<IndexedFaceSet solid="false" coordIndex='0 1 2 3 -1'>
					<Coordinate point='-2.350402 -0.000000 -0.000000 -2.344414 -0.167676 -0.142800 -1.771686 -0.126714 -0.142800 -1.776212 -0.000000 -0.000000'/>
				</IndexedFaceSet>
			</Shape>
			<Shape DEF='_IDX_775'>
				<Appearance USE='Material_325_IDX_325'/>
				<IndexedFaceSet solid="false" coordIndex='0 1 2 3 -1'>
					<Coordinate point='-3.018923 0.000000 0.000000 -3.011231 -0.215367 -0.142800 -2.344414 -0.167676 -0.142800 -2.350402 -0.000000 -0.000000'/>
				</IndexedFaceSet>
			</Shape>
			<Shape DEF='_IDX_776'>
				<Appearance USE='Material_326_IDX_326'/>
				<IndexedFaceSet solid="false" coordIndex='0 1 2 3 -1'>
					<Coordinate point='-3.808603 -0.000000 0.000000 -3.798899 -0.271703 -0.142800 -3.011231 -0.215367 -0.142800 -3.018923 0.000000 0.000000'/>
				</IndexedFaceSet>
			</Shape>
			<Shape DEF='_IDX_777'>
				<Appearance USE='Material_327_IDX_327'/>
				<IndexedFaceSet solid="false" coordIndex='0 1 2 3 -1'>
					<Coordinate point='-4.751136 -0.000000 -0.000000 -4.739030 -0.338942 -0.142800 -3.798899 -0.271703 -0.142800 -3.808603 -0.000000 0.000000'/>
				</IndexedFaceSet>
			</Shape>
			<Shape DEF='_IDX_778'>
				<Appearance USE='Material_328_IDX_328'/>
				<IndexedFaceSet solid="false" coordIndex='0 1 2 3 -1'>
					<Coordinate point='-5.884348 0.000000 0.000000 -5.869356 -0.419785 -0.142800 -4.739030 -0.338942 -0.142800 -4.751136 -0.000000 -0.000000'/>
				</IndexedFaceSet>
			</Shape>
			<Shape DEF='_IDX_779'>
				<Appearance USE='Material_329_IDX_329'/>
				<IndexedFaceSet solid="false" coordIndex='0 1 2 3 -1'>
					<Coordinate point='-7.253721 0.000000 -0.000000 -7.235239 -0.517475 -0.142800 -5.869356 -0.419785 -0.142800 -5.884348 0.000000 0.000000'/>
				</IndexedFaceSet>
			</Shape>
			<Shape DEF='_IDX_780'>
				<Appearance USE='Material_330_IDX_330'/>
				<IndexedFaceSet solid="false" coordIndex='0 1 2 3 -1'>
					<Coordinate point='-0.401646 -0.028726 -0.142800 -0.398573 -0.057306 -0.285599 -0.000000 0.000000 -0.285599 0.000000 -0.000000 -0.142800'/>
				</IndexedFaceSet>
			</Shape>
			<Shape DEF='_IDX_781'>
				<Appearance USE='Material_331_IDX_331'/>
				<IndexedFaceSet solid="false" coordIndex='0 1 2 3 -1'>
					<Coordinate point='-0.819412 -0.058605 -0.142800 -0.813143 -0.116912 -0.285599 -0.398573 -0.057306 -0.285599 -0.401646 -0.028726 -0.142800'/>
				</IndexedFaceSet>
			</Shape>
			<Shape DEF='_IDX_782'>
				<Appearance USE='Material_332_IDX_332'/>
				<IndexedFaceSet solid="false" coordIndex='0 1 2 3 -1'>
					<Coordinate point='-1.270063 -0.090837 -0.142800 -1.260347 -0.181211 -0.285599 -0.813143 -0.116912 -0.285599 -0.819412 -0.058605 -0.142800'/>
				</IndexedFaceSet>
			</Shape>
			<Shape DEF='_IDX_783'>
				<Appearance USE='Material_333_IDX_333'/>
				<IndexedFaceSet solid="false" coordIndex='0 1 2 3 -1'>
					<Coordinate point='-1.771686 -0.126714 -0.142800 -1.758133 -0.252781 -0.285599 -1.260347 -0.181211 -0.285599 -1.270063 -0.090837 -0.142800'/>
				</IndexedFaceSet>
			</Shape>
			<Shape DEF='_IDX_784'>
				<Appearance USE='Material_334_IDX_334'/>
				<IndexedFaceSet solid="false" coordIndex='0 1 2 3 -1'>
					<Coordinate point='-2.344414 -0.167676 -0.142800 -2.326479 -0.334497 -0.285599 -1.758133 -0.252781 -0.285599 -1.771686 -0.126714 -0.142800'/>
				</IndexedFaceSet>
			</Shape>
			<Shape DEF='_IDX_785'>
				<Appearance USE='Material_335_IDX_335'/>
				<IndexedFaceSet solid="false" coordIndex='0 1 2 3 -1'>
					<Coordinate point='-3.011231 -0.215367 -0.142800 -2.988194 -0.429637 -0.285599 -2.326479 -0.334497 -0.285599 -2.344414 -0.167676 -0.142800'/>
				</IndexedFaceSet>
			</Shape>
			<Shape DEF='_IDX_786'>
				<Appearance USE='Material_336_IDX_336'/>
				<IndexedFaceSet solid="false" coordIndex='0 1 2 3 -1'>
					<Coordinate point='-3.798899 -0.271703 -0.142800 -3.769837 -0.542021 -0.285599 -2.988194 -0.429637 -0.285599 -3.011231 -0.215367 -0.142800'/>
				</IndexedFaceSet>
			</Shape>
			<Shape DEF='_IDX_787'>
				<Appearance USE='Material_337_IDX_337'/>
				<IndexedFaceSet solid="false" coordIndex='0 1 2 3 -1'>
					<Coordinate point='-4.739030 -0.338942 -0.142800 -4.702776 -0.676157 -0.285599 -3.769837 -0.542021 -0.285599 -3.798899 -0.271703 -0.142800'/>
				</IndexedFaceSet>
			</Shape>
			<Shape DEF='_IDX_788'>
				<Appearance USE='Material_338_IDX_338'/>
				<IndexedFaceSet solid="false" coordIndex='0 1 2 3 -1'>
					<Coordinate point='-5.869356 -0.419785 -0.142800 -5.824454 -0.837430 -0.285599 -4.702776 -0.676157 -0.285599 -4.739030 -0.338942 -0.142800'/>
				</IndexedFaceSet>
			</Shape>
			<Shape DEF='_IDX_789'>
				<Appearance USE='Material_339_IDX_339'/>
				<IndexedFaceSet solid="false" coordIndex='0 1 2 3 -1'>
					<Coordinate point='-7.235239 -0.517475 -0.142800 -7.179888 -1.032312 -0.285599 -5.824454 -0.837430 -0.285599 -5.869356 -0.419785 -0.142800'/>
				</IndexedFaceSet>
			</Shape>
			<Shape DEF='_IDX_790'>
				<Appearance USE='Material_340_IDX_340'/>
				<IndexedFaceSet solid="false" coordIndex='0 1 2 3 -1'>
					<Coordinate point='-0.398573 -0.057306 -0.285599 -0.393470 -0.085594 -0.428399 0.000000 -0.000000 -0.428399 -0.000000 0.000000 -0.285599'/>
				</IndexedFaceSet>
			</Shape>
			<Shape DEF='_IDX_791'>
				<Appearance USE='Material_341_IDX_341'/>
				<IndexedFaceSet solid="false" coordIndex='0 1 2 3 -1'>
					<Coordinate point='-0.813143 -0.116912 -0.285599 -0.802731 -0.174623 -0.428399 -0.393470 -0.085594 -0.428399 -0.398573 -0.057306 -0.285599'/>
				</IndexedFaceSet>
			</Shape>
			<Shape DEF='_IDX_792'>
				<Appearance USE='Material_342_IDX_342'/>
				<IndexedFaceSet solid="false" coordIndex='0 1 2 3 -1'>
					<Coordinate point='-1.260347 -0.181211 -0.285599 -1.244208 -0.270661 -0.428399 -0.802731 -0.174623 -0.428399 -0.813143 -0.116912 -0.285599'/>
				</IndexedFaceSet>
			</Shape>
			<Shape DEF='_IDX_793'>
				<Appearance USE='Material_343_IDX_343'/>
				<IndexedFaceSet solid="false" coordIndex='0 1 2 3 -1'>
					<Coordinate point='-1.758133 -0.252781 -0.285599 -1.735620 -0.377561 -0.428399 -1.244208 -0.270661 -0.428399 -1.260347 -0.181211 -0.285599'/>
				</IndexedFaceSet>
			</Shape>
			<Shape DEF='_IDX_794'>
				<Appearance USE='Material_344_IDX_344'/>
				<IndexedFaceSet solid="false" coordIndex='0 1 2 3 -1'>
					<Coordinate point='-2.326479 -0.334497 -0.285599 -2.296688 -0.499614 -0.428399 -1.735620 -0.377561 -0.428399 -1.758133 -0.252781 -0.285599'/>
				</IndexedFaceSet>
			</Shape>
			<Shape DEF='_IDX_795'>
				<Appearance USE='Material_345_IDX_345'/>
				<IndexedFaceSet solid="false" coordIndex='0 1 2 3 -1'>
					<Coordinate point='-2.988194 -0.429637 -0.285599 -2.949931 -0.641718 -0.428399 -2.296688 -0.499614 -0.428399 -2.326479 -0.334497 -0.285599'/>
				</IndexedFaceSet>
			</Shape>
			<Shape DEF='_IDX_796'>
				<Appearance USE='Material_346_IDX_346'/>
				<IndexedFaceSet solid="false" coordIndex='0 1 2 3 -1'>
					<Coordinate point='-3.769837 -0.542021 -0.285599 -3.721565 -0.809577 -0.428399 -2.949931 -0.641718 -0.428399 -2.988194 -0.429637 -0.285599'/>
				</IndexedFaceSet>
			</Shape>
			<Shape DEF='_IDX_797'>
				<Appearance USE='Material_347_IDX_347'/>
				<IndexedFaceSet solid="false" coordIndex='0 1 2 3 -1'>
					<Coordinate point='-4.702776 -0.676157 -0.285599 -4.642558 -1.009927 -0.428399 -3.721565 -0.809577 -0.428399 -3.769837 -0.542021 -0.285599'/>
				</IndexedFaceSet>
			</Shape>
			<Shape DEF='_IDX_798'>
				<Appearance USE='Material_348_IDX_348'/>
				<IndexedFaceSet solid="false" coordIndex='0 1 2 3 -1'>
					<Coordinate point='-5.824454 -0.837430 -0.285599 -5.749873 -1.250808 -0.428399 -4.642558 -1.009927 -0.428399 -4.702776 -0.676157 -0.285599'/>
				</IndexedFaceSet>
			</Shape>
			<Shape DEF='_IDX_799'>
				<Appearance USE='Material_349_IDX_349'/>
				<IndexedFaceSet solid="false" coordIndex='0 1 2 3 -1'>
					<Coordinate point='-7.179888 -1.032312 -0.285599 -7.087951 -1.541889 -0.428399 -5.749873 -1.250808 -0.428399 -5.824454 -0.837430 -0.285599'/>
				</IndexedFaceSet>
			</Shape>
			<Shape DEF='_IDX_800'>
				<Appearance USE='Material_350_IDX_350'/>
				<IndexedFaceSet solid="false" coordIndex='0 1 2 3 -1'>
					<Coordinate point='-0.393470 -0.085594 -0.428399 -0.386361 -0.113446 -0.571199 0.000000 -0.000000 -0.571199 0.000000 -0.000000 -0.428399'/>
				</IndexedFaceSet>
			</Shape>
			<Shape DEF='_IDX_801'>
				<Appearance USE='Material_351_IDX_351'/>
				<IndexedFaceSet solid="false" coordIndex='0 1 2 3 -1'>
					<Coordinate point='-0.802731 -0.174623 -0.428399 -0.788228 -0.231445 -0.571199 -0.386361 -0.113446 -0.571199 -0.393470 -0.085594 -0.428399'/>
				</IndexedFaceSet>
			</Shape>
			<Shape DEF='_IDX_802'>
				<Appearance USE='Material_352_IDX_352'/>
				<IndexedFaceSet solid="false" coordIndex='0 1 2 3 -1'>
					<Coordinate point='-1.244208 -0.270661 -0.428399 -1.221729 -0.358732 -0.571199 -0.788228 -0.231445 -0.571199 -0.802731 -0.174623 -0.428399'/>
				</IndexedFaceSet>
			</Shape>
			<Shape DEF='_IDX_803'>
				<Appearance USE='Material_353_IDX_353'/>
				<IndexedFaceSet solid="false" coordIndex='0 1 2 3 -1'>
					<Coordinate point='-1.735620 -0.377561 -0.428399 -1.704263 -0.500417 -0.571199 -1.221729 -0.358732 -0.571199 -1.244208 -0.270661 -0.428399'/>
				</IndexedFaceSet>
			</Shape>
			<Shape DEF='_IDX_804'>
				<Appearance USE='Material_354_IDX_354'/>
				<IndexedFaceSet solid="false" coordIndex='0 1 2 3 -1'>
					<Coordinate point='-2.296688 -0.499614 -0.428399 -2.255195 -0.662185 -0.571199 -1.704263 -0.500417 -0.571199 -1.735620 -0.377561 -0.428399'/>
				</IndexedFaceSet>
			</Shape>
			<Shape DEF='_IDX_805'>
				<Appearance USE='Material_355_IDX_355'/>
				<IndexedFaceSet solid="false" coordIndex='0 1 2 3 -1'>
					<Coordinate point='-2.949931 -0.641718 -0.428399 -2.896635 -0.850529 -0.571199 -2.255195 -0.662185 -0.571199 -2.296688 -0.499614 -0.428399'/>
				</IndexedFaceSet>
			</Shape>
			<Shape DEF='_IDX_806'>
				<Appearance USE='Material_356_IDX_356'/>
				<IndexedFaceSet solid="false" coordIndex='0 1 2 3 -1'>
					<Coordinate point='-3.721565 -0.809577 -0.428399 -3.654328 -1.073007 -0.571199 -2.896635 -0.850529 -0.571199 -2.949931 -0.641718 -0.428399'/>
				</IndexedFaceSet>
			</Shape>
			<Shape DEF='_IDX_807'>
				<Appearance USE='Material_357_IDX_357'/>
				<IndexedFaceSet solid="false" coordIndex='0 1 2 3 -1'>
					<Coordinate point='-4.642558 -1.009927 -0.428399 -4.558681 -1.338550 -0.571199 -3.654328 -1.073007 -0.571199 -3.721565 -0.809577 -0.428399'/>
				</IndexedFaceSet>
			</Shape>
			<Shape DEF='_IDX_808'>
				<Appearance USE='Material_358_IDX_358'/>
				<IndexedFaceSet solid="false" coordIndex='0 1 2 3 -1'>
					<Coordinate point='-5.749873 -1.250808 -0.428399 -5.645991 -1.657813 -0.571199 -4.558681 -1.338550 -0.571199 -4.642558 -1.009927 -0.428399'/>
				</IndexedFaceSet>
			</Shape>
			<Shape DEF='_IDX_809'>
				<Appearance USE='Material_359_IDX_359'/>
				<IndexedFaceSet solid="false" coordIndex='0 1 2 3 -1'>
					<Coordinate point='-7.087951 -1.541889 -0.428399 -6.959894 -2.043609 -0.571199 -5.645991 -1.657813 -0.571199 -5.749873 -1.250808 -0.428399'/>
				</IndexedFaceSet>
			</Shape>
			<Shape DEF='_IDX_810'>
				<Appearance USE='Material_360_IDX_360'/>
				<IndexedFaceSet solid="false" coordIndex='0 1 2 3 -1'>
					<Coordinate point='-0.386361 -0.113446 -0.571199 -0.377283 -0.140719 -0.713998 0.000000 -0.000000 -0.713998 0.000000 -0.000000 -0.571199'/>
				</IndexedFaceSet>
			</Shape>
			<Shape DEF='_IDX_811'>
				<Appearance USE='Material_361_IDX_361'/>
				<IndexedFaceSet solid="false" coordIndex='0 1 2 3 -1'>
					<Coordinate point='-0.788228 -0.231445 -0.571199 -0.769709 -0.287086 -0.713998 -0.377283 -0.140719 -0.713998 -0.386361 -0.113446 -0.571199'/>
				</IndexedFaceSet>
			</Shape>
			<Shape DEF='_IDX_812'>
				<Appearance USE='Material_362_IDX_362'/>
				<IndexedFaceSet solid="false" coordIndex='0 1 2 3 -1'>
					<Coordinate point='-1.221729 -0.358732 -0.571199 -1.193025 -0.444975 -0.713998 -0.769709 -0.287086 -0.713998 -0.788228 -0.231445 -0.571199'/>
				</IndexedFaceSet>
			</Shape>
			<Shape DEF='_IDX_813'>
				<Appearance USE='Material_363_IDX_363'/>
				<IndexedFaceSet solid="false" coordIndex='0 1 2 3 -1'>
					<Coordinate point='-1.704263 -0.500417 -0.571199 -1.664221 -0.620722 -0.713998 -1.193025 -0.444975 -0.713998 -1.221729 -0.358732 -0.571199'/>
				</IndexedFaceSet>
			</Shape>
			<Shape DEF='_IDX_814'>
				<Appearance USE='Material_364_IDX_364'/>
				<IndexedFaceSet solid="false" coordIndex='0 1 2 3 -1'>
					<Coordinate point='-2.255195 -0.662185 -0.571199 -2.202209 -0.821381 -0.713998 -1.664221 -0.620722 -0.713998 -1.704263 -0.500417 -0.571199'/>
				</IndexedFaceSet>
			</Shape>
			<Shape DEF='_IDX_815'>
				<Appearance USE='Material_365_IDX_365'/>
				<IndexedFaceSet solid="false" coordIndex='0 1 2 3 -1'>
					<Coordinate point='-2.896635 -0.850529 -0.571199 -2.828579 -1.055005 -0.713998 -2.202209 -0.821381 -0.713998 -2.255195 -0.662185 -0.571199'/>
				</IndexedFaceSet>
			</Shape>
			<Shape DEF='_IDX_816'>
				<Appearance USE='Material_366_IDX_366'/>
				<IndexedFaceSet solid="false" coordIndex='0 1 2 3 -1'>
					<Coordinate point='-3.654328 -1.073007 -0.571199 -3.568470 -1.330970 -0.713998 -2.828579 -1.055005 -0.713998 -2.896635 -0.850529 -0.571199'/>
				</IndexedFaceSet>
			</Shape>
			<Shape DEF='_IDX_817'>
				<Appearance USE='Material_367_IDX_367'/>
				<IndexedFaceSet solid="false" coordIndex='0 1 2 3 -1'>
					<Coordinate point='-4.558681 -1.338550 -0.571199 -4.451575 -1.660352 -0.713998 -3.568470 -1.330970 -0.713998 -3.654328 -1.073007 -0.571199'/>
				</IndexedFaceSet>
			</Shape>
			<Shape DEF='_IDX_818'>
				<Appearance USE='Material_368_IDX_368'/>
				<IndexedFaceSet solid="false" coordIndex='0 1 2 3 -1'>
					<Coordinate point='-5.645991 -1.657813 -0.571199 -5.513339 -2.056369 -0.713998 -4.451575 -1.660352 -0.713998 -4.558681 -1.338550 -0.571199'/>
				</IndexedFaceSet>
			</Shape>
			<Shape DEF='_IDX_819'>
				<Appearance USE='Material_369_IDX_369'/>
				<IndexedFaceSet solid="false" coordIndex='0 1 2 3 -1'>
					<Coordinate point='-6.959894 -2.043609 -0.571199 -6.796372 -2.534916 -0.713998 -5.513339 -2.056369 -0.713998 -5.645991 -1.657813 -0.571199'/>
				</IndexedFaceSet>
			</Shape>
			<Shape DEF='_IDX_820'>
				<Appearance USE='Material_370_IDX_370'/>
				<IndexedFaceSet solid="false" coordIndex='0 1 2 3 -1'>
					<Coordinate point='-0.377283 -0.140719 -0.713998 -0.366283 -0.167276 -0.856798 0.000000 -0.000000 -0.856798 0.000000 -0.000000 -0.713998'/>
				</IndexedFaceSet>
			</Shape>
			<Shape DEF='_IDX_821'>
				<Appearance USE='Material_371_IDX_371'/>
				<IndexedFaceSet solid="false" coordIndex='0 1 2 3 -1'>
					<Coordinate point='-0.769709 -0.287086 -0.713998 -0.747267 -0.341265 -0.856798 -0.366283 -0.167276 -0.856798 -0.377283 -0.140719 -0.713998'/>
				</IndexedFaceSet>
			</Shape>
			<Shape DEF='_IDX_822'>
				<Appearance USE='Material_372_IDX_372'/>
				<IndexedFaceSet solid="false" coordIndex='0 1 2 3 -1'>
					<Coordinate point='-1.193025 -0.444975 -0.713998 -1.158241 -0.528951 -0.856798 -0.747267 -0.341265 -0.856798 -0.769709 -0.287086 -0.713998'/>
				</IndexedFaceSet>
			</Shape>
			<Shape DEF='_IDX_823'>
				<Appearance USE='Material_373_IDX_373'/>
				<IndexedFaceSet solid="false" coordIndex='0 1 2 3 -1'>
					<Coordinate point='-1.664221 -0.620722 -0.713998 -1.615699 -0.737865 -0.856798 -1.158241 -0.528951 -0.856798 -1.193025 -0.444975 -0.713998'/>
				</IndexedFaceSet>
			</Shape>
			<Shape DEF='_IDX_824'>
				<Appearance USE='Material_374_IDX_374'/>
				<IndexedFaceSet solid="false" coordIndex='0 1 2 3 -1'>
					<Coordinate point='-2.202209 -0.821381 -0.713998 -2.138001 -0.976392 -0.856798 -1.615699 -0.737865 -0.856798 -1.664221 -0.620722 -0.713998'/>
				</IndexedFaceSet>
			</Shape>
			<Shape DEF='_IDX_825'>
				<Appearance USE='Material_375_IDX_375'/>
				<IndexedFaceSet solid="false" coordIndex='0 1 2 3 -1'>
					<Coordinate point='-2.828579 -1.055005 -0.713998 -2.746109 -1.254106 -0.856798 -2.138001 -0.976392 -0.856798 -2.202209 -0.821381 -0.713998'/>
				</IndexedFaceSet>
			</Shape>
			<Shape DEF='_IDX_826'>
				<Appearance USE='Material_376_IDX_376'/>
				<IndexedFaceSet solid="false" coordIndex='0 1 2 3 -1'>
					<Coordinate point='-3.568470 -1.330970 -0.713998 -3.464427 -1.582151 -0.856798 -2.746109 -1.254106 -0.856798 -2.828579 -1.055005 -0.713998'/>
				</IndexedFaceSet>
			</Shape>
			<Shape DEF='_IDX_827'>
				<Appearance USE='Material_377_IDX_377'/>
				<IndexedFaceSet solid="false" coordIndex='0 1 2 3 -1'>
					<Coordinate point='-4.451575 -1.660352 -0.713998 -4.321785 -1.973693 -0.856798 -3.464427 -1.582151 -0.856798 -3.568470 -1.330970 -0.713998'/>
				</IndexedFaceSet>
			</Shape>
			<Shape DEF='_IDX_828'>
				<Appearance USE='Material_378_IDX_378'/>
				<IndexedFaceSet solid="false" coordIndex='0 1 2 3 -1'>
					<Coordinate point='-5.513339 -2.056369 -0.713998 -5.352592 -2.444447 -0.856798 -4.321785 -1.973693 -0.856798 -4.451575 -1.660352 -0.713998'/>
				</IndexedFaceSet>
			</Shape>
			<Shape DEF='_IDX_829'>
				<Appearance USE='Material_379_IDX_379'/>
				<IndexedFaceSet solid="false" coordIndex='0 1 2 3 -1'>
					<Coordinate point='-6.796372 -2.534916 -0.713998 -6.598217 -3.013304 -0.856798 -5.352592 -2.444447 -0.856798 -5.513339 -2.056369 -0.713998'/>
				</IndexedFaceSet>
			</Shape>
			<Shape DEF='_IDX_830'>
				<Appearance USE='Material_380_IDX_380'/>
				<IndexedFaceSet solid="false" coordIndex='0 1 2 3 -1'>
					<Coordinate point='-0.366283 -0.167276 -0.856798 -0.353417 -0.192980 -0.999598 0.000000 -0.000000 -0.999598 0.000000 -0.000000 -0.856798'/>
				</IndexedFaceSet>
			</Shape>
			<Shape DEF='_IDX_831'>
				<Appearance USE='Material_381_IDX_381'/>
				<IndexedFaceSet solid="false" coordIndex='0 1 2 3 -1'>
					<Coordinate point='-0.747267 -0.341265 -0.856798 -0.721017 -0.393705 -0.999598 -0.353417 -0.192980 -0.999598 -0.366283 -0.167276 -0.856798'/>
				</IndexedFaceSet>
			</Shape>
			<Shape DEF='_IDX_832'>
				<Appearance USE='Material_380_IDX_380'/>
				<IndexedFaceSet solid="false" coordIndex='0 1 2 3 -1'>
					<Coordinate point='-1.158241 -0.528951 -0.856798 -1.117555 -0.610231 -0.999598 -0.721017 -0.393705 -0.999598 -0.747267 -0.341265 -0.856798'/>
				</IndexedFaceSet>
			</Shape>
			<Shape DEF='_IDX_833'>
				<Appearance USE='Material_382_IDX_382'/>
				<IndexedFaceSet solid="false" coordIndex='0 1 2 3 -1'>
					<Coordinate point='-1.615699 -0.737865 -0.856798 -1.558944 -0.851248 -0.999598 -1.117555 -0.610231 -0.999598 -1.158241 -0.528951 -0.856798'/>
				</IndexedFaceSet>
			</Shape>
			<Shape DEF='_IDX_834'>
				<Appearance USE='Material_383_IDX_383'/>
				<IndexedFaceSet solid="false" coordIndex='0 1 2 3 -1'>
					<Coordinate point='-2.138001 -0.976392 -0.856798 -2.062899 -1.126428 -0.999598 -1.558944 -0.851248 -0.999598 -1.615699 -0.737865 -0.856798'/>
				</IndexedFaceSet>
			</Shape>
			<Shape DEF='_IDX_835'>
				<Appearance USE='Material_384_IDX_384'/>
				<IndexedFaceSet solid="false" coordIndex='0 1 2 3 -1'>
					<Coordinate point='-2.746109 -1.254106 -0.856798 -2.649645 -1.446816 -0.999598 -2.062899 -1.126428 -0.999598 -2.138001 -0.976392 -0.856798'/>
				</IndexedFaceSet>
			</Shape>
			<Shape DEF='_IDX_836'>
				<Appearance USE='Material_385_IDX_385'/>
				<IndexedFaceSet solid="false" coordIndex='0 1 2 3 -1'>
					<Coordinate point='-3.464427 -1.582151 -0.856798 -3.342731 -1.825269 -0.999598 -2.649645 -1.446816 -0.999598 -2.746109 -1.254106 -0.856798'/>
				</IndexedFaceSet>
			</Shape>
			<Shape DEF='_IDX_837'>
				<Appearance USE='Material_386_IDX_386'/>
				<IndexedFaceSet solid="false" coordIndex='0 1 2 3 -1'>
					<Coordinate point='-4.321785 -1.973693 -0.856798 -4.169972 -2.276977 -0.999598 -3.342731 -1.825269 -0.999598 -3.464427 -1.582151 -0.856798'/>
				</IndexedFaceSet>
			</Shape>
			<Shape DEF='_IDX_838'>
				<Appearance USE='Material_387_IDX_387'/>
				<IndexedFaceSet solid="false" coordIndex='0 1 2 3 -1'>
					<Coordinate point='-5.352592 -2.444447 -0.856798 -5.164569 -2.820068 -0.999598 -4.169972 -2.276977 -0.999598 -4.321785 -1.973693 -0.856798'/>
				</IndexedFaceSet>
			</Shape>
			<Shape DEF='_IDX_839'>
				<Appearance USE='Material_388_IDX_388'/>
				<IndexedFaceSet solid="false" coordIndex='0 1 2 3 -1'>
					<Coordinate point='-6.598217 -3.013304 -0.856798 -6.366438 -3.476338 -0.999598 -5.164569 -2.820068 -0.999598 -5.352592 -2.444447 -0.856798'/>
				</IndexedFaceSet>
			</Shape>
			<Shape DEF='_IDX_840'>
				<Appearance USE='Material_389_IDX_389'/>
				<IndexedFaceSet solid="false" coordIndex='0 1 2 3 -1'>
					<Coordinate point='-0.353417 -0.192980 -0.999598 -0.338749 -0.217701 -1.142397 0.000000 0.000000 -1.142397 0.000000 -0.000000 -0.999598'/>
				</IndexedFaceSet>
			</Shape>
			<Shape DEF='_IDX_841'>
				<Appearance USE='Material_389_IDX_389'/>
				<IndexedFaceSet solid="false" coordIndex='0 1 2 3 -1'>
					<Coordinate point='-0.721017 -0.393705 -0.999598 -0.691094 -0.444139 -1.142397 -0.338749 -0.217701 -1.142397 -0.353417 -0.192980 -0.999598'/>
				</IndexedFaceSet>
			</Shape>
			<Shape DEF='_IDX_842'>
				<Appearance USE='Material_390_IDX_390'/>
				<IndexedFaceSet solid="false" coordIndex='0 1 2 3 -1'>
					<Coordinate point='-1.117555 -0.610231 -0.999598 -1.071174 -0.688402 -1.142397 -0.691094 -0.444139 -1.142397 -0.721017 -0.393705 -0.999598'/>
				</IndexedFaceSet>
			</Shape>
			<Shape DEF='_IDX_843'>
				<Appearance USE='Material_391_IDX_391'/>
				<IndexedFaceSet solid="false" coordIndex='0 1 2 3 -1'>
					<Coordinate point='-1.558944 -0.851248 -0.999598 -1.494245 -0.960293 -1.142397 -1.071174 -0.688402 -1.142397 -1.117555 -0.610231 -0.999598'/>
				</IndexedFaceSet>
			</Shape>
			<Shape DEF='_IDX_844'>
				<Appearance USE='Material_392_IDX_392'/>
				<IndexedFaceSet solid="false" coordIndex='0 1 2 3 -1'>
					<Coordinate point='-2.062899 -1.126428 -0.999598 -1.977284 -1.270723 -1.142397 -1.494245 -0.960293 -1.142397 -1.558944 -0.851248 -0.999598'/>
				</IndexedFaceSet>
			</Shape>
			<Shape DEF='_IDX_845'>
				<Appearance USE='Material_393_IDX_393'/>
				<IndexedFaceSet solid="false" coordIndex='0 1 2 3 -1'>
					<Coordinate point='-2.649645 -1.446816 -0.999598 -2.539679 -1.632153 -1.142397 -1.977284 -1.270723 -1.142397 -2.062899 -1.126428 -0.999598'/>
				</IndexedFaceSet>
			</Shape>
			<Shape DEF='_IDX_846'>
				<Appearance USE='Material_394_IDX_394'/>
				<IndexedFaceSet solid="false" coordIndex='0 1 2 3 -1'>
					<Coordinate point='-3.342731 -1.825269 -0.999598 -3.204001 -2.059086 -1.142397 -2.539679 -1.632153 -1.142397 -2.649645 -1.446816 -0.999598'/>
				</IndexedFaceSet>
			</Shape>
			<Shape DEF='_IDX_847'>
				<Appearance USE='Material_395_IDX_395'/>
				<IndexedFaceSet solid="false" coordIndex='0 1 2 3 -1'>
					<Coordinate point='-4.169972 -2.276977 -0.999598 -3.996910 -2.568658 -1.142397 -3.204001 -2.059086 -1.142397 -3.342731 -1.825269 -0.999598'/>
				</IndexedFaceSet>
			</Shape>
			<Shape DEF='_IDX_848'>
				<Appearance USE='Material_396_IDX_396'/>
				<IndexedFaceSet solid="false" coordIndex='0 1 2 3 -1'>
					<Coordinate point='-5.164569 -2.820068 -0.999598 -4.950229 -3.181319 -1.142397 -3.996910 -2.568658 -1.142397 -4.169972 -2.276977 -0.999598'/>
				</IndexedFaceSet>
			</Shape>
			<Shape DEF='_IDX_849'>
				<Appearance USE='Material_397_IDX_397'/>
				<IndexedFaceSet solid="false" coordIndex='0 1 2 3 -1'>
					<Coordinate point='-6.366438 -3.476338 -0.999598 -6.102218 -3.921658 -1.142397 -4.950229 -3.181319 -1.142397 -5.164569 -2.820068 -0.999598'/>
				</IndexedFaceSet>
			</Shape>
			<Shape DEF='_IDX_850'>
				<Appearance USE='Material_398_IDX_398'/>
				<IndexedFaceSet solid="false" coordIndex='0 1 2 3 -1'>
					<Coordinate point='-0.338749 -0.217701 -1.142397 -0.322356 -0.241312 -1.285197 0.000000 -0.000000 -1.285197 0.000000 0.000000 -1.142397'/>
				</IndexedFaceSet>
			</Shape>
			<Shape DEF='_IDX_851'>
				<Appearance USE='Material_399_IDX_399'/>
				<IndexedFaceSet solid="false" coordIndex='0 1 2 3 -1'>
					<Coordinate point='-0.691094 -0.444139 -1.142397 -0.657648 -0.492309 -1.285197 -0.322356 -0.241312 -1.285197 -0.338749 -0.217701 -1.142397'/>
				</IndexedFaceSet>
			</Shape>
			<Shape DEF='_IDX_852'>
				<Appearance USE='Material_400_IDX_400'/>
				<IndexedFaceSet solid="false" coordIndex='0 1 2 3 -1'>
					<Coordinate point='-1.071174 -0.688402 -1.142397 -1.019335 -0.763065 -1.285197 -0.657648 -0.492309 -1.285197 -0.691094 -0.444139 -1.142397'/>
				</IndexedFaceSet>
			</Shape>
			<Shape DEF='_IDX_853'>
				<Appearance USE='Material_401_IDX_401'/>
				<IndexedFaceSet solid="false" coordIndex='0 1 2 3 -1'>
					<Coordinate point='-1.494245 -0.960293 -1.142397 -1.421931 -1.064444 -1.285197 -1.019335 -0.763065 -1.285197 -1.071174 -0.688402 -1.142397'/>
				</IndexedFaceSet>
			</Shape>
			<Shape DEF='_IDX_854'>
				<Appearance USE='Material_402_IDX_402'/>
				<IndexedFaceSet solid="false" coordIndex='0 1 2 3 -1'>
					<Coordinate point='-1.977284 -1.270723 -1.142397 -1.881594 -1.408544 -1.285197 -1.421931 -1.064444 -1.285197 -1.494245 -0.960293 -1.142397'/>
				</IndexedFaceSet>
			</Shape>
			<Shape DEF='_IDX_855'>
				<Appearance USE='Material_403_IDX_403'/>
				<IndexedFaceSet solid="false" coordIndex='0 1 2 3 -1'>
					<Coordinate point='-2.539679 -1.632153 -1.142397 -2.416772 -1.809173 -1.285197 -1.881594 -1.408544 -1.285197 -1.977284 -1.270723 -1.142397'/>
				</IndexedFaceSet>
			</Shape>
			<Shape DEF='_IDX_856'>
				<Appearance USE='Material_404_IDX_404'/>
				<IndexedFaceSet solid="false" coordIndex='0 1 2 3 -1'>
					<Coordinate point='-3.204001 -2.059086 -1.142397 -3.048944 -2.282411 -1.285197 -2.416772 -1.809173 -1.285197 -2.539679 -1.632153 -1.142397'/>
				</IndexedFaceSet>
			</Shape>
			<Shape DEF='_IDX_857'>
				<Appearance USE='Material_405_IDX_405'/>
				<IndexedFaceSet solid="false" coordIndex='0 1 2 3 -1'>
					<Coordinate point='-3.996910 -2.568658 -1.142397 -3.803480 -2.847250 -1.285197 -3.048944 -2.282411 -1.285197 -3.204001 -2.059086 -1.142397'/>
				</IndexedFaceSet>
			</Shape>
			<Shape DEF='_IDX_858'>
				<Appearance USE='Material_406_IDX_406'/>
				<IndexedFaceSet solid="false" coordIndex='0 1 2 3 -1'>
					<Coordinate point='-4.950229 -3.181319 -1.142397 -4.710664 -3.526359 -1.285197 -3.803480 -2.847250 -1.285197 -3.996910 -2.568658 -1.142397'/>
				</IndexedFaceSet>
			</Shape>
			<Shape DEF='_IDX_859'>
				<Appearance USE='Material_407_IDX_407'/>
				<IndexedFaceSet solid="false" coordIndex='0 1 2 3 -1'>
					<Coordinate point='-6.102218 -3.921658 -1.142397 -5.806903 -4.346993 -1.285197 -4.710664 -3.526359 -1.285197 -4.950229 -3.181319 -1.142397'/>
				</IndexedFaceSet>
			</Shape>
			<Shape DEF='_IDX_860'>
				<Appearance USE='Material_408_IDX_408'/>
				<IndexedFaceSet solid="false" coordIndex='0 1 2 3 -1'>
					<Coordinate point='-0.322356 -0.241312 -1.285197 -0.304319 -0.263694 -1.427997 0.000000 -0.000000 -1.427997 0.000000 -0.000000 -1.285197'/>
				</IndexedFaceSet>
			</Shape>
			<Shape DEF='_IDX_861'>
				<Appearance USE='Material_409_IDX_409'/>
				<IndexedFaceSet solid="false" coordIndex='0 1 2 3 -1'>
					<Coordinate point='-0.657648 -0.492309 -1.285197 -0.620852 -0.537971 -1.427997 -0.304319 -0.263694 -1.427997 -0.322356 -0.241312 -1.285197'/>
				</IndexedFaceSet>
			</Shape>
			<Shape DEF='_IDX_862'>
				<Appearance USE='Material_410_IDX_410'/>
				<IndexedFaceSet solid="false" coordIndex='0 1 2 3 -1'>
					<Coordinate point='-1.019335 -0.763065 -1.285197 -0.962301 -0.833839 -1.427997 -0.620852 -0.537971 -1.427997 -0.657648 -0.492309 -1.285197'/>
				</IndexedFaceSet>
			</Shape>
			<Shape DEF='_IDX_863'>
				<Appearance USE='Material_411_IDX_411'/>
				<IndexedFaceSet solid="false" coordIndex='0 1 2 3 -1'>
					<Coordinate point='-1.421931 -1.064444 -1.285197 -1.342371 -1.163172 -1.427997 -0.962301 -0.833839 -1.427997 -1.019335 -0.763065 -1.285197'/>
				</IndexedFaceSet>
			</Shape>
			<Shape DEF='_IDX_864'>
				<Appearance USE='Material_412_IDX_412'/>
				<IndexedFaceSet solid="false" coordIndex='0 1 2 3 -1'>
					<Coordinate point='-1.881594 -1.408544 -1.285197 -1.776316 -1.539186 -1.427997 -1.342371 -1.163172 -1.427997 -1.421931 -1.064444 -1.285197'/>
				</IndexedFaceSet>
			</Shape>
			<Shape DEF='_IDX_865'>
				<Appearance USE='Material_413_IDX_413'/>
				<IndexedFaceSet solid="false" coordIndex='0 1 2 3 -1'>
					<Coordinate point='-2.416772 -1.809173 -1.285197 -2.281549 -1.976974 -1.427997 -1.776316 -1.539186 -1.427997 -1.881594 -1.408544 -1.285197'/>
				</IndexedFaceSet>
			</Shape>
			<Shape DEF='_IDX_866'>
				<Appearance USE='Material_414_IDX_414'/>
				<IndexedFaceSet solid="false" coordIndex='0 1 2 3 -1'>
					<Coordinate point='-3.048944 -2.282411 -1.285197 -2.878350 -2.494105 -1.427997 -2.281549 -1.976974 -1.427997 -2.416772 -1.809173 -1.285197'/>
				</IndexedFaceSet>
			</Shape>
			<Shape DEF='_IDX_867'>
				<Appearance USE='Material_415_IDX_415'/>
				<IndexedFaceSet solid="false" coordIndex='0 1 2 3 -1'>
					<Coordinate point='-3.803480 -2.847250 -1.285197 -3.590669 -3.111332 -1.427997 -2.878350 -2.494105 -1.427997 -3.048944 -2.282411 -1.285197'/>
				</IndexedFaceSet>
			</Shape>
			<Shape DEF='_IDX_868'>
				<Appearance USE='Material_416_IDX_416'/>
				<IndexedFaceSet solid="false" coordIndex='0 1 2 3 -1'>
					<Coordinate point='-4.710664 -3.526359 -1.285197 -4.447094 -3.853429 -1.427997 -3.590669 -3.111332 -1.427997 -3.803480 -2.847250 -1.285197'/>
				</IndexedFaceSet>
			</Shape>
			<Shape DEF='_IDX_869'>
				<Appearance USE='Material_417_IDX_417'/>
				<IndexedFaceSet solid="false" coordIndex='0 1 2 3 -1'>
					<Coordinate point='-5.806903 -4.346993 -1.285197 -5.481997 -4.750177 -1.427997 -4.447094 -3.853429 -1.427997 -4.710664 -3.526359 -1.285197'/>
				</IndexedFaceSet>
			</Shape>
			<Shape DEF='_IDX_870'>
				<Appearance USE='Material_418_IDX_418'/>
				<IndexedFaceSet solid="false" coordIndex='0 1 2 3 -1'>
					<Coordinate point='-0.304319 -0.263694 -1.427997 -0.284732 -0.284732 -1.570796 -0.000000 -0.000000 -1.570796 0.000000 -0.000000 -1.427997'/>
				</IndexedFaceSet>
			</Shape>
			<Shape DEF='_IDX_871'>
				<Appearance USE='Material_419_IDX_419'/>
				<IndexedFaceSet solid="false" coordIndex='0 1 2 3 -1'>
					<Coordinate point='-0.620852 -0.537971 -1.427997 -0.580891 -0.580891 -1.570796 -0.284732 -0.284732 -1.570796 -0.304319 -0.263694 -1.427997'/>
				</IndexedFaceSet>
			</Shape>
			<Shape DEF='_IDX_872'>
				<Appearance USE='Material_420_IDX_420'/>
				<IndexedFaceSet solid="false" coordIndex='0 1 2 3 -1'>
					<Coordinate point='-0.962301 -0.833839 -1.427997 -0.900364 -0.900364 -1.570796 -0.580891 -0.580891 -1.570796 -0.620852 -0.537971 -1.427997'/>
				</IndexedFaceSet>
			</Shape>
			<Shape DEF='_IDX_873'>
				<Appearance USE='Material_421_IDX_421'/>
				<IndexedFaceSet solid="false" coordIndex='0 1 2 3 -1'>
					<Coordinate point='-1.342371 -1.163172 -1.427997 -1.255972 -1.255972 -1.570796 -0.900364 -0.900364 -1.570796 -0.962301 -0.833839 -1.427997'/>
				</IndexedFaceSet>
			</Shape>
			<Shape DEF='_IDX_874'>
				<Appearance USE='Material_422_IDX_422'/>
				<IndexedFaceSet solid="false" coordIndex='0 1 2 3 -1'>
					<Coordinate point='-1.776316 -1.539186 -1.427997 -1.661986 -1.661986 -1.570796 -1.255972 -1.255972 -1.570796 -1.342371 -1.163172 -1.427997'/>
				</IndexedFaceSet>
			</Shape>
			<Shape DEF='_IDX_875'>
				<Appearance USE='Material_423_IDX_423'/>
				<IndexedFaceSet solid="false" coordIndex='0 1 2 3 -1'>
					<Coordinate point='-2.281549 -1.976974 -1.427997 -2.134701 -2.134701 -1.570796 -1.661986 -1.661986 -1.570796 -1.776316 -1.539186 -1.427997'/>
				</IndexedFaceSet>
			</Shape>
			<Shape DEF='_IDX_876'>
				<Appearance USE='Material_424_IDX_424'/>
				<IndexedFaceSet solid="false" coordIndex='0 1 2 3 -1'>
					<Coordinate point='-2.878350 -2.494105 -1.427997 -2.693089 -2.693089 -1.570796 -2.134701 -2.134701 -1.570796 -2.281549 -1.976974 -1.427997'/>
				</IndexedFaceSet>
			</Shape>
			<Shape DEF='_IDX_877'>
				<Appearance USE='Material_425_IDX_425'/>
				<IndexedFaceSet solid="false" coordIndex='0 1 2 3 -1'>
					<Coordinate point='-3.590669 -3.111332 -1.427997 -3.359560 -3.359560 -1.570796 -2.693089 -2.693089 -1.570796 -2.878350 -2.494105 -1.427997'/>
				</IndexedFaceSet>
			</Shape>
			<Shape DEF='_IDX_878'>
				<Appearance USE='Material_426_IDX_426'/>
				<IndexedFaceSet solid="false" coordIndex='0 1 2 3 -1'>
					<Coordinate point='-4.447094 -3.853429 -1.427997 -4.160863 -4.160863 -1.570796 -3.359560 -3.359560 -1.570796 -3.590669 -3.111332 -1.427997'/>
				</IndexedFaceSet>
			</Shape>
			<Shape DEF='_IDX_879'>
				<Appearance USE='Material_427_IDX_427'/>
				<IndexedFaceSet solid="false" coordIndex='0 1 2 3 -1'>
					<Coordinate point='-5.481997 -4.750177 -1.427997 -5.129155 -5.129155 -1.570796 -4.160863 -4.160863 -1.570796 -4.447094 -3.853429 -1.427997'/>
				</IndexedFaceSet>
			</Shape>
			<Shape DEF='_IDX_880'>
				<Appearance DEF='Material_428_IDX_428'>
					<Material diffuseColor='0.866921 0.662776 0.234744'/>
					
				</Appearance>
				<IndexedFaceSet solid="false" coordIndex='0 1 2 3 -1'>
					<Coordinate point='0.000000 -5.884348 3.141593 -0.419785 -5.869356 3.284392 -0.517475 -7.235239 3.284392 0.000000 -7.253721 3.141593'/>
				</IndexedFaceSet>
			</Shape>
			<Shape DEF='_IDX_881'>
				<Appearance DEF='Material_429_IDX_429'>
					<Material diffuseColor='0.866921 0.662776 0.234744'/>
					
				</Appearance>
				<IndexedFaceSet solid="false" coordIndex='0 1 2 3 -1'>
					<Coordinate point='-0.000000 -4.751136 3.141593 -0.338942 -4.739030 3.284392 -0.419785 -5.869356 3.284392 0.000000 -5.884348 3.141593'/>
				</IndexedFaceSet>
			</Shape>
			<Shape DEF='_IDX_882'>
				<Appearance USE='Material_428_IDX_428'/>
				<IndexedFaceSet solid="false" coordIndex='0 1 2 3 -1'>
					<Coordinate point='-0.000000 -3.808603 3.141593 -0.271703 -3.798899 3.284392 -0.338942 -4.739030 3.284392 -0.000000 -4.751136 3.141593'/>
				</IndexedFaceSet>
			</Shape>
			<Shape DEF='_IDX_883'>
				<Appearance USE='Material_429_IDX_429'/>
				<IndexedFaceSet solid="false" coordIndex='0 1 2 3 -1'>
					<Coordinate point='0.000000 -3.018923 3.141593 -0.215367 -3.011231 3.284392 -0.271703 -3.798899 3.284392 -0.000000 -3.808603 3.141593'/>
				</IndexedFaceSet>
			</Shape>
			<Shape DEF='_IDX_884'>
				<Appearance DEF='Material_430_IDX_430'>
					<Material diffuseColor='0.866921 0.662776 0.234744'/>
					
				</Appearance>
				<IndexedFaceSet solid="false" coordIndex='0 1 2 3 -1'>
					<Coordinate point='-0.000000 -2.350402 3.141593 -0.167676 -2.344414 3.284392 -0.215367 -3.011231 3.284392 0.000000 -3.018923 3.141593'/>
				</IndexedFaceSet>
			</Shape>
			<Shape DEF='_IDX_885'>
				<Appearance DEF='Material_431_IDX_431'>
					<Material diffuseColor='0.866921 0.662776 0.234744'/>
					
				</Appearance>
				<IndexedFaceSet solid="false" coordIndex='0 1 2 3 -1'>
					<Coordinate point='-0.000000 -1.776212 3.141593 -0.126714 -1.771686 3.284392 -0.167676 -2.344414 3.284392 -0.000000 -2.350402 3.141593'/>
				</IndexedFaceSet>
			</Shape>
			<Shape DEF='_IDX_886'>
				<Appearance DEF='Material_432_IDX_432'>
					<Material diffuseColor='0.866921 0.662776 0.234744'/>
					
				</Appearance>
				<IndexedFaceSet solid="false" coordIndex='0 1 2 3 -1'>
					<Coordinate point='-0.000000 -1.273307 3.141593 -0.090837 -1.270063 3.284392 -0.126714 -1.771686 3.284392 -0.000000 -1.776212 3.141593'/>
				</IndexedFaceSet>
			</Shape>
			<Shape DEF='_IDX_887'>
				<Appearance DEF='Material_433_IDX_433'>
					<Material diffuseColor='0.866921 0.662776 0.234744'/>
					
				</Appearance>
				<IndexedFaceSet solid="false" coordIndex='0 1 2 3 -1'>
					<Coordinate point='0.000000 -0.821505 3.141593 -0.058605 -0.819412 3.284392 -0.090837 -1.270063 3.284392 -0.000000 -1.273307 3.141593'/>
				</IndexedFaceSet>
			</Shape>
			<Shape DEF='_IDX_888'>
				<Appearance DEF='Material_434_IDX_434'>
					<Material diffuseColor='0.866921 0.662776 0.234744'/>
					
				</Appearance>
				<IndexedFaceSet solid="false" coordIndex='0 1 2 3 -1'>
					<Coordinate point='-0.000000 -0.402672 3.141593 -0.028726 -0.401646 3.284392 -0.058605 -0.819412 3.284392 0.000000 -0.821505 3.141593'/>
				</IndexedFaceSet>
			</Shape>
			<Shape DEF='_IDX_889'>
				<Appearance DEF='Material_435_IDX_435'>
					<Material diffuseColor='0.866921 0.662776 0.234744'/>
					
				</Appearance>
				<IndexedFaceSet solid="false" coordIndex='0 1 2 3 -1'>
					<Coordinate point='-0.000000 0.000000 3.141593 -0.000000 0.000000 3.284392 -0.028726 -0.401646 3.284392 -0.000000 -0.402672 3.141593'/>
				</IndexedFaceSet>
			</Shape>
			<Shape DEF='_IDX_890'>
				<Appearance DEF='Material_436_IDX_436'>
					<Material diffuseColor='0.873740 0.646786 0.231103'/>
					
				</Appearance>
				<IndexedFaceSet solid="false" coordIndex='0 1 2 3 -1'>
					<Coordinate point='-0.419785 -5.869356 3.284392 -0.837430 -5.824454 3.427192 -1.032312 -7.179888 3.427192 -0.517475 -7.235239 3.284392'/>
				</IndexedFaceSet>
			</Shape>
			<Shape DEF='_IDX_891'>
				<Appearance DEF='Material_437_IDX_437'>
					<Material diffuseColor='0.873740 0.646786 0.231103'/>
					
				</Appearance>
				<IndexedFaceSet solid="false" coordIndex='0 1 2 3 -1'>
					<Coordinate point='-0.338942 -4.739030 3.284392 -0.676157 -4.702776 3.427192 -0.837430 -5.824454 3.427192 -0.419785 -5.869356 3.284392'/>
				</IndexedFaceSet>
			</Shape>
			<Shape DEF='_IDX_892'>
				<Appearance DEF='Material_438_IDX_438'>
					<Material diffuseColor='0.873740 0.646786 0.231103'/>
					
				</Appearance>
				<IndexedFaceSet solid="false" coordIndex='0 1 2 3 -1'>
					<Coordinate point='-0.271703 -3.798899 3.284392 -0.542021 -3.769837 3.427192 -0.676157 -4.702776 3.427192 -0.338942 -4.739030 3.284392'/>
				</IndexedFaceSet>
			</Shape>
			<Shape DEF='_IDX_893'>
				<Appearance DEF='Material_439_IDX_439'>
					<Material diffuseColor='0.873740 0.646786 0.231103'/>
					
				</Appearance>
				<IndexedFaceSet solid="false" coordIndex='0 1 2 3 -1'>
					<Coordinate point='-0.215367 -3.011231 3.284392 -0.429637 -2.988194 3.427192 -0.542021 -3.769837 3.427192 -0.271703 -3.798899 3.284392'/>
				</IndexedFaceSet>
			</Shape>
			<Shape DEF='_IDX_894'>
				<Appearance DEF='Material_440_IDX_440'>
					<Material diffuseColor='0.873740 0.646786 0.231103'/>
					
				</Appearance>
				<IndexedFaceSet solid="false" coordIndex='0 1 2 3 -1'>
					<Coordinate point='-0.167676 -2.344414 3.284392 -0.334497 -2.326479 3.427192 -0.429637 -2.988194 3.427192 -0.215367 -3.011231 3.284392'/>
				</IndexedFaceSet>
			</Shape>
			<Shape DEF='_IDX_895'>
				<Appearance DEF='Material_441_IDX_441'>
					<Material diffuseColor='0.873740 0.646786 0.231103'/>
					
				</Appearance>
				<IndexedFaceSet solid="false" coordIndex='0 1 2 3 -1'>
					<Coordinate point='-0.126714 -1.771686 3.284392 -0.252781 -1.758133 3.427192 -0.334497 -2.326479 3.427192 -0.167676 -2.344414 3.284392'/>
				</IndexedFaceSet>
			</Shape>
			<Shape DEF='_IDX_896'>
				<Appearance DEF='Material_442_IDX_442'>
					<Material diffuseColor='0.873740 0.646786 0.231103'/>
					
				</Appearance>
				<IndexedFaceSet solid="false" coordIndex='0 1 2 3 -1'>
					<Coordinate point='-0.090837 -1.270063 3.284392 -0.181211 -1.260347 3.427192 -0.252781 -1.758133 3.427192 -0.126714 -1.771686 3.284392'/>
				</IndexedFaceSet>
			</Shape>
			<Shape DEF='_IDX_897'>
				<Appearance DEF='Material_443_IDX_443'>
					<Material diffuseColor='0.873740 0.646786 0.231103'/>
					
				</Appearance>
				<IndexedFaceSet solid="false" coordIndex='0 1 2 3 -1'>
					<Coordinate point='-0.058605 -0.819412 3.284392 -0.116912 -0.813143 3.427192 -0.181211 -1.260347 3.427192 -0.090837 -1.270063 3.284392'/>
				</IndexedFaceSet>
			</Shape>
			<Shape DEF='_IDX_898'>
				<Appearance DEF='Material_444_IDX_444'>
					<Material diffuseColor='0.873740 0.646786 0.231103'/>
					
				</Appearance>
				<IndexedFaceSet solid="false" coordIndex='0 1 2 3 -1'>
					<Coordinate point='-0.028726 -0.401646 3.284392 -0.057306 -0.398573 3.427192 -0.116912 -0.813143 3.427192 -0.058605 -0.819412 3.284392'/>
				</IndexedFaceSet>
			</Shape>
			<Shape DEF='_IDX_899'>
				<Appearance DEF='Material_445_IDX_445'>
					<Material diffuseColor='0.873740 0.646786 0.231103'/>
					
				</Appearance>
				<IndexedFaceSet solid="false" coordIndex='0 1 2 3 -1'>
					<Coordinate point='-0.000000 0.000000 3.284392 0.000000 -0.000000 3.427192 -0.057306 -0.398573 3.427192 -0.028726 -0.401646 3.284392'/>
				</IndexedFaceSet>
			</Shape>
			<Shape DEF='_IDX_900'>
				<Appearance DEF='Material_446_IDX_446'>
					<Material diffuseColor='0.880558 0.630796 0.227463'/>
					
				</Appearance>
				<IndexedFaceSet solid="false" coordIndex='0 1 2 3 -1'>
					<Coordinate point='-0.837430 -5.824454 3.427192 -1.250808 -5.749873 3.569992 -1.541889 -7.087951 3.569992 -1.032312 -7.179888 3.427192'/>
				</IndexedFaceSet>
			</Shape>
			<Shape DEF='_IDX_901'>
				<Appearance DEF='Material_447_IDX_447'>
					<Material diffuseColor='0.880558 0.630796 0.227463'/>
					
				</Appearance>
				<IndexedFaceSet solid="false" coordIndex='0 1 2 3 -1'>
					<Coordinate point='-0.676157 -4.702776 3.427192 -1.009927 -4.642558 3.569992 -1.250808 -5.749873 3.569992 -0.837430 -5.824454 3.427192'/>
				</IndexedFaceSet>
			</Shape>
			<Shape DEF='_IDX_902'>
				<Appearance DEF='Material_448_IDX_448'>
					<Material diffuseColor='0.880558 0.630796 0.227463'/>
					
				</Appearance>
				<IndexedFaceSet solid="false" coordIndex='0 1 2 3 -1'>
					<Coordinate point='-0.542021 -3.769837 3.427192 -0.809577 -3.721565 3.569992 -1.009927 -4.642558 3.569992 -0.676157 -4.702776 3.427192'/>
				</IndexedFaceSet>
			</Shape>
			<Shape DEF='_IDX_903'>
				<Appearance DEF='Material_449_IDX_449'>
					<Material diffuseColor='0.880558 0.630796 0.227463'/>
					
				</Appearance>
				<IndexedFaceSet solid="false" coordIndex='0 1 2 3 -1'>
					<Coordinate point='-0.429637 -2.988194 3.427192 -0.641718 -2.949931 3.569992 -0.809577 -3.721565 3.569992 -0.542021 -3.769837 3.427192'/>
				</IndexedFaceSet>
			</Shape>
			<Shape DEF='_IDX_904'>
				<Appearance DEF='Material_450_IDX_450'>
					<Material diffuseColor='0.880558 0.630796 0.227463'/>
					
				</Appearance>
				<IndexedFaceSet solid="false" coordIndex='0 1 2 3 -1'>
					<Coordinate point='-0.334497 -2.326479 3.427192 -0.499614 -2.296688 3.569992 -0.641718 -2.949931 3.569992 -0.429637 -2.988194 3.427192'/>
				</IndexedFaceSet>
			</Shape>
			<Shape DEF='_IDX_905'>
				<Appearance DEF='Material_451_IDX_451'>
					<Material diffuseColor='0.880558 0.630796 0.227463'/>
					
				</Appearance>
				<IndexedFaceSet solid="false" coordIndex='0 1 2 3 -1'>
					<Coordinate point='-0.252781 -1.758133 3.427192 -0.377561 -1.735620 3.569992 -0.499614 -2.296688 3.569992 -0.334497 -2.326479 3.427192'/>
				</IndexedFaceSet>
			</Shape>
			<Shape DEF='_IDX_906'>
				<Appearance DEF='Material_452_IDX_452'>
					<Material diffuseColor='0.880558 0.630796 0.227463'/>
					
				</Appearance>
				<IndexedFaceSet solid="false" coordIndex='0 1 2 3 -1'>
					<Coordinate point='-0.181211 -1.260347 3.427192 -0.270661 -1.244208 3.569992 -0.377561 -1.735620 3.569992 -0.252781 -1.758133 3.427192'/>
				</IndexedFaceSet>
			</Shape>
			<Shape DEF='_IDX_907'>
				<Appearance DEF='Material_453_IDX_453'>
					<Material diffuseColor='0.880558 0.630796 0.227463'/>
					
				</Appearance>
				<IndexedFaceSet solid="false" coordIndex='0 1 2 3 -1'>
					<Coordinate point='-0.116912 -0.813143 3.427192 -0.174623 -0.802731 3.569992 -0.270661 -1.244208 3.569992 -0.181211 -1.260347 3.427192'/>
				</IndexedFaceSet>
			</Shape>
			<Shape DEF='_IDX_908'>
				<Appearance DEF='Material_454_IDX_454'>
					<Material diffuseColor='0.880558 0.630796 0.227463'/>
					
				</Appearance>
				<IndexedFaceSet solid="false" coordIndex='0 1 2 3 -1'>
					<Coordinate point='-0.057306 -0.398573 3.427192 -0.085594 -0.393470 3.569992 -0.174623 -0.802731 3.569992 -0.116912 -0.813143 3.427192'/>
				</IndexedFaceSet>
			</Shape>
			<Shape DEF='_IDX_909'>
				<Appearance DEF='Material_455_IDX_455'>
					<Material diffuseColor='0.880558 0.630796 0.227463'/>
					
				</Appearance>
				<IndexedFaceSet solid="false" coordIndex='0 1 2 3 -1'>
					<Coordinate point='0.000000 -0.000000 3.427192 -0.000000 0.000000 3.569992 -0.085594 -0.393470 3.569992 -0.057306 -0.398573 3.427192'/>
				</IndexedFaceSet>
			</Shape>
			<Shape DEF='_IDX_910'>
				<Appearance DEF='Material_456_IDX_456'>
					<Material diffuseColor='0.887377 0.614806 0.223823'/>
					
				</Appearance>
				<IndexedFaceSet solid="false" coordIndex='0 1 2 3 -1'>
					<Coordinate point='-1.250808 -5.749873 3.569992 -1.657813 -5.645991 3.712791 -2.043609 -6.959894 3.712791 -1.541889 -7.087951 3.569992'/>
				</IndexedFaceSet>
			</Shape>
			<Shape DEF='_IDX_911'>
				<Appearance DEF='Material_457_IDX_457'>
					<Material diffuseColor='0.887377 0.614806 0.223823'/>
					
				</Appearance>
				<IndexedFaceSet solid="false" coordIndex='0 1 2 3 -1'>
					<Coordinate point='-1.009927 -4.642558 3.569992 -1.338550 -4.558681 3.712791 -1.657813 -5.645991 3.712791 -1.250808 -5.749873 3.569992'/>
				</IndexedFaceSet>
			</Shape>
			<Shape DEF='_IDX_912'>
				<Appearance DEF='Material_458_IDX_458'>
					<Material diffuseColor='0.887377 0.614806 0.223823'/>
					
				</Appearance>
				<IndexedFaceSet solid="false" coordIndex='0 1 2 3 -1'>
					<Coordinate point='-0.809577 -3.721565 3.569992 -1.073007 -3.654328 3.712791 -1.338550 -4.558681 3.712791 -1.009927 -4.642558 3.569992'/>
				</IndexedFaceSet>
			</Shape>
			<Shape DEF='_IDX_913'>
				<Appearance DEF='Material_459_IDX_459'>
					<Material diffuseColor='0.887377 0.614806 0.223823'/>
					
				</Appearance>
				<IndexedFaceSet solid="false" coordIndex='0 1 2 3 -1'>
					<Coordinate point='-0.641718 -2.949931 3.569992 -0.850529 -2.896635 3.712791 -1.073007 -3.654328 3.712791 -0.809577 -3.721565 3.569992'/>
				</IndexedFaceSet>
			</Shape>
			<Shape DEF='_IDX_914'>
				<Appearance DEF='Material_460_IDX_460'>
					<Material diffuseColor='0.887377 0.614806 0.223823'/>
					
				</Appearance>
				<IndexedFaceSet solid="false" coordIndex='0 1 2 3 -1'>
					<Coordinate point='-0.499614 -2.296688 3.569992 -0.662185 -2.255195 3.712791 -0.850529 -2.896635 3.712791 -0.641718 -2.949931 3.569992'/>
				</IndexedFaceSet>
			</Shape>
			<Shape DEF='_IDX_915'>
				<Appearance DEF='Material_461_IDX_461'>
					<Material diffuseColor='0.887377 0.614806 0.223823'/>
					
				</Appearance>
				<IndexedFaceSet solid="false" coordIndex='0 1 2 3 -1'>
					<Coordinate point='-0.377561 -1.735620 3.569992 -0.500417 -1.704263 3.712791 -0.662185 -2.255195 3.712791 -0.499614 -2.296688 3.569992'/>
				</IndexedFaceSet>
			</Shape>
			<Shape DEF='_IDX_916'>
				<Appearance DEF='Material_462_IDX_462'>
					<Material diffuseColor='0.887377 0.614806 0.223823'/>
					
				</Appearance>
				<IndexedFaceSet solid="false" coordIndex='0 1 2 3 -1'>
					<Coordinate point='-0.270661 -1.244208 3.569992 -0.358732 -1.221729 3.712791 -0.500417 -1.704263 3.712791 -0.377561 -1.735620 3.569992'/>
				</IndexedFaceSet>
			</Shape>
			<Shape DEF='_IDX_917'>
				<Appearance DEF='Material_463_IDX_463'>
					<Material diffuseColor='0.887377 0.614806 0.223823'/>
					
				</Appearance>
				<IndexedFaceSet solid="false" coordIndex='0 1 2 3 -1'>
					<Coordinate point='-0.174623 -0.802731 3.569992 -0.231445 -0.788228 3.712791 -0.358732 -1.221729 3.712791 -0.270661 -1.244208 3.569992'/>
				</IndexedFaceSet>
			</Shape>
			<Shape DEF='_IDX_918'>
				<Appearance DEF='Material_464_IDX_464'>
					<Material diffuseColor='0.887377 0.614806 0.223823'/>
					
				</Appearance>
				<IndexedFaceSet solid="false" coordIndex='0 1 2 3 -1'>
					<Coordinate point='-0.085594 -0.393470 3.569992 -0.113446 -0.386361 3.712791 -0.231445 -0.788228 3.712791 -0.174623 -0.802731 3.569992'/>
				</IndexedFaceSet>
			</Shape>
			<Shape DEF='_IDX_919'>
				<Appearance DEF='Material_465_IDX_465'>
					<Material diffuseColor='0.887377 0.614806 0.223823'/>
					
				</Appearance>
				<IndexedFaceSet solid="false" coordIndex='0 1 2 3 -1'>
					<Coordinate point='-0.000000 0.000000 3.569992 -0.000000 0.000000 3.712791 -0.113446 -0.386361 3.712791 -0.085594 -0.393470 3.569992'/>
				</IndexedFaceSet>
			</Shape>
			<Shape DEF='_IDX_920'>
				<Appearance DEF='Material_466_IDX_466'>
					<Material diffuseColor='0.894195 0.598816 0.220182'/>
					
				</Appearance>
				<IndexedFaceSet solid="false" coordIndex='0 1 2 3 -1'>
					<Coordinate point='-1.657813 -5.645991 3.712791 -2.056369 -5.513339 3.855591 -2.534916 -6.796372 3.855591 -2.043609 -6.959894 3.712791'/>
				</IndexedFaceSet>
			</Shape>
			<Shape DEF='_IDX_921'>
				<Appearance DEF='Material_467_IDX_467'>
					<Material diffuseColor='0.894195 0.598816 0.220182'/>
					
				</Appearance>
				<IndexedFaceSet solid="false" coordIndex='0 1 2 3 -1'>
					<Coordinate point='-1.338550 -4.558681 3.712791 -1.660352 -4.451575 3.855591 -2.056369 -5.513339 3.855591 -1.657813 -5.645991 3.712791'/>
				</IndexedFaceSet>
			</Shape>
			<Shape DEF='_IDX_922'>
				<Appearance DEF='Material_468_IDX_468'>
					<Material diffuseColor='0.894195 0.598816 0.220182'/>
					
				</Appearance>
				<IndexedFaceSet solid="false" coordIndex='0 1 2 3 -1'>
					<Coordinate point='-1.073007 -3.654328 3.712791 -1.330970 -3.568470 3.855591 -1.660352 -4.451575 3.855591 -1.338550 -4.558681 3.712791'/>
				</IndexedFaceSet>
			</Shape>
			<Shape DEF='_IDX_923'>
				<Appearance DEF='Material_469_IDX_469'>
					<Material diffuseColor='0.894195 0.598816 0.220182'/>
					
				</Appearance>
				<IndexedFaceSet solid="false" coordIndex='0 1 2 3 -1'>
					<Coordinate point='-0.850529 -2.896635 3.712791 -1.055005 -2.828579 3.855591 -1.330970 -3.568470 3.855591 -1.073007 -3.654328 3.712791'/>
				</IndexedFaceSet>
			</Shape>
			<Shape DEF='_IDX_924'>
				<Appearance DEF='Material_470_IDX_470'>
					<Material diffuseColor='0.894195 0.598816 0.220182'/>
					
				</Appearance>
				<IndexedFaceSet solid="false" coordIndex='0 1 2 3 -1'>
					<Coordinate point='-0.662185 -2.255195 3.712791 -0.821381 -2.202209 3.855591 -1.055005 -2.828579 3.855591 -0.850529 -2.896635 3.712791'/>
				</IndexedFaceSet>
			</Shape>
			<Shape DEF='_IDX_925'>
				<Appearance DEF='Material_471_IDX_471'>
					<Material diffuseColor='0.894195 0.598816 0.220182'/>
					
				</Appearance>
				<IndexedFaceSet solid="false" coordIndex='0 1 2 3 -1'>
					<Coordinate point='-0.500417 -1.704263 3.712791 -0.620722 -1.664221 3.855591 -0.821381 -2.202209 3.855591 -0.662185 -2.255195 3.712791'/>
				</IndexedFaceSet>
			</Shape>
			<Shape DEF='_IDX_926'>
				<Appearance DEF='Material_472_IDX_472'>
					<Material diffuseColor='0.894195 0.598816 0.220182'/>
					
				</Appearance>
				<IndexedFaceSet solid="false" coordIndex='0 1 2 3 -1'>
					<Coordinate point='-0.358732 -1.221729 3.712791 -0.444975 -1.193025 3.855591 -0.620722 -1.664221 3.855591 -0.500417 -1.704263 3.712791'/>
				</IndexedFaceSet>
			</Shape>
			<Shape DEF='_IDX_927'>
				<Appearance DEF='Material_473_IDX_473'>
					<Material diffuseColor='0.894195 0.598816 0.220182'/>
					
				</Appearance>
				<IndexedFaceSet solid="false" coordIndex='0 1 2 3 -1'>
					<Coordinate point='-0.231445 -0.788228 3.712791 -0.287086 -0.769709 3.855591 -0.444975 -1.193025 3.855591 -0.358732 -1.221729 3.712791'/>
				</IndexedFaceSet>
			</Shape>
			<Shape DEF='_IDX_928'>
				<Appearance DEF='Material_474_IDX_474'>
					<Material diffuseColor='0.894195 0.598816 0.220182'/>
					
				</Appearance>
				<IndexedFaceSet solid="false" coordIndex='0 1 2 3 -1'>
					<Coordinate point='-0.113446 -0.386361 3.712791 -0.140719 -0.377283 3.855591 -0.287086 -0.769709 3.855591 -0.231445 -0.788228 3.712791'/>
				</IndexedFaceSet>
			</Shape>
			<Shape DEF='_IDX_929'>
				<Appearance DEF='Material_475_IDX_475'>
					<Material diffuseColor='0.894195 0.598816 0.220182'/>
					
				</Appearance>
				<IndexedFaceSet solid="false" coordIndex='0 1 2 3 -1'>
					<Coordinate point='-0.000000 0.000000 3.712791 -0.000000 0.000000 3.855591 -0.140719 -0.377283 3.855591 -0.113446 -0.386361 3.712791'/>
				</IndexedFaceSet>
			</Shape>
			<Shape DEF='_IDX_930'>
				<Appearance DEF='Material_476_IDX_476'>
					<Material diffuseColor='0.901014 0.582826 0.216542'/>
					
				</Appearance>
				<IndexedFaceSet solid="false" coordIndex='0 1 2 3 -1'>
					<Coordinate point='-2.056369 -5.513339 3.855591 -2.444447 -5.352592 3.998391 -3.013304 -6.598217 3.998391 -2.534916 -6.796372 3.855591'/>
				</IndexedFaceSet>
			</Shape>
			<Shape DEF='_IDX_931'>
				<Appearance DEF='Material_477_IDX_477'>
					<Material diffuseColor='0.901014 0.582826 0.216542'/>
					
				</Appearance>
				<IndexedFaceSet solid="false" coordIndex='0 1 2 3 -1'>
					<Coordinate point='-1.660352 -4.451575 3.855591 -1.973693 -4.321785 3.998391 -2.444447 -5.352592 3.998391 -2.056369 -5.513339 3.855591'/>
				</IndexedFaceSet>
			</Shape>
			<Shape DEF='_IDX_932'>
				<Appearance DEF='Material_478_IDX_478'>
					<Material diffuseColor='0.901014 0.582826 0.216542'/>
					
				</Appearance>
				<IndexedFaceSet solid="false" coordIndex='0 1 2 3 -1'>
					<Coordinate point='-1.330970 -3.568470 3.855591 -1.582151 -3.464427 3.998391 -1.973693 -4.321785 3.998391 -1.660352 -4.451575 3.855591'/>
				</IndexedFaceSet>
			</Shape>
			<Shape DEF='_IDX_933'>
				<Appearance DEF='Material_479_IDX_479'>
					<Material diffuseColor='0.901014 0.582826 0.216542'/>
					
				</Appearance>
				<IndexedFaceSet solid="false" coordIndex='0 1 2 3 -1'>
					<Coordinate point='-1.055005 -2.828579 3.855591 -1.254106 -2.746109 3.998391 -1.582151 -3.464427 3.998391 -1.330970 -3.568470 3.855591'/>
				</IndexedFaceSet>
			</Shape>
			<Shape DEF='_IDX_934'>
				<Appearance DEF='Material_480_IDX_480'>
					<Material diffuseColor='0.901014 0.582826 0.216542'/>
					
				</Appearance>
				<IndexedFaceSet solid="false" coordIndex='0 1 2 3 -1'>
					<Coordinate point='-0.821381 -2.202209 3.855591 -0.976392 -2.138001 3.998391 -1.254106 -2.746109 3.998391 -1.055005 -2.828579 3.855591'/>
				</IndexedFaceSet>
			</Shape>
			<Shape DEF='_IDX_935'>
				<Appearance DEF='Material_481_IDX_481'>
					<Material diffuseColor='0.901014 0.582826 0.216542'/>
					
				</Appearance>
				<IndexedFaceSet solid="false" coordIndex='0 1 2 3 -1'>
					<Coordinate point='-0.620722 -1.664221 3.855591 -0.737865 -1.615699 3.998391 -0.976392 -2.138001 3.998391 -0.821381 -2.202209 3.855591'/>
				</IndexedFaceSet>
			</Shape>
			<Shape DEF='_IDX_936'>
				<Appearance DEF='Material_482_IDX_482'>
					<Material diffuseColor='0.901014 0.582826 0.216542'/>
					
				</Appearance>
				<IndexedFaceSet solid="false" coordIndex='0 1 2 3 -1'>
					<Coordinate point='-0.444975 -1.193025 3.855591 -0.528951 -1.158241 3.998391 -0.737865 -1.615699 3.998391 -0.620722 -1.664221 3.855591'/>
				</IndexedFaceSet>
			</Shape>
			<Shape DEF='_IDX_937'>
				<Appearance DEF='Material_483_IDX_483'>
					<Material diffuseColor='0.901014 0.582826 0.216542'/>
					
				</Appearance>
				<IndexedFaceSet solid="false" coordIndex='0 1 2 3 -1'>
					<Coordinate point='-0.287086 -0.769709 3.855591 -0.341265 -0.747267 3.998391 -0.528951 -1.158241 3.998391 -0.444975 -1.193025 3.855591'/>
				</IndexedFaceSet>
			</Shape>
			<Shape DEF='_IDX_938'>
				<Appearance DEF='Material_484_IDX_484'>
					<Material diffuseColor='0.901014 0.582826 0.216542'/>
					
				</Appearance>
				<IndexedFaceSet solid="false" coordIndex='0 1 2 3 -1'>
					<Coordinate point='-0.140719 -0.377283 3.855591 -0.167276 -0.366283 3.998391 -0.341265 -0.747267 3.998391 -0.287086 -0.769709 3.855591'/>
				</IndexedFaceSet>
			</Shape>
			<Shape DEF='_IDX_939'>
				<Appearance DEF='Material_485_IDX_485'>
					<Material diffuseColor='0.901014 0.582826 0.216542'/>
					
				</Appearance>
				<IndexedFaceSet solid="false" coordIndex='0 1 2 3 -1'>
					<Coordinate point='-0.000000 0.000000 3.855591 -0.000000 0.000000 3.998391 -0.167276 -0.366283 3.998391 -0.140719 -0.377283 3.855591'/>
				</IndexedFaceSet>
			</Shape>
			<Shape DEF='_IDX_940'>
				<Appearance DEF='Material_486_IDX_486'>
					<Material diffuseColor='0.901348 0.559397 0.212082'/>
					
				</Appearance>
				<IndexedFaceSet solid="false" coordIndex='0 1 2 3 -1'>
					<Coordinate point='-2.444447 -5.352592 3.998391 -2.820068 -5.164569 4.141191 -3.476338 -6.366438 4.141191 -3.013304 -6.598217 3.998391'/>
				</IndexedFaceSet>
			</Shape>
			<Shape DEF='_IDX_941'>
				<Appearance DEF='Material_487_IDX_487'>
					<Material diffuseColor='0.901348 0.559397 0.212082'/>
					
				</Appearance>
				<IndexedFaceSet solid="false" coordIndex='0 1 2 3 -1'>
					<Coordinate point='-1.973693 -4.321785 3.998391 -2.276977 -4.169972 4.141191 -2.820068 -5.164569 4.141191 -2.444447 -5.352592 3.998391'/>
				</IndexedFaceSet>
			</Shape>
			<Shape DEF='_IDX_942'>
				<Appearance DEF='Material_488_IDX_488'>
					<Material diffuseColor='0.901348 0.559397 0.212082'/>
					
				</Appearance>
				<IndexedFaceSet solid="false" coordIndex='0 1 2 3 -1'>
					<Coordinate point='-1.582151 -3.464427 3.998391 -1.825269 -3.342731 4.141191 -2.276977 -4.169972 4.141191 -1.973693 -4.321785 3.998391'/>
				</IndexedFaceSet>
			</Shape>
			<Shape DEF='_IDX_943'>
				<Appearance DEF='Material_489_IDX_489'>
					<Material diffuseColor='0.901348 0.559397 0.212082'/>
					
				</Appearance>
				<IndexedFaceSet solid="false" coordIndex='0 1 2 3 -1'>
					<Coordinate point='-1.254106 -2.746109 3.998391 -1.446816 -2.649645 4.141191 -1.825269 -3.342731 4.141191 -1.582151 -3.464427 3.998391'/>
				</IndexedFaceSet>
			</Shape>
			<Shape DEF='_IDX_944'>
				<Appearance DEF='Material_490_IDX_490'>
					<Material diffuseColor='0.901348 0.559397 0.212082'/>
					
				</Appearance>
				<IndexedFaceSet solid="false" coordIndex='0 1 2 3 -1'>
					<Coordinate point='-0.976392 -2.138001 3.998391 -1.126428 -2.062899 4.141191 -1.446816 -2.649645 4.141191 -1.254106 -2.746109 3.998391'/>
				</IndexedFaceSet>
			</Shape>
			<Shape DEF='_IDX_945'>
				<Appearance DEF='Material_491_IDX_491'>
					<Material diffuseColor='0.901348 0.559397 0.212082'/>
					
				</Appearance>
				<IndexedFaceSet solid="false" coordIndex='0 1 2 3 -1'>
					<Coordinate point='-0.737865 -1.615699 3.998391 -0.851248 -1.558944 4.141191 -1.126428 -2.062899 4.141191 -0.976392 -2.138001 3.998391'/>
				</IndexedFaceSet>
			</Shape>
			<Shape DEF='_IDX_946'>
				<Appearance DEF='Material_492_IDX_492'>
					<Material diffuseColor='0.901348 0.559397 0.212082'/>
					
				</Appearance>
				<IndexedFaceSet solid="false" coordIndex='0 1 2 3 -1'>
					<Coordinate point='-0.528951 -1.158241 3.998391 -0.610231 -1.117555 4.141191 -0.851248 -1.558944 4.141191 -0.737865 -1.615699 3.998391'/>
				</IndexedFaceSet>
			</Shape>
			<Shape DEF='_IDX_947'>
				<Appearance DEF='Material_493_IDX_493'>
					<Material diffuseColor='0.901348 0.559397 0.212082'/>
					
				</Appearance>
				<IndexedFaceSet solid="false" coordIndex='0 1 2 3 -1'>
					<Coordinate point='-0.341265 -0.747267 3.998391 -0.393705 -0.721017 4.141191 -0.610231 -1.117555 4.141191 -0.528951 -1.158241 3.998391'/>
				</IndexedFaceSet>
			</Shape>
			<Shape DEF='_IDX_948'>
				<Appearance USE='Material_493_IDX_493'/>
				<IndexedFaceSet solid="false" coordIndex='0 1 2 3 -1'>
					<Coordinate point='-0.167276 -0.366283 3.998391 -0.192980 -0.353417 4.141191 -0.393705 -0.721017 4.141191 -0.341265 -0.747267 3.998391'/>
				</IndexedFaceSet>
			</Shape>
			<Shape DEF='_IDX_949'>
				<Appearance USE='Material_493_IDX_493'/>
				<IndexedFaceSet solid="false" coordIndex='0 1 2 3 -1'>
					<Coordinate point='-0.000000 0.000000 3.998391 -0.000000 0.000000 4.141191 -0.192980 -0.353417 4.141191 -0.167276 -0.366283 3.998391'/>
				</IndexedFaceSet>
			</Shape>
			<Shape DEF='_IDX_950'>
				<Appearance DEF='Material_494_IDX_494'>
					<Material diffuseColor='0.901683 0.535967 0.207623'/>
					
				</Appearance>
				<IndexedFaceSet solid="false" coordIndex='0 1 2 3 -1'>
					<Coordinate point='-2.820068 -5.164569 4.141191 -3.181319 -4.950229 4.283990 -3.921658 -6.102218 4.283990 -3.476338 -6.366438 4.141191'/>
				</IndexedFaceSet>
			</Shape>
			<Shape DEF='_IDX_951'>
				<Appearance DEF='Material_495_IDX_495'>
					<Material diffuseColor='0.901683 0.535967 0.207623'/>
					
				</Appearance>
				<IndexedFaceSet solid="false" coordIndex='0 1 2 3 -1'>
					<Coordinate point='-2.276977 -4.169972 4.141191 -2.568658 -3.996910 4.283990 -3.181319 -4.950229 4.283990 -2.820068 -5.164569 4.141191'/>
				</IndexedFaceSet>
			</Shape>
			<Shape DEF='_IDX_952'>
				<Appearance DEF='Material_496_IDX_496'>
					<Material diffuseColor='0.901683 0.535967 0.207623'/>
					
				</Appearance>
				<IndexedFaceSet solid="false" coordIndex='0 1 2 3 -1'>
					<Coordinate point='-1.825269 -3.342731 4.141191 -2.059086 -3.204001 4.283990 -2.568658 -3.996910 4.283990 -2.276977 -4.169972 4.141191'/>
				</IndexedFaceSet>
			</Shape>
			<Shape DEF='_IDX_953'>
				<Appearance DEF='Material_497_IDX_497'>
					<Material diffuseColor='0.901683 0.535967 0.207623'/>
					
				</Appearance>
				<IndexedFaceSet solid="false" coordIndex='0 1 2 3 -1'>
					<Coordinate point='-1.446816 -2.649645 4.141191 -1.632153 -2.539679 4.283990 -2.059086 -3.204001 4.283990 -1.825269 -3.342731 4.141191'/>
				</IndexedFaceSet>
			</Shape>
			<Shape DEF='_IDX_954'>
				<Appearance DEF='Material_498_IDX_498'>
					<Material diffuseColor='0.901683 0.535967 0.207623'/>
					
				</Appearance>
				<IndexedFaceSet solid="false" coordIndex='0 1 2 3 -1'>
					<Coordinate point='-1.126428 -2.062899 4.141191 -1.270723 -1.977284 4.283990 -1.632153 -2.539679 4.283990 -1.446816 -2.649645 4.141191'/>
				</IndexedFaceSet>
			</Shape>
			<Shape DEF='_IDX_955'>
				<Appearance DEF='Material_499_IDX_499'>
					<Material diffuseColor='0.901683 0.535967 0.207623'/>
					
				</Appearance>
				<IndexedFaceSet solid="false" coordIndex='0 1 2 3 -1'>
					<Coordinate point='-0.851248 -1.558944 4.141191 -0.960293 -1.494245 4.283990 -1.270723 -1.977284 4.283990 -1.126428 -2.062899 4.141191'/>
				</IndexedFaceSet>
			</Shape>
			<Shape DEF='_IDX_956'>
				<Appearance DEF='Material_500_IDX_500'>
					<Material diffuseColor='0.901683 0.535967 0.207623'/>
					
				</Appearance>
				<IndexedFaceSet solid="false" coordIndex='0 1 2 3 -1'>
					<Coordinate point='-0.610231 -1.117555 4.141191 -0.688402 -1.071174 4.283990 -0.960293 -1.494245 4.283990 -0.851248 -1.558944 4.141191'/>
				</IndexedFaceSet>
			</Shape>
			<Shape DEF='_IDX_957'>
				<Appearance DEF='Material_501_IDX_501'>
					<Material diffuseColor='0.901683 0.535967 0.207623'/>
					
				</Appearance>
				<IndexedFaceSet solid="false" coordIndex='0 1 2 3 -1'>
					<Coordinate point='-0.393705 -0.721017 4.141191 -0.444139 -0.691094 4.283990 -0.688402 -1.071174 4.283990 -0.610231 -1.117555 4.141191'/>
				</IndexedFaceSet>
			</Shape>
			<Shape DEF='_IDX_958'>
				<Appearance DEF='Material_502_IDX_502'>
					<Material diffuseColor='0.901683 0.535967 0.207623'/>
					
				</Appearance>
				<IndexedFaceSet solid="false" coordIndex='0 1 2 3 -1'>
					<Coordinate point='-0.192980 -0.353417 4.141191 -0.217701 -0.338749 4.283990 -0.444139 -0.691094 4.283990 -0.393705 -0.721017 4.141191'/>
				</IndexedFaceSet>
			</Shape>
			<Shape DEF='_IDX_959'>
				<Appearance USE='Material_502_IDX_502'/>
				<IndexedFaceSet solid="false" coordIndex='0 1 2 3 -1'>
					<Coordinate point='-0.000000 0.000000 4.141191 0.000000 0.000000 4.283990 -0.217701 -0.338749 4.283990 -0.192980 -0.353417 4.141191'/>
				</IndexedFaceSet>
			</Shape>
			<Shape DEF='_IDX_960'>
				<Appearance DEF='Material_503_IDX_503'>
					<Material diffuseColor='0.902017 0.512538 0.203163'/>
					
				</Appearance>
				<IndexedFaceSet solid="false" coordIndex='0 1 2 3 -1'>
					<Coordinate point='-3.181319 -4.950229 4.283990 -3.526359 -4.710664 4.426790 -4.346993 -5.806903 4.426790 -3.921658 -6.102218 4.283990'/>
				</IndexedFaceSet>
			</Shape>
			<Shape DEF='_IDX_961'>
				<Appearance DEF='Material_504_IDX_504'>
					<Material diffuseColor='0.902017 0.512538 0.203163'/>
					
				</Appearance>
				<IndexedFaceSet solid="false" coordIndex='0 1 2 3 -1'>
					<Coordinate point='-2.568658 -3.996910 4.283990 -2.847250 -3.803480 4.426790 -3.526359 -4.710664 4.426790 -3.181319 -4.950229 4.283990'/>
				</IndexedFaceSet>
			</Shape>
			<Shape DEF='_IDX_962'>
				<Appearance DEF='Material_505_IDX_505'>
					<Material diffuseColor='0.902017 0.512538 0.203163'/>
					
				</Appearance>
				<IndexedFaceSet solid="false" coordIndex='0 1 2 3 -1'>
					<Coordinate point='-2.059086 -3.204001 4.283990 -2.282411 -3.048944 4.426790 -2.847250 -3.803480 4.426790 -2.568658 -3.996910 4.283990'/>
				</IndexedFaceSet>
			</Shape>
			<Shape DEF='_IDX_963'>
				<Appearance DEF='Material_506_IDX_506'>
					<Material diffuseColor='0.902017 0.512538 0.203163'/>
					
				</Appearance>
				<IndexedFaceSet solid="false" coordIndex='0 1 2 3 -1'>
					<Coordinate point='-1.632153 -2.539679 4.283990 -1.809173 -2.416772 4.426790 -2.282411 -3.048944 4.426790 -2.059086 -3.204001 4.283990'/>
				</IndexedFaceSet>
			</Shape>
			<Shape DEF='_IDX_964'>
				<Appearance DEF='Material_507_IDX_507'>
					<Material diffuseColor='0.902017 0.512538 0.203163'/>
					
				</Appearance>
				<IndexedFaceSet solid="false" coordIndex='0 1 2 3 -1'>
					<Coordinate point='-1.270723 -1.977284 4.283990 -1.408544 -1.881594 4.426790 -1.809173 -2.416772 4.426790 -1.632153 -2.539679 4.283990'/>
				</IndexedFaceSet>
			</Shape>
			<Shape DEF='_IDX_965'>
				<Appearance DEF='Material_508_IDX_508'>
					<Material diffuseColor='0.902017 0.512538 0.203163'/>
					
				</Appearance>
				<IndexedFaceSet solid="false" coordIndex='0 1 2 3 -1'>
					<Coordinate point='-0.960293 -1.494245 4.283990 -1.064444 -1.421931 4.426790 -1.408544 -1.881594 4.426790 -1.270723 -1.977284 4.283990'/>
				</IndexedFaceSet>
			</Shape>
			<Shape DEF='_IDX_966'>
				<Appearance DEF='Material_509_IDX_509'>
					<Material diffuseColor='0.902017 0.512538 0.203163'/>
					
				</Appearance>
				<IndexedFaceSet solid="false" coordIndex='0 1 2 3 -1'>
					<Coordinate point='-0.688402 -1.071174 4.283990 -0.763065 -1.019335 4.426790 -1.064444 -1.421931 4.426790 -0.960293 -1.494245 4.283990'/>
				</IndexedFaceSet>
			</Shape>
			<Shape DEF='_IDX_967'>
				<Appearance DEF='Material_510_IDX_510'>
					<Material diffuseColor='0.902017 0.512538 0.203163'/>
					
				</Appearance>
				<IndexedFaceSet solid="false" coordIndex='0 1 2 3 -1'>
					<Coordinate point='-0.444139 -0.691094 4.283990 -0.492309 -0.657648 4.426790 -0.763065 -1.019335 4.426790 -0.688402 -1.071174 4.283990'/>
				</IndexedFaceSet>
			</Shape>
			<Shape DEF='_IDX_968'>
				<Appearance DEF='Material_511_IDX_511'>
					<Material diffuseColor='0.902017 0.512538 0.203163'/>
					
				</Appearance>
				<IndexedFaceSet solid="false" coordIndex='0 1 2 3 -1'>
					<Coordinate point='-0.217701 -0.338749 4.283990 -0.241312 -0.322356 4.426790 -0.492309 -0.657648 4.426790 -0.444139 -0.691094 4.283990'/>
				</IndexedFaceSet>
			</Shape>
			<Shape DEF='_IDX_969'>
				<Appearance DEF='Material_512_IDX_512'>
					<Material diffuseColor='0.902017 0.512538 0.203163'/>
					
				</Appearance>
				<IndexedFaceSet solid="false" coordIndex='0 1 2 3 -1'>
					<Coordinate point='0.000000 0.000000 4.283990 -0.000000 0.000000 4.426790 -0.241312 -0.322356 4.426790 -0.217701 -0.338749 4.283990'/>
				</IndexedFaceSet>
			</Shape>
			<Shape DEF='_IDX_970'>
				<Appearance DEF='Material_513_IDX_513'>
					<Material diffuseColor='0.902351 0.489108 0.198703'/>
					
				</Appearance>
				<IndexedFaceSet solid="false" coordIndex='0 1 2 3 -1'>
					<Coordinate point='-3.526359 -4.710664 4.426790 -3.853429 -4.447094 4.569589 -4.750177 -5.481997 4.569589 -4.346993 -5.806903 4.426790'/>
				</IndexedFaceSet>
			</Shape>
			<Shape DEF='_IDX_971'>
				<Appearance DEF='Material_514_IDX_514'>
					<Material diffuseColor='0.902351 0.489108 0.198703'/>
					
				</Appearance>
				<IndexedFaceSet solid="false" coordIndex='0 1 2 3 -1'>
					<Coordinate point='-2.847250 -3.803480 4.426790 -3.111332 -3.590669 4.569589 -3.853429 -4.447094 4.569589 -3.526359 -4.710664 4.426790'/>
				</IndexedFaceSet>
			</Shape>
			<Shape DEF='_IDX_972'>
				<Appearance DEF='Material_515_IDX_515'>
					<Material diffuseColor='0.902351 0.489108 0.198703'/>
					
				</Appearance>
				<IndexedFaceSet solid="false" coordIndex='0 1 2 3 -1'>
					<Coordinate point='-2.282411 -3.048944 4.426790 -2.494105 -2.878350 4.569589 -3.111332 -3.590669 4.569589 -2.847250 -3.803480 4.426790'/>
				</IndexedFaceSet>
			</Shape>
			<Shape DEF='_IDX_973'>
				<Appearance DEF='Material_516_IDX_516'>
					<Material diffuseColor='0.902351 0.489108 0.198703'/>
					
				</Appearance>
				<IndexedFaceSet solid="false" coordIndex='0 1 2 3 -1'>
					<Coordinate point='-1.809173 -2.416772 4.426790 -1.976974 -2.281549 4.569589 -2.494105 -2.878350 4.569589 -2.282411 -3.048944 4.426790'/>
				</IndexedFaceSet>
			</Shape>
			<Shape DEF='_IDX_974'>
				<Appearance DEF='Material_517_IDX_517'>
					<Material diffuseColor='0.902351 0.489108 0.198703'/>
					
				</Appearance>
				<IndexedFaceSet solid="false" coordIndex='0 1 2 3 -1'>
					<Coordinate point='-1.408544 -1.881594 4.426790 -1.539186 -1.776316 4.569589 -1.976974 -2.281549 4.569589 -1.809173 -2.416772 4.426790'/>
				</IndexedFaceSet>
			</Shape>
			<Shape DEF='_IDX_975'>
				<Appearance DEF='Material_518_IDX_518'>
					<Material diffuseColor='0.902351 0.489108 0.198703'/>
					
				</Appearance>
				<IndexedFaceSet solid="false" coordIndex='0 1 2 3 -1'>
					<Coordinate point='-1.064444 -1.421931 4.426790 -1.163172 -1.342371 4.569589 -1.539186 -1.776316 4.569589 -1.408544 -1.881594 4.426790'/>
				</IndexedFaceSet>
			</Shape>
			<Shape DEF='_IDX_976'>
				<Appearance DEF='Material_519_IDX_519'>
					<Material diffuseColor='0.902351 0.489108 0.198703'/>
					
				</Appearance>
				<IndexedFaceSet solid="false" coordIndex='0 1 2 3 -1'>
					<Coordinate point='-0.763065 -1.019335 4.426790 -0.833839 -0.962301 4.569589 -1.163172 -1.342371 4.569589 -1.064444 -1.421931 4.426790'/>
				</IndexedFaceSet>
			</Shape>
			<Shape DEF='_IDX_977'>
				<Appearance DEF='Material_520_IDX_520'>
					<Material diffuseColor='0.902351 0.489108 0.198703'/>
					
				</Appearance>
				<IndexedFaceSet solid="false" coordIndex='0 1 2 3 -1'>
					<Coordinate point='-0.492309 -0.657648 4.426790 -0.537971 -0.620852 4.569589 -0.833839 -0.962301 4.569589 -0.763065 -1.019335 4.426790'/>
				</IndexedFaceSet>
			</Shape>
			<Shape DEF='_IDX_978'>
				<Appearance DEF='Material_521_IDX_521'>
					<Material diffuseColor='0.902351 0.489108 0.198703'/>
					
				</Appearance>
				<IndexedFaceSet solid="false" coordIndex='0 1 2 3 -1'>
					<Coordinate point='-0.241312 -0.322356 4.426790 -0.263694 -0.304319 4.569589 -0.537971 -0.620852 4.569589 -0.492309 -0.657648 4.426790'/>
				</IndexedFaceSet>
			</Shape>
			<Shape DEF='_IDX_979'>
				<Appearance DEF='Material_522_IDX_522'>
					<Material diffuseColor='0.902351 0.489108 0.198703'/>
					
				</Appearance>
				<IndexedFaceSet solid="false" coordIndex='0 1 2 3 -1'>
					<Coordinate point='-0.000000 0.000000 4.426790 -0.000000 0.000000 4.569589 -0.263694 -0.304319 4.569589 -0.241312 -0.322356 4.426790'/>
				</IndexedFaceSet>
			</Shape>
			<Shape DEF='_IDX_980'>
				<Appearance DEF='Material_523_IDX_523'>
					<Material diffuseColor='0.902686 0.465679 0.194244'/>
					
				</Appearance>
				<IndexedFaceSet solid="false" coordIndex='0 1 2 3 -1'>
					<Coordinate point='-3.853429 -4.447094 4.569589 -4.160863 -4.160863 4.712389 -5.129155 -5.129155 4.712389 -4.750177 -5.481997 4.569589'/>
				</IndexedFaceSet>
			</Shape>
			<Shape DEF='_IDX_981'>
				<Appearance DEF='Material_524_IDX_524'>
					<Material diffuseColor='0.902686 0.465679 0.194244'/>
					
				</Appearance>
				<IndexedFaceSet solid="false" coordIndex='0 1 2 3 -1'>
					<Coordinate point='-3.111332 -3.590669 4.569589 -3.359560 -3.359560 4.712389 -4.160863 -4.160863 4.712389 -3.853429 -4.447094 4.569589'/>
				</IndexedFaceSet>
			</Shape>
			<Shape DEF='_IDX_982'>
				<Appearance DEF='Material_525_IDX_525'>
					<Material diffuseColor='0.902686 0.465679 0.194244'/>
					
				</Appearance>
				<IndexedFaceSet solid="false" coordIndex='0 1 2 3 -1'>
					<Coordinate point='-2.494105 -2.878350 4.569589 -2.693089 -2.693089 4.712389 -3.359560 -3.359560 4.712389 -3.111332 -3.590669 4.569589'/>
				</IndexedFaceSet>
			</Shape>
			<Shape DEF='_IDX_983'>
				<Appearance DEF='Material_526_IDX_526'>
					<Material diffuseColor='0.902686 0.465679 0.194244'/>
					
				</Appearance>
				<IndexedFaceSet solid="false" coordIndex='0 1 2 3 -1'>
					<Coordinate point='-1.976974 -2.281549 4.569589 -2.134701 -2.134701 4.712389 -2.693089 -2.693089 4.712389 -2.494105 -2.878350 4.569589'/>
				</IndexedFaceSet>
			</Shape>
			<Shape DEF='_IDX_984'>
				<Appearance DEF='Material_527_IDX_527'>
					<Material diffuseColor='0.902686 0.465679 0.194244'/>
					
				</Appearance>
				<IndexedFaceSet solid="false" coordIndex='0 1 2 3 -1'>
					<Coordinate point='-1.539186 -1.776316 4.569589 -1.661986 -1.661986 4.712389 -2.134701 -2.134701 4.712389 -1.976974 -2.281549 4.569589'/>
				</IndexedFaceSet>
			</Shape>
			<Shape DEF='_IDX_985'>
				<Appearance DEF='Material_528_IDX_528'>
					<Material diffuseColor='0.902686 0.465679 0.194244'/>
					
				</Appearance>
				<IndexedFaceSet solid="false" coordIndex='0 1 2 3 -1'>
					<Coordinate point='-1.163172 -1.342371 4.569589 -1.255972 -1.255972 4.712389 -1.661986 -1.661986 4.712389 -1.539186 -1.776316 4.569589'/>
				</IndexedFaceSet>
			</Shape>
			<Shape DEF='_IDX_986'>
				<Appearance DEF='Material_529_IDX_529'>
					<Material diffuseColor='0.902686 0.465679 0.194244'/>
					
				</Appearance>
				<IndexedFaceSet solid="false" coordIndex='0 1 2 3 -1'>
					<Coordinate point='-0.833839 -0.962301 4.569589 -0.900364 -0.900364 4.712389 -1.255972 -1.255972 4.712389 -1.163172 -1.342371 4.569589'/>
				</IndexedFaceSet>
			</Shape>
			<Shape DEF='_IDX_987'>
				<Appearance DEF='Material_530_IDX_530'>
					<Material diffuseColor='0.902686 0.465679 0.194244'/>
					
				</Appearance>
				<IndexedFaceSet solid="false" coordIndex='0 1 2 3 -1'>
					<Coordinate point='-0.537971 -0.620852 4.569589 -0.580891 -0.580891 4.712389 -0.900364 -0.900364 4.712389 -0.833839 -0.962301 4.569589'/>
				</IndexedFaceSet>
			</Shape>
			<Shape DEF='_IDX_988'>
				<Appearance DEF='Material_531_IDX_531'>
					<Material diffuseColor='0.902686 0.465679 0.194244'/>
					
				</Appearance>
				<IndexedFaceSet solid="false" coordIndex='0 1 2 3 -1'>
					<Coordinate point='-0.263694 -0.304319 4.569589 -0.284732 -0.284732 4.712389 -0.580891 -0.580891 4.712389 -0.537971 -0.620852 4.569589'/>
				</IndexedFaceSet>
			</Shape>
			<Shape DEF='_IDX_989'>
				<Appearance DEF='Material_532_IDX_532'>
					<Material diffuseColor='0.902686 0.465679 0.194244'/>
					
				</Appearance>
				<IndexedFaceSet solid="false" coordIndex='0 1 2 3 -1'>
					<Coordinate point='-0.000000 0.000000 4.569589 -0.000000 -0.000000 4.712389 -0.284732 -0.284732 4.712389 -0.263694 -0.304319 4.569589'/>
				</IndexedFaceSet>
			</Shape>
			<Shape DEF='_IDX_990'>
				<Appearance DEF='Material_533_IDX_533'>
					<Material diffuseColor='0.859245 0.145843 0.134706'/>
					
				</Appearance>
				<IndexedFaceSet solid="false" coordIndex='0 1 2 3 -1'>
					<Coordinate point='-0.402672 -0.000000 6.283185 -0.401646 -0.028726 6.140386 0.000000 -0.000000 6.140386 0.000000 -0.000000 6.283185'/>
				</IndexedFaceSet>
			</Shape>
			<Shape DEF='_IDX_991'>
				<Appearance DEF='Material_534_IDX_534'>
					<Material diffuseColor='0.859245 0.145843 0.134706'/>
					
				</Appearance>
				<IndexedFaceSet solid="false" coordIndex='0 1 2 3 -1'>
					<Coordinate point='-0.821505 0.000000 6.283185 -0.819412 -0.058605 6.140386 -0.401646 -0.028726 6.140386 -0.402672 -0.000000 6.283185'/>
				</IndexedFaceSet>
			</Shape>
			<Shape DEF='_IDX_992'>
				<Appearance DEF='Material_535_IDX_535'>
					<Material diffuseColor='0.859245 0.145843 0.134706'/>
					
				</Appearance>
				<IndexedFaceSet solid="false" coordIndex='0 1 2 3 -1'>
					<Coordinate point='-1.273307 -0.000000 6.283185 -1.270063 -0.090837 6.140386 -0.819412 -0.058605 6.140386 -0.821505 0.000000 6.283185'/>
				</IndexedFaceSet>
			</Shape>
			<Shape DEF='_IDX_993'>
				<Appearance DEF='Material_536_IDX_536'>
					<Material diffuseColor='0.859245 0.145843 0.134706'/>
					
				</Appearance>
				<IndexedFaceSet solid="false" coordIndex='0 1 2 3 -1'>
					<Coordinate point='-1.776212 -0.000000 6.283185 -1.771686 -0.126714 6.140386 -1.270063 -0.090837 6.140386 -1.273307 -0.000000 6.283185'/>
				</IndexedFaceSet>
			</Shape>
			<Shape DEF='_IDX_994'>
				<Appearance DEF='Material_537_IDX_537'>
					<Material diffuseColor='0.859245 0.145843 0.134706'/>
					
				</Appearance>
				<IndexedFaceSet solid="false" coordIndex='0 1 2 3 -1'>
					<Coordinate point='-2.350402 -0.000000 6.283185 -2.344414 -0.167676 6.140386 -1.771686 -0.126714 6.140386 -1.776212 -0.000000 6.283185'/>
				</IndexedFaceSet>
			</Shape>
			<Shape DEF='_IDX_995'>
				<Appearance DEF='Material_538_IDX_538'>
					<Material diffuseColor='0.859245 0.145843 0.134706'/>
					
				</Appearance>
				<IndexedFaceSet solid="false" coordIndex='0 1 2 3 -1'>
					<Coordinate point='-3.018923 0.000000 6.283185 -3.011231 -0.215367 6.140386 -2.344414 -0.167676 6.140386 -2.350402 -0.000000 6.283185'/>
				</IndexedFaceSet>
			</Shape>
			<Shape DEF='_IDX_996'>
				<Appearance DEF='Material_539_IDX_539'>
					<Material diffuseColor='0.859245 0.145843 0.134706'/>
					
				</Appearance>
				<IndexedFaceSet solid="false" coordIndex='0 1 2 3 -1'>
					<Coordinate point='-3.808603 -0.000000 6.283185 -3.798899 -0.271703 6.140386 -3.011231 -0.215367 6.140386 -3.018923 0.000000 6.283185'/>
				</IndexedFaceSet>
			</Shape>
			<Shape DEF='_IDX_997'>
				<Appearance DEF='Material_540_IDX_540'>
					<Material diffuseColor='0.859245 0.145843 0.134706'/>
					
				</Appearance>
				<IndexedFaceSet solid="false" coordIndex='0 1 2 3 -1'>
					<Coordinate point='-4.751136 -0.000000 6.283185 -4.739030 -0.338942 6.140386 -3.798899 -0.271703 6.140386 -3.808603 -0.000000 6.283185'/>
				</IndexedFaceSet>
			</Shape>
			<Shape DEF='_IDX_998'>
				<Appearance DEF='Material_541_IDX_541'>
					<Material diffuseColor='0.859245 0.145843 0.134706'/>
					
				</Appearance>
				<IndexedFaceSet solid="false" coordIndex='0 1 2 3 -1'>
					<Coordinate point='-5.884348 0.000000 6.283185 -5.869356 -0.419785 6.140386 -4.739030 -0.338942 6.140386 -4.751136 -0.000000 6.283185'/>
				</IndexedFaceSet>
			</Shape>
			<Shape DEF='_IDX_999'>
				<Appearance DEF='Material_542_IDX_542'>
					<Material diffuseColor='0.859245 0.145843 0.134706'/>
					
				</Appearance>
				<IndexedFaceSet solid="false" coordIndex='0 1 2 3 -1'>
					<Coordinate point='-7.253721 0.000000 6.283185 -7.235239 -0.517475 6.140386 -5.869356 -0.419785 6.140386 -5.884348 0.000000 6.283185'/>
				</IndexedFaceSet>
			</Shape>
			<Shape DEF='_IDX_1000'>
				<Appearance DEF='Material_543_IDX_543'>
					<Material diffuseColor='0.863018 0.175316 0.139861'/>
					
				</Appearance>
				<IndexedFaceSet solid="false" coordIndex='0 1 2 3 -1'>
					<Coordinate point='-0.401646 -0.028726 6.140386 -0.398573 -0.057306 5.997586 -0.000000 0.000000 5.997586 0.000000 -0.000000 6.140386'/>
				</IndexedFaceSet>
			</Shape>
			<Shape DEF='_IDX_1001'>
				<Appearance DEF='Material_544_IDX_544'>
					<Material diffuseColor='0.863018 0.175316 0.139861'/>
					
				</Appearance>
				<IndexedFaceSet solid="false" coordIndex='0 1 2 3 -1'>
					<Coordinate point='-0.819412 -0.058605 6.140386 -0.813143 -0.116912 5.997586 -0.398573 -0.057306 5.997586 -0.401646 -0.028726 6.140386'/>
				</IndexedFaceSet>
			</Shape>
			<Shape DEF='_IDX_1002'>
				<Appearance DEF='Material_545_IDX_545'>
					<Material diffuseColor='0.863018 0.175316 0.139861'/>
					
				</Appearance>
				<IndexedFaceSet solid="false" coordIndex='0 1 2 3 -1'>
					<Coordinate point='-1.270063 -0.090837 6.140386 -1.260347 -0.181211 5.997586 -0.813143 -0.116912 5.997586 -0.819412 -0.058605 6.140386'/>
				</IndexedFaceSet>
			</Shape>
			<Shape DEF='_IDX_1003'>
				<Appearance DEF='Material_546_IDX_546'>
					<Material diffuseColor='0.863018 0.175316 0.139861'/>
					
				</Appearance>
				<IndexedFaceSet solid="false" coordIndex='0 1 2 3 -1'>
					<Coordinate point='-1.771686 -0.126714 6.140386 -1.758133 -0.252781 5.997586 -1.260347 -0.181211 5.997586 -1.270063 -0.090837 6.140386'/>
				</IndexedFaceSet>
			</Shape>
			<Shape DEF='_IDX_1004'>
				<Appearance DEF='Material_547_IDX_547'>
					<Material diffuseColor='0.863018 0.175316 0.139861'/>
					
				</Appearance>
				<IndexedFaceSet solid="false" coordIndex='0 1 2 3 -1'>
					<Coordinate point='-2.344414 -0.167676 6.140386 -2.326479 -0.334497 5.997586 -1.758133 -0.252781 5.997586 -1.771686 -0.126714 6.140386'/>
				</IndexedFaceSet>
			</Shape>
			<Shape DEF='_IDX_1005'>
				<Appearance DEF='Material_548_IDX_548'>
					<Material diffuseColor='0.863018 0.175316 0.139861'/>
					
				</Appearance>
				<IndexedFaceSet solid="false" coordIndex='0 1 2 3 -1'>
					<Coordinate point='-3.011231 -0.215367 6.140386 -2.988194 -0.429637 5.997586 -2.326479 -0.334497 5.997586 -2.344414 -0.167676 6.140386'/>
				</IndexedFaceSet>
			</Shape>
			<Shape DEF='_IDX_1006'>
				<Appearance DEF='Material_549_IDX_549'>
					<Material diffuseColor='0.863018 0.175316 0.139861'/>
					
				</Appearance>
				<IndexedFaceSet solid="false" coordIndex='0 1 2 3 -1'>
					<Coordinate point='-3.798899 -0.271703 6.140386 -3.769837 -0.542021 5.997586 -2.988194 -0.429637 5.997586 -3.011231 -0.215367 6.140386'/>
				</IndexedFaceSet>
			</Shape>
			<Shape DEF='_IDX_1007'>
				<Appearance DEF='Material_550_IDX_550'>
					<Material diffuseColor='0.863018 0.175316 0.139861'/>
					
				</Appearance>
				<IndexedFaceSet solid="false" coordIndex='0 1 2 3 -1'>
					<Coordinate point='-4.739030 -0.338942 6.140386 -4.702776 -0.676157 5.997586 -3.769837 -0.542021 5.997586 -3.798899 -0.271703 6.140386'/>
				</IndexedFaceSet>
			</Shape>
			<Shape DEF='_IDX_1008'>
				<Appearance DEF='Material_551_IDX_551'>
					<Material diffuseColor='0.863018 0.175316 0.139861'/>
					
				</Appearance>
				<IndexedFaceSet solid="false" coordIndex='0 1 2 3 -1'>
					<Coordinate point='-5.869356 -0.419785 6.140386 -5.824454 -0.837430 5.997586 -4.702776 -0.676157 5.997586 -4.739030 -0.338942 6.140386'/>
				</IndexedFaceSet>
			</Shape>
			<Shape DEF='_IDX_1009'>
				<Appearance DEF='Material_552_IDX_552'>
					<Material diffuseColor='0.863018 0.175316 0.139861'/>
					
				</Appearance>
				<IndexedFaceSet solid="false" coordIndex='0 1 2 3 -1'>
					<Coordinate point='-7.235239 -0.517475 6.140386 -7.179888 -1.032312 5.997586 -5.824454 -0.837430 5.997586 -5.869356 -0.419785 6.140386'/>
				</IndexedFaceSet>
			</Shape>
			<Shape DEF='_IDX_1010'>
				<Appearance DEF='Material_553_IDX_553'>
					<Material diffuseColor='0.866790 0.204789 0.145016'/>
					
				</Appearance>
				<IndexedFaceSet solid="false" coordIndex='0 1 2 3 -1'>
					<Coordinate point='-0.398573 -0.057306 5.997586 -0.393470 -0.085594 5.854786 0.000000 -0.000000 5.854786 -0.000000 0.000000 5.997586'/>
				</IndexedFaceSet>
			</Shape>
			<Shape DEF='_IDX_1011'>
				<Appearance DEF='Material_554_IDX_554'>
					<Material diffuseColor='0.866790 0.204789 0.145016'/>
					
				</Appearance>
				<IndexedFaceSet solid="false" coordIndex='0 1 2 3 -1'>
					<Coordinate point='-0.813143 -0.116912 5.997586 -0.802731 -0.174623 5.854786 -0.393470 -0.085594 5.854786 -0.398573 -0.057306 5.997586'/>
				</IndexedFaceSet>
			</Shape>
			<Shape DEF='_IDX_1012'>
				<Appearance DEF='Material_555_IDX_555'>
					<Material diffuseColor='0.866790 0.204789 0.145016'/>
					
				</Appearance>
				<IndexedFaceSet solid="false" coordIndex='0 1 2 3 -1'>
					<Coordinate point='-1.260347 -0.181211 5.997586 -1.244208 -0.270661 5.854786 -0.802731 -0.174623 5.854786 -0.813143 -0.116912 5.997586'/>
				</IndexedFaceSet>
			</Shape>
			<Shape DEF='_IDX_1013'>
				<Appearance DEF='Material_556_IDX_556'>
					<Material diffuseColor='0.866790 0.204789 0.145016'/>
					
				</Appearance>
				<IndexedFaceSet solid="false" coordIndex='0 1 2 3 -1'>
					<Coordinate point='-1.758133 -0.252781 5.997586 -1.735620 -0.377561 5.854786 -1.244208 -0.270661 5.854786 -1.260347 -0.181211 5.997586'/>
				</IndexedFaceSet>
			</Shape>
			<Shape DEF='_IDX_1014'>
				<Appearance DEF='Material_557_IDX_557'>
					<Material diffuseColor='0.866790 0.204789 0.145016'/>
					
				</Appearance>
				<IndexedFaceSet solid="false" coordIndex='0 1 2 3 -1'>
					<Coordinate point='-2.326479 -0.334497 5.997586 -2.296688 -0.499614 5.854786 -1.735620 -0.377561 5.854786 -1.758133 -0.252781 5.997586'/>
				</IndexedFaceSet>
			</Shape>
			<Shape DEF='_IDX_1015'>
				<Appearance DEF='Material_558_IDX_558'>
					<Material diffuseColor='0.866790 0.204789 0.145016'/>
					
				</Appearance>
				<IndexedFaceSet solid="false" coordIndex='0 1 2 3 -1'>
					<Coordinate point='-2.988194 -0.429637 5.997586 -2.949931 -0.641718 5.854786 -2.296688 -0.499614 5.854786 -2.326479 -0.334497 5.997586'/>
				</IndexedFaceSet>
			</Shape>
			<Shape DEF='_IDX_1016'>
				<Appearance DEF='Material_559_IDX_559'>
					<Material diffuseColor='0.866790 0.204789 0.145016'/>
					
				</Appearance>
				<IndexedFaceSet solid="false" coordIndex='0 1 2 3 -1'>
					<Coordinate point='-3.769837 -0.542021 5.997586 -3.721565 -0.809577 5.854786 -2.949931 -0.641718 5.854786 -2.988194 -0.429637 5.997586'/>
				</IndexedFaceSet>
			</Shape>
			<Shape DEF='_IDX_1017'>
				<Appearance DEF='Material_560_IDX_560'>
					<Material diffuseColor='0.866790 0.204789 0.145016'/>
					
				</Appearance>
				<IndexedFaceSet solid="false" coordIndex='0 1 2 3 -1'>
					<Coordinate point='-4.702776 -0.676157 5.997586 -4.642558 -1.009927 5.854786 -3.721565 -0.809577 5.854786 -3.769837 -0.542021 5.997586'/>
				</IndexedFaceSet>
			</Shape>
			<Shape DEF='_IDX_1018'>
				<Appearance DEF='Material_561_IDX_561'>
					<Material diffuseColor='0.866790 0.204789 0.145016'/>
					
				</Appearance>
				<IndexedFaceSet solid="false" coordIndex='0 1 2 3 -1'>
					<Coordinate point='-5.824454 -0.837430 5.997586 -5.749873 -1.250808 5.854786 -4.642558 -1.009927 5.854786 -4.702776 -0.676157 5.997586'/>
				</IndexedFaceSet>
			</Shape>
			<Shape DEF='_IDX_1019'>
				<Appearance DEF='Material_562_IDX_562'>
					<Material diffuseColor='0.866790 0.204789 0.145016'/>
					
				</Appearance>
				<IndexedFaceSet solid="false" coordIndex='0 1 2 3 -1'>
					<Coordinate point='-7.179888 -1.032312 5.997586 -7.087951 -1.541889 5.854786 -5.749873 -1.250808 5.854786 -5.824454 -0.837430 5.997586'/>
				</IndexedFaceSet>
			</Shape>
			<Shape DEF='_IDX_1020'>
				<Appearance DEF='Material_563_IDX_563'>
					<Material diffuseColor='0.870562 0.234262 0.150171'/>
					
				</Appearance>
				<IndexedFaceSet solid="false" coordIndex='0 1 2 3 -1'>
					<Coordinate point='-0.393470 -0.085594 5.854786 -0.386361 -0.113446 5.711987 0.000000 -0.000000 5.711987 0.000000 -0.000000 5.854786'/>
				</IndexedFaceSet>
			</Shape>
			<Shape DEF='_IDX_1021'>
				<Appearance DEF='Material_564_IDX_564'>
					<Material diffuseColor='0.870562 0.234262 0.150171'/>
					
				</Appearance>
				<IndexedFaceSet solid="false" coordIndex='0 1 2 3 -1'>
					<Coordinate point='-0.802731 -0.174623 5.854786 -0.788228 -0.231445 5.711987 -0.386361 -0.113446 5.711987 -0.393470 -0.085594 5.854786'/>
				</IndexedFaceSet>
			</Shape>
			<Shape DEF='_IDX_1022'>
				<Appearance DEF='Material_565_IDX_565'>
					<Material diffuseColor='0.870562 0.234262 0.150171'/>
					
				</Appearance>
				<IndexedFaceSet solid="false" coordIndex='0 1 2 3 -1'>
					<Coordinate point='-1.244208 -0.270661 5.854786 -1.221729 -0.358732 5.711987 -0.788228 -0.231445 5.711987 -0.802731 -0.174623 5.854786'/>
				</IndexedFaceSet>
			</Shape>
			<Shape DEF='_IDX_1023'>
				<Appearance DEF='Material_566_IDX_566'>
					<Material diffuseColor='0.870562 0.234262 0.150171'/>
					
				</Appearance>
				<IndexedFaceSet solid="false" coordIndex='0 1 2 3 -1'>
					<Coordinate point='-1.735620 -0.377561 5.854786 -1.704263 -0.500417 5.711987 -1.221729 -0.358732 5.711987 -1.244208 -0.270661 5.854786'/>
				</IndexedFaceSet>
			</Shape>
			<Shape DEF='_IDX_1024'>
				<Appearance DEF='Material_567_IDX_567'>
					<Material diffuseColor='0.870562 0.234262 0.150171'/>
					
				</Appearance>
				<IndexedFaceSet solid="false" coordIndex='0 1 2 3 -1'>
					<Coordinate point='-2.296688 -0.499614 5.854786 -2.255195 -0.662185 5.711987 -1.704263 -0.500417 5.711987 -1.735620 -0.377561 5.854786'/>
				</IndexedFaceSet>
			</Shape>
			<Shape DEF='_IDX_1025'>
				<Appearance DEF='Material_568_IDX_568'>
					<Material diffuseColor='0.870562 0.234262 0.150171'/>
					
				</Appearance>
				<IndexedFaceSet solid="false" coordIndex='0 1 2 3 -1'>
					<Coordinate point='-2.949931 -0.641718 5.854786 -2.896635 -0.850529 5.711987 -2.255195 -0.662185 5.711987 -2.296688 -0.499614 5.854786'/>
				</IndexedFaceSet>
			</Shape>
			<Shape DEF='_IDX_1026'>
				<Appearance DEF='Material_569_IDX_569'>
					<Material diffuseColor='0.870562 0.234262 0.150171'/>
					
				</Appearance>
				<IndexedFaceSet solid="false" coordIndex='0 1 2 3 -1'>
					<Coordinate point='-3.721565 -0.809577 5.854786 -3.654328 -1.073007 5.711987 -2.896635 -0.850529 5.711987 -2.949931 -0.641718 5.854786'/>
				</IndexedFaceSet>
			</Shape>
			<Shape DEF='_IDX_1027'>
				<Appearance DEF='Material_570_IDX_570'>
					<Material diffuseColor='0.870562 0.234262 0.150171'/>
					
				</Appearance>
				<IndexedFaceSet solid="false" coordIndex='0 1 2 3 -1'>
					<Coordinate point='-4.642558 -1.009927 5.854786 -4.558681 -1.338550 5.711987 -3.654328 -1.073007 5.711987 -3.721565 -0.809577 5.854786'/>
				</IndexedFaceSet>
			</Shape>
			<Shape DEF='_IDX_1028'>
				<Appearance DEF='Material_571_IDX_571'>
					<Material diffuseColor='0.870562 0.234262 0.150171'/>
					
				</Appearance>
				<IndexedFaceSet solid="false" coordIndex='0 1 2 3 -1'>
					<Coordinate point='-5.749873 -1.250808 5.854786 -5.645991 -1.657813 5.711987 -4.558681 -1.338550 5.711987 -4.642558 -1.009927 5.854786'/>
				</IndexedFaceSet>
			</Shape>
			<Shape DEF='_IDX_1029'>
				<Appearance DEF='Material_572_IDX_572'>
					<Material diffuseColor='0.870562 0.234262 0.150171'/>
					
				</Appearance>
				<IndexedFaceSet solid="false" coordIndex='0 1 2 3 -1'>
					<Coordinate point='-7.087951 -1.541889 5.854786 -6.959894 -2.043609 5.711987 -5.645991 -1.657813 5.711987 -5.749873 -1.250808 5.854786'/>
				</IndexedFaceSet>
			</Shape>
			<Shape DEF='_IDX_1030'>
				<Appearance DEF='Material_573_IDX_573'>
					<Material diffuseColor='0.874335 0.263735 0.155326'/>
					
				</Appearance>
				<IndexedFaceSet solid="false" coordIndex='0 1 2 3 -1'>
					<Coordinate point='-0.386361 -0.113446 5.711987 -0.377283 -0.140719 5.569187 0.000000 -0.000000 5.569187 0.000000 -0.000000 5.711987'/>
				</IndexedFaceSet>
			</Shape>
			<Shape DEF='_IDX_1031'>
				<Appearance DEF='Material_574_IDX_574'>
					<Material diffuseColor='0.874335 0.263735 0.155326'/>
					
				</Appearance>
				<IndexedFaceSet solid="false" coordIndex='0 1 2 3 -1'>
					<Coordinate point='-0.788228 -0.231445 5.711987 -0.769709 -0.287086 5.569187 -0.377283 -0.140719 5.569187 -0.386361 -0.113446 5.711987'/>
				</IndexedFaceSet>
			</Shape>
			<Shape DEF='_IDX_1032'>
				<Appearance DEF='Material_575_IDX_575'>
					<Material diffuseColor='0.874335 0.263735 0.155326'/>
					
				</Appearance>
				<IndexedFaceSet solid="false" coordIndex='0 1 2 3 -1'>
					<Coordinate point='-1.221729 -0.358732 5.711987 -1.193025 -0.444975 5.569187 -0.769709 -0.287086 5.569187 -0.788228 -0.231445 5.711987'/>
				</IndexedFaceSet>
			</Shape>
			<Shape DEF='_IDX_1033'>
				<Appearance DEF='Material_576_IDX_576'>
					<Material diffuseColor='0.874335 0.263735 0.155326'/>
					
				</Appearance>
				<IndexedFaceSet solid="false" coordIndex='0 1 2 3 -1'>
					<Coordinate point='-1.704263 -0.500417 5.711987 -1.664221 -0.620722 5.569187 -1.193025 -0.444975 5.569187 -1.221729 -0.358732 5.711987'/>
				</IndexedFaceSet>
			</Shape>
			<Shape DEF='_IDX_1034'>
				<Appearance DEF='Material_577_IDX_577'>
					<Material diffuseColor='0.874335 0.263735 0.155326'/>
					
				</Appearance>
				<IndexedFaceSet solid="false" coordIndex='0 1 2 3 -1'>
					<Coordinate point='-2.255195 -0.662185 5.711987 -2.202209 -0.821381 5.569187 -1.664221 -0.620722 5.569187 -1.704263 -0.500417 5.711987'/>
				</IndexedFaceSet>
			</Shape>
			<Shape DEF='_IDX_1035'>
				<Appearance DEF='Material_578_IDX_578'>
					<Material diffuseColor='0.874335 0.263735 0.155326'/>
					
				</Appearance>
				<IndexedFaceSet solid="false" coordIndex='0 1 2 3 -1'>
					<Coordinate point='-2.896635 -0.850529 5.711987 -2.828579 -1.055005 5.569187 -2.202209 -0.821381 5.569187 -2.255195 -0.662185 5.711987'/>
				</IndexedFaceSet>
			</Shape>
			<Shape DEF='_IDX_1036'>
				<Appearance DEF='Material_579_IDX_579'>
					<Material diffuseColor='0.874335 0.263735 0.155326'/>
					
				</Appearance>
				<IndexedFaceSet solid="false" coordIndex='0 1 2 3 -1'>
					<Coordinate point='-3.654328 -1.073007 5.711987 -3.568470 -1.330970 5.569187 -2.828579 -1.055005 5.569187 -2.896635 -0.850529 5.711987'/>
				</IndexedFaceSet>
			</Shape>
			<Shape DEF='_IDX_1037'>
				<Appearance DEF='Material_580_IDX_580'>
					<Material diffuseColor='0.874335 0.263735 0.155326'/>
					
				</Appearance>
				<IndexedFaceSet solid="false" coordIndex='0 1 2 3 -1'>
					<Coordinate point='-4.558681 -1.338550 5.711987 -4.451575 -1.660352 5.569187 -3.568470 -1.330970 5.569187 -3.654328 -1.073007 5.711987'/>
				</IndexedFaceSet>
			</Shape>
			<Shape DEF='_IDX_1038'>
				<Appearance DEF='Material_581_IDX_581'>
					<Material diffuseColor='0.874335 0.263735 0.155326'/>
					
				</Appearance>
				<IndexedFaceSet solid="false" coordIndex='0 1 2 3 -1'>
					<Coordinate point='-5.645991 -1.657813 5.711987 -5.513339 -2.056369 5.569187 -4.451575 -1.660352 5.569187 -4.558681 -1.338550 5.711987'/>
				</IndexedFaceSet>
			</Shape>
			<Shape DEF='_IDX_1039'>
				<Appearance DEF='Material_582_IDX_582'>
					<Material diffuseColor='0.874335 0.263735 0.155326'/>
					
				</Appearance>
				<IndexedFaceSet solid="false" coordIndex='0 1 2 3 -1'>
					<Coordinate point='-6.959894 -2.043609 5.711987 -6.796372 -2.534916 5.569187 -5.513339 -2.056369 5.569187 -5.645991 -1.657813 5.711987'/>
				</IndexedFaceSet>
			</Shape>
			<Shape DEF='_IDX_1040'>
				<Appearance DEF='Material_583_IDX_583'>
					<Material diffuseColor='0.878107 0.293208 0.160481'/>
					
				</Appearance>
				<IndexedFaceSet solid="false" coordIndex='0 1 2 3 -1'>
					<Coordinate point='-0.377283 -0.140719 5.569187 -0.366283 -0.167276 5.426387 0.000000 -0.000000 5.426387 0.000000 -0.000000 5.569187'/>
				</IndexedFaceSet>
			</Shape>
			<Shape DEF='_IDX_1041'>
				<Appearance DEF='Material_584_IDX_584'>
					<Material diffuseColor='0.878107 0.293208 0.160481'/>
					
				</Appearance>
				<IndexedFaceSet solid="false" coordIndex='0 1 2 3 -1'>
					<Coordinate point='-0.769709 -0.287086 5.569187 -0.747267 -0.341265 5.426387 -0.366283 -0.167276 5.426387 -0.377283 -0.140719 5.569187'/>
				</IndexedFaceSet>
			</Shape>
			<Shape DEF='_IDX_1042'>
				<Appearance DEF='Material_585_IDX_585'>
					<Material diffuseColor='0.878107 0.293208 0.160481'/>
					
				</Appearance>
				<IndexedFaceSet solid="false" coordIndex='0 1 2 3 -1'>
					<Coordinate point='-1.193025 -0.444975 5.569187 -1.158241 -0.528951 5.426387 -0.747267 -0.341265 5.426387 -0.769709 -0.287086 5.569187'/>
				</IndexedFaceSet>
			</Shape>
			<Shape DEF='_IDX_1043'>
				<Appearance DEF='Material_586_IDX_586'>
					<Material diffuseColor='0.878107 0.293208 0.160481'/>
					
				</Appearance>
				<IndexedFaceSet solid="false" coordIndex='0 1 2 3 -1'>
					<Coordinate point='-1.664221 -0.620722 5.569187 -1.615699 -0.737865 5.426387 -1.158241 -0.528951 5.426387 -1.193025 -0.444975 5.569187'/>
				</IndexedFaceSet>
			</Shape>
			<Shape DEF='_IDX_1044'>
				<Appearance DEF='Material_587_IDX_587'>
					<Material diffuseColor='0.878107 0.293208 0.160481'/>
					
				</Appearance>
				<IndexedFaceSet solid="false" coordIndex='0 1 2 3 -1'>
					<Coordinate point='-2.202209 -0.821381 5.569187 -2.138001 -0.976392 5.426387 -1.615699 -0.737865 5.426387 -1.664221 -0.620722 5.569187'/>
				</IndexedFaceSet>
			</Shape>
			<Shape DEF='_IDX_1045'>
				<Appearance DEF='Material_588_IDX_588'>
					<Material diffuseColor='0.878107 0.293208 0.160481'/>
					
				</Appearance>
				<IndexedFaceSet solid="false" coordIndex='0 1 2 3 -1'>
					<Coordinate point='-2.828579 -1.055005 5.569187 -2.746109 -1.254106 5.426387 -2.138001 -0.976392 5.426387 -2.202209 -0.821381 5.569187'/>
				</IndexedFaceSet>
			</Shape>
			<Shape DEF='_IDX_1046'>
				<Appearance DEF='Material_589_IDX_589'>
					<Material diffuseColor='0.878107 0.293208 0.160481'/>
					
				</Appearance>
				<IndexedFaceSet solid="false" coordIndex='0 1 2 3 -1'>
					<Coordinate point='-3.568470 -1.330970 5.569187 -3.464427 -1.582151 5.426387 -2.746109 -1.254106 5.426387 -2.828579 -1.055005 5.569187'/>
				</IndexedFaceSet>
			</Shape>
			<Shape DEF='_IDX_1047'>
				<Appearance DEF='Material_590_IDX_590'>
					<Material diffuseColor='0.878107 0.293208 0.160481'/>
					
				</Appearance>
				<IndexedFaceSet solid="false" coordIndex='0 1 2 3 -1'>
					<Coordinate point='-4.451575 -1.660352 5.569187 -4.321785 -1.973693 5.426387 -3.464427 -1.582151 5.426387 -3.568470 -1.330970 5.569187'/>
				</IndexedFaceSet>
			</Shape>
			<Shape DEF='_IDX_1048'>
				<Appearance DEF='Material_591_IDX_591'>
					<Material diffuseColor='0.878107 0.293208 0.160481'/>
					
				</Appearance>
				<IndexedFaceSet solid="false" coordIndex='0 1 2 3 -1'>
					<Coordinate point='-5.513339 -2.056369 5.569187 -5.352592 -2.444447 5.426387 -4.321785 -1.973693 5.426387 -4.451575 -1.660352 5.569187'/>
				</IndexedFaceSet>
			</Shape>
			<Shape DEF='_IDX_1049'>
				<Appearance DEF='Material_592_IDX_592'>
					<Material diffuseColor='0.878107 0.293208 0.160481'/>
					
				</Appearance>
				<IndexedFaceSet solid="false" coordIndex='0 1 2 3 -1'>
					<Coordinate point='-6.796372 -2.534916 5.569187 -6.598217 -3.013304 5.426387 -5.352592 -2.444447 5.426387 -5.513339 -2.056369 5.569187'/>
				</IndexedFaceSet>
			</Shape>
			<Shape DEF='_IDX_1050'>
				<Appearance DEF='Material_593_IDX_593'>
					<Material diffuseColor='0.882606 0.322436 0.166214'/>
					
				</Appearance>
				<IndexedFaceSet solid="false" coordIndex='0 1 2 3 -1'>
					<Coordinate point='-0.366283 -0.167276 5.426387 -0.353417 -0.192980 5.283587 0.000000 -0.000000 5.283587 0.000000 -0.000000 5.426387'/>
				</IndexedFaceSet>
			</Shape>
			<Shape DEF='_IDX_1051'>
				<Appearance USE='Material_593_IDX_593'/>
				<IndexedFaceSet solid="false" coordIndex='0 1 2 3 -1'>
					<Coordinate point='-0.747267 -0.341265 5.426387 -0.721017 -0.393705 5.283587 -0.353417 -0.192980 5.283587 -0.366283 -0.167276 5.426387'/>
				</IndexedFaceSet>
			</Shape>
			<Shape DEF='_IDX_1052'>
				<Appearance USE='Material_593_IDX_593'/>
				<IndexedFaceSet solid="false" coordIndex='0 1 2 3 -1'>
					<Coordinate point='-1.158241 -0.528951 5.426387 -1.117555 -0.610231 5.283587 -0.721017 -0.393705 5.283587 -0.747267 -0.341265 5.426387'/>
				</IndexedFaceSet>
			</Shape>
			<Shape DEF='_IDX_1053'>
				<Appearance DEF='Material_594_IDX_594'>
					<Material diffuseColor='0.882606 0.322436 0.166214'/>
					
				</Appearance>
				<IndexedFaceSet solid="false" coordIndex='0 1 2 3 -1'>
					<Coordinate point='-1.615699 -0.737865 5.426387 -1.558944 -0.851248 5.283587 -1.117555 -0.610231 5.283587 -1.158241 -0.528951 5.426387'/>
				</IndexedFaceSet>
			</Shape>
			<Shape DEF='_IDX_1054'>
				<Appearance DEF='Material_595_IDX_595'>
					<Material diffuseColor='0.882606 0.322436 0.166214'/>
					
				</Appearance>
				<IndexedFaceSet solid="false" coordIndex='0 1 2 3 -1'>
					<Coordinate point='-2.138001 -0.976392 5.426387 -2.062899 -1.126428 5.283587 -1.558944 -0.851248 5.283587 -1.615699 -0.737865 5.426387'/>
				</IndexedFaceSet>
			</Shape>
			<Shape DEF='_IDX_1055'>
				<Appearance DEF='Material_596_IDX_596'>
					<Material diffuseColor='0.882606 0.322436 0.166214'/>
					
				</Appearance>
				<IndexedFaceSet solid="false" coordIndex='0 1 2 3 -1'>
					<Coordinate point='-2.746109 -1.254106 5.426387 -2.649645 -1.446816 5.283587 -2.062899 -1.126428 5.283587 -2.138001 -0.976392 5.426387'/>
				</IndexedFaceSet>
			</Shape>
			<Shape DEF='_IDX_1056'>
				<Appearance DEF='Material_597_IDX_597'>
					<Material diffuseColor='0.882606 0.322436 0.166214'/>
					
				</Appearance>
				<IndexedFaceSet solid="false" coordIndex='0 1 2 3 -1'>
					<Coordinate point='-3.464427 -1.582151 5.426387 -3.342731 -1.825269 5.283587 -2.649645 -1.446816 5.283587 -2.746109 -1.254106 5.426387'/>
				</IndexedFaceSet>
			</Shape>
			<Shape DEF='_IDX_1057'>
				<Appearance DEF='Material_598_IDX_598'>
					<Material diffuseColor='0.882606 0.322436 0.166214'/>
					
				</Appearance>
				<IndexedFaceSet solid="false" coordIndex='0 1 2 3 -1'>
					<Coordinate point='-4.321785 -1.973693 5.426387 -4.169972 -2.276977 5.283587 -3.342731 -1.825269 5.283587 -3.464427 -1.582151 5.426387'/>
				</IndexedFaceSet>
			</Shape>
			<Shape DEF='_IDX_1058'>
				<Appearance DEF='Material_599_IDX_599'>
					<Material diffuseColor='0.882606 0.322436 0.166214'/>
					
				</Appearance>
				<IndexedFaceSet solid="false" coordIndex='0 1 2 3 -1'>
					<Coordinate point='-5.352592 -2.444447 5.426387 -5.164569 -2.820068 5.283587 -4.169972 -2.276977 5.283587 -4.321785 -1.973693 5.426387'/>
				</IndexedFaceSet>
			</Shape>
			<Shape DEF='_IDX_1059'>
				<Appearance DEF='Material_600_IDX_600'>
					<Material diffuseColor='0.882606 0.322436 0.166214'/>
					
				</Appearance>
				<IndexedFaceSet solid="false" coordIndex='0 1 2 3 -1'>
					<Coordinate point='-6.598217 -3.013304 5.426387 -6.366438 -3.476338 5.283587 -5.164569 -2.820068 5.283587 -5.352592 -2.444447 5.426387'/>
				</IndexedFaceSet>
			</Shape>
			<Shape DEF='_IDX_1060'>
				<Appearance DEF='Material_601_IDX_601'>
					<Material diffuseColor='0.887106 0.351665 0.171948'/>
					
				</Appearance>
				<IndexedFaceSet solid="false" coordIndex='0 1 2 3 -1'>
					<Coordinate point='-0.353417 -0.192980 5.283587 -0.338749 -0.217701 5.140788 0.000000 0.000000 5.140788 0.000000 -0.000000 5.283587'/>
				</IndexedFaceSet>
			</Shape>
			<Shape DEF='_IDX_1061'>
				<Appearance USE='Material_601_IDX_601'/>
				<IndexedFaceSet solid="false" coordIndex='0 1 2 3 -1'>
					<Coordinate point='-0.721017 -0.393705 5.283587 -0.691094 -0.444139 5.140788 -0.338749 -0.217701 5.140788 -0.353417 -0.192980 5.283587'/>
				</IndexedFaceSet>
			</Shape>
			<Shape DEF='_IDX_1062'>
				<Appearance DEF='Material_602_IDX_602'>
					<Material diffuseColor='0.887106 0.351665 0.171948'/>
					
				</Appearance>
				<IndexedFaceSet solid="false" coordIndex='0 1 2 3 -1'>
					<Coordinate point='-1.117555 -0.610231 5.283587 -1.071174 -0.688402 5.140788 -0.691094 -0.444139 5.140788 -0.721017 -0.393705 5.283587'/>
				</IndexedFaceSet>
			</Shape>
			<Shape DEF='_IDX_1063'>
				<Appearance DEF='Material_603_IDX_603'>
					<Material diffuseColor='0.887106 0.351665 0.171948'/>
					
				</Appearance>
				<IndexedFaceSet solid="false" coordIndex='0 1 2 3 -1'>
					<Coordinate point='-1.558944 -0.851248 5.283587 -1.494245 -0.960293 5.140788 -1.071174 -0.688402 5.140788 -1.117555 -0.610231 5.283587'/>
				</IndexedFaceSet>
			</Shape>
			<Shape DEF='_IDX_1064'>
				<Appearance DEF='Material_604_IDX_604'>
					<Material diffuseColor='0.887106 0.351665 0.171948'/>
					
				</Appearance>
				<IndexedFaceSet solid="false" coordIndex='0 1 2 3 -1'>
					<Coordinate point='-2.062899 -1.126428 5.283587 -1.977284 -1.270723 5.140788 -1.494245 -0.960293 5.140788 -1.558944 -0.851248 5.283587'/>
				</IndexedFaceSet>
			</Shape>
			<Shape DEF='_IDX_1065'>
				<Appearance DEF='Material_605_IDX_605'>
					<Material diffuseColor='0.887106 0.351665 0.171948'/>
					
				</Appearance>
				<IndexedFaceSet solid="false" coordIndex='0 1 2 3 -1'>
					<Coordinate point='-2.649645 -1.446816 5.283587 -2.539679 -1.632153 5.140788 -1.977284 -1.270723 5.140788 -2.062899 -1.126428 5.283587'/>
				</IndexedFaceSet>
			</Shape>
			<Shape DEF='_IDX_1066'>
				<Appearance USE='Material_602_IDX_602'/>
				<IndexedFaceSet solid="false" coordIndex='0 1 2 3 -1'>
					<Coordinate point='-3.342731 -1.825269 5.283587 -3.204001 -2.059086 5.140788 -2.539679 -1.632153 5.140788 -2.649645 -1.446816 5.283587'/>
				</IndexedFaceSet>
			</Shape>
			<Shape DEF='_IDX_1067'>
				<Appearance DEF='Material_606_IDX_606'>
					<Material diffuseColor='0.887106 0.351665 0.171948'/>
					
				</Appearance>
				<IndexedFaceSet solid="false" coordIndex='0 1 2 3 -1'>
					<Coordinate point='-4.169972 -2.276977 5.283587 -3.996910 -2.568658 5.140788 -3.204001 -2.059086 5.140788 -3.342731 -1.825269 5.283587'/>
				</IndexedFaceSet>
			</Shape>
			<Shape DEF='_IDX_1068'>
				<Appearance DEF='Material_607_IDX_607'>
					<Material diffuseColor='0.887106 0.351665 0.171948'/>
					
				</Appearance>
				<IndexedFaceSet solid="false" coordIndex='0 1 2 3 -1'>
					<Coordinate point='-5.164569 -2.820068 5.283587 -4.950229 -3.181319 5.140788 -3.996910 -2.568658 5.140788 -4.169972 -2.276977 5.283587'/>
				</IndexedFaceSet>
			</Shape>
			<Shape DEF='_IDX_1069'>
				<Appearance DEF='Material_608_IDX_608'>
					<Material diffuseColor='0.887106 0.351665 0.171948'/>
					
				</Appearance>
				<IndexedFaceSet solid="false" coordIndex='0 1 2 3 -1'>
					<Coordinate point='-6.366438 -3.476338 5.283587 -6.102218 -3.921658 5.140788 -4.950229 -3.181319 5.140788 -5.164569 -2.820068 5.283587'/>
				</IndexedFaceSet>
			</Shape>
			<Shape DEF='_IDX_1070'>
				<Appearance DEF='Material_609_IDX_609'>
					<Material diffuseColor='0.891605 0.380893 0.177681'/>
					
				</Appearance>
				<IndexedFaceSet solid="false" coordIndex='0 1 2 3 -1'>
					<Coordinate point='-0.338749 -0.217701 5.140788 -0.322356 -0.241312 4.997988 0.000000 -0.000000 4.997988 0.000000 0.000000 5.140788'/>
				</IndexedFaceSet>
			</Shape>
			<Shape DEF='_IDX_1071'>
				<Appearance DEF='Material_610_IDX_610'>
					<Material diffuseColor='0.891605 0.380893 0.177681'/>
					
				</Appearance>
				<IndexedFaceSet solid="false" coordIndex='0 1 2 3 -1'>
					<Coordinate point='-0.691094 -0.444139 5.140788 -0.657648 -0.492309 4.997988 -0.322356 -0.241312 4.997988 -0.338749 -0.217701 5.140788'/>
				</IndexedFaceSet>
			</Shape>
			<Shape DEF='_IDX_1072'>
				<Appearance USE='Material_610_IDX_610'/>
				<IndexedFaceSet solid="false" coordIndex='0 1 2 3 -1'>
					<Coordinate point='-1.071174 -0.688402 5.140788 -1.019335 -0.763065 4.997988 -0.657648 -0.492309 4.997988 -0.691094 -0.444139 5.140788'/>
				</IndexedFaceSet>
			</Shape>
			<Shape DEF='_IDX_1073'>
				<Appearance DEF='Material_611_IDX_611'>
					<Material diffuseColor='0.891605 0.380893 0.177681'/>
					
				</Appearance>
				<IndexedFaceSet solid="false" coordIndex='0 1 2 3 -1'>
					<Coordinate point='-1.494245 -0.960293 5.140788 -1.421931 -1.064444 4.997988 -1.019335 -0.763065 4.997988 -1.071174 -0.688402 5.140788'/>
				</IndexedFaceSet>
			</Shape>
			<Shape DEF='_IDX_1074'>
				<Appearance DEF='Material_612_IDX_612'>
					<Material diffuseColor='0.891605 0.380893 0.177681'/>
					
				</Appearance>
				<IndexedFaceSet solid="false" coordIndex='0 1 2 3 -1'>
					<Coordinate point='-1.977284 -1.270723 5.140788 -1.881594 -1.408544 4.997988 -1.421931 -1.064444 4.997988 -1.494245 -0.960293 5.140788'/>
				</IndexedFaceSet>
			</Shape>
			<Shape DEF='_IDX_1075'>
				<Appearance DEF='Material_613_IDX_613'>
					<Material diffuseColor='0.891605 0.380893 0.177681'/>
					
				</Appearance>
				<IndexedFaceSet solid="false" coordIndex='0 1 2 3 -1'>
					<Coordinate point='-2.539679 -1.632153 5.140788 -2.416772 -1.809173 4.997988 -1.881594 -1.408544 4.997988 -1.977284 -1.270723 5.140788'/>
				</IndexedFaceSet>
			</Shape>
			<Shape DEF='_IDX_1076'>
				<Appearance DEF='Material_614_IDX_614'>
					<Material diffuseColor='0.891605 0.380893 0.177681'/>
					
				</Appearance>
				<IndexedFaceSet solid="false" coordIndex='0 1 2 3 -1'>
					<Coordinate point='-3.204001 -2.059086 5.140788 -3.048944 -2.282411 4.997988 -2.416772 -1.809173 4.997988 -2.539679 -1.632153 5.140788'/>
				</IndexedFaceSet>
			</Shape>
			<Shape DEF='_IDX_1077'>
				<Appearance DEF='Material_615_IDX_615'>
					<Material diffuseColor='0.891605 0.380893 0.177681'/>
					
				</Appearance>
				<IndexedFaceSet solid="false" coordIndex='0 1 2 3 -1'>
					<Coordinate point='-3.996910 -2.568658 5.140788 -3.803480 -2.847250 4.997988 -3.048944 -2.282411 4.997988 -3.204001 -2.059086 5.140788'/>
				</IndexedFaceSet>
			</Shape>
			<Shape DEF='_IDX_1078'>
				<Appearance DEF='Material_616_IDX_616'>
					<Material diffuseColor='0.891605 0.380893 0.177681'/>
					
				</Appearance>
				<IndexedFaceSet solid="false" coordIndex='0 1 2 3 -1'>
					<Coordinate point='-4.950229 -3.181319 5.140788 -4.710664 -3.526359 4.997988 -3.803480 -2.847250 4.997988 -3.996910 -2.568658 5.140788'/>
				</IndexedFaceSet>
			</Shape>
			<Shape DEF='_IDX_1079'>
				<Appearance DEF='Material_617_IDX_617'>
					<Material diffuseColor='0.891605 0.380893 0.177681'/>
					
				</Appearance>
				<IndexedFaceSet solid="false" coordIndex='0 1 2 3 -1'>
					<Coordinate point='-6.102218 -3.921658 5.140788 -5.806903 -4.346993 4.997988 -4.710664 -3.526359 4.997988 -4.950229 -3.181319 5.140788'/>
				</IndexedFaceSet>
			</Shape>
			<Shape DEF='_IDX_1080'>
				<Appearance DEF='Material_618_IDX_618'>
					<Material diffuseColor='0.896104 0.410121 0.183414'/>
					
				</Appearance>
				<IndexedFaceSet solid="false" coordIndex='0 1 2 3 -1'>
					<Coordinate point='-0.322356 -0.241312 4.997988 -0.304319 -0.263694 4.855189 0.000000 -0.000000 4.855189 0.000000 -0.000000 4.997988'/>
				</IndexedFaceSet>
			</Shape>
			<Shape DEF='_IDX_1081'>
				<Appearance DEF='Material_619_IDX_619'>
					<Material diffuseColor='0.896104 0.410121 0.183414'/>
					
				</Appearance>
				<IndexedFaceSet solid="false" coordIndex='0 1 2 3 -1'>
					<Coordinate point='-0.657648 -0.492309 4.997988 -0.620852 -0.537971 4.855189 -0.304319 -0.263694 4.855189 -0.322356 -0.241312 4.997988'/>
				</IndexedFaceSet>
			</Shape>
			<Shape DEF='_IDX_1082'>
				<Appearance DEF='Material_620_IDX_620'>
					<Material diffuseColor='0.896104 0.410121 0.183414'/>
					
				</Appearance>
				<IndexedFaceSet solid="false" coordIndex='0 1 2 3 -1'>
					<Coordinate point='-1.019335 -0.763065 4.997988 -0.962301 -0.833839 4.855189 -0.620852 -0.537971 4.855189 -0.657648 -0.492309 4.997988'/>
				</IndexedFaceSet>
			</Shape>
			<Shape DEF='_IDX_1083'>
				<Appearance DEF='Material_621_IDX_621'>
					<Material diffuseColor='0.896104 0.410121 0.183414'/>
					
				</Appearance>
				<IndexedFaceSet solid="false" coordIndex='0 1 2 3 -1'>
					<Coordinate point='-1.421931 -1.064444 4.997988 -1.342371 -1.163172 4.855189 -0.962301 -0.833839 4.855189 -1.019335 -0.763065 4.997988'/>
				</IndexedFaceSet>
			</Shape>
			<Shape DEF='_IDX_1084'>
				<Appearance DEF='Material_622_IDX_622'>
					<Material diffuseColor='0.896104 0.410121 0.183414'/>
					
				</Appearance>
				<IndexedFaceSet solid="false" coordIndex='0 1 2 3 -1'>
					<Coordinate point='-1.881594 -1.408544 4.997988 -1.776316 -1.539186 4.855189 -1.342371 -1.163172 4.855189 -1.421931 -1.064444 4.997988'/>
				</IndexedFaceSet>
			</Shape>
			<Shape DEF='_IDX_1085'>
				<Appearance DEF='Material_623_IDX_623'>
					<Material diffuseColor='0.896104 0.410121 0.183414'/>
					
				</Appearance>
				<IndexedFaceSet solid="false" coordIndex='0 1 2 3 -1'>
					<Coordinate point='-2.416772 -1.809173 4.997988 -2.281549 -1.976974 4.855189 -1.776316 -1.539186 4.855189 -1.881594 -1.408544 4.997988'/>
				</IndexedFaceSet>
			</Shape>
			<Shape DEF='_IDX_1086'>
				<Appearance DEF='Material_624_IDX_624'>
					<Material diffuseColor='0.896104 0.410121 0.183414'/>
					
				</Appearance>
				<IndexedFaceSet solid="false" coordIndex='0 1 2 3 -1'>
					<Coordinate point='-3.048944 -2.282411 4.997988 -2.878350 -2.494105 4.855189 -2.281549 -1.976974 4.855189 -2.416772 -1.809173 4.997988'/>
				</IndexedFaceSet>
			</Shape>
			<Shape DEF='_IDX_1087'>
				<Appearance DEF='Material_625_IDX_625'>
					<Material diffuseColor='0.896104 0.410121 0.183414'/>
					
				</Appearance>
				<IndexedFaceSet solid="false" coordIndex='0 1 2 3 -1'>
					<Coordinate point='-3.803480 -2.847250 4.997988 -3.590669 -3.111332 4.855189 -2.878350 -2.494105 4.855189 -3.048944 -2.282411 4.997988'/>
				</IndexedFaceSet>
			</Shape>
			<Shape DEF='_IDX_1088'>
				<Appearance DEF='Material_626_IDX_626'>
					<Material diffuseColor='0.896104 0.410121 0.183414'/>
					
				</Appearance>
				<IndexedFaceSet solid="false" coordIndex='0 1 2 3 -1'>
					<Coordinate point='-4.710664 -3.526359 4.997988 -4.447094 -3.853429 4.855189 -3.590669 -3.111332 4.855189 -3.803480 -2.847250 4.997988'/>
				</IndexedFaceSet>
			</Shape>
			<Shape DEF='_IDX_1089'>
				<Appearance DEF='Material_627_IDX_627'>
					<Material diffuseColor='0.896104 0.410121 0.183414'/>
					
				</Appearance>
				<IndexedFaceSet solid="false" coordIndex='0 1 2 3 -1'>
					<Coordinate point='-5.806903 -4.346993 4.997988 -5.481997 -4.750177 4.855189 -4.447094 -3.853429 4.855189 -4.710664 -3.526359 4.997988'/>
				</IndexedFaceSet>
			</Shape>
			<Shape DEF='_IDX_1090'>
				<Appearance DEF='Material_628_IDX_628'>
					<Material diffuseColor='0.900603 0.439350 0.189147'/>
					
				</Appearance>
				<IndexedFaceSet solid="false" coordIndex='0 1 2 3 -1'>
					<Coordinate point='-0.304319 -0.263694 4.855189 -0.284732 -0.284732 4.712389 -0.000000 -0.000000 4.712389 0.000000 -0.000000 4.855189'/>
				</IndexedFaceSet>
			</Shape>
			<Shape DEF='_IDX_1091'>
				<Appearance DEF='Material_629_IDX_629'>
					<Material diffuseColor='0.900603 0.439350 0.189147'/>
					
				</Appearance>
				<IndexedFaceSet solid="false" coordIndex='0 1 2 3 -1'>
					<Coordinate point='-0.620852 -0.537971 4.855189 -0.580891 -0.580891 4.712389 -0.284732 -0.284732 4.712389 -0.304319 -0.263694 4.855189'/>
				</IndexedFaceSet>
			</Shape>
			<Shape DEF='_IDX_1092'>
				<Appearance DEF='Material_630_IDX_630'>
					<Material diffuseColor='0.900603 0.439350 0.189147'/>
					
				</Appearance>
				<IndexedFaceSet solid="false" coordIndex='0 1 2 3 -1'>
					<Coordinate point='-0.962301 -0.833839 4.855189 -0.900364 -0.900364 4.712389 -0.580891 -0.580891 4.712389 -0.620852 -0.537971 4.855189'/>
				</IndexedFaceSet>
			</Shape>
			<Shape DEF='_IDX_1093'>
				<Appearance DEF='Material_631_IDX_631'>
					<Material diffuseColor='0.900603 0.439350 0.189147'/>
					
				</Appearance>
				<IndexedFaceSet solid="false" coordIndex='0 1 2 3 -1'>
					<Coordinate point='-1.342371 -1.163172 4.855189 -1.255972 -1.255972 4.712389 -0.900364 -0.900364 4.712389 -0.962301 -0.833839 4.855189'/>
				</IndexedFaceSet>
			</Shape>
			<Shape DEF='_IDX_1094'>
				<Appearance DEF='Material_632_IDX_632'>
					<Material diffuseColor='0.900603 0.439350 0.189147'/>
					
				</Appearance>
				<IndexedFaceSet solid="false" coordIndex='0 1 2 3 -1'>
					<Coordinate point='-1.776316 -1.539186 4.855189 -1.661986 -1.661986 4.712389 -1.255972 -1.255972 4.712389 -1.342371 -1.163172 4.855189'/>
				</IndexedFaceSet>
			</Shape>
			<Shape DEF='_IDX_1095'>
				<Appearance DEF='Material_633_IDX_633'>
					<Material diffuseColor='0.900603 0.439350 0.189147'/>
					
				</Appearance>
				<IndexedFaceSet solid="false" coordIndex='0 1 2 3 -1'>
					<Coordinate point='-2.281549 -1.976974 4.855189 -2.134701 -2.134701 4.712389 -1.661986 -1.661986 4.712389 -1.776316 -1.539186 4.855189'/>
				</IndexedFaceSet>
			</Shape>
			<Shape DEF='_IDX_1096'>
				<Appearance DEF='Material_634_IDX_634'>
					<Material diffuseColor='0.900603 0.439350 0.189147'/>
					
				</Appearance>
				<IndexedFaceSet solid="false" coordIndex='0 1 2 3 -1'>
					<Coordinate point='-2.878350 -2.494105 4.855189 -2.693089 -2.693089 4.712389 -2.134701 -2.134701 4.712389 -2.281549 -1.976974 4.855189'/>
				</IndexedFaceSet>
			</Shape>
			<Shape DEF='_IDX_1097'>
				<Appearance DEF='Material_635_IDX_635'>
					<Material diffuseColor='0.900603 0.439350 0.189147'/>
					
				</Appearance>
				<IndexedFaceSet solid="false" coordIndex='0 1 2 3 -1'>
					<Coordinate point='-3.590669 -3.111332 4.855189 -3.359560 -3.359560 4.712389 -2.693089 -2.693089 4.712389 -2.878350 -2.494105 4.855189'/>
				</IndexedFaceSet>
			</Shape>
			<Shape DEF='_IDX_1098'>
				<Appearance DEF='Material_636_IDX_636'>
					<Material diffuseColor='0.900603 0.439350 0.189147'/>
					
				</Appearance>
				<IndexedFaceSet solid="false" coordIndex='0 1 2 3 -1'>
					<Coordinate point='-4.447094 -3.853429 4.855189 -4.160863 -4.160863 4.712389 -3.359560 -3.359560 4.712389 -3.590669 -3.111332 4.855189'/>
				</IndexedFaceSet>
			</Shape>
			<Shape DEF='_IDX_1099'>
				<Appearance DEF='Material_637_IDX_637'>
					<Material diffuseColor='0.900603 0.439350 0.189147'/>
					
				</Appearance>
				<IndexedFaceSet solid="false" coordIndex='0 1 2 3 -1'>
					<Coordinate point='-5.481997 -4.750177 4.855189 -5.129155 -5.129155 4.712389 -4.160863 -4.160863 4.712389 -4.447094 -3.853429 4.855189'/>
				</IndexedFaceSet>
			</Shape>
			<Shape DEF='_IDX_1100'>
				<Appearance USE='Material_428_IDX_428'/>
				<IndexedFaceSet solid="false" coordIndex='0 1 2 3 -1'>
					<Coordinate point='-0.000000 5.884348 3.141593 0.419785 5.869356 3.284392 0.517475 7.235239 3.284392 -0.000000 7.253721 3.141593'/>
				</IndexedFaceSet>
			</Shape>
			<Shape DEF='_IDX_1101'>
				<Appearance USE='Material_429_IDX_429'/>
				<IndexedFaceSet solid="false" coordIndex='0 1 2 3 -1'>
					<Coordinate point='0.000000 4.751136 3.141593 0.338942 4.739030 3.284392 0.419785 5.869356 3.284392 -0.000000 5.884348 3.141593'/>
				</IndexedFaceSet>
			</Shape>
			<Shape DEF='_IDX_1102'>
				<Appearance USE='Material_428_IDX_428'/>
				<IndexedFaceSet solid="false" coordIndex='0 1 2 3 -1'>
					<Coordinate point='0.000000 3.808603 3.141593 0.271703 3.798899 3.284392 0.338942 4.739030 3.284392 0.000000 4.751136 3.141593'/>
				</IndexedFaceSet>
			</Shape>
			<Shape DEF='_IDX_1103'>
				<Appearance USE='Material_429_IDX_429'/>
				<IndexedFaceSet solid="false" coordIndex='0 1 2 3 -1'>
					<Coordinate point='-0.000000 3.018923 3.141593 0.215367 3.011231 3.284392 0.271703 3.798899 3.284392 0.000000 3.808603 3.141593'/>
				</IndexedFaceSet>
			</Shape>
			<Shape DEF='_IDX_1104'>
				<Appearance USE='Material_430_IDX_430'/>
				<IndexedFaceSet solid="false" coordIndex='0 1 2 3 -1'>
					<Coordinate point='0.000000 2.350402 3.141593 0.167676 2.344414 3.284392 0.215367 3.011231 3.284392 -0.000000 3.018923 3.141593'/>
				</IndexedFaceSet>
			</Shape>
			<Shape DEF='_IDX_1105'>
				<Appearance USE='Material_431_IDX_431'/>
				<IndexedFaceSet solid="false" coordIndex='0 1 2 3 -1'>
					<Coordinate point='0.000000 1.776212 3.141593 0.126714 1.771686 3.284392 0.167676 2.344414 3.284392 0.000000 2.350402 3.141593'/>
				</IndexedFaceSet>
			</Shape>
			<Shape DEF='_IDX_1106'>
				<Appearance USE='Material_432_IDX_432'/>
				<IndexedFaceSet solid="false" coordIndex='0 1 2 3 -1'>
					<Coordinate point='0.000000 1.273307 3.141593 0.090837 1.270063 3.284392 0.126714 1.771686 3.284392 0.000000 1.776212 3.141593'/>
				</IndexedFaceSet>
			</Shape>
			<Shape DEF='_IDX_1107'>
				<Appearance USE='Material_433_IDX_433'/>
				<IndexedFaceSet solid="false" coordIndex='0 1 2 3 -1'>
					<Coordinate point='-0.000000 0.821505 3.141593 0.058605 0.819412 3.284392 0.090837 1.270063 3.284392 0.000000 1.273307 3.141593'/>
				</IndexedFaceSet>
			</Shape>
			<Shape DEF='_IDX_1108'>
				<Appearance USE='Material_434_IDX_434'/>
				<IndexedFaceSet solid="false" coordIndex='0 1 2 3 -1'>
					<Coordinate point='0.000000 0.402672 3.141593 0.028726 0.401646 3.284392 0.058605 0.819412 3.284392 -0.000000 0.821505 3.141593'/>
				</IndexedFaceSet>
			</Shape>
			<Shape DEF='_IDX_1109'>
				<Appearance USE='Material_435_IDX_435'/>
				<IndexedFaceSet solid="false" coordIndex='0 1 2 3 -1'>
					<Coordinate point='0.000000 0.000000 3.141593 0.000000 0.000000 3.284392 0.028726 0.401646 3.284392 0.000000 0.402672 3.141593'/>
				</IndexedFaceSet>
			</Shape>
			<Shape DEF='_IDX_1110'>
				<Appearance USE='Material_436_IDX_436'/>
				<IndexedFaceSet solid="false" coordIndex='0 1 2 3 -1'>
					<Coordinate point='0.419785 5.869356 3.284392 0.837430 5.824454 3.427192 1.032312 7.179888 3.427192 0.517475 7.235239 3.284392'/>
				</IndexedFaceSet>
			</Shape>
			<Shape DEF='_IDX_1111'>
				<Appearance USE='Material_437_IDX_437'/>
				<IndexedFaceSet solid="false" coordIndex='0 1 2 3 -1'>
					<Coordinate point='0.338942 4.739030 3.284392 0.676157 4.702776 3.427192 0.837430 5.824454 3.427192 0.419785 5.869356 3.284392'/>
				</IndexedFaceSet>
			</Shape>
			<Shape DEF='_IDX_1112'>
				<Appearance USE='Material_438_IDX_438'/>
				<IndexedFaceSet solid="false" coordIndex='0 1 2 3 -1'>
					<Coordinate point='0.271703 3.798899 3.284392 0.542021 3.769837 3.427192 0.676157 4.702776 3.427192 0.338942 4.739030 3.284392'/>
				</IndexedFaceSet>
			</Shape>
			<Shape DEF='_IDX_1113'>
				<Appearance USE='Material_439_IDX_439'/>
				<IndexedFaceSet solid="false" coordIndex='0 1 2 3 -1'>
					<Coordinate point='0.215367 3.011231 3.284392 0.429637 2.988194 3.427192 0.542021 3.769837 3.427192 0.271703 3.798899 3.284392'/>
				</IndexedFaceSet>
			</Shape>
			<Shape DEF='_IDX_1114'>
				<Appearance USE='Material_440_IDX_440'/>
				<IndexedFaceSet solid="false" coordIndex='0 1 2 3 -1'>
					<Coordinate point='0.167676 2.344414 3.284392 0.334497 2.326479 3.427192 0.429637 2.988194 3.427192 0.215367 3.011231 3.284392'/>
				</IndexedFaceSet>
			</Shape>
			<Shape DEF='_IDX_1115'>
				<Appearance USE='Material_441_IDX_441'/>
				<IndexedFaceSet solid="false" coordIndex='0 1 2 3 -1'>
					<Coordinate point='0.126714 1.771686 3.284392 0.252781 1.758133 3.427192 0.334497 2.326479 3.427192 0.167676 2.344414 3.284392'/>
				</IndexedFaceSet>
			</Shape>
			<Shape DEF='_IDX_1116'>
				<Appearance USE='Material_442_IDX_442'/>
				<IndexedFaceSet solid="false" coordIndex='0 1 2 3 -1'>
					<Coordinate point='0.090837 1.270063 3.284392 0.181211 1.260347 3.427192 0.252781 1.758133 3.427192 0.126714 1.771686 3.284392'/>
				</IndexedFaceSet>
			</Shape>
			<Shape DEF='_IDX_1117'>
				<Appearance USE='Material_443_IDX_443'/>
				<IndexedFaceSet solid="false" coordIndex='0 1 2 3 -1'>
					<Coordinate point='0.058605 0.819412 3.284392 0.116912 0.813143 3.427192 0.181211 1.260347 3.427192 0.090837 1.270063 3.284392'/>
				</IndexedFaceSet>
			</Shape>
			<Shape DEF='_IDX_1118'>
				<Appearance USE='Material_444_IDX_444'/>
				<IndexedFaceSet solid="false" coordIndex='0 1 2 3 -1'>
					<Coordinate point='0.028726 0.401646 3.284392 0.057306 0.398573 3.427192 0.116912 0.813143 3.427192 0.058605 0.819412 3.284392'/>
				</IndexedFaceSet>
			</Shape>
			<Shape DEF='_IDX_1119'>
				<Appearance USE='Material_445_IDX_445'/>
				<IndexedFaceSet solid="false" coordIndex='0 1 2 3 -1'>
					<Coordinate point='0.000000 0.000000 3.284392 -0.000000 0.000000 3.427192 0.057306 0.398573 3.427192 0.028726 0.401646 3.284392'/>
				</IndexedFaceSet>
			</Shape>
			<Shape DEF='_IDX_1120'>
				<Appearance USE='Material_446_IDX_446'/>
				<IndexedFaceSet solid="false" coordIndex='0 1 2 3 -1'>
					<Coordinate point='0.837430 5.824454 3.427192 1.250808 5.749873 3.569992 1.541889 7.087951 3.569992 1.032312 7.179888 3.427192'/>
				</IndexedFaceSet>
			</Shape>
			<Shape DEF='_IDX_1121'>
				<Appearance USE='Material_447_IDX_447'/>
				<IndexedFaceSet solid="false" coordIndex='0 1 2 3 -1'>
					<Coordinate point='0.676157 4.702776 3.427192 1.009927 4.642558 3.569992 1.250808 5.749873 3.569992 0.837430 5.824454 3.427192'/>
				</IndexedFaceSet>
			</Shape>
			<Shape DEF='_IDX_1122'>
				<Appearance USE='Material_448_IDX_448'/>
				<IndexedFaceSet solid="false" coordIndex='0 1 2 3 -1'>
					<Coordinate point='0.542021 3.769837 3.427192 0.809577 3.721565 3.569992 1.009927 4.642558 3.569992 0.676157 4.702776 3.427192'/>
				</IndexedFaceSet>
			</Shape>
			<Shape DEF='_IDX_1123'>
				<Appearance USE='Material_449_IDX_449'/>
				<IndexedFaceSet solid="false" coordIndex='0 1 2 3 -1'>
					<Coordinate point='0.429637 2.988194 3.427192 0.641718 2.949931 3.569992 0.809577 3.721565 3.569992 0.542021 3.769837 3.427192'/>
				</IndexedFaceSet>
			</Shape>
			<Shape DEF='_IDX_1124'>
				<Appearance USE='Material_450_IDX_450'/>
				<IndexedFaceSet solid="false" coordIndex='0 1 2 3 -1'>
					<Coordinate point='0.334497 2.326479 3.427192 0.499614 2.296688 3.569992 0.641718 2.949931 3.569992 0.429637 2.988194 3.427192'/>
				</IndexedFaceSet>
			</Shape>
			<Shape DEF='_IDX_1125'>
				<Appearance USE='Material_451_IDX_451'/>
				<IndexedFaceSet solid="false" coordIndex='0 1 2 3 -1'>
					<Coordinate point='0.252781 1.758133 3.427192 0.377561 1.735620 3.569992 0.499614 2.296688 3.569992 0.334497 2.326479 3.427192'/>
				</IndexedFaceSet>
			</Shape>
			<Shape DEF='_IDX_1126'>
				<Appearance USE='Material_452_IDX_452'/>
				<IndexedFaceSet solid="false" coordIndex='0 1 2 3 -1'>
					<Coordinate point='0.181211 1.260347 3.427192 0.270661 1.244208 3.569992 0.377561 1.735620 3.569992 0.252781 1.758133 3.427192'/>
				</IndexedFaceSet>
			</Shape>
			<Shape DEF='_IDX_1127'>
				<Appearance USE='Material_453_IDX_453'/>
				<IndexedFaceSet solid="false" coordIndex='0 1 2 3 -1'>
					<Coordinate point='0.116912 0.813143 3.427192 0.174623 0.802731 3.569992 0.270661 1.244208 3.569992 0.181211 1.260347 3.427192'/>
				</IndexedFaceSet>
			</Shape>
			<Shape DEF='_IDX_1128'>
				<Appearance USE='Material_454_IDX_454'/>
				<IndexedFaceSet solid="false" coordIndex='0 1 2 3 -1'>
					<Coordinate point='0.057306 0.398573 3.427192 0.085594 0.393470 3.569992 0.174623 0.802731 3.569992 0.116912 0.813143 3.427192'/>
				</IndexedFaceSet>
			</Shape>
			<Shape DEF='_IDX_1129'>
				<Appearance USE='Material_455_IDX_455'/>
				<IndexedFaceSet solid="false" coordIndex='0 1 2 3 -1'>
					<Coordinate point='-0.000000 0.000000 3.427192 0.000000 -0.000000 3.569992 0.085594 0.393470 3.569992 0.057306 0.398573 3.427192'/>
				</IndexedFaceSet>
			</Shape>
			<Shape DEF='_IDX_1130'>
				<Appearance USE='Material_456_IDX_456'/>
				<IndexedFaceSet solid="false" coordIndex='0 1 2 3 -1'>
					<Coordinate point='1.250808 5.749873 3.569992 1.657813 5.645991 3.712791 2.043609 6.959894 3.712791 1.541889 7.087951 3.569992'/>
				</IndexedFaceSet>
			</Shape>
			<Shape DEF='_IDX_1131'>
				<Appearance USE='Material_457_IDX_457'/>
				<IndexedFaceSet solid="false" coordIndex='0 1 2 3 -1'>
					<Coordinate point='1.009927 4.642558 3.569992 1.338550 4.558681 3.712791 1.657813 5.645991 3.712791 1.250808 5.749873 3.569992'/>
				</IndexedFaceSet>
			</Shape>
			<Shape DEF='_IDX_1132'>
				<Appearance USE='Material_458_IDX_458'/>
				<IndexedFaceSet solid="false" coordIndex='0 1 2 3 -1'>
					<Coordinate point='0.809577 3.721565 3.569992 1.073007 3.654328 3.712791 1.338550 4.558681 3.712791 1.009927 4.642558 3.569992'/>
				</IndexedFaceSet>
			</Shape>
			<Shape DEF='_IDX_1133'>
				<Appearance USE='Material_459_IDX_459'/>
				<IndexedFaceSet solid="false" coordIndex='0 1 2 3 -1'>
					<Coordinate point='0.641718 2.949931 3.569992 0.850529 2.896635 3.712791 1.073007 3.654328 3.712791 0.809577 3.721565 3.569992'/>
				</IndexedFaceSet>
			</Shape>
			<Shape DEF='_IDX_1134'>
				<Appearance USE='Material_460_IDX_460'/>
				<IndexedFaceSet solid="false" coordIndex='0 1 2 3 -1'>
					<Coordinate point='0.499614 2.296688 3.569992 0.662185 2.255195 3.712791 0.850529 2.896635 3.712791 0.641718 2.949931 3.569992'/>
				</IndexedFaceSet>
			</Shape>
			<Shape DEF='_IDX_1135'>
				<Appearance USE='Material_461_IDX_461'/>
				<IndexedFaceSet solid="false" coordIndex='0 1 2 3 -1'>
					<Coordinate point='0.377561 1.735620 3.569992 0.500417 1.704263 3.712791 0.662185 2.255195 3.712791 0.499614 2.296688 3.569992'/>
				</IndexedFaceSet>
			</Shape>
			<Shape DEF='_IDX_1136'>
				<Appearance USE='Material_462_IDX_462'/>
				<IndexedFaceSet solid="false" coordIndex='0 1 2 3 -1'>
					<Coordinate point='0.270661 1.244208 3.569992 0.358732 1.221729 3.712791 0.500417 1.704263 3.712791 0.377561 1.735620 3.569992'/>
				</IndexedFaceSet>
			</Shape>
			<Shape DEF='_IDX_1137'>
				<Appearance USE='Material_463_IDX_463'/>
				<IndexedFaceSet solid="false" coordIndex='0 1 2 3 -1'>
					<Coordinate point='0.174623 0.802731 3.569992 0.231445 0.788228 3.712791 0.358732 1.221729 3.712791 0.270661 1.244208 3.569992'/>
				</IndexedFaceSet>
			</Shape>
			<Shape DEF='_IDX_1138'>
				<Appearance USE='Material_464_IDX_464'/>
				<IndexedFaceSet solid="false" coordIndex='0 1 2 3 -1'>
					<Coordinate point='0.085594 0.393470 3.569992 0.113446 0.386361 3.712791 0.231445 0.788228 3.712791 0.174623 0.802731 3.569992'/>
				</IndexedFaceSet>
			</Shape>
			<Shape DEF='_IDX_1139'>
				<Appearance USE='Material_465_IDX_465'/>
				<IndexedFaceSet solid="false" coordIndex='0 1 2 3 -1'>
					<Coordinate point='0.000000 -0.000000 3.569992 0.000000 -0.000000 3.712791 0.113446 0.386361 3.712791 0.085594 0.393470 3.569992'/>
				</IndexedFaceSet>
			</Shape>
			<Shape DEF='_IDX_1140'>
				<Appearance USE='Material_466_IDX_466'/>
				<IndexedFaceSet solid="false" coordIndex='0 1 2 3 -1'>
					<Coordinate point='1.657813 5.645991 3.712791 2.056369 5.513339 3.855591 2.534916 6.796372 3.855591 2.043609 6.959894 3.712791'/>
				</IndexedFaceSet>
			</Shape>
			<Shape DEF='_IDX_1141'>
				<Appearance USE='Material_467_IDX_467'/>
				<IndexedFaceSet solid="false" coordIndex='0 1 2 3 -1'>
					<Coordinate point='1.338550 4.558681 3.712791 1.660352 4.451575 3.855591 2.056369 5.513339 3.855591 1.657813 5.645991 3.712791'/>
				</IndexedFaceSet>
			</Shape>
			<Shape DEF='_IDX_1142'>
				<Appearance USE='Material_468_IDX_468'/>
				<IndexedFaceSet solid="false" coordIndex='0 1 2 3 -1'>
					<Coordinate point='1.073007 3.654328 3.712791 1.330970 3.568470 3.855591 1.660352 4.451575 3.855591 1.338550 4.558681 3.712791'/>
				</IndexedFaceSet>
			</Shape>
			<Shape DEF='_IDX_1143'>
				<Appearance USE='Material_469_IDX_469'/>
				<IndexedFaceSet solid="false" coordIndex='0 1 2 3 -1'>
					<Coordinate point='0.850529 2.896635 3.712791 1.055005 2.828579 3.855591 1.330970 3.568470 3.855591 1.073007 3.654328 3.712791'/>
				</IndexedFaceSet>
			</Shape>
			<Shape DEF='_IDX_1144'>
				<Appearance USE='Material_470_IDX_470'/>
				<IndexedFaceSet solid="false" coordIndex='0 1 2 3 -1'>
					<Coordinate point='0.662185 2.255195 3.712791 0.821381 2.202209 3.855591 1.055005 2.828579 3.855591 0.850529 2.896635 3.712791'/>
				</IndexedFaceSet>
			</Shape>
			<Shape DEF='_IDX_1145'>
				<Appearance USE='Material_471_IDX_471'/>
				<IndexedFaceSet solid="false" coordIndex='0 1 2 3 -1'>
					<Coordinate point='0.500417 1.704263 3.712791 0.620722 1.664221 3.855591 0.821381 2.202209 3.855591 0.662185 2.255195 3.712791'/>
				</IndexedFaceSet>
			</Shape>
			<Shape DEF='_IDX_1146'>
				<Appearance USE='Material_472_IDX_472'/>
				<IndexedFaceSet solid="false" coordIndex='0 1 2 3 -1'>
					<Coordinate point='0.358732 1.221729 3.712791 0.444975 1.193025 3.855591 0.620722 1.664221 3.855591 0.500417 1.704263 3.712791'/>
				</IndexedFaceSet>
			</Shape>
			<Shape DEF='_IDX_1147'>
				<Appearance USE='Material_473_IDX_473'/>
				<IndexedFaceSet solid="false" coordIndex='0 1 2 3 -1'>
					<Coordinate point='0.231445 0.788228 3.712791 0.287086 0.769709 3.855591 0.444975 1.193025 3.855591 0.358732 1.221729 3.712791'/>
				</IndexedFaceSet>
			</Shape>
			<Shape DEF='_IDX_1148'>
				<Appearance USE='Material_474_IDX_474'/>
				<IndexedFaceSet solid="false" coordIndex='0 1 2 3 -1'>
					<Coordinate point='0.113446 0.386361 3.712791 0.140719 0.377283 3.855591 0.287086 0.769709 3.855591 0.231445 0.788228 3.712791'/>
				</IndexedFaceSet>
			</Shape>
			<Shape DEF='_IDX_1149'>
				<Appearance USE='Material_475_IDX_475'/>
				<IndexedFaceSet solid="false" coordIndex='0 1 2 3 -1'>
					<Coordinate point='0.000000 -0.000000 3.712791 0.000000 -0.000000 3.855591 0.140719 0.377283 3.855591 0.113446 0.386361 3.712791'/>
				</IndexedFaceSet>
			</Shape>
			<Shape DEF='_IDX_1150'>
				<Appearance USE='Material_476_IDX_476'/>
				<IndexedFaceSet solid="false" coordIndex='0 1 2 3 -1'>
					<Coordinate point='2.056369 5.513339 3.855591 2.444447 5.352592 3.998391 3.013304 6.598217 3.998391 2.534916 6.796372 3.855591'/>
				</IndexedFaceSet>
			</Shape>
			<Shape DEF='_IDX_1151'>
				<Appearance USE='Material_477_IDX_477'/>
				<IndexedFaceSet solid="false" coordIndex='0 1 2 3 -1'>
					<Coordinate point='1.660352 4.451575 3.855591 1.973693 4.321785 3.998391 2.444447 5.352592 3.998391 2.056369 5.513339 3.855591'/>
				</IndexedFaceSet>
			</Shape>
			<Shape DEF='_IDX_1152'>
				<Appearance USE='Material_478_IDX_478'/>
				<IndexedFaceSet solid="false" coordIndex='0 1 2 3 -1'>
					<Coordinate point='1.330970 3.568470 3.855591 1.582151 3.464427 3.998391 1.973693 4.321785 3.998391 1.660352 4.451575 3.855591'/>
				</IndexedFaceSet>
			</Shape>
			<Shape DEF='_IDX_1153'>
				<Appearance USE='Material_479_IDX_479'/>
				<IndexedFaceSet solid="false" coordIndex='0 1 2 3 -1'>
					<Coordinate point='1.055005 2.828579 3.855591 1.254106 2.746109 3.998391 1.582151 3.464427 3.998391 1.330970 3.568470 3.855591'/>
				</IndexedFaceSet>
			</Shape>
			<Shape DEF='_IDX_1154'>
				<Appearance USE='Material_480_IDX_480'/>
				<IndexedFaceSet solid="false" coordIndex='0 1 2 3 -1'>
					<Coordinate point='0.821381 2.202209 3.855591 0.976392 2.138001 3.998391 1.254106 2.746109 3.998391 1.055005 2.828579 3.855591'/>
				</IndexedFaceSet>
			</Shape>
			<Shape DEF='_IDX_1155'>
				<Appearance USE='Material_481_IDX_481'/>
				<IndexedFaceSet solid="false" coordIndex='0 1 2 3 -1'>
					<Coordinate point='0.620722 1.664221 3.855591 0.737865 1.615699 3.998391 0.976392 2.138001 3.998391 0.821381 2.202209 3.855591'/>
				</IndexedFaceSet>
			</Shape>
			<Shape DEF='_IDX_1156'>
				<Appearance USE='Material_482_IDX_482'/>
				<IndexedFaceSet solid="false" coordIndex='0 1 2 3 -1'>
					<Coordinate point='0.444975 1.193025 3.855591 0.528951 1.158241 3.998391 0.737865 1.615699 3.998391 0.620722 1.664221 3.855591'/>
				</IndexedFaceSet>
			</Shape>
			<Shape DEF='_IDX_1157'>
				<Appearance USE='Material_483_IDX_483'/>
				<IndexedFaceSet solid="false" coordIndex='0 1 2 3 -1'>
					<Coordinate point='0.287086 0.769709 3.855591 0.341265 0.747267 3.998391 0.528951 1.158241 3.998391 0.444975 1.193025 3.855591'/>
				</IndexedFaceSet>
			</Shape>
			<Shape DEF='_IDX_1158'>
				<Appearance USE='Material_484_IDX_484'/>
				<IndexedFaceSet solid="false" coordIndex='0 1 2 3 -1'>
					<Coordinate point='0.140719 0.377283 3.855591 0.167276 0.366283 3.998391 0.341265 0.747267 3.998391 0.287086 0.769709 3.855591'/>
				</IndexedFaceSet>
			</Shape>
			<Shape DEF='_IDX_1159'>
				<Appearance USE='Material_485_IDX_485'/>
				<IndexedFaceSet solid="false" coordIndex='0 1 2 3 -1'>
					<Coordinate point='0.000000 -0.000000 3.855591 0.000000 -0.000000 3.998391 0.167276 0.366283 3.998391 0.140719 0.377283 3.855591'/>
				</IndexedFaceSet>
			</Shape>
			<Shape DEF='_IDX_1160'>
				<Appearance USE='Material_486_IDX_486'/>
				<IndexedFaceSet solid="false" coordIndex='0 1 2 3 -1'>
					<Coordinate point='2.444447 5.352592 3.998391 2.820068 5.164569 4.141191 3.476338 6.366438 4.141191 3.013304 6.598217 3.998391'/>
				</IndexedFaceSet>
			</Shape>
			<Shape DEF='_IDX_1161'>
				<Appearance USE='Material_487_IDX_487'/>
				<IndexedFaceSet solid="false" coordIndex='0 1 2 3 -1'>
					<Coordinate point='1.973693 4.321785 3.998391 2.276977 4.169972 4.141191 2.820068 5.164569 4.141191 2.444447 5.352592 3.998391'/>
				</IndexedFaceSet>
			</Shape>
			<Shape DEF='_IDX_1162'>
				<Appearance USE='Material_488_IDX_488'/>
				<IndexedFaceSet solid="false" coordIndex='0 1 2 3 -1'>
					<Coordinate point='1.582151 3.464427 3.998391 1.825269 3.342731 4.141191 2.276977 4.169972 4.141191 1.973693 4.321785 3.998391'/>
				</IndexedFaceSet>
			</Shape>
			<Shape DEF='_IDX_1163'>
				<Appearance USE='Material_489_IDX_489'/>
				<IndexedFaceSet solid="false" coordIndex='0 1 2 3 -1'>
					<Coordinate point='1.254106 2.746109 3.998391 1.446816 2.649645 4.141191 1.825269 3.342731 4.141191 1.582151 3.464427 3.998391'/>
				</IndexedFaceSet>
			</Shape>
			<Shape DEF='_IDX_1164'>
				<Appearance USE='Material_490_IDX_490'/>
				<IndexedFaceSet solid="false" coordIndex='0 1 2 3 -1'>
					<Coordinate point='0.976392 2.138001 3.998391 1.126428 2.062899 4.141191 1.446816 2.649645 4.141191 1.254106 2.746109 3.998391'/>
				</IndexedFaceSet>
			</Shape>
			<Shape DEF='_IDX_1165'>
				<Appearance USE='Material_491_IDX_491'/>
				<IndexedFaceSet solid="false" coordIndex='0 1 2 3 -1'>
					<Coordinate point='0.737865 1.615699 3.998391 0.851248 1.558944 4.141191 1.126428 2.062899 4.141191 0.976392 2.138001 3.998391'/>
				</IndexedFaceSet>
			</Shape>
			<Shape DEF='_IDX_1166'>
				<Appearance USE='Material_492_IDX_492'/>
				<IndexedFaceSet solid="false" coordIndex='0 1 2 3 -1'>
					<Coordinate point='0.528951 1.158241 3.998391 0.610231 1.117555 4.141191 0.851248 1.558944 4.141191 0.737865 1.615699 3.998391'/>
				</IndexedFaceSet>
			</Shape>
			<Shape DEF='_IDX_1167'>
				<Appearance USE='Material_493_IDX_493'/>
				<IndexedFaceSet solid="false" coordIndex='0 1 2 3 -1'>
					<Coordinate point='0.341265 0.747267 3.998391 0.393705 0.721017 4.141191 0.610231 1.117555 4.141191 0.528951 1.158241 3.998391'/>
				</IndexedFaceSet>
			</Shape>
			<Shape DEF='_IDX_1168'>
				<Appearance USE='Material_493_IDX_493'/>
				<IndexedFaceSet solid="false" coordIndex='0 1 2 3 -1'>
					<Coordinate point='0.167276 0.366283 3.998391 0.192980 0.353417 4.141191 0.393705 0.721017 4.141191 0.341265 0.747267 3.998391'/>
				</IndexedFaceSet>
			</Shape>
			<Shape DEF='_IDX_1169'>
				<Appearance USE='Material_493_IDX_493'/>
				<IndexedFaceSet solid="false" coordIndex='0 1 2 3 -1'>
					<Coordinate point='0.000000 -0.000000 3.998391 0.000000 -0.000000 4.141191 0.192980 0.353417 4.141191 0.167276 0.366283 3.998391'/>
				</IndexedFaceSet>
			</Shape>
			<Shape DEF='_IDX_1170'>
				<Appearance USE='Material_494_IDX_494'/>
				<IndexedFaceSet solid="false" coordIndex='0 1 2 3 -1'>
					<Coordinate point='2.820068 5.164569 4.141191 3.181319 4.950229 4.283990 3.921658 6.102218 4.283990 3.476338 6.366438 4.141191'/>
				</IndexedFaceSet>
			</Shape>
			<Shape DEF='_IDX_1171'>
				<Appearance USE='Material_495_IDX_495'/>
				<IndexedFaceSet solid="false" coordIndex='0 1 2 3 -1'>
					<Coordinate point='2.276977 4.169972 4.141191 2.568658 3.996910 4.283990 3.181319 4.950229 4.283990 2.820068 5.164569 4.141191'/>
				</IndexedFaceSet>
			</Shape>
			<Shape DEF='_IDX_1172'>
				<Appearance USE='Material_496_IDX_496'/>
				<IndexedFaceSet solid="false" coordIndex='0 1 2 3 -1'>
					<Coordinate point='1.825269 3.342731 4.141191 2.059086 3.204001 4.283990 2.568658 3.996910 4.283990 2.276977 4.169972 4.141191'/>
				</IndexedFaceSet>
			</Shape>
			<Shape DEF='_IDX_1173'>
				<Appearance USE='Material_497_IDX_497'/>
				<IndexedFaceSet solid="false" coordIndex='0 1 2 3 -1'>
					<Coordinate point='1.446816 2.649645 4.141191 1.632153 2.539679 4.283990 2.059086 3.204001 4.283990 1.825269 3.342731 4.141191'/>
				</IndexedFaceSet>
			</Shape>
			<Shape DEF='_IDX_1174'>
				<Appearance USE='Material_498_IDX_498'/>
				<IndexedFaceSet solid="false" coordIndex='0 1 2 3 -1'>
					<Coordinate point='1.126428 2.062899 4.141191 1.270723 1.977284 4.283990 1.632153 2.539679 4.283990 1.446816 2.649645 4.141191'/>
				</IndexedFaceSet>
			</Shape>
			<Shape DEF='_IDX_1175'>
				<Appearance USE='Material_499_IDX_499'/>
				<IndexedFaceSet solid="false" coordIndex='0 1 2 3 -1'>
					<Coordinate point='0.851248 1.558944 4.141191 0.960293 1.494245 4.283990 1.270723 1.977284 4.283990 1.126428 2.062899 4.141191'/>
				</IndexedFaceSet>
			</Shape>
			<Shape DEF='_IDX_1176'>
				<Appearance USE='Material_500_IDX_500'/>
				<IndexedFaceSet solid="false" coordIndex='0 1 2 3 -1'>
					<Coordinate point='0.610231 1.117555 4.141191 0.688402 1.071174 4.283990 0.960293 1.494245 4.283990 0.851248 1.558944 4.141191'/>
				</IndexedFaceSet>
			</Shape>
			<Shape DEF='_IDX_1177'>
				<Appearance USE='Material_501_IDX_501'/>
				<IndexedFaceSet solid="false" coordIndex='0 1 2 3 -1'>
					<Coordinate point='0.393705 0.721017 4.141191 0.444139 0.691094 4.283990 0.688402 1.071174 4.283990 0.610231 1.117555 4.141191'/>
				</IndexedFaceSet>
			</Shape>
			<Shape DEF='_IDX_1178'>
				<Appearance USE='Material_502_IDX_502'/>
				<IndexedFaceSet solid="false" coordIndex='0 1 2 3 -1'>
					<Coordinate point='0.192980 0.353417 4.141191 0.217701 0.338749 4.283990 0.444139 0.691094 4.283990 0.393705 0.721017 4.141191'/>
				</IndexedFaceSet>
			</Shape>
			<Shape DEF='_IDX_1179'>
				<Appearance USE='Material_502_IDX_502'/>
				<IndexedFaceSet solid="false" coordIndex='0 1 2 3 -1'>
					<Coordinate point='0.000000 -0.000000 4.141191 0.000000 -0.000000 4.283990 0.217701 0.338749 4.283990 0.192980 0.353417 4.141191'/>
				</IndexedFaceSet>
			</Shape>
			<Shape DEF='_IDX_1180'>
				<Appearance USE='Material_503_IDX_503'/>
				<IndexedFaceSet solid="false" coordIndex='0 1 2 3 -1'>
					<Coordinate point='3.181319 4.950229 4.283990 3.526359 4.710664 4.426790 4.346993 5.806903 4.426790 3.921658 6.102218 4.283990'/>
				</IndexedFaceSet>
			</Shape>
			<Shape DEF='_IDX_1181'>
				<Appearance USE='Material_504_IDX_504'/>
				<IndexedFaceSet solid="false" coordIndex='0 1 2 3 -1'>
					<Coordinate point='2.568658 3.996910 4.283990 2.847250 3.803480 4.426790 3.526359 4.710664 4.426790 3.181319 4.950229 4.283990'/>
				</IndexedFaceSet>
			</Shape>
			<Shape DEF='_IDX_1182'>
				<Appearance USE='Material_505_IDX_505'/>
				<IndexedFaceSet solid="false" coordIndex='0 1 2 3 -1'>
					<Coordinate point='2.059086 3.204001 4.283990 2.282411 3.048944 4.426790 2.847250 3.803480 4.426790 2.568658 3.996910 4.283990'/>
				</IndexedFaceSet>
			</Shape>
			<Shape DEF='_IDX_1183'>
				<Appearance USE='Material_506_IDX_506'/>
				<IndexedFaceSet solid="false" coordIndex='0 1 2 3 -1'>
					<Coordinate point='1.632153 2.539679 4.283990 1.809173 2.416772 4.426790 2.282411 3.048944 4.426790 2.059086 3.204001 4.283990'/>
				</IndexedFaceSet>
			</Shape>
			<Shape DEF='_IDX_1184'>
				<Appearance USE='Material_507_IDX_507'/>
				<IndexedFaceSet solid="false" coordIndex='0 1 2 3 -1'>
					<Coordinate point='1.270723 1.977284 4.283990 1.408544 1.881594 4.426790 1.809173 2.416772 4.426790 1.632153 2.539679 4.283990'/>
				</IndexedFaceSet>
			</Shape>
			<Shape DEF='_IDX_1185'>
				<Appearance USE='Material_508_IDX_508'/>
				<IndexedFaceSet solid="false" coordIndex='0 1 2 3 -1'>
					<Coordinate point='0.960293 1.494245 4.283990 1.064444 1.421931 4.426790 1.408544 1.881594 4.426790 1.270723 1.977284 4.283990'/>
				</IndexedFaceSet>
			</Shape>
			<Shape DEF='_IDX_1186'>
				<Appearance USE='Material_509_IDX_509'/>
				<IndexedFaceSet solid="false" coordIndex='0 1 2 3 -1'>
					<Coordinate point='0.688402 1.071174 4.283990 0.763065 1.019335 4.426790 1.064444 1.421931 4.426790 0.960293 1.494245 4.283990'/>
				</IndexedFaceSet>
			</Shape>
			<Shape DEF='_IDX_1187'>
				<Appearance USE='Material_510_IDX_510'/>
				<IndexedFaceSet solid="false" coordIndex='0 1 2 3 -1'>
					<Coordinate point='0.444139 0.691094 4.283990 0.492309 0.657648 4.426790 0.763065 1.019335 4.426790 0.688402 1.071174 4.283990'/>
				</IndexedFaceSet>
			</Shape>
			<Shape DEF='_IDX_1188'>
				<Appearance USE='Material_511_IDX_511'/>
				<IndexedFaceSet solid="false" coordIndex='0 1 2 3 -1'>
					<Coordinate point='0.217701 0.338749 4.283990 0.241312 0.322356 4.426790 0.492309 0.657648 4.426790 0.444139 0.691094 4.283990'/>
				</IndexedFaceSet>
			</Shape>
			<Shape DEF='_IDX_1189'>
				<Appearance USE='Material_512_IDX_512'/>
				<IndexedFaceSet solid="false" coordIndex='0 1 2 3 -1'>
					<Coordinate point='0.000000 -0.000000 4.283990 0.000000 -0.000000 4.426790 0.241312 0.322356 4.426790 0.217701 0.338749 4.283990'/>
				</IndexedFaceSet>
			</Shape>
			<Shape DEF='_IDX_1190'>
				<Appearance USE='Material_513_IDX_513'/>
				<IndexedFaceSet solid="false" coordIndex='0 1 2 3 -1'>
					<Coordinate point='3.526359 4.710664 4.426790 3.853429 4.447094 4.569589 4.750177 5.481997 4.569589 4.346993 5.806903 4.426790'/>
				</IndexedFaceSet>
			</Shape>
			<Shape DEF='_IDX_1191'>
				<Appearance USE='Material_514_IDX_514'/>
				<IndexedFaceSet solid="false" coordIndex='0 1 2 3 -1'>
					<Coordinate point='2.847250 3.803480 4.426790 3.111332 3.590669 4.569589 3.853429 4.447094 4.569589 3.526359 4.710664 4.426790'/>
				</IndexedFaceSet>
			</Shape>
			<Shape DEF='_IDX_1192'>
				<Appearance USE='Material_515_IDX_515'/>
				<IndexedFaceSet solid="false" coordIndex='0 1 2 3 -1'>
					<Coordinate point='2.282411 3.048944 4.426790 2.494105 2.878350 4.569589 3.111332 3.590669 4.569589 2.847250 3.803480 4.426790'/>
				</IndexedFaceSet>
			</Shape>
			<Shape DEF='_IDX_1193'>
				<Appearance USE='Material_516_IDX_516'/>
				<IndexedFaceSet solid="false" coordIndex='0 1 2 3 -1'>
					<Coordinate point='1.809173 2.416772 4.426790 1.976974 2.281549 4.569589 2.494105 2.878350 4.569589 2.282411 3.048944 4.426790'/>
				</IndexedFaceSet>
			</Shape>
			<Shape DEF='_IDX_1194'>
				<Appearance USE='Material_517_IDX_517'/>
				<IndexedFaceSet solid="false" coordIndex='0 1 2 3 -1'>
					<Coordinate point='1.408544 1.881594 4.426790 1.539186 1.776316 4.569589 1.976974 2.281549 4.569589 1.809173 2.416772 4.426790'/>
				</IndexedFaceSet>
			</Shape>
			<Shape DEF='_IDX_1195'>
				<Appearance USE='Material_518_IDX_518'/>
				<IndexedFaceSet solid="false" coordIndex='0 1 2 3 -1'>
					<Coordinate point='1.064444 1.421931 4.426790 1.163172 1.342371 4.569589 1.539186 1.776316 4.569589 1.408544 1.881594 4.426790'/>
				</IndexedFaceSet>
			</Shape>
			<Shape DEF='_IDX_1196'>
				<Appearance USE='Material_519_IDX_519'/>
				<IndexedFaceSet solid="false" coordIndex='0 1 2 3 -1'>
					<Coordinate point='0.763065 1.019335 4.426790 0.833839 0.962301 4.569589 1.163172 1.342371 4.569589 1.064444 1.421931 4.426790'/>
				</IndexedFaceSet>
			</Shape>
			<Shape DEF='_IDX_1197'>
				<Appearance USE='Material_520_IDX_520'/>
				<IndexedFaceSet solid="false" coordIndex='0 1 2 3 -1'>
					<Coordinate point='0.492309 0.657648 4.426790 0.537971 0.620852 4.569589 0.833839 0.962301 4.569589 0.763065 1.019335 4.426790'/>
				</IndexedFaceSet>
			</Shape>
			<Shape DEF='_IDX_1198'>
				<Appearance USE='Material_521_IDX_521'/>
				<IndexedFaceSet solid="false" coordIndex='0 1 2 3 -1'>
					<Coordinate point='0.241312 0.322356 4.426790 0.263694 0.304319 4.569589 0.537971 0.620852 4.569589 0.492309 0.657648 4.426790'/>
				</IndexedFaceSet>
			</Shape>
			<Shape DEF='_IDX_1199'>
				<Appearance USE='Material_522_IDX_522'/>
				<IndexedFaceSet solid="false" coordIndex='0 1 2 3 -1'>
					<Coordinate point='0.000000 -0.000000 4.426790 0.000000 -0.000000 4.569589 0.263694 0.304319 4.569589 0.241312 0.322356 4.426790'/>
				</IndexedFaceSet>
			</Shape>
			<Shape DEF='_IDX_1200'>
				<Appearance USE='Material_523_IDX_523'/>
				<IndexedFaceSet solid="false" coordIndex='0 1 2 3 -1'>
					<Coordinate point='3.853429 4.447094 4.569589 4.160863 4.160863 4.712389 5.129155 5.129155 4.712389 4.750177 5.481997 4.569589'/>
				</IndexedFaceSet>
			</Shape>
			<Shape DEF='_IDX_1201'>
				<Appearance USE='Material_524_IDX_524'/>
				<IndexedFaceSet solid="false" coordIndex='0 1 2 3 -1'>
					<Coordinate point='3.111332 3.590669 4.569589 3.359560 3.359560 4.712389 4.160863 4.160863 4.712389 3.853429 4.447094 4.569589'/>
				</IndexedFaceSet>
			</Shape>
			<Shape DEF='_IDX_1202'>
				<Appearance USE='Material_525_IDX_525'/>
				<IndexedFaceSet solid="false" coordIndex='0 1 2 3 -1'>
					<Coordinate point='2.494105 2.878350 4.569589 2.693089 2.693089 4.712389 3.359560 3.359560 4.712389 3.111332 3.590669 4.569589'/>
				</IndexedFaceSet>
			</Shape>
			<Shape DEF='_IDX_1203'>
				<Appearance USE='Material_526_IDX_526'/>
				<IndexedFaceSet solid="false" coordIndex='0 1 2 3 -1'>
					<Coordinate point='1.976974 2.281549 4.569589 2.134701 2.134701 4.712389 2.693089 2.693089 4.712389 2.494105 2.878350 4.569589'/>
				</IndexedFaceSet>
			</Shape>
			<Shape DEF='_IDX_1204'>
				<Appearance USE='Material_527_IDX_527'/>
				<IndexedFaceSet solid="false" coordIndex='0 1 2 3 -1'>
					<Coordinate point='1.539186 1.776316 4.569589 1.661986 1.661986 4.712389 2.134701 2.134701 4.712389 1.976974 2.281549 4.569589'/>
				</IndexedFaceSet>
			</Shape>
			<Shape DEF='_IDX_1205'>
				<Appearance USE='Material_528_IDX_528'/>
				<IndexedFaceSet solid="false" coordIndex='0 1 2 3 -1'>
					<Coordinate point='1.163172 1.342371 4.569589 1.255972 1.255972 4.712389 1.661986 1.661986 4.712389 1.539186 1.776316 4.569589'/>
				</IndexedFaceSet>
			</Shape>
			<Shape DEF='_IDX_1206'>
				<Appearance USE='Material_529_IDX_529'/>
				<IndexedFaceSet solid="false" coordIndex='0 1 2 3 -1'>
					<Coordinate point='0.833839 0.962301 4.569589 0.900364 0.900364 4.712389 1.255972 1.255972 4.712389 1.163172 1.342371 4.569589'/>
				</IndexedFaceSet>
			</Shape>
			<Shape DEF='_IDX_1207'>
				<Appearance USE='Material_530_IDX_530'/>
				<IndexedFaceSet solid="false" coordIndex='0 1 2 3 -1'>
					<Coordinate point='0.537971 0.620852 4.569589 0.580891 0.580891 4.712389 0.900364 0.900364 4.712389 0.833839 0.962301 4.569589'/>
				</IndexedFaceSet>
			</Shape>
			<Shape DEF='_IDX_1208'>
				<Appearance USE='Material_531_IDX_531'/>
				<IndexedFaceSet solid="false" coordIndex='0 1 2 3 -1'>
					<Coordinate point='0.263694 0.304319 4.569589 0.284732 0.284732 4.712389 0.580891 0.580891 4.712389 0.537971 0.620852 4.569589'/>
				</IndexedFaceSet>
			</Shape>
			<Shape DEF='_IDX_1209'>
				<Appearance USE='Material_532_IDX_532'/>
				<IndexedFaceSet solid="false" coordIndex='0 1 2 3 -1'>
					<Coordinate point='0.000000 -0.000000 4.569589 0.000000 0.000000 4.712389 0.284732 0.284732 4.712389 0.263694 0.304319 4.569589'/>
				</IndexedFaceSet>
			</Shape>
			<Shape DEF='_IDX_1210'>
				<Appearance USE='Material_533_IDX_533'/>
				<IndexedFaceSet solid="false" coordIndex='0 1 2 3 -1'>
					<Coordinate point='0.402672 0.000000 6.283185 0.401646 0.028726 6.140386 -0.000000 0.000000 6.140386 -0.000000 0.000000 6.283185'/>
				</IndexedFaceSet>
			</Shape>
			<Shape DEF='_IDX_1211'>
				<Appearance USE='Material_534_IDX_534'/>
				<IndexedFaceSet solid="false" coordIndex='0 1 2 3 -1'>
					<Coordinate point='0.821505 -0.000000 6.283185 0.819412 0.058605 6.140386 0.401646 0.028726 6.140386 0.402672 0.000000 6.283185'/>
				</IndexedFaceSet>
			</Shape>
			<Shape DEF='_IDX_1212'>
				<Appearance USE='Material_535_IDX_535'/>
				<IndexedFaceSet solid="false" coordIndex='0 1 2 3 -1'>
					<Coordinate point='1.273307 0.000000 6.283185 1.270063 0.090837 6.140386 0.819412 0.058605 6.140386 0.821505 -0.000000 6.283185'/>
				</IndexedFaceSet>
			</Shape>
			<Shape DEF='_IDX_1213'>
				<Appearance USE='Material_536_IDX_536'/>
				<IndexedFaceSet solid="false" coordIndex='0 1 2 3 -1'>
					<Coordinate point='1.776212 0.000000 6.283185 1.771686 0.126714 6.140386 1.270063 0.090837 6.140386 1.273307 0.000000 6.283185'/>
				</IndexedFaceSet>
			</Shape>
			<Shape DEF='_IDX_1214'>
				<Appearance USE='Material_537_IDX_537'/>
				<IndexedFaceSet solid="false" coordIndex='0 1 2 3 -1'>
					<Coordinate point='2.350402 0.000000 6.283185 2.344414 0.167676 6.140386 1.771686 0.126714 6.140386 1.776212 0.000000 6.283185'/>
				</IndexedFaceSet>
			</Shape>
			<Shape DEF='_IDX_1215'>
				<Appearance USE='Material_538_IDX_538'/>
				<IndexedFaceSet solid="false" coordIndex='0 1 2 3 -1'>
					<Coordinate point='3.018923 -0.000000 6.283185 3.011231 0.215367 6.140386 2.344414 0.167676 6.140386 2.350402 0.000000 6.283185'/>
				</IndexedFaceSet>
			</Shape>
			<Shape DEF='_IDX_1216'>
				<Appearance USE='Material_539_IDX_539'/>
				<IndexedFaceSet solid="false" coordIndex='0 1 2 3 -1'>
					<Coordinate point='3.808603 0.000000 6.283185 3.798899 0.271703 6.140386 3.011231 0.215367 6.140386 3.018923 -0.000000 6.283185'/>
				</IndexedFaceSet>
			</Shape>
			<Shape DEF='_IDX_1217'>
				<Appearance USE='Material_540_IDX_540'/>
				<IndexedFaceSet solid="false" coordIndex='0 1 2 3 -1'>
					<Coordinate point='4.751136 0.000000 6.283185 4.739030 0.338942 6.140386 3.798899 0.271703 6.140386 3.808603 0.000000 6.283185'/>
				</IndexedFaceSet>
			</Shape>
			<Shape DEF='_IDX_1218'>
				<Appearance USE='Material_541_IDX_541'/>
				<IndexedFaceSet solid="false" coordIndex='0 1 2 3 -1'>
					<Coordinate point='5.884348 -0.000000 6.283185 5.869356 0.419785 6.140386 4.739030 0.338942 6.140386 4.751136 0.000000 6.283185'/>
				</IndexedFaceSet>
			</Shape>
			<Shape DEF='_IDX_1219'>
				<Appearance USE='Material_542_IDX_542'/>
				<IndexedFaceSet solid="false" coordIndex='0 1 2 3 -1'>
					<Coordinate point='7.253721 -0.000000 6.283185 7.235239 0.517475 6.140386 5.869356 0.419785 6.140386 5.884348 -0.000000 6.283185'/>
				</IndexedFaceSet>
			</Shape>
			<Shape DEF='_IDX_1220'>
				<Appearance USE='Material_543_IDX_543'/>
				<IndexedFaceSet solid="false" coordIndex='0 1 2 3 -1'>
					<Coordinate point='0.401646 0.028726 6.140386 0.398573 0.057306 5.997586 0.000000 -0.000000 5.997586 -0.000000 0.000000 6.140386'/>
				</IndexedFaceSet>
			</Shape>
			<Shape DEF='_IDX_1221'>
				<Appearance USE='Material_544_IDX_544'/>
				<IndexedFaceSet solid="false" coordIndex='0 1 2 3 -1'>
					<Coordinate point='0.819412 0.058605 6.140386 0.813143 0.116912 5.997586 0.398573 0.057306 5.997586 0.401646 0.028726 6.140386'/>
				</IndexedFaceSet>
			</Shape>
			<Shape DEF='_IDX_1222'>
				<Appearance USE='Material_545_IDX_545'/>
				<IndexedFaceSet solid="false" coordIndex='0 1 2 3 -1'>
					<Coordinate point='1.270063 0.090837 6.140386 1.260347 0.181211 5.997586 0.813143 0.116912 5.997586 0.819412 0.058605 6.140386'/>
				</IndexedFaceSet>
			</Shape>
			<Shape DEF='_IDX_1223'>
				<Appearance USE='Material_546_IDX_546'/>
				<IndexedFaceSet solid="false" coordIndex='0 1 2 3 -1'>
					<Coordinate point='1.771686 0.126714 6.140386 1.758133 0.252781 5.997586 1.260347 0.181211 5.997586 1.270063 0.090837 6.140386'/>
				</IndexedFaceSet>
			</Shape>
			<Shape DEF='_IDX_1224'>
				<Appearance USE='Material_547_IDX_547'/>
				<IndexedFaceSet solid="false" coordIndex='0 1 2 3 -1'>
					<Coordinate point='2.344414 0.167676 6.140386 2.326479 0.334497 5.997586 1.758133 0.252781 5.997586 1.771686 0.126714 6.140386'/>
				</IndexedFaceSet>
			</Shape>
			<Shape DEF='_IDX_1225'>
				<Appearance USE='Material_548_IDX_548'/>
				<IndexedFaceSet solid="false" coordIndex='0 1 2 3 -1'>
					<Coordinate point='3.011231 0.215367 6.140386 2.988194 0.429637 5.997586 2.326479 0.334497 5.997586 2.344414 0.167676 6.140386'/>
				</IndexedFaceSet>
			</Shape>
			<Shape DEF='_IDX_1226'>
				<Appearance USE='Material_549_IDX_549'/>
				<IndexedFaceSet solid="false" coordIndex='0 1 2 3 -1'>
					<Coordinate point='3.798899 0.271703 6.140386 3.769837 0.542021 5.997586 2.988194 0.429637 5.997586 3.011231 0.215367 6.140386'/>
				</IndexedFaceSet>
			</Shape>
			<Shape DEF='_IDX_1227'>
				<Appearance USE='Material_550_IDX_550'/>
				<IndexedFaceSet solid="false" coordIndex='0 1 2 3 -1'>
					<Coordinate point='4.739030 0.338942 6.140386 4.702776 0.676157 5.997586 3.769837 0.542021 5.997586 3.798899 0.271703 6.140386'/>
				</IndexedFaceSet>
			</Shape>
			<Shape DEF='_IDX_1228'>
				<Appearance USE='Material_551_IDX_551'/>
				<IndexedFaceSet solid="false" coordIndex='0 1 2 3 -1'>
					<Coordinate point='5.869356 0.419785 6.140386 5.824454 0.837430 5.997586 4.702776 0.676157 5.997586 4.739030 0.338942 6.140386'/>
				</IndexedFaceSet>
			</Shape>
			<Shape DEF='_IDX_1229'>
				<Appearance USE='Material_552_IDX_552'/>
				<IndexedFaceSet solid="false" coordIndex='0 1 2 3 -1'>
					<Coordinate point='7.235239 0.517475 6.140386 7.179888 1.032312 5.997586 5.824454 0.837430 5.997586 5.869356 0.419785 6.140386'/>
				</IndexedFaceSet>
			</Shape>
			<Shape DEF='_IDX_1230'>
				<Appearance USE='Material_553_IDX_553'/>
				<IndexedFaceSet solid="false" coordIndex='0 1 2 3 -1'>
					<Coordinate point='0.398573 0.057306 5.997586 0.393470 0.085594 5.854786 -0.000000 0.000000 5.854786 0.000000 -0.000000 5.997586'/>
				</IndexedFaceSet>
			</Shape>
			<Shape DEF='_IDX_1231'>
				<Appearance USE='Material_554_IDX_554'/>
				<IndexedFaceSet solid="false" coordIndex='0 1 2 3 -1'>
					<Coordinate point='0.813143 0.116912 5.997586 0.802731 0.174623 5.854786 0.393470 0.085594 5.854786 0.398573 0.057306 5.997586'/>
				</IndexedFaceSet>
			</Shape>
			<Shape DEF='_IDX_1232'>
				<Appearance USE='Material_555_IDX_555'/>
				<IndexedFaceSet solid="false" coordIndex='0 1 2 3 -1'>
					<Coordinate point='1.260347 0.181211 5.997586 1.244208 0.270661 5.854786 0.802731 0.174623 5.854786 0.813143 0.116912 5.997586'/>
				</IndexedFaceSet>
			</Shape>
			<Shape DEF='_IDX_1233'>
				<Appearance USE='Material_556_IDX_556'/>
				<IndexedFaceSet solid="false" coordIndex='0 1 2 3 -1'>
					<Coordinate point='1.758133 0.252781 5.997586 1.735620 0.377561 5.854786 1.244208 0.270661 5.854786 1.260347 0.181211 5.997586'/>
				</IndexedFaceSet>
			</Shape>
			<Shape DEF='_IDX_1234'>
				<Appearance USE='Material_557_IDX_557'/>
				<IndexedFaceSet solid="false" coordIndex='0 1 2 3 -1'>
					<Coordinate point='2.326479 0.334497 5.997586 2.296688 0.499614 5.854786 1.735620 0.377561 5.854786 1.758133 0.252781 5.997586'/>
				</IndexedFaceSet>
			</Shape>
			<Shape DEF='_IDX_1235'>
				<Appearance USE='Material_558_IDX_558'/>
				<IndexedFaceSet solid="false" coordIndex='0 1 2 3 -1'>
					<Coordinate point='2.988194 0.429637 5.997586 2.949931 0.641718 5.854786 2.296688 0.499614 5.854786 2.326479 0.334497 5.997586'/>
				</IndexedFaceSet>
			</Shape>
			<Shape DEF='_IDX_1236'>
				<Appearance USE='Material_559_IDX_559'/>
				<IndexedFaceSet solid="false" coordIndex='0 1 2 3 -1'>
					<Coordinate point='3.769837 0.542021 5.997586 3.721565 0.809577 5.854786 2.949931 0.641718 5.854786 2.988194 0.429637 5.997586'/>
				</IndexedFaceSet>
			</Shape>
			<Shape DEF='_IDX_1237'>
				<Appearance USE='Material_560_IDX_560'/>
				<IndexedFaceSet solid="false" coordIndex='0 1 2 3 -1'>
					<Coordinate point='4.702776 0.676157 5.997586 4.642558 1.009927 5.854786 3.721565 0.809577 5.854786 3.769837 0.542021 5.997586'/>
				</IndexedFaceSet>
			</Shape>
			<Shape DEF='_IDX_1238'>
				<Appearance USE='Material_561_IDX_561'/>
				<IndexedFaceSet solid="false" coordIndex='0 1 2 3 -1'>
					<Coordinate point='5.824454 0.837430 5.997586 5.749873 1.250808 5.854786 4.642558 1.009927 5.854786 4.702776 0.676157 5.997586'/>
				</IndexedFaceSet>
			</Shape>
			<Shape DEF='_IDX_1239'>
				<Appearance USE='Material_562_IDX_562'/>
				<IndexedFaceSet solid="false" coordIndex='0 1 2 3 -1'>
					<Coordinate point='7.179888 1.032312 5.997586 7.087951 1.541889 5.854786 5.749873 1.250808 5.854786 5.824454 0.837430 5.997586'/>
				</IndexedFaceSet>
			</Shape>
			<Shape DEF='_IDX_1240'>
				<Appearance USE='Material_563_IDX_563'/>
				<IndexedFaceSet solid="false" coordIndex='0 1 2 3 -1'>
					<Coordinate point='0.393470 0.085594 5.854786 0.386361 0.113446 5.711987 -0.000000 0.000000 5.711987 -0.000000 0.000000 5.854786'/>
				</IndexedFaceSet>
			</Shape>
			<Shape DEF='_IDX_1241'>
				<Appearance USE='Material_564_IDX_564'/>
				<IndexedFaceSet solid="false" coordIndex='0 1 2 3 -1'>
					<Coordinate point='0.802731 0.174623 5.854786 0.788228 0.231445 5.711987 0.386361 0.113446 5.711987 0.393470 0.085594 5.854786'/>
				</IndexedFaceSet>
			</Shape>
			<Shape DEF='_IDX_1242'>
				<Appearance USE='Material_565_IDX_565'/>
				<IndexedFaceSet solid="false" coordIndex='0 1 2 3 -1'>
					<Coordinate point='1.244208 0.270661 5.854786 1.221729 0.358732 5.711987 0.788228 0.231445 5.711987 0.802731 0.174623 5.854786'/>
				</IndexedFaceSet>
			</Shape>
			<Shape DEF='_IDX_1243'>
				<Appearance USE='Material_566_IDX_566'/>
				<IndexedFaceSet solid="false" coordIndex='0 1 2 3 -1'>
					<Coordinate point='1.735620 0.377561 5.854786 1.704263 0.500417 5.711987 1.221729 0.358732 5.711987 1.244208 0.270661 5.854786'/>
				</IndexedFaceSet>
			</Shape>
			<Shape DEF='_IDX_1244'>
				<Appearance USE='Material_567_IDX_567'/>
				<IndexedFaceSet solid="false" coordIndex='0 1 2 3 -1'>
					<Coordinate point='2.296688 0.499614 5.854786 2.255195 0.662185 5.711987 1.704263 0.500417 5.711987 1.735620 0.377561 5.854786'/>
				</IndexedFaceSet>
			</Shape>
			<Shape DEF='_IDX_1245'>
				<Appearance USE='Material_568_IDX_568'/>
				<IndexedFaceSet solid="false" coordIndex='0 1 2 3 -1'>
					<Coordinate point='2.949931 0.641718 5.854786 2.896635 0.850529 5.711987 2.255195 0.662185 5.711987 2.296688 0.499614 5.854786'/>
				</IndexedFaceSet>
			</Shape>
			<Shape DEF='_IDX_1246'>
				<Appearance USE='Material_569_IDX_569'/>
				<IndexedFaceSet solid="false" coordIndex='0 1 2 3 -1'>
					<Coordinate point='3.721565 0.809577 5.854786 3.654328 1.073007 5.711987 2.896635 0.850529 5.711987 2.949931 0.641718 5.854786'/>
				</IndexedFaceSet>
			</Shape>
			<Shape DEF='_IDX_1247'>
				<Appearance USE='Material_570_IDX_570'/>
				<IndexedFaceSet solid="false" coordIndex='0 1 2 3 -1'>
					<Coordinate point='4.642558 1.009927 5.854786 4.558681 1.338550 5.711987 3.654328 1.073007 5.711987 3.721565 0.809577 5.854786'/>
				</IndexedFaceSet>
			</Shape>
			<Shape DEF='_IDX_1248'>
				<Appearance USE='Material_571_IDX_571'/>
				<IndexedFaceSet solid="false" coordIndex='0 1 2 3 -1'>
					<Coordinate point='5.749873 1.250808 5.854786 5.645991 1.657813 5.711987 4.558681 1.338550 5.711987 4.642558 1.009927 5.854786'/>
				</IndexedFaceSet>
			</Shape>
			<Shape DEF='_IDX_1249'>
				<Appearance USE='Material_572_IDX_572'/>
				<IndexedFaceSet solid="false" coordIndex='0 1 2 3 -1'>
					<Coordinate point='7.087951 1.541889 5.854786 6.959894 2.043609 5.711987 5.645991 1.657813 5.711987 5.749873 1.250808 5.854786'/>
				</IndexedFaceSet>
			</Shape>
			<Shape DEF='_IDX_1250'>
				<Appearance USE='Material_573_IDX_573'/>
				<IndexedFaceSet solid="false" coordIndex='0 1 2 3 -1'>
					<Coordinate point='0.386361 0.113446 5.711987 0.377283 0.140719 5.569187 -0.000000 0.000000 5.569187 -0.000000 0.000000 5.711987'/>
				</IndexedFaceSet>
			</Shape>
			<Shape DEF='_IDX_1251'>
				<Appearance USE='Material_574_IDX_574'/>
				<IndexedFaceSet solid="false" coordIndex='0 1 2 3 -1'>
					<Coordinate point='0.788228 0.231445 5.711987 0.769709 0.287086 5.569187 0.377283 0.140719 5.569187 0.386361 0.113446 5.711987'/>
				</IndexedFaceSet>
			</Shape>
			<Shape DEF='_IDX_1252'>
				<Appearance USE='Material_575_IDX_575'/>
				<IndexedFaceSet solid="false" coordIndex='0 1 2 3 -1'>
					<Coordinate point='1.221729 0.358732 5.711987 1.193025 0.444975 5.569187 0.769709 0.287086 5.569187 0.788228 0.231445 5.711987'/>
				</IndexedFaceSet>
			</Shape>
			<Shape DEF='_IDX_1253'>
				<Appearance USE='Material_576_IDX_576'/>
				<IndexedFaceSet solid="false" coordIndex='0 1 2 3 -1'>
					<Coordinate point='1.704263 0.500417 5.711987 1.664221 0.620722 5.569187 1.193025 0.444975 5.569187 1.221729 0.358732 5.711987'/>
				</IndexedFaceSet>
			</Shape>
			<Shape DEF='_IDX_1254'>
				<Appearance USE='Material_577_IDX_577'/>
				<IndexedFaceSet solid="false" coordIndex='0 1 2 3 -1'>
					<Coordinate point='2.255195 0.662185 5.711987 2.202209 0.821381 5.569187 1.664221 0.620722 5.569187 1.704263 0.500417 5.711987'/>
				</IndexedFaceSet>
			</Shape>
			<Shape DEF='_IDX_1255'>
				<Appearance USE='Material_578_IDX_578'/>
				<IndexedFaceSet solid="false" coordIndex='0 1 2 3 -1'>
					<Coordinate point='2.896635 0.850529 5.711987 2.828579 1.055005 5.569187 2.202209 0.821381 5.569187 2.255195 0.662185 5.711987'/>
				</IndexedFaceSet>
			</Shape>
			<Shape DEF='_IDX_1256'>
				<Appearance USE='Material_579_IDX_579'/>
				<IndexedFaceSet solid="false" coordIndex='0 1 2 3 -1'>
					<Coordinate point='3.654328 1.073007 5.711987 3.568470 1.330970 5.569187 2.828579 1.055005 5.569187 2.896635 0.850529 5.711987'/>
				</IndexedFaceSet>
			</Shape>
			<Shape DEF='_IDX_1257'>
				<Appearance USE='Material_580_IDX_580'/>
				<IndexedFaceSet solid="false" coordIndex='0 1 2 3 -1'>
					<Coordinate point='4.558681 1.338550 5.711987 4.451575 1.660352 5.569187 3.568470 1.330970 5.569187 3.654328 1.073007 5.711987'/>
				</IndexedFaceSet>
			</Shape>
			<Shape DEF='_IDX_1258'>
				<Appearance USE='Material_581_IDX_581'/>
				<IndexedFaceSet solid="false" coordIndex='0 1 2 3 -1'>
					<Coordinate point='5.645991 1.657813 5.711987 5.513339 2.056369 5.569187 4.451575 1.660352 5.569187 4.558681 1.338550 5.711987'/>
				</IndexedFaceSet>
			</Shape>
			<Shape DEF='_IDX_1259'>
				<Appearance USE='Material_582_IDX_582'/>
				<IndexedFaceSet solid="false" coordIndex='0 1 2 3 -1'>
					<Coordinate point='6.959894 2.043609 5.711987 6.796372 2.534916 5.569187 5.513339 2.056369 5.569187 5.645991 1.657813 5.711987'/>
				</IndexedFaceSet>
			</Shape>
			<Shape DEF='_IDX_1260'>
				<Appearance USE='Material_583_IDX_583'/>
				<IndexedFaceSet solid="false" coordIndex='0 1 2 3 -1'>
					<Coordinate point='0.377283 0.140719 5.569187 0.366283 0.167276 5.426387 -0.000000 0.000000 5.426387 -0.000000 0.000000 5.569187'/>
				</IndexedFaceSet>
			</Shape>
			<Shape DEF='_IDX_1261'>
				<Appearance USE='Material_584_IDX_584'/>
				<IndexedFaceSet solid="false" coordIndex='0 1 2 3 -1'>
					<Coordinate point='0.769709 0.287086 5.569187 0.747267 0.341265 5.426387 0.366283 0.167276 5.426387 0.377283 0.140719 5.569187'/>
				</IndexedFaceSet>
			</Shape>
			<Shape DEF='_IDX_1262'>
				<Appearance USE='Material_585_IDX_585'/>
				<IndexedFaceSet solid="false" coordIndex='0 1 2 3 -1'>
					<Coordinate point='1.193025 0.444975 5.569187 1.158241 0.528951 5.426387 0.747267 0.341265 5.426387 0.769709 0.287086 5.569187'/>
				</IndexedFaceSet>
			</Shape>
			<Shape DEF='_IDX_1263'>
				<Appearance USE='Material_586_IDX_586'/>
				<IndexedFaceSet solid="false" coordIndex='0 1 2 3 -1'>
					<Coordinate point='1.664221 0.620722 5.569187 1.615699 0.737865 5.426387 1.158241 0.528951 5.426387 1.193025 0.444975 5.569187'/>
				</IndexedFaceSet>
			</Shape>
			<Shape DEF='_IDX_1264'>
				<Appearance USE='Material_587_IDX_587'/>
				<IndexedFaceSet solid="false" coordIndex='0 1 2 3 -1'>
					<Coordinate point='2.202209 0.821381 5.569187 2.138001 0.976392 5.426387 1.615699 0.737865 5.426387 1.664221 0.620722 5.569187'/>
				</IndexedFaceSet>
			</Shape>
			<Shape DEF='_IDX_1265'>
				<Appearance USE='Material_588_IDX_588'/>
				<IndexedFaceSet solid="false" coordIndex='0 1 2 3 -1'>
					<Coordinate point='2.828579 1.055005 5.569187 2.746109 1.254106 5.426387 2.138001 0.976392 5.426387 2.202209 0.821381 5.569187'/>
				</IndexedFaceSet>
			</Shape>
			<Shape DEF='_IDX_1266'>
				<Appearance USE='Material_589_IDX_589'/>
				<IndexedFaceSet solid="false" coordIndex='0 1 2 3 -1'>
					<Coordinate point='3.568470 1.330970 5.569187 3.464427 1.582151 5.426387 2.746109 1.254106 5.426387 2.828579 1.055005 5.569187'/>
				</IndexedFaceSet>
			</Shape>
			<Shape DEF='_IDX_1267'>
				<Appearance USE='Material_590_IDX_590'/>
				<IndexedFaceSet solid="false" coordIndex='0 1 2 3 -1'>
					<Coordinate point='4.451575 1.660352 5.569187 4.321785 1.973693 5.426387 3.464427 1.582151 5.426387 3.568470 1.330970 5.569187'/>
				</IndexedFaceSet>
			</Shape>
			<Shape DEF='_IDX_1268'>
				<Appearance USE='Material_591_IDX_591'/>
				<IndexedFaceSet solid="false" coordIndex='0 1 2 3 -1'>
					<Coordinate point='5.513339 2.056369 5.569187 5.352592 2.444447 5.426387 4.321785 1.973693 5.426387 4.451575 1.660352 5.569187'/>
				</IndexedFaceSet>
			</Shape>
			<Shape DEF='_IDX_1269'>
				<Appearance USE='Material_592_IDX_592'/>
				<IndexedFaceSet solid="false" coordIndex='0 1 2 3 -1'>
					<Coordinate point='6.796372 2.534916 5.569187 6.598217 3.013304 5.426387 5.352592 2.444447 5.426387 5.513339 2.056369 5.569187'/>
				</IndexedFaceSet>
			</Shape>
			<Shape DEF='_IDX_1270'>
				<Appearance USE='Material_593_IDX_593'/>
				<IndexedFaceSet solid="false" coordIndex='0 1 2 3 -1'>
					<Coordinate point='0.366283 0.167276 5.426387 0.353417 0.192980 5.283587 -0.000000 0.000000 5.283587 -0.000000 0.000000 5.426387'/>
				</IndexedFaceSet>
			</Shape>
			<Shape DEF='_IDX_1271'>
				<Appearance USE='Material_593_IDX_593'/>
				<IndexedFaceSet solid="false" coordIndex='0 1 2 3 -1'>
					<Coordinate point='0.747267 0.341265 5.426387 0.721017 0.393705 5.283587 0.353417 0.192980 5.283587 0.366283 0.167276 5.426387'/>
				</IndexedFaceSet>
			</Shape>
			<Shape DEF='_IDX_1272'>
				<Appearance USE='Material_593_IDX_593'/>
				<IndexedFaceSet solid="false" coordIndex='0 1 2 3 -1'>
					<Coordinate point='1.158241 0.528951 5.426387 1.117555 0.610231 5.283587 0.721017 0.393705 5.283587 0.747267 0.341265 5.426387'/>
				</IndexedFaceSet>
			</Shape>
			<Shape DEF='_IDX_1273'>
				<Appearance USE='Material_594_IDX_594'/>
				<IndexedFaceSet solid="false" coordIndex='0 1 2 3 -1'>
					<Coordinate point='1.615699 0.737865 5.426387 1.558944 0.851248 5.283587 1.117555 0.610231 5.283587 1.158241 0.528951 5.426387'/>
				</IndexedFaceSet>
			</Shape>
			<Shape DEF='_IDX_1274'>
				<Appearance USE='Material_595_IDX_595'/>
				<IndexedFaceSet solid="false" coordIndex='0 1 2 3 -1'>
					<Coordinate point='2.138001 0.976392 5.426387 2.062899 1.126428 5.283587 1.558944 0.851248 5.283587 1.615699 0.737865 5.426387'/>
				</IndexedFaceSet>
			</Shape>
			<Shape DEF='_IDX_1275'>
				<Appearance USE='Material_596_IDX_596'/>
				<IndexedFaceSet solid="false" coordIndex='0 1 2 3 -1'>
					<Coordinate point='2.746109 1.254106 5.426387 2.649645 1.446816 5.283587 2.062899 1.126428 5.283587 2.138001 0.976392 5.426387'/>
				</IndexedFaceSet>
			</Shape>
			<Shape DEF='_IDX_1276'>
				<Appearance USE='Material_597_IDX_597'/>
				<IndexedFaceSet solid="false" coordIndex='0 1 2 3 -1'>
					<Coordinate point='3.464427 1.582151 5.426387 3.342731 1.825269 5.283587 2.649645 1.446816 5.283587 2.746109 1.254106 5.426387'/>
				</IndexedFaceSet>
			</Shape>
			<Shape DEF='_IDX_1277'>
				<Appearance USE='Material_598_IDX_598'/>
				<IndexedFaceSet solid="false" coordIndex='0 1 2 3 -1'>
					<Coordinate point='4.321785 1.973693 5.426387 4.169972 2.276977 5.283587 3.342731 1.825269 5.283587 3.464427 1.582151 5.426387'/>
				</IndexedFaceSet>
			</Shape>
			<Shape DEF='_IDX_1278'>
				<Appearance USE='Material_599_IDX_599'/>
				<IndexedFaceSet solid="false" coordIndex='0 1 2 3 -1'>
					<Coordinate point='5.352592 2.444447 5.426387 5.164569 2.820068 5.283587 4.169972 2.276977 5.283587 4.321785 1.973693 5.426387'/>
				</IndexedFaceSet>
			</Shape>
			<Shape DEF='_IDX_1279'>
				<Appearance USE='Material_600_IDX_600'/>
				<IndexedFaceSet solid="false" coordIndex='0 1 2 3 -1'>
					<Coordinate point='6.598217 3.013304 5.426387 6.366438 3.476338 5.283587 5.164569 2.820068 5.283587 5.352592 2.444447 5.426387'/>
				</IndexedFaceSet>
			</Shape>
			<Shape DEF='_IDX_1280'>
				<Appearance USE='Material_601_IDX_601'/>
				<IndexedFaceSet solid="false" coordIndex='0 1 2 3 -1'>
					<Coordinate point='0.353417 0.192980 5.283587 0.338749 0.217701 5.140788 -0.000000 -0.000000 5.140788 -0.000000 0.000000 5.283587'/>
				</IndexedFaceSet>
			</Shape>
			<Shape DEF='_IDX_1281'>
				<Appearance USE='Material_601_IDX_601'/>
				<IndexedFaceSet solid="false" coordIndex='0 1 2 3 -1'>
					<Coordinate point='0.721017 0.393705 5.283587 0.691094 0.444139 5.140788 0.338749 0.217701 5.140788 0.353417 0.192980 5.283587'/>
				</IndexedFaceSet>
			</Shape>
			<Shape DEF='_IDX_1282'>
				<Appearance USE='Material_602_IDX_602'/>
				<IndexedFaceSet solid="false" coordIndex='0 1 2 3 -1'>
					<Coordinate point='1.117555 0.610231 5.283587 1.071174 0.688402 5.140788 0.691094 0.444139 5.140788 0.721017 0.393705 5.283587'/>
				</IndexedFaceSet>
			</Shape>
			<Shape DEF='_IDX_1283'>
				<Appearance USE='Material_603_IDX_603'/>
				<IndexedFaceSet solid="false" coordIndex='0 1 2 3 -1'>
					<Coordinate point='1.558944 0.851248 5.283587 1.494245 0.960293 5.140788 1.071174 0.688402 5.140788 1.117555 0.610231 5.283587'/>
				</IndexedFaceSet>
			</Shape>
			<Shape DEF='_IDX_1284'>
				<Appearance USE='Material_604_IDX_604'/>
				<IndexedFaceSet solid="false" coordIndex='0 1 2 3 -1'>
					<Coordinate point='2.062899 1.126428 5.283587 1.977284 1.270723 5.140788 1.494245 0.960293 5.140788 1.558944 0.851248 5.283587'/>
				</IndexedFaceSet>
			</Shape>
			<Shape DEF='_IDX_1285'>
				<Appearance USE='Material_605_IDX_605'/>
				<IndexedFaceSet solid="false" coordIndex='0 1 2 3 -1'>
					<Coordinate point='2.649645 1.446816 5.283587 2.539679 1.632153 5.140788 1.977284 1.270723 5.140788 2.062899 1.126428 5.283587'/>
				</IndexedFaceSet>
			</Shape>
			<Shape DEF='_IDX_1286'>
				<Appearance USE='Material_602_IDX_602'/>
				<IndexedFaceSet solid="false" coordIndex='0 1 2 3 -1'>
					<Coordinate point='3.342731 1.825269 5.283587 3.204001 2.059086 5.140788 2.539679 1.632153 5.140788 2.649645 1.446816 5.283587'/>
				</IndexedFaceSet>
			</Shape>
			<Shape DEF='_IDX_1287'>
				<Appearance USE='Material_606_IDX_606'/>
				<IndexedFaceSet solid="false" coordIndex='0 1 2 3 -1'>
					<Coordinate point='4.169972 2.276977 5.283587 3.996910 2.568658 5.140788 3.204001 2.059086 5.140788 3.342731 1.825269 5.283587'/>
				</IndexedFaceSet>
			</Shape>
			<Shape DEF='_IDX_1288'>
				<Appearance USE='Material_607_IDX_607'/>
				<IndexedFaceSet solid="false" coordIndex='0 1 2 3 -1'>
					<Coordinate point='5.164569 2.820068 5.283587 4.950229 3.181319 5.140788 3.996910 2.568658 5.140788 4.169972 2.276977 5.283587'/>
				</IndexedFaceSet>
			</Shape>
			<Shape DEF='_IDX_1289'>
				<Appearance USE='Material_608_IDX_608'/>
				<IndexedFaceSet solid="false" coordIndex='0 1 2 3 -1'>
					<Coordinate point='6.366438 3.476338 5.283587 6.102218 3.921658 5.140788 4.950229 3.181319 5.140788 5.164569 2.820068 5.283587'/>
				</IndexedFaceSet>
			</Shape>
			<Shape DEF='_IDX_1290'>
				<Appearance USE='Material_609_IDX_609'/>
				<IndexedFaceSet solid="false" coordIndex='0 1 2 3 -1'>
					<Coordinate point='0.338749 0.217701 5.140788 0.322356 0.241312 4.997988 -0.000000 0.000000 4.997988 -0.000000 -0.000000 5.140788'/>
				</IndexedFaceSet>
			</Shape>
			<Shape DEF='_IDX_1291'>
				<Appearance USE='Material_610_IDX_610'/>
				<IndexedFaceSet solid="false" coordIndex='0 1 2 3 -1'>
					<Coordinate point='0.691094 0.444139 5.140788 0.657648 0.492309 4.997988 0.322356 0.241312 4.997988 0.338749 0.217701 5.140788'/>
				</IndexedFaceSet>
			</Shape>
			<Shape DEF='_IDX_1292'>
				<Appearance USE='Material_610_IDX_610'/>
				<IndexedFaceSet solid="false" coordIndex='0 1 2 3 -1'>
					<Coordinate point='1.071174 0.688402 5.140788 1.019335 0.763065 4.997988 0.657648 0.492309 4.997988 0.691094 0.444139 5.140788'/>
				</IndexedFaceSet>
			</Shape>
			<Shape DEF='_IDX_1293'>
				<Appearance USE='Material_611_IDX_611'/>
				<IndexedFaceSet solid="false" coordIndex='0 1 2 3 -1'>
					<Coordinate point='1.494245 0.960293 5.140788 1.421931 1.064444 4.997988 1.019335 0.763065 4.997988 1.071174 0.688402 5.140788'/>
				</IndexedFaceSet>
			</Shape>
			<Shape DEF='_IDX_1294'>
				<Appearance USE='Material_612_IDX_612'/>
				<IndexedFaceSet solid="false" coordIndex='0 1 2 3 -1'>
					<Coordinate point='1.977284 1.270723 5.140788 1.881594 1.408544 4.997988 1.421931 1.064444 4.997988 1.494245 0.960293 5.140788'/>
				</IndexedFaceSet>
			</Shape>
			<Shape DEF='_IDX_1295'>
				<Appearance USE='Material_613_IDX_613'/>
				<IndexedFaceSet solid="false" coordIndex='0 1 2 3 -1'>
					<Coordinate point='2.539679 1.632153 5.140788 2.416772 1.809173 4.997988 1.881594 1.408544 4.997988 1.977284 1.270723 5.140788'/>
				</IndexedFaceSet>
			</Shape>
			<Shape DEF='_IDX_1296'>
				<Appearance USE='Material_614_IDX_614'/>
				<IndexedFaceSet solid="false" coordIndex='0 1 2 3 -1'>
					<Coordinate point='3.204001 2.059086 5.140788 3.048944 2.282411 4.997988 2.416772 1.809173 4.997988 2.539679 1.632153 5.140788'/>
				</IndexedFaceSet>
			</Shape>
			<Shape DEF='_IDX_1297'>
				<Appearance USE='Material_615_IDX_615'/>
				<IndexedFaceSet solid="false" coordIndex='0 1 2 3 -1'>
					<Coordinate point='3.996910 2.568658 5.140788 3.803480 2.847250 4.997988 3.048944 2.282411 4.997988 3.204001 2.059086 5.140788'/>
				</IndexedFaceSet>
			</Shape>
			<Shape DEF='_IDX_1298'>
				<Appearance USE='Material_616_IDX_616'/>
				<IndexedFaceSet solid="false" coordIndex='0 1 2 3 -1'>
					<Coordinate point='4.950229 3.181319 5.140788 4.710664 3.526359 4.997988 3.803480 2.847250 4.997988 3.996910 2.568658 5.140788'/>
				</IndexedFaceSet>
			</Shape>
			<Shape DEF='_IDX_1299'>
				<Appearance USE='Material_617_IDX_617'/>
				<IndexedFaceSet solid="false" coordIndex='0 1 2 3 -1'>
					<Coordinate point='6.102218 3.921658 5.140788 5.806903 4.346993 4.997988 4.710664 3.526359 4.997988 4.950229 3.181319 5.140788'/>
				</IndexedFaceSet>
			</Shape>
			<Shape DEF='_IDX_1300'>
				<Appearance USE='Material_618_IDX_618'/>
				<IndexedFaceSet solid="false" coordIndex='0 1 2 3 -1'>
					<Coordinate point='0.322356 0.241312 4.997988 0.304319 0.263694 4.855189 -0.000000 0.000000 4.855189 -0.000000 0.000000 4.997988'/>
				</IndexedFaceSet>
			</Shape>
			<Shape DEF='_IDX_1301'>
				<Appearance USE='Material_619_IDX_619'/>
				<IndexedFaceSet solid="false" coordIndex='0 1 2 3 -1'>
					<Coordinate point='0.657648 0.492309 4.997988 0.620852 0.537971 4.855189 0.304319 0.263694 4.855189 0.322356 0.241312 4.997988'/>
				</IndexedFaceSet>
			</Shape>
			<Shape DEF='_IDX_1302'>
				<Appearance USE='Material_620_IDX_620'/>
				<IndexedFaceSet solid="false" coordIndex='0 1 2 3 -1'>
					<Coordinate point='1.019335 0.763065 4.997988 0.962301 0.833839 4.855189 0.620852 0.537971 4.855189 0.657648 0.492309 4.997988'/>
				</IndexedFaceSet>
			</Shape>
			<Shape DEF='_IDX_1303'>
				<Appearance USE='Material_621_IDX_621'/>
				<IndexedFaceSet solid="false" coordIndex='0 1 2 3 -1'>
					<Coordinate point='1.421931 1.064444 4.997988 1.342371 1.163172 4.855189 0.962301 0.833839 4.855189 1.019335 0.763065 4.997988'/>
				</IndexedFaceSet>
			</Shape>
			<Shape DEF='_IDX_1304'>
				<Appearance USE='Material_622_IDX_622'/>
				<IndexedFaceSet solid="false" coordIndex='0 1 2 3 -1'>
					<Coordinate point='1.881594 1.408544 4.997988 1.776316 1.539186 4.855189 1.342371 1.163172 4.855189 1.421931 1.064444 4.997988'/>
				</IndexedFaceSet>
			</Shape>
			<Shape DEF='_IDX_1305'>
				<Appearance USE='Material_623_IDX_623'/>
				<IndexedFaceSet solid="false" coordIndex='0 1 2 3 -1'>
					<Coordinate point='2.416772 1.809173 4.997988 2.281549 1.976974 4.855189 1.776316 1.539186 4.855189 1.881594 1.408544 4.997988'/>
				</IndexedFaceSet>
			</Shape>
			<Shape DEF='_IDX_1306'>
				<Appearance USE='Material_624_IDX_624'/>
				<IndexedFaceSet solid="false" coordIndex='0 1 2 3 -1'>
					<Coordinate point='3.048944 2.282411 4.997988 2.878350 2.494105 4.855189 2.281549 1.976974 4.855189 2.416772 1.809173 4.997988'/>
				</IndexedFaceSet>
			</Shape>
			<Shape DEF='_IDX_1307'>
				<Appearance USE='Material_625_IDX_625'/>
				<IndexedFaceSet solid="false" coordIndex='0 1 2 3 -1'>
					<Coordinate point='3.803480 2.847250 4.997988 3.590669 3.111332 4.855189 2.878350 2.494105 4.855189 3.048944 2.282411 4.997988'/>
				</IndexedFaceSet>
			</Shape>
			<Shape DEF='_IDX_1308'>
				<Appearance USE='Material_626_IDX_626'/>
				<IndexedFaceSet solid="false" coordIndex='0 1 2 3 -1'>
					<Coordinate point='4.710664 3.526359 4.997988 4.447094 3.853429 4.855189 3.590669 3.111332 4.855189 3.803480 2.847250 4.997988'/>
				</IndexedFaceSet>
			</Shape>
			<Shape DEF='_IDX_1309'>
				<Appearance USE='Material_627_IDX_627'/>
				<IndexedFaceSet solid="false" coordIndex='0 1 2 3 -1'>
					<Coordinate point='5.806903 4.346993 4.997988 5.481997 4.750177 4.855189 4.447094 3.853429 4.855189 4.710664 3.526359 4.997988'/>
				</IndexedFaceSet>
			</Shape>
			<Shape DEF='_IDX_1310'>
				<Appearance USE='Material_628_IDX_628'/>
				<IndexedFaceSet solid="false" coordIndex='0 1 2 3 -1'>
					<Coordinate point='0.304319 0.263694 4.855189 0.284732 0.284732 4.712389 0.000000 0.000000 4.712389 -0.000000 0.000000 4.855189'/>
				</IndexedFaceSet>
			</Shape>
			<Shape DEF='_IDX_1311'>
				<Appearance USE='Material_629_IDX_629'/>
				<IndexedFaceSet solid="false" coordIndex='0 1 2 3 -1'>
					<Coordinate point='0.620852 0.537971 4.855189 0.580891 0.580891 4.712389 0.284732 0.284732 4.712389 0.304319 0.263694 4.855189'/>
				</IndexedFaceSet>
			</Shape>
			<Shape DEF='_IDX_1312'>
				<Appearance USE='Material_630_IDX_630'/>
				<IndexedFaceSet solid="false" coordIndex='0 1 2 3 -1'>
					<Coordinate point='0.962301 0.833839 4.855189 0.900364 0.900364 4.712389 0.580891 0.580891 4.712389 0.620852 0.537971 4.855189'/>
				</IndexedFaceSet>
			</Shape>
			<Shape DEF='_IDX_1313'>
				<Appearance USE='Material_631_IDX_631'/>
				<IndexedFaceSet solid="false" coordIndex='0 1 2 3 -1'>
					<Coordinate point='1.342371 1.163172 4.855189 1.255972 1.255972 4.712389 0.900364 0.900364 4.712389 0.962301 0.833839 4.855189'/>
				</IndexedFaceSet>
			</Shape>
			<Shape DEF='_IDX_1314'>
				<Appearance USE='Material_632_IDX_632'/>
				<IndexedFaceSet solid="false" coordIndex='0 1 2 3 -1'>
					<Coordinate point='1.776316 1.539186 4.855189 1.661986 1.661986 4.712389 1.255972 1.255972 4.712389 1.342371 1.163172 4.855189'/>
				</IndexedFaceSet>
			</Shape>
			<Shape DEF='_IDX_1315'>
				<Appearance USE='Material_633_IDX_633'/>
				<IndexedFaceSet solid="false" coordIndex='0 1 2 3 -1'>
					<Coordinate point='2.281549 1.976974 4.855189 2.134701 2.134701 4.712389 1.661986 1.661986 4.712389 1.776316 1.539186 4.855189'/>
				</IndexedFaceSet>
			</Shape>
			<Shape DEF='_IDX_1316'>
				<Appearance USE='Material_634_IDX_634'/>
				<IndexedFaceSet solid="false" coordIndex='0 1 2 3 -1'>
					<Coordinate point='2.878350 2.494105 4.855189 2.693089 2.693089 4.712389 2.134701 2.134701 4.712389 2.281549 1.976974 4.855189'/>
				</IndexedFaceSet>
			</Shape>
			<Shape DEF='_IDX_1317'>
				<Appearance USE='Material_635_IDX_635'/>
				<IndexedFaceSet solid="false" coordIndex='0 1 2 3 -1'>
					<Coordinate point='3.590669 3.111332 4.855189 3.359560 3.359560 4.712389 2.693089 2.693089 4.712389 2.878350 2.494105 4.855189'/>
				</IndexedFaceSet>
			</Shape>
			<Shape DEF='_IDX_1318'>
				<Appearance USE='Material_636_IDX_636'/>
				<IndexedFaceSet solid="false" coordIndex='0 1 2 3 -1'>
					<Coordinate point='4.447094 3.853429 4.855189 4.160863 4.160863 4.712389 3.359560 3.359560 4.712389 3.590669 3.111332 4.855189'/>
				</IndexedFaceSet>
			</Shape>
			<Shape DEF='_IDX_1319'>
				<Appearance USE='Material_637_IDX_637'/>
				<IndexedFaceSet solid="false" coordIndex='0 1 2 3 -1'>
					<Coordinate point='5.481997 4.750177 4.855189 5.129155 5.129155 4.712389 4.160863 4.160863 4.712389 4.447094 3.853429 4.855189'/>
				</IndexedFaceSet>
			</Shape>
			<Shape DEF='_IDX_1320'>
				<Appearance DEF='Material_638_IDX_638'>
					<Material diffuseColor='0.857243 0.675352 0.238770'/>
					
				</Appearance>
				<IndexedFaceSet solid="false" coordIndex='0 1 2 3 -1'>
					<Coordinate point='-0.000000 -5.884348 3.141593 0.419785 -5.869356 2.998793 0.517475 -7.235239 2.998793 -0.000000 -7.253721 3.141593'/>
				</IndexedFaceSet>
			</Shape>
			<Shape DEF='_IDX_1321'>
				<Appearance DEF='Material_639_IDX_639'>
					<Material diffuseColor='0.857243 0.675352 0.238770'/>
					
				</Appearance>
				<IndexedFaceSet solid="false" coordIndex='0 1 2 3 -1'>
					<Coordinate point='0.000000 -4.751136 3.141593 0.338942 -4.739030 2.998793 0.419785 -5.869356 2.998793 -0.000000 -5.884348 3.141593'/>
				</IndexedFaceSet>
			</Shape>
			<Shape DEF='_IDX_1322'>
				<Appearance USE='Material_638_IDX_638'/>
				<IndexedFaceSet solid="false" coordIndex='0 1 2 3 -1'>
					<Coordinate point='0.000000 -3.808603 3.141593 0.271703 -3.798899 2.998793 0.338942 -4.739030 2.998793 0.000000 -4.751136 3.141593'/>
				</IndexedFaceSet>
			</Shape>
			<Shape DEF='_IDX_1323'>
				<Appearance USE='Material_639_IDX_639'/>
				<IndexedFaceSet solid="false" coordIndex='0 1 2 3 -1'>
					<Coordinate point='-0.000000 -3.018923 3.141593 0.215367 -3.011231 2.998793 0.271703 -3.798899 2.998793 0.000000 -3.808603 3.141593'/>
				</IndexedFaceSet>
			</Shape>
			<Shape DEF='_IDX_1324'>
				<Appearance DEF='Material_640_IDX_640'>
					<Material diffuseColor='0.857243 0.675352 0.238770'/>
					
				</Appearance>
				<IndexedFaceSet solid="false" coordIndex='0 1 2 3 -1'>
					<Coordinate point='0.000000 -2.350402 3.141593 0.167676 -2.344414 2.998793 0.215367 -3.011231 2.998793 -0.000000 -3.018923 3.141593'/>
				</IndexedFaceSet>
			</Shape>
			<Shape DEF='_IDX_1325'>
				<Appearance DEF='Material_641_IDX_641'>
					<Material diffuseColor='0.857243 0.675352 0.238770'/>
					
				</Appearance>
				<IndexedFaceSet solid="false" coordIndex='0 1 2 3 -1'>
					<Coordinate point='0.000000 -1.776212 3.141593 0.126714 -1.771686 2.998793 0.167676 -2.344414 2.998793 0.000000 -2.350402 3.141593'/>
				</IndexedFaceSet>
			</Shape>
			<Shape DEF='_IDX_1326'>
				<Appearance DEF='Material_642_IDX_642'>
					<Material diffuseColor='0.857243 0.675352 0.238770'/>
					
				</Appearance>
				<IndexedFaceSet solid="false" coordIndex='0 1 2 3 -1'>
					<Coordinate point='0.000000 -1.273307 3.141593 0.090837 -1.270063 2.998793 0.126714 -1.771686 2.998793 0.000000 -1.776212 3.141593'/>
				</IndexedFaceSet>
			</Shape>
			<Shape DEF='_IDX_1327'>
				<Appearance DEF='Material_643_IDX_643'>
					<Material diffuseColor='0.857243 0.675352 0.238770'/>
					
				</Appearance>
				<IndexedFaceSet solid="false" coordIndex='0 1 2 3 -1'>
					<Coordinate point='-0.000000 -0.821505 3.141593 0.058605 -0.819412 2.998793 0.090837 -1.270063 2.998793 0.000000 -1.273307 3.141593'/>
				</IndexedFaceSet>
			</Shape>
			<Shape DEF='_IDX_1328'>
				<Appearance DEF='Material_644_IDX_644'>
					<Material diffuseColor='0.857243 0.675352 0.238770'/>
					
				</Appearance>
				<IndexedFaceSet solid="false" coordIndex='0 1 2 3 -1'>
					<Coordinate point='0.000000 -0.402672 3.141593 0.028726 -0.401646 2.998793 0.058605 -0.819412 2.998793 -0.000000 -0.821505 3.141593'/>
				</IndexedFaceSet>
			</Shape>
			<Shape DEF='_IDX_1329'>
				<Appearance DEF='Material_645_IDX_645'>
					<Material diffuseColor='0.857243 0.675352 0.238770'/>
					
				</Appearance>
				<IndexedFaceSet solid="false" coordIndex='0 1 2 3 -1'>
					<Coordinate point='0.000000 0.000000 3.141593 0.000000 0.000000 2.998793 0.028726 -0.401646 2.998793 0.000000 -0.402672 3.141593'/>
				</IndexedFaceSet>
			</Shape>
			<Shape DEF='_IDX_1330'>
				<Appearance DEF='Material_646_IDX_646'>
					<Material diffuseColor='0.844704 0.684513 0.243182'/>
					
				</Appearance>
				<IndexedFaceSet solid="false" coordIndex='0 1 2 3 -1'>
					<Coordinate point='0.419785 -5.869356 2.998793 0.837430 -5.824454 2.855993 1.032312 -7.179888 2.855993 0.517475 -7.235239 2.998793'/>
				</IndexedFaceSet>
			</Shape>
			<Shape DEF='_IDX_1331'>
				<Appearance DEF='Material_647_IDX_647'>
					<Material diffuseColor='0.844704 0.684513 0.243182'/>
					
				</Appearance>
				<IndexedFaceSet solid="false" coordIndex='0 1 2 3 -1'>
					<Coordinate point='0.338942 -4.739030 2.998793 0.676157 -4.702776 2.855993 0.837430 -5.824454 2.855993 0.419785 -5.869356 2.998793'/>
				</IndexedFaceSet>
			</Shape>
			<Shape DEF='_IDX_1332'>
				<Appearance DEF='Material_648_IDX_648'>
					<Material diffuseColor='0.844704 0.684513 0.243182'/>
					
				</Appearance>
				<IndexedFaceSet solid="false" coordIndex='0 1 2 3 -1'>
					<Coordinate point='0.271703 -3.798899 2.998793 0.542021 -3.769837 2.855993 0.676157 -4.702776 2.855993 0.338942 -4.739030 2.998793'/>
				</IndexedFaceSet>
			</Shape>
			<Shape DEF='_IDX_1333'>
				<Appearance DEF='Material_649_IDX_649'>
					<Material diffuseColor='0.844704 0.684513 0.243182'/>
					
				</Appearance>
				<IndexedFaceSet solid="false" coordIndex='0 1 2 3 -1'>
					<Coordinate point='0.215367 -3.011231 2.998793 0.429637 -2.988194 2.855993 0.542021 -3.769837 2.855993 0.271703 -3.798899 2.998793'/>
				</IndexedFaceSet>
			</Shape>
			<Shape DEF='_IDX_1334'>
				<Appearance DEF='Material_650_IDX_650'>
					<Material diffuseColor='0.844704 0.684513 0.243182'/>
					
				</Appearance>
				<IndexedFaceSet solid="false" coordIndex='0 1 2 3 -1'>
					<Coordinate point='0.167676 -2.344414 2.998793 0.334497 -2.326479 2.855993 0.429637 -2.988194 2.855993 0.215367 -3.011231 2.998793'/>
				</IndexedFaceSet>
			</Shape>
			<Shape DEF='_IDX_1335'>
				<Appearance DEF='Material_651_IDX_651'>
					<Material diffuseColor='0.844704 0.684513 0.243182'/>
					
				</Appearance>
				<IndexedFaceSet solid="false" coordIndex='0 1 2 3 -1'>
					<Coordinate point='0.126714 -1.771686 2.998793 0.252781 -1.758133 2.855993 0.334497 -2.326479 2.855993 0.167676 -2.344414 2.998793'/>
				</IndexedFaceSet>
			</Shape>
			<Shape DEF='_IDX_1336'>
				<Appearance DEF='Material_652_IDX_652'>
					<Material diffuseColor='0.844704 0.684513 0.243182'/>
					
				</Appearance>
				<IndexedFaceSet solid="false" coordIndex='0 1 2 3 -1'>
					<Coordinate point='0.090837 -1.270063 2.998793 0.181211 -1.260347 2.855993 0.252781 -1.758133 2.855993 0.126714 -1.771686 2.998793'/>
				</IndexedFaceSet>
			</Shape>
			<Shape DEF='_IDX_1337'>
				<Appearance DEF='Material_653_IDX_653'>
					<Material diffuseColor='0.844704 0.684513 0.243182'/>
					
				</Appearance>
				<IndexedFaceSet solid="false" coordIndex='0 1 2 3 -1'>
					<Coordinate point='0.058605 -0.819412 2.998793 0.116912 -0.813143 2.855993 0.181211 -1.260347 2.855993 0.090837 -1.270063 2.998793'/>
				</IndexedFaceSet>
			</Shape>
			<Shape DEF='_IDX_1338'>
				<Appearance DEF='Material_654_IDX_654'>
					<Material diffuseColor='0.844704 0.684513 0.243182'/>
					
				</Appearance>
				<IndexedFaceSet solid="false" coordIndex='0 1 2 3 -1'>
					<Coordinate point='0.028726 -0.401646 2.998793 0.057306 -0.398573 2.855993 0.116912 -0.813143 2.855993 0.058605 -0.819412 2.998793'/>
				</IndexedFaceSet>
			</Shape>
			<Shape DEF='_IDX_1339'>
				<Appearance DEF='Material_655_IDX_655'>
					<Material diffuseColor='0.844704 0.684513 0.243182'/>
					
				</Appearance>
				<IndexedFaceSet solid="false" coordIndex='0 1 2 3 -1'>
					<Coordinate point='0.000000 0.000000 2.998793 -0.000000 -0.000000 2.855993 0.057306 -0.398573 2.855993 0.028726 -0.401646 2.998793'/>
				</IndexedFaceSet>
			</Shape>
			<Shape DEF='_IDX_1340'>
				<Appearance DEF='Material_656_IDX_656'>
					<Material diffuseColor='0.832165 0.693674 0.247594'/>
					
				</Appearance>
				<IndexedFaceSet solid="false" coordIndex='0 1 2 3 -1'>
					<Coordinate point='0.837430 -5.824454 2.855993 1.250808 -5.749873 2.713194 1.541889 -7.087951 2.713194 1.032312 -7.179888 2.855993'/>
				</IndexedFaceSet>
			</Shape>
			<Shape DEF='_IDX_1341'>
				<Appearance DEF='Material_657_IDX_657'>
					<Material diffuseColor='0.832165 0.693674 0.247594'/>
					
				</Appearance>
				<IndexedFaceSet solid="false" coordIndex='0 1 2 3 -1'>
					<Coordinate point='0.676157 -4.702776 2.855993 1.009927 -4.642558 2.713194 1.250808 -5.749873 2.713194 0.837430 -5.824454 2.855993'/>
				</IndexedFaceSet>
			</Shape>
			<Shape DEF='_IDX_1342'>
				<Appearance DEF='Material_658_IDX_658'>
					<Material diffuseColor='0.832165 0.693674 0.247594'/>
					
				</Appearance>
				<IndexedFaceSet solid="false" coordIndex='0 1 2 3 -1'>
					<Coordinate point='0.542021 -3.769837 2.855993 0.809577 -3.721565 2.713194 1.009927 -4.642558 2.713194 0.676157 -4.702776 2.855993'/>
				</IndexedFaceSet>
			</Shape>
			<Shape DEF='_IDX_1343'>
				<Appearance DEF='Material_659_IDX_659'>
					<Material diffuseColor='0.832165 0.693674 0.247594'/>
					
				</Appearance>
				<IndexedFaceSet solid="false" coordIndex='0 1 2 3 -1'>
					<Coordinate point='0.429637 -2.988194 2.855993 0.641718 -2.949931 2.713194 0.809577 -3.721565 2.713194 0.542021 -3.769837 2.855993'/>
				</IndexedFaceSet>
			</Shape>
			<Shape DEF='_IDX_1344'>
				<Appearance DEF='Material_660_IDX_660'>
					<Material diffuseColor='0.832165 0.693674 0.247594'/>
					
				</Appearance>
				<IndexedFaceSet solid="false" coordIndex='0 1 2 3 -1'>
					<Coordinate point='0.334497 -2.326479 2.855993 0.499614 -2.296688 2.713194 0.641718 -2.949931 2.713194 0.429637 -2.988194 2.855993'/>
				</IndexedFaceSet>
			</Shape>
			<Shape DEF='_IDX_1345'>
				<Appearance DEF='Material_661_IDX_661'>
					<Material diffuseColor='0.832165 0.693674 0.247594'/>
					
				</Appearance>
				<IndexedFaceSet solid="false" coordIndex='0 1 2 3 -1'>
					<Coordinate point='0.252781 -1.758133 2.855993 0.377561 -1.735620 2.713194 0.499614 -2.296688 2.713194 0.334497 -2.326479 2.855993'/>
				</IndexedFaceSet>
			</Shape>
			<Shape DEF='_IDX_1346'>
				<Appearance DEF='Material_662_IDX_662'>
					<Material diffuseColor='0.832165 0.693674 0.247594'/>
					
				</Appearance>
				<IndexedFaceSet solid="false" coordIndex='0 1 2 3 -1'>
					<Coordinate point='0.181211 -1.260347 2.855993 0.270661 -1.244208 2.713194 0.377561 -1.735620 2.713194 0.252781 -1.758133 2.855993'/>
				</IndexedFaceSet>
			</Shape>
			<Shape DEF='_IDX_1347'>
				<Appearance DEF='Material_663_IDX_663'>
					<Material diffuseColor='0.832165 0.693674 0.247594'/>
					
				</Appearance>
				<IndexedFaceSet solid="false" coordIndex='0 1 2 3 -1'>
					<Coordinate point='0.116912 -0.813143 2.855993 0.174623 -0.802731 2.713194 0.270661 -1.244208 2.713194 0.181211 -1.260347 2.855993'/>
				</IndexedFaceSet>
			</Shape>
			<Shape DEF='_IDX_1348'>
				<Appearance DEF='Material_664_IDX_664'>
					<Material diffuseColor='0.832165 0.693674 0.247594'/>
					
				</Appearance>
				<IndexedFaceSet solid="false" coordIndex='0 1 2 3 -1'>
					<Coordinate point='0.057306 -0.398573 2.855993 0.085594 -0.393470 2.713194 0.174623 -0.802731 2.713194 0.116912 -0.813143 2.855993'/>
				</IndexedFaceSet>
			</Shape>
			<Shape DEF='_IDX_1349'>
				<Appearance DEF='Material_665_IDX_665'>
					<Material diffuseColor='0.832165 0.693674 0.247594'/>
					
				</Appearance>
				<IndexedFaceSet solid="false" coordIndex='0 1 2 3 -1'>
					<Coordinate point='-0.000000 -0.000000 2.855993 0.000000 0.000000 2.713194 0.085594 -0.393470 2.713194 0.057306 -0.398573 2.855993'/>
				</IndexedFaceSet>
			</Shape>
			<Shape DEF='_IDX_1350'>
				<Appearance DEF='Material_666_IDX_666'>
					<Material diffuseColor='0.819626 0.702835 0.252005'/>
					
				</Appearance>
				<IndexedFaceSet solid="false" coordIndex='0 1 2 3 -1'>
					<Coordinate point='1.250808 -5.749873 2.713194 1.657813 -5.645991 2.570394 2.043609 -6.959894 2.570394 1.541889 -7.087951 2.713194'/>
				</IndexedFaceSet>
			</Shape>
			<Shape DEF='_IDX_1351'>
				<Appearance DEF='Material_667_IDX_667'>
					<Material diffuseColor='0.819626 0.702835 0.252005'/>
					
				</Appearance>
				<IndexedFaceSet solid="false" coordIndex='0 1 2 3 -1'>
					<Coordinate point='1.009927 -4.642558 2.713194 1.338550 -4.558681 2.570394 1.657813 -5.645991 2.570394 1.250808 -5.749873 2.713194'/>
				</IndexedFaceSet>
			</Shape>
			<Shape DEF='_IDX_1352'>
				<Appearance DEF='Material_668_IDX_668'>
					<Material diffuseColor='0.819626 0.702835 0.252005'/>
					
				</Appearance>
				<IndexedFaceSet solid="false" coordIndex='0 1 2 3 -1'>
					<Coordinate point='0.809577 -3.721565 2.713194 1.073007 -3.654328 2.570394 1.338550 -4.558681 2.570394 1.009927 -4.642558 2.713194'/>
				</IndexedFaceSet>
			</Shape>
			<Shape DEF='_IDX_1353'>
				<Appearance DEF='Material_669_IDX_669'>
					<Material diffuseColor='0.819626 0.702835 0.252005'/>
					
				</Appearance>
				<IndexedFaceSet solid="false" coordIndex='0 1 2 3 -1'>
					<Coordinate point='0.641718 -2.949931 2.713194 0.850529 -2.896635 2.570394 1.073007 -3.654328 2.570394 0.809577 -3.721565 2.713194'/>
				</IndexedFaceSet>
			</Shape>
			<Shape DEF='_IDX_1354'>
				<Appearance DEF='Material_670_IDX_670'>
					<Material diffuseColor='0.819626 0.702835 0.252005'/>
					
				</Appearance>
				<IndexedFaceSet solid="false" coordIndex='0 1 2 3 -1'>
					<Coordinate point='0.499614 -2.296688 2.713194 0.662185 -2.255195 2.570394 0.850529 -2.896635 2.570394 0.641718 -2.949931 2.713194'/>
				</IndexedFaceSet>
			</Shape>
			<Shape DEF='_IDX_1355'>
				<Appearance DEF='Material_671_IDX_671'>
					<Material diffuseColor='0.819626 0.702835 0.252005'/>
					
				</Appearance>
				<IndexedFaceSet solid="false" coordIndex='0 1 2 3 -1'>
					<Coordinate point='0.377561 -1.735620 2.713194 0.500417 -1.704263 2.570394 0.662185 -2.255195 2.570394 0.499614 -2.296688 2.713194'/>
				</IndexedFaceSet>
			</Shape>
			<Shape DEF='_IDX_1356'>
				<Appearance DEF='Material_672_IDX_672'>
					<Material diffuseColor='0.819626 0.702835 0.252005'/>
					
				</Appearance>
				<IndexedFaceSet solid="false" coordIndex='0 1 2 3 -1'>
					<Coordinate point='0.270661 -1.244208 2.713194 0.358732 -1.221729 2.570394 0.500417 -1.704263 2.570394 0.377561 -1.735620 2.713194'/>
				</IndexedFaceSet>
			</Shape>
			<Shape DEF='_IDX_1357'>
				<Appearance DEF='Material_673_IDX_673'>
					<Material diffuseColor='0.819626 0.702835 0.252005'/>
					
				</Appearance>
				<IndexedFaceSet solid="false" coordIndex='0 1 2 3 -1'>
					<Coordinate point='0.174623 -0.802731 2.713194 0.231445 -0.788228 2.570394 0.358732 -1.221729 2.570394 0.270661 -1.244208 2.713194'/>
				</IndexedFaceSet>
			</Shape>
			<Shape DEF='_IDX_1358'>
				<Appearance DEF='Material_674_IDX_674'>
					<Material diffuseColor='0.819626 0.702835 0.252005'/>
					
				</Appearance>
				<IndexedFaceSet solid="false" coordIndex='0 1 2 3 -1'>
					<Coordinate point='0.085594 -0.393470 2.713194 0.113446 -0.386361 2.570394 0.231445 -0.788228 2.570394 0.174623 -0.802731 2.713194'/>
				</IndexedFaceSet>
			</Shape>
			<Shape DEF='_IDX_1359'>
				<Appearance DEF='Material_675_IDX_675'>
					<Material diffuseColor='0.819626 0.702835 0.252005'/>
					
				</Appearance>
				<IndexedFaceSet solid="false" coordIndex='0 1 2 3 -1'>
					<Coordinate point='0.000000 0.000000 2.713194 0.000000 0.000000 2.570394 0.113446 -0.386361 2.570394 0.085594 -0.393470 2.713194'/>
				</IndexedFaceSet>
			</Shape>
			<Shape DEF='_IDX_1360'>
				<Appearance DEF='Material_676_IDX_676'>
					<Material diffuseColor='0.807088 0.711997 0.256417'/>
					
				</Appearance>
				<IndexedFaceSet solid="false" coordIndex='0 1 2 3 -1'>
					<Coordinate point='1.657813 -5.645991 2.570394 2.056369 -5.513339 2.427594 2.534916 -6.796372 2.427594 2.043609 -6.959894 2.570394'/>
				</IndexedFaceSet>
			</Shape>
			<Shape DEF='_IDX_1361'>
				<Appearance DEF='Material_677_IDX_677'>
					<Material diffuseColor='0.807088 0.711997 0.256417'/>
					
				</Appearance>
				<IndexedFaceSet solid="false" coordIndex='0 1 2 3 -1'>
					<Coordinate point='1.338550 -4.558681 2.570394 1.660352 -4.451575 2.427594 2.056369 -5.513339 2.427594 1.657813 -5.645991 2.570394'/>
				</IndexedFaceSet>
			</Shape>
			<Shape DEF='_IDX_1362'>
				<Appearance DEF='Material_678_IDX_678'>
					<Material diffuseColor='0.807088 0.711997 0.256417'/>
					
				</Appearance>
				<IndexedFaceSet solid="false" coordIndex='0 1 2 3 -1'>
					<Coordinate point='1.073007 -3.654328 2.570394 1.330970 -3.568470 2.427594 1.660352 -4.451575 2.427594 1.338550 -4.558681 2.570394'/>
				</IndexedFaceSet>
			</Shape>
			<Shape DEF='_IDX_1363'>
				<Appearance DEF='Material_679_IDX_679'>
					<Material diffuseColor='0.807088 0.711997 0.256417'/>
					
				</Appearance>
				<IndexedFaceSet solid="false" coordIndex='0 1 2 3 -1'>
					<Coordinate point='0.850529 -2.896635 2.570394 1.055005 -2.828579 2.427594 1.330970 -3.568470 2.427594 1.073007 -3.654328 2.570394'/>
				</IndexedFaceSet>
			</Shape>
			<Shape DEF='_IDX_1364'>
				<Appearance DEF='Material_680_IDX_680'>
					<Material diffuseColor='0.807088 0.711997 0.256417'/>
					
				</Appearance>
				<IndexedFaceSet solid="false" coordIndex='0 1 2 3 -1'>
					<Coordinate point='0.662185 -2.255195 2.570394 0.821381 -2.202209 2.427594 1.055005 -2.828579 2.427594 0.850529 -2.896635 2.570394'/>
				</IndexedFaceSet>
			</Shape>
			<Shape DEF='_IDX_1365'>
				<Appearance DEF='Material_681_IDX_681'>
					<Material diffuseColor='0.807088 0.711997 0.256417'/>
					
				</Appearance>
				<IndexedFaceSet solid="false" coordIndex='0 1 2 3 -1'>
					<Coordinate point='0.500417 -1.704263 2.570394 0.620722 -1.664221 2.427594 0.821381 -2.202209 2.427594 0.662185 -2.255195 2.570394'/>
				</IndexedFaceSet>
			</Shape>
			<Shape DEF='_IDX_1366'>
				<Appearance DEF='Material_682_IDX_682'>
					<Material diffuseColor='0.807088 0.711997 0.256417'/>
					
				</Appearance>
				<IndexedFaceSet solid="false" coordIndex='0 1 2 3 -1'>
					<Coordinate point='0.358732 -1.221729 2.570394 0.444975 -1.193025 2.427594 0.620722 -1.664221 2.427594 0.500417 -1.704263 2.570394'/>
				</IndexedFaceSet>
			</Shape>
			<Shape DEF='_IDX_1367'>
				<Appearance DEF='Material_683_IDX_683'>
					<Material diffuseColor='0.807088 0.711997 0.256417'/>
					
				</Appearance>
				<IndexedFaceSet solid="false" coordIndex='0 1 2 3 -1'>
					<Coordinate point='0.231445 -0.788228 2.570394 0.287086 -0.769709 2.427594 0.444975 -1.193025 2.427594 0.358732 -1.221729 2.570394'/>
				</IndexedFaceSet>
			</Shape>
			<Shape DEF='_IDX_1368'>
				<Appearance DEF='Material_684_IDX_684'>
					<Material diffuseColor='0.807088 0.711997 0.256417'/>
					
				</Appearance>
				<IndexedFaceSet solid="false" coordIndex='0 1 2 3 -1'>
					<Coordinate point='0.113446 -0.386361 2.570394 0.140719 -0.377283 2.427594 0.287086 -0.769709 2.427594 0.231445 -0.788228 2.570394'/>
				</IndexedFaceSet>
			</Shape>
			<Shape DEF='_IDX_1369'>
				<Appearance DEF='Material_685_IDX_685'>
					<Material diffuseColor='0.807088 0.711997 0.256417'/>
					
				</Appearance>
				<IndexedFaceSet solid="false" coordIndex='0 1 2 3 -1'>
					<Coordinate point='0.000000 0.000000 2.570394 0.000000 0.000000 2.427594 0.140719 -0.377283 2.427594 0.113446 -0.386361 2.570394'/>
				</IndexedFaceSet>
			</Shape>
			<Shape DEF='_IDX_1370'>
				<Appearance DEF='Material_686_IDX_686'>
					<Material diffuseColor='0.794549 0.721158 0.260829'/>
					
				</Appearance>
				<IndexedFaceSet solid="false" coordIndex='0 1 2 3 -1'>
					<Coordinate point='2.056369 -5.513339 2.427594 2.444447 -5.352592 2.284795 3.013304 -6.598217 2.284795 2.534916 -6.796372 2.427594'/>
				</IndexedFaceSet>
			</Shape>
			<Shape DEF='_IDX_1371'>
				<Appearance DEF='Material_687_IDX_687'>
					<Material diffuseColor='0.794549 0.721158 0.260829'/>
					
				</Appearance>
				<IndexedFaceSet solid="false" coordIndex='0 1 2 3 -1'>
					<Coordinate point='1.660352 -4.451575 2.427594 1.973693 -4.321785 2.284795 2.444447 -5.352592 2.284795 2.056369 -5.513339 2.427594'/>
				</IndexedFaceSet>
			</Shape>
			<Shape DEF='_IDX_1372'>
				<Appearance DEF='Material_688_IDX_688'>
					<Material diffuseColor='0.794549 0.721158 0.260829'/>
					
				</Appearance>
				<IndexedFaceSet solid="false" coordIndex='0 1 2 3 -1'>
					<Coordinate point='1.330970 -3.568470 2.427594 1.582151 -3.464427 2.284795 1.973693 -4.321785 2.284795 1.660352 -4.451575 2.427594'/>
				</IndexedFaceSet>
			</Shape>
			<Shape DEF='_IDX_1373'>
				<Appearance DEF='Material_689_IDX_689'>
					<Material diffuseColor='0.794549 0.721158 0.260829'/>
					
				</Appearance>
				<IndexedFaceSet solid="false" coordIndex='0 1 2 3 -1'>
					<Coordinate point='1.055005 -2.828579 2.427594 1.254106 -2.746109 2.284795 1.582151 -3.464427 2.284795 1.330970 -3.568470 2.427594'/>
				</IndexedFaceSet>
			</Shape>
			<Shape DEF='_IDX_1374'>
				<Appearance DEF='Material_690_IDX_690'>
					<Material diffuseColor='0.794549 0.721158 0.260829'/>
					
				</Appearance>
				<IndexedFaceSet solid="false" coordIndex='0 1 2 3 -1'>
					<Coordinate point='0.821381 -2.202209 2.427594 0.976392 -2.138001 2.284795 1.254106 -2.746109 2.284795 1.055005 -2.828579 2.427594'/>
				</IndexedFaceSet>
			</Shape>
			<Shape DEF='_IDX_1375'>
				<Appearance DEF='Material_691_IDX_691'>
					<Material diffuseColor='0.794549 0.721158 0.260829'/>
					
				</Appearance>
				<IndexedFaceSet solid="false" coordIndex='0 1 2 3 -1'>
					<Coordinate point='0.620722 -1.664221 2.427594 0.737865 -1.615699 2.284795 0.976392 -2.138001 2.284795 0.821381 -2.202209 2.427594'/>
				</IndexedFaceSet>
			</Shape>
			<Shape DEF='_IDX_1376'>
				<Appearance DEF='Material_692_IDX_692'>
					<Material diffuseColor='0.794549 0.721158 0.260829'/>
					
				</Appearance>
				<IndexedFaceSet solid="false" coordIndex='0 1 2 3 -1'>
					<Coordinate point='0.444975 -1.193025 2.427594 0.528951 -1.158241 2.284795 0.737865 -1.615699 2.284795 0.620722 -1.664221 2.427594'/>
				</IndexedFaceSet>
			</Shape>
			<Shape DEF='_IDX_1377'>
				<Appearance DEF='Material_693_IDX_693'>
					<Material diffuseColor='0.794549 0.721158 0.260829'/>
					
				</Appearance>
				<IndexedFaceSet solid="false" coordIndex='0 1 2 3 -1'>
					<Coordinate point='0.287086 -0.769709 2.427594 0.341265 -0.747267 2.284795 0.528951 -1.158241 2.284795 0.444975 -1.193025 2.427594'/>
				</IndexedFaceSet>
			</Shape>
			<Shape DEF='_IDX_1378'>
				<Appearance DEF='Material_694_IDX_694'>
					<Material diffuseColor='0.794549 0.721158 0.260829'/>
					
				</Appearance>
				<IndexedFaceSet solid="false" coordIndex='0 1 2 3 -1'>
					<Coordinate point='0.140719 -0.377283 2.427594 0.167276 -0.366283 2.284795 0.341265 -0.747267 2.284795 0.287086 -0.769709 2.427594'/>
				</IndexedFaceSet>
			</Shape>
			<Shape DEF='_IDX_1379'>
				<Appearance DEF='Material_695_IDX_695'>
					<Material diffuseColor='0.794549 0.721158 0.260829'/>
					
				</Appearance>
				<IndexedFaceSet solid="false" coordIndex='0 1 2 3 -1'>
					<Coordinate point='0.000000 0.000000 2.427594 0.000000 0.000000 2.284795 0.167276 -0.366283 2.284795 0.140719 -0.377283 2.427594'/>
				</IndexedFaceSet>
			</Shape>
			<Shape DEF='_IDX_1380'>
				<Appearance DEF='Material_696_IDX_696'>
					<Material diffuseColor='0.778274 0.725055 0.267800'/>
					
				</Appearance>
				<IndexedFaceSet solid="false" coordIndex='0 1 2 3 -1'>
					<Coordinate point='2.444447 -5.352592 2.284795 2.820068 -5.164569 2.141995 3.476338 -6.366438 2.141995 3.013304 -6.598217 2.284795'/>
				</IndexedFaceSet>
			</Shape>
			<Shape DEF='_IDX_1381'>
				<Appearance DEF='Material_697_IDX_697'>
					<Material diffuseColor='0.778274 0.725055 0.267800'/>
					
				</Appearance>
				<IndexedFaceSet solid="false" coordIndex='0 1 2 3 -1'>
					<Coordinate point='1.973693 -4.321785 2.284795 2.276977 -4.169972 2.141995 2.820068 -5.164569 2.141995 2.444447 -5.352592 2.284795'/>
				</IndexedFaceSet>
			</Shape>
			<Shape DEF='_IDX_1382'>
				<Appearance DEF='Material_698_IDX_698'>
					<Material diffuseColor='0.778274 0.725055 0.267800'/>
					
				</Appearance>
				<IndexedFaceSet solid="false" coordIndex='0 1 2 3 -1'>
					<Coordinate point='1.582151 -3.464427 2.284795 1.825269 -3.342731 2.141995 2.276977 -4.169972 2.141995 1.973693 -4.321785 2.284795'/>
				</IndexedFaceSet>
			</Shape>
			<Shape DEF='_IDX_1383'>
				<Appearance DEF='Material_699_IDX_699'>
					<Material diffuseColor='0.778274 0.725055 0.267800'/>
					
				</Appearance>
				<IndexedFaceSet solid="false" coordIndex='0 1 2 3 -1'>
					<Coordinate point='1.254106 -2.746109 2.284795 1.446816 -2.649645 2.141995 1.825269 -3.342731 2.141995 1.582151 -3.464427 2.284795'/>
				</IndexedFaceSet>
			</Shape>
			<Shape DEF='_IDX_1384'>
				<Appearance DEF='Material_700_IDX_700'>
					<Material diffuseColor='0.778274 0.725055 0.267800'/>
					
				</Appearance>
				<IndexedFaceSet solid="false" coordIndex='0 1 2 3 -1'>
					<Coordinate point='0.976392 -2.138001 2.284795 1.126428 -2.062899 2.141995 1.446816 -2.649645 2.141995 1.254106 -2.746109 2.284795'/>
				</IndexedFaceSet>
			</Shape>
			<Shape DEF='_IDX_1385'>
				<Appearance DEF='Material_701_IDX_701'>
					<Material diffuseColor='0.778274 0.725055 0.267800'/>
					
				</Appearance>
				<IndexedFaceSet solid="false" coordIndex='0 1 2 3 -1'>
					<Coordinate point='0.737865 -1.615699 2.284795 0.851248 -1.558944 2.141995 1.126428 -2.062899 2.141995 0.976392 -2.138001 2.284795'/>
				</IndexedFaceSet>
			</Shape>
			<Shape DEF='_IDX_1386'>
				<Appearance DEF='Material_702_IDX_702'>
					<Material diffuseColor='0.778274 0.725055 0.267800'/>
					
				</Appearance>
				<IndexedFaceSet solid="false" coordIndex='0 1 2 3 -1'>
					<Coordinate point='0.528951 -1.158241 2.284795 0.610231 -1.117555 2.141995 0.851248 -1.558944 2.141995 0.737865 -1.615699 2.284795'/>
				</IndexedFaceSet>
			</Shape>
			<Shape DEF='_IDX_1387'>
				<Appearance DEF='Material_703_IDX_703'>
					<Material diffuseColor='0.778274 0.725055 0.267800'/>
					
				</Appearance>
				<IndexedFaceSet solid="false" coordIndex='0 1 2 3 -1'>
					<Coordinate point='0.341265 -0.747267 2.284795 0.393705 -0.721017 2.141995 0.610231 -1.117555 2.141995 0.528951 -1.158241 2.284795'/>
				</IndexedFaceSet>
			</Shape>
			<Shape DEF='_IDX_1388'>
				<Appearance USE='Material_703_IDX_703'/>
				<IndexedFaceSet solid="false" coordIndex='0 1 2 3 -1'>
					<Coordinate point='0.167276 -0.366283 2.284795 0.192980 -0.353417 2.141995 0.393705 -0.721017 2.141995 0.341265 -0.747267 2.284795'/>
				</IndexedFaceSet>
			</Shape>
			<Shape DEF='_IDX_1389'>
				<Appearance USE='Material_703_IDX_703'/>
				<IndexedFaceSet solid="false" coordIndex='0 1 2 3 -1'>
					<Coordinate point='0.000000 0.000000 2.284795 0.000000 0.000000 2.141995 0.192980 -0.353417 2.141995 0.167276 -0.366283 2.284795'/>
				</IndexedFaceSet>
			</Shape>
			<Shape DEF='_IDX_1390'>
				<Appearance DEF='Material_704_IDX_704'>
					<Material diffuseColor='0.762000 0.728952 0.274770'/>
					
				</Appearance>
				<IndexedFaceSet solid="false" coordIndex='0 1 2 3 -1'>
					<Coordinate point='2.820068 -5.164569 2.141995 3.181319 -4.950229 1.999195 3.921658 -6.102218 1.999195 3.476338 -6.366438 2.141995'/>
				</IndexedFaceSet>
			</Shape>
			<Shape DEF='_IDX_1391'>
				<Appearance DEF='Material_705_IDX_705'>
					<Material diffuseColor='0.762000 0.728952 0.274770'/>
					
				</Appearance>
				<IndexedFaceSet solid="false" coordIndex='0 1 2 3 -1'>
					<Coordinate point='2.276977 -4.169972 2.141995 2.568658 -3.996910 1.999195 3.181319 -4.950229 1.999195 2.820068 -5.164569 2.141995'/>
				</IndexedFaceSet>
			</Shape>
			<Shape DEF='_IDX_1392'>
				<Appearance DEF='Material_706_IDX_706'>
					<Material diffuseColor='0.762000 0.728952 0.274770'/>
					
				</Appearance>
				<IndexedFaceSet solid="false" coordIndex='0 1 2 3 -1'>
					<Coordinate point='1.825269 -3.342731 2.141995 2.059086 -3.204001 1.999195 2.568658 -3.996910 1.999195 2.276977 -4.169972 2.141995'/>
				</IndexedFaceSet>
			</Shape>
			<Shape DEF='_IDX_1393'>
				<Appearance DEF='Material_707_IDX_707'>
					<Material diffuseColor='0.762000 0.728952 0.274770'/>
					
				</Appearance>
				<IndexedFaceSet solid="false" coordIndex='0 1 2 3 -1'>
					<Coordinate point='1.446816 -2.649645 2.141995 1.632153 -2.539679 1.999195 2.059086 -3.204001 1.999195 1.825269 -3.342731 2.141995'/>
				</IndexedFaceSet>
			</Shape>
			<Shape DEF='_IDX_1394'>
				<Appearance DEF='Material_708_IDX_708'>
					<Material diffuseColor='0.762000 0.728952 0.274770'/>
					
				</Appearance>
				<IndexedFaceSet solid="false" coordIndex='0 1 2 3 -1'>
					<Coordinate point='1.126428 -2.062899 2.141995 1.270723 -1.977284 1.999195 1.632153 -2.539679 1.999195 1.446816 -2.649645 2.141995'/>
				</IndexedFaceSet>
			</Shape>
			<Shape DEF='_IDX_1395'>
				<Appearance DEF='Material_709_IDX_709'>
					<Material diffuseColor='0.762000 0.728952 0.274770'/>
					
				</Appearance>
				<IndexedFaceSet solid="false" coordIndex='0 1 2 3 -1'>
					<Coordinate point='0.851248 -1.558944 2.141995 0.960293 -1.494245 1.999195 1.270723 -1.977284 1.999195 1.126428 -2.062899 2.141995'/>
				</IndexedFaceSet>
			</Shape>
			<Shape DEF='_IDX_1396'>
				<Appearance DEF='Material_710_IDX_710'>
					<Material diffuseColor='0.762000 0.728952 0.274770'/>
					
				</Appearance>
				<IndexedFaceSet solid="false" coordIndex='0 1 2 3 -1'>
					<Coordinate point='0.610231 -1.117555 2.141995 0.688402 -1.071174 1.999195 0.960293 -1.494245 1.999195 0.851248 -1.558944 2.141995'/>
				</IndexedFaceSet>
			</Shape>
			<Shape DEF='_IDX_1397'>
				<Appearance USE='Material_707_IDX_707'/>
				<IndexedFaceSet solid="false" coordIndex='0 1 2 3 -1'>
					<Coordinate point='0.393705 -0.721017 2.141995 0.444139 -0.691094 1.999195 0.688402 -1.071174 1.999195 0.610231 -1.117555 2.141995'/>
				</IndexedFaceSet>
			</Shape>
			<Shape DEF='_IDX_1398'>
				<Appearance DEF='Material_711_IDX_711'>
					<Material diffuseColor='0.762000 0.728952 0.274770'/>
					
				</Appearance>
				<IndexedFaceSet solid="false" coordIndex='0 1 2 3 -1'>
					<Coordinate point='0.192980 -0.353417 2.141995 0.217701 -0.338749 1.999195 0.444139 -0.691094 1.999195 0.393705 -0.721017 2.141995'/>
				</IndexedFaceSet>
			</Shape>
			<Shape DEF='_IDX_1399'>
				<Appearance USE='Material_711_IDX_711'/>
				<IndexedFaceSet solid="false" coordIndex='0 1 2 3 -1'>
					<Coordinate point='0.000000 0.000000 2.141995 0.000000 0.000000 1.999195 0.217701 -0.338749 1.999195 0.192980 -0.353417 2.141995'/>
				</IndexedFaceSet>
			</Shape>
			<Shape DEF='_IDX_1400'>
				<Appearance DEF='Material_712_IDX_712'>
					<Material diffuseColor='0.745725 0.732849 0.281741'/>
					
				</Appearance>
				<IndexedFaceSet solid="false" coordIndex='0 1 2 3 -1'>
					<Coordinate point='3.181319 -4.950229 1.999195 3.526359 -4.710664 1.856396 4.346993 -5.806903 1.856396 3.921658 -6.102218 1.999195'/>
				</IndexedFaceSet>
			</Shape>
			<Shape DEF='_IDX_1401'>
				<Appearance DEF='Material_713_IDX_713'>
					<Material diffuseColor='0.745725 0.732849 0.281741'/>
					
				</Appearance>
				<IndexedFaceSet solid="false" coordIndex='0 1 2 3 -1'>
					<Coordinate point='2.568658 -3.996910 1.999195 2.847250 -3.803480 1.856396 3.526359 -4.710664 1.856396 3.181319 -4.950229 1.999195'/>
				</IndexedFaceSet>
			</Shape>
			<Shape DEF='_IDX_1402'>
				<Appearance DEF='Material_714_IDX_714'>
					<Material diffuseColor='0.745725 0.732849 0.281741'/>
					
				</Appearance>
				<IndexedFaceSet solid="false" coordIndex='0 1 2 3 -1'>
					<Coordinate point='2.059086 -3.204001 1.999195 2.282411 -3.048944 1.856396 2.847250 -3.803480 1.856396 2.568658 -3.996910 1.999195'/>
				</IndexedFaceSet>
			</Shape>
			<Shape DEF='_IDX_1403'>
				<Appearance DEF='Material_715_IDX_715'>
					<Material diffuseColor='0.745725 0.732849 0.281741'/>
					
				</Appearance>
				<IndexedFaceSet solid="false" coordIndex='0 1 2 3 -1'>
					<Coordinate point='1.632153 -2.539679 1.999195 1.809173 -2.416772 1.856396 2.282411 -3.048944 1.856396 2.059086 -3.204001 1.999195'/>
				</IndexedFaceSet>
			</Shape>
			<Shape DEF='_IDX_1404'>
				<Appearance DEF='Material_716_IDX_716'>
					<Material diffuseColor='0.745725 0.732849 0.281741'/>
					
				</Appearance>
				<IndexedFaceSet solid="false" coordIndex='0 1 2 3 -1'>
					<Coordinate point='1.270723 -1.977284 1.999195 1.408544 -1.881594 1.856396 1.809173 -2.416772 1.856396 1.632153 -2.539679 1.999195'/>
				</IndexedFaceSet>
			</Shape>
			<Shape DEF='_IDX_1405'>
				<Appearance DEF='Material_717_IDX_717'>
					<Material diffuseColor='0.745725 0.732849 0.281741'/>
					
				</Appearance>
				<IndexedFaceSet solid="false" coordIndex='0 1 2 3 -1'>
					<Coordinate point='0.960293 -1.494245 1.999195 1.064444 -1.421931 1.856396 1.408544 -1.881594 1.856396 1.270723 -1.977284 1.999195'/>
				</IndexedFaceSet>
			</Shape>
			<Shape DEF='_IDX_1406'>
				<Appearance DEF='Material_718_IDX_718'>
					<Material diffuseColor='0.745725 0.732849 0.281741'/>
					
				</Appearance>
				<IndexedFaceSet solid="false" coordIndex='0 1 2 3 -1'>
					<Coordinate point='0.688402 -1.071174 1.999195 0.763065 -1.019335 1.856396 1.064444 -1.421931 1.856396 0.960293 -1.494245 1.999195'/>
				</IndexedFaceSet>
			</Shape>
			<Shape DEF='_IDX_1407'>
				<Appearance DEF='Material_719_IDX_719'>
					<Material diffuseColor='0.745725 0.732849 0.281741'/>
					
				</Appearance>
				<IndexedFaceSet solid="false" coordIndex='0 1 2 3 -1'>
					<Coordinate point='0.444139 -0.691094 1.999195 0.492309 -0.657648 1.856396 0.763065 -1.019335 1.856396 0.688402 -1.071174 1.999195'/>
				</IndexedFaceSet>
			</Shape>
			<Shape DEF='_IDX_1408'>
				<Appearance USE='Material_719_IDX_719'/>
				<IndexedFaceSet solid="false" coordIndex='0 1 2 3 -1'>
					<Coordinate point='0.217701 -0.338749 1.999195 0.241312 -0.322356 1.856396 0.492309 -0.657648 1.856396 0.444139 -0.691094 1.999195'/>
				</IndexedFaceSet>
			</Shape>
			<Shape DEF='_IDX_1409'>
				<Appearance DEF='Material_720_IDX_720'>
					<Material diffuseColor='0.745725 0.732849 0.281741'/>
					
				</Appearance>
				<IndexedFaceSet solid="false" coordIndex='0 1 2 3 -1'>
					<Coordinate point='0.000000 0.000000 1.999195 0.000000 0.000000 1.856396 0.241312 -0.322356 1.856396 0.217701 -0.338749 1.999195'/>
				</IndexedFaceSet>
			</Shape>
			<Shape DEF='_IDX_1410'>
				<Appearance DEF='Material_721_IDX_721'>
					<Material diffuseColor='0.729450 0.736746 0.288711'/>
					
				</Appearance>
				<IndexedFaceSet solid="false" coordIndex='0 1 2 3 -1'>
					<Coordinate point='3.526359 -4.710664 1.856396 3.853429 -4.447094 1.713596 4.750177 -5.481997 1.713596 4.346993 -5.806903 1.856396'/>
				</IndexedFaceSet>
			</Shape>
			<Shape DEF='_IDX_1411'>
				<Appearance DEF='Material_722_IDX_722'>
					<Material diffuseColor='0.729450 0.736746 0.288711'/>
					
				</Appearance>
				<IndexedFaceSet solid="false" coordIndex='0 1 2 3 -1'>
					<Coordinate point='2.847250 -3.803480 1.856396 3.111332 -3.590669 1.713596 3.853429 -4.447094 1.713596 3.526359 -4.710664 1.856396'/>
				</IndexedFaceSet>
			</Shape>
			<Shape DEF='_IDX_1412'>
				<Appearance DEF='Material_723_IDX_723'>
					<Material diffuseColor='0.729450 0.736746 0.288711'/>
					
				</Appearance>
				<IndexedFaceSet solid="false" coordIndex='0 1 2 3 -1'>
					<Coordinate point='2.282411 -3.048944 1.856396 2.494105 -2.878350 1.713596 3.111332 -3.590669 1.713596 2.847250 -3.803480 1.856396'/>
				</IndexedFaceSet>
			</Shape>
			<Shape DEF='_IDX_1413'>
				<Appearance DEF='Material_724_IDX_724'>
					<Material diffuseColor='0.729450 0.736746 0.288711'/>
					
				</Appearance>
				<IndexedFaceSet solid="false" coordIndex='0 1 2 3 -1'>
					<Coordinate point='1.809173 -2.416772 1.856396 1.976974 -2.281549 1.713596 2.494105 -2.878350 1.713596 2.282411 -3.048944 1.856396'/>
				</IndexedFaceSet>
			</Shape>
			<Shape DEF='_IDX_1414'>
				<Appearance DEF='Material_725_IDX_725'>
					<Material diffuseColor='0.729450 0.736746 0.288711'/>
					
				</Appearance>
				<IndexedFaceSet solid="false" coordIndex='0 1 2 3 -1'>
					<Coordinate point='1.408544 -1.881594 1.856396 1.539186 -1.776316 1.713596 1.976974 -2.281549 1.713596 1.809173 -2.416772 1.856396'/>
				</IndexedFaceSet>
			</Shape>
			<Shape DEF='_IDX_1415'>
				<Appearance DEF='Material_726_IDX_726'>
					<Material diffuseColor='0.729450 0.736746 0.288711'/>
					
				</Appearance>
				<IndexedFaceSet solid="false" coordIndex='0 1 2 3 -1'>
					<Coordinate point='1.064444 -1.421931 1.856396 1.163172 -1.342371 1.713596 1.539186 -1.776316 1.713596 1.408544 -1.881594 1.856396'/>
				</IndexedFaceSet>
			</Shape>
			<Shape DEF='_IDX_1416'>
				<Appearance DEF='Material_727_IDX_727'>
					<Material diffuseColor='0.729450 0.736746 0.288711'/>
					
				</Appearance>
				<IndexedFaceSet solid="false" coordIndex='0 1 2 3 -1'>
					<Coordinate point='0.763065 -1.019335 1.856396 0.833839 -0.962301 1.713596 1.163172 -1.342371 1.713596 1.064444 -1.421931 1.856396'/>
				</IndexedFaceSet>
			</Shape>
			<Shape DEF='_IDX_1417'>
				<Appearance DEF='Material_728_IDX_728'>
					<Material diffuseColor='0.729450 0.736746 0.288711'/>
					
				</Appearance>
				<IndexedFaceSet solid="false" coordIndex='0 1 2 3 -1'>
					<Coordinate point='0.492309 -0.657648 1.856396 0.537971 -0.620852 1.713596 0.833839 -0.962301 1.713596 0.763065 -1.019335 1.856396'/>
				</IndexedFaceSet>
			</Shape>
			<Shape DEF='_IDX_1418'>
				<Appearance DEF='Material_729_IDX_729'>
					<Material diffuseColor='0.729450 0.736746 0.288711'/>
					
				</Appearance>
				<IndexedFaceSet solid="false" coordIndex='0 1 2 3 -1'>
					<Coordinate point='0.241312 -0.322356 1.856396 0.263694 -0.304319 1.713596 0.537971 -0.620852 1.713596 0.492309 -0.657648 1.856396'/>
				</IndexedFaceSet>
			</Shape>
			<Shape DEF='_IDX_1419'>
				<Appearance DEF='Material_730_IDX_730'>
					<Material diffuseColor='0.729450 0.736746 0.288711'/>
					
				</Appearance>
				<IndexedFaceSet solid="false" coordIndex='0 1 2 3 -1'>
					<Coordinate point='0.000000 0.000000 1.856396 0.000000 0.000000 1.713596 0.263694 -0.304319 1.713596 0.241312 -0.322356 1.856396'/>
				</IndexedFaceSet>
			</Shape>
			<Shape DEF='_IDX_1420'>
				<Appearance DEF='Material_731_IDX_731'>
					<Material diffuseColor='0.713175 0.740643 0.295682'/>
					
				</Appearance>
				<IndexedFaceSet solid="false" coordIndex='0 1 2 3 -1'>
					<Coordinate point='3.853429 -4.447094 1.713596 4.160863 -4.160863 1.570796 5.129155 -5.129155 1.570796 4.750177 -5.481997 1.713596'/>
				</IndexedFaceSet>
			</Shape>
			<Shape DEF='_IDX_1421'>
				<Appearance DEF='Material_732_IDX_732'>
					<Material diffuseColor='0.713175 0.740643 0.295682'/>
					
				</Appearance>
				<IndexedFaceSet solid="false" coordIndex='0 1 2 3 -1'>
					<Coordinate point='3.111332 -3.590669 1.713596 3.359560 -3.359560 1.570796 4.160863 -4.160863 1.570796 3.853429 -4.447094 1.713596'/>
				</IndexedFaceSet>
			</Shape>
			<Shape DEF='_IDX_1422'>
				<Appearance DEF='Material_733_IDX_733'>
					<Material diffuseColor='0.713175 0.740643 0.295682'/>
					
				</Appearance>
				<IndexedFaceSet solid="false" coordIndex='0 1 2 3 -1'>
					<Coordinate point='2.494105 -2.878350 1.713596 2.693089 -2.693089 1.570796 3.359560 -3.359560 1.570796 3.111332 -3.590669 1.713596'/>
				</IndexedFaceSet>
			</Shape>
			<Shape DEF='_IDX_1423'>
				<Appearance DEF='Material_734_IDX_734'>
					<Material diffuseColor='0.713175 0.740643 0.295682'/>
					
				</Appearance>
				<IndexedFaceSet solid="false" coordIndex='0 1 2 3 -1'>
					<Coordinate point='1.976974 -2.281549 1.713596 2.134701 -2.134701 1.570796 2.693089 -2.693089 1.570796 2.494105 -2.878350 1.713596'/>
				</IndexedFaceSet>
			</Shape>
			<Shape DEF='_IDX_1424'>
				<Appearance DEF='Material_735_IDX_735'>
					<Material diffuseColor='0.713175 0.740643 0.295682'/>
					
				</Appearance>
				<IndexedFaceSet solid="false" coordIndex='0 1 2 3 -1'>
					<Coordinate point='1.539186 -1.776316 1.713596 1.661986 -1.661986 1.570796 2.134701 -2.134701 1.570796 1.976974 -2.281549 1.713596'/>
				</IndexedFaceSet>
			</Shape>
			<Shape DEF='_IDX_1425'>
				<Appearance DEF='Material_736_IDX_736'>
					<Material diffuseColor='0.713175 0.740643 0.295682'/>
					
				</Appearance>
				<IndexedFaceSet solid="false" coordIndex='0 1 2 3 -1'>
					<Coordinate point='1.163172 -1.342371 1.713596 1.255972 -1.255972 1.570796 1.661986 -1.661986 1.570796 1.539186 -1.776316 1.713596'/>
				</IndexedFaceSet>
			</Shape>
			<Shape DEF='_IDX_1426'>
				<Appearance DEF='Material_737_IDX_737'>
					<Material diffuseColor='0.713175 0.740643 0.295682'/>
					
				</Appearance>
				<IndexedFaceSet solid="false" coordIndex='0 1 2 3 -1'>
					<Coordinate point='0.833839 -0.962301 1.713596 0.900364 -0.900364 1.570796 1.255972 -1.255972 1.570796 1.163172 -1.342371 1.713596'/>
				</IndexedFaceSet>
			</Shape>
			<Shape DEF='_IDX_1427'>
				<Appearance DEF='Material_738_IDX_738'>
					<Material diffuseColor='0.713175 0.740643 0.295682'/>
					
				</Appearance>
				<IndexedFaceSet solid="false" coordIndex='0 1 2 3 -1'>
					<Coordinate point='0.537971 -0.620852 1.713596 0.580891 -0.580891 1.570796 0.900364 -0.900364 1.570796 0.833839 -0.962301 1.713596'/>
				</IndexedFaceSet>
			</Shape>
			<Shape DEF='_IDX_1428'>
				<Appearance DEF='Material_739_IDX_739'>
					<Material diffuseColor='0.713175 0.740643 0.295682'/>
					
				</Appearance>
				<IndexedFaceSet solid="false" coordIndex='0 1 2 3 -1'>
					<Coordinate point='0.263694 -0.304319 1.713596 0.284732 -0.284732 1.570796 0.580891 -0.580891 1.570796 0.537971 -0.620852 1.713596'/>
				</IndexedFaceSet>
			</Shape>
			<Shape DEF='_IDX_1429'>
				<Appearance DEF='Material_740_IDX_740'>
					<Material diffuseColor='0.713175 0.740643 0.295682'/>
					
				</Appearance>
				<IndexedFaceSet solid="false" coordIndex='0 1 2 3 -1'>
					<Coordinate point='0.000000 0.000000 1.713596 0.000000 -0.000000 1.570796 0.284732 -0.284732 1.570796 0.263694 -0.304319 1.713596'/>
				</IndexedFaceSet>
			</Shape>
			<Shape DEF='_IDX_1430'>
				<Appearance DEF='Material_741_IDX_741'>
					<Material diffuseColor='0.521984 0.731174 0.433219'/>
					
				</Appearance>
				<IndexedFaceSet solid="false" coordIndex='0 1 2 3 -1'>
					<Coordinate point='0.402672 -0.000000 0.000000 0.401646 -0.028726 0.142800 -0.000000 -0.000000 0.142800 -0.000000 -0.000000 0.000000'/>
				</IndexedFaceSet>
			</Shape>
			<Shape DEF='_IDX_1431'>
				<Appearance DEF='Material_742_IDX_742'>
					<Material diffuseColor='0.521984 0.731174 0.433219'/>
					
				</Appearance>
				<IndexedFaceSet solid="false" coordIndex='0 1 2 3 -1'>
					<Coordinate point='0.821505 0.000000 0.000000 0.819412 -0.058605 0.142800 0.401646 -0.028726 0.142800 0.402672 -0.000000 0.000000'/>
				</IndexedFaceSet>
			</Shape>
			<Shape DEF='_IDX_1432'>
				<Appearance DEF='Material_743_IDX_743'>
					<Material diffuseColor='0.521984 0.731174 0.433219'/>
					
				</Appearance>
				<IndexedFaceSet solid="false" coordIndex='0 1 2 3 -1'>
					<Coordinate point='1.273307 -0.000000 -0.000000 1.270063 -0.090837 0.142800 0.819412 -0.058605 0.142800 0.821505 0.000000 0.000000'/>
				</IndexedFaceSet>
			</Shape>
			<Shape DEF='_IDX_1433'>
				<Appearance DEF='Material_744_IDX_744'>
					<Material diffuseColor='0.521984 0.731174 0.433219'/>
					
				</Appearance>
				<IndexedFaceSet solid="false" coordIndex='0 1 2 3 -1'>
					<Coordinate point='1.776212 -0.000000 0.000000 1.771686 -0.126714 0.142800 1.270063 -0.090837 0.142800 1.273307 -0.000000 -0.000000'/>
				</IndexedFaceSet>
			</Shape>
			<Shape DEF='_IDX_1434'>
				<Appearance DEF='Material_745_IDX_745'>
					<Material diffuseColor='0.521984 0.731174 0.433219'/>
					
				</Appearance>
				<IndexedFaceSet solid="false" coordIndex='0 1 2 3 -1'>
					<Coordinate point='2.350402 -0.000000 0.000000 2.344414 -0.167676 0.142800 1.771686 -0.126714 0.142800 1.776212 -0.000000 0.000000'/>
				</IndexedFaceSet>
			</Shape>
			<Shape DEF='_IDX_1435'>
				<Appearance DEF='Material_746_IDX_746'>
					<Material diffuseColor='0.521984 0.731174 0.433219'/>
					
				</Appearance>
				<IndexedFaceSet solid="false" coordIndex='0 1 2 3 -1'>
					<Coordinate point='3.018923 0.000000 -0.000000 3.011231 -0.215367 0.142800 2.344414 -0.167676 0.142800 2.350402 -0.000000 0.000000'/>
				</IndexedFaceSet>
			</Shape>
			<Shape DEF='_IDX_1436'>
				<Appearance DEF='Material_747_IDX_747'>
					<Material diffuseColor='0.521984 0.731174 0.433219'/>
					
				</Appearance>
				<IndexedFaceSet solid="false" coordIndex='0 1 2 3 -1'>
					<Coordinate point='3.808603 -0.000000 -0.000000 3.798899 -0.271703 0.142800 3.011231 -0.215367 0.142800 3.018923 0.000000 -0.000000'/>
				</IndexedFaceSet>
			</Shape>
			<Shape DEF='_IDX_1437'>
				<Appearance DEF='Material_748_IDX_748'>
					<Material diffuseColor='0.521984 0.731174 0.433219'/>
					
				</Appearance>
				<IndexedFaceSet solid="false" coordIndex='0 1 2 3 -1'>
					<Coordinate point='4.751136 -0.000000 0.000000 4.739030 -0.338942 0.142800 3.798899 -0.271703 0.142800 3.808603 -0.000000 -0.000000'/>
				</IndexedFaceSet>
			</Shape>
			<Shape DEF='_IDX_1438'>
				<Appearance DEF='Material_749_IDX_749'>
					<Material diffuseColor='0.521984 0.731174 0.433219'/>
					
				</Appearance>
				<IndexedFaceSet solid="false" coordIndex='0 1 2 3 -1'>
					<Coordinate point='5.884348 0.000000 -0.000000 5.869356 -0.419785 0.142800 4.739030 -0.338942 0.142800 4.751136 -0.000000 0.000000'/>
				</IndexedFaceSet>
			</Shape>
			<Shape DEF='_IDX_1439'>
				<Appearance USE='Material_748_IDX_748'/>
				<IndexedFaceSet solid="false" coordIndex='0 1 2 3 -1'>
					<Coordinate point='7.253721 0.000000 0.000000 7.235239 -0.517475 0.142800 5.869356 -0.419785 0.142800 5.884348 0.000000 -0.000000'/>
				</IndexedFaceSet>
			</Shape>
			<Shape DEF='_IDX_1440'>
				<Appearance DEF='Material_750_IDX_750'>
					<Material diffuseColor='0.539117 0.733683 0.418293'/>
					
				</Appearance>
				<IndexedFaceSet solid="false" coordIndex='0 1 2 3 -1'>
					<Coordinate point='0.401646 -0.028726 0.142800 0.398573 -0.057306 0.285599 0.000000 0.000000 0.285599 -0.000000 -0.000000 0.142800'/>
				</IndexedFaceSet>
			</Shape>
			<Shape DEF='_IDX_1441'>
				<Appearance DEF='Material_751_IDX_751'>
					<Material diffuseColor='0.539117 0.733683 0.418293'/>
					
				</Appearance>
				<IndexedFaceSet solid="false" coordIndex='0 1 2 3 -1'>
					<Coordinate point='0.819412 -0.058605 0.142800 0.813143 -0.116912 0.285599 0.398573 -0.057306 0.285599 0.401646 -0.028726 0.142800'/>
				</IndexedFaceSet>
			</Shape>
			<Shape DEF='_IDX_1442'>
				<Appearance DEF='Material_752_IDX_752'>
					<Material diffuseColor='0.539117 0.733683 0.418293'/>
					
				</Appearance>
				<IndexedFaceSet solid="false" coordIndex='0 1 2 3 -1'>
					<Coordinate point='1.270063 -0.090837 0.142800 1.260347 -0.181211 0.285599 0.813143 -0.116912 0.285599 0.819412 -0.058605 0.142800'/>
				</IndexedFaceSet>
			</Shape>
			<Shape DEF='_IDX_1443'>
				<Appearance DEF='Material_753_IDX_753'>
					<Material diffuseColor='0.539117 0.733683 0.418293'/>
					
				</Appearance>
				<IndexedFaceSet solid="false" coordIndex='0 1 2 3 -1'>
					<Coordinate point='1.771686 -0.126714 0.142800 1.758133 -0.252781 0.285599 1.260347 -0.181211 0.285599 1.270063 -0.090837 0.142800'/>
				</IndexedFaceSet>
			</Shape>
			<Shape DEF='_IDX_1444'>
				<Appearance DEF='Material_754_IDX_754'>
					<Material diffuseColor='0.539117 0.733683 0.418293'/>
					
				</Appearance>
				<IndexedFaceSet solid="false" coordIndex='0 1 2 3 -1'>
					<Coordinate point='2.344414 -0.167676 0.142800 2.326479 -0.334497 0.285599 1.758133 -0.252781 0.285599 1.771686 -0.126714 0.142800'/>
				</IndexedFaceSet>
			</Shape>
			<Shape DEF='_IDX_1445'>
				<Appearance DEF='Material_755_IDX_755'>
					<Material diffuseColor='0.539117 0.733683 0.418293'/>
					
				</Appearance>
				<IndexedFaceSet solid="false" coordIndex='0 1 2 3 -1'>
					<Coordinate point='3.011231 -0.215367 0.142800 2.988194 -0.429637 0.285599 2.326479 -0.334497 0.285599 2.344414 -0.167676 0.142800'/>
				</IndexedFaceSet>
			</Shape>
			<Shape DEF='_IDX_1446'>
				<Appearance DEF='Material_756_IDX_756'>
					<Material diffuseColor='0.539117 0.733683 0.418293'/>
					
				</Appearance>
				<IndexedFaceSet solid="false" coordIndex='0 1 2 3 -1'>
					<Coordinate point='3.798899 -0.271703 0.142800 3.769837 -0.542021 0.285599 2.988194 -0.429637 0.285599 3.011231 -0.215367 0.142800'/>
				</IndexedFaceSet>
			</Shape>
			<Shape DEF='_IDX_1447'>
				<Appearance DEF='Material_757_IDX_757'>
					<Material diffuseColor='0.539117 0.733683 0.418293'/>
					
				</Appearance>
				<IndexedFaceSet solid="false" coordIndex='0 1 2 3 -1'>
					<Coordinate point='4.739030 -0.338942 0.142800 4.702776 -0.676157 0.285599 3.769837 -0.542021 0.285599 3.798899 -0.271703 0.142800'/>
				</IndexedFaceSet>
			</Shape>
			<Shape DEF='_IDX_1448'>
				<Appearance DEF='Material_758_IDX_758'>
					<Material diffuseColor='0.539117 0.733683 0.418293'/>
					
				</Appearance>
				<IndexedFaceSet solid="false" coordIndex='0 1 2 3 -1'>
					<Coordinate point='5.869356 -0.419785 0.142800 5.824454 -0.837430 0.285599 4.702776 -0.676157 0.285599 4.739030 -0.338942 0.142800'/>
				</IndexedFaceSet>
			</Shape>
			<Shape DEF='_IDX_1449'>
				<Appearance DEF='Material_759_IDX_759'>
					<Material diffuseColor='0.539117 0.733683 0.418293'/>
					
				</Appearance>
				<IndexedFaceSet solid="false" coordIndex='0 1 2 3 -1'>
					<Coordinate point='7.235239 -0.517475 0.142800 7.179888 -1.032312 0.285599 5.824454 -0.837430 0.285599 5.869356 -0.419785 0.142800'/>
				</IndexedFaceSet>
			</Shape>
			<Shape DEF='_IDX_1450'>
				<Appearance DEF='Material_760_IDX_760'>
					<Material diffuseColor='0.556251 0.736192 0.403367'/>
					
				</Appearance>
				<IndexedFaceSet solid="false" coordIndex='0 1 2 3 -1'>
					<Coordinate point='0.398573 -0.057306 0.285599 0.393470 -0.085594 0.428399 -0.000000 -0.000000 0.428399 0.000000 0.000000 0.285599'/>
				</IndexedFaceSet>
			</Shape>
			<Shape DEF='_IDX_1451'>
				<Appearance DEF='Material_761_IDX_761'>
					<Material diffuseColor='0.556251 0.736192 0.403367'/>
					
				</Appearance>
				<IndexedFaceSet solid="false" coordIndex='0 1 2 3 -1'>
					<Coordinate point='0.813143 -0.116912 0.285599 0.802731 -0.174623 0.428399 0.393470 -0.085594 0.428399 0.398573 -0.057306 0.285599'/>
				</IndexedFaceSet>
			</Shape>
			<Shape DEF='_IDX_1452'>
				<Appearance DEF='Material_762_IDX_762'>
					<Material diffuseColor='0.556251 0.736192 0.403367'/>
					
				</Appearance>
				<IndexedFaceSet solid="false" coordIndex='0 1 2 3 -1'>
					<Coordinate point='1.260347 -0.181211 0.285599 1.244208 -0.270661 0.428399 0.802731 -0.174623 0.428399 0.813143 -0.116912 0.285599'/>
				</IndexedFaceSet>
			</Shape>
			<Shape DEF='_IDX_1453'>
				<Appearance DEF='Material_763_IDX_763'>
					<Material diffuseColor='0.556251 0.736192 0.403367'/>
					
				</Appearance>
				<IndexedFaceSet solid="false" coordIndex='0 1 2 3 -1'>
					<Coordinate point='1.758133 -0.252781 0.285599 1.735620 -0.377561 0.428399 1.244208 -0.270661 0.428399 1.260347 -0.181211 0.285599'/>
				</IndexedFaceSet>
			</Shape>
			<Shape DEF='_IDX_1454'>
				<Appearance DEF='Material_764_IDX_764'>
					<Material diffuseColor='0.556251 0.736192 0.403367'/>
					
				</Appearance>
				<IndexedFaceSet solid="false" coordIndex='0 1 2 3 -1'>
					<Coordinate point='2.326479 -0.334497 0.285599 2.296688 -0.499614 0.428399 1.735620 -0.377561 0.428399 1.758133 -0.252781 0.285599'/>
				</IndexedFaceSet>
			</Shape>
			<Shape DEF='_IDX_1455'>
				<Appearance DEF='Material_765_IDX_765'>
					<Material diffuseColor='0.556251 0.736192 0.403367'/>
					
				</Appearance>
				<IndexedFaceSet solid="false" coordIndex='0 1 2 3 -1'>
					<Coordinate point='2.988194 -0.429637 0.285599 2.949931 -0.641718 0.428399 2.296688 -0.499614 0.428399 2.326479 -0.334497 0.285599'/>
				</IndexedFaceSet>
			</Shape>
			<Shape DEF='_IDX_1456'>
				<Appearance DEF='Material_766_IDX_766'>
					<Material diffuseColor='0.556251 0.736192 0.403367'/>
					
				</Appearance>
				<IndexedFaceSet solid="false" coordIndex='0 1 2 3 -1'>
					<Coordinate point='3.769837 -0.542021 0.285599 3.721565 -0.809577 0.428399 2.949931 -0.641718 0.428399 2.988194 -0.429637 0.285599'/>
				</IndexedFaceSet>
			</Shape>
			<Shape DEF='_IDX_1457'>
				<Appearance DEF='Material_767_IDX_767'>
					<Material diffuseColor='0.556251 0.736192 0.403367'/>
					
				</Appearance>
				<IndexedFaceSet solid="false" coordIndex='0 1 2 3 -1'>
					<Coordinate point='4.702776 -0.676157 0.285599 4.642558 -1.009927 0.428399 3.721565 -0.809577 0.428399 3.769837 -0.542021 0.285599'/>
				</IndexedFaceSet>
			</Shape>
			<Shape DEF='_IDX_1458'>
				<Appearance DEF='Material_768_IDX_768'>
					<Material diffuseColor='0.556251 0.736192 0.403367'/>
					
				</Appearance>
				<IndexedFaceSet solid="false" coordIndex='0 1 2 3 -1'>
					<Coordinate point='5.824454 -0.837430 0.285599 5.749873 -1.250808 0.428399 4.642558 -1.009927 0.428399 4.702776 -0.676157 0.285599'/>
				</IndexedFaceSet>
			</Shape>
			<Shape DEF='_IDX_1459'>
				<Appearance DEF='Material_769_IDX_769'>
					<Material diffuseColor='0.556251 0.736192 0.403367'/>
					
				</Appearance>
				<IndexedFaceSet solid="false" coordIndex='0 1 2 3 -1'>
					<Coordinate point='7.179888 -1.032312 0.285599 7.087951 -1.541889 0.428399 5.749873 -1.250808 0.428399 5.824454 -0.837430 0.285599'/>
				</IndexedFaceSet>
			</Shape>
			<Shape DEF='_IDX_1460'>
				<Appearance DEF='Material_770_IDX_770'>
					<Material diffuseColor='0.573384 0.738701 0.388440'/>
					
				</Appearance>
				<IndexedFaceSet solid="false" coordIndex='0 1 2 3 -1'>
					<Coordinate point='0.393470 -0.085594 0.428399 0.386361 -0.113446 0.571199 -0.000000 -0.000000 0.571199 -0.000000 -0.000000 0.428399'/>
				</IndexedFaceSet>
			</Shape>
			<Shape DEF='_IDX_1461'>
				<Appearance DEF='Material_771_IDX_771'>
					<Material diffuseColor='0.573384 0.738701 0.388440'/>
					
				</Appearance>
				<IndexedFaceSet solid="false" coordIndex='0 1 2 3 -1'>
					<Coordinate point='0.802731 -0.174623 0.428399 0.788228 -0.231445 0.571199 0.386361 -0.113446 0.571199 0.393470 -0.085594 0.428399'/>
				</IndexedFaceSet>
			</Shape>
			<Shape DEF='_IDX_1462'>
				<Appearance DEF='Material_772_IDX_772'>
					<Material diffuseColor='0.573384 0.738701 0.388440'/>
					
				</Appearance>
				<IndexedFaceSet solid="false" coordIndex='0 1 2 3 -1'>
					<Coordinate point='1.244208 -0.270661 0.428399 1.221729 -0.358732 0.571199 0.788228 -0.231445 0.571199 0.802731 -0.174623 0.428399'/>
				</IndexedFaceSet>
			</Shape>
			<Shape DEF='_IDX_1463'>
				<Appearance DEF='Material_773_IDX_773'>
					<Material diffuseColor='0.573384 0.738701 0.388440'/>
					
				</Appearance>
				<IndexedFaceSet solid="false" coordIndex='0 1 2 3 -1'>
					<Coordinate point='1.735620 -0.377561 0.428399 1.704263 -0.500417 0.571199 1.221729 -0.358732 0.571199 1.244208 -0.270661 0.428399'/>
				</IndexedFaceSet>
			</Shape>
			<Shape DEF='_IDX_1464'>
				<Appearance DEF='Material_774_IDX_774'>
					<Material diffuseColor='0.573384 0.738701 0.388440'/>
					
				</Appearance>
				<IndexedFaceSet solid="false" coordIndex='0 1 2 3 -1'>
					<Coordinate point='2.296688 -0.499614 0.428399 2.255195 -0.662185 0.571199 1.704263 -0.500417 0.571199 1.735620 -0.377561 0.428399'/>
				</IndexedFaceSet>
			</Shape>
			<Shape DEF='_IDX_1465'>
				<Appearance DEF='Material_775_IDX_775'>
					<Material diffuseColor='0.573384 0.738701 0.388440'/>
					
				</Appearance>
				<IndexedFaceSet solid="false" coordIndex='0 1 2 3 -1'>
					<Coordinate point='2.949931 -0.641718 0.428399 2.896635 -0.850529 0.571199 2.255195 -0.662185 0.571199 2.296688 -0.499614 0.428399'/>
				</IndexedFaceSet>
			</Shape>
			<Shape DEF='_IDX_1466'>
				<Appearance DEF='Material_776_IDX_776'>
					<Material diffuseColor='0.573384 0.738701 0.388440'/>
					
				</Appearance>
				<IndexedFaceSet solid="false" coordIndex='0 1 2 3 -1'>
					<Coordinate point='3.721565 -0.809577 0.428399 3.654328 -1.073007 0.571199 2.896635 -0.850529 0.571199 2.949931 -0.641718 0.428399'/>
				</IndexedFaceSet>
			</Shape>
			<Shape DEF='_IDX_1467'>
				<Appearance DEF='Material_777_IDX_777'>
					<Material diffuseColor='0.573384 0.738701 0.388440'/>
					
				</Appearance>
				<IndexedFaceSet solid="false" coordIndex='0 1 2 3 -1'>
					<Coordinate point='4.642558 -1.009927 0.428399 4.558681 -1.338550 0.571199 3.654328 -1.073007 0.571199 3.721565 -0.809577 0.428399'/>
				</IndexedFaceSet>
			</Shape>
			<Shape DEF='_IDX_1468'>
				<Appearance DEF='Material_778_IDX_778'>
					<Material diffuseColor='0.573384 0.738701 0.388440'/>
					
				</Appearance>
				<IndexedFaceSet solid="false" coordIndex='0 1 2 3 -1'>
					<Coordinate point='5.749873 -1.250808 0.428399 5.645991 -1.657813 0.571199 4.558681 -1.338550 0.571199 4.642558 -1.009927 0.428399'/>
				</IndexedFaceSet>
			</Shape>
			<Shape DEF='_IDX_1469'>
				<Appearance DEF='Material_779_IDX_779'>
					<Material diffuseColor='0.573384 0.738701 0.388440'/>
					
				</Appearance>
				<IndexedFaceSet solid="false" coordIndex='0 1 2 3 -1'>
					<Coordinate point='7.087951 -1.541889 0.428399 6.959894 -2.043609 0.571199 5.645991 -1.657813 0.571199 5.749873 -1.250808 0.428399'/>
				</IndexedFaceSet>
			</Shape>
			<Shape DEF='_IDX_1470'>
				<Appearance DEF='Material_780_IDX_780'>
					<Material diffuseColor='0.590518 0.741209 0.373514'/>
					
				</Appearance>
				<IndexedFaceSet solid="false" coordIndex='0 1 2 3 -1'>
					<Coordinate point='0.386361 -0.113446 0.571199 0.377283 -0.140719 0.713998 -0.000000 -0.000000 0.713998 -0.000000 -0.000000 0.571199'/>
				</IndexedFaceSet>
			</Shape>
			<Shape DEF='_IDX_1471'>
				<Appearance DEF='Material_781_IDX_781'>
					<Material diffuseColor='0.590518 0.741209 0.373514'/>
					
				</Appearance>
				<IndexedFaceSet solid="false" coordIndex='0 1 2 3 -1'>
					<Coordinate point='0.788228 -0.231445 0.571199 0.769709 -0.287086 0.713998 0.377283 -0.140719 0.713998 0.386361 -0.113446 0.571199'/>
				</IndexedFaceSet>
			</Shape>
			<Shape DEF='_IDX_1472'>
				<Appearance DEF='Material_782_IDX_782'>
					<Material diffuseColor='0.590518 0.741209 0.373514'/>
					
				</Appearance>
				<IndexedFaceSet solid="false" coordIndex='0 1 2 3 -1'>
					<Coordinate point='1.221729 -0.358732 0.571199 1.193025 -0.444975 0.713998 0.769709 -0.287086 0.713998 0.788228 -0.231445 0.571199'/>
				</IndexedFaceSet>
			</Shape>
			<Shape DEF='_IDX_1473'>
				<Appearance DEF='Material_783_IDX_783'>
					<Material diffuseColor='0.590518 0.741209 0.373514'/>
					
				</Appearance>
				<IndexedFaceSet solid="false" coordIndex='0 1 2 3 -1'>
					<Coordinate point='1.704263 -0.500417 0.571199 1.664221 -0.620722 0.713998 1.193025 -0.444975 0.713998 1.221729 -0.358732 0.571199'/>
				</IndexedFaceSet>
			</Shape>
			<Shape DEF='_IDX_1474'>
				<Appearance DEF='Material_784_IDX_784'>
					<Material diffuseColor='0.590518 0.741209 0.373514'/>
					
				</Appearance>
				<IndexedFaceSet solid="false" coordIndex='0 1 2 3 -1'>
					<Coordinate point='2.255195 -0.662185 0.571199 2.202209 -0.821381 0.713998 1.664221 -0.620722 0.713998 1.704263 -0.500417 0.571199'/>
				</IndexedFaceSet>
			</Shape>
			<Shape DEF='_IDX_1475'>
				<Appearance DEF='Material_785_IDX_785'>
					<Material diffuseColor='0.590518 0.741209 0.373514'/>
					
				</Appearance>
				<IndexedFaceSet solid="false" coordIndex='0 1 2 3 -1'>
					<Coordinate point='2.896635 -0.850529 0.571199 2.828579 -1.055005 0.713998 2.202209 -0.821381 0.713998 2.255195 -0.662185 0.571199'/>
				</IndexedFaceSet>
			</Shape>
			<Shape DEF='_IDX_1476'>
				<Appearance DEF='Material_786_IDX_786'>
					<Material diffuseColor='0.590518 0.741209 0.373514'/>
					
				</Appearance>
				<IndexedFaceSet solid="false" coordIndex='0 1 2 3 -1'>
					<Coordinate point='3.654328 -1.073007 0.571199 3.568470 -1.330970 0.713998 2.828579 -1.055005 0.713998 2.896635 -0.850529 0.571199'/>
				</IndexedFaceSet>
			</Shape>
			<Shape DEF='_IDX_1477'>
				<Appearance DEF='Material_787_IDX_787'>
					<Material diffuseColor='0.590518 0.741209 0.373514'/>
					
				</Appearance>
				<IndexedFaceSet solid="false" coordIndex='0 1 2 3 -1'>
					<Coordinate point='4.558681 -1.338550 0.571199 4.451575 -1.660352 0.713998 3.568470 -1.330970 0.713998 3.654328 -1.073007 0.571199'/>
				</IndexedFaceSet>
			</Shape>
			<Shape DEF='_IDX_1478'>
				<Appearance DEF='Material_788_IDX_788'>
					<Material diffuseColor='0.590518 0.741209 0.373514'/>
					
				</Appearance>
				<IndexedFaceSet solid="false" coordIndex='0 1 2 3 -1'>
					<Coordinate point='5.645991 -1.657813 0.571199 5.513339 -2.056369 0.713998 4.451575 -1.660352 0.713998 4.558681 -1.338550 0.571199'/>
				</IndexedFaceSet>
			</Shape>
			<Shape DEF='_IDX_1479'>
				<Appearance DEF='Material_789_IDX_789'>
					<Material diffuseColor='0.590518 0.741209 0.373514'/>
					
				</Appearance>
				<IndexedFaceSet solid="false" coordIndex='0 1 2 3 -1'>
					<Coordinate point='6.959894 -2.043609 0.571199 6.796372 -2.534916 0.713998 5.513339 -2.056369 0.713998 5.645991 -1.657813 0.571199'/>
				</IndexedFaceSet>
			</Shape>
			<Shape DEF='_IDX_1480'>
				<Appearance DEF='Material_790_IDX_790'>
					<Material diffuseColor='0.607651 0.743718 0.358588'/>
					
				</Appearance>
				<IndexedFaceSet solid="false" coordIndex='0 1 2 3 -1'>
					<Coordinate point='0.377283 -0.140719 0.713998 0.366283 -0.167276 0.856798 -0.000000 -0.000000 0.856798 -0.000000 -0.000000 0.713998'/>
				</IndexedFaceSet>
			</Shape>
			<Shape DEF='_IDX_1481'>
				<Appearance DEF='Material_791_IDX_791'>
					<Material diffuseColor='0.607651 0.743718 0.358588'/>
					
				</Appearance>
				<IndexedFaceSet solid="false" coordIndex='0 1 2 3 -1'>
					<Coordinate point='0.769709 -0.287086 0.713998 0.747267 -0.341265 0.856798 0.366283 -0.167276 0.856798 0.377283 -0.140719 0.713998'/>
				</IndexedFaceSet>
			</Shape>
			<Shape DEF='_IDX_1482'>
				<Appearance DEF='Material_792_IDX_792'>
					<Material diffuseColor='0.607651 0.743718 0.358588'/>
					
				</Appearance>
				<IndexedFaceSet solid="false" coordIndex='0 1 2 3 -1'>
					<Coordinate point='1.193025 -0.444975 0.713998 1.158241 -0.528951 0.856798 0.747267 -0.341265 0.856798 0.769709 -0.287086 0.713998'/>
				</IndexedFaceSet>
			</Shape>
			<Shape DEF='_IDX_1483'>
				<Appearance DEF='Material_793_IDX_793'>
					<Material diffuseColor='0.607651 0.743718 0.358588'/>
					
				</Appearance>
				<IndexedFaceSet solid="false" coordIndex='0 1 2 3 -1'>
					<Coordinate point='1.664221 -0.620722 0.713998 1.615699 -0.737865 0.856798 1.158241 -0.528951 0.856798 1.193025 -0.444975 0.713998'/>
				</IndexedFaceSet>
			</Shape>
			<Shape DEF='_IDX_1484'>
				<Appearance DEF='Material_794_IDX_794'>
					<Material diffuseColor='0.607651 0.743718 0.358588'/>
					
				</Appearance>
				<IndexedFaceSet solid="false" coordIndex='0 1 2 3 -1'>
					<Coordinate point='2.202209 -0.821381 0.713998 2.138001 -0.976392 0.856798 1.615699 -0.737865 0.856798 1.664221 -0.620722 0.713998'/>
				</IndexedFaceSet>
			</Shape>
			<Shape DEF='_IDX_1485'>
				<Appearance DEF='Material_795_IDX_795'>
					<Material diffuseColor='0.607651 0.743718 0.358588'/>
					
				</Appearance>
				<IndexedFaceSet solid="false" coordIndex='0 1 2 3 -1'>
					<Coordinate point='2.828579 -1.055005 0.713998 2.746109 -1.254106 0.856798 2.138001 -0.976392 0.856798 2.202209 -0.821381 0.713998'/>
				</IndexedFaceSet>
			</Shape>
			<Shape DEF='_IDX_1486'>
				<Appearance DEF='Material_796_IDX_796'>
					<Material diffuseColor='0.607651 0.743718 0.358588'/>
					
				</Appearance>
				<IndexedFaceSet solid="false" coordIndex='0 1 2 3 -1'>
					<Coordinate point='3.568470 -1.330970 0.713998 3.464427 -1.582151 0.856798 2.746109 -1.254106 0.856798 2.828579 -1.055005 0.713998'/>
				</IndexedFaceSet>
			</Shape>
			<Shape DEF='_IDX_1487'>
				<Appearance DEF='Material_797_IDX_797'>
					<Material diffuseColor='0.607651 0.743718 0.358588'/>
					
				</Appearance>
				<IndexedFaceSet solid="false" coordIndex='0 1 2 3 -1'>
					<Coordinate point='4.451575 -1.660352 0.713998 4.321785 -1.973693 0.856798 3.464427 -1.582151 0.856798 3.568470 -1.330970 0.713998'/>
				</IndexedFaceSet>
			</Shape>
			<Shape DEF='_IDX_1488'>
				<Appearance DEF='Material_798_IDX_798'>
					<Material diffuseColor='0.607651 0.743718 0.358588'/>
					
				</Appearance>
				<IndexedFaceSet solid="false" coordIndex='0 1 2 3 -1'>
					<Coordinate point='5.513339 -2.056369 0.713998 5.352592 -2.444447 0.856798 4.321785 -1.973693 0.856798 4.451575 -1.660352 0.713998'/>
				</IndexedFaceSet>
			</Shape>
			<Shape DEF='_IDX_1489'>
				<Appearance DEF='Material_799_IDX_799'>
					<Material diffuseColor='0.607651 0.743718 0.358588'/>
					
				</Appearance>
				<IndexedFaceSet solid="false" coordIndex='0 1 2 3 -1'>
					<Coordinate point='6.796372 -2.534916 0.713998 6.598217 -3.013304 0.856798 5.352592 -2.444447 0.856798 5.513339 -2.056369 0.713998'/>
				</IndexedFaceSet>
			</Shape>
			<Shape DEF='_IDX_1490'>
				<Appearance DEF='Material_800_IDX_800'>
					<Material diffuseColor='0.625358 0.743513 0.347784'/>
					
				</Appearance>
				<IndexedFaceSet solid="false" coordIndex='0 1 2 3 -1'>
					<Coordinate point='0.366283 -0.167276 0.856798 0.353417 -0.192980 0.999598 -0.000000 -0.000000 0.999598 -0.000000 -0.000000 0.856798'/>
				</IndexedFaceSet>
			</Shape>
			<Shape DEF='_IDX_1491'>
				<Appearance DEF='Material_801_IDX_801'>
					<Material diffuseColor='0.625358 0.743513 0.347784'/>
					
				</Appearance>
				<IndexedFaceSet solid="false" coordIndex='0 1 2 3 -1'>
					<Coordinate point='0.747267 -0.341265 0.856798 0.721017 -0.393705 0.999598 0.353417 -0.192980 0.999598 0.366283 -0.167276 0.856798'/>
				</IndexedFaceSet>
			</Shape>
			<Shape DEF='_IDX_1492'>
				<Appearance USE='Material_800_IDX_800'/>
				<IndexedFaceSet solid="false" coordIndex='0 1 2 3 -1'>
					<Coordinate point='1.158241 -0.528951 0.856798 1.117555 -0.610231 0.999598 0.721017 -0.393705 0.999598 0.747267 -0.341265 0.856798'/>
				</IndexedFaceSet>
			</Shape>
			<Shape DEF='_IDX_1493'>
				<Appearance DEF='Material_802_IDX_802'>
					<Material diffuseColor='0.625358 0.743513 0.347784'/>
					
				</Appearance>
				<IndexedFaceSet solid="false" coordIndex='0 1 2 3 -1'>
					<Coordinate point='1.615699 -0.737865 0.856798 1.558944 -0.851248 0.999598 1.117555 -0.610231 0.999598 1.158241 -0.528951 0.856798'/>
				</IndexedFaceSet>
			</Shape>
			<Shape DEF='_IDX_1494'>
				<Appearance DEF='Material_803_IDX_803'>
					<Material diffuseColor='0.625358 0.743513 0.347784'/>
					
				</Appearance>
				<IndexedFaceSet solid="false" coordIndex='0 1 2 3 -1'>
					<Coordinate point='2.138001 -0.976392 0.856798 2.062899 -1.126428 0.999598 1.558944 -0.851248 0.999598 1.615699 -0.737865 0.856798'/>
				</IndexedFaceSet>
			</Shape>
			<Shape DEF='_IDX_1495'>
				<Appearance DEF='Material_804_IDX_804'>
					<Material diffuseColor='0.625358 0.743513 0.347784'/>
					
				</Appearance>
				<IndexedFaceSet solid="false" coordIndex='0 1 2 3 -1'>
					<Coordinate point='2.746109 -1.254106 0.856798 2.649645 -1.446816 0.999598 2.062899 -1.126428 0.999598 2.138001 -0.976392 0.856798'/>
				</IndexedFaceSet>
			</Shape>
			<Shape DEF='_IDX_1496'>
				<Appearance DEF='Material_805_IDX_805'>
					<Material diffuseColor='0.625358 0.743513 0.347784'/>
					
				</Appearance>
				<IndexedFaceSet solid="false" coordIndex='0 1 2 3 -1'>
					<Coordinate point='3.464427 -1.582151 0.856798 3.342731 -1.825269 0.999598 2.649645 -1.446816 0.999598 2.746109 -1.254106 0.856798'/>
				</IndexedFaceSet>
			</Shape>
			<Shape DEF='_IDX_1497'>
				<Appearance DEF='Material_806_IDX_806'>
					<Material diffuseColor='0.625358 0.743513 0.347784'/>
					
				</Appearance>
				<IndexedFaceSet solid="false" coordIndex='0 1 2 3 -1'>
					<Coordinate point='4.321785 -1.973693 0.856798 4.169972 -2.276977 0.999598 3.342731 -1.825269 0.999598 3.464427 -1.582151 0.856798'/>
				</IndexedFaceSet>
			</Shape>
			<Shape DEF='_IDX_1498'>
				<Appearance DEF='Material_807_IDX_807'>
					<Material diffuseColor='0.625358 0.743513 0.347784'/>
					
				</Appearance>
				<IndexedFaceSet solid="false" coordIndex='0 1 2 3 -1'>
					<Coordinate point='5.352592 -2.444447 0.856798 5.164569 -2.820068 0.999598 4.169972 -2.276977 0.999598 4.321785 -1.973693 0.856798'/>
				</IndexedFaceSet>
			</Shape>
			<Shape DEF='_IDX_1499'>
				<Appearance DEF='Material_808_IDX_808'>
					<Material diffuseColor='0.625358 0.743513 0.347784'/>
					
				</Appearance>
				<IndexedFaceSet solid="false" coordIndex='0 1 2 3 -1'>
					<Coordinate point='6.598217 -3.013304 0.856798 6.366438 -3.476338 0.999598 5.164569 -2.820068 0.999598 5.352592 -2.444447 0.856798'/>
				</IndexedFaceSet>
			</Shape>
			<Shape DEF='_IDX_1500'>
				<Appearance DEF='Material_809_IDX_809'>
					<Material diffuseColor='0.643064 0.743308 0.336980'/>
					
				</Appearance>
				<IndexedFaceSet solid="false" coordIndex='0 1 2 3 -1'>
					<Coordinate point='0.353417 -0.192980 0.999598 0.338749 -0.217701 1.142397 -0.000000 0.000000 1.142397 -0.000000 -0.000000 0.999598'/>
				</IndexedFaceSet>
			</Shape>
			<Shape DEF='_IDX_1501'>
				<Appearance USE='Material_809_IDX_809'/>
				<IndexedFaceSet solid="false" coordIndex='0 1 2 3 -1'>
					<Coordinate point='0.721017 -0.393705 0.999598 0.691094 -0.444139 1.142397 0.338749 -0.217701 1.142397 0.353417 -0.192980 0.999598'/>
				</IndexedFaceSet>
			</Shape>
			<Shape DEF='_IDX_1502'>
				<Appearance DEF='Material_810_IDX_810'>
					<Material diffuseColor='0.643064 0.743308 0.336980'/>
					
				</Appearance>
				<IndexedFaceSet solid="false" coordIndex='0 1 2 3 -1'>
					<Coordinate point='1.117555 -0.610231 0.999598 1.071174 -0.688402 1.142397 0.691094 -0.444139 1.142397 0.721017 -0.393705 0.999598'/>
				</IndexedFaceSet>
			</Shape>
			<Shape DEF='_IDX_1503'>
				<Appearance DEF='Material_811_IDX_811'>
					<Material diffuseColor='0.643064 0.743308 0.336980'/>
					
				</Appearance>
				<IndexedFaceSet solid="false" coordIndex='0 1 2 3 -1'>
					<Coordinate point='1.558944 -0.851248 0.999598 1.494245 -0.960293 1.142397 1.071174 -0.688402 1.142397 1.117555 -0.610231 0.999598'/>
				</IndexedFaceSet>
			</Shape>
			<Shape DEF='_IDX_1504'>
				<Appearance DEF='Material_812_IDX_812'>
					<Material diffuseColor='0.643064 0.743308 0.336980'/>
					
				</Appearance>
				<IndexedFaceSet solid="false" coordIndex='0 1 2 3 -1'>
					<Coordinate point='2.062899 -1.126428 0.999598 1.977284 -1.270723 1.142397 1.494245 -0.960293 1.142397 1.558944 -0.851248 0.999598'/>
				</IndexedFaceSet>
			</Shape>
			<Shape DEF='_IDX_1505'>
				<Appearance DEF='Material_813_IDX_813'>
					<Material diffuseColor='0.643064 0.743308 0.336980'/>
					
				</Appearance>
				<IndexedFaceSet solid="false" coordIndex='0 1 2 3 -1'>
					<Coordinate point='2.649645 -1.446816 0.999598 2.539679 -1.632153 1.142397 1.977284 -1.270723 1.142397 2.062899 -1.126428 0.999598'/>
				</IndexedFaceSet>
			</Shape>
			<Shape DEF='_IDX_1506'>
				<Appearance DEF='Material_814_IDX_814'>
					<Material diffuseColor='0.643064 0.743308 0.336980'/>
					
				</Appearance>
				<IndexedFaceSet solid="false" coordIndex='0 1 2 3 -1'>
					<Coordinate point='3.342731 -1.825269 0.999598 3.204001 -2.059086 1.142397 2.539679 -1.632153 1.142397 2.649645 -1.446816 0.999598'/>
				</IndexedFaceSet>
			</Shape>
			<Shape DEF='_IDX_1507'>
				<Appearance DEF='Material_815_IDX_815'>
					<Material diffuseColor='0.643064 0.743308 0.336980'/>
					
				</Appearance>
				<IndexedFaceSet solid="false" coordIndex='0 1 2 3 -1'>
					<Coordinate point='4.169972 -2.276977 0.999598 3.996910 -2.568658 1.142397 3.204001 -2.059086 1.142397 3.342731 -1.825269 0.999598'/>
				</IndexedFaceSet>
			</Shape>
			<Shape DEF='_IDX_1508'>
				<Appearance DEF='Material_816_IDX_816'>
					<Material diffuseColor='0.643064 0.743308 0.336980'/>
					
				</Appearance>
				<IndexedFaceSet solid="false" coordIndex='0 1 2 3 -1'>
					<Coordinate point='5.164569 -2.820068 0.999598 4.950229 -3.181319 1.142397 3.996910 -2.568658 1.142397 4.169972 -2.276977 0.999598'/>
				</IndexedFaceSet>
			</Shape>
			<Shape DEF='_IDX_1509'>
				<Appearance DEF='Material_817_IDX_817'>
					<Material diffuseColor='0.643064 0.743308 0.336980'/>
					
				</Appearance>
				<IndexedFaceSet solid="false" coordIndex='0 1 2 3 -1'>
					<Coordinate point='6.366438 -3.476338 0.999598 6.102218 -3.921658 1.142397 4.950229 -3.181319 1.142397 5.164569 -2.820068 0.999598'/>
				</IndexedFaceSet>
			</Shape>
			<Shape DEF='_IDX_1510'>
				<Appearance DEF='Material_818_IDX_818'>
					<Material diffuseColor='0.660771 0.743103 0.326177'/>
					
				</Appearance>
				<IndexedFaceSet solid="false" coordIndex='0 1 2 3 -1'>
					<Coordinate point='0.338749 -0.217701 1.142397 0.322356 -0.241312 1.285197 -0.000000 -0.000000 1.285197 -0.000000 0.000000 1.142397'/>
				</IndexedFaceSet>
			</Shape>
			<Shape DEF='_IDX_1511'>
				<Appearance DEF='Material_819_IDX_819'>
					<Material diffuseColor='0.660771 0.743103 0.326177'/>
					
				</Appearance>
				<IndexedFaceSet solid="false" coordIndex='0 1 2 3 -1'>
					<Coordinate point='0.691094 -0.444139 1.142397 0.657648 -0.492309 1.285197 0.322356 -0.241312 1.285197 0.338749 -0.217701 1.142397'/>
				</IndexedFaceSet>
			</Shape>
			<Shape DEF='_IDX_1512'>
				<Appearance DEF='Material_820_IDX_820'>
					<Material diffuseColor='0.660771 0.743103 0.326177'/>
					
				</Appearance>
				<IndexedFaceSet solid="false" coordIndex='0 1 2 3 -1'>
					<Coordinate point='1.071174 -0.688402 1.142397 1.019335 -0.763065 1.285197 0.657648 -0.492309 1.285197 0.691094 -0.444139 1.142397'/>
				</IndexedFaceSet>
			</Shape>
			<Shape DEF='_IDX_1513'>
				<Appearance DEF='Material_821_IDX_821'>
					<Material diffuseColor='0.660771 0.743103 0.326177'/>
					
				</Appearance>
				<IndexedFaceSet solid="false" coordIndex='0 1 2 3 -1'>
					<Coordinate point='1.494245 -0.960293 1.142397 1.421931 -1.064444 1.285197 1.019335 -0.763065 1.285197 1.071174 -0.688402 1.142397'/>
				</IndexedFaceSet>
			</Shape>
			<Shape DEF='_IDX_1514'>
				<Appearance DEF='Material_822_IDX_822'>
					<Material diffuseColor='0.660771 0.743103 0.326177'/>
					
				</Appearance>
				<IndexedFaceSet solid="false" coordIndex='0 1 2 3 -1'>
					<Coordinate point='1.977284 -1.270723 1.142397 1.881594 -1.408544 1.285197 1.421931 -1.064444 1.285197 1.494245 -0.960293 1.142397'/>
				</IndexedFaceSet>
			</Shape>
			<Shape DEF='_IDX_1515'>
				<Appearance DEF='Material_823_IDX_823'>
					<Material diffuseColor='0.660771 0.743103 0.326177'/>
					
				</Appearance>
				<IndexedFaceSet solid="false" coordIndex='0 1 2 3 -1'>
					<Coordinate point='2.539679 -1.632153 1.142397 2.416772 -1.809173 1.285197 1.881594 -1.408544 1.285197 1.977284 -1.270723 1.142397'/>
				</IndexedFaceSet>
			</Shape>
			<Shape DEF='_IDX_1516'>
				<Appearance DEF='Material_824_IDX_824'>
					<Material diffuseColor='0.660771 0.743103 0.326177'/>
					
				</Appearance>
				<IndexedFaceSet solid="false" coordIndex='0 1 2 3 -1'>
					<Coordinate point='3.204001 -2.059086 1.142397 3.048944 -2.282411 1.285197 2.416772 -1.809173 1.285197 2.539679 -1.632153 1.142397'/>
				</IndexedFaceSet>
			</Shape>
			<Shape DEF='_IDX_1517'>
				<Appearance DEF='Material_825_IDX_825'>
					<Material diffuseColor='0.660771 0.743103 0.326177'/>
					
				</Appearance>
				<IndexedFaceSet solid="false" coordIndex='0 1 2 3 -1'>
					<Coordinate point='3.996910 -2.568658 1.142397 3.803480 -2.847250 1.285197 3.048944 -2.282411 1.285197 3.204001 -2.059086 1.142397'/>
				</IndexedFaceSet>
			</Shape>
			<Shape DEF='_IDX_1518'>
				<Appearance DEF='Material_826_IDX_826'>
					<Material diffuseColor='0.660771 0.743103 0.326177'/>
					
				</Appearance>
				<IndexedFaceSet solid="false" coordIndex='0 1 2 3 -1'>
					<Coordinate point='4.950229 -3.181319 1.142397 4.710664 -3.526359 1.285197 3.803480 -2.847250 1.285197 3.996910 -2.568658 1.142397'/>
				</IndexedFaceSet>
			</Shape>
			<Shape DEF='_IDX_1519'>
				<Appearance DEF='Material_827_IDX_827'>
					<Material diffuseColor='0.660771 0.743103 0.326177'/>
					
				</Appearance>
				<IndexedFaceSet solid="false" coordIndex='0 1 2 3 -1'>
					<Coordinate point='6.102218 -3.921658 1.142397 5.806903 -4.346993 1.285197 4.710664 -3.526359 1.285197 4.950229 -3.181319 1.142397'/>
				</IndexedFaceSet>
			</Shape>
			<Shape DEF='_IDX_1520'>
				<Appearance DEF='Material_828_IDX_828'>
					<Material diffuseColor='0.678478 0.742898 0.315373'/>
					
				</Appearance>
				<IndexedFaceSet solid="false" coordIndex='0 1 2 3 -1'>
					<Coordinate point='0.322356 -0.241312 1.285197 0.304319 -0.263694 1.427997 -0.000000 -0.000000 1.427997 -0.000000 -0.000000 1.285197'/>
				</IndexedFaceSet>
			</Shape>
			<Shape DEF='_IDX_1521'>
				<Appearance DEF='Material_829_IDX_829'>
					<Material diffuseColor='0.678478 0.742898 0.315373'/>
					
				</Appearance>
				<IndexedFaceSet solid="false" coordIndex='0 1 2 3 -1'>
					<Coordinate point='0.657648 -0.492309 1.285197 0.620852 -0.537971 1.427997 0.304319 -0.263694 1.427997 0.322356 -0.241312 1.285197'/>
				</IndexedFaceSet>
			</Shape>
			<Shape DEF='_IDX_1522'>
				<Appearance DEF='Material_830_IDX_830'>
					<Material diffuseColor='0.678478 0.742898 0.315373'/>
					
				</Appearance>
				<IndexedFaceSet solid="false" coordIndex='0 1 2 3 -1'>
					<Coordinate point='1.019335 -0.763065 1.285197 0.962301 -0.833839 1.427997 0.620852 -0.537971 1.427997 0.657648 -0.492309 1.285197'/>
				</IndexedFaceSet>
			</Shape>
			<Shape DEF='_IDX_1523'>
				<Appearance DEF='Material_831_IDX_831'>
					<Material diffuseColor='0.678478 0.742898 0.315373'/>
					
				</Appearance>
				<IndexedFaceSet solid="false" coordIndex='0 1 2 3 -1'>
					<Coordinate point='1.421931 -1.064444 1.285197 1.342371 -1.163172 1.427997 0.962301 -0.833839 1.427997 1.019335 -0.763065 1.285197'/>
				</IndexedFaceSet>
			</Shape>
			<Shape DEF='_IDX_1524'>
				<Appearance DEF='Material_832_IDX_832'>
					<Material diffuseColor='0.678478 0.742898 0.315373'/>
					
				</Appearance>
				<IndexedFaceSet solid="false" coordIndex='0 1 2 3 -1'>
					<Coordinate point='1.881594 -1.408544 1.285197 1.776316 -1.539186 1.427997 1.342371 -1.163172 1.427997 1.421931 -1.064444 1.285197'/>
				</IndexedFaceSet>
			</Shape>
			<Shape DEF='_IDX_1525'>
				<Appearance DEF='Material_833_IDX_833'>
					<Material diffuseColor='0.678478 0.742898 0.315373'/>
					
				</Appearance>
				<IndexedFaceSet solid="false" coordIndex='0 1 2 3 -1'>
					<Coordinate point='2.416772 -1.809173 1.285197 2.281549 -1.976974 1.427997 1.776316 -1.539186 1.427997 1.881594 -1.408544 1.285197'/>
				</IndexedFaceSet>
			</Shape>
			<Shape DEF='_IDX_1526'>
				<Appearance DEF='Material_834_IDX_834'>
					<Material diffuseColor='0.678478 0.742898 0.315373'/>
					
				</Appearance>
				<IndexedFaceSet solid="false" coordIndex='0 1 2 3 -1'>
					<Coordinate point='3.048944 -2.282411 1.285197 2.878350 -2.494105 1.427997 2.281549 -1.976974 1.427997 2.416772 -1.809173 1.285197'/>
				</IndexedFaceSet>
			</Shape>
			<Shape DEF='_IDX_1527'>
				<Appearance DEF='Material_835_IDX_835'>
					<Material diffuseColor='0.678478 0.742898 0.315373'/>
					
				</Appearance>
				<IndexedFaceSet solid="false" coordIndex='0 1 2 3 -1'>
					<Coordinate point='3.803480 -2.847250 1.285197 3.590669 -3.111332 1.427997 2.878350 -2.494105 1.427997 3.048944 -2.282411 1.285197'/>
				</IndexedFaceSet>
			</Shape>
			<Shape DEF='_IDX_1528'>
				<Appearance DEF='Material_836_IDX_836'>
					<Material diffuseColor='0.678478 0.742898 0.315373'/>
					
				</Appearance>
				<IndexedFaceSet solid="false" coordIndex='0 1 2 3 -1'>
					<Coordinate point='4.710664 -3.526359 1.285197 4.447094 -3.853429 1.427997 3.590669 -3.111332 1.427997 3.803480 -2.847250 1.285197'/>
				</IndexedFaceSet>
			</Shape>
			<Shape DEF='_IDX_1529'>
				<Appearance DEF='Material_837_IDX_837'>
					<Material diffuseColor='0.678478 0.742898 0.315373'/>
					
				</Appearance>
				<IndexedFaceSet solid="false" coordIndex='0 1 2 3 -1'>
					<Coordinate point='5.806903 -4.346993 1.285197 5.481997 -4.750177 1.427997 4.447094 -3.853429 1.427997 4.710664 -3.526359 1.285197'/>
				</IndexedFaceSet>
			</Shape>
			<Shape DEF='_IDX_1530'>
				<Appearance DEF='Material_838_IDX_838'>
					<Material diffuseColor='0.696185 0.742693 0.304569'/>
					
				</Appearance>
				<IndexedFaceSet solid="false" coordIndex='0 1 2 3 -1'>
					<Coordinate point='0.304319 -0.263694 1.427997 0.284732 -0.284732 1.570796 0.000000 -0.000000 1.570796 -0.000000 -0.000000 1.427997'/>
				</IndexedFaceSet>
			</Shape>
			<Shape DEF='_IDX_1531'>
				<Appearance DEF='Material_839_IDX_839'>
					<Material diffuseColor='0.696185 0.742693 0.304569'/>
					
				</Appearance>
				<IndexedFaceSet solid="false" coordIndex='0 1 2 3 -1'>
					<Coordinate point='0.620852 -0.537971 1.427997 0.580891 -0.580891 1.570796 0.284732 -0.284732 1.570796 0.304319 -0.263694 1.427997'/>
				</IndexedFaceSet>
			</Shape>
			<Shape DEF='_IDX_1532'>
				<Appearance DEF='Material_840_IDX_840'>
					<Material diffuseColor='0.696185 0.742693 0.304569'/>
					
				</Appearance>
				<IndexedFaceSet solid="false" coordIndex='0 1 2 3 -1'>
					<Coordinate point='0.962301 -0.833839 1.427997 0.900364 -0.900364 1.570796 0.580891 -0.580891 1.570796 0.620852 -0.537971 1.427997'/>
				</IndexedFaceSet>
			</Shape>
			<Shape DEF='_IDX_1533'>
				<Appearance DEF='Material_841_IDX_841'>
					<Material diffuseColor='0.696185 0.742693 0.304569'/>
					
				</Appearance>
				<IndexedFaceSet solid="false" coordIndex='0 1 2 3 -1'>
					<Coordinate point='1.342371 -1.163172 1.427997 1.255972 -1.255972 1.570796 0.900364 -0.900364 1.570796 0.962301 -0.833839 1.427997'/>
				</IndexedFaceSet>
			</Shape>
			<Shape DEF='_IDX_1534'>
				<Appearance DEF='Material_842_IDX_842'>
					<Material diffuseColor='0.696185 0.742693 0.304569'/>
					
				</Appearance>
				<IndexedFaceSet solid="false" coordIndex='0 1 2 3 -1'>
					<Coordinate point='1.776316 -1.539186 1.427997 1.661986 -1.661986 1.570796 1.255972 -1.255972 1.570796 1.342371 -1.163172 1.427997'/>
				</IndexedFaceSet>
			</Shape>
			<Shape DEF='_IDX_1535'>
				<Appearance DEF='Material_843_IDX_843'>
					<Material diffuseColor='0.696185 0.742693 0.304569'/>
					
				</Appearance>
				<IndexedFaceSet solid="false" coordIndex='0 1 2 3 -1'>
					<Coordinate point='2.281549 -1.976974 1.427997 2.134701 -2.134701 1.570796 1.661986 -1.661986 1.570796 1.776316 -1.539186 1.427997'/>
				</IndexedFaceSet>
			</Shape>
			<Shape DEF='_IDX_1536'>
				<Appearance DEF='Material_844_IDX_844'>
					<Material diffuseColor='0.696185 0.742693 0.304569'/>
					
				</Appearance>
				<IndexedFaceSet solid="false" coordIndex='0 1 2 3 -1'>
					<Coordinate point='2.878350 -2.494105 1.427997 2.693089 -2.693089 1.570796 2.134701 -2.134701 1.570796 2.281549 -1.976974 1.427997'/>
				</IndexedFaceSet>
			</Shape>
			<Shape DEF='_IDX_1537'>
				<Appearance DEF='Material_845_IDX_845'>
					<Material diffuseColor='0.696185 0.742693 0.304569'/>
					
				</Appearance>
				<IndexedFaceSet solid="false" coordIndex='0 1 2 3 -1'>
					<Coordinate point='3.590669 -3.111332 1.427997 3.359560 -3.359560 1.570796 2.693089 -2.693089 1.570796 2.878350 -2.494105 1.427997'/>
				</IndexedFaceSet>
			</Shape>
			<Shape DEF='_IDX_1538'>
				<Appearance DEF='Material_846_IDX_846'>
					<Material diffuseColor='0.696185 0.742693 0.304569'/>
					
				</Appearance>
				<IndexedFaceSet solid="false" coordIndex='0 1 2 3 -1'>
					<Coordinate point='4.447094 -3.853429 1.427997 4.160863 -4.160863 1.570796 3.359560 -3.359560 1.570796 3.590669 -3.111332 1.427997'/>
				</IndexedFaceSet>
			</Shape>
			<Shape DEF='_IDX_1539'>
				<Appearance DEF='Material_847_IDX_847'>
					<Material diffuseColor='0.696185 0.742693 0.304569'/>
					
				</Appearance>
				<IndexedFaceSet solid="false" coordIndex='0 1 2 3 -1'>
					<Coordinate point='5.481997 -4.750177 1.427997 5.129155 -5.129155 1.570796 4.160863 -4.160863 1.570796 4.447094 -3.853429 1.427997'/>
				</IndexedFaceSet>
			</Shape>
			<Shape DEF='_IDX_1540'>
				<Appearance USE='Material_638_IDX_638'/>
				<IndexedFaceSet solid="false" coordIndex='0 1 2 3 -1'>
					<Coordinate point='0.000000 5.884348 3.141593 -0.419785 5.869356 2.998793 -0.517475 7.235239 2.998793 0.000000 7.253721 3.141593'/>
				</IndexedFaceSet>
			</Shape>
			<Shape DEF='_IDX_1541'>
				<Appearance USE='Material_639_IDX_639'/>
				<IndexedFaceSet solid="false" coordIndex='0 1 2 3 -1'>
					<Coordinate point='-0.000000 4.751136 3.141593 -0.338942 4.739030 2.998793 -0.419785 5.869356 2.998793 0.000000 5.884348 3.141593'/>
				</IndexedFaceSet>
			</Shape>
			<Shape DEF='_IDX_1542'>
				<Appearance USE='Material_638_IDX_638'/>
				<IndexedFaceSet solid="false" coordIndex='0 1 2 3 -1'>
					<Coordinate point='-0.000000 3.808603 3.141593 -0.271703 3.798899 2.998793 -0.338942 4.739030 2.998793 -0.000000 4.751136 3.141593'/>
				</IndexedFaceSet>
			</Shape>
			<Shape DEF='_IDX_1543'>
				<Appearance USE='Material_639_IDX_639'/>
				<IndexedFaceSet solid="false" coordIndex='0 1 2 3 -1'>
					<Coordinate point='0.000000 3.018923 3.141593 -0.215367 3.011231 2.998793 -0.271703 3.798899 2.998793 -0.000000 3.808603 3.141593'/>
				</IndexedFaceSet>
			</Shape>
			<Shape DEF='_IDX_1544'>
				<Appearance USE='Material_640_IDX_640'/>
				<IndexedFaceSet solid="false" coordIndex='0 1 2 3 -1'>
					<Coordinate point='-0.000000 2.350402 3.141593 -0.167676 2.344414 2.998793 -0.215367 3.011231 2.998793 0.000000 3.018923 3.141593'/>
				</IndexedFaceSet>
			</Shape>
			<Shape DEF='_IDX_1545'>
				<Appearance USE='Material_641_IDX_641'/>
				<IndexedFaceSet solid="false" coordIndex='0 1 2 3 -1'>
					<Coordinate point='-0.000000 1.776212 3.141593 -0.126714 1.771686 2.998793 -0.167676 2.344414 2.998793 -0.000000 2.350402 3.141593'/>
				</IndexedFaceSet>
			</Shape>
			<Shape DEF='_IDX_1546'>
				<Appearance USE='Material_642_IDX_642'/>
				<IndexedFaceSet solid="false" coordIndex='0 1 2 3 -1'>
					<Coordinate point='-0.000000 1.273307 3.141593 -0.090837 1.270063 2.998793 -0.126714 1.771686 2.998793 -0.000000 1.776212 3.141593'/>
				</IndexedFaceSet>
			</Shape>
			<Shape DEF='_IDX_1547'>
				<Appearance USE='Material_643_IDX_643'/>
				<IndexedFaceSet solid="false" coordIndex='0 1 2 3 -1'>
					<Coordinate point='0.000000 0.821505 3.141593 -0.058605 0.819412 2.998793 -0.090837 1.270063 2.998793 -0.000000 1.273307 3.141593'/>
				</IndexedFaceSet>
			</Shape>
			<Shape DEF='_IDX_1548'>
				<Appearance USE='Material_644_IDX_644'/>
				<IndexedFaceSet solid="false" coordIndex='0 1 2 3 -1'>
					<Coordinate point='-0.000000 0.402672 3.141593 -0.028726 0.401646 2.998793 -0.058605 0.819412 2.998793 0.000000 0.821505 3.141593'/>
				</IndexedFaceSet>
			</Shape>
			<Shape DEF='_IDX_1549'>
				<Appearance USE='Material_645_IDX_645'/>
				<IndexedFaceSet solid="false" coordIndex='0 1 2 3 -1'>
					<Coordinate point='-0.000000 0.000000 3.141593 -0.000000 0.000000 2.998793 -0.028726 0.401646 2.998793 -0.000000 0.402672 3.141593'/>
				</IndexedFaceSet>
			</Shape>
			<Shape DEF='_IDX_1550'>
				<Appearance USE='Material_646_IDX_646'/>
				<IndexedFaceSet solid="false" coordIndex='0 1 2 3 -1'>
					<Coordinate point='-0.419785 5.869356 2.998793 -0.837430 5.824454 2.855993 -1.032312 7.179888 2.855993 -0.517475 7.235239 2.998793'/>
				</IndexedFaceSet>
			</Shape>
			<Shape DEF='_IDX_1551'>
				<Appearance USE='Material_647_IDX_647'/>
				<IndexedFaceSet solid="false" coordIndex='0 1 2 3 -1'>
					<Coordinate point='-0.338942 4.739030 2.998793 -0.676157 4.702776 2.855993 -0.837430 5.824454 2.855993 -0.419785 5.869356 2.998793'/>
				</IndexedFaceSet>
			</Shape>
			<Shape DEF='_IDX_1552'>
				<Appearance USE='Material_648_IDX_648'/>
				<IndexedFaceSet solid="false" coordIndex='0 1 2 3 -1'>
					<Coordinate point='-0.271703 3.798899 2.998793 -0.542021 3.769837 2.855993 -0.676157 4.702776 2.855993 -0.338942 4.739030 2.998793'/>
				</IndexedFaceSet>
			</Shape>
			<Shape DEF='_IDX_1553'>
				<Appearance USE='Material_649_IDX_649'/>
				<IndexedFaceSet solid="false" coordIndex='0 1 2 3 -1'>
					<Coordinate point='-0.215367 3.011231 2.998793 -0.429637 2.988194 2.855993 -0.542021 3.769837 2.855993 -0.271703 3.798899 2.998793'/>
				</IndexedFaceSet>
			</Shape>
			<Shape DEF='_IDX_1554'>
				<Appearance USE='Material_650_IDX_650'/>
				<IndexedFaceSet solid="false" coordIndex='0 1 2 3 -1'>
					<Coordinate point='-0.167676 2.344414 2.998793 -0.334497 2.326479 2.855993 -0.429637 2.988194 2.855993 -0.215367 3.011231 2.998793'/>
				</IndexedFaceSet>
			</Shape>
			<Shape DEF='_IDX_1555'>
				<Appearance USE='Material_651_IDX_651'/>
				<IndexedFaceSet solid="false" coordIndex='0 1 2 3 -1'>
					<Coordinate point='-0.126714 1.771686 2.998793 -0.252781 1.758133 2.855993 -0.334497 2.326479 2.855993 -0.167676 2.344414 2.998793'/>
				</IndexedFaceSet>
			</Shape>
			<Shape DEF='_IDX_1556'>
				<Appearance USE='Material_652_IDX_652'/>
				<IndexedFaceSet solid="false" coordIndex='0 1 2 3 -1'>
					<Coordinate point='-0.090837 1.270063 2.998793 -0.181211 1.260347 2.855993 -0.252781 1.758133 2.855993 -0.126714 1.771686 2.998793'/>
				</IndexedFaceSet>
			</Shape>
			<Shape DEF='_IDX_1557'>
				<Appearance USE='Material_653_IDX_653'/>
				<IndexedFaceSet solid="false" coordIndex='0 1 2 3 -1'>
					<Coordinate point='-0.058605 0.819412 2.998793 -0.116912 0.813143 2.855993 -0.181211 1.260347 2.855993 -0.090837 1.270063 2.998793'/>
				</IndexedFaceSet>
			</Shape>
			<Shape DEF='_IDX_1558'>
				<Appearance USE='Material_654_IDX_654'/>
				<IndexedFaceSet solid="false" coordIndex='0 1 2 3 -1'>
					<Coordinate point='-0.028726 0.401646 2.998793 -0.057306 0.398573 2.855993 -0.116912 0.813143 2.855993 -0.058605 0.819412 2.998793'/>
				</IndexedFaceSet>
			</Shape>
			<Shape DEF='_IDX_1559'>
				<Appearance USE='Material_655_IDX_655'/>
				<IndexedFaceSet solid="false" coordIndex='0 1 2 3 -1'>
					<Coordinate point='-0.000000 0.000000 2.998793 0.000000 0.000000 2.855993 -0.057306 0.398573 2.855993 -0.028726 0.401646 2.998793'/>
				</IndexedFaceSet>
			</Shape>
			<Shape DEF='_IDX_1560'>
				<Appearance USE='Material_656_IDX_656'/>
				<IndexedFaceSet solid="false" coordIndex='0 1 2 3 -1'>
					<Coordinate point='-0.837430 5.824454 2.855993 -1.250808 5.749873 2.713194 -1.541889 7.087951 2.713194 -1.032312 7.179888 2.855993'/>
				</IndexedFaceSet>
			</Shape>
			<Shape DEF='_IDX_1561'>
				<Appearance USE='Material_657_IDX_657'/>
				<IndexedFaceSet solid="false" coordIndex='0 1 2 3 -1'>
					<Coordinate point='-0.676157 4.702776 2.855993 -1.009927 4.642558 2.713194 -1.250808 5.749873 2.713194 -0.837430 5.824454 2.855993'/>
				</IndexedFaceSet>
			</Shape>
			<Shape DEF='_IDX_1562'>
				<Appearance USE='Material_658_IDX_658'/>
				<IndexedFaceSet solid="false" coordIndex='0 1 2 3 -1'>
					<Coordinate point='-0.542021 3.769837 2.855993 -0.809577 3.721565 2.713194 -1.009927 4.642558 2.713194 -0.676157 4.702776 2.855993'/>
				</IndexedFaceSet>
			</Shape>
			<Shape DEF='_IDX_1563'>
				<Appearance USE='Material_659_IDX_659'/>
				<IndexedFaceSet solid="false" coordIndex='0 1 2 3 -1'>
					<Coordinate point='-0.429637 2.988194 2.855993 -0.641718 2.949931 2.713194 -0.809577 3.721565 2.713194 -0.542021 3.769837 2.855993'/>
				</IndexedFaceSet>
			</Shape>
			<Shape DEF='_IDX_1564'>
				<Appearance USE='Material_660_IDX_660'/>
				<IndexedFaceSet solid="false" coordIndex='0 1 2 3 -1'>
					<Coordinate point='-0.334497 2.326479 2.855993 -0.499614 2.296688 2.713194 -0.641718 2.949931 2.713194 -0.429637 2.988194 2.855993'/>
				</IndexedFaceSet>
			</Shape>
			<Shape DEF='_IDX_1565'>
				<Appearance USE='Material_661_IDX_661'/>
				<IndexedFaceSet solid="false" coordIndex='0 1 2 3 -1'>
					<Coordinate point='-0.252781 1.758133 2.855993 -0.377561 1.735620 2.713194 -0.499614 2.296688 2.713194 -0.334497 2.326479 2.855993'/>
				</IndexedFaceSet>
			</Shape>
			<Shape DEF='_IDX_1566'>
				<Appearance USE='Material_662_IDX_662'/>
				<IndexedFaceSet solid="false" coordIndex='0 1 2 3 -1'>
					<Coordinate point='-0.181211 1.260347 2.855993 -0.270661 1.244208 2.713194 -0.377561 1.735620 2.713194 -0.252781 1.758133 2.855993'/>
				</IndexedFaceSet>
			</Shape>
			<Shape DEF='_IDX_1567'>
				<Appearance USE='Material_663_IDX_663'/>
				<IndexedFaceSet solid="false" coordIndex='0 1 2 3 -1'>
					<Coordinate point='-0.116912 0.813143 2.855993 -0.174623 0.802731 2.713194 -0.270661 1.244208 2.713194 -0.181211 1.260347 2.855993'/>
				</IndexedFaceSet>
			</Shape>
			<Shape DEF='_IDX_1568'>
				<Appearance USE='Material_664_IDX_664'/>
				<IndexedFaceSet solid="false" coordIndex='0 1 2 3 -1'>
					<Coordinate point='-0.057306 0.398573 2.855993 -0.085594 0.393470 2.713194 -0.174623 0.802731 2.713194 -0.116912 0.813143 2.855993'/>
				</IndexedFaceSet>
			</Shape>
			<Shape DEF='_IDX_1569'>
				<Appearance USE='Material_665_IDX_665'/>
				<IndexedFaceSet solid="false" coordIndex='0 1 2 3 -1'>
					<Coordinate point='0.000000 0.000000 2.855993 -0.000000 -0.000000 2.713194 -0.085594 0.393470 2.713194 -0.057306 0.398573 2.855993'/>
				</IndexedFaceSet>
			</Shape>
			<Shape DEF='_IDX_1570'>
				<Appearance USE='Material_666_IDX_666'/>
				<IndexedFaceSet solid="false" coordIndex='0 1 2 3 -1'>
					<Coordinate point='-1.250808 5.749873 2.713194 -1.657813 5.645991 2.570394 -2.043609 6.959894 2.570394 -1.541889 7.087951 2.713194'/>
				</IndexedFaceSet>
			</Shape>
			<Shape DEF='_IDX_1571'>
				<Appearance USE='Material_667_IDX_667'/>
				<IndexedFaceSet solid="false" coordIndex='0 1 2 3 -1'>
					<Coordinate point='-1.009927 4.642558 2.713194 -1.338550 4.558681 2.570394 -1.657813 5.645991 2.570394 -1.250808 5.749873 2.713194'/>
				</IndexedFaceSet>
			</Shape>
			<Shape DEF='_IDX_1572'>
				<Appearance USE='Material_668_IDX_668'/>
				<IndexedFaceSet solid="false" coordIndex='0 1 2 3 -1'>
					<Coordinate point='-0.809577 3.721565 2.713194 -1.073007 3.654328 2.570394 -1.338550 4.558681 2.570394 -1.009927 4.642558 2.713194'/>
				</IndexedFaceSet>
			</Shape>
			<Shape DEF='_IDX_1573'>
				<Appearance USE='Material_669_IDX_669'/>
				<IndexedFaceSet solid="false" coordIndex='0 1 2 3 -1'>
					<Coordinate point='-0.641718 2.949931 2.713194 -0.850529 2.896635 2.570394 -1.073007 3.654328 2.570394 -0.809577 3.721565 2.713194'/>
				</IndexedFaceSet>
			</Shape>
			<Shape DEF='_IDX_1574'>
				<Appearance USE='Material_670_IDX_670'/>
				<IndexedFaceSet solid="false" coordIndex='0 1 2 3 -1'>
					<Coordinate point='-0.499614 2.296688 2.713194 -0.662185 2.255195 2.570394 -0.850529 2.896635 2.570394 -0.641718 2.949931 2.713194'/>
				</IndexedFaceSet>
			</Shape>
			<Shape DEF='_IDX_1575'>
				<Appearance USE='Material_671_IDX_671'/>
				<IndexedFaceSet solid="false" coordIndex='0 1 2 3 -1'>
					<Coordinate point='-0.377561 1.735620 2.713194 -0.500417 1.704263 2.570394 -0.662185 2.255195 2.570394 -0.499614 2.296688 2.713194'/>
				</IndexedFaceSet>
			</Shape>
			<Shape DEF='_IDX_1576'>
				<Appearance USE='Material_672_IDX_672'/>
				<IndexedFaceSet solid="false" coordIndex='0 1 2 3 -1'>
					<Coordinate point='-0.270661 1.244208 2.713194 -0.358732 1.221729 2.570394 -0.500417 1.704263 2.570394 -0.377561 1.735620 2.713194'/>
				</IndexedFaceSet>
			</Shape>
			<Shape DEF='_IDX_1577'>
				<Appearance USE='Material_673_IDX_673'/>
				<IndexedFaceSet solid="false" coordIndex='0 1 2 3 -1'>
					<Coordinate point='-0.174623 0.802731 2.713194 -0.231445 0.788228 2.570394 -0.358732 1.221729 2.570394 -0.270661 1.244208 2.713194'/>
				</IndexedFaceSet>
			</Shape>
			<Shape DEF='_IDX_1578'>
				<Appearance USE='Material_674_IDX_674'/>
				<IndexedFaceSet solid="false" coordIndex='0 1 2 3 -1'>
					<Coordinate point='-0.085594 0.393470 2.713194 -0.113446 0.386361 2.570394 -0.231445 0.788228 2.570394 -0.174623 0.802731 2.713194'/>
				</IndexedFaceSet>
			</Shape>
			<Shape DEF='_IDX_1579'>
				<Appearance USE='Material_675_IDX_675'/>
				<IndexedFaceSet solid="false" coordIndex='0 1 2 3 -1'>
					<Coordinate point='-0.000000 -0.000000 2.713194 -0.000000 -0.000000 2.570394 -0.113446 0.386361 2.570394 -0.085594 0.393470 2.713194'/>
				</IndexedFaceSet>
			</Shape>
			<Shape DEF='_IDX_1580'>
				<Appearance USE='Material_676_IDX_676'/>
				<IndexedFaceSet solid="false" coordIndex='0 1 2 3 -1'>
					<Coordinate point='-1.657813 5.645991 2.570394 -2.056369 5.513339 2.427594 -2.534916 6.796372 2.427594 -2.043609 6.959894 2.570394'/>
				</IndexedFaceSet>
			</Shape>
			<Shape DEF='_IDX_1581'>
				<Appearance USE='Material_677_IDX_677'/>
				<IndexedFaceSet solid="false" coordIndex='0 1 2 3 -1'>
					<Coordinate point='-1.338550 4.558681 2.570394 -1.660352 4.451575 2.427594 -2.056369 5.513339 2.427594 -1.657813 5.645991 2.570394'/>
				</IndexedFaceSet>
			</Shape>
			<Shape DEF='_IDX_1582'>
				<Appearance USE='Material_678_IDX_678'/>
				<IndexedFaceSet solid="false" coordIndex='0 1 2 3 -1'>
					<Coordinate point='-1.073007 3.654328 2.570394 -1.330970 3.568470 2.427594 -1.660352 4.451575 2.427594 -1.338550 4.558681 2.570394'/>
				</IndexedFaceSet>
			</Shape>
			<Shape DEF='_IDX_1583'>
				<Appearance USE='Material_679_IDX_679'/>
				<IndexedFaceSet solid="false" coordIndex='0 1 2 3 -1'>
					<Coordinate point='-0.850529 2.896635 2.570394 -1.055005 2.828579 2.427594 -1.330970 3.568470 2.427594 -1.073007 3.654328 2.570394'/>
				</IndexedFaceSet>
			</Shape>
			<Shape DEF='_IDX_1584'>
				<Appearance USE='Material_680_IDX_680'/>
				<IndexedFaceSet solid="false" coordIndex='0 1 2 3 -1'>
					<Coordinate point='-0.662185 2.255195 2.570394 -0.821381 2.202209 2.427594 -1.055005 2.828579 2.427594 -0.850529 2.896635 2.570394'/>
				</IndexedFaceSet>
			</Shape>
			<Shape DEF='_IDX_1585'>
				<Appearance USE='Material_681_IDX_681'/>
				<IndexedFaceSet solid="false" coordIndex='0 1 2 3 -1'>
					<Coordinate point='-0.500417 1.704263 2.570394 -0.620722 1.664221 2.427594 -0.821381 2.202209 2.427594 -0.662185 2.255195 2.570394'/>
				</IndexedFaceSet>
			</Shape>
			<Shape DEF='_IDX_1586'>
				<Appearance USE='Material_682_IDX_682'/>
				<IndexedFaceSet solid="false" coordIndex='0 1 2 3 -1'>
					<Coordinate point='-0.358732 1.221729 2.570394 -0.444975 1.193025 2.427594 -0.620722 1.664221 2.427594 -0.500417 1.704263 2.570394'/>
				</IndexedFaceSet>
			</Shape>
			<Shape DEF='_IDX_1587'>
				<Appearance USE='Material_683_IDX_683'/>
				<IndexedFaceSet solid="false" coordIndex='0 1 2 3 -1'>
					<Coordinate point='-0.231445 0.788228 2.570394 -0.287086 0.769709 2.427594 -0.444975 1.193025 2.427594 -0.358732 1.221729 2.570394'/>
				</IndexedFaceSet>
			</Shape>
			<Shape DEF='_IDX_1588'>
				<Appearance USE='Material_684_IDX_684'/>
				<IndexedFaceSet solid="false" coordIndex='0 1 2 3 -1'>
					<Coordinate point='-0.113446 0.386361 2.570394 -0.140719 0.377283 2.427594 -0.287086 0.769709 2.427594 -0.231445 0.788228 2.570394'/>
				</IndexedFaceSet>
			</Shape>
			<Shape DEF='_IDX_1589'>
				<Appearance USE='Material_685_IDX_685'/>
				<IndexedFaceSet solid="false" coordIndex='0 1 2 3 -1'>
					<Coordinate point='-0.000000 -0.000000 2.570394 -0.000000 -0.000000 2.427594 -0.140719 0.377283 2.427594 -0.113446 0.386361 2.570394'/>
				</IndexedFaceSet>
			</Shape>
			<Shape DEF='_IDX_1590'>
				<Appearance USE='Material_686_IDX_686'/>
				<IndexedFaceSet solid="false" coordIndex='0 1 2 3 -1'>
					<Coordinate point='-2.056369 5.513339 2.427594 -2.444447 5.352592 2.284795 -3.013304 6.598217 2.284795 -2.534916 6.796372 2.427594'/>
				</IndexedFaceSet>
			</Shape>
			<Shape DEF='_IDX_1591'>
				<Appearance USE='Material_687_IDX_687'/>
				<IndexedFaceSet solid="false" coordIndex='0 1 2 3 -1'>
					<Coordinate point='-1.660352 4.451575 2.427594 -1.973693 4.321785 2.284795 -2.444447 5.352592 2.284795 -2.056369 5.513339 2.427594'/>
				</IndexedFaceSet>
			</Shape>
			<Shape DEF='_IDX_1592'>
				<Appearance USE='Material_688_IDX_688'/>
				<IndexedFaceSet solid="false" coordIndex='0 1 2 3 -1'>
					<Coordinate point='-1.330970 3.568470 2.427594 -1.582151 3.464427 2.284795 -1.973693 4.321785 2.284795 -1.660352 4.451575 2.427594'/>
				</IndexedFaceSet>
			</Shape>
			<Shape DEF='_IDX_1593'>
				<Appearance USE='Material_689_IDX_689'/>
				<IndexedFaceSet solid="false" coordIndex='0 1 2 3 -1'>
					<Coordinate point='-1.055005 2.828579 2.427594 -1.254106 2.746109 2.284795 -1.582151 3.464427 2.284795 -1.330970 3.568470 2.427594'/>
				</IndexedFaceSet>
			</Shape>
			<Shape DEF='_IDX_1594'>
				<Appearance USE='Material_690_IDX_690'/>
				<IndexedFaceSet solid="false" coordIndex='0 1 2 3 -1'>
					<Coordinate point='-0.821381 2.202209 2.427594 -0.976392 2.138001 2.284795 -1.254106 2.746109 2.284795 -1.055005 2.828579 2.427594'/>
				</IndexedFaceSet>
			</Shape>
			<Shape DEF='_IDX_1595'>
				<Appearance USE='Material_691_IDX_691'/>
				<IndexedFaceSet solid="false" coordIndex='0 1 2 3 -1'>
					<Coordinate point='-0.620722 1.664221 2.427594 -0.737865 1.615699 2.284795 -0.976392 2.138001 2.284795 -0.821381 2.202209 2.427594'/>
				</IndexedFaceSet>
			</Shape>
			<Shape DEF='_IDX_1596'>
				<Appearance USE='Material_692_IDX_692'/>
				<IndexedFaceSet solid="false" coordIndex='0 1 2 3 -1'>
					<Coordinate point='-0.444975 1.193025 2.427594 -0.528951 1.158241 2.284795 -0.737865 1.615699 2.284795 -0.620722 1.664221 2.427594'/>
				</IndexedFaceSet>
			</Shape>
			<Shape DEF='_IDX_1597'>
				<Appearance USE='Material_693_IDX_693'/>
				<IndexedFaceSet solid="false" coordIndex='0 1 2 3 -1'>
					<Coordinate point='-0.287086 0.769709 2.427594 -0.341265 0.747267 2.284795 -0.528951 1.158241 2.284795 -0.444975 1.193025 2.427594'/>
				</IndexedFaceSet>
			</Shape>
			<Shape DEF='_IDX_1598'>
				<Appearance USE='Material_694_IDX_694'/>
				<IndexedFaceSet solid="false" coordIndex='0 1 2 3 -1'>
					<Coordinate point='-0.140719 0.377283 2.427594 -0.167276 0.366283 2.284795 -0.341265 0.747267 2.284795 -0.287086 0.769709 2.427594'/>
				</IndexedFaceSet>
			</Shape>
			<Shape DEF='_IDX_1599'>
				<Appearance USE='Material_695_IDX_695'/>
				<IndexedFaceSet solid="false" coordIndex='0 1 2 3 -1'>
					<Coordinate point='-0.000000 -0.000000 2.427594 -0.000000 -0.000000 2.284795 -0.167276 0.366283 2.284795 -0.140719 0.377283 2.427594'/>
				</IndexedFaceSet>
			</Shape>
			<Shape DEF='_IDX_1600'>
				<Appearance USE='Material_696_IDX_696'/>
				<IndexedFaceSet solid="false" coordIndex='0 1 2 3 -1'>
					<Coordinate point='-2.444447 5.352592 2.284795 -2.820068 5.164569 2.141995 -3.476338 6.366438 2.141995 -3.013304 6.598217 2.284795'/>
				</IndexedFaceSet>
			</Shape>
			<Shape DEF='_IDX_1601'>
				<Appearance USE='Material_697_IDX_697'/>
				<IndexedFaceSet solid="false" coordIndex='0 1 2 3 -1'>
					<Coordinate point='-1.973693 4.321785 2.284795 -2.276977 4.169972 2.141995 -2.820068 5.164569 2.141995 -2.444447 5.352592 2.284795'/>
				</IndexedFaceSet>
			</Shape>
			<Shape DEF='_IDX_1602'>
				<Appearance USE='Material_698_IDX_698'/>
				<IndexedFaceSet solid="false" coordIndex='0 1 2 3 -1'>
					<Coordinate point='-1.582151 3.464427 2.284795 -1.825269 3.342731 2.141995 -2.276977 4.169972 2.141995 -1.973693 4.321785 2.284795'/>
				</IndexedFaceSet>
			</Shape>
			<Shape DEF='_IDX_1603'>
				<Appearance USE='Material_699_IDX_699'/>
				<IndexedFaceSet solid="false" coordIndex='0 1 2 3 -1'>
					<Coordinate point='-1.254106 2.746109 2.284795 -1.446816 2.649645 2.141995 -1.825269 3.342731 2.141995 -1.582151 3.464427 2.284795'/>
				</IndexedFaceSet>
			</Shape>
			<Shape DEF='_IDX_1604'>
				<Appearance USE='Material_700_IDX_700'/>
				<IndexedFaceSet solid="false" coordIndex='0 1 2 3 -1'>
					<Coordinate point='-0.976392 2.138001 2.284795 -1.126428 2.062899 2.141995 -1.446816 2.649645 2.141995 -1.254106 2.746109 2.284795'/>
				</IndexedFaceSet>
			</Shape>
			<Shape DEF='_IDX_1605'>
				<Appearance USE='Material_701_IDX_701'/>
				<IndexedFaceSet solid="false" coordIndex='0 1 2 3 -1'>
					<Coordinate point='-0.737865 1.615699 2.284795 -0.851248 1.558944 2.141995 -1.126428 2.062899 2.141995 -0.976392 2.138001 2.284795'/>
				</IndexedFaceSet>
			</Shape>
			<Shape DEF='_IDX_1606'>
				<Appearance USE='Material_702_IDX_702'/>
				<IndexedFaceSet solid="false" coordIndex='0 1 2 3 -1'>
					<Coordinate point='-0.528951 1.158241 2.284795 -0.610231 1.117555 2.141995 -0.851248 1.558944 2.141995 -0.737865 1.615699 2.284795'/>
				</IndexedFaceSet>
			</Shape>
			<Shape DEF='_IDX_1607'>
				<Appearance USE='Material_703_IDX_703'/>
				<IndexedFaceSet solid="false" coordIndex='0 1 2 3 -1'>
					<Coordinate point='-0.341265 0.747267 2.284795 -0.393705 0.721017 2.141995 -0.610231 1.117555 2.141995 -0.528951 1.158241 2.284795'/>
				</IndexedFaceSet>
			</Shape>
			<Shape DEF='_IDX_1608'>
				<Appearance USE='Material_703_IDX_703'/>
				<IndexedFaceSet solid="false" coordIndex='0 1 2 3 -1'>
					<Coordinate point='-0.167276 0.366283 2.284795 -0.192980 0.353417 2.141995 -0.393705 0.721017 2.141995 -0.341265 0.747267 2.284795'/>
				</IndexedFaceSet>
			</Shape>
			<Shape DEF='_IDX_1609'>
				<Appearance USE='Material_703_IDX_703'/>
				<IndexedFaceSet solid="false" coordIndex='0 1 2 3 -1'>
					<Coordinate point='-0.000000 -0.000000 2.284795 -0.000000 -0.000000 2.141995 -0.192980 0.353417 2.141995 -0.167276 0.366283 2.284795'/>
				</IndexedFaceSet>
			</Shape>
			<Shape DEF='_IDX_1610'>
				<Appearance USE='Material_704_IDX_704'/>
				<IndexedFaceSet solid="false" coordIndex='0 1 2 3 -1'>
					<Coordinate point='-2.820068 5.164569 2.141995 -3.181319 4.950229 1.999195 -3.921658 6.102218 1.999195 -3.476338 6.366438 2.141995'/>
				</IndexedFaceSet>
			</Shape>
			<Shape DEF='_IDX_1611'>
				<Appearance USE='Material_705_IDX_705'/>
				<IndexedFaceSet solid="false" coordIndex='0 1 2 3 -1'>
					<Coordinate point='-2.276977 4.169972 2.141995 -2.568658 3.996910 1.999195 -3.181319 4.950229 1.999195 -2.820068 5.164569 2.141995'/>
				</IndexedFaceSet>
			</Shape>
			<Shape DEF='_IDX_1612'>
				<Appearance USE='Material_706_IDX_706'/>
				<IndexedFaceSet solid="false" coordIndex='0 1 2 3 -1'>
					<Coordinate point='-1.825269 3.342731 2.141995 -2.059086 3.204001 1.999195 -2.568658 3.996910 1.999195 -2.276977 4.169972 2.141995'/>
				</IndexedFaceSet>
			</Shape>
			<Shape DEF='_IDX_1613'>
				<Appearance USE='Material_707_IDX_707'/>
				<IndexedFaceSet solid="false" coordIndex='0 1 2 3 -1'>
					<Coordinate point='-1.446816 2.649645 2.141995 -1.632153 2.539679 1.999195 -2.059086 3.204001 1.999195 -1.825269 3.342731 2.141995'/>
				</IndexedFaceSet>
			</Shape>
			<Shape DEF='_IDX_1614'>
				<Appearance USE='Material_708_IDX_708'/>
				<IndexedFaceSet solid="false" coordIndex='0 1 2 3 -1'>
					<Coordinate point='-1.126428 2.062899 2.141995 -1.270723 1.977284 1.999195 -1.632153 2.539679 1.999195 -1.446816 2.649645 2.141995'/>
				</IndexedFaceSet>
			</Shape>
			<Shape DEF='_IDX_1615'>
				<Appearance USE='Material_709_IDX_709'/>
				<IndexedFaceSet solid="false" coordIndex='0 1 2 3 -1'>
					<Coordinate point='-0.851248 1.558944 2.141995 -0.960293 1.494245 1.999195 -1.270723 1.977284 1.999195 -1.126428 2.062899 2.141995'/>
				</IndexedFaceSet>
			</Shape>
			<Shape DEF='_IDX_1616'>
				<Appearance USE='Material_710_IDX_710'/>
				<IndexedFaceSet solid="false" coordIndex='0 1 2 3 -1'>
					<Coordinate point='-0.610231 1.117555 2.141995 -0.688402 1.071174 1.999195 -0.960293 1.494245 1.999195 -0.851248 1.558944 2.141995'/>
				</IndexedFaceSet>
			</Shape>
			<Shape DEF='_IDX_1617'>
				<Appearance USE='Material_707_IDX_707'/>
				<IndexedFaceSet solid="false" coordIndex='0 1 2 3 -1'>
					<Coordinate point='-0.393705 0.721017 2.141995 -0.444139 0.691094 1.999195 -0.688402 1.071174 1.999195 -0.610231 1.117555 2.141995'/>
				</IndexedFaceSet>
			</Shape>
			<Shape DEF='_IDX_1618'>
				<Appearance USE='Material_711_IDX_711'/>
				<IndexedFaceSet solid="false" coordIndex='0 1 2 3 -1'>
					<Coordinate point='-0.192980 0.353417 2.141995 -0.217701 0.338749 1.999195 -0.444139 0.691094 1.999195 -0.393705 0.721017 2.141995'/>
				</IndexedFaceSet>
			</Shape>
			<Shape DEF='_IDX_1619'>
				<Appearance USE='Material_711_IDX_711'/>
				<IndexedFaceSet solid="false" coordIndex='0 1 2 3 -1'>
					<Coordinate point='-0.000000 -0.000000 2.141995 0.000000 -0.000000 1.999195 -0.217701 0.338749 1.999195 -0.192980 0.353417 2.141995'/>
				</IndexedFaceSet>
			</Shape>
			<Shape DEF='_IDX_1620'>
				<Appearance USE='Material_712_IDX_712'/>
				<IndexedFaceSet solid="false" coordIndex='0 1 2 3 -1'>
					<Coordinate point='-3.181319 4.950229 1.999195 -3.526359 4.710664 1.856396 -4.346993 5.806903 1.856396 -3.921658 6.102218 1.999195'/>
				</IndexedFaceSet>
			</Shape>
			<Shape DEF='_IDX_1621'>
				<Appearance USE='Material_713_IDX_713'/>
				<IndexedFaceSet solid="false" coordIndex='0 1 2 3 -1'>
					<Coordinate point='-2.568658 3.996910 1.999195 -2.847250 3.803480 1.856396 -3.526359 4.710664 1.856396 -3.181319 4.950229 1.999195'/>
				</IndexedFaceSet>
			</Shape>
			<Shape DEF='_IDX_1622'>
				<Appearance USE='Material_714_IDX_714'/>
				<IndexedFaceSet solid="false" coordIndex='0 1 2 3 -1'>
					<Coordinate point='-2.059086 3.204001 1.999195 -2.282411 3.048944 1.856396 -2.847250 3.803480 1.856396 -2.568658 3.996910 1.999195'/>
				</IndexedFaceSet>
			</Shape>
			<Shape DEF='_IDX_1623'>
				<Appearance USE='Material_715_IDX_715'/>
				<IndexedFaceSet solid="false" coordIndex='0 1 2 3 -1'>
					<Coordinate point='-1.632153 2.539679 1.999195 -1.809173 2.416772 1.856396 -2.282411 3.048944 1.856396 -2.059086 3.204001 1.999195'/>
				</IndexedFaceSet>
			</Shape>
			<Shape DEF='_IDX_1624'>
				<Appearance USE='Material_716_IDX_716'/>
				<IndexedFaceSet solid="false" coordIndex='0 1 2 3 -1'>
					<Coordinate point='-1.270723 1.977284 1.999195 -1.408544 1.881594 1.856396 -1.809173 2.416772 1.856396 -1.632153 2.539679 1.999195'/>
				</IndexedFaceSet>
			</Shape>
			<Shape DEF='_IDX_1625'>
				<Appearance USE='Material_717_IDX_717'/>
				<IndexedFaceSet solid="false" coordIndex='0 1 2 3 -1'>
					<Coordinate point='-0.960293 1.494245 1.999195 -1.064444 1.421931 1.856396 -1.408544 1.881594 1.856396 -1.270723 1.977284 1.999195'/>
				</IndexedFaceSet>
			</Shape>
			<Shape DEF='_IDX_1626'>
				<Appearance USE='Material_718_IDX_718'/>
				<IndexedFaceSet solid="false" coordIndex='0 1 2 3 -1'>
					<Coordinate point='-0.688402 1.071174 1.999195 -0.763065 1.019335 1.856396 -1.064444 1.421931 1.856396 -0.960293 1.494245 1.999195'/>
				</IndexedFaceSet>
			</Shape>
			<Shape DEF='_IDX_1627'>
				<Appearance USE='Material_719_IDX_719'/>
				<IndexedFaceSet solid="false" coordIndex='0 1 2 3 -1'>
					<Coordinate point='-0.444139 0.691094 1.999195 -0.492309 0.657648 1.856396 -0.763065 1.019335 1.856396 -0.688402 1.071174 1.999195'/>
				</IndexedFaceSet>
			</Shape>
			<Shape DEF='_IDX_1628'>
				<Appearance USE='Material_719_IDX_719'/>
				<IndexedFaceSet solid="false" coordIndex='0 1 2 3 -1'>
					<Coordinate point='-0.217701 0.338749 1.999195 -0.241312 0.322356 1.856396 -0.492309 0.657648 1.856396 -0.444139 0.691094 1.999195'/>
				</IndexedFaceSet>
			</Shape>
			<Shape DEF='_IDX_1629'>
				<Appearance USE='Material_720_IDX_720'/>
				<IndexedFaceSet solid="false" coordIndex='0 1 2 3 -1'>
					<Coordinate point='0.000000 -0.000000 1.999195 -0.000000 -0.000000 1.856396 -0.241312 0.322356 1.856396 -0.217701 0.338749 1.999195'/>
				</IndexedFaceSet>
			</Shape>
			<Shape DEF='_IDX_1630'>
				<Appearance USE='Material_721_IDX_721'/>
				<IndexedFaceSet solid="false" coordIndex='0 1 2 3 -1'>
					<Coordinate point='-3.526359 4.710664 1.856396 -3.853429 4.447094 1.713596 -4.750177 5.481997 1.713596 -4.346993 5.806903 1.856396'/>
				</IndexedFaceSet>
			</Shape>
			<Shape DEF='_IDX_1631'>
				<Appearance USE='Material_722_IDX_722'/>
				<IndexedFaceSet solid="false" coordIndex='0 1 2 3 -1'>
					<Coordinate point='-2.847250 3.803480 1.856396 -3.111332 3.590669 1.713596 -3.853429 4.447094 1.713596 -3.526359 4.710664 1.856396'/>
				</IndexedFaceSet>
			</Shape>
			<Shape DEF='_IDX_1632'>
				<Appearance USE='Material_723_IDX_723'/>
				<IndexedFaceSet solid="false" coordIndex='0 1 2 3 -1'>
					<Coordinate point='-2.282411 3.048944 1.856396 -2.494105 2.878350 1.713596 -3.111332 3.590669 1.713596 -2.847250 3.803480 1.856396'/>
				</IndexedFaceSet>
			</Shape>
			<Shape DEF='_IDX_1633'>
				<Appearance USE='Material_724_IDX_724'/>
				<IndexedFaceSet solid="false" coordIndex='0 1 2 3 -1'>
					<Coordinate point='-1.809173 2.416772 1.856396 -1.976974 2.281549 1.713596 -2.494105 2.878350 1.713596 -2.282411 3.048944 1.856396'/>
				</IndexedFaceSet>
			</Shape>
			<Shape DEF='_IDX_1634'>
				<Appearance USE='Material_725_IDX_725'/>
				<IndexedFaceSet solid="false" coordIndex='0 1 2 3 -1'>
					<Coordinate point='-1.408544 1.881594 1.856396 -1.539186 1.776316 1.713596 -1.976974 2.281549 1.713596 -1.809173 2.416772 1.856396'/>
				</IndexedFaceSet>
			</Shape>
			<Shape DEF='_IDX_1635'>
				<Appearance USE='Material_726_IDX_726'/>
				<IndexedFaceSet solid="false" coordIndex='0 1 2 3 -1'>
					<Coordinate point='-1.064444 1.421931 1.856396 -1.163172 1.342371 1.713596 -1.539186 1.776316 1.713596 -1.408544 1.881594 1.856396'/>
				</IndexedFaceSet>
			</Shape>
			<Shape DEF='_IDX_1636'>
				<Appearance USE='Material_727_IDX_727'/>
				<IndexedFaceSet solid="false" coordIndex='0 1 2 3 -1'>
					<Coordinate point='-0.763065 1.019335 1.856396 -0.833839 0.962301 1.713596 -1.163172 1.342371 1.713596 -1.064444 1.421931 1.856396'/>
				</IndexedFaceSet>
			</Shape>
			<Shape DEF='_IDX_1637'>
				<Appearance USE='Material_728_IDX_728'/>
				<IndexedFaceSet solid="false" coordIndex='0 1 2 3 -1'>
					<Coordinate point='-0.492309 0.657648 1.856396 -0.537971 0.620852 1.713596 -0.833839 0.962301 1.713596 -0.763065 1.019335 1.856396'/>
				</IndexedFaceSet>
			</Shape>
			<Shape DEF='_IDX_1638'>
				<Appearance USE='Material_729_IDX_729'/>
				<IndexedFaceSet solid="false" coordIndex='0 1 2 3 -1'>
					<Coordinate point='-0.241312 0.322356 1.856396 -0.263694 0.304319 1.713596 -0.537971 0.620852 1.713596 -0.492309 0.657648 1.856396'/>
				</IndexedFaceSet>
			</Shape>
			<Shape DEF='_IDX_1639'>
				<Appearance USE='Material_730_IDX_730'/>
				<IndexedFaceSet solid="false" coordIndex='0 1 2 3 -1'>
					<Coordinate point='-0.000000 -0.000000 1.856396 -0.000000 -0.000000 1.713596 -0.263694 0.304319 1.713596 -0.241312 0.322356 1.856396'/>
				</IndexedFaceSet>
			</Shape>
			<Shape DEF='_IDX_1640'>
				<Appearance USE='Material_731_IDX_731'/>
				<IndexedFaceSet solid="false" coordIndex='0 1 2 3 -1'>
					<Coordinate point='-3.853429 4.447094 1.713596 -4.160863 4.160863 1.570796 -5.129155 5.129155 1.570796 -4.750177 5.481997 1.713596'/>
				</IndexedFaceSet>
			</Shape>
			<Shape DEF='_IDX_1641'>
				<Appearance USE='Material_732_IDX_732'/>
				<IndexedFaceSet solid="false" coordIndex='0 1 2 3 -1'>
					<Coordinate point='-3.111332 3.590669 1.713596 -3.359560 3.359560 1.570796 -4.160863 4.160863 1.570796 -3.853429 4.447094 1.713596'/>
				</IndexedFaceSet>
			</Shape>
			<Shape DEF='_IDX_1642'>
				<Appearance USE='Material_733_IDX_733'/>
				<IndexedFaceSet solid="false" coordIndex='0 1 2 3 -1'>
					<Coordinate point='-2.494105 2.878350 1.713596 -2.693089 2.693089 1.570796 -3.359560 3.359560 1.570796 -3.111332 3.590669 1.713596'/>
				</IndexedFaceSet>
			</Shape>
			<Shape DEF='_IDX_1643'>
				<Appearance USE='Material_734_IDX_734'/>
				<IndexedFaceSet solid="false" coordIndex='0 1 2 3 -1'>
					<Coordinate point='-1.976974 2.281549 1.713596 -2.134701 2.134701 1.570796 -2.693089 2.693089 1.570796 -2.494105 2.878350 1.713596'/>
				</IndexedFaceSet>
			</Shape>
			<Shape DEF='_IDX_1644'>
				<Appearance USE='Material_735_IDX_735'/>
				<IndexedFaceSet solid="false" coordIndex='0 1 2 3 -1'>
					<Coordinate point='-1.539186 1.776316 1.713596 -1.661986 1.661986 1.570796 -2.134701 2.134701 1.570796 -1.976974 2.281549 1.713596'/>
				</IndexedFaceSet>
			</Shape>
			<Shape DEF='_IDX_1645'>
				<Appearance USE='Material_736_IDX_736'/>
				<IndexedFaceSet solid="false" coordIndex='0 1 2 3 -1'>
					<Coordinate point='-1.163172 1.342371 1.713596 -1.255972 1.255972 1.570796 -1.661986 1.661986 1.570796 -1.539186 1.776316 1.713596'/>
				</IndexedFaceSet>
			</Shape>
			<Shape DEF='_IDX_1646'>
				<Appearance USE='Material_737_IDX_737'/>
				<IndexedFaceSet solid="false" coordIndex='0 1 2 3 -1'>
					<Coordinate point='-0.833839 0.962301 1.713596 -0.900364 0.900364 1.570796 -1.255972 1.255972 1.570796 -1.163172 1.342371 1.713596'/>
				</IndexedFaceSet>
			</Shape>
			<Shape DEF='_IDX_1647'>
				<Appearance USE='Material_738_IDX_738'/>
				<IndexedFaceSet solid="false" coordIndex='0 1 2 3 -1'>
					<Coordinate point='-0.537971 0.620852 1.713596 -0.580891 0.580891 1.570796 -0.900364 0.900364 1.570796 -0.833839 0.962301 1.713596'/>
				</IndexedFaceSet>
			</Shape>
			<Shape DEF='_IDX_1648'>
				<Appearance USE='Material_739_IDX_739'/>
				<IndexedFaceSet solid="false" coordIndex='0 1 2 3 -1'>
					<Coordinate point='-0.263694 0.304319 1.713596 -0.284732 0.284732 1.570796 -0.580891 0.580891 1.570796 -0.537971 0.620852 1.713596'/>
				</IndexedFaceSet>
			</Shape>
			<Shape DEF='_IDX_1649'>
				<Appearance USE='Material_740_IDX_740'/>
				<IndexedFaceSet solid="false" coordIndex='0 1 2 3 -1'>
					<Coordinate point='-0.000000 -0.000000 1.713596 -0.000000 0.000000 1.570796 -0.284732 0.284732 1.570796 -0.263694 0.304319 1.713596'/>
				</IndexedFaceSet>
			</Shape>
			<Shape DEF='_IDX_1650'>
				<Appearance USE='Material_741_IDX_741'/>
				<IndexedFaceSet solid="false" coordIndex='0 1 2 3 -1'>
					<Coordinate point='-0.402672 0.000000 0.000000 -0.401646 0.028726 0.142800 0.000000 0.000000 0.142800 0.000000 0.000000 0.000000'/>
				</IndexedFaceSet>
			</Shape>
			<Shape DEF='_IDX_1651'>
				<Appearance USE='Material_742_IDX_742'/>
				<IndexedFaceSet solid="false" coordIndex='0 1 2 3 -1'>
					<Coordinate point='-0.821505 -0.000000 0.000000 -0.819412 0.058605 0.142800 -0.401646 0.028726 0.142800 -0.402672 0.000000 0.000000'/>
				</IndexedFaceSet>
			</Shape>
			<Shape DEF='_IDX_1652'>
				<Appearance USE='Material_743_IDX_743'/>
				<IndexedFaceSet solid="false" coordIndex='0 1 2 3 -1'>
					<Coordinate point='-1.273307 0.000000 -0.000000 -1.270063 0.090837 0.142800 -0.819412 0.058605 0.142800 -0.821505 -0.000000 0.000000'/>
				</IndexedFaceSet>
			</Shape>
			<Shape DEF='_IDX_1653'>
				<Appearance USE='Material_744_IDX_744'/>
				<IndexedFaceSet solid="false" coordIndex='0 1 2 3 -1'>
					<Coordinate point='-1.776212 0.000000 0.000000 -1.771686 0.126714 0.142800 -1.270063 0.090837 0.142800 -1.273307 0.000000 -0.000000'/>
				</IndexedFaceSet>
			</Shape>
			<Shape DEF='_IDX_1654'>
				<Appearance USE='Material_745_IDX_745'/>
				<IndexedFaceSet solid="false" coordIndex='0 1 2 3 -1'>
					<Coordinate point='-2.350402 0.000000 0.000000 -2.344414 0.167676 0.142800 -1.771686 0.126714 0.142800 -1.776212 0.000000 0.000000'/>
				</IndexedFaceSet>
			</Shape>
			<Shape DEF='_IDX_1655'>
				<Appearance USE='Material_746_IDX_746'/>
				<IndexedFaceSet solid="false" coordIndex='0 1 2 3 -1'>
					<Coordinate point='-3.018923 -0.000000 -0.000000 -3.011231 0.215367 0.142800 -2.344414 0.167676 0.142800 -2.350402 0.000000 0.000000'/>
				</IndexedFaceSet>
			</Shape>
			<Shape DEF='_IDX_1656'>
				<Appearance USE='Material_747_IDX_747'/>
				<IndexedFaceSet solid="false" coordIndex='0 1 2 3 -1'>
					<Coordinate point='-3.808603 0.000000 -0.000000 -3.798899 0.271703 0.142800 -3.011231 0.215367 0.142800 -3.018923 -0.000000 -0.000000'/>
				</IndexedFaceSet>
			</Shape>
			<Shape DEF='_IDX_1657'>
				<Appearance USE='Material_748_IDX_748'/>
				<IndexedFaceSet solid="false" coordIndex='0 1 2 3 -1'>
					<Coordinate point='-4.751136 0.000000 0.000000 -4.739030 0.338942 0.142800 -3.798899 0.271703 0.142800 -3.808603 0.000000 -0.000000'/>
				</IndexedFaceSet>
			</Shape>
			<Shape DEF='_IDX_1658'>
				<Appearance USE='Material_749_IDX_749'/>
				<IndexedFaceSet solid="false" coordIndex='0 1 2 3 -1'>
					<Coordinate point='-5.884348 -0.000000 -0.000000 -5.869356 0.419785 0.142800 -4.739030 0.338942 0.142800 -4.751136 0.000000 0.000000'/>
				</IndexedFaceSet>
			</Shape>
			<Shape DEF='_IDX_1659'>
				<Appearance USE='Material_748_IDX_748'/>
				<IndexedFaceSet solid="false" coordIndex='0 1 2 3 -1'>
					<Coordinate point='-7.253721 -0.000000 0.000000 -7.235239 0.517475 0.142800 -5.869356 0.419785 0.142800 -5.884348 -0.000000 -0.000000'/>
				</IndexedFaceSet>
			</Shape>
			<Shape DEF='_IDX_1660'>
				<Appearance USE='Material_750_IDX_750'/>
				<IndexedFaceSet solid="false" coordIndex='0 1 2 3 -1'>
					<Coordinate point='-0.401646 0.028726 0.142800 -0.398573 0.057306 0.285599 -0.000000 -0.000000 0.285599 0.000000 0.000000 0.142800'/>
				</IndexedFaceSet>
			</Shape>
			<Shape DEF='_IDX_1661'>
				<Appearance USE='Material_751_IDX_751'/>
				<IndexedFaceSet solid="false" coordIndex='0 1 2 3 -1'>
					<Coordinate point='-0.819412 0.058605 0.142800 -0.813143 0.116912 0.285599 -0.398573 0.057306 0.285599 -0.401646 0.028726 0.142800'/>
				</IndexedFaceSet>
			</Shape>
			<Shape DEF='_IDX_1662'>
				<Appearance USE='Material_752_IDX_752'/>
				<IndexedFaceSet solid="false" coordIndex='0 1 2 3 -1'>
					<Coordinate point='-1.270063 0.090837 0.142800 -1.260347 0.181211 0.285599 -0.813143 0.116912 0.285599 -0.819412 0.058605 0.142800'/>
				</IndexedFaceSet>
			</Shape>
			<Shape DEF='_IDX_1663'>
				<Appearance USE='Material_753_IDX_753'/>
				<IndexedFaceSet solid="false" coordIndex='0 1 2 3 -1'>
					<Coordinate point='-1.771686 0.126714 0.142800 -1.758133 0.252781 0.285599 -1.260347 0.181211 0.285599 -1.270063 0.090837 0.142800'/>
				</IndexedFaceSet>
			</Shape>
			<Shape DEF='_IDX_1664'>
				<Appearance USE='Material_754_IDX_754'/>
				<IndexedFaceSet solid="false" coordIndex='0 1 2 3 -1'>
					<Coordinate point='-2.344414 0.167676 0.142800 -2.326479 0.334497 0.285599 -1.758133 0.252781 0.285599 -1.771686 0.126714 0.142800'/>
				</IndexedFaceSet>
			</Shape>
			<Shape DEF='_IDX_1665'>
				<Appearance USE='Material_755_IDX_755'/>
				<IndexedFaceSet solid="false" coordIndex='0 1 2 3 -1'>
					<Coordinate point='-3.011231 0.215367 0.142800 -2.988194 0.429637 0.285599 -2.326479 0.334497 0.285599 -2.344414 0.167676 0.142800'/>
				</IndexedFaceSet>
			</Shape>
			<Shape DEF='_IDX_1666'>
				<Appearance USE='Material_756_IDX_756'/>
				<IndexedFaceSet solid="false" coordIndex='0 1 2 3 -1'>
					<Coordinate point='-3.798899 0.271703 0.142800 -3.769837 0.542021 0.285599 -2.988194 0.429637 0.285599 -3.011231 0.215367 0.142800'/>
				</IndexedFaceSet>
			</Shape>
			<Shape DEF='_IDX_1667'>
				<Appearance USE='Material_757_IDX_757'/>
				<IndexedFaceSet solid="false" coordIndex='0 1 2 3 -1'>
					<Coordinate point='-4.739030 0.338942 0.142800 -4.702776 0.676157 0.285599 -3.769837 0.542021 0.285599 -3.798899 0.271703 0.142800'/>
				</IndexedFaceSet>
			</Shape>
			<Shape DEF='_IDX_1668'>
				<Appearance USE='Material_758_IDX_758'/>
				<IndexedFaceSet solid="false" coordIndex='0 1 2 3 -1'>
					<Coordinate point='-5.869356 0.419785 0.142800 -5.824454 0.837430 0.285599 -4.702776 0.676157 0.285599 -4.739030 0.338942 0.142800'/>
				</IndexedFaceSet>
			</Shape>
			<Shape DEF='_IDX_1669'>
				<Appearance USE='Material_759_IDX_759'/>
				<IndexedFaceSet solid="false" coordIndex='0 1 2 3 -1'>
					<Coordinate point='-7.235239 0.517475 0.142800 -7.179888 1.032312 0.285599 -5.824454 0.837430 0.285599 -5.869356 0.419785 0.142800'/>
				</IndexedFaceSet>
			</Shape>
			<Shape DEF='_IDX_1670'>
				<Appearance USE='Material_760_IDX_760'/>
				<IndexedFaceSet solid="false" coordIndex='0 1 2 3 -1'>
					<Coordinate point='-0.398573 0.057306 0.285599 -0.393470 0.085594 0.428399 0.000000 0.000000 0.428399 -0.000000 -0.000000 0.285599'/>
				</IndexedFaceSet>
			</Shape>
			<Shape DEF='_IDX_1671'>
				<Appearance USE='Material_761_IDX_761'/>
				<IndexedFaceSet solid="false" coordIndex='0 1 2 3 -1'>
					<Coordinate point='-0.813143 0.116912 0.285599 -0.802731 0.174623 0.428399 -0.393470 0.085594 0.428399 -0.398573 0.057306 0.285599'/>
				</IndexedFaceSet>
			</Shape>
			<Shape DEF='_IDX_1672'>
				<Appearance USE='Material_762_IDX_762'/>
				<IndexedFaceSet solid="false" coordIndex='0 1 2 3 -1'>
					<Coordinate point='-1.260347 0.181211 0.285599 -1.244208 0.270661 0.428399 -0.802731 0.174623 0.428399 -0.813143 0.116912 0.285599'/>
				</IndexedFaceSet>
			</Shape>
			<Shape DEF='_IDX_1673'>
				<Appearance USE='Material_763_IDX_763'/>
				<IndexedFaceSet solid="false" coordIndex='0 1 2 3 -1'>
					<Coordinate point='-1.758133 0.252781 0.285599 -1.735620 0.377561 0.428399 -1.244208 0.270661 0.428399 -1.260347 0.181211 0.285599'/>
				</IndexedFaceSet>
			</Shape>
			<Shape DEF='_IDX_1674'>
				<Appearance USE='Material_764_IDX_764'/>
				<IndexedFaceSet solid="false" coordIndex='0 1 2 3 -1'>
					<Coordinate point='-2.326479 0.334497 0.285599 -2.296688 0.499614 0.428399 -1.735620 0.377561 0.428399 -1.758133 0.252781 0.285599'/>
				</IndexedFaceSet>
			</Shape>
			<Shape DEF='_IDX_1675'>
				<Appearance USE='Material_765_IDX_765'/>
				<IndexedFaceSet solid="false" coordIndex='0 1 2 3 -1'>
					<Coordinate point='-2.988194 0.429637 0.285599 -2.949931 0.641718 0.428399 -2.296688 0.499614 0.428399 -2.326479 0.334497 0.285599'/>
				</IndexedFaceSet>
			</Shape>
			<Shape DEF='_IDX_1676'>
				<Appearance USE='Material_766_IDX_766'/>
				<IndexedFaceSet solid="false" coordIndex='0 1 2 3 -1'>
					<Coordinate point='-3.769837 0.542021 0.285599 -3.721565 0.809577 0.428399 -2.949931 0.641718 0.428399 -2.988194 0.429637 0.285599'/>
				</IndexedFaceSet>
			</Shape>
			<Shape DEF='_IDX_1677'>
				<Appearance USE='Material_767_IDX_767'/>
				<IndexedFaceSet solid="false" coordIndex='0 1 2 3 -1'>
					<Coordinate point='-4.702776 0.676157 0.285599 -4.642558 1.009927 0.428399 -3.721565 0.809577 0.428399 -3.769837 0.542021 0.285599'/>
				</IndexedFaceSet>
			</Shape>
			<Shape DEF='_IDX_1678'>
				<Appearance USE='Material_768_IDX_768'/>
				<IndexedFaceSet solid="false" coordIndex='0 1 2 3 -1'>
					<Coordinate point='-5.824454 0.837430 0.285599 -5.749873 1.250808 0.428399 -4.642558 1.009927 0.428399 -4.702776 0.676157 0.285599'/>
				</IndexedFaceSet>
			</Shape>
			<Shape DEF='_IDX_1679'>
				<Appearance USE='Material_769_IDX_769'/>
				<IndexedFaceSet solid="false" coordIndex='0 1 2 3 -1'>
					<Coordinate point='-7.179888 1.032312 0.285599 -7.087951 1.541889 0.428399 -5.749873 1.250808 0.428399 -5.824454 0.837430 0.285599'/>
				</IndexedFaceSet>
			</Shape>
			<Shape DEF='_IDX_1680'>
				<Appearance USE='Material_770_IDX_770'/>
				<IndexedFaceSet solid="false" coordIndex='0 1 2 3 -1'>
					<Coordinate point='-0.393470 0.085594 0.428399 -0.386361 0.113446 0.571199 0.000000 0.000000 0.571199 0.000000 0.000000 0.428399'/>
				</IndexedFaceSet>
			</Shape>
			<Shape DEF='_IDX_1681'>
				<Appearance USE='Material_771_IDX_771'/>
				<IndexedFaceSet solid="false" coordIndex='0 1 2 3 -1'>
					<Coordinate point='-0.802731 0.174623 0.428399 -0.788228 0.231445 0.571199 -0.386361 0.113446 0.571199 -0.393470 0.085594 0.428399'/>
				</IndexedFaceSet>
			</Shape>
			<Shape DEF='_IDX_1682'>
				<Appearance USE='Material_772_IDX_772'/>
				<IndexedFaceSet solid="false" coordIndex='0 1 2 3 -1'>
					<Coordinate point='-1.244208 0.270661 0.428399 -1.221729 0.358732 0.571199 -0.788228 0.231445 0.571199 -0.802731 0.174623 0.428399'/>
				</IndexedFaceSet>
			</Shape>
			<Shape DEF='_IDX_1683'>
				<Appearance USE='Material_773_IDX_773'/>
				<IndexedFaceSet solid="false" coordIndex='0 1 2 3 -1'>
					<Coordinate point='-1.735620 0.377561 0.428399 -1.704263 0.500417 0.571199 -1.221729 0.358732 0.571199 -1.244208 0.270661 0.428399'/>
				</IndexedFaceSet>
			</Shape>
			<Shape DEF='_IDX_1684'>
				<Appearance USE='Material_774_IDX_774'/>
				<IndexedFaceSet solid="false" coordIndex='0 1 2 3 -1'>
					<Coordinate point='-2.296688 0.499614 0.428399 -2.255195 0.662185 0.571199 -1.704263 0.500417 0.571199 -1.735620 0.377561 0.428399'/>
				</IndexedFaceSet>
			</Shape>
			<Shape DEF='_IDX_1685'>
				<Appearance USE='Material_775_IDX_775'/>
				<IndexedFaceSet solid="false" coordIndex='0 1 2 3 -1'>
					<Coordinate point='-2.949931 0.641718 0.428399 -2.896635 0.850529 0.571199 -2.255195 0.662185 0.571199 -2.296688 0.499614 0.428399'/>
				</IndexedFaceSet>
			</Shape>
			<Shape DEF='_IDX_1686'>
				<Appearance USE='Material_776_IDX_776'/>
				<IndexedFaceSet solid="false" coordIndex='0 1 2 3 -1'>
					<Coordinate point='-3.721565 0.809577 0.428399 -3.654328 1.073007 0.571199 -2.896635 0.850529 0.571199 -2.949931 0.641718 0.428399'/>
				</IndexedFaceSet>
			</Shape>
			<Shape DEF='_IDX_1687'>
				<Appearance USE='Material_777_IDX_777'/>
				<IndexedFaceSet solid="false" coordIndex='0 1 2 3 -1'>
					<Coordinate point='-4.642558 1.009927 0.428399 -4.558681 1.338550 0.571199 -3.654328 1.073007 0.571199 -3.721565 0.809577 0.428399'/>
				</IndexedFaceSet>
			</Shape>
			<Shape DEF='_IDX_1688'>
				<Appearance USE='Material_778_IDX_778'/>
				<IndexedFaceSet solid="false" coordIndex='0 1 2 3 -1'>
					<Coordinate point='-5.749873 1.250808 0.428399 -5.645991 1.657813 0.571199 -4.558681 1.338550 0.571199 -4.642558 1.009927 0.428399'/>
				</IndexedFaceSet>
			</Shape>
			<Shape DEF='_IDX_1689'>
				<Appearance USE='Material_779_IDX_779'/>
				<IndexedFaceSet solid="false" coordIndex='0 1 2 3 -1'>
					<Coordinate point='-7.087951 1.541889 0.428399 -6.959894 2.043609 0.571199 -5.645991 1.657813 0.571199 -5.749873 1.250808 0.428399'/>
				</IndexedFaceSet>
			</Shape>
			<Shape DEF='_IDX_1690'>
				<Appearance USE='Material_780_IDX_780'/>
				<IndexedFaceSet solid="false" coordIndex='0 1 2 3 -1'>
					<Coordinate point='-0.386361 0.113446 0.571199 -0.377283 0.140719 0.713998 0.000000 0.000000 0.713998 0.000000 0.000000 0.571199'/>
				</IndexedFaceSet>
			</Shape>
			<Shape DEF='_IDX_1691'>
				<Appearance USE='Material_781_IDX_781'/>
				<IndexedFaceSet solid="false" coordIndex='0 1 2 3 -1'>
					<Coordinate point='-0.788228 0.231445 0.571199 -0.769709 0.287086 0.713998 -0.377283 0.140719 0.713998 -0.386361 0.113446 0.571199'/>
				</IndexedFaceSet>
			</Shape>
			<Shape DEF='_IDX_1692'>
				<Appearance USE='Material_782_IDX_782'/>
				<IndexedFaceSet solid="false" coordIndex='0 1 2 3 -1'>
					<Coordinate point='-1.221729 0.358732 0.571199 -1.193025 0.444975 0.713998 -0.769709 0.287086 0.713998 -0.788228 0.231445 0.571199'/>
				</IndexedFaceSet>
			</Shape>
			<Shape DEF='_IDX_1693'>
				<Appearance USE='Material_783_IDX_783'/>
				<IndexedFaceSet solid="false" coordIndex='0 1 2 3 -1'>
					<Coordinate point='-1.704263 0.500417 0.571199 -1.664221 0.620722 0.713998 -1.193025 0.444975 0.713998 -1.221729 0.358732 0.571199'/>
				</IndexedFaceSet>
			</Shape>
			<Shape DEF='_IDX_1694'>
				<Appearance USE='Material_784_IDX_784'/>
				<IndexedFaceSet solid="false" coordIndex='0 1 2 3 -1'>
					<Coordinate point='-2.255195 0.662185 0.571199 -2.202209 0.821381 0.713998 -1.664221 0.620722 0.713998 -1.704263 0.500417 0.571199'/>
				</IndexedFaceSet>
			</Shape>
			<Shape DEF='_IDX_1695'>
				<Appearance USE='Material_785_IDX_785'/>
				<IndexedFaceSet solid="false" coordIndex='0 1 2 3 -1'>
					<Coordinate point='-2.896635 0.850529 0.571199 -2.828579 1.055005 0.713998 -2.202209 0.821381 0.713998 -2.255195 0.662185 0.571199'/>
				</IndexedFaceSet>
			</Shape>
			<Shape DEF='_IDX_1696'>
				<Appearance USE='Material_786_IDX_786'/>
				<IndexedFaceSet solid="false" coordIndex='0 1 2 3 -1'>
					<Coordinate point='-3.654328 1.073007 0.571199 -3.568470 1.330970 0.713998 -2.828579 1.055005 0.713998 -2.896635 0.850529 0.571199'/>
				</IndexedFaceSet>
			</Shape>
			<Shape DEF='_IDX_1697'>
				<Appearance USE='Material_787_IDX_787'/>
				<IndexedFaceSet solid="false" coordIndex='0 1 2 3 -1'>
					<Coordinate point='-4.558681 1.338550 0.571199 -4.451575 1.660352 0.713998 -3.568470 1.330970 0.713998 -3.654328 1.073007 0.571199'/>
				</IndexedFaceSet>
			</Shape>
			<Shape DEF='_IDX_1698'>
				<Appearance USE='Material_788_IDX_788'/>
				<IndexedFaceSet solid="false" coordIndex='0 1 2 3 -1'>
					<Coordinate point='-5.645991 1.657813 0.571199 -5.513339 2.056369 0.713998 -4.451575 1.660352 0.713998 -4.558681 1.338550 0.571199'/>
				</IndexedFaceSet>
			</Shape>
			<Shape DEF='_IDX_1699'>
				<Appearance USE='Material_789_IDX_789'/>
				<IndexedFaceSet solid="false" coordIndex='0 1 2 3 -1'>
					<Coordinate point='-6.959894 2.043609 0.571199 -6.796372 2.534916 0.713998 -5.513339 2.056369 0.713998 -5.645991 1.657813 0.571199'/>
				</IndexedFaceSet>
			</Shape>
			<Shape DEF='_IDX_1700'>
				<Appearance USE='Material_790_IDX_790'/>
				<IndexedFaceSet solid="false" coordIndex='0 1 2 3 -1'>
					<Coordinate point='-0.377283 0.140719 0.713998 -0.366283 0.167276 0.856798 0.000000 0.000000 0.856798 0.000000 0.000000 0.713998'/>
				</IndexedFaceSet>
			</Shape>
			<Shape DEF='_IDX_1701'>
				<Appearance USE='Material_791_IDX_791'/>
				<IndexedFaceSet solid="false" coordIndex='0 1 2 3 -1'>
					<Coordinate point='-0.769709 0.287086 0.713998 -0.747267 0.341265 0.856798 -0.366283 0.167276 0.856798 -0.377283 0.140719 0.713998'/>
				</IndexedFaceSet>
			</Shape>
			<Shape DEF='_IDX_1702'>
				<Appearance USE='Material_792_IDX_792'/>
				<IndexedFaceSet solid="false" coordIndex='0 1 2 3 -1'>
					<Coordinate point='-1.193025 0.444975 0.713998 -1.158241 0.528951 0.856798 -0.747267 0.341265 0.856798 -0.769709 0.287086 0.713998'/>
				</IndexedFaceSet>
			</Shape>
			<Shape DEF='_IDX_1703'>
				<Appearance USE='Material_793_IDX_793'/>
				<IndexedFaceSet solid="false" coordIndex='0 1 2 3 -1'>
					<Coordinate point='-1.664221 0.620722 0.713998 -1.615699 0.737865 0.856798 -1.158241 0.528951 0.856798 -1.193025 0.444975 0.713998'/>
				</IndexedFaceSet>
			</Shape>
			<Shape DEF='_IDX_1704'>
				<Appearance USE='Material_794_IDX_794'/>
				<IndexedFaceSet solid="false" coordIndex='0 1 2 3 -1'>
					<Coordinate point='-2.202209 0.821381 0.713998 -2.138001 0.976392 0.856798 -1.615699 0.737865 0.856798 -1.664221 0.620722 0.713998'/>
				</IndexedFaceSet>
			</Shape>
			<Shape DEF='_IDX_1705'>
				<Appearance USE='Material_795_IDX_795'/>
				<IndexedFaceSet solid="false" coordIndex='0 1 2 3 -1'>
					<Coordinate point='-2.828579 1.055005 0.713998 -2.746109 1.254106 0.856798 -2.138001 0.976392 0.856798 -2.202209 0.821381 0.713998'/>
				</IndexedFaceSet>
			</Shape>
			<Shape DEF='_IDX_1706'>
				<Appearance USE='Material_796_IDX_796'/>
				<IndexedFaceSet solid="false" coordIndex='0 1 2 3 -1'>
					<Coordinate point='-3.568470 1.330970 0.713998 -3.464427 1.582151 0.856798 -2.746109 1.254106 0.856798 -2.828579 1.055005 0.713998'/>
				</IndexedFaceSet>
			</Shape>
			<Shape DEF='_IDX_1707'>
				<Appearance USE='Material_797_IDX_797'/>
				<IndexedFaceSet solid="false" coordIndex='0 1 2 3 -1'>
					<Coordinate point='-4.451575 1.660352 0.713998 -4.321785 1.973693 0.856798 -3.464427 1.582151 0.856798 -3.568470 1.330970 0.713998'/>
				</IndexedFaceSet>
			</Shape>
			<Shape DEF='_IDX_1708'>
				<Appearance USE='Material_798_IDX_798'/>
				<IndexedFaceSet solid="false" coordIndex='0 1 2 3 -1'>
					<Coordinate point='-5.513339 2.056369 0.713998 -5.352592 2.444447 0.856798 -4.321785 1.973693 0.856798 -4.451575 1.660352 0.713998'/>
				</IndexedFaceSet>
			</Shape>
			<Shape DEF='_IDX_1709'>
				<Appearance USE='Material_799_IDX_799'/>
				<IndexedFaceSet solid="false" coordIndex='0 1 2 3 -1'>
					<Coordinate point='-6.796372 2.534916 0.713998 -6.598217 3.013304 0.856798 -5.352592 2.444447 0.856798 -5.513339 2.056369 0.713998'/>
				</IndexedFaceSet>
			</Shape>
			<Shape DEF='_IDX_1710'>
				<Appearance USE='Material_800_IDX_800'/>
				<IndexedFaceSet solid="false" coordIndex='0 1 2 3 -1'>
					<Coordinate point='-0.366283 0.167276 0.856798 -0.353417 0.192980 0.999598 0.000000 0.000000 0.999598 0.000000 0.000000 0.856798'/>
				</IndexedFaceSet>
			</Shape>
			<Shape DEF='_IDX_1711'>
				<Appearance USE='Material_801_IDX_801'/>
				<IndexedFaceSet solid="false" coordIndex='0 1 2 3 -1'>
					<Coordinate point='-0.747267 0.341265 0.856798 -0.721017 0.393705 0.999598 -0.353417 0.192980 0.999598 -0.366283 0.167276 0.856798'/>
				</IndexedFaceSet>
			</Shape>
			<Shape DEF='_IDX_1712'>
				<Appearance USE='Material_800_IDX_800'/>
				<IndexedFaceSet solid="false" coordIndex='0 1 2 3 -1'>
					<Coordinate point='-1.158241 0.528951 0.856798 -1.117555 0.610231 0.999598 -0.721017 0.393705 0.999598 -0.747267 0.341265 0.856798'/>
				</IndexedFaceSet>
			</Shape>
			<Shape DEF='_IDX_1713'>
				<Appearance USE='Material_802_IDX_802'/>
				<IndexedFaceSet solid="false" coordIndex='0 1 2 3 -1'>
					<Coordinate point='-1.615699 0.737865 0.856798 -1.558944 0.851248 0.999598 -1.117555 0.610231 0.999598 -1.158241 0.528951 0.856798'/>
				</IndexedFaceSet>
			</Shape>
			<Shape DEF='_IDX_1714'>
				<Appearance USE='Material_803_IDX_803'/>
				<IndexedFaceSet solid="false" coordIndex='0 1 2 3 -1'>
					<Coordinate point='-2.138001 0.976392 0.856798 -2.062899 1.126428 0.999598 -1.558944 0.851248 0.999598 -1.615699 0.737865 0.856798'/>
				</IndexedFaceSet>
			</Shape>
			<Shape DEF='_IDX_1715'>
				<Appearance USE='Material_804_IDX_804'/>
				<IndexedFaceSet solid="false" coordIndex='0 1 2 3 -1'>
					<Coordinate point='-2.746109 1.254106 0.856798 -2.649645 1.446816 0.999598 -2.062899 1.126428 0.999598 -2.138001 0.976392 0.856798'/>
				</IndexedFaceSet>
			</Shape>
			<Shape DEF='_IDX_1716'>
				<Appearance USE='Material_805_IDX_805'/>
				<IndexedFaceSet solid="false" coordIndex='0 1 2 3 -1'>
					<Coordinate point='-3.464427 1.582151 0.856798 -3.342731 1.825269 0.999598 -2.649645 1.446816 0.999598 -2.746109 1.254106 0.856798'/>
				</IndexedFaceSet>
			</Shape>
			<Shape DEF='_IDX_1717'>
				<Appearance USE='Material_806_IDX_806'/>
				<IndexedFaceSet solid="false" coordIndex='0 1 2 3 -1'>
					<Coordinate point='-4.321785 1.973693 0.856798 -4.169972 2.276977 0.999598 -3.342731 1.825269 0.999598 -3.464427 1.582151 0.856798'/>
				</IndexedFaceSet>
			</Shape>
			<Shape DEF='_IDX_1718'>
				<Appearance USE='Material_807_IDX_807'/>
				<IndexedFaceSet solid="false" coordIndex='0 1 2 3 -1'>
					<Coordinate point='-5.352592 2.444447 0.856798 -5.164569 2.820068 0.999598 -4.169972 2.276977 0.999598 -4.321785 1.973693 0.856798'/>
				</IndexedFaceSet>
			</Shape>
			<Shape DEF='_IDX_1719'>
				<Appearance USE='Material_808_IDX_808'/>
				<IndexedFaceSet solid="false" coordIndex='0 1 2 3 -1'>
					<Coordinate point='-6.598217 3.013304 0.856798 -6.366438 3.476338 0.999598 -5.164569 2.820068 0.999598 -5.352592 2.444447 0.856798'/>
				</IndexedFaceSet>
			</Shape>
			<Shape DEF='_IDX_1720'>
				<Appearance USE='Material_809_IDX_809'/>
				<IndexedFaceSet solid="false" coordIndex='0 1 2 3 -1'>
					<Coordinate point='-0.353417 0.192980 0.999598 -0.338749 0.217701 1.142397 0.000000 -0.000000 1.142397 0.000000 0.000000 0.999598'/>
				</IndexedFaceSet>
			</Shape>
			<Shape DEF='_IDX_1721'>
				<Appearance USE='Material_809_IDX_809'/>
				<IndexedFaceSet solid="false" coordIndex='0 1 2 3 -1'>
					<Coordinate point='-0.721017 0.393705 0.999598 -0.691094 0.444139 1.142397 -0.338749 0.217701 1.142397 -0.353417 0.192980 0.999598'/>
				</IndexedFaceSet>
			</Shape>
			<Shape DEF='_IDX_1722'>
				<Appearance USE='Material_810_IDX_810'/>
				<IndexedFaceSet solid="false" coordIndex='0 1 2 3 -1'>
					<Coordinate point='-1.117555 0.610231 0.999598 -1.071174 0.688402 1.142397 -0.691094 0.444139 1.142397 -0.721017 0.393705 0.999598'/>
				</IndexedFaceSet>
			</Shape>
			<Shape DEF='_IDX_1723'>
				<Appearance USE='Material_811_IDX_811'/>
				<IndexedFaceSet solid="false" coordIndex='0 1 2 3 -1'>
					<Coordinate point='-1.558944 0.851248 0.999598 -1.494245 0.960293 1.142397 -1.071174 0.688402 1.142397 -1.117555 0.610231 0.999598'/>
				</IndexedFaceSet>
			</Shape>
			<Shape DEF='_IDX_1724'>
				<Appearance USE='Material_812_IDX_812'/>
				<IndexedFaceSet solid="false" coordIndex='0 1 2 3 -1'>
					<Coordinate point='-2.062899 1.126428 0.999598 -1.977284 1.270723 1.142397 -1.494245 0.960293 1.142397 -1.558944 0.851248 0.999598'/>
				</IndexedFaceSet>
			</Shape>
			<Shape DEF='_IDX_1725'>
				<Appearance USE='Material_813_IDX_813'/>
				<IndexedFaceSet solid="false" coordIndex='0 1 2 3 -1'>
					<Coordinate point='-2.649645 1.446816 0.999598 -2.539679 1.632153 1.142397 -1.977284 1.270723 1.142397 -2.062899 1.126428 0.999598'/>
				</IndexedFaceSet>
			</Shape>
			<Shape DEF='_IDX_1726'>
				<Appearance USE='Material_814_IDX_814'/>
				<IndexedFaceSet solid="false" coordIndex='0 1 2 3 -1'>
					<Coordinate point='-3.342731 1.825269 0.999598 -3.204001 2.059086 1.142397 -2.539679 1.632153 1.142397 -2.649645 1.446816 0.999598'/>
				</IndexedFaceSet>
			</Shape>
			<Shape DEF='_IDX_1727'>
				<Appearance USE='Material_815_IDX_815'/>
				<IndexedFaceSet solid="false" coordIndex='0 1 2 3 -1'>
					<Coordinate point='-4.169972 2.276977 0.999598 -3.996910 2.568658 1.142397 -3.204001 2.059086 1.142397 -3.342731 1.825269 0.999598'/>
				</IndexedFaceSet>
			</Shape>
			<Shape DEF='_IDX_1728'>
				<Appearance USE='Material_816_IDX_816'/>
				<IndexedFaceSet solid="false" coordIndex='0 1 2 3 -1'>
					<Coordinate point='-5.164569 2.820068 0.999598 -4.950229 3.181319 1.142397 -3.996910 2.568658 1.142397 -4.169972 2.276977 0.999598'/>
				</IndexedFaceSet>
			</Shape>
			<Shape DEF='_IDX_1729'>
				<Appearance USE='Material_817_IDX_817'/>
				<IndexedFaceSet solid="false" coordIndex='0 1 2 3 -1'>
					<Coordinate point='-6.366438 3.476338 0.999598 -6.102218 3.921658 1.142397 -4.950229 3.181319 1.142397 -5.164569 2.820068 0.999598'/>
				</IndexedFaceSet>
			</Shape>
			<Shape DEF='_IDX_1730'>
				<Appearance USE='Material_818_IDX_818'/>
				<IndexedFaceSet solid="false" coordIndex='0 1 2 3 -1'>
					<Coordinate point='-0.338749 0.217701 1.142397 -0.322356 0.241312 1.285197 0.000000 0.000000 1.285197 0.000000 -0.000000 1.142397'/>
				</IndexedFaceSet>
			</Shape>
			<Shape DEF='_IDX_1731'>
				<Appearance USE='Material_819_IDX_819'/>
				<IndexedFaceSet solid="false" coordIndex='0 1 2 3 -1'>
					<Coordinate point='-0.691094 0.444139 1.142397 -0.657648 0.492309 1.285197 -0.322356 0.241312 1.285197 -0.338749 0.217701 1.142397'/>
				</IndexedFaceSet>
			</Shape>
			<Shape DEF='_IDX_1732'>
				<Appearance USE='Material_820_IDX_820'/>
				<IndexedFaceSet solid="false" coordIndex='0 1 2 3 -1'>
					<Coordinate point='-1.071174 0.688402 1.142397 -1.019335 0.763065 1.285197 -0.657648 0.492309 1.285197 -0.691094 0.444139 1.142397'/>
				</IndexedFaceSet>
			</Shape>
			<Shape DEF='_IDX_1733'>
				<Appearance USE='Material_821_IDX_821'/>
				<IndexedFaceSet solid="false" coordIndex='0 1 2 3 -1'>
					<Coordinate point='-1.494245 0.960293 1.142397 -1.421931 1.064444 1.285197 -1.019335 0.763065 1.285197 -1.071174 0.688402 1.142397'/>
				</IndexedFaceSet>
			</Shape>
			<Shape DEF='_IDX_1734'>
				<Appearance USE='Material_822_IDX_822'/>
				<IndexedFaceSet solid="false" coordIndex='0 1 2 3 -1'>
					<Coordinate point='-1.977284 1.270723 1.142397 -1.881594 1.408544 1.285197 -1.421931 1.064444 1.285197 -1.494245 0.960293 1.142397'/>
				</IndexedFaceSet>
			</Shape>
			<Shape DEF='_IDX_1735'>
				<Appearance USE='Material_823_IDX_823'/>
				<IndexedFaceSet solid="false" coordIndex='0 1 2 3 -1'>
					<Coordinate point='-2.539679 1.632153 1.142397 -2.416772 1.809173 1.285197 -1.881594 1.408544 1.285197 -1.977284 1.270723 1.142397'/>
				</IndexedFaceSet>
			</Shape>
			<Shape DEF='_IDX_1736'>
				<Appearance USE='Material_824_IDX_824'/>
				<IndexedFaceSet solid="false" coordIndex='0 1 2 3 -1'>
					<Coordinate point='-3.204001 2.059086 1.142397 -3.048944 2.282411 1.285197 -2.416772 1.809173 1.285197 -2.539679 1.632153 1.142397'/>
				</IndexedFaceSet>
			</Shape>
			<Shape DEF='_IDX_1737'>
				<Appearance USE='Material_825_IDX_825'/>
				<IndexedFaceSet solid="false" coordIndex='0 1 2 3 -1'>
					<Coordinate point='-3.996910 2.568658 1.142397 -3.803480 2.847250 1.285197 -3.048944 2.282411 1.285197 -3.204001 2.059086 1.142397'/>
				</IndexedFaceSet>
			</Shape>
			<Shape DEF='_IDX_1738'>
				<Appearance USE='Material_826_IDX_826'/>
				<IndexedFaceSet solid="false" coordIndex='0 1 2 3 -1'>
					<Coordinate point='-4.950229 3.181319 1.142397 -4.710664 3.526359 1.285197 -3.803480 2.847250 1.285197 -3.996910 2.568658 1.142397'/>
				</IndexedFaceSet>
			</Shape>
			<Shape DEF='_IDX_1739'>
				<Appearance USE='Material_827_IDX_827'/>
				<IndexedFaceSet solid="false" coordIndex='0 1 2 3 -1'>
					<Coordinate point='-6.102218 3.921658 1.142397 -5.806903 4.346993 1.285197 -4.710664 3.526359 1.285197 -4.950229 3.181319 1.142397'/>
				</IndexedFaceSet>
			</Shape>
			<Shape DEF='_IDX_1740'>
				<Appearance USE='Material_828_IDX_828'/>
				<IndexedFaceSet solid="false" coordIndex='0 1 2 3 -1'>
					<Coordinate point='-0.322356 0.241312 1.285197 -0.304319 0.263694 1.427997 0.000000 0.000000 1.427997 0.000000 0.000000 1.285197'/>
				</IndexedFaceSet>
			</Shape>
			<Shape DEF='_IDX_1741'>
				<Appearance USE='Material_829_IDX_829'/>
				<IndexedFaceSet solid="false" coordIndex='0 1 2 3 -1'>
					<Coordinate point='-0.657648 0.492309 1.285197 -0.620852 0.537971 1.427997 -0.304319 0.263694 1.427997 -0.322356 0.241312 1.285197'/>
				</IndexedFaceSet>
			</Shape>
			<Shape DEF='_IDX_1742'>
				<Appearance USE='Material_830_IDX_830'/>
				<IndexedFaceSet solid="false" coordIndex='0 1 2 3 -1'>
					<Coordinate point='-1.019335 0.763065 1.285197 -0.962301 0.833839 1.427997 -0.620852 0.537971 1.427997 -0.657648 0.492309 1.285197'/>
				</IndexedFaceSet>
			</Shape>
			<Shape DEF='_IDX_1743'>
				<Appearance USE='Material_831_IDX_831'/>
				<IndexedFaceSet solid="false" coordIndex='0 1 2 3 -1'>
					<Coordinate point='-1.421931 1.064444 1.285197 -1.342371 1.163172 1.427997 -0.962301 0.833839 1.427997 -1.019335 0.763065 1.285197'/>
				</IndexedFaceSet>
			</Shape>
			<Shape DEF='_IDX_1744'>
				<Appearance USE='Material_832_IDX_832'/>
				<IndexedFaceSet solid="false" coordIndex='0 1 2 3 -1'>
					<Coordinate point='-1.881594 1.408544 1.285197 -1.776316 1.539186 1.427997 -1.342371 1.163172 1.427997 -1.421931 1.064444 1.285197'/>
				</IndexedFaceSet>
			</Shape>
			<Shape DEF='_IDX_1745'>
				<Appearance USE='Material_833_IDX_833'/>
				<IndexedFaceSet solid="false" coordIndex='0 1 2 3 -1'>
					<Coordinate point='-2.416772 1.809173 1.285197 -2.281549 1.976974 1.427997 -1.776316 1.539186 1.427997 -1.881594 1.408544 1.285197'/>
				</IndexedFaceSet>
			</Shape>
			<Shape DEF='_IDX_1746'>
				<Appearance USE='Material_834_IDX_834'/>
				<IndexedFaceSet solid="false" coordIndex='0 1 2 3 -1'>
					<Coordinate point='-3.048944 2.282411 1.285197 -2.878350 2.494105 1.427997 -2.281549 1.976974 1.427997 -2.416772 1.809173 1.285197'/>
				</IndexedFaceSet>
			</Shape>
			<Shape DEF='_IDX_1747'>
				<Appearance USE='Material_835_IDX_835'/>
				<IndexedFaceSet solid="false" coordIndex='0 1 2 3 -1'>
					<Coordinate point='-3.803480 2.847250 1.285197 -3.590669 3.111332 1.427997 -2.878350 2.494105 1.427997 -3.048944 2.282411 1.285197'/>
				</IndexedFaceSet>
			</Shape>
			<Shape DEF='_IDX_1748'>
				<Appearance USE='Material_836_IDX_836'/>
				<IndexedFaceSet solid="false" coordIndex='0 1 2 3 -1'>
					<Coordinate point='-4.710664 3.526359 1.285197 -4.447094 3.853429 1.427997 -3.590669 3.111332 1.427997 -3.803480 2.847250 1.285197'/>
				</IndexedFaceSet>
			</Shape>
			<Shape DEF='_IDX_1749'>
				<Appearance USE='Material_837_IDX_837'/>
				<IndexedFaceSet solid="false" coordIndex='0 1 2 3 -1'>
					<Coordinate point='-5.806903 4.346993 1.285197 -5.481997 4.750177 1.427997 -4.447094 3.853429 1.427997 -4.710664 3.526359 1.285197'/>
				</IndexedFaceSet>
			</Shape>
			<Shape DEF='_IDX_1750'>
				<Appearance USE='Material_838_IDX_838'/>
				<IndexedFaceSet solid="false" coordIndex='0 1 2 3 -1'>
					<Coordinate point='-0.304319 0.263694 1.427997 -0.284732 0.284732 1.570796 -0.000000 0.000000 1.570796 0.000000 0.000000 1.427997'/>
				</IndexedFaceSet>
			</Shape>
			<Shape DEF='_IDX_1751'>
				<Appearance USE='Material_839_IDX_839'/>
				<IndexedFaceSet solid="false" coordIndex='0 1 2 3 -1'>
					<Coordinate point='-0.620852 0.537971 1.427997 -0.580891 0.580891 1.570796 -0.284732 0.284732 1.570796 -0.304319 0.263694 1.427997'/>
				</IndexedFaceSet>
			</Shape>
			<Shape DEF='_IDX_1752'>
				<Appearance USE='Material_840_IDX_840'/>
				<IndexedFaceSet solid="false" coordIndex='0 1 2 3 -1'>
					<Coordinate point='-0.962301 0.833839 1.427997 -0.900364 0.900364 1.570796 -0.580891 0.580891 1.570796 -0.620852 0.537971 1.427997'/>
				</IndexedFaceSet>
			</Shape>
			<Shape DEF='_IDX_1753'>
				<Appearance USE='Material_841_IDX_841'/>
				<IndexedFaceSet solid="false" coordIndex='0 1 2 3 -1'>
					<Coordinate point='-1.342371 1.163172 1.427997 -1.255972 1.255972 1.570796 -0.900364 0.900364 1.570796 -0.962301 0.833839 1.427997'/>
				</IndexedFaceSet>
			</Shape>
			<Shape DEF='_IDX_1754'>
				<Appearance USE='Material_842_IDX_842'/>
				<IndexedFaceSet solid="false" coordIndex='0 1 2 3 -1'>
					<Coordinate point='-1.776316 1.539186 1.427997 -1.661986 1.661986 1.570796 -1.255972 1.255972 1.570796 -1.342371 1.163172 1.427997'/>
				</IndexedFaceSet>
			</Shape>
			<Shape DEF='_IDX_1755'>
				<Appearance USE='Material_843_IDX_843'/>
				<IndexedFaceSet solid="false" coordIndex='0 1 2 3 -1'>
					<Coordinate point='-2.281549 1.976974 1.427997 -2.134701 2.134701 1.570796 -1.661986 1.661986 1.570796 -1.776316 1.539186 1.427997'/>
				</IndexedFaceSet>
			</Shape>
			<Shape DEF='_IDX_1756'>
				<Appearance USE='Material_844_IDX_844'/>
				<IndexedFaceSet solid="false" coordIndex='0 1 2 3 -1'>
					<Coordinate point='-2.878350 2.494105 1.427997 -2.693089 2.693089 1.570796 -2.134701 2.134701 1.570796 -2.281549 1.976974 1.427997'/>
				</IndexedFaceSet>
			</Shape>
			<Shape DEF='_IDX_1757'>
				<Appearance USE='Material_845_IDX_845'/>
				<IndexedFaceSet solid="false" coordIndex='0 1 2 3 -1'>
					<Coordinate point='-3.590669 3.111332 1.427997 -3.359560 3.359560 1.570796 -2.693089 2.693089 1.570796 -2.878350 2.494105 1.427997'/>
				</IndexedFaceSet>
			</Shape>
			<Shape DEF='_IDX_1758'>
				<Appearance USE='Material_846_IDX_846'/>
				<IndexedFaceSet solid="false" coordIndex='0 1 2 3 -1'>
					<Coordinate point='-4.447094 3.853429 1.427997 -4.160863 4.160863 1.570796 -3.359560 3.359560 1.570796 -3.590669 3.111332 1.427997'/>
				</IndexedFaceSet>
			</Shape>
			<Shape DEF='_IDX_1759'>
				<Appearance USE='Material_847_IDX_847'/>
				<IndexedFaceSet solid="false" coordIndex='0 1 2 3 -1'>
					<Coordinate point='-5.481997 4.750177 1.427997 -5.129155 5.129155 1.570796 -4.160863 4.160863 1.570796 -4.447094 3.853429 1.427997'/>
				</IndexedFaceSet>
			</Shape>
		</Group>
	</Scene>
</X3D>
