<?xml version="1.0" encoding="UTF-8"?>
<!DOCTYPE X3D PUBLIC "ISO//Web3D//DTD X3D 3.3//EN" "http://www.web3d.org/specifications/x3d-3.3.dtd">
<X3D profile='Interchange' version='3.3' xmlns:xsd='http://www.w3.org/2001/XMLSchema-instance' xsd:noNamespaceSchemaLocation='http://www.web3d.org/specifications/x3d-3.3.xsd'>
	<head>
	<!-- All "meta" from this section tou will found in <Scene> node as MetadataString nodes. -->
	</head>
	<Scene>
		<Group>
			<Shape DEF='_IDX_0'>
				<Appearance DEF='Material_1_IDX_1'>
					<Material diffuseColor='0.566404 0.737679 0.394521'/>
					
				</Appearance>
				<IndexedFaceSet solid="false" coordIndex='0 1 2 3 -1'>
					<Coordinate point='-9.472039 -0.000002 0.000001 -9.173079 -2.673965 1.784184 -11.740790 -3.124040 2.024981 -12.114709 -0.000002 0.000001'/>
				</IndexedFaceSet>
			</Shape>
			<Shape DEF='_IDX_1'>
				<Appearance DEF='Material_2_IDX_2'>
					<Material diffuseColor='0.560024 0.736744 0.400080'/>
					
				</Appearance>
				<IndexedFaceSet solid="false" coordIndex='0 1 2 3 -1'>
					<Coordinate point='-7.170965 -0.000002 0.000001 -6.949204 -2.341528 1.566274 -9.173079 -2.673965 1.784184 -9.472039 -0.000002 0.000001'/>
				</IndexedFaceSet>
			</Shape>
			<Shape DEF='_IDX_2'>
				<Appearance DEF='Material_3_IDX_3'>
					<Material diffuseColor='0.554241 0.735897 0.405118'/>
					
				</Appearance>
				<IndexedFaceSet solid="false" coordIndex='0 1 2 3 -1'>
					<Coordinate point='-5.116354 -0.000001 0.000001 -4.997092 -2.142523 1.368455 -6.949204 -2.341528 1.566274 -7.170965 -0.000002 0.000001'/>
				</IndexedFaceSet>
			</Shape>
			<Shape DEF='_IDX_3'>
				<Appearance DEF='Material_4_IDX_4'>
					<Material diffuseColor='0.548981 0.735127 0.409699'/>
					
				</Appearance>
				<IndexedFaceSet solid="false" coordIndex='0 1 2 3 -1'>
					<Coordinate point='-3.158188 -0.000002 0.000001 -3.261897 -2.137143 1.188190 -4.997092 -2.142523 1.368455 -5.116354 -0.000001 0.000001'/>
				</IndexedFaceSet>
			</Shape>
			<Shape DEF='_IDX_4'>
				<Appearance DEF='Material_5_IDX_5'>
					<Material diffuseColor='0.544178 0.734424 0.413884'/>
					
				</Appearance>
				<IndexedFaceSet solid="false" coordIndex='0 1 2 3 -1'>
					<Coordinate point='-0.001829 -0.001829 0.000001 -1.796680 -2.453188 1.023165 -3.261897 -2.137143 1.188190 -3.158188 -0.000002 0.000001'/>
				</IndexedFaceSet>
			</Shape>
			<Shape DEF='_IDX_5'>
				<Appearance DEF='Material_6_IDX_6'>
					<Material diffuseColor='0.541883 0.734088 0.415884'/>
					
				</Appearance>
				<IndexedFaceSet solid="false" coordIndex='0 1 2 3 -1'>
					<Coordinate point='-0.001829 -0.001829 0.000001 -1.796680 -2.453188 1.023165 -1.796680 -2.453188 1.023165 -0.001829 -0.001829 0.000001'/>
				</IndexedFaceSet>
			</Shape>
			<Shape DEF='_IDX_6'>
				<Appearance DEF='Material_7_IDX_7'>
					<Material diffuseColor='0.539409 0.733726 0.418039'/>
					
				</Appearance>
				<IndexedFaceSet solid="false" coordIndex='0 1 2 3 -1'>
					<Coordinate point='-0.000001 -2.721608 0.000001 -0.717430 -3.127908 0.845346 -1.796680 -2.453188 1.023165 -0.001829 -0.001829 0.000001'/>
				</IndexedFaceSet>
			</Shape>
			<Shape DEF='_IDX_7'>
				<Appearance DEF='Material_8_IDX_8'>
					<Material diffuseColor='0.534671 0.733032 0.422166'/>
					
				</Appearance>
				<IndexedFaceSet solid="false" coordIndex='0 1 2 3 -1'>
					<Coordinate point='-0.000000 -3.564818 0.000000 -0.187118 -3.713712 0.682599 -0.717430 -3.127908 0.845346 -0.000001 -2.721608 0.000001'/>
				</IndexedFaceSet>
			</Shape>
			<Shape DEF='_IDX_8'>
				<Appearance DEF='Material_9_IDX_9'>
					<Material diffuseColor='0.530313 0.732394 0.425963'/>
					
				</Appearance>
				<IndexedFaceSet solid="false" coordIndex='0 1 2 3 -1'>
					<Coordinate point='0.000000 -4.116542 0.000000 0.105601 -4.171835 0.532022 -0.187118 -3.713712 0.682599 -0.000000 -3.564818 0.000000'/>
				</IndexedFaceSet>
			</Shape>
			<Shape DEF='_IDX_9'>
				<Appearance DEF='Material_10_IDX_10'>
					<Material diffuseColor='0.526256 0.731800 0.429497'/>
					
				</Appearance>
				<IndexedFaceSet solid="false" coordIndex='0 1 2 3 -1'>
					<Coordinate point='0.000000 -4.565847 0.000000 0.291265 -4.574254 0.390932 0.105601 -4.171835 0.532022 0.000000 -4.116542 0.000000'/>
				</IndexedFaceSet>
			</Shape>
			<Shape DEF='_IDX_10'>
				<Appearance DEF='Material_11_IDX_11'>
					<Material diffuseColor='0.522427 0.731239 0.432832'/>
					
				</Appearance>
				<IndexedFaceSet solid="false" coordIndex='0 1 2 3 -1'>
					<Coordinate point='0.000000 -4.996156 0.000000 0.424178 -4.976172 0.256812 0.291265 -4.574254 0.390932 0.000000 -4.565847 0.000000'/>
				</IndexedFaceSet>
			</Shape>
			<Shape DEF='_IDX_11'>
				<Appearance DEF='Material_12_IDX_12'>
					<Material diffuseColor='0.518760 0.730702 0.436027'/>
					
				</Appearance>
				<IndexedFaceSet solid="false" coordIndex='0 1 2 3 -1'>
					<Coordinate point='0.000000 -5.455700 0.000000 0.531658 -5.415804 0.127272 0.424178 -4.976172 0.256812 0.000000 -4.996156 0.000000'/>
				</IndexedFaceSet>
			</Shape>
			<Shape DEF='_IDX_12'>
				<Appearance DEF='Material_13_IDX_13'>
					<Material diffuseColor='0.515187 0.730179 0.439140'/>
					
				</Appearance>
				<IndexedFaceSet solid="false" coordIndex='0 1 2 3 -1'>
					<Coordinate point='0.000000 -5.977540 0.000000 0.629839 -5.921649 0.000000 0.531658 -5.415804 0.127272 0.000000 -5.455700 0.000000'/>
				</IndexedFaceSet>
			</Shape>
			<Shape DEF='_IDX_13'>
				<Appearance DEF='Material_14_IDX_14'>
					<Material diffuseColor='0.673322 0.742958 0.318519'/>
					
				</Appearance>
				<IndexedFaceSet solid="false" coordIndex='0 1 2 3 -1'>
					<Coordinate point='-9.173079 -2.673965 1.784184 -8.276211 -5.148722 3.528512 -10.631310 -6.041429 4.004725 -11.740790 -3.124040 2.024981'/>
				</IndexedFaceSet>
			</Shape>
			<Shape DEF='_IDX_14'>
				<Appearance DEF='Material_15_IDX_15'>
					<Material diffuseColor='0.653686 0.743185 0.330500'/>
					
				</Appearance>
				<IndexedFaceSet solid="false" coordIndex='0 1 2 3 -1'>
					<Coordinate point='-6.949204 -2.341528 1.566274 -6.255954 -4.464893 3.097559 -8.276211 -5.148722 3.528512 -9.173079 -2.673965 1.784184'/>
				</IndexedFaceSet>
			</Shape>
			<Shape DEF='_IDX_15'>
				<Appearance DEF='Material_16_IDX_16'>
					<Material diffuseColor='0.635890 0.743391 0.341358'/>
					
				</Appearance>
				<IndexedFaceSet solid="false" coordIndex='0 1 2 3 -1'>
					<Coordinate point='-4.997092 -2.142523 1.368455 -4.521852 -3.985698 2.706340 -6.255954 -4.464893 3.097559 -6.949204 -2.341528 1.566274'/>
				</IndexedFaceSet>
			</Shape>
			<Shape DEF='_IDX_16'>
				<Appearance DEF='Material_17_IDX_17'>
					<Material diffuseColor='0.619705 0.743578 0.351233'/>
					
				</Appearance>
				<IndexedFaceSet solid="false" coordIndex='0 1 2 3 -1'>
					<Coordinate point='-3.261897 -2.137143 1.188190 -3.049722 -3.717878 2.349836 -4.521852 -3.985698 2.706340 -4.997092 -2.142523 1.368455'/>
				</IndexedFaceSet>
			</Shape>
			<Shape DEF='_IDX_17'>
				<Appearance DEF='Material_18_IDX_18'>
					<Material diffuseColor='0.605013 0.743332 0.360886'/>
					
				</Appearance>
				<IndexedFaceSet solid="false" coordIndex='0 1 2 3 -1'>
					<Coordinate point='-1.796680 -2.453188 1.023165 -1.849463 -3.659742 2.023474 -3.049722 -3.717878 2.349836 -3.261897 -2.137143 1.188190'/>
				</IndexedFaceSet>
			</Shape>
			<Shape DEF='_IDX_18'>
				<Appearance DEF='Material_19_IDX_19'>
					<Material diffuseColor='0.598178 0.742331 0.366841'/>
					
				</Appearance>
				<IndexedFaceSet solid="false" coordIndex='0 1 2 3 -1'>
					<Coordinate point='-1.796680 -2.453188 1.023165 -1.849463 -3.659742 2.023474 -1.849463 -3.659742 2.023474 -1.796680 -2.453188 1.023165'/>
				</IndexedFaceSet>
			</Shape>
			<Shape DEF='_IDX_19'>
				<Appearance DEF='Material_20_IDX_20'>
					<Material diffuseColor='0.590812 0.741252 0.373258'/>
					
				</Appearance>
				<IndexedFaceSet solid="false" coordIndex='0 1 2 3 -1'>
					<Coordinate point='-0.717430 -3.127908 0.845346 -0.808650 -3.793780 1.671807 -1.849463 -3.659742 2.023474 -1.796680 -2.453188 1.023165'/>
				</IndexedFaceSet>
			</Shape>
			<Shape DEF='_IDX_20'>
				<Appearance DEF='Material_21_IDX_21'>
					<Material diffuseColor='0.576706 0.739187 0.385547'/>
					
				</Appearance>
				<IndexedFaceSet solid="false" coordIndex='0 1 2 3 -1'>
					<Coordinate point='-0.187118 -3.713712 0.682599 -0.120280 -4.027037 1.349949 -0.808650 -3.793780 1.671807 -0.717430 -3.127908 0.845346'/>
				</IndexedFaceSet>
			</Shape>
			<Shape DEF='_IDX_21'>
				<Appearance DEF='Material_22_IDX_22'>
					<Material diffuseColor='0.563727 0.737287 0.396853'/>
					
				</Appearance>
				<IndexedFaceSet solid="false" coordIndex='0 1 2 3 -1'>
					<Coordinate point='0.105601 -4.171835 0.532022 0.331441 -4.291133 1.052160 -0.120280 -4.027037 1.349949 -0.187118 -3.713712 0.682599'/>
				</IndexedFaceSet>
			</Shape>
			<Shape DEF='_IDX_22'>
				<Appearance DEF='Material_23_IDX_23'>
					<Material diffuseColor='0.551646 0.735518 0.407378'/>
					
				</Appearance>
				<IndexedFaceSet solid="false" coordIndex='0 1 2 3 -1'>
					<Coordinate point='0.291265 -4.574254 0.390932 0.643494 -4.579322 0.773132 0.331441 -4.291133 1.052160 0.105601 -4.171835 0.532022'/>
				</IndexedFaceSet>
			</Shape>
			<Shape DEF='_IDX_23'>
				<Appearance DEF='Material_24_IDX_24'>
					<Material diffuseColor='0.540247 0.733849 0.417308'/>
					
				</Appearance>
				<IndexedFaceSet solid="false" coordIndex='0 1 2 3 -1'>
					<Coordinate point='0.424178 -4.976172 0.256812 0.877997 -4.906600 0.507888 0.643494 -4.579322 0.773132 0.291265 -4.574254 0.390932'/>
				</IndexedFaceSet>
			</Shape>
			<Shape DEF='_IDX_24'>
				<Appearance DEF='Material_25_IDX_25'>
					<Material diffuseColor='0.529326 0.732249 0.426822'/>
					
				</Appearance>
				<IndexedFaceSet solid="false" coordIndex='0 1 2 3 -1'>
					<Coordinate point='0.531658 -5.415804 0.127272 1.073887 -5.291609 0.251700 0.877997 -4.906600 0.507888 0.424178 -4.976172 0.256812'/>
				</IndexedFaceSet>
			</Shape>
			<Shape DEF='_IDX_25'>
				<Appearance DEF='Material_26_IDX_26'>
					<Material diffuseColor='0.518689 0.730692 0.436089'/>
					
				</Appearance>
				<IndexedFaceSet solid="false" coordIndex='0 1 2 3 -1'>
					<Coordinate point='0.629839 -5.921649 0.000000 1.257076 -5.752384 0.000000 1.073887 -5.291609 0.251700 0.531658 -5.415804 0.127272'/>
				</IndexedFaceSet>
			</Shape>
			<Shape DEF='_IDX_26'>
				<Appearance DEF='Material_27_IDX_27'>
					<Material diffuseColor='0.772078 0.726539 0.270454'/>
					
				</Appearance>
				<IndexedFaceSet solid="false" coordIndex='0 1 2 3 -1'>
					<Coordinate point='-8.276211 -5.148722 3.528512 -6.800459 -7.263868 5.194018 -8.829163 -8.568593 5.895011 -10.631310 -6.041429 4.004725'/>
				</IndexedFaceSet>
			</Shape>
			<Shape DEF='_IDX_27'>
				<Appearance DEF='Material_28_IDX_28'>
					<Material diffuseColor='0.742446 0.733634 0.283145'/>
					
				</Appearance>
				<IndexedFaceSet solid="false" coordIndex='0 1 2 3 -1'>
					<Coordinate point='-6.255954 -4.464893 3.097559 -5.072058 -6.236422 4.559650 -6.800459 -7.263868 5.194018 -8.276211 -5.148722 3.528512'/>
				</IndexedFaceSet>
			</Shape>
			<Shape DEF='_IDX_28'>
				<Appearance DEF='Material_29_IDX_29'>
					<Material diffuseColor='0.715591 0.740064 0.294647'/>
					
				</Appearance>
				<IndexedFaceSet solid="false" coordIndex='0 1 2 3 -1'>
					<Coordinate point='-4.521852 -3.985698 2.706340 -3.604828 -5.459405 3.983770 -5.072058 -6.236422 4.559650 -6.255954 -4.464893 3.097559'/>
				</IndexedFaceSet>
			</Shape>
			<Shape DEF='_IDX_29'>
				<Appearance DEF='Material_30_IDX_30'>
					<Material diffuseColor='0.689948 0.742766 0.308374'/>
					
				</Appearance>
				<IndexedFaceSet solid="false" coordIndex='0 1 2 3 -1'>
					<Coordinate point='-3.049722 -3.717878 2.349836 -2.373533 -4.909956 3.458992 -3.604828 -5.459405 3.983770 -4.521852 -3.985698 2.706340'/>
				</IndexedFaceSet>
			</Shape>
			<Shape DEF='_IDX_30'>
				<Appearance DEF='Material_31_IDX_31'>
					<Material diffuseColor='0.665681 0.743046 0.323181'/>
					
				</Appearance>
				<IndexedFaceSet solid="false" coordIndex='0 1 2 3 -1'>
					<Coordinate point='-1.849463 -3.659742 2.023474 -1.364019 -4.561434 2.978582 -2.373533 -4.909956 3.458992 -3.049722 -3.717878 2.349836'/>
				</IndexedFaceSet>
			</Shape>
			<Shape DEF='_IDX_31'>
				<Appearance DEF='Material_32_IDX_32'>
					<Material diffuseColor='0.654082 0.743181 0.330258'/>
					
				</Appearance>
				<IndexedFaceSet solid="false" coordIndex='0 1 2 3 -1'>
					<Coordinate point='-1.849463 -3.659742 2.023474 -1.364019 -4.561434 2.978582 -1.364019 -4.561434 2.978582 -1.849463 -3.659742 2.023474'/>
				</IndexedFaceSet>
			</Shape>
			<Shape DEF='_IDX_32'>
				<Appearance DEF='Material_33_IDX_33'>
					<Material diffuseColor='0.641585 0.743325 0.337883'/>
					
				</Appearance>
				<IndexedFaceSet solid="false" coordIndex='0 1 2 3 -1'>
					<Coordinate point='-0.808650 -3.793780 1.671807 -0.440371 -4.358478 2.460924 -1.364019 -4.561434 2.978582 -1.849463 -3.659742 2.023474'/>
				</IndexedFaceSet>
			</Shape>
			<Shape DEF='_IDX_33'>
				<Appearance DEF='Material_34_IDX_34'>
					<Material diffuseColor='0.617650 0.743602 0.352487'/>
					
				</Appearance>
				<IndexedFaceSet solid="false" coordIndex='0 1 2 3 -1'>
					<Coordinate point='-0.120280 -4.027037 1.349949 0.235211 -4.316402 1.987143 -0.440371 -4.358478 2.460924 -0.808650 -3.793780 1.671807'/>
				</IndexedFaceSet>
			</Shape>
			<Shape DEF='_IDX_34'>
				<Appearance DEF='Material_35_IDX_35'>
					<Material diffuseColor='0.596018 0.742015 0.368722'/>
					
				</Appearance>
				<IndexedFaceSet solid="false" coordIndex='0 1 2 3 -1'>
					<Coordinate point='0.331441 -4.291133 1.052160 0.724005 -4.383971 1.548794 0.235211 -4.316402 1.987143 -0.120280 -4.027037 1.349949'/>
				</IndexedFaceSet>
			</Shape>
			<Shape DEF='_IDX_35'>
				<Appearance DEF='Material_36_IDX_36'>
					<Material diffuseColor='0.576183 0.739110 0.386002'/>
					
				</Appearance>
				<IndexedFaceSet solid="false" coordIndex='0 1 2 3 -1'>
					<Coordinate point='0.643494 -4.579322 0.773132 1.087940 -4.535630 1.138060 0.724005 -4.383971 1.548794 0.331441 -4.291133 1.052160'/>
				</IndexedFaceSet>
			</Shape>
			<Shape DEF='_IDX_36'>
				<Appearance DEF='Material_37_IDX_37'>
					<Material diffuseColor='0.557467 0.736370 0.402307'/>
					
				</Appearance>
				<IndexedFaceSet solid="false" coordIndex='0 1 2 3 -1'>
					<Coordinate point='0.877997 -4.906600 0.507888 1.377457 -4.764188 0.747618 1.087940 -4.535630 1.138060 0.643494 -4.579322 0.773132'/>
				</IndexedFaceSet>
			</Shape>
			<Shape DEF='_IDX_37'>
				<Appearance DEF='Material_38_IDX_38'>
					<Material diffuseColor='0.539537 0.733745 0.417927'/>
					
				</Appearance>
				<IndexedFaceSet solid="false" coordIndex='0 1 2 3 -1'>
					<Coordinate point='1.073887 -5.291609 0.251700 1.630513 -5.071999 0.370506 1.377457 -4.764188 0.747618 0.877997 -4.906600 0.507888'/>
				</IndexedFaceSet>
			</Shape>
			<Shape DEF='_IDX_38'>
				<Appearance DEF='Material_39_IDX_39'>
					<Material diffuseColor='0.522072 0.731187 0.433142'/>
					
				</Appearance>
				<IndexedFaceSet solid="false" coordIndex='0 1 2 3 -1'>
					<Coordinate point='1.257076 -5.752384 0.000000 1.875765 -5.466074 0.000000 1.630513 -5.071999 0.370506 1.073887 -5.291609 0.251700'/>
				</IndexedFaceSet>
			</Shape>
			<Shape DEF='_IDX_39'>
				<Appearance DEF='Material_40_IDX_40'>
					<Material diffuseColor='0.847111 0.682754 0.242335'/>
					
				</Appearance>
				<IndexedFaceSet solid="false" coordIndex='0 1 2 3 -1'>
					<Coordinate point='-6.800459 -7.263868 5.194018 -4.805490 -8.898298 6.743498 -6.415915 -10.554007 7.653612 -8.829163 -8.568593 5.895011'/>
				</IndexedFaceSet>
			</Shape>
			<Shape DEF='_IDX_40'>
				<Appearance DEF='Material_41_IDX_41'>
					<Material diffuseColor='0.815867 0.705582 0.253328'/>
					
				</Appearance>
				<IndexedFaceSet solid="false" coordIndex='0 1 2 3 -1'>
					<Coordinate point='-5.072058 -6.236422 4.559650 -3.437770 -7.572488 5.919886 -4.805490 -8.898298 6.743498 -6.800459 -7.263868 5.194018'/>
				</IndexedFaceSet>
			</Shape>
			<Shape DEF='_IDX_41'>
				<Appearance DEF='Material_42_IDX_42'>
					<Material diffuseColor='0.785466 0.723333 0.264719'/>
					
				</Appearance>
				<IndexedFaceSet solid="false" coordIndex='0 1 2 3 -1'>
					<Coordinate point='-3.604828 -5.459405 3.983770 -2.280870 -6.534163 5.172210 -3.437770 -7.572488 5.919886 -5.072058 -6.236422 4.559650'/>
				</IndexedFaceSet>
			</Shape>
			<Shape DEF='_IDX_42'>
				<Appearance DEF='Material_43_IDX_43'>
					<Material diffuseColor='0.752041 0.731336 0.279036'/>
					
				</Appearance>
				<IndexedFaceSet solid="false" coordIndex='0 1 2 3 -1'>
					<Coordinate point='-2.373533 -4.909956 3.458992 -1.310774 -5.746087 4.490879 -2.280870 -6.534163 5.172210 -3.604828 -5.459405 3.983770'/>
				</IndexedFaceSet>
			</Shape>
			<Shape DEF='_IDX_43'>
				<Appearance DEF='Material_44_IDX_44'>
					<Material diffuseColor='0.721515 0.738646 0.292110'/>
					
				</Appearance>
				<IndexedFaceSet solid="false" coordIndex='0 1 2 3 -1'>
					<Coordinate point='-1.364019 -4.561434 2.978582 -0.508650 -5.172984 3.867154 -1.310774 -5.746087 4.490879 -2.373533 -4.909956 3.458992'/>
				</IndexedFaceSet>
			</Shape>
			<Shape DEF='_IDX_44'>
				<Appearance DEF='Material_45_IDX_45'>
					<Material diffuseColor='0.706926 0.742139 0.298359'/>
					
				</Appearance>
				<IndexedFaceSet solid="false" coordIndex='0 1 2 3 -1'>
					<Coordinate point='-1.364019 -4.561434 2.978582 -0.508650 -5.172984 3.867154 -0.508650 -5.172984 3.867154 -1.364019 -4.561434 2.978582'/>
				</IndexedFaceSet>
			</Shape>
			<Shape DEF='_IDX_45'>
				<Appearance DEF='Material_46_IDX_46'>
					<Material diffuseColor='0.689988 0.742765 0.308350'/>
					
				</Appearance>
				<IndexedFaceSet solid="false" coordIndex='0 1 2 3 -1'>
					<Coordinate point='-0.440371 -4.358478 2.460924 0.245467 -4.725911 3.195067 -0.508650 -5.172984 3.867154 -1.364019 -4.561434 2.978582'/>
				</IndexedFaceSet>
			</Shape>
			<Shape DEF='_IDX_46'>
				<Appearance DEF='Material_47_IDX_47'>
					<Material diffuseColor='0.657230 0.743144 0.328337'/>
					
				</Appearance>
				<IndexedFaceSet solid="false" coordIndex='0 1 2 3 -1'>
					<Coordinate point='0.235211 -4.316402 1.987143 0.825034 -4.474789 2.579948 0.245467 -4.725911 3.195067 -0.440371 -4.358478 2.460924'/>
				</IndexedFaceSet>
			</Shape>
			<Shape DEF='_IDX_47'>
				<Appearance DEF='Material_48_IDX_48'>
					<Material diffuseColor='0.627093 0.743493 0.346725'/>
					
				</Appearance>
				<IndexedFaceSet solid="false" coordIndex='0 1 2 3 -1'>
					<Coordinate point='0.724005 -4.383971 1.548794 1.270300 -4.375370 2.010831 0.825034 -4.474789 2.579948 0.235211 -4.316402 1.987143'/>
				</IndexedFaceSet>
			</Shape>
			<Shape DEF='_IDX_48'>
				<Appearance DEF='Material_49_IDX_49'>
					<Material diffuseColor='0.599318 0.742498 0.365848'/>
					
				</Appearance>
				<IndexedFaceSet solid="false" coordIndex='0 1 2 3 -1'>
					<Coordinate point='1.087940 -4.535630 1.138060 1.622855 -4.397334 1.477567 1.270300 -4.375370 2.010831 0.724005 -4.383971 1.548794'/>
				</IndexedFaceSet>
			</Shape>
			<Shape DEF='_IDX_49'>
				<Appearance DEF='Material_50_IDX_50'>
					<Material diffuseColor='0.573704 0.738747 0.388162'/>
					
				</Appearance>
				<IndexedFaceSet solid="false" coordIndex='0 1 2 3 -1'>
					<Coordinate point='1.377457 -4.764188 0.747618 1.920562 -4.523130 0.970648 1.622855 -4.397334 1.477567 1.087940 -4.535630 1.138060'/>
				</IndexedFaceSet>
			</Shape>
			<Shape DEF='_IDX_50'>
				<Appearance DEF='Material_51_IDX_51'>
					<Material diffuseColor='0.549164 0.735154 0.409540'/>
					
				</Appearance>
				<IndexedFaceSet solid="false" coordIndex='0 1 2 3 -1'>
					<Coordinate point='1.630513 -5.071999 0.370506 2.195589 -4.744537 0.481036 1.920562 -4.523130 0.970648 1.377457 -4.764188 0.747618'/>
				</IndexedFaceSet>
			</Shape>
			<Shape DEF='_IDX_51'>
				<Appearance DEF='Material_52_IDX_52'>
					<Material diffuseColor='0.525262 0.731654 0.430363'/>
					
				</Appearance>
				<IndexedFaceSet solid="false" coordIndex='0 1 2 3 -1'>
					<Coordinate point='1.875765 -5.466074 0.000000 2.474922 -5.059610 0.000000 2.195589 -4.744537 0.481036 1.630513 -5.071999 0.370506'/>
				</IndexedFaceSet>
			</Shape>
			<Shape DEF='_IDX_52'>
				<Appearance DEF='Material_53_IDX_53'>
					<Material diffuseColor='0.889439 0.609970 0.222722'/>
					
				</Appearance>
				<IndexedFaceSet solid="false" coordIndex='0 1 2 3 -1'>
					<Coordinate point='-4.805490 -8.898298 6.743498 -2.390326 -9.959919 8.142341 -3.511013 -11.878979 9.241243 -6.415915 -10.554007 7.653612'/>
				</IndexedFaceSet>
			</Shape>
			<Shape DEF='_IDX_53'>
				<Appearance DEF='Material_54_IDX_54'>
					<Material diffuseColor='0.868253 0.659654 0.234033'/>
					
				</Appearance>
				<IndexedFaceSet solid="false" coordIndex='0 1 2 3 -1'>
					<Coordinate point='-3.437770 -7.572488 5.919886 -1.438524 -8.408536 7.147881 -2.390326 -9.959919 8.142341 -4.805490 -8.898298 6.743498'/>
				</IndexedFaceSet>
			</Shape>
			<Shape DEF='_IDX_54'>
				<Appearance DEF='Material_55_IDX_55'>
					<Material diffuseColor='0.836920 0.690200 0.245921'/>
					
				</Appearance>
				<IndexedFaceSet solid="false" coordIndex='0 1 2 3 -1'>
					<Coordinate point='-2.280870 -6.534163 5.172210 -0.632863 -7.172507 6.245110 -1.438524 -8.408536 7.147881 -3.437770 -7.572488 5.919886'/>
				</IndexedFaceSet>
			</Shape>
			<Shape DEF='_IDX_55'>
				<Appearance DEF='Material_56_IDX_56'>
					<Material diffuseColor='0.804808 0.713663 0.257219'/>
					
				</Appearance>
				<IndexedFaceSet solid="false" coordIndex='0 1 2 3 -1'>
					<Coordinate point='-1.310774 -5.746087 4.490879 0.044946 -6.206581 5.422447 -0.632863 -7.172507 6.245110 -2.280870 -6.534163 5.172210'/>
				</IndexedFaceSet>
			</Shape>
			<Shape DEF='_IDX_56'>
				<Appearance DEF='Material_57_IDX_57'>
					<Material diffuseColor='0.769799 0.727084 0.271430'/>
					
				</Appearance>
				<IndexedFaceSet solid="false" coordIndex='0 1 2 3 -1'>
					<Coordinate point='-0.508650 -5.172984 3.867154 0.610395 -5.470632 4.669339 0.044946 -6.206581 5.422447 -1.310774 -5.746087 4.490879'/>
				</IndexedFaceSet>
			</Shape>
			<Shape DEF='_IDX_57'>
				<Appearance DEF='Material_58_IDX_58'>
					<Material diffuseColor='0.751606 0.731440 0.279221'/>
					
				</Appearance>
				<IndexedFaceSet solid="false" coordIndex='0 1 2 3 -1'>
					<Coordinate point='-0.508650 -5.172984 3.867154 0.610395 -5.470632 4.669339 0.610395 -5.470632 4.669339 -0.508650 -5.172984 3.867154'/>
				</IndexedFaceSet>
			</Shape>
			<Shape DEF='_IDX_58'>
				<Appearance DEF='Material_59_IDX_59'>
					<Material diffuseColor='0.732003 0.736134 0.287618'/>
					
				</Appearance>
				<IndexedFaceSet solid="false" coordIndex='0 1 2 3 -1'>
					<Coordinate point='0.245467 -4.725911 3.195067 1.152514 -4.849546 3.857838 0.610395 -5.470632 4.669339 -0.508650 -5.172984 3.867154'/>
				</IndexedFaceSet>
			</Shape>
			<Shape DEF='_IDX_59'>
				<Appearance DEF='Material_60_IDX_60'>
					<Material diffuseColor='0.693528 0.742724 0.306190'/>
					
				</Appearance>
				<IndexedFaceSet solid="false" coordIndex='0 1 2 3 -1'>
					<Coordinate point='0.825034 -4.474789 2.579948 1.583959 -4.446033 3.115122 1.152514 -4.849546 3.857838 0.245467 -4.725911 3.195067'/>
				</IndexedFaceSet>
			</Shape>
			<Shape DEF='_IDX_60'>
				<Appearance DEF='Material_61_IDX_61'>
					<Material diffuseColor='0.655948 0.743159 0.329120'/>
					
				</Appearance>
				<IndexedFaceSet solid="false" coordIndex='0 1 2 3 -1'>
					<Coordinate point='1.270300 -4.375370 2.010831 1.932092 -4.217286 2.427949 1.583959 -4.446033 3.115122 0.825034 -4.474789 2.579948'/>
				</IndexedFaceSet>
			</Shape>
			<Shape DEF='_IDX_61'>
				<Appearance DEF='Material_62_IDX_62'>
					<Material diffuseColor='0.620965 0.743564 0.350465'/>
					
				</Appearance>
				<IndexedFaceSet solid="false" coordIndex='0 1 2 3 -1'>
					<Coordinate point='1.622855 -4.397334 1.477567 2.225266 -4.130687 1.784067 1.932092 -4.217286 2.427949 1.270300 -4.375370 2.010831'/>
				</IndexedFaceSet>
			</Shape>
			<Shape DEF='_IDX_62'>
				<Appearance DEF='Material_63_IDX_63'>
					<Material diffuseColor='0.588593 0.740928 0.375191'/>
					
				</Appearance>
				<IndexedFaceSet solid="false" coordIndex='0 1 2 3 -1'>
					<Coordinate point='1.920562 -4.523130 0.970648 2.490913 -4.163314 1.171995 2.225266 -4.130687 1.784067 1.622855 -4.397334 1.477567'/>
				</IndexedFaceSet>
			</Shape>
			<Shape DEF='_IDX_63'>
				<Appearance DEF='Material_64_IDX_64'>
					<Material diffuseColor='0.557993 0.736447 0.401849'/>
					
				</Appearance>
				<IndexedFaceSet solid="false" coordIndex='0 1 2 3 -1'>
					<Coordinate point='2.195589 -4.744537 0.481036 2.754388 -4.300327 0.580820 2.490913 -4.163314 1.171995 1.920562 -4.523130 0.970648'/>
				</IndexedFaceSet>
			</Shape>
			<Shape DEF='_IDX_64'>
				<Appearance DEF='Material_65_IDX_65'>
					<Material diffuseColor='0.528188 0.732083 0.427814'/>
					
				</Appearance>
				<IndexedFaceSet solid="false" coordIndex='0 1 2 3 -1'>
					<Coordinate point='2.474922 -5.059610 0.000000 3.038882 -4.533146 0.000000 2.754388 -4.300327 0.580820 2.195589 -4.744537 0.481036'/>
				</IndexedFaceSet>
			</Shape>
			<Shape DEF='_IDX_65'>
				<Appearance DEF='Material_66_IDX_66'>
					<Material diffuseColor='0.901962 0.516367 0.203892'/>
					
				</Appearance>
				<IndexedFaceSet solid="false" coordIndex='0 1 2 3 -1'>
					<Coordinate point='-2.390326 -9.959919 8.142341 0.317514 -10.383124 9.359296 -0.264138 -12.458672 10.622441 -3.511013 -11.878979 9.241243'/>
				</IndexedFaceSet>
			</Shape>
			<Shape DEF='_IDX_66'>
				<Appearance DEF='Material_67_IDX_67'>
					<Material diffuseColor='0.895446 0.595884 0.219515'/>
					
				</Appearance>
				<IndexedFaceSet solid="false" coordIndex='0 1 2 3 -1'>
					<Coordinate point='-1.438524 -8.408536 7.147881 0.814154 -8.696593 8.216205 0.317514 -10.383124 9.359296 -2.390326 -9.959919 8.142341'/>
				</IndexedFaceSet>
			</Shape>
			<Shape DEF='_IDX_67'>
				<Appearance DEF='Material_68_IDX_68'>
					<Material diffuseColor='0.872870 0.648825 0.231568'/>
					
				</Appearance>
				<IndexedFaceSet solid="false" coordIndex='0 1 2 3 -1'>
					<Coordinate point='-0.632863 -7.172507 6.245110 1.237305 -7.341072 7.178505 0.814154 -8.696593 8.216205 -1.438524 -8.408536 7.147881'/>
				</IndexedFaceSet>
			</Shape>
			<Shape DEF='_IDX_68'>
				<Appearance DEF='Material_69_IDX_69'>
					<Material diffuseColor='0.842966 0.685783 0.243793'/>
					
				</Appearance>
				<IndexedFaceSet solid="false" coordIndex='0 1 2 3 -1'>
					<Coordinate point='0.044946 -6.206581 5.422447 1.596575 -6.266915 6.232887 1.237305 -7.341072 7.178505 -0.632863 -7.172507 6.245110'/>
				</IndexedFaceSet>
			</Shape>
			<Shape DEF='_IDX_69'>
				<Appearance DEF='Material_70_IDX_70'>
					<Material diffuseColor='0.808485 0.710976 0.255926'/>
					
				</Appearance>
				<IndexedFaceSet solid="false" coordIndex='0 1 2 3 -1'>
					<Coordinate point='0.610395 -5.470632 4.669339 1.900540 -5.431208 5.367219 1.596575 -6.266915 6.232887 0.044946 -6.206581 5.422447'/>
				</IndexedFaceSet>
			</Shape>
			<Shape DEF='_IDX_70'>
				<Appearance DEF='Material_71_IDX_71'>
					<Material diffuseColor='0.791248 0.721948 0.262243'/>
					
				</Appearance>
				<IndexedFaceSet solid="false" coordIndex='0 1 2 3 -1'>
					<Coordinate point='0.610395 -5.470632 4.669339 1.900540 -5.431208 5.367219 1.900540 -5.431208 5.367219 0.610395 -5.470632 4.669339'/>
				</IndexedFaceSet>
			</Shape>
			<Shape DEF='_IDX_71'>
				<Appearance DEF='Material_72_IDX_72'>
					<Material diffuseColor='0.768200 0.727467 0.272114'/>
					
				</Appearance>
				<IndexedFaceSet solid="false" coordIndex='0 1 2 3 -1'>
					<Coordinate point='1.152514 -4.849546 3.857838 2.199323 -4.701872 4.434431 1.900540 -5.431208 5.367219 0.610395 -5.470632 4.669339'/>
				</IndexedFaceSet>
			</Shape>
			<Shape DEF='_IDX_72'>
				<Appearance DEF='Material_73_IDX_73'>
					<Material diffuseColor='0.724058 0.738037 0.291021'/>
					
				</Appearance>
				<IndexedFaceSet solid="false" coordIndex='0 1 2 3 -1'>
					<Coordinate point='1.583959 -4.446033 3.115122 2.447869 -4.200078 3.580708 2.199323 -4.701872 4.434431 1.152514 -4.849546 3.857838'/>
				</IndexedFaceSet>
			</Shape>
			<Shape DEF='_IDX_73'>
				<Appearance DEF='Material_74_IDX_74'>
					<Material diffuseColor='0.681548 0.742863 0.313500'/>
					
				</Appearance>
				<IndexedFaceSet solid="false" coordIndex='0 1 2 3 -1'>
					<Coordinate point='1.932092 -4.217286 2.427949 2.662711 -3.882857 2.790831 2.447869 -4.200078 3.580708 1.583959 -4.446033 3.115122'/>
				</IndexedFaceSet>
			</Shape>
			<Shape DEF='_IDX_74'>
				<Appearance DEF='Material_75_IDX_75'>
					<Material diffuseColor='0.640417 0.743339 0.338596'/>
					
				</Appearance>
				<IndexedFaceSet solid="false" coordIndex='0 1 2 3 -1'>
					<Coordinate point='2.225266 -4.130687 1.784067 2.861738 -3.716085 2.050714 2.662711 -3.882857 2.790831 1.932092 -4.217286 2.427949'/>
				</IndexedFaceSet>
			</Shape>
			<Shape DEF='_IDX_75'>
				<Appearance DEF='Material_76_IDX_76'>
					<Material diffuseColor='0.601803 0.742862 0.363682'/>
					
				</Appearance>
				<IndexedFaceSet solid="false" coordIndex='0 1 2 3 -1'>
					<Coordinate point='2.490913 -4.163314 1.171995 3.063454 -3.673743 1.347161 2.861738 -3.716085 2.050714 2.225266 -4.130687 1.784067'/>
				</IndexedFaceSet>
			</Shape>
			<Shape DEF='_IDX_76'>
				<Appearance DEF='Material_77_IDX_77'>
					<Material diffuseColor='0.565826 0.737594 0.395025'/>
					
				</Appearance>
				<IndexedFaceSet solid="false" coordIndex='0 1 2 3 -1'>
					<Coordinate point='2.754388 -4.300327 0.580820 3.286400 -3.736795 0.667629 3.063454 -3.673743 1.347161 2.490913 -4.163314 1.171995'/>
				</IndexedFaceSet>
			</Shape>
			<Shape DEF='_IDX_77'>
				<Appearance DEF='Material_78_IDX_78'>
					<Material diffuseColor='0.530784 0.732463 0.425553'/>
					
				</Appearance>
				<IndexedFaceSet solid="false" coordIndex='0 1 2 3 -1'>
					<Coordinate point='3.038882 -4.533146 0.000000 3.549030 -3.891902 0.000000 3.286400 -3.736795 0.667629 2.754388 -4.300327 0.580820'/>
				</IndexedFaceSet>
			</Shape>
			<Shape DEF='_IDX_78'>
				<Appearance DEF='Material_79_IDX_79'>
					<Material diffuseColor='0.897485 0.419095 0.185174'/>
					
				</Appearance>
				<IndexedFaceSet solid="false" coordIndex='0 1 2 3 -1'>
					<Coordinate point='0.317514 -10.383124 9.359296 3.172756 -10.131017 10.367180 3.154688 -12.244520 11.766352 -0.264138 -12.458672 10.622441'/>
				</IndexedFaceSet>
			</Shape>
			<Shape DEF='_IDX_79'>
				<Appearance DEF='Material_80_IDX_80'>
					<Material diffuseColor='0.901875 0.522485 0.205057'/>
					
				</Appearance>
				<IndexedFaceSet solid="false" coordIndex='0 1 2 3 -1'>
					<Coordinate point='0.814154 -8.696593 8.216205 3.194407 -8.409824 9.100992 3.172756 -10.131017 10.367180 0.317514 -10.383124 9.359296'/>
				</IndexedFaceSet>
			</Shape>
			<Shape DEF='_IDX_80'>
				<Appearance DEF='Material_81_IDX_81'>
					<Material diffuseColor='0.893129 0.601317 0.220752'/>
					
				</Appearance>
				<IndexedFaceSet solid="false" coordIndex='0 1 2 3 -1'>
					<Coordinate point='1.237305 -7.341072 7.178505 3.218629 -7.020861 7.951545 3.194407 -8.409824 9.100992 0.814154 -8.696593 8.216205'/>
				</IndexedFaceSet>
			</Shape>
			<Shape DEF='_IDX_81'>
				<Appearance DEF='Material_82_IDX_82'>
					<Material diffuseColor='0.869988 0.655585 0.233107'/>
					
				</Appearance>
				<IndexedFaceSet solid="false" coordIndex='0 1 2 3 -1'>
					<Coordinate point='1.596575 -6.266915 6.232887 3.244761 -5.912979 6.904094 3.218629 -7.020861 7.951545 1.237305 -7.341072 7.178505'/>
				</IndexedFaceSet>
			</Shape>
			<Shape DEF='_IDX_82'>
				<Appearance DEF='Material_83_IDX_83'>
					<Material diffuseColor='0.836557 0.690466 0.246048'/>
					
				</Appearance>
				<IndexedFaceSet solid="false" coordIndex='0 1 2 3 -1'>
					<Coordinate point='1.900540 -5.431208 5.367219 3.272805 -5.042436 5.945205 3.244761 -5.912979 6.904094 1.596575 -6.266915 6.232887'/>
				</IndexedFaceSet>
			</Shape>
			<Shape DEF='_IDX_83'>
				<Appearance DEF='Material_84_IDX_84'>
					<Material diffuseColor='0.817983 0.704036 0.252584'/>
					
				</Appearance>
				<IndexedFaceSet solid="false" coordIndex='0 1 2 3 -1'>
					<Coordinate point='1.900540 -5.431208 5.367219 3.272805 -5.042436 5.945205 3.272805 -5.042436 5.945205 1.900540 -5.431208 5.367219'/>
				</IndexedFaceSet>
			</Shape>
			<Shape DEF='_IDX_84'>
				<Appearance DEF='Material_85_IDX_85'>
					<Material diffuseColor='0.797968 0.718660 0.259626'/>
					
				</Appearance>
				<IndexedFaceSet solid="false" coordIndex='0 1 2 3 -1'>
					<Coordinate point='2.199323 -4.701872 4.434431 3.309722 -4.270342 4.911966 3.272805 -5.042436 5.945205 1.900540 -5.431208 5.367219'/>
				</IndexedFaceSet>
			</Shape>
			<Shape DEF='_IDX_85'>
				<Appearance DEF='Material_86_IDX_86'>
					<Material diffuseColor='0.749234 0.732009 0.280238'/>
					
				</Appearance>
				<IndexedFaceSet solid="false" coordIndex='0 1 2 3 -1'>
					<Coordinate point='2.447869 -4.200078 3.580708 3.354485 -3.724214 3.966308 3.309722 -4.270342 4.911966 2.199323 -4.701872 4.434431'/>
				</IndexedFaceSet>
			</Shape>
			<Shape DEF='_IDX_86'>
				<Appearance DEF='Material_87_IDX_87'>
					<Material diffuseColor='0.703321 0.742611 0.300214'/>
					
				</Appearance>
				<IndexedFaceSet solid="false" coordIndex='0 1 2 3 -1'>
					<Coordinate point='2.662711 -3.882857 2.790831 3.413346 -3.361245 3.091370 3.354485 -3.724214 3.966308 2.447869 -4.200078 3.580708'/>
				</IndexedFaceSet>
			</Shape>
			<Shape DEF='_IDX_87'>
				<Appearance DEF='Material_88_IDX_88'>
					<Material diffuseColor='0.656963 0.743147 0.328500'/>
					
				</Appearance>
				<IndexedFaceSet solid="false" coordIndex='0 1 2 3 -1'>
					<Coordinate point='2.861738 -3.716085 2.050714 3.494817 -3.146722 2.271551 3.413346 -3.361245 3.091370 2.662711 -3.882857 2.790831'/>
				</IndexedFaceSet>
			</Shape>
			<Shape DEF='_IDX_88'>
				<Appearance DEF='Material_89_IDX_89'>
					<Material diffuseColor='0.613219 0.743654 0.355190'/>
					
				</Appearance>
				<IndexedFaceSet solid="false" coordIndex='0 1 2 3 -1'>
					<Coordinate point='3.063454 -3.673743 1.347161 3.609267 -3.053031 1.492234 3.494817 -3.146722 2.271551 2.861738 -3.716085 2.050714'/>
				</IndexedFaceSet>
			</Shape>
			<Shape DEF='_IDX_89'>
				<Appearance DEF='Material_90_IDX_90'>
					<Material diffuseColor='0.572489 0.738569 0.389221'/>
					
				</Appearance>
				<IndexedFaceSet solid="false" coordIndex='0 1 2 3 -1'>
					<Coordinate point='3.286400 -3.736795 0.667629 3.768571 -3.058607 0.739525 3.609267 -3.053031 1.492234 3.063454 -3.673743 1.347161'/>
				</IndexedFaceSet>
			</Shape>
			<Shape DEF='_IDX_90'>
				<Appearance DEF='Material_91_IDX_91'>
					<Material diffuseColor='0.532991 0.732786 0.423629'/>
					
				</Appearance>
				<IndexedFaceSet solid="false" coordIndex='0 1 2 3 -1'>
					<Coordinate point='3.549030 -3.891902 0.000000 3.985994 -3.146845 0.000001 3.768571 -3.058607 0.739525 3.286400 -3.736795 0.667629'/>
				</IndexedFaceSet>
			</Shape>
			<Shape DEF='_IDX_91'>
				<Appearance DEF='Material_92_IDX_92'>
					<Material diffuseColor='0.883571 0.328702 0.167443'/>
					
				</Appearance>
				<IndexedFaceSet solid="false" coordIndex='0 1 2 3 -1'>
					<Coordinate point='3.172756 -10.131017 10.367180 6.021775 -9.198010 11.143478 6.565270 -11.226500 12.647421 3.154688 -12.244520 11.766352'/>
				</IndexedFaceSet>
			</Shape>
			<Shape DEF='_IDX_92'>
				<Appearance DEF='Material_93_IDX_93'>
					<Material diffuseColor='0.902785 0.458753 0.192925'/>
					
				</Appearance>
				<IndexedFaceSet solid="false" coordIndex='0 1 2 3 -1'>
					<Coordinate point='3.194407 -8.409824 9.100992 5.570308 -7.546337 9.782477 6.021775 -9.198010 11.143478 3.172756 -10.131017 10.367180'/>
				</IndexedFaceSet>
			</Shape>
			<Shape DEF='_IDX_93'>
				<Appearance DEF='Material_94_IDX_94'>
					<Material diffuseColor='0.901424 0.554095 0.211073'/>
					
				</Appearance>
				<IndexedFaceSet solid="false" coordIndex='0 1 2 3 -1'>
					<Coordinate point='3.218629 -7.020861 7.951545 5.196882 -6.212645 8.546960 5.570308 -7.546337 9.782477 3.194407 -8.409824 9.100992'/>
				</IndexedFaceSet>
			</Shape>
			<Shape DEF='_IDX_94'>
				<Appearance DEF='Material_95_IDX_95'>
					<Material diffuseColor='0.884141 0.622394 0.225550'/>
					
				</Appearance>
				<IndexedFaceSet solid="false" coordIndex='0 1 2 3 -1'>
					<Coordinate point='3.244761 -5.912979 6.904094 4.890001 -5.146977 7.421076 5.196882 -6.212645 8.546960 3.218629 -7.020861 7.951545'/>
				</IndexedFaceSet>
			</Shape>
			<Shape DEF='_IDX_95'>
				<Appearance DEF='Material_96_IDX_96'>
					<Material diffuseColor='0.859069 0.674018 0.238127'/>
					
				</Appearance>
				<IndexedFaceSet solid="false" coordIndex='0 1 2 3 -1'>
					<Coordinate point='3.272805 -5.042436 5.945205 4.640514 -4.306792 6.390384 4.890001 -5.146977 7.421076 3.244761 -5.912979 6.904094'/>
				</IndexedFaceSet>
			</Shape>
			<Shape DEF='_IDX_96'>
				<Appearance DEF='Material_97_IDX_97'>
					<Material diffuseColor='0.838814 0.688816 0.245254'/>
					
				</Appearance>
				<IndexedFaceSet solid="false" coordIndex='0 1 2 3 -1'>
					<Coordinate point='3.272805 -5.042436 5.945205 4.640514 -4.306792 6.390384 4.640514 -4.306792 6.390384 3.272805 -5.042436 5.945205'/>
				</IndexedFaceSet>
			</Shape>
			<Shape DEF='_IDX_97'>
				<Appearance DEF='Material_98_IDX_98'>
					<Material diffuseColor='0.816990 0.704762 0.252933'/>
					
				</Appearance>
				<IndexedFaceSet solid="false" coordIndex='0 1 2 3 -1'>
					<Coordinate point='3.309722 -4.270342 4.911966 4.410861 -3.556906 5.279776 4.640514 -4.306792 6.390384 3.272805 -5.042436 5.945205'/>
				</IndexedFaceSet>
			</Shape>
			<Shape DEF='_IDX_98'>
				<Appearance DEF='Material_99_IDX_99'>
					<Material diffuseColor='0.769423 0.727174 0.271591'/>
					
				</Appearance>
				<IndexedFaceSet solid="false" coordIndex='0 1 2 3 -1'>
					<Coordinate point='3.354485 -3.724214 3.966308 4.243923 -3.020025 4.263307 4.410861 -3.556906 5.279776 3.309722 -4.270342 4.911966'/>
				</IndexedFaceSet>
			</Shape>
			<Shape DEF='_IDX_99'>
				<Appearance DEF='Material_100_IDX_100'>
					<Material diffuseColor='0.719509 0.739126 0.292969'/>
					
				</Appearance>
				<IndexedFaceSet solid="false" coordIndex='0 1 2 3 -1'>
					<Coordinate point='3.413346 -3.361245 3.091370 4.135994 -2.654714 3.322853 4.243923 -3.020025 4.263307 3.354485 -3.724214 3.966308'/>
				</IndexedFaceSet>
			</Shape>
			<Shape DEF='_IDX_100'>
				<Appearance DEF='Material_101_IDX_101'>
					<Material diffuseColor='0.670231 0.742994 0.320405'/>
					
				</Appearance>
				<IndexedFaceSet solid="false" coordIndex='0 1 2 3 -1'>
					<Coordinate point='3.494817 -3.146722 2.271551 4.086787 -2.426896 2.441646 4.135994 -2.654714 3.322853 3.413346 -3.361245 3.091370'/>
				</IndexedFaceSet>
			</Shape>
			<Shape DEF='_IDX_101'>
				<Appearance DEF='Material_102_IDX_102'>
					<Material diffuseColor='0.622531 0.743546 0.349509'/>
					
				</Appearance>
				<IndexedFaceSet solid="false" coordIndex='0 1 2 3 -1'>
					<Coordinate point='3.609267 -3.053031 1.492234 4.099013 -2.308708 1.603974 4.086787 -2.426896 2.441646 3.494817 -3.146722 2.271551'/>
				</IndexedFaceSet>
			</Shape>
			<Shape DEF='_IDX_102'>
				<Appearance DEF='Material_103_IDX_103'>
					<Material diffuseColor='0.577831 0.739352 0.384566'/>
					
				</Appearance>
				<IndexedFaceSet solid="false" coordIndex='0 1 2 3 -1'>
					<Coordinate point='3.768571 -3.058607 0.739525 4.178042 -2.277436 0.794900 4.099013 -2.308708 1.603974 3.609267 -3.053031 1.492234'/>
				</IndexedFaceSet>
			</Shape>
			<Shape DEF='_IDX_103'>
				<Appearance DEF='Material_104_IDX_104'>
					<Material diffuseColor='0.534762 0.733045 0.422087'/>
					
				</Appearance>
				<IndexedFaceSet solid="false" coordIndex='0 1 2 3 -1'>
					<Coordinate point='3.985994 -3.146845 0.000001 4.331727 -2.314499 0.000001 4.178042 -2.277436 0.794900 3.768571 -3.058607 0.739525'/>
				</IndexedFaceSet>
			</Shape>
			<Shape DEF='_IDX_104'>
				<Appearance DEF='Material_105_IDX_105'>
					<Material diffuseColor='0.874164 0.262398 0.155092'/>
					
				</Appearance>
				<IndexedFaceSet solid="false" coordIndex='0 1 2 3 -1'>
					<Coordinate point='6.021775 -9.198010 11.143478 8.711140 -7.611101 11.670851 9.787146 -9.434038 13.245968 6.565270 -11.226500 12.647421'/>
				</IndexedFaceSet>
			</Shape>
			<Shape DEF='_IDX_105'>
				<Appearance DEF='Material_106_IDX_106'>
					<Material diffuseColor='0.894830 0.401843 0.181790'/>
					
				</Appearance>
				<IndexedFaceSet solid="false" coordIndex='0 1 2 3 -1'>
					<Coordinate point='5.570308 -7.546337 9.782477 7.810894 -6.130995 10.245440 8.711140 -7.611101 11.670851 6.021775 -9.198010 11.143478'/>
				</IndexedFaceSet>
			</Shape>
			<Shape DEF='_IDX_106'>
				<Appearance DEF='Material_107_IDX_107'>
					<Material diffuseColor='0.902006 0.513304 0.203309'/>
					
				</Appearance>
				<IndexedFaceSet solid="false" coordIndex='0 1 2 3 -1'>
					<Coordinate point='5.196882 -6.212645 8.546960 7.059841 -4.939242 8.951449 7.810894 -6.130995 10.245440 5.570308 -7.546337 9.782477'/>
				</IndexedFaceSet>
			</Shape>
			<Shape DEF='_IDX_107'>
				<Appearance DEF='Material_108_IDX_108'>
					<Material diffuseColor='0.894483 0.598142 0.220029'/>
					
				</Appearance>
				<IndexedFaceSet solid="false" coordIndex='0 1 2 3 -1'>
					<Coordinate point='4.890001 -5.146977 7.421076 6.435893 -3.989625 7.772283 7.059841 -4.939242 8.951449 5.196882 -6.212645 8.546960'/>
				</IndexedFaceSet>
			</Shape>
			<Shape DEF='_IDX_108'>
				<Appearance DEF='Material_109_IDX_109'>
					<Material diffuseColor='0.870041 0.655461 0.233078'/>
					
				</Appearance>
				<IndexedFaceSet solid="false" coordIndex='0 1 2 3 -1'>
					<Coordinate point='4.640514 -4.306792 6.390384 5.920909 -3.242840 6.692813 6.435893 -3.989625 7.772283 4.890001 -5.146977 7.421076'/>
				</IndexedFaceSet>
			</Shape>
			<Shape DEF='_IDX_109'>
				<Appearance DEF='Material_110_IDX_110'>
					<Material diffuseColor='0.854036 0.677695 0.239898'/>
					
				</Appearance>
				<IndexedFaceSet solid="false" coordIndex='0 1 2 3 -1'>
					<Coordinate point='4.640514 -4.306792 6.390384 5.920909 -3.242840 6.692813 5.920909 -3.242840 6.692813 4.640514 -4.306792 6.390384'/>
				</IndexedFaceSet>
			</Shape>
			<Shape DEF='_IDX_110'>
				<Appearance DEF='Material_111_IDX_111'>
					<Material diffuseColor='0.830889 0.694607 0.248043'/>
					
				</Appearance>
				<IndexedFaceSet solid="false" coordIndex='0 1 2 3 -1'>
					<Coordinate point='4.410861 -3.556906 5.279776 5.434071 -2.577749 5.529644 5.920909 -3.242840 6.692813 4.640514 -4.306792 6.390384'/>
				</IndexedFaceSet>
			</Shape>
			<Shape DEF='_IDX_111'>
				<Appearance DEF='Material_112_IDX_112'>
					<Material diffuseColor='0.784175 0.723642 0.265272'/>
					
				</Appearance>
				<IndexedFaceSet solid="false" coordIndex='0 1 2 3 -1'>
					<Coordinate point='4.243923 -3.020025 4.263307 5.059994 -2.101895 4.465070 5.434071 -2.577749 5.529644 4.410861 -3.556906 5.279776'/>
				</IndexedFaceSet>
			</Shape>
			<Shape DEF='_IDX_112'>
				<Appearance DEF='Material_113_IDX_113'>
					<Material diffuseColor='0.731236 0.736318 0.287946'/>
					
				</Appearance>
				<IndexedFaceSet solid="false" coordIndex='0 1 2 3 -1'>
					<Coordinate point='4.135994 -2.654714 3.322853 4.785532 -1.776815 3.480109 5.059994 -2.101895 4.465070 4.243923 -3.020025 4.263307'/>
				</IndexedFaceSet>
			</Shape>
			<Shape DEF='_IDX_113'>
				<Appearance DEF='Material_114_IDX_114'>
					<Material diffuseColor='0.679926 0.742882 0.314489'/>
					
				</Appearance>
				<IndexedFaceSet solid="false" coordIndex='0 1 2 3 -1'>
					<Coordinate point='4.086787 -2.426896 2.441646 4.602153 -1.570477 2.557198 4.785532 -1.776815 3.480109 4.135994 -2.654714 3.322853'/>
				</IndexedFaceSet>
			</Shape>
			<Shape DEF='_IDX_114'>
				<Appearance DEF='Material_115_IDX_115'>
					<Material diffuseColor='0.629335 0.743467 0.345357'/>
					
				</Appearance>
				<IndexedFaceSet solid="false" coordIndex='0 1 2 3 -1'>
					<Coordinate point='4.099013 -2.308708 1.603974 4.505365 -1.456103 1.679883 4.602153 -1.570477 2.557198 4.086787 -2.426896 2.441646'/>
				</IndexedFaceSet>
			</Shape>
			<Shape DEF='_IDX_115'>
				<Appearance DEF='Material_116_IDX_116'>
					<Material diffuseColor='0.581735 0.739923 0.381165'/>
					
				</Appearance>
				<IndexedFaceSet solid="false" coordIndex='0 1 2 3 -1'>
					<Coordinate point='4.178042 -2.277436 0.794900 4.494255 -1.411114 0.832520 4.505365 -1.456103 1.679883 4.099013 -2.308708 1.603974'/>
				</IndexedFaceSet>
			</Shape>
			<Shape DEF='_IDX_116'>
				<Appearance DEF='Material_117_IDX_117'>
					<Material diffuseColor='0.536055 0.733235 0.420960'/>
					
				</Appearance>
				<IndexedFaceSet solid="false" coordIndex='0 1 2 3 -1'>
					<Coordinate point='4.331727 -2.314499 0.000001 4.571210 -1.416150 0.000001 4.494255 -1.411114 0.832520 4.178042 -2.277436 0.794900'/>
				</IndexedFaceSet>
			</Shape>
			<Shape DEF='_IDX_117'>
				<Appearance DEF='Material_118_IDX_118'>
					<Material diffuseColor='0.868972 0.221833 0.147997'/>
					
				</Appearance>
				<IndexedFaceSet solid="false" coordIndex='0 1 2 3 -1'>
					<Coordinate point='8.711140 -7.611101 11.670851 11.095570 -5.429336 11.937515 12.649035 -6.935067 13.548621 9.787146 -9.434038 13.245968'/>
				</IndexedFaceSet>
			</Shape>
			<Shape DEF='_IDX_118'>
				<Appearance DEF='Material_119_IDX_119'>
					<Material diffuseColor='0.889383 0.366459 0.174850'/>
					
				</Appearance>
				<IndexedFaceSet solid="false" coordIndex='0 1 2 3 -1'>
					<Coordinate point='7.810894 -6.130995 10.245440 9.792681 -4.215303 10.479535 11.095570 -5.429336 11.937515 8.711140 -7.611101 11.670851'/>
				</IndexedFaceSet>
			</Shape>
			<Shape DEF='_IDX_119'>
				<Appearance DEF='Material_120_IDX_120'>
					<Material diffuseColor='0.902361 0.488460 0.198580'/>
					
				</Appearance>
				<IndexedFaceSet solid="false" coordIndex='0 1 2 3 -1'>
					<Coordinate point='7.059841 -4.939242 8.951449 8.702369 -3.245672 9.155979 9.792681 -4.215303 10.479535 7.810894 -6.130995 10.245440'/>
				</IndexedFaceSet>
			</Shape>
			<Shape DEF='_IDX_120'>
				<Appearance DEF='Material_121_IDX_121'>
					<Material diffuseColor='0.900782 0.583371 0.216666'/>
					
				</Appearance>
				<IndexedFaceSet solid="false" coordIndex='0 1 2 3 -1'>
					<Coordinate point='6.435893 -3.989625 7.772283 7.792869 -2.480312 7.949870 8.702369 -3.245672 9.155979 7.059841 -4.939242 8.951449'/>
				</IndexedFaceSet>
			</Shape>
			<Shape DEF='_IDX_121'>
				<Appearance DEF='Material_122_IDX_122'>
					<Material diffuseColor='0.875489 0.642685 0.230170'/>
					
				</Appearance>
				<IndexedFaceSet solid="false" coordIndex='0 1 2 3 -1'>
					<Coordinate point='5.920909 -3.242840 6.692813 7.037803 -1.885083 6.845736 7.792869 -2.480312 7.949870 6.435893 -3.989625 7.772283'/>
				</IndexedFaceSet>
			</Shape>
			<Shape DEF='_IDX_122'>
				<Appearance DEF='Material_123_IDX_123'>
					<Material diffuseColor='0.863307 0.670921 0.236636'/>
					
				</Appearance>
				<IndexedFaceSet solid="false" coordIndex='0 1 2 3 -1'>
					<Coordinate point='5.920909 -3.242840 6.692813 7.037803 -1.885083 6.845736 7.037803 -1.885083 6.845736 5.920909 -3.242840 6.692813'/>
				</IndexedFaceSet>
			</Shape>
			<Shape DEF='_IDX_123'>
				<Appearance DEF='Material_124_IDX_124'>
					<Material diffuseColor='0.839354 0.688422 0.245064'/>
					
				</Appearance>
				<IndexedFaceSet solid="false" coordIndex='0 1 2 3 -1'>
					<Coordinate point='5.434071 -2.577749 5.529644 6.316784 -1.362546 5.655990 7.037803 -1.885083 6.845736 5.920909 -3.242840 6.692813'/>
				</IndexedFaceSet>
			</Shape>
			<Shape DEF='_IDX_124'>
				<Appearance DEF='Material_125_IDX_125'>
					<Material diffuseColor='0.793160 0.721491 0.261424'/>
					
				</Appearance>
				<IndexedFaceSet solid="false" coordIndex='0 1 2 3 -1'>
					<Coordinate point='5.059994 -2.101895 4.465070 5.751935 -0.995747 4.567091 6.316784 -1.362546 5.655990 5.434071 -2.577749 5.529644'/>
				</IndexedFaceSet>
			</Shape>
			<Shape DEF='_IDX_125'>
				<Appearance DEF='Material_126_IDX_126'>
					<Material diffuseColor='0.738379 0.734608 0.284887'/>
					
				</Appearance>
				<IndexedFaceSet solid="false" coordIndex='0 1 2 3 -1'>
					<Coordinate point='4.785532 -1.776815 3.480109 5.321520 -0.750890 3.559625 5.751935 -0.995747 4.567091 5.059994 -2.101895 4.465070'/>
				</IndexedFaceSet>
			</Shape>
			<Shape DEF='_IDX_126'>
				<Appearance DEF='Material_127_IDX_127'>
					<Material diffuseColor='0.685831 0.742813 0.310886'/>
					
				</Appearance>
				<IndexedFaceSet solid="false" coordIndex='0 1 2 3 -1'>
					<Coordinate point='4.602153 -1.570477 2.557198 5.009511 -0.599444 2.615627 5.321520 -0.750890 3.559625 4.785532 -1.776815 3.480109'/>
				</IndexedFaceSet>
			</Shape>
			<Shape DEF='_IDX_127'>
				<Appearance DEF='Material_128_IDX_128'>
					<Material diffuseColor='0.633480 0.743419 0.342829'/>
					
				</Appearance>
				<IndexedFaceSet solid="false" coordIndex='0 1 2 3 -1'>
					<Coordinate point='4.505365 -1.456103 1.679883 4.804787 -0.517036 1.718266 5.009511 -0.599444 2.615627 4.602153 -1.570477 2.557198'/>
				</IndexedFaceSet>
			</Shape>
			<Shape DEF='_IDX_128'>
				<Appearance DEF='Material_129_IDX_129'>
					<Material diffuseColor='0.584113 0.740272 0.379094'/>
					
				</Appearance>
				<IndexedFaceSet solid="false" coordIndex='0 1 2 3 -1'>
					<Coordinate point='4.494255 -1.411114 0.832520 4.700518 -0.482451 0.851542 4.804787 -0.517036 1.718266 4.505365 -1.456103 1.679883'/>
				</IndexedFaceSet>
			</Shape>
			<Shape DEF='_IDX_129'>
				<Appearance DEF='Material_130_IDX_130'>
					<Material diffuseColor='0.536843 0.733350 0.420274'/>
					
				</Appearance>
				<IndexedFaceSet solid="false" coordIndex='0 1 2 3 -1'>
					<Coordinate point='4.571210 -1.416150 0.000001 4.693733 -0.476701 0.000001 4.700518 -0.482451 0.851542 4.494255 -1.411114 0.832520'/>
				</IndexedFaceSet>
			</Shape>
			<Shape DEF='_IDX_130'>
				<Appearance DEF='Material_131_IDX_131'>
					<Material diffuseColor='0.867228 0.208210 0.145614'/>
					
				</Appearance>
				<IndexedFaceSet solid="false" coordIndex='0 1 2 3 -1'>
					<Coordinate point='11.095570 -5.429336 11.937515 13.045236 -2.741504 11.937515 14.997579 -3.833111 13.548621 12.649035 -6.935067 13.548621'/>
				</IndexedFaceSet>
			</Shape>
			<Shape DEF='_IDX_131'>
				<Appearance DEF='Material_132_IDX_132'>
					<Material diffuseColor='0.887554 0.354576 0.172519'/>
					
				</Appearance>
				<IndexedFaceSet solid="false" coordIndex='0 1 2 3 -1'>
					<Coordinate point='9.792681 -4.215303 10.479535 11.405669 -1.875592 10.479535 13.045236 -2.741504 11.937515 11.095570 -5.429336 11.937515'/>
				</IndexedFaceSet>
			</Shape>
			<Shape DEF='_IDX_132'>
				<Appearance DEF='Material_133_IDX_133'>
					<Material diffuseColor='0.902480 0.480116 0.196992'/>
					
				</Appearance>
				<IndexedFaceSet solid="false" coordIndex='0 1 2 3 -1'>
					<Coordinate point='8.702369 -3.245672 9.155979 10.031231 -1.197704 9.155979 11.405669 -1.875592 10.479535 9.792681 -4.215303 10.479535'/>
				</IndexedFaceSet>
			</Shape>
			<Shape DEF='_IDX_133'>
				<Appearance DEF='Material_134_IDX_134'>
					<Material diffuseColor='0.901106 0.576356 0.215310'/>
					
				</Appearance>
				<IndexedFaceSet solid="false" coordIndex='0 1 2 3 -1'>
					<Coordinate point='7.792869 -2.480312 7.949870 8.881971 -0.675842 7.949870 10.031231 -1.197704 9.155979 8.702369 -3.245672 9.155979'/>
				</IndexedFaceSet>
			</Shape>
			<Shape DEF='_IDX_134'>
				<Appearance DEF='Material_135_IDX_135'>
					<Material diffuseColor='0.877318 0.638394 0.229193'/>
					
				</Appearance>
				<IndexedFaceSet solid="false" coordIndex='0 1 2 3 -1'>
					<Coordinate point='7.037803 -1.885083 6.845736 7.924513 -0.282729 6.845736 8.881971 -0.675842 7.949870 7.792869 -2.480312 7.949870'/>
				</IndexedFaceSet>
			</Shape>
			<Shape DEF='_IDX_135'>
				<Appearance DEF='Material_136_IDX_136'>
					<Material diffuseColor='0.865094 0.667062 0.235720'/>
					
				</Appearance>
				<IndexedFaceSet solid="false" coordIndex='0 1 2 3 -1'>
					<Coordinate point='7.037803 -1.885083 6.845736 7.924513 -0.282729 6.845736 7.924513 -0.282729 6.845736 7.037803 -1.885083 6.845736'/>
				</IndexedFaceSet>
			</Shape>
			<Shape DEF='_IDX_136'>
				<Appearance DEF='Material_137_IDX_137'>
					<Material diffuseColor='0.842197 0.686345 0.244064'/>
					
				</Appearance>
				<IndexedFaceSet solid="false" coordIndex='0 1 2 3 -1'>
					<Coordinate point='6.316784 -1.362546 5.655990 7.004755 0.046890 5.655990 7.924513 -0.282729 6.845736 7.037803 -1.885083 6.845736'/>
				</IndexedFaceSet>
			</Shape>
			<Shape DEF='_IDX_137'>
				<Appearance DEF='Material_138_IDX_138'>
					<Material diffuseColor='0.795803 0.720241 0.260388'/>
					
				</Appearance>
				<IndexedFaceSet solid="false" coordIndex='0 1 2 3 -1'>
					<Coordinate point='5.751935 -0.995747 4.567091 6.276227 0.262447 4.567091 7.004755 0.046890 5.655990 6.316784 -1.362546 5.655990'/>
				</IndexedFaceSet>
			</Shape>
			<Shape DEF='_IDX_138'>
				<Appearance DEF='Material_139_IDX_139'>
					<Material diffuseColor='0.740777 0.734033 0.283860'/>
					
				</Appearance>
				<IndexedFaceSet solid="false" coordIndex='0 1 2 3 -1'>
					<Coordinate point='5.321520 -0.750890 3.559625 5.709822 0.391479 3.559625 6.276227 0.262447 4.567091 5.751935 -0.995747 4.567091'/>
				</IndexedFaceSet>
			</Shape>
			<Shape DEF='_IDX_139'>
				<Appearance DEF='Material_140_IDX_140'>
					<Material diffuseColor='0.687814 0.742790 0.309676'/>
					
				</Appearance>
				<IndexedFaceSet solid="false" coordIndex='0 1 2 3 -1'>
					<Coordinate point='5.009511 -0.599444 2.615627 5.283013 0.457630 2.615627 5.709822 0.391479 3.559625 5.321520 -0.750890 3.559625'/>
				</IndexedFaceSet>
			</Shape>
			<Shape DEF='_IDX_140'>
				<Appearance DEF='Material_141_IDX_141'>
					<Material diffuseColor='0.634871 0.743403 0.341979'/>
					
				</Appearance>
				<IndexedFaceSet solid="false" coordIndex='0 1 2 3 -1'>
					<Coordinate point='4.804787 -0.517036 1.718266 4.978837 0.481622 1.718266 5.283013 0.457630 2.615627 5.009511 -0.599444 2.615627'/>
				</IndexedFaceSet>
			</Shape>
			<Shape DEF='_IDX_141'>
				<Appearance DEF='Material_142_IDX_142'>
					<Material diffuseColor='0.584912 0.740388 0.378398'/>
					
				</Appearance>
				<IndexedFaceSet solid="false" coordIndex='0 1 2 3 -1'>
					<Coordinate point='4.700518 -0.482451 0.851542 4.785088 0.482144 0.851542 4.978837 0.481622 1.718266 4.804787 -0.517036 1.718266'/>
				</IndexedFaceSet>
			</Shape>
			<Shape DEF='_IDX_142'>
				<Appearance DEF='Material_143_IDX_143'>
					<Material diffuseColor='0.537108 0.733389 0.420043'/>
					
				</Appearance>
				<IndexedFaceSet solid="false" coordIndex='0 1 2 3 -1'>
					<Coordinate point='4.693733 -0.476701 0.000001 4.693733 0.476701 0.000001 4.785088 0.482144 0.851542 4.700518 -0.482451 0.851542'/>
				</IndexedFaceSet>
			</Shape>
			<Shape DEF='_IDX_143'>
				<Appearance USE='Material_118_IDX_118'/>
				<IndexedFaceSet solid="false" coordIndex='0 1 2 3 -1'>
					<Coordinate point='13.045236 -2.741504 11.937515 14.452206 0.337825 11.670851 16.705059 -0.262525 13.245968 14.997579 -3.833111 13.548621'/>
				</IndexedFaceSet>
			</Shape>
			<Shape DEF='_IDX_144'>
				<Appearance DEF='Material_144_IDX_144'>
					<Material diffuseColor='0.889383 0.366459 0.174850'/>
					
				</Appearance>
				<IndexedFaceSet solid="false" coordIndex='0 1 2 3 -1'>
					<Coordinate point='11.405669 -1.875592 10.479535 12.558648 0.790267 10.245440 14.452206 0.337825 11.670851 13.045236 -2.741504 11.937515'/>
				</IndexedFaceSet>
			</Shape>
			<Shape DEF='_IDX_145'>
				<Appearance USE='Material_120_IDX_120'/>
				<IndexedFaceSet solid="false" coordIndex='0 1 2 3 -1'>
					<Coordinate point='10.031231 -1.197704 9.155979 10.969415 1.120897 8.951449 12.558648 0.790267 10.245440 11.405669 -1.875592 10.479535'/>
				</IndexedFaceSet>
			</Shape>
			<Shape DEF='_IDX_146'>
				<Appearance DEF='Material_145_IDX_145'>
					<Material diffuseColor='0.900782 0.583371 0.216666'/>
					
				</Appearance>
				<IndexedFaceSet solid="false" coordIndex='0 1 2 3 -1'>
					<Coordinate point='8.881971 -0.675842 7.949870 9.638314 1.351940 7.772283 10.969415 1.120897 8.951449 10.031231 -1.197704 9.155979'/>
				</IndexedFaceSet>
			</Shape>
			<Shape DEF='_IDX_147'>
				<Appearance USE='Material_122_IDX_122'/>
				<IndexedFaceSet solid="false" coordIndex='0 1 2 3 -1'>
					<Coordinate point='7.924513 -0.282729 6.845736 8.526610 1.502424 6.692813 9.638314 1.351940 7.772283 8.881971 -0.675842 7.949870'/>
				</IndexedFaceSet>
			</Shape>
			<Shape DEF='_IDX_148'>
				<Appearance USE='Material_123_IDX_123'/>
				<IndexedFaceSet solid="false" coordIndex='0 1 2 3 -1'>
					<Coordinate point='7.924513 -0.282729 6.845736 8.526610 1.502424 6.692813 8.526610 1.502424 6.692813 7.924513 -0.282729 6.845736'/>
				</IndexedFaceSet>
			</Shape>
			<Shape DEF='_IDX_149'>
				<Appearance USE='Material_124_IDX_124'/>
				<IndexedFaceSet solid="false" coordIndex='0 1 2 3 -1'>
					<Coordinate point='7.004755 0.046890 5.655990 7.454181 1.598534 5.529644 8.526610 1.502424 6.692813 7.924513 -0.282729 6.845736'/>
				</IndexedFaceSet>
			</Shape>
			<Shape DEF='_IDX_150'>
				<Appearance USE='Material_125_IDX_125'/>
				<IndexedFaceSet solid="false" coordIndex='0 1 2 3 -1'>
					<Coordinate point='6.276227 0.262447 4.567091 6.598267 1.628492 4.465070 7.454181 1.598534 5.529644 7.004755 0.046890 5.655990'/>
				</IndexedFaceSet>
			</Shape>
			<Shape DEF='_IDX_151'>
				<Appearance DEF='Material_146_IDX_146'>
					<Material diffuseColor='0.738379 0.734608 0.284887'/>
					
				</Appearance>
				<IndexedFaceSet solid="false" coordIndex='0 1 2 3 -1'>
					<Coordinate point='5.709822 0.391479 3.559625 5.923951 1.612205 3.480109 6.598267 1.628492 4.465070 6.276227 0.262447 4.567091'/>
				</IndexedFaceSet>
			</Shape>
			<Shape DEF='_IDX_152'>
				<Appearance USE='Material_127_IDX_127'/>
				<IndexedFaceSet solid="false" coordIndex='0 1 2 3 -1'>
					<Coordinate point='5.283013 0.457630 2.615627 5.403480 1.567221 2.557198 5.923951 1.612205 3.480109 5.709822 0.391479 3.559625'/>
				</IndexedFaceSet>
			</Shape>
			<Shape DEF='_IDX_153'>
				<Appearance USE='Material_128_IDX_128'/>
				<IndexedFaceSet solid="false" coordIndex='0 1 2 3 -1'>
					<Coordinate point='4.978837 0.481622 1.718266 5.015049 1.509503 1.679883 5.403480 1.567221 2.557198 5.283013 0.457630 2.615627'/>
				</IndexedFaceSet>
			</Shape>
			<Shape DEF='_IDX_154'>
				<Appearance DEF='Material_147_IDX_147'>
					<Material diffuseColor='0.584113 0.740272 0.379094'/>
					
				</Appearance>
				<IndexedFaceSet solid="false" coordIndex='0 1 2 3 -1'>
					<Coordinate point='4.785088 0.482144 0.851542 4.741829 1.454152 0.832520 5.015049 1.509503 1.679883 4.978837 0.481622 1.718266'/>
				</IndexedFaceSet>
			</Shape>
			<Shape DEF='_IDX_155'>
				<Appearance USE='Material_130_IDX_130'/>
				<IndexedFaceSet solid="false" coordIndex='0 1 2 3 -1'>
					<Coordinate point='4.693733 0.476701 0.000001 4.571210 1.416151 0.000001 4.741829 1.454152 0.832520 4.785088 0.482144 0.851542'/>
				</IndexedFaceSet>
			</Shape>
			<Shape DEF='_IDX_156'>
				<Appearance USE='Material_105_IDX_105'/>
				<IndexedFaceSet solid="false" coordIndex='0 1 2 3 -1'>
					<Coordinate point='14.452206 0.337825 11.670851 15.235751 3.673635 11.143478 17.675772 3.617880 12.647421 16.705059 -0.262525 13.245968'/>
				</IndexedFaceSet>
			</Shape>
			<Shape DEF='_IDX_157'>
				<Appearance USE='Material_106_IDX_106'/>
				<IndexedFaceSet solid="false" coordIndex='0 1 2 3 -1'>
					<Coordinate point='12.558648 0.790267 10.245440 13.183589 3.667346 9.782477 15.235751 3.673635 11.143478 14.452206 0.337825 11.670851'/>
				</IndexedFaceSet>
			</Shape>
			<Shape DEF='_IDX_158'>
				<Appearance USE='Material_107_IDX_107'/>
				<IndexedFaceSet solid="false" coordIndex='0 1 2 3 -1'>
					<Coordinate point='10.969415 1.120897 8.951449 11.459713 3.612163 8.546960 13.183589 3.667346 9.782477 12.558648 0.790267 10.245440'/>
				</IndexedFaceSet>
			</Shape>
			<Shape DEF='_IDX_159'>
				<Appearance DEF='Material_148_IDX_148'>
					<Material diffuseColor='0.894483 0.598142 0.220029'/>
					
				</Appearance>
				<IndexedFaceSet solid="false" coordIndex='0 1 2 3 -1'>
					<Coordinate point='9.638314 1.351940 7.772283 10.013984 3.519379 7.421076 11.459713 3.612163 8.546960 10.969415 1.120897 8.951449'/>
				</IndexedFaceSet>
			</Shape>
			<Shape DEF='_IDX_160'>
				<Appearance USE='Material_109_IDX_109'/>
				<IndexedFaceSet solid="false" coordIndex='0 1 2 3 -1'>
					<Coordinate point='8.526610 1.502424 6.692813 8.804239 3.398790 6.390384 10.013984 3.519379 7.421076 9.638314 1.351940 7.772283'/>
				</IndexedFaceSet>
			</Shape>
			<Shape DEF='_IDX_161'>
				<Appearance USE='Material_110_IDX_110'/>
				<IndexedFaceSet solid="false" coordIndex='0 1 2 3 -1'>
					<Coordinate point='8.526610 1.502424 6.692813 8.804239 3.398790 6.390384 8.804239 3.398790 6.390384 8.526610 1.502424 6.692813'/>
				</IndexedFaceSet>
			</Shape>
			<Shape DEF='_IDX_162'>
				<Appearance USE='Material_111_IDX_111'/>
				<IndexedFaceSet solid="false" coordIndex='0 1 2 3 -1'>
					<Coordinate point='7.454181 1.598534 5.529644 7.633469 3.232583 5.279776 8.804239 3.398790 6.390384 8.526610 1.502424 6.692813'/>
				</IndexedFaceSet>
			</Shape>
			<Shape DEF='_IDX_163'>
				<Appearance USE='Material_112_IDX_112'/>
				<IndexedFaceSet solid="false" coordIndex='0 1 2 3 -1'>
					<Coordinate point='6.598267 1.628492 4.465070 6.693711 3.052118 4.263307 7.633469 3.232583 5.279776 7.454181 1.598534 5.529644'/>
				</IndexedFaceSet>
			</Shape>
			<Shape DEF='_IDX_164'>
				<Appearance USE='Material_113_IDX_113'/>
				<IndexedFaceSet solid="false" coordIndex='0 1 2 3 -1'>
					<Coordinate point='5.923951 1.612205 3.480109 5.946088 2.868628 3.322853 6.693711 3.052118 4.263307 6.598267 1.628492 4.465070'/>
				</IndexedFaceSet>
			</Shape>
			<Shape DEF='_IDX_165'>
				<Appearance USE='Material_114_IDX_114'/>
				<IndexedFaceSet solid="false" coordIndex='0 1 2 3 -1'>
					<Coordinate point='5.403480 1.567221 2.557198 5.359134 2.692618 2.441646 5.946088 2.868628 3.322853 5.923951 1.612205 3.480109'/>
				</IndexedFaceSet>
			</Shape>
			<Shape DEF='_IDX_166'>
				<Appearance USE='Material_115_IDX_115'/>
				<IndexedFaceSet solid="false" coordIndex='0 1 2 3 -1'>
					<Coordinate point='5.015049 1.509503 1.679883 4.907425 2.534376 1.603974 5.359134 2.692618 2.441646 5.403480 1.567221 2.557198'/>
				</IndexedFaceSet>
			</Shape>
			<Shape DEF='_IDX_167'>
				<Appearance USE='Material_116_IDX_116'/>
				<IndexedFaceSet solid="false" coordIndex='0 1 2 3 -1'>
					<Coordinate point='4.741829 1.454152 0.832520 4.570457 2.404502 0.794900 4.907425 2.534376 1.603974 5.015049 1.509503 1.679883'/>
				</IndexedFaceSet>
			</Shape>
			<Shape DEF='_IDX_168'>
				<Appearance USE='Material_117_IDX_117'/>
				<IndexedFaceSet solid="false" coordIndex='0 1 2 3 -1'>
					<Coordinate point='4.571210 1.416151 0.000001 4.331727 2.314499 0.000001 4.570457 2.404502 0.794900 4.741829 1.454152 0.832520'/>
				</IndexedFaceSet>
			</Shape>
			<Shape DEF='_IDX_169'>
				<Appearance DEF='Material_149_IDX_149'>
					<Material diffuseColor='0.883571 0.328702 0.167443'/>
					
				</Appearance>
				<IndexedFaceSet solid="false" coordIndex='0 1 2 3 -1'>
					<Coordinate point='15.235751 3.673635 11.143478 15.346300 7.116908 10.367180 17.850784 7.632483 11.766352 17.675772 3.617880 12.647421'/>
				</IndexedFaceSet>
			</Shape>
			<Shape DEF='_IDX_170'>
				<Appearance USE='Material_93_IDX_93'/>
				<IndexedFaceSet solid="false" coordIndex='0 1 2 3 -1'>
					<Coordinate point='13.183589 3.667346 9.782477 13.238897 6.629086 9.100992 15.346300 7.116908 10.367180 15.235751 3.673635 11.143478'/>
				</IndexedFaceSet>
			</Shape>
			<Shape DEF='_IDX_171'>
				<Appearance USE='Material_94_IDX_94'/>
				<IndexedFaceSet solid="false" coordIndex='0 1 2 3 -1'>
					<Coordinate point='11.459713 3.612163 8.546960 11.467381 6.168503 7.951545 13.238897 6.629086 9.100992 13.183589 3.667346 9.782477'/>
				</IndexedFaceSet>
			</Shape>
			<Shape DEF='_IDX_172'>
				<Appearance USE='Material_95_IDX_95'/>
				<IndexedFaceSet solid="false" coordIndex='0 1 2 3 -1'>
					<Coordinate point='10.013984 3.519379 7.421076 9.980172 5.734910 6.904094 11.467381 6.168503 7.951545 11.459713 3.612163 8.546960'/>
				</IndexedFaceSet>
			</Shape>
			<Shape DEF='_IDX_173'>
				<Appearance USE='Material_96_IDX_96'/>
				<IndexedFaceSet solid="false" coordIndex='0 1 2 3 -1'>
					<Coordinate point='8.804239 3.398790 6.390384 8.733813 5.328336 5.945205 9.980172 5.734910 6.904094 10.013984 3.519379 7.421076'/>
				</IndexedFaceSet>
			</Shape>
			<Shape DEF='_IDX_174'>
				<Appearance USE='Material_97_IDX_97'/>
				<IndexedFaceSet solid="false" coordIndex='0 1 2 3 -1'>
					<Coordinate point='8.804239 3.398790 6.390384 8.733813 5.328336 5.945205 8.733813 5.328336 5.945205 8.804239 3.398790 6.390384'/>
				</IndexedFaceSet>
			</Shape>
			<Shape DEF='_IDX_175'>
				<Appearance USE='Material_98_IDX_98'/>
				<IndexedFaceSet solid="false" coordIndex='0 1 2 3 -1'>
					<Coordinate point='7.633469 3.232583 5.279776 7.524493 4.884262 4.911966 8.733813 5.328336 5.945205 8.804239 3.398790 6.390384'/>
				</IndexedFaceSet>
			</Shape>
			<Shape DEF='_IDX_176'>
				<Appearance USE='Material_99_IDX_99'/>
				<IndexedFaceSet solid="false" coordIndex='0 1 2 3 -1'>
					<Coordinate point='6.693711 3.052118 4.263307 6.549374 4.479374 3.966308 7.524493 4.884262 4.911966 7.633469 3.232583 5.279776'/>
				</IndexedFaceSet>
			</Shape>
			<Shape DEF='_IDX_177'>
				<Appearance USE='Material_100_IDX_100'/>
				<IndexedFaceSet solid="false" coordIndex='0 1 2 3 -1'>
					<Coordinate point='5.946088 2.868628 3.322853 5.767676 4.115594 3.091370 6.549374 4.479374 3.966308 6.693711 3.052118 4.263307'/>
				</IndexedFaceSet>
			</Shape>
			<Shape DEF='_IDX_178'>
				<Appearance USE='Material_101_IDX_101'/>
				<IndexedFaceSet solid="false" coordIndex='0 1 2 3 -1'>
					<Coordinate point='5.359134 2.692618 2.441646 5.145932 3.795753 2.271551 5.767676 4.115594 3.091370 5.946088 2.868628 3.322853'/>
				</IndexedFaceSet>
			</Shape>
			<Shape DEF='_IDX_179'>
				<Appearance USE='Material_102_IDX_102'/>
				<IndexedFaceSet solid="false" coordIndex='0 1 2 3 -1'>
					<Coordinate point='4.907425 2.534376 1.603974 4.656508 3.523799 1.492234 5.145932 3.795753 2.271551 5.359134 2.692618 2.441646'/>
				</IndexedFaceSet>
			</Shape>
			<Shape DEF='_IDX_180'>
				<Appearance USE='Material_103_IDX_103'/>
				<IndexedFaceSet solid="false" coordIndex='0 1 2 3 -1'>
					<Coordinate point='4.570457 2.404502 0.794900 4.276364 3.305099 0.739525 4.656508 3.523799 1.492234 4.907425 2.534376 1.603974'/>
				</IndexedFaceSet>
			</Shape>
			<Shape DEF='_IDX_181'>
				<Appearance USE='Material_104_IDX_104'/>
				<IndexedFaceSet solid="false" coordIndex='0 1 2 3 -1'>
					<Coordinate point='4.331727 2.314499 0.000001 3.985995 3.146845 0.000001 4.276364 3.305099 0.739525 4.570457 2.404502 0.794900'/>
				</IndexedFaceSet>
			</Shape>
			<Shape DEF='_IDX_182'>
				<Appearance USE='Material_79_IDX_79'/>
				<IndexedFaceSet solid="false" coordIndex='0 1 2 3 -1'>
					<Coordinate point='15.346300 7.116908 10.367180 14.767841 10.511807 9.359296 17.210840 11.597383 10.622441 17.850784 7.632483 11.766352'/>
				</IndexedFaceSet>
			</Shape>
			<Shape DEF='_IDX_183'>
				<Appearance USE='Material_80_IDX_80'/>
				<IndexedFaceSet solid="false" coordIndex='0 1 2 3 -1'>
					<Coordinate point='13.238897 6.629086 9.100992 12.711380 9.543353 8.216205 14.767841 10.511807 9.359296 15.346300 7.116908 10.367180'/>
				</IndexedFaceSet>
			</Shape>
			<Shape DEF='_IDX_184'>
				<Appearance DEF='Material_150_IDX_150'>
					<Material diffuseColor='0.893129 0.601317 0.220752'/>
					
				</Appearance>
				<IndexedFaceSet solid="false" coordIndex='0 1 2 3 -1'>
					<Coordinate point='11.467381 6.168503 7.951545 10.981709 8.677817 7.178505 12.711380 9.543353 8.216205 13.238897 6.629086 9.100992'/>
				</IndexedFaceSet>
			</Shape>
			<Shape DEF='_IDX_185'>
				<Appearance USE='Material_82_IDX_82'/>
				<IndexedFaceSet solid="false" coordIndex='0 1 2 3 -1'>
					<Coordinate point='9.980172 5.734910 6.904094 9.528419 7.903371 6.232887 10.981709 8.677817 7.178505 11.467381 6.168503 7.951545'/>
				</IndexedFaceSet>
			</Shape>
			<Shape DEF='_IDX_186'>
				<Appearance USE='Material_83_IDX_83'/>
				<IndexedFaceSet solid="false" coordIndex='0 1 2 3 -1'>
					<Coordinate point='8.733813 5.328336 5.945205 8.308960 7.210237 5.367219 9.528419 7.903371 6.232887 9.980172 5.734910 6.904094'/>
				</IndexedFaceSet>
			</Shape>
			<Shape DEF='_IDX_187'>
				<Appearance USE='Material_84_IDX_84'/>
				<IndexedFaceSet solid="false" coordIndex='0 1 2 3 -1'>
					<Coordinate point='8.733813 5.328336 5.945205 8.308960 7.210237 5.367219 8.308960 7.210237 5.367219 8.733813 5.328336 5.945205'/>
				</IndexedFaceSet>
			</Shape>
			<Shape DEF='_IDX_188'>
				<Appearance DEF='Material_151_IDX_151'>
					<Material diffuseColor='0.797968 0.718660 0.259626'/>
					
				</Appearance>
				<IndexedFaceSet solid="false" coordIndex='0 1 2 3 -1'>
					<Coordinate point='7.524493 4.884262 4.911966 7.123244 6.486859 4.434431 8.308960 7.210237 5.367219 8.733813 5.328336 5.945205'/>
				</IndexedFaceSet>
			</Shape>
			<Shape DEF='_IDX_189'>
				<Appearance DEF='Material_152_IDX_152'>
					<Material diffuseColor='0.749234 0.732009 0.280238'/>
					
				</Appearance>
				<IndexedFaceSet solid="false" coordIndex='0 1 2 3 -1'>
					<Coordinate point='6.549374 4.479374 3.966308 6.163613 5.855167 3.580708 7.123244 6.486859 4.434431 7.524493 4.884262 4.911966'/>
				</IndexedFaceSet>
			</Shape>
			<Shape DEF='_IDX_190'>
				<Appearance USE='Material_87_IDX_87'/>
				<IndexedFaceSet solid="false" coordIndex='0 1 2 3 -1'>
					<Coordinate point='5.767676 4.115594 3.091370 5.389566 5.307591 2.790831 6.163613 5.855167 3.580708 6.549374 4.479374 3.966308'/>
				</IndexedFaceSet>
			</Shape>
			<Shape DEF='_IDX_191'>
				<Appearance DEF='Material_153_IDX_153'>
					<Material diffuseColor='0.656963 0.743147 0.328500'/>
					
				</Appearance>
				<IndexedFaceSet solid="false" coordIndex='0 1 2 3 -1'>
					<Coordinate point='5.145932 3.795753 2.271551 4.767474 4.839022 2.050714 5.389566 5.307591 2.790831 5.767676 4.115594 3.091370'/>
				</IndexedFaceSet>
			</Shape>
			<Shape DEF='_IDX_192'>
				<Appearance USE='Material_89_IDX_89'/>
				<IndexedFaceSet solid="false" coordIndex='0 1 2 3 -1'>
					<Coordinate point='4.656508 3.523799 1.492234 4.269053 4.446705 1.347161 4.767474 4.839022 2.050714 5.145932 3.795753 2.271551'/>
				</IndexedFaceSet>
			</Shape>
			<Shape DEF='_IDX_193'>
				<Appearance USE='Material_90_IDX_90'/>
				<IndexedFaceSet solid="false" coordIndex='0 1 2 3 -1'>
					<Coordinate point='4.276364 3.305099 0.739525 3.870043 4.130265 0.667629 4.269053 4.446705 1.347161 4.656508 3.523799 1.492234'/>
				</IndexedFaceSet>
			</Shape>
			<Shape DEF='_IDX_194'>
				<Appearance USE='Material_91_IDX_91'/>
				<IndexedFaceSet solid="false" coordIndex='0 1 2 3 -1'>
					<Coordinate point='3.985995 3.146845 0.000001 3.549030 3.891902 0.000000 3.870043 4.130265 0.667629 4.276364 3.305099 0.739525'/>
				</IndexedFaceSet>
			</Shape>
			<Shape DEF='_IDX_195'>
				<Appearance DEF='Material_154_IDX_154'>
					<Material diffuseColor='0.901962 0.516367 0.203892'/>
					
				</Appearance>
				<IndexedFaceSet solid="false" coordIndex='0 1 2 3 -1'>
					<Coordinate point='14.767841 10.511807 9.359296 13.518663 13.703238 8.142341 15.777298 15.329383 9.241243 17.210840 11.597383 10.622441'/>
				</IndexedFaceSet>
			</Shape>
			<Shape DEF='_IDX_196'>
				<Appearance DEF='Material_155_IDX_155'>
					<Material diffuseColor='0.895446 0.595884 0.219515'/>
					
				</Appearance>
				<IndexedFaceSet solid="false" coordIndex='0 1 2 3 -1'>
					<Coordinate point='12.711380 9.543353 8.216205 11.616808 12.278806 7.147881 13.518663 13.703238 8.142341 14.767841 10.511807 9.359296'/>
				</IndexedFaceSet>
			</Shape>
			<Shape DEF='_IDX_197'>
				<Appearance USE='Material_68_IDX_68'/>
				<IndexedFaceSet solid="false" coordIndex='0 1 2 3 -1'>
					<Coordinate point='10.981709 8.677817 7.178505 10.016444 11.028855 6.245110 11.616808 12.278806 7.147881 12.711380 9.543353 8.216205'/>
				</IndexedFaceSet>
			</Shape>
			<Shape DEF='_IDX_198'>
				<Appearance DEF='Material_156_IDX_156'>
					<Material diffuseColor='0.842966 0.685783 0.243793'/>
					
				</Appearance>
				<IndexedFaceSet solid="false" coordIndex='0 1 2 3 -1'>
					<Coordinate point='9.528419 7.903371 6.232887 8.670884 9.930527 5.422447 10.016444 11.028855 6.245110 10.981709 8.677817 7.178505'/>
				</IndexedFaceSet>
			</Shape>
			<Shape DEF='_IDX_199'>
				<Appearance USE='Material_70_IDX_70'/>
				<IndexedFaceSet solid="false" coordIndex='0 1 2 3 -1'>
					<Coordinate point='8.308960 7.210237 5.367219 7.540668 8.964690 4.669339 8.670884 9.930527 5.422447 9.528419 7.903371 6.232887'/>
				</IndexedFaceSet>
			</Shape>
			<Shape DEF='_IDX_200'>
				<Appearance DEF='Material_157_IDX_157'>
					<Material diffuseColor='0.791248 0.721948 0.262243'/>
					
				</Appearance>
				<IndexedFaceSet solid="false" coordIndex='0 1 2 3 -1'>
					<Coordinate point='8.308960 7.210237 5.367219 7.540668 8.964690 4.669339 7.540668 8.964690 4.669339 8.308960 7.210237 5.367219'/>
				</IndexedFaceSet>
			</Shape>
			<Shape DEF='_IDX_201'>
				<Appearance USE='Material_72_IDX_72'/>
				<IndexedFaceSet solid="false" coordIndex='0 1 2 3 -1'>
					<Coordinate point='7.123244 6.486859 4.434431 6.439825 7.974838 3.857838 7.540668 8.964690 4.669339 8.308960 7.210237 5.367219'/>
				</IndexedFaceSet>
			</Shape>
			<Shape DEF='_IDX_202'>
				<Appearance USE='Material_73_IDX_73'/>
				<IndexedFaceSet solid="false" coordIndex='0 1 2 3 -1'>
					<Coordinate point='6.163613 5.855167 3.580708 5.546176 7.125802 3.115122 6.439825 7.974838 3.857838 7.123244 6.486859 4.434431'/>
				</IndexedFaceSet>
			</Shape>
			<Shape DEF='_IDX_203'>
				<Appearance USE='Material_74_IDX_74'/>
				<IndexedFaceSet solid="false" coordIndex='0 1 2 3 -1'>
					<Coordinate point='5.389566 5.307591 2.790831 4.821702 6.400821 2.427949 5.546176 7.125802 3.115122 6.163613 5.855167 3.580708'/>
				</IndexedFaceSet>
			</Shape>
			<Shape DEF='_IDX_204'>
				<Appearance USE='Material_75_IDX_75'/>
				<IndexedFaceSet solid="false" coordIndex='0 1 2 3 -1'>
					<Coordinate point='4.767474 4.839022 2.050714 4.234500 5.786995 1.784067 4.821702 6.400821 2.427949 5.389566 5.307591 2.790831'/>
				</IndexedFaceSet>
			</Shape>
			<Shape DEF='_IDX_205'>
				<Appearance USE='Material_76_IDX_76'/>
				<IndexedFaceSet solid="false" coordIndex='0 1 2 3 -1'>
					<Coordinate point='4.269053 4.446705 1.347161 3.757300 5.274833 1.171995 4.234500 5.786995 1.784067 4.767474 4.839022 2.050714'/>
				</IndexedFaceSet>
			</Shape>
			<Shape DEF='_IDX_206'>
				<Appearance USE='Material_77_IDX_77'/>
				<IndexedFaceSet solid="false" coordIndex='0 1 2 3 -1'>
					<Coordinate point='3.870043 4.130265 0.667629 3.366098 4.857977 0.580820 3.757300 5.274833 1.171995 4.269053 4.446705 1.347161'/>
				</IndexedFaceSet>
			</Shape>
			<Shape DEF='_IDX_207'>
				<Appearance USE='Material_78_IDX_78'/>
				<IndexedFaceSet solid="false" coordIndex='0 1 2 3 -1'>
					<Coordinate point='3.549030 3.891902 0.000000 3.038882 4.533147 0.000000 3.366098 4.857977 0.580820 3.870043 4.130265 0.667629'/>
				</IndexedFaceSet>
			</Shape>
			<Shape DEF='_IDX_208'>
				<Appearance DEF='Material_158_IDX_158'>
					<Material diffuseColor='0.889439 0.609970 0.222722'/>
					
				</Appearance>
				<IndexedFaceSet solid="false" coordIndex='0 1 2 3 -1'>
					<Coordinate point='13.518663 13.703238 8.142341 11.650403 16.544405 6.743498 13.611032 18.654953 7.653612 15.777298 15.329383 9.241243'/>
				</IndexedFaceSet>
			</Shape>
			<Shape DEF='_IDX_209'>
				<Appearance USE='Material_54_IDX_54'/>
				<IndexedFaceSet solid="false" coordIndex='0 1 2 3 -1'>
					<Coordinate point='11.616808 12.278806 7.147881 9.999073 14.711250 5.919886 11.650403 16.544405 6.743498 13.518663 13.703238 8.142341'/>
				</IndexedFaceSet>
			</Shape>
			<Shape DEF='_IDX_210'>
				<Appearance USE='Material_55_IDX_55'/>
				<IndexedFaceSet solid="false" coordIndex='0 1 2 3 -1'>
					<Coordinate point='10.016444 11.028855 6.245110 8.609016 13.116555 5.172210 9.999073 14.711250 5.919886 11.616808 12.278806 7.147881'/>
				</IndexedFaceSet>
			</Shape>
			<Shape DEF='_IDX_211'>
				<Appearance DEF='Material_159_IDX_159'>
					<Material diffuseColor='0.804808 0.713663 0.257219'/>
					
				</Appearance>
				<IndexedFaceSet solid="false" coordIndex='0 1 2 3 -1'>
					<Coordinate point='8.670884 9.930527 5.422447 7.439643 11.727543 4.490879 8.609016 13.116555 5.172210 10.016444 11.028855 6.245110'/>
				</IndexedFaceSet>
			</Shape>
			<Shape DEF='_IDX_212'>
				<Appearance USE='Material_57_IDX_57'/>
				<IndexedFaceSet solid="false" coordIndex='0 1 2 3 -1'>
					<Coordinate point='7.540668 8.964690 4.669339 6.456610 10.516660 3.867154 7.439643 11.727543 4.490879 8.670884 9.930527 5.422447'/>
				</IndexedFaceSet>
			</Shape>
			<Shape DEF='_IDX_213'>
				<Appearance USE='Material_58_IDX_58'/>
				<IndexedFaceSet solid="false" coordIndex='0 1 2 3 -1'>
					<Coordinate point='7.540668 8.964690 4.669339 6.456610 10.516660 3.867154 6.456610 10.516660 3.867154 7.540668 8.964690 4.669339'/>
				</IndexedFaceSet>
			</Shape>
			<Shape DEF='_IDX_214'>
				<Appearance USE='Material_59_IDX_59'/>
				<IndexedFaceSet solid="false" coordIndex='0 1 2 3 -1'>
					<Coordinate point='6.439825 7.974838 3.857838 5.497788 9.286859 3.195067 6.456610 10.516660 3.867154 7.540668 8.964690 4.669339'/>
				</IndexedFaceSet>
			</Shape>
			<Shape DEF='_IDX_215'>
				<Appearance DEF='Material_160_IDX_160'>
					<Material diffuseColor='0.693528 0.742724 0.306190'/>
					
				</Appearance>
				<IndexedFaceSet solid="false" coordIndex='0 1 2 3 -1'>
					<Coordinate point='5.546176 7.125802 3.115122 4.717519 8.241399 2.579948 5.497788 9.286859 3.195067 6.439825 7.974838 3.857838'/>
				</IndexedFaceSet>
			</Shape>
			<Shape DEF='_IDX_216'>
				<Appearance USE='Material_61_IDX_61'/>
				<IndexedFaceSet solid="false" coordIndex='0 1 2 3 -1'>
					<Coordinate point='4.821702 6.400821 2.427949 4.082367 7.355122 2.010831 4.717519 8.241399 2.579948 5.546176 7.125802 3.115122'/>
				</IndexedFaceSet>
			</Shape>
			<Shape DEF='_IDX_217'>
				<Appearance USE='Material_62_IDX_62'/>
				<IndexedFaceSet solid="false" coordIndex='0 1 2 3 -1'>
					<Coordinate point='4.234500 5.786995 1.784067 3.564020 6.607906 1.477567 4.082367 7.355122 2.010831 4.821702 6.400821 2.427949'/>
				</IndexedFaceSet>
			</Shape>
			<Shape DEF='_IDX_218'>
				<Appearance DEF='Material_161_IDX_161'>
					<Material diffuseColor='0.588593 0.740928 0.375191'/>
					
				</Appearance>
				<IndexedFaceSet solid="false" coordIndex='0 1 2 3 -1'>
					<Coordinate point='3.757300 5.274833 1.171995 3.137911 5.983871 0.970648 3.564020 6.607906 1.477567 4.234500 5.786995 1.784067'/>
				</IndexedFaceSet>
			</Shape>
			<Shape DEF='_IDX_219'>
				<Appearance USE='Material_64_IDX_64'/>
				<IndexedFaceSet solid="false" coordIndex='0 1 2 3 -1'>
					<Coordinate point='3.366098 4.857977 0.580820 2.781896 5.470770 0.481036 3.137911 5.983871 0.970648 3.757300 5.274833 1.171995'/>
				</IndexedFaceSet>
			</Shape>
			<Shape DEF='_IDX_220'>
				<Appearance USE='Material_65_IDX_65'/>
				<IndexedFaceSet solid="false" coordIndex='0 1 2 3 -1'>
					<Coordinate point='3.038882 4.533147 0.000000 2.474922 5.059610 0.000000 2.781896 5.470770 0.481036 3.366098 4.857977 0.580820'/>
				</IndexedFaceSet>
			</Shape>
			<Shape DEF='_IDX_221'>
				<Appearance DEF='Material_162_IDX_162'>
					<Material diffuseColor='0.847111 0.682754 0.242335'/>
					
				</Appearance>
				<IndexedFaceSet solid="false" coordIndex='0 1 2 3 -1'>
					<Coordinate point='11.650403 16.544405 6.743498 9.245439 18.903963 5.194018 10.809391 21.418751 5.895011 13.611032 18.654953 7.653612'/>
				</IndexedFaceSet>
			</Shape>
			<Shape DEF='_IDX_222'>
				<Appearance USE='Material_41_IDX_41'/>
				<IndexedFaceSet solid="false" coordIndex='0 1 2 3 -1'>
					<Coordinate point='9.999073 14.711250 5.919886 7.927963 16.729652 4.559650 9.245439 18.903963 5.194018 11.650403 16.544405 6.743498'/>
				</IndexedFaceSet>
			</Shape>
			<Shape DEF='_IDX_223'>
				<Appearance DEF='Material_163_IDX_163'>
					<Material diffuseColor='0.785466 0.723333 0.264719'/>
					
				</Appearance>
				<IndexedFaceSet solid="false" coordIndex='0 1 2 3 -1'>
					<Coordinate point='8.609016 13.116555 5.172210 6.818629 14.847093 3.983770 7.927963 16.729652 4.559650 9.999073 14.711250 5.919886'/>
				</IndexedFaceSet>
			</Shape>
			<Shape DEF='_IDX_224'>
				<Appearance USE='Material_43_IDX_43'/>
				<IndexedFaceSet solid="false" coordIndex='0 1 2 3 -1'>
					<Coordinate point='7.439643 11.727543 4.490879 5.885021 13.215207 3.458992 6.818629 14.847093 3.983770 8.609016 13.116555 5.172210'/>
				</IndexedFaceSet>
			</Shape>
			<Shape DEF='_IDX_225'>
				<Appearance USE='Material_44_IDX_44'/>
				<IndexedFaceSet solid="false" coordIndex='0 1 2 3 -1'>
					<Coordinate point='6.456610 10.516660 3.867154 5.099685 11.799384 2.978582 5.885021 13.215207 3.458992 7.439643 11.727543 4.490879'/>
				</IndexedFaceSet>
			</Shape>
			<Shape DEF='_IDX_226'>
				<Appearance USE='Material_45_IDX_45'/>
				<IndexedFaceSet solid="false" coordIndex='0 1 2 3 -1'>
					<Coordinate point='6.456610 10.516660 3.867154 5.099685 11.799384 2.978582 5.099685 11.799384 2.978582 6.456610 10.516660 3.867154'/>
				</IndexedFaceSet>
			</Shape>
			<Shape DEF='_IDX_227'>
				<Appearance USE='Material_46_IDX_46'/>
				<IndexedFaceSet solid="false" coordIndex='0 1 2 3 -1'>
					<Coordinate point='5.497788 9.286859 3.195067 4.332864 10.368573 2.460924 5.099685 11.799384 2.978582 6.456610 10.516660 3.867154'/>
				</IndexedFaceSet>
			</Shape>
			<Shape DEF='_IDX_228'>
				<Appearance USE='Material_47_IDX_47'/>
				<IndexedFaceSet solid="false" coordIndex='0 1 2 3 -1'>
					<Coordinate point='4.717519 8.241399 2.579948 3.707650 9.158080 1.987143 4.332864 10.368573 2.460924 5.497788 9.286859 3.195067'/>
				</IndexedFaceSet>
			</Shape>
			<Shape DEF='_IDX_229'>
				<Appearance USE='Material_48_IDX_48'/>
				<IndexedFaceSet solid="false" coordIndex='0 1 2 3 -1'>
					<Coordinate point='4.082367 7.355122 2.010831 3.197086 8.135611 1.548794 3.707650 9.158080 1.987143 4.717519 8.241399 2.579948'/>
				</IndexedFaceSet>
			</Shape>
			<Shape DEF='_IDX_230'>
				<Appearance USE='Material_49_IDX_49'/>
				<IndexedFaceSet solid="false" coordIndex='0 1 2 3 -1'>
					<Coordinate point='3.564020 6.607906 1.477567 2.778167 7.274827 1.138060 3.197086 8.135611 1.548794 4.082367 7.355122 2.010831'/>
				</IndexedFaceSet>
			</Shape>
			<Shape DEF='_IDX_231'>
				<Appearance USE='Material_50_IDX_50'/>
				<IndexedFaceSet solid="false" coordIndex='0 1 2 3 -1'>
					<Coordinate point='3.137911 5.983871 0.970648 2.430671 6.554216 0.747618 2.778167 7.274827 1.138060 3.564020 6.607906 1.477567'/>
				</IndexedFaceSet>
			</Shape>
			<Shape DEF='_IDX_232'>
				<Appearance USE='Material_51_IDX_51'/>
				<IndexedFaceSet solid="false" coordIndex='0 1 2 3 -1'>
					<Coordinate point='2.781896 5.470770 0.481036 2.135973 5.956143 0.370506 2.430671 6.554216 0.747618 3.137911 5.983871 0.970648'/>
				</IndexedFaceSet>
			</Shape>
			<Shape DEF='_IDX_233'>
				<Appearance USE='Material_52_IDX_52'/>
				<IndexedFaceSet solid="false" coordIndex='0 1 2 3 -1'>
					<Coordinate point='2.474922 5.059610 0.000000 1.875765 5.466074 0.000000 2.135973 5.956143 0.370506 2.781896 5.470770 0.481036'/>
				</IndexedFaceSet>
			</Shape>
			<Shape DEF='_IDX_234'>
				<Appearance DEF='Material_164_IDX_164'>
					<Material diffuseColor='0.772078 0.726539 0.270454'/>
					
				</Appearance>
				<IndexedFaceSet solid="false" coordIndex='0 1 2 3 -1'>
					<Coordinate point='9.245439 18.903963 5.194018 6.412782 20.672447 3.528512 7.501328 23.491241 4.004725 10.809391 21.418751 5.895011'/>
				</IndexedFaceSet>
			</Shape>
			<Shape DEF='_IDX_235'>
				<Appearance USE='Material_28_IDX_28'/>
				<IndexedFaceSet solid="false" coordIndex='0 1 2 3 -1'>
					<Coordinate point='7.927963 16.729652 4.559650 5.495668 18.241526 3.097559 6.412782 20.672447 3.528512 9.245439 18.903963 5.194018'/>
				</IndexedFaceSet>
			</Shape>
			<Shape DEF='_IDX_236'>
				<Appearance DEF='Material_165_IDX_165'>
					<Material diffuseColor='0.715591 0.740064 0.294647'/>
					
				</Appearance>
				<IndexedFaceSet solid="false" coordIndex='0 1 2 3 -1'>
					<Coordinate point='6.818629 14.847093 3.983770 4.723294 16.142380 2.706340 5.495668 18.241526 3.097559 7.927963 16.729652 4.559650'/>
				</IndexedFaceSet>
			</Shape>
			<Shape DEF='_IDX_237'>
				<Appearance USE='Material_30_IDX_30'/>
				<IndexedFaceSet solid="false" coordIndex='0 1 2 3 -1'>
					<Coordinate point='5.885021 13.215207 3.458992 4.073075 14.327674 2.349836 4.723294 16.142380 2.706340 6.818629 14.847093 3.983770'/>
				</IndexedFaceSet>
			</Shape>
			<Shape DEF='_IDX_238'>
				<Appearance USE='Material_31_IDX_31'/>
				<IndexedFaceSet solid="false" coordIndex='0 1 2 3 -1'>
					<Coordinate point='5.099685 11.799384 2.978582 3.525874 12.757475 2.023474 4.073075 14.327674 2.349836 5.885021 13.215207 3.458992'/>
				</IndexedFaceSet>
			</Shape>
			<Shape DEF='_IDX_239'>
				<Appearance USE='Material_32_IDX_32'/>
				<IndexedFaceSet solid="false" coordIndex='0 1 2 3 -1'>
					<Coordinate point='5.099685 11.799384 2.978582 3.525874 12.757475 2.023474 3.525874 12.757475 2.023474 5.099685 11.799384 2.978582'/>
				</IndexedFaceSet>
			</Shape>
			<Shape DEF='_IDX_240'>
				<Appearance USE='Material_33_IDX_33'/>
				<IndexedFaceSet solid="false" coordIndex='0 1 2 3 -1'>
					<Coordinate point='4.332864 10.368573 2.460924 2.991161 11.175056 1.671807 3.525874 12.757475 2.023474 5.099685 11.799384 2.978582'/>
				</IndexedFaceSet>
			</Shape>
			<Shape DEF='_IDX_241'>
				<Appearance USE='Material_34_IDX_34'/>
				<IndexedFaceSet solid="false" coordIndex='0 1 2 3 -1'>
					<Coordinate point='3.707650 9.158080 1.987143 2.554593 9.839808 1.349949 2.991161 11.175056 1.671807 4.332864 10.368573 2.460924'/>
				</IndexedFaceSet>
			</Shape>
			<Shape DEF='_IDX_242'>
				<Appearance USE='Material_35_IDX_35'/>
				<IndexedFaceSet solid="false" coordIndex='0 1 2 3 -1'>
					<Coordinate point='3.197086 8.135611 1.548794 2.197258 8.713986 1.052160 2.554593 9.839808 1.349949 3.707650 9.158080 1.987143'/>
				</IndexedFaceSet>
			</Shape>
			<Shape DEF='_IDX_243'>
				<Appearance DEF='Material_166_IDX_166'>
					<Material diffuseColor='0.576183 0.739110 0.386002'/>
					
				</Appearance>
				<IndexedFaceSet solid="false" coordIndex='0 1 2 3 -1'>
					<Coordinate point='2.778167 7.274827 1.138060 1.902918 7.766453 0.773132 2.197258 8.713986 1.052160 3.197086 8.135611 1.548794'/>
				</IndexedFaceSet>
			</Shape>
			<Shape DEF='_IDX_244'>
				<Appearance DEF='Material_167_IDX_167'>
					<Material diffuseColor='0.557467 0.736370 0.402307'/>
					
				</Appearance>
				<IndexedFaceSet solid="false" coordIndex='0 1 2 3 -1'>
					<Coordinate point='2.430671 6.554216 0.747618 1.657145 6.971251 0.507888 1.902918 7.766453 0.773132 2.778167 7.274827 1.138060'/>
				</IndexedFaceSet>
			</Shape>
			<Shape DEF='_IDX_245'>
				<Appearance USE='Material_38_IDX_38'/>
				<IndexedFaceSet solid="false" coordIndex='0 1 2 3 -1'>
					<Coordinate point='2.135973 5.956143 0.370506 1.446421 6.306336 0.251700 1.657145 6.971251 0.507888 2.430671 6.554216 0.747618'/>
				</IndexedFaceSet>
			</Shape>
			<Shape DEF='_IDX_246'>
				<Appearance USE='Material_39_IDX_39'/>
				<IndexedFaceSet solid="false" coordIndex='0 1 2 3 -1'>
					<Coordinate point='1.875765 5.466074 0.000000 1.257076 5.752384 0.000000 1.446421 6.306336 0.251700 2.135973 5.956143 0.370506'/>
				</IndexedFaceSet>
			</Shape>
			<Shape DEF='_IDX_247'>
				<Appearance USE='Material_14_IDX_14'/>
				<IndexedFaceSet solid="false" coordIndex='0 1 2 3 -1'>
					<Coordinate point='6.412782 20.672447 3.528512 3.282650 21.767603 1.784184 3.840981 24.775066 2.024981 7.501328 23.491241 4.004725'/>
				</IndexedFaceSet>
			</Shape>
			<Shape DEF='_IDX_248'>
				<Appearance DEF='Material_168_IDX_168'>
					<Material diffuseColor='0.653686 0.743185 0.330500'/>
					
				</Appearance>
				<IndexedFaceSet solid="false" coordIndex='0 1 2 3 -1'>
					<Coordinate point='5.495668 18.241526 3.097559 2.812212 19.177408 1.566274 3.282650 21.767603 1.784184 6.412782 20.672447 3.528512'/>
				</IndexedFaceSet>
			</Shape>
			<Shape DEF='_IDX_249'>
				<Appearance USE='Material_16_IDX_16'/>
				<IndexedFaceSet solid="false" coordIndex='0 1 2 3 -1'>
					<Coordinate point='4.723294 16.142380 2.706340 2.415972 16.943806 1.368455 2.812212 19.177408 1.566274 5.495668 18.241526 3.097559'/>
				</IndexedFaceSet>
			</Shape>
			<Shape DEF='_IDX_250'>
				<Appearance USE='Material_17_IDX_17'/>
				<IndexedFaceSet solid="false" coordIndex='0 1 2 3 -1'>
					<Coordinate point='4.073075 14.327674 2.349836 2.082341 15.015573 1.188190 2.415972 16.943806 1.368455 4.723294 16.142380 2.706340'/>
				</IndexedFaceSet>
			</Shape>
			<Shape DEF='_IDX_251'>
				<Appearance USE='Material_18_IDX_18'/>
				<IndexedFaceSet solid="false" coordIndex='0 1 2 3 -1'>
					<Coordinate point='3.525874 12.757475 2.023474 1.801493 13.349461 1.023165 2.082341 15.015573 1.188190 4.073075 14.327674 2.349836'/>
				</IndexedFaceSet>
			</Shape>
			<Shape DEF='_IDX_252'>
				<Appearance USE='Material_19_IDX_19'/>
				<IndexedFaceSet solid="false" coordIndex='0 1 2 3 -1'>
					<Coordinate point='3.525874 12.757475 2.023474 1.801493 13.349461 1.023165 1.801493 13.349461 1.023165 3.525874 12.757475 2.023474'/>
				</IndexedFaceSet>
			</Shape>
			<Shape DEF='_IDX_253'>
				<Appearance USE='Material_20_IDX_20'/>
				<IndexedFaceSet solid="false" coordIndex='0 1 2 3 -1'>
					<Coordinate point='2.991161 11.175056 1.671807 1.526925 11.672770 0.845346 1.801493 13.349461 1.023165 3.525874 12.757475 2.023474'/>
				</IndexedFaceSet>
			</Shape>
			<Shape DEF='_IDX_254'>
				<Appearance USE='Material_21_IDX_21'/>
				<IndexedFaceSet solid="false" coordIndex='0 1 2 3 -1'>
					<Coordinate point='2.554593 9.839808 1.349949 1.302569 10.259825 0.682599 1.526925 11.672770 0.845346 2.991161 11.175056 1.671807'/>
				</IndexedFaceSet>
			</Shape>
			<Shape DEF='_IDX_255'>
				<Appearance USE='Material_22_IDX_22'/>
				<IndexedFaceSet solid="false" coordIndex='0 1 2 3 -1'>
					<Coordinate point='2.197258 8.713986 1.052160 1.118673 9.069468 0.532022 1.302569 10.259825 0.682599 2.554593 9.839808 1.349949'/>
				</IndexedFaceSet>
			</Shape>
			<Shape DEF='_IDX_256'>
				<Appearance USE='Material_23_IDX_23'/>
				<IndexedFaceSet solid="false" coordIndex='0 1 2 3 -1'>
					<Coordinate point='1.902918 7.766453 0.773132 0.966835 8.067514 0.390932 1.118673 9.069468 0.532022 2.197258 8.713986 1.052160'/>
				</IndexedFaceSet>
			</Shape>
			<Shape DEF='_IDX_257'>
				<Appearance USE='Material_24_IDX_24'/>
				<IndexedFaceSet solid="false" coordIndex='0 1 2 3 -1'>
					<Coordinate point='1.657145 6.971251 0.507888 0.839539 7.225150 0.256812 0.966835 8.067514 0.390932 1.902918 7.766453 0.773132'/>
				</IndexedFaceSet>
			</Shape>
			<Shape DEF='_IDX_258'>
				<Appearance USE='Material_25_IDX_25'/>
				<IndexedFaceSet solid="false" coordIndex='0 1 2 3 -1'>
					<Coordinate point='1.446421 6.306336 0.251700 0.729656 6.517410 0.127272 0.839539 7.225150 0.256812 1.657145 6.971251 0.507888'/>
				</IndexedFaceSet>
			</Shape>
			<Shape DEF='_IDX_259'>
				<Appearance USE='Material_26_IDX_26'/>
				<IndexedFaceSet solid="false" coordIndex='0 1 2 3 -1'>
					<Coordinate point='1.257076 5.752384 0.000000 0.629839 5.921650 0.000000 0.729656 6.517410 0.127272 1.446421 6.306336 0.251700'/>
				</IndexedFaceSet>
			</Shape>
			<Shape DEF='_IDX_260'>
				<Appearance DEF='Material_169_IDX_169'>
					<Material diffuseColor='0.566404 0.737679 0.394521'/>
					
				</Appearance>
				<IndexedFaceSet solid="false" coordIndex='0 1 2 3 -1'>
					<Coordinate point='3.282650 21.767603 1.784184 0.000002 22.138418 0.000001 0.000003 25.209831 0.000001 3.840981 24.775066 2.024981'/>
				</IndexedFaceSet>
			</Shape>
			<Shape DEF='_IDX_261'>
				<Appearance USE='Material_2_IDX_2'/>
				<IndexedFaceSet solid="false" coordIndex='0 1 2 3 -1'>
					<Coordinate point='2.812212 19.177408 1.566274 0.000002 19.494234 0.000001 0.000002 22.138418 0.000001 3.282650 21.767603 1.784184'/>
				</IndexedFaceSet>
			</Shape>
			<Shape DEF='_IDX_262'>
				<Appearance DEF='Material_170_IDX_170'>
					<Material diffuseColor='0.554241 0.735897 0.405118'/>
					
				</Appearance>
				<IndexedFaceSet solid="false" coordIndex='0 1 2 3 -1'>
					<Coordinate point='2.415972 16.943806 1.368455 0.000002 17.215050 0.000001 0.000002 19.494234 0.000001 2.812212 19.177408 1.566274'/>
				</IndexedFaceSet>
			</Shape>
			<Shape DEF='_IDX_263'>
				<Appearance DEF='Material_171_IDX_171'>
					<Material diffuseColor='0.548981 0.735127 0.409699'/>
					
				</Appearance>
				<IndexedFaceSet solid="false" coordIndex='0 1 2 3 -1'>
					<Coordinate point='2.082341 15.015573 1.188190 0.000001 15.248323 0.000001 0.000002 17.215050 0.000001 2.415972 16.943806 1.368455'/>
				</IndexedFaceSet>
			</Shape>
			<Shape DEF='_IDX_264'>
				<Appearance USE='Material_5_IDX_5'/>
				<IndexedFaceSet solid="false" coordIndex='0 1 2 3 -1'>
					<Coordinate point='1.801493 13.349461 1.023165 0.000001 13.549685 0.000001 0.000001 15.248323 0.000001 2.082341 15.015573 1.188190'/>
				</IndexedFaceSet>
			</Shape>
			<Shape DEF='_IDX_265'>
				<Appearance DEF='Material_172_IDX_172'>
					<Material diffuseColor='0.541883 0.734088 0.415884'/>
					
				</Appearance>
				<IndexedFaceSet solid="false" coordIndex='0 1 2 3 -1'>
					<Coordinate point='1.801493 13.349461 1.023165 0.000001 13.549685 0.000001 0.000001 13.549685 0.000001 1.801493 13.349461 1.023165'/>
				</IndexedFaceSet>
			</Shape>
			<Shape DEF='_IDX_266'>
				<Appearance DEF='Material_173_IDX_173'>
					<Material diffuseColor='0.539409 0.733726 0.418039'/>
					
				</Appearance>
				<IndexedFaceSet solid="false" coordIndex='0 1 2 3 -1'>
					<Coordinate point='1.526925 11.672770 0.845346 0.000001 11.841008 0.000001 0.000001 13.549685 0.000001 1.801493 13.349461 1.023165'/>
				</IndexedFaceSet>
			</Shape>
			<Shape DEF='_IDX_267'>
				<Appearance USE='Material_8_IDX_8'/>
				<IndexedFaceSet solid="false" coordIndex='0 1 2 3 -1'>
					<Coordinate point='1.302569 10.259825 0.682599 0.000001 10.401681 0.000000 0.000001 11.841008 0.000001 1.526925 11.672770 0.845346'/>
				</IndexedFaceSet>
			</Shape>
			<Shape DEF='_IDX_268'>
				<Appearance USE='Material_9_IDX_9'/>
				<IndexedFaceSet solid="false" coordIndex='0 1 2 3 -1'>
					<Coordinate point='1.118673 9.069468 0.532022 0.000001 9.189380 0.000000 0.000001 10.401681 0.000000 1.302569 10.259825 0.682599'/>
				</IndexedFaceSet>
			</Shape>
			<Shape DEF='_IDX_269'>
				<Appearance USE='Material_10_IDX_10'/>
				<IndexedFaceSet solid="false" coordIndex='0 1 2 3 -1'>
					<Coordinate point='0.966835 8.067514 0.390932 0.000001 8.168880 0.000000 0.000001 9.189380 0.000000 1.118673 9.069468 0.532022'/>
				</IndexedFaceSet>
			</Shape>
			<Shape DEF='_IDX_270'>
				<Appearance USE='Material_11_IDX_11'/>
				<IndexedFaceSet solid="false" coordIndex='0 1 2 3 -1'>
					<Coordinate point='0.839539 7.225150 0.256812 0.000001 7.310373 0.000000 0.000001 8.168880 0.000000 0.966835 8.067514 0.390932'/>
				</IndexedFaceSet>
			</Shape>
			<Shape DEF='_IDX_271'>
				<Appearance DEF='Material_174_IDX_174'>
					<Material diffuseColor='0.518760 0.730702 0.436027'/>
					
				</Appearance>
				<IndexedFaceSet solid="false" coordIndex='0 1 2 3 -1'>
					<Coordinate point='0.729656 6.517410 0.127272 0.000000 6.587874 0.000000 0.000001 7.310373 0.000000 0.839539 7.225150 0.256812'/>
				</IndexedFaceSet>
			</Shape>
			<Shape DEF='_IDX_272'>
				<Appearance DEF='Material_175_IDX_175'>
					<Material diffuseColor='0.515187 0.730179 0.439140'/>
					
				</Appearance>
				<IndexedFaceSet solid="false" coordIndex='0 1 2 3 -1'>
					<Coordinate point='0.629839 5.921650 0.000000 0.000000 5.977540 0.000000 0.000000 6.587874 0.000000 0.729656 6.517410 0.127272'/>
				</IndexedFaceSet>
			</Shape>
			<Shape DEF='_IDX_273'>
				<Appearance DEF='Material_176_IDX_176'>
					<Material diffuseColor='0.466423 0.714136 0.496709'/>
					
				</Appearance>
				<IndexedFaceSet solid="false" coordIndex='0 1 2 3 -1'>
					<Coordinate point='-9.472039 0.000002 -0.000001 -9.173079 2.673965 -1.784184 -11.740790 3.124040 -2.024981 -12.114709 0.000002 -0.000001'/>
				</IndexedFaceSet>
			</Shape>
			<Shape DEF='_IDX_274'>
				<Appearance DEF='Material_177_IDX_177'>
					<Material diffuseColor='0.472082 0.716037 0.489962'/>
					
				</Appearance>
				<IndexedFaceSet solid="false" coordIndex='0 1 2 3 -1'>
					<Coordinate point='-7.170965 0.000002 -0.000001 -6.949204 2.341528 -1.566274 -9.173079 2.673965 -1.784184 -9.472039 0.000002 -0.000001'/>
				</IndexedFaceSet>
			</Shape>
			<Shape DEF='_IDX_275'>
				<Appearance DEF='Material_178_IDX_178'>
					<Material diffuseColor='0.477211 0.717759 0.483847'/>
					
				</Appearance>
				<IndexedFaceSet solid="false" coordIndex='0 1 2 3 -1'>
					<Coordinate point='-5.116354 0.000001 -0.000001 -4.997092 2.142523 -1.368455 -6.949204 2.341528 -1.566274 -7.170965 0.000002 -0.000001'/>
				</IndexedFaceSet>
			</Shape>
			<Shape DEF='_IDX_276'>
				<Appearance DEF='Material_179_IDX_179'>
					<Material diffuseColor='0.481876 0.719326 0.478286'/>
					
				</Appearance>
				<IndexedFaceSet solid="false" coordIndex='0 1 2 3 -1'>
					<Coordinate point='-3.158188 0.000002 -0.000001 -3.261897 2.137143 -1.188190 -4.997092 2.142523 -1.368455 -5.116354 0.000001 -0.000001'/>
				</IndexedFaceSet>
			</Shape>
			<Shape DEF='_IDX_277'>
				<Appearance DEF='Material_180_IDX_180'>
					<Material diffuseColor='0.486135 0.720757 0.473207'/>
					
				</Appearance>
				<IndexedFaceSet solid="false" coordIndex='0 1 2 3 -1'>
					<Coordinate point='-0.001829 0.001829 -0.000001 -1.796680 2.453188 -1.023165 -3.261897 2.137143 -1.188190 -3.158188 0.000002 -0.000001'/>
				</IndexedFaceSet>
			</Shape>
			<Shape DEF='_IDX_278'>
				<Appearance DEF='Material_181_IDX_181'>
					<Material diffuseColor='0.488171 0.721441 0.470780'/>
					
				</Appearance>
				<IndexedFaceSet solid="false" coordIndex='0 1 2 3 -1'>
					<Coordinate point='-0.001829 0.001829 -0.000001 -1.796680 2.453188 -1.023165 -1.796680 2.453188 -1.023165 -0.001829 0.001829 -0.000001'/>
				</IndexedFaceSet>
			</Shape>
			<Shape DEF='_IDX_279'>
				<Appearance DEF='Material_182_IDX_182'>
					<Material diffuseColor='0.490365 0.722177 0.468165'/>
					
				</Appearance>
				<IndexedFaceSet solid="false" coordIndex='0 1 2 3 -1'>
					<Coordinate point='-0.000001 2.721608 -0.000001 -0.717430 3.127908 -0.845346 -1.796680 2.453188 -1.023165 -0.001829 0.001829 -0.000001'/>
				</IndexedFaceSet>
			</Shape>
			<Shape DEF='_IDX_280'>
				<Appearance DEF='Material_183_IDX_183'>
					<Material diffuseColor='0.494567 0.723589 0.463156'/>
					
				</Appearance>
				<IndexedFaceSet solid="false" coordIndex='0 1 2 3 -1'>
					<Coordinate point='-0.000000 3.564818 -0.000000 -0.187118 3.713712 -0.682599 -0.717430 3.127908 -0.845346 -0.000001 2.721608 -0.000001'/>
				</IndexedFaceSet>
			</Shape>
			<Shape DEF='_IDX_281'>
				<Appearance DEF='Material_184_IDX_184'>
					<Material diffuseColor='0.498432 0.724887 0.458547'/>
					
				</Appearance>
				<IndexedFaceSet solid="false" coordIndex='0 1 2 3 -1'>
					<Coordinate point='0.000000 4.116542 -0.000000 0.105601 4.171835 -0.532022 -0.187118 3.713712 -0.682599 -0.000000 3.564818 -0.000000'/>
				</IndexedFaceSet>
			</Shape>
			<Shape DEF='_IDX_282'>
				<Appearance DEF='Material_185_IDX_185'>
					<Material diffuseColor='0.502030 0.726095 0.454257'/>
					
				</Appearance>
				<IndexedFaceSet solid="false" coordIndex='0 1 2 3 -1'>
					<Coordinate point='0.000000 4.565847 -0.000000 0.291265 4.574254 -0.390932 0.105601 4.171835 -0.532022 0.000000 4.116542 -0.000000'/>
				</IndexedFaceSet>
			</Shape>
			<Shape DEF='_IDX_283'>
				<Appearance DEF='Material_186_IDX_186'>
					<Material diffuseColor='0.505426 0.727236 0.450209'/>
					
				</Appearance>
				<IndexedFaceSet solid="false" coordIndex='0 1 2 3 -1'>
					<Coordinate point='0.000000 4.996156 -0.000000 0.424178 4.976172 -0.256812 0.291265 4.574254 -0.390932 0.000000 4.565847 -0.000000'/>
				</IndexedFaceSet>
			</Shape>
			<Shape DEF='_IDX_284'>
				<Appearance DEF='Material_187_IDX_187'>
					<Material diffuseColor='0.508679 0.728328 0.446331'/>
					
				</Appearance>
				<IndexedFaceSet solid="false" coordIndex='0 1 2 3 -1'>
					<Coordinate point='0.000000 5.455700 -0.000000 0.531658 5.415804 -0.127272 0.424178 4.976172 -0.256812 0.000000 4.996156 -0.000000'/>
				</IndexedFaceSet>
			</Shape>
			<Shape DEF='_IDX_285'>
				<Appearance DEF='Material_188_IDX_188'>
					<Material diffuseColor='0.511847 0.729393 0.442554'/>
					
				</Appearance>
				<IndexedFaceSet solid="false" coordIndex='0 1 2 3 -1'>
					<Coordinate point='0.000000 5.977540 -0.000000 0.629839 5.921649 -0.000000 0.531658 5.415804 -0.127272 0.000000 5.455700 -0.000000'/>
				</IndexedFaceSet>
			</Shape>
			<Shape DEF='_IDX_286'>
				<Appearance DEF='Material_189_IDX_189'>
					<Material diffuseColor='0.383069 0.670769 0.611375'/>
					
				</Appearance>
				<IndexedFaceSet solid="false" coordIndex='0 1 2 3 -1'>
					<Coordinate point='-9.173079 2.673965 -1.784184 -8.276211 5.148722 -3.528512 -10.631310 6.041429 -4.004725 -11.740790 3.124040 -2.024981'/>
				</IndexedFaceSet>
			</Shape>
			<Shape DEF='_IDX_287'>
				<Appearance DEF='Material_190_IDX_190'>
					<Material diffuseColor='0.397055 0.680062 0.590130'/>
					
				</Appearance>
				<IndexedFaceSet solid="false" coordIndex='0 1 2 3 -1'>
					<Coordinate point='-6.949204 2.341528 -1.566274 -6.255954 4.464893 -3.097559 -8.276211 5.148722 -3.528512 -9.173079 2.673965 -1.784184'/>
				</IndexedFaceSet>
			</Shape>
			<Shape DEF='_IDX_288'>
				<Appearance DEF='Material_191_IDX_191'>
					<Material diffuseColor='0.409729 0.688484 0.570875'/>
					
				</Appearance>
				<IndexedFaceSet solid="false" coordIndex='0 1 2 3 -1'>
					<Coordinate point='-4.997092 2.142523 -1.368455 -4.521852 3.985698 -2.706340 -6.255954 4.464893 -3.097559 -6.949204 2.341528 -1.566274'/>
				</IndexedFaceSet>
			</Shape>
			<Shape DEF='_IDX_289'>
				<Appearance DEF='Material_192_IDX_192'>
					<Material diffuseColor='0.421257 0.696144 0.553364'/>
					
				</Appearance>
				<IndexedFaceSet solid="false" coordIndex='0 1 2 3 -1'>
					<Coordinate point='-3.261897 2.137143 -1.188190 -3.049722 3.717878 -2.349836 -4.521852 3.985698 -2.706340 -4.997092 2.142523 -1.368455'/>
				</IndexedFaceSet>
			</Shape>
			<Shape DEF='_IDX_290'>
				<Appearance DEF='Material_193_IDX_193'>
					<Material diffuseColor='0.432182 0.702635 0.537532'/>
					
				</Appearance>
				<IndexedFaceSet solid="false" coordIndex='0 1 2 3 -1'>
					<Coordinate point='-1.796680 2.453188 -1.023165 -1.849463 3.659742 -2.023474 -3.049722 3.717878 -2.349836 -3.261897 2.137143 -1.188190'/>
				</IndexedFaceSet>
			</Shape>
			<Shape DEF='_IDX_291'>
				<Appearance DEF='Material_194_IDX_194'>
					<Material diffuseColor='0.438244 0.704671 0.530304'/>
					
				</Appearance>
				<IndexedFaceSet solid="false" coordIndex='0 1 2 3 -1'>
					<Coordinate point='-1.796680 2.453188 -1.023165 -1.849463 3.659742 -2.023474 -1.849463 3.659742 -2.023474 -1.796680 2.453188 -1.023165'/>
				</IndexedFaceSet>
			</Shape>
			<Shape DEF='_IDX_292'>
				<Appearance DEF='Material_195_IDX_195'>
					<Material diffuseColor='0.444776 0.706865 0.522516'/>
					
				</Appearance>
				<IndexedFaceSet solid="false" coordIndex='0 1 2 3 -1'>
					<Coordinate point='-0.717430 3.127908 -0.845346 -0.808650 3.793780 -1.671807 -1.849463 3.659742 -2.023474 -1.796680 2.453188 -1.023165'/>
				</IndexedFaceSet>
			</Shape>
			<Shape DEF='_IDX_293'>
				<Appearance DEF='Material_196_IDX_196'>
					<Material diffuseColor='0.457287 0.711067 0.507601'/>
					
				</Appearance>
				<IndexedFaceSet solid="false" coordIndex='0 1 2 3 -1'>
					<Coordinate point='-0.187118 3.713712 -0.682599 -0.120280 4.027037 -1.349949 -0.808650 3.793780 -1.671807 -0.717430 3.127908 -0.845346'/>
				</IndexedFaceSet>
			</Shape>
			<Shape DEF='_IDX_294'>
				<Appearance DEF='Material_197_IDX_197'>
					<Material diffuseColor='0.468797 0.714933 0.493878'/>
					
				</Appearance>
				<IndexedFaceSet solid="false" coordIndex='0 1 2 3 -1'>
					<Coordinate point='0.105601 4.171835 -0.532022 0.331441 4.291133 -1.052160 -0.120280 4.027037 -1.349949 -0.187118 3.713712 -0.682599'/>
				</IndexedFaceSet>
			</Shape>
			<Shape DEF='_IDX_295'>
				<Appearance DEF='Material_198_IDX_198'>
					<Material diffuseColor='0.479512 0.718532 0.481104'/>
					
				</Appearance>
				<IndexedFaceSet solid="false" coordIndex='0 1 2 3 -1'>
					<Coordinate point='0.291265 4.574254 -0.390932 0.643494 4.579322 -0.773132 0.331441 4.291133 -1.052160 0.105601 4.171835 -0.532022'/>
				</IndexedFaceSet>
			</Shape>
			<Shape DEF='_IDX_296'>
				<Appearance DEF='Material_199_IDX_199'>
					<Material diffuseColor='0.489622 0.721928 0.469051'/>
					
				</Appearance>
				<IndexedFaceSet solid="false" coordIndex='0 1 2 3 -1'>
					<Coordinate point='0.424178 4.976172 -0.256812 0.877997 4.906600 -0.507888 0.643494 4.579322 -0.773132 0.291265 4.574254 -0.390932'/>
				</IndexedFaceSet>
			</Shape>
			<Shape DEF='_IDX_297'>
				<Appearance DEF='Material_200_IDX_200'>
					<Material diffuseColor='0.499307 0.725181 0.457504'/>
					
				</Appearance>
				<IndexedFaceSet solid="false" coordIndex='0 1 2 3 -1'>
					<Coordinate point='0.531658 5.415804 -0.127272 1.073887 5.291609 -0.251700 0.877997 4.906600 -0.507888 0.424178 4.976172 -0.256812'/>
				</IndexedFaceSet>
			</Shape>
			<Shape DEF='_IDX_298'>
				<Appearance DEF='Material_201_IDX_201'>
					<Material diffuseColor='0.508742 0.728350 0.446256'/>
					
				</Appearance>
				<IndexedFaceSet solid="false" coordIndex='0 1 2 3 -1'>
					<Coordinate point='0.629839 5.921649 -0.000000 1.257076 5.752384 -0.000000 1.073887 5.291609 -0.251700 0.531658 5.415804 -0.127272'/>
				</IndexedFaceSet>
			</Shape>
			<Shape DEF='_IDX_299'>
				<Appearance DEF='Material_202_IDX_202'>
					<Material diffuseColor='0.319616 0.603194 0.716074'/>
					
				</Appearance>
				<IndexedFaceSet solid="false" coordIndex='0 1 2 3 -1'>
					<Coordinate point='-8.276211 5.148722 -3.528512 -6.800459 7.263868 -5.194018 -8.829163 8.568593 -5.895011 -10.631310 6.041429 -4.004725'/>
				</IndexedFaceSet>
			</Shape>
			<Shape DEF='_IDX_300'>
				<Appearance DEF='Material_203_IDX_203'>
					<Material diffuseColor='0.337678 0.626428 0.684966'/>
					
				</Appearance>
				<IndexedFaceSet solid="false" coordIndex='0 1 2 3 -1'>
					<Coordinate point='-6.255954 4.464893 -3.097559 -5.072058 6.236422 -4.559650 -6.800459 7.263868 -5.194018 -8.276211 5.148722 -3.528512'/>
				</IndexedFaceSet>
			</Shape>
			<Shape DEF='_IDX_301'>
				<Appearance DEF='Material_204_IDX_204'>
					<Material diffuseColor='0.354047 0.647484 0.656772'/>
					
				</Appearance>
				<IndexedFaceSet solid="false" coordIndex='0 1 2 3 -1'>
					<Coordinate point='-4.521852 3.985698 -2.706340 -3.604828 5.459405 -3.983770 -5.072058 6.236422 -4.559650 -6.255954 4.464893 -3.097559'/>
				</IndexedFaceSet>
			</Shape>
			<Shape DEF='_IDX_302'>
				<Appearance DEF='Material_205_IDX_205'>
					<Material diffuseColor='0.371228 0.662901 0.629365'/>
					
				</Appearance>
				<IndexedFaceSet solid="false" coordIndex='0 1 2 3 -1'>
					<Coordinate point='-3.049722 3.717878 -2.349836 -2.373533 4.909956 -3.458992 -3.604828 5.459405 -3.983770 -4.521852 3.985698 -2.706340'/>
				</IndexedFaceSet>
			</Shape>
			<Shape DEF='_IDX_303'>
				<Appearance DEF='Material_206_IDX_206'>
					<Material diffuseColor='0.388512 0.674386 0.603108'/>
					
				</Appearance>
				<IndexedFaceSet solid="false" coordIndex='0 1 2 3 -1'>
					<Coordinate point='-1.849463 3.659742 -2.023474 -1.364019 4.561434 -2.978582 -2.373533 4.909956 -3.458992 -3.049722 3.717878 -2.349836'/>
				</IndexedFaceSet>
			</Shape>
			<Shape DEF='_IDX_304'>
				<Appearance DEF='Material_207_IDX_207'>
					<Material diffuseColor='0.396772 0.679875 0.590559'/>
					
				</Appearance>
				<IndexedFaceSet solid="false" coordIndex='0 1 2 3 -1'>
					<Coordinate point='-1.849463 3.659742 -2.023474 -1.364019 4.561434 -2.978582 -1.364019 4.561434 -2.978582 -1.849463 3.659742 -2.023474'/>
				</IndexedFaceSet>
			</Shape>
			<Shape DEF='_IDX_305'>
				<Appearance DEF='Material_208_IDX_208'>
					<Material diffuseColor='0.405673 0.685789 0.577037'/>
					
				</Appearance>
				<IndexedFaceSet solid="false" coordIndex='0 1 2 3 -1'>
					<Coordinate point='-0.808650 3.793780 -1.671807 -0.440371 4.358478 -2.460924 -1.364019 4.561434 -2.978582 -1.849463 3.659742 -2.023474'/>
				</IndexedFaceSet>
			</Shape>
			<Shape DEF='_IDX_306'>
				<Appearance DEF='Material_209_IDX_209'>
					<Material diffuseColor='0.422721 0.697117 0.551139'/>
					
				</Appearance>
				<IndexedFaceSet solid="false" coordIndex='0 1 2 3 -1'>
					<Coordinate point='-0.120280 4.027037 -1.349949 0.235211 4.316402 -1.987143 -0.440371 4.358478 -2.460924 -0.808650 3.793780 -1.671807'/>
				</IndexedFaceSet>
			</Shape>
			<Shape DEF='_IDX_307'>
				<Appearance DEF='Material_210_IDX_210'>
					<Material diffuseColor='0.440159 0.705314 0.528021'/>
					
				</Appearance>
				<IndexedFaceSet solid="false" coordIndex='0 1 2 3 -1'>
					<Coordinate point='0.331441 4.291133 -1.052160 0.724005 4.383971 -1.548794 0.235211 4.316402 -1.987143 -0.120280 4.027037 -1.349949'/>
				</IndexedFaceSet>
			</Shape>
			<Shape DEF='_IDX_308'>
				<Appearance DEF='Material_211_IDX_211'>
					<Material diffuseColor='0.457750 0.711223 0.507048'/>
					
				</Appearance>
				<IndexedFaceSet solid="false" coordIndex='0 1 2 3 -1'>
					<Coordinate point='0.643494 4.579322 -0.773132 1.087940 4.535630 -1.138060 0.724005 4.383971 -1.548794 0.331441 4.291133 -1.052160'/>
				</IndexedFaceSet>
			</Shape>
			<Shape DEF='_IDX_309'>
				<Appearance DEF='Material_212_IDX_212'>
					<Material diffuseColor='0.474349 0.716798 0.487259'/>
					
				</Appearance>
				<IndexedFaceSet solid="false" coordIndex='0 1 2 3 -1'>
					<Coordinate point='0.877997 4.906600 -0.507888 1.377457 4.764188 -0.747618 1.087940 4.535630 -1.138060 0.643494 4.579322 -0.773132'/>
				</IndexedFaceSet>
			</Shape>
			<Shape DEF='_IDX_310'>
				<Appearance DEF='Material_213_IDX_213'>
					<Material diffuseColor='0.490252 0.722139 0.468300'/>
					
				</Appearance>
				<IndexedFaceSet solid="false" coordIndex='0 1 2 3 -1'>
					<Coordinate point='1.073887 5.291609 -0.251700 1.630513 5.071999 -0.370506 1.377457 4.764188 -0.747618 0.877997 4.906600 -0.507888'/>
				</IndexedFaceSet>
			</Shape>
			<Shape DEF='_IDX_311'>
				<Appearance DEF='Material_214_IDX_214'>
					<Material diffuseColor='0.505741 0.727342 0.449834'/>
					
				</Appearance>
				<IndexedFaceSet solid="false" coordIndex='0 1 2 3 -1'>
					<Coordinate point='1.257076 5.752384 -0.000000 1.875765 5.466074 -0.000000 1.630513 5.071999 -0.370506 1.073887 5.291609 -0.251700'/>
				</IndexedFaceSet>
			</Shape>
			<Shape DEF='_IDX_312'>
				<Appearance DEF='Material_215_IDX_215'>
					<Material diffuseColor='0.275587 0.510188 0.787579'/>
					
				</Appearance>
				<IndexedFaceSet solid="false" coordIndex='0 1 2 3 -1'>
					<Coordinate point='-6.800459 7.263868 -5.194018 -4.805490 8.898298 -6.743498 -6.415915 10.554007 -7.653612 -8.829163 8.568593 -5.895011'/>
				</IndexedFaceSet>
			</Shape>
			<Shape DEF='_IDX_313'>
				<Appearance DEF='Material_216_IDX_216'>
					<Material diffuseColor='0.293617 0.554999 0.759099'/>
					
				</Appearance>
				<IndexedFaceSet solid="false" coordIndex='0 1 2 3 -1'>
					<Coordinate point='-5.072058 6.236422 -4.559650 -3.437770 7.572488 -5.919886 -4.805490 8.898298 -6.743498 -6.800459 7.263868 -5.194018'/>
				</IndexedFaceSet>
			</Shape>
			<Shape DEF='_IDX_314'>
				<Appearance DEF='Material_217_IDX_217'>
					<Material diffuseColor='0.311456 0.592697 0.730130'/>
					
				</Appearance>
				<IndexedFaceSet solid="false" coordIndex='0 1 2 3 -1'>
					<Coordinate point='-3.604828 5.459405 -3.983770 -2.280870 6.534163 -5.172210 -3.437770 7.572488 -5.919886 -5.072058 6.236422 -4.559650'/>
				</IndexedFaceSet>
			</Shape>
			<Shape DEF='_IDX_315'>
				<Appearance DEF='Material_218_IDX_218'>
					<Material diffuseColor='0.331830 0.618905 0.695038'/>
					
				</Appearance>
				<IndexedFaceSet solid="false" coordIndex='0 1 2 3 -1'>
					<Coordinate point='-2.373533 4.909956 -3.458992 -1.310774 5.746087 -4.490879 -2.280870 6.534163 -5.172210 -3.604828 5.459405 -3.983770'/>
				</IndexedFaceSet>
			</Shape>
			<Shape DEF='_IDX_316'>
				<Appearance DEF='Material_219_IDX_219'>
					<Material diffuseColor='0.350437 0.642840 0.662990'/>
					
				</Appearance>
				<IndexedFaceSet solid="false" coordIndex='0 1 2 3 -1'>
					<Coordinate point='-1.364019 4.561434 -2.978582 -0.508650 5.172984 -3.867154 -1.310774 5.746087 -4.490879 -2.373533 4.909956 -3.458992'/>
				</IndexedFaceSet>
			</Shape>
			<Shape DEF='_IDX_317'>
				<Appearance DEF='Material_220_IDX_220'>
					<Material diffuseColor='0.359329 0.654279 0.647674'/>
					
				</Appearance>
				<IndexedFaceSet solid="false" coordIndex='0 1 2 3 -1'>
					<Coordinate point='-1.364019 4.561434 -2.978582 -0.508650 5.172984 -3.867154 -0.508650 5.172984 -3.867154 -1.364019 4.561434 -2.978582'/>
				</IndexedFaceSet>
			</Shape>
			<Shape DEF='_IDX_318'>
				<Appearance DEF='Material_221_IDX_221'>
					<Material diffuseColor='0.371199 0.662882 0.629408'/>
					
				</Appearance>
				<IndexedFaceSet solid="false" coordIndex='0 1 2 3 -1'>
					<Coordinate point='-0.440371 4.358478 -2.460924 0.245467 4.725911 -3.195067 -0.508650 5.172984 -3.867154 -1.364019 4.561434 -2.978582'/>
				</IndexedFaceSet>
			</Shape>
			<Shape DEF='_IDX_319'>
				<Appearance DEF='Material_222_IDX_222'>
					<Material diffuseColor='0.394530 0.678385 0.593965'/>
					
				</Appearance>
				<IndexedFaceSet solid="false" coordIndex='0 1 2 3 -1'>
					<Coordinate point='0.235211 4.316402 -1.987143 0.825034 4.474789 -2.579948 0.245467 4.725911 -3.195067 -0.440371 4.358478 -2.460924'/>
				</IndexedFaceSet>
			</Shape>
			<Shape DEF='_IDX_320'>
				<Appearance DEF='Material_223_IDX_223'>
					<Material diffuseColor='0.415995 0.692648 0.561357'/>
					
				</Appearance>
				<IndexedFaceSet solid="false" coordIndex='0 1 2 3 -1'>
					<Coordinate point='0.724005 4.383971 -1.548794 1.270300 4.375370 -2.010831 0.825034 4.474789 -2.579948 0.235211 4.316402 -1.987143'/>
				</IndexedFaceSet>
			</Shape>
			<Shape DEF='_IDX_321'>
				<Appearance DEF='Material_224_IDX_224'>
					<Material diffuseColor='0.437233 0.704331 0.531510'/>
					
				</Appearance>
				<IndexedFaceSet solid="false" coordIndex='0 1 2 3 -1'>
					<Coordinate point='1.087940 4.535630 -1.138060 1.622855 4.397334 -1.477567 1.270300 4.375370 -2.010831 0.724005 4.383971 -1.548794'/>
				</IndexedFaceSet>
			</Shape>
			<Shape DEF='_IDX_322'>
				<Appearance DEF='Material_225_IDX_225'>
					<Material diffuseColor='0.459950 0.711961 0.504426'/>
					
				</Appearance>
				<IndexedFaceSet solid="false" coordIndex='0 1 2 3 -1'>
					<Coordinate point='1.377457 4.764188 -0.747618 1.920562 4.523130 -0.970648 1.622855 4.397334 -1.477567 1.087940 4.535630 -1.138060'/>
				</IndexedFaceSet>
			</Shape>
			<Shape DEF='_IDX_323'>
				<Appearance DEF='Material_226_IDX_226'>
					<Material diffuseColor='0.481713 0.719271 0.478480'/>
					
				</Appearance>
				<IndexedFaceSet solid="false" coordIndex='0 1 2 3 -1'>
					<Coordinate point='1.630513 5.071999 -0.370506 2.195589 4.744537 -0.481036 1.920562 4.523130 -0.970648 1.377457 4.764188 -0.747618'/>
				</IndexedFaceSet>
			</Shape>
			<Shape DEF='_IDX_324'>
				<Appearance DEF='Material_227_IDX_227'>
					<Material diffuseColor='0.502912 0.726391 0.453207'/>
					
				</Appearance>
				<IndexedFaceSet solid="false" coordIndex='0 1 2 3 -1'>
					<Coordinate point='1.875765 5.466074 -0.000000 2.474922 5.059610 -0.000000 2.195589 4.744537 -0.481036 1.630513 5.071999 -0.370506'/>
				</IndexedFaceSet>
			</Shape>
			<Shape DEF='_IDX_325'>
				<Appearance DEF='Material_228_IDX_228'>
					<Material diffuseColor='0.250883 0.399953 0.811900'/>
					
				</Appearance>
				<IndexedFaceSet solid="false" coordIndex='0 1 2 3 -1'>
					<Coordinate point='-4.805490 8.898298 -6.743498 -2.390326 9.959919 -8.142341 -3.511013 11.878979 -9.241243 -6.415915 10.554007 -7.653612'/>
				</IndexedFaceSet>
			</Shape>
			<Shape DEF='_IDX_326'>
				<Appearance DEF='Material_229_IDX_229'>
					<Material diffuseColor='0.263336 0.470809 0.804243'/>
					
				</Appearance>
				<IndexedFaceSet solid="false" coordIndex='0 1 2 3 -1'>
					<Coordinate point='-3.437770 7.572488 -5.919886 -1.438524 8.408536 -7.147881 -2.390326 9.959919 -8.142341 -4.805490 8.898298 -6.743498'/>
				</IndexedFaceSet>
			</Shape>
			<Shape DEF='_IDX_327'>
				<Appearance DEF='Material_230_IDX_230'>
					<Material diffuseColor='0.281468 0.524804 0.778289'/>
					
				</Appearance>
				<IndexedFaceSet solid="false" coordIndex='0 1 2 3 -1'>
					<Coordinate point='-2.280870 6.534163 -5.172210 -0.632863 7.172507 -6.245110 -1.438524 8.408536 -7.147881 -3.437770 7.572488 -5.919886'/>
				</IndexedFaceSet>
			</Shape>
			<Shape DEF='_IDX_328'>
				<Appearance DEF='Material_231_IDX_231'>
					<Material diffuseColor='0.299999 0.570861 0.749017'/>
					
				</Appearance>
				<IndexedFaceSet solid="false" coordIndex='0 1 2 3 -1'>
					<Coordinate point='-1.310774 5.746087 -4.490879 0.044946 6.206581 -5.422447 -0.632863 7.172507 -6.245110 -2.280870 6.534163 -5.172210'/>
				</IndexedFaceSet>
			</Shape>
			<Shape DEF='_IDX_329'>
				<Appearance DEF='Material_232_IDX_232'>
					<Material diffuseColor='0.321005 0.604981 0.713682'/>
					
				</Appearance>
				<IndexedFaceSet solid="false" coordIndex='0 1 2 3 -1'>
					<Coordinate point='-0.508650 5.172984 -3.867154 0.610395 5.470632 -4.669339 0.044946 6.206581 -5.422447 -1.310774 5.746087 -4.490879'/>
				</IndexedFaceSet>
			</Shape>
			<Shape DEF='_IDX_330'>
				<Appearance DEF='Material_233_IDX_233'>
					<Material diffuseColor='0.332094 0.619245 0.694582'/>
					
				</Appearance>
				<IndexedFaceSet solid="false" coordIndex='0 1 2 3 -1'>
					<Coordinate point='-0.508650 5.172984 -3.867154 0.610395 5.470632 -4.669339 0.610395 5.470632 -4.669339 -0.508650 5.172984 -3.867154'/>
				</IndexedFaceSet>
			</Shape>
			<Shape DEF='_IDX_331'>
				<Appearance DEF='Material_234_IDX_234'>
					<Material diffuseColor='0.344043 0.634616 0.674002'/>
					
				</Appearance>
				<IndexedFaceSet solid="false" coordIndex='0 1 2 3 -1'>
					<Coordinate point='0.245467 4.725911 -3.195067 1.152514 4.849546 -3.857838 0.610395 5.470632 -4.669339 -0.508650 5.172984 -3.867154'/>
				</IndexedFaceSet>
			</Shape>
			<Shape DEF='_IDX_332'>
				<Appearance DEF='Material_235_IDX_235'>
					<Material diffuseColor='0.368678 0.661206 0.633238'/>
					
				</Appearance>
				<IndexedFaceSet solid="false" coordIndex='0 1 2 3 -1'>
					<Coordinate point='0.825034 4.474789 -2.579948 1.583959 4.446033 -3.115122 1.152514 4.849546 -3.857838 0.245467 4.725911 -3.195067'/>
				</IndexedFaceSet>
			</Shape>
			<Shape DEF='_IDX_333'>
				<Appearance DEF='Material_236_IDX_236'>
					<Material diffuseColor='0.395444 0.678992 0.592577'/>
					
				</Appearance>
				<IndexedFaceSet solid="false" coordIndex='0 1 2 3 -1'>
					<Coordinate point='1.270300 4.375370 -2.010831 1.932092 4.217286 -2.427949 1.583959 4.446033 -3.115122 0.825034 4.474789 -2.579948'/>
				</IndexedFaceSet>
			</Shape>
			<Shape DEF='_IDX_334'>
				<Appearance DEF='Material_237_IDX_237'>
					<Material diffuseColor='0.420360 0.695548 0.554726'/>
					
				</Appearance>
				<IndexedFaceSet solid="false" coordIndex='0 1 2 3 -1'>
					<Coordinate point='1.622855 4.397334 -1.477567 2.225266 4.130687 -1.784067 1.932092 4.217286 -2.427949 1.270300 4.375370 -2.010831'/>
				</IndexedFaceSet>
			</Shape>
			<Shape DEF='_IDX_335'>
				<Appearance DEF='Material_238_IDX_238'>
					<Material diffuseColor='0.446744 0.707526 0.520170'/>
					
				</Appearance>
				<IndexedFaceSet solid="false" coordIndex='0 1 2 3 -1'>
					<Coordinate point='1.920562 4.523130 -0.970648 2.490913 4.163314 -1.171995 2.225266 4.130687 -1.784067 1.622855 4.397334 -1.477567'/>
				</IndexedFaceSet>
			</Shape>
			<Shape DEF='_IDX_336'>
				<Appearance DEF='Material_239_IDX_239'>
					<Material diffuseColor='0.473883 0.716641 0.487815'/>
					
				</Appearance>
				<IndexedFaceSet solid="false" coordIndex='0 1 2 3 -1'>
					<Coordinate point='2.195589 4.744537 -0.481036 2.754388 4.300327 -0.580820 2.490913 4.163314 -1.171995 1.920562 4.523130 -0.970648'/>
				</IndexedFaceSet>
			</Shape>
			<Shape DEF='_IDX_337'>
				<Appearance DEF='Material_240_IDX_240'>
					<Material diffuseColor='0.500317 0.725520 0.456300'/>
					
				</Appearance>
				<IndexedFaceSet solid="false" coordIndex='0 1 2 3 -1'>
					<Coordinate point='2.474922 5.059610 -0.000000 3.038882 4.533146 -0.000000 2.754388 4.300327 -0.580820 2.195589 4.744537 -0.481036'/>
				</IndexedFaceSet>
			</Shape>
			<Shape DEF='_IDX_338'>
				<Appearance DEF='Material_241_IDX_241'>
					<Material diffuseColor='0.247509 0.291176 0.791879'/>
					
				</Appearance>
				<IndexedFaceSet solid="false" coordIndex='0 1 2 3 -1'>
					<Coordinate point='-2.390326 9.959919 -8.142341 0.317514 10.383124 -9.359296 -0.264138 12.458672 -10.622441 -3.511013 11.878979 -9.241243'/>
				</IndexedFaceSet>
			</Shape>
			<Shape DEF='_IDX_339'>
				<Appearance DEF='Material_242_IDX_242'>
					<Material diffuseColor='0.247353 0.379864 0.814071'/>
					
				</Appearance>
				<IndexedFaceSet solid="false" coordIndex='0 1 2 3 -1'>
					<Coordinate point='-1.438524 8.408536 -7.147881 0.814154 8.696593 -8.216205 0.317514 10.383124 -9.359296 -2.390326 9.959919 -8.142341'/>
				</IndexedFaceSet>
			</Shape>
			<Shape DEF='_IDX_340'>
				<Appearance DEF='Material_243_IDX_243'>
					<Material diffuseColor='0.260622 0.455366 0.805911'/>
					
				</Appearance>
				<IndexedFaceSet solid="false" coordIndex='0 1 2 3 -1'>
					<Coordinate point='-0.632863 7.172507 -6.245110 1.237305 7.341072 -7.178505 0.814154 8.696593 -8.216205 -1.438524 8.408536 -7.147881'/>
				</IndexedFaceSet>
			</Shape>
			<Shape DEF='_IDX_341'>
				<Appearance DEF='Material_244_IDX_244'>
					<Material diffuseColor='0.277979 0.516133 0.783800'/>
					
				</Appearance>
				<IndexedFaceSet solid="false" coordIndex='0 1 2 3 -1'>
					<Coordinate point='0.044946 6.206581 -5.422447 1.596575 6.266915 -6.232887 1.237305 7.341072 -7.178505 -0.632863 7.172507 -6.245110'/>
				</IndexedFaceSet>
			</Shape>
			<Shape DEF='_IDX_342'>
				<Appearance DEF='Material_245_IDX_245'>
					<Material diffuseColor='0.297877 0.565587 0.752369'/>
					
				</Appearance>
				<IndexedFaceSet solid="false" coordIndex='0 1 2 3 -1'>
					<Coordinate point='0.610395 5.470632 -4.669339 1.900540 5.431208 -5.367219 1.596575 6.266915 -6.232887 0.044946 6.206581 -5.422447'/>
				</IndexedFaceSet>
			</Shape>
			<Shape DEF='_IDX_343'>
				<Appearance DEF='Material_246_IDX_246'>
					<Material diffuseColor='0.307931 0.588163 0.736201'/>
					
				</Appearance>
				<IndexedFaceSet solid="false" coordIndex='0 1 2 3 -1'>
					<Coordinate point='0.610395 5.470632 -4.669339 1.900540 5.431208 -5.367219 1.900540 5.431208 -5.367219 0.610395 5.470632 -4.669339'/>
				</IndexedFaceSet>
			</Shape>
			<Shape DEF='_IDX_344'>
				<Appearance DEF='Material_247_IDX_247'>
					<Material diffuseColor='0.321980 0.606235 0.712004'/>
					
				</Appearance>
				<IndexedFaceSet solid="false" coordIndex='0 1 2 3 -1'>
					<Coordinate point='1.152514 4.849546 -3.857838 2.199323 4.701872 -4.434431 1.900540 5.431208 -5.367219 0.610395 5.470632 -4.669339'/>
				</IndexedFaceSet>
			</Shape>
			<Shape DEF='_IDX_345'>
				<Appearance DEF='Material_248_IDX_248'>
					<Material diffuseColor='0.348886 0.640846 0.665661'/>
					
				</Appearance>
				<IndexedFaceSet solid="false" coordIndex='0 1 2 3 -1'>
					<Coordinate point='1.583959 4.446033 -3.115122 2.447869 4.200078 -3.580708 2.199323 4.701872 -4.434431 1.152514 4.849546 -3.857838'/>
				</IndexedFaceSet>
			</Shape>
			<Shape DEF='_IDX_346'>
				<Appearance DEF='Material_249_IDX_249'>
					<Material diffuseColor='0.377211 0.666876 0.620276'/>
					
				</Appearance>
				<IndexedFaceSet solid="false" coordIndex='0 1 2 3 -1'>
					<Coordinate point='1.932092 4.217286 -2.427949 2.662711 3.882857 -2.790831 2.447869 4.200078 -3.580708 1.583959 4.446033 -3.115122'/>
				</IndexedFaceSet>
			</Shape>
			<Shape DEF='_IDX_347'>
				<Appearance DEF='Material_250_IDX_250'>
					<Material diffuseColor='0.406505 0.686342 0.575774'/>
					
				</Appearance>
				<IndexedFaceSet solid="false" coordIndex='0 1 2 3 -1'>
					<Coordinate point='2.225266 4.130687 -1.784067 2.861738 3.716085 -2.050714 2.662711 3.882857 -2.790831 1.932092 4.217286 -2.427949'/>
				</IndexedFaceSet>
			</Shape>
			<Shape DEF='_IDX_348'>
				<Appearance DEF='Material_251_IDX_251'>
					<Material diffuseColor='0.435028 0.703591 0.534138'/>
					
				</Appearance>
				<IndexedFaceSet solid="false" coordIndex='0 1 2 3 -1'>
					<Coordinate point='2.490913 4.163314 -1.171995 3.063454 3.673743 -1.347161 2.861738 3.716085 -2.050714 2.225266 4.130687 -1.784067'/>
				</IndexedFaceSet>
			</Shape>
			<Shape DEF='_IDX_349'>
				<Appearance DEF='Material_252_IDX_252'>
					<Material diffuseColor='0.466936 0.714308 0.496097'/>
					
				</Appearance>
				<IndexedFaceSet solid="false" coordIndex='0 1 2 3 -1'>
					<Coordinate point='2.754388 4.300327 -0.580820 3.286400 3.736795 -0.667629 3.063454 3.673743 -1.347161 2.490913 4.163314 -1.171995'/>
				</IndexedFaceSet>
			</Shape>
			<Shape DEF='_IDX_350'>
				<Appearance DEF='Material_253_IDX_253'>
					<Material diffuseColor='0.498015 0.724747 0.459045'/>
					
				</Appearance>
				<IndexedFaceSet solid="false" coordIndex='0 1 2 3 -1'>
					<Coordinate point='3.038882 4.533146 -0.000000 3.549030 3.891902 -0.000000 3.286400 3.736795 -0.667629 2.754388 4.300327 -0.580820'/>
				</IndexedFaceSet>
			</Shape>
			<Shape DEF='_IDX_351'>
				<Appearance DEF='Material_254_IDX_254'>
					<Material diffuseColor='0.263815 0.202002 0.746445'/>
					
				</Appearance>
				<IndexedFaceSet solid="false" coordIndex='0 1 2 3 -1'>
					<Coordinate point='0.317514 10.383124 -9.359296 3.172756 10.131017 -10.367180 3.154688 12.244520 -11.766352 -0.264138 12.458672 -10.622441'/>
				</IndexedFaceSet>
			</Shape>
			<Shape DEF='_IDX_352'>
				<Appearance DEF='Material_255_IDX_255'>
					<Material diffuseColor='0.247193 0.297626 0.794108'/>
					
				</Appearance>
				<IndexedFaceSet solid="false" coordIndex='0 1 2 3 -1'>
					<Coordinate point='0.814154 8.696593 -8.216205 3.194407 8.409824 -9.100992 3.172756 10.131017 -10.367180 0.317514 10.383124 -9.359296'/>
				</IndexedFaceSet>
			</Shape>
			<Shape DEF='_IDX_353'>
				<Appearance DEF='Material_256_IDX_256'>
					<Material diffuseColor='0.248714 0.387612 0.813234'/>
					
				</Appearance>
				<IndexedFaceSet solid="false" coordIndex='0 1 2 3 -1'>
					<Coordinate point='1.237305 7.341072 -7.178505 3.218629 7.020861 -7.951545 3.194407 8.409824 -9.100992 0.814154 8.696593 -8.216205'/>
				</IndexedFaceSet>
			</Shape>
			<Shape DEF='_IDX_354'>
				<Appearance DEF='Material_257_IDX_257'>
					<Material diffuseColor='0.262316 0.465006 0.804870'/>
					
				</Appearance>
				<IndexedFaceSet solid="false" coordIndex='0 1 2 3 -1'>
					<Coordinate point='1.596575 6.266915 -6.232887 3.244761 5.912979 -6.904094 3.218629 7.020861 -7.951545 1.237305 7.341072 -7.178505'/>
				</IndexedFaceSet>
			</Shape>
			<Shape DEF='_IDX_355'>
				<Appearance DEF='Material_258_IDX_258'>
					<Material diffuseColor='0.281677 0.525325 0.777958'/>
					
				</Appearance>
				<IndexedFaceSet solid="false" coordIndex='0 1 2 3 -1'>
					<Coordinate point='1.900540 5.431208 -5.367219 3.272805 5.042436 -5.945205 3.244761 5.912979 -6.904094 1.596575 6.266915 -6.232887'/>
				</IndexedFaceSet>
			</Shape>
			<Shape DEF='_IDX_356'>
				<Appearance DEF='Material_259_IDX_259'>
					<Material diffuseColor='0.292396 0.551965 0.761027'/>
					
				</Appearance>
				<IndexedFaceSet solid="false" coordIndex='0 1 2 3 -1'>
					<Coordinate point='1.900540 5.431208 -5.367219 3.272805 5.042436 -5.945205 3.272805 5.042436 -5.945205 1.900540 5.431208 -5.367219'/>
				</IndexedFaceSet>
			</Shape>
			<Shape DEF='_IDX_357'>
				<Appearance DEF='Material_260_IDX_260'>
					<Material diffuseColor='0.303946 0.580671 0.742783'/>
					
				</Appearance>
				<IndexedFaceSet solid="false" coordIndex='0 1 2 3 -1'>
					<Coordinate point='2.199323 4.701872 -4.434431 3.309722 4.270342 -4.911966 3.272805 5.042436 -5.945205 1.900540 5.431208 -5.367219'/>
				</IndexedFaceSet>
			</Shape>
			<Shape DEF='_IDX_358'>
				<Appearance DEF='Material_261_IDX_261'>
					<Material diffuseColor='0.333541 0.621106 0.692091'/>
					
				</Appearance>
				<IndexedFaceSet solid="false" coordIndex='0 1 2 3 -1'>
					<Coordinate point='2.447869 4.200078 -3.580708 3.354485 3.724214 -3.966308 3.309722 4.270342 -4.911966 2.199323 4.701872 -4.434431'/>
				</IndexedFaceSet>
			</Shape>
			<Shape DEF='_IDX_359'>
				<Appearance DEF='Material_262_IDX_262'>
					<Material diffuseColor='0.361703 0.656571 0.643835'/>
					
				</Appearance>
				<IndexedFaceSet solid="false" coordIndex='0 1 2 3 -1'>
					<Coordinate point='2.662711 3.882857 -2.790831 3.413346 3.361245 -3.091370 3.354485 3.724214 -3.966308 2.447869 4.200078 -3.580708'/>
				</IndexedFaceSet>
			</Shape>
			<Shape DEF='_IDX_360'>
				<Appearance DEF='Material_263_IDX_263'>
					<Material diffuseColor='0.394721 0.678511 0.593675'/>
					
				</Appearance>
				<IndexedFaceSet solid="false" coordIndex='0 1 2 3 -1'>
					<Coordinate point='2.861738 3.716085 -2.050714 3.494817 3.146722 -2.271551 3.413346 3.361245 -3.091370 2.662711 3.882857 -2.790831'/>
				</IndexedFaceSet>
			</Shape>
			<Shape DEF='_IDX_361'>
				<Appearance DEF='Material_264_IDX_264'>
					<Material diffuseColor='0.425876 0.699214 0.546346'/>
					
				</Appearance>
				<IndexedFaceSet solid="false" coordIndex='0 1 2 3 -1'>
					<Coordinate point='3.063454 3.673743 -1.347161 3.609267 3.053031 -1.492234 3.494817 3.146722 -2.271551 2.861738 3.716085 -2.050714'/>
				</IndexedFaceSet>
			</Shape>
			<Shape DEF='_IDX_362'>
				<Appearance DEF='Material_265_IDX_265'>
					<Material diffuseColor='0.461027 0.712323 0.503142'/>
					
				</Appearance>
				<IndexedFaceSet solid="false" coordIndex='0 1 2 3 -1'>
					<Coordinate point='3.286400 3.736795 -0.667629 3.768571 3.058607 -0.739525 3.609267 3.053031 -1.492234 3.063454 3.673743 -1.347161'/>
				</IndexedFaceSet>
			</Shape>
			<Shape DEF='_IDX_363'>
				<Appearance DEF='Material_266_IDX_266'>
					<Material diffuseColor='0.496057 0.724089 0.461379'/>
					
				</Appearance>
				<IndexedFaceSet solid="false" coordIndex='0 1 2 3 -1'>
					<Coordinate point='3.549030 3.891902 -0.000000 3.985994 3.146845 -0.000001 3.768571 3.058607 -0.739525 3.286400 3.736795 -0.667629'/>
				</IndexedFaceSet>
			</Shape>
			<Shape DEF='_IDX_364'>
				<Appearance DEF='Material_267_IDX_267'>
					<Material diffuseColor='0.297739 0.141383 0.687583'/>
					
				</Appearance>
				<IndexedFaceSet solid="false" coordIndex='0 1 2 3 -1'>
					<Coordinate point='3.172756 10.131017 -10.367180 6.021775 9.198010 -11.143478 6.565270 11.226500 -12.647421 3.154688 12.244520 -11.766352'/>
				</IndexedFaceSet>
			</Shape>
			<Shape DEF='_IDX_365'>
				<Appearance DEF='Material_268_IDX_268'>
					<Material diffuseColor='0.250481 0.230434 0.770896'/>
					
				</Appearance>
				<IndexedFaceSet solid="false" coordIndex='0 1 2 3 -1'>
					<Coordinate point='3.194407 8.409824 -9.100992 5.570308 7.546337 -9.782477 6.021775 9.198010 -11.143478 3.172756 10.131017 -10.367180'/>
				</IndexedFaceSet>
			</Shape>
			<Shape DEF='_IDX_366'>
				<Appearance DEF='Material_269_IDX_269'>
					<Material diffuseColor='0.245562 0.330951 0.805620'/>
					
				</Appearance>
				<IndexedFaceSet solid="false" coordIndex='0 1 2 3 -1'>
					<Coordinate point='3.218629 7.020861 -7.951545 5.196882 6.212645 -8.546960 5.570308 7.546337 -9.782477 3.194407 8.409824 -9.100992'/>
				</IndexedFaceSet>
			</Shape>
			<Shape DEF='_IDX_367'>
				<Appearance DEF='Material_270_IDX_270'>
					<Material diffuseColor='0.253997 0.417672 0.809985'/>
					
				</Appearance>
				<IndexedFaceSet solid="false" coordIndex='0 1 2 3 -1'>
					<Coordinate point='3.244761 5.912979 -6.904094 4.890001 5.146977 -7.421076 5.196882 6.212645 -8.546960 3.218629 7.020861 -7.951545'/>
				</IndexedFaceSet>
			</Shape>
			<Shape DEF='_IDX_368'>
				<Appearance DEF='Material_271_IDX_271'>
					<Material diffuseColor='0.268686 0.493037 0.798479'/>
					
				</Appearance>
				<IndexedFaceSet solid="false" coordIndex='0 1 2 3 -1'>
					<Coordinate point='3.272805 5.042436 -5.945205 4.640514 4.306792 -6.390384 4.890001 5.146977 -7.421076 3.244761 5.912979 -6.904094'/>
				</IndexedFaceSet>
			</Shape>
			<Shape DEF='_IDX_369'>
				<Appearance DEF='Material_272_IDX_272'>
					<Material diffuseColor='0.280374 0.522087 0.780016'/>
					
				</Appearance>
				<IndexedFaceSet solid="false" coordIndex='0 1 2 3 -1'>
					<Coordinate point='3.272805 5.042436 -5.945205 4.640514 4.306792 -6.390384 4.640514 4.306792 -6.390384 3.272805 5.042436 -5.945205'/>
				</IndexedFaceSet>
			</Shape>
			<Shape DEF='_IDX_370'>
				<Appearance DEF='Material_273_IDX_273'>
					<Material diffuseColor='0.292969 0.553389 0.760122'/>
					
				</Appearance>
				<IndexedFaceSet solid="false" coordIndex='0 1 2 3 -1'>
					<Coordinate point='3.309722 4.270342 -4.911966 4.410861 3.556906 -5.279776 4.640514 4.306792 -6.390384 3.272805 5.042436 -5.945205'/>
				</IndexedFaceSet>
			</Shape>
			<Shape DEF='_IDX_371'>
				<Appearance DEF='Material_274_IDX_274'>
					<Material diffuseColor='0.321234 0.605276 0.713287'/>
					
				</Appearance>
				<IndexedFaceSet solid="false" coordIndex='0 1 2 3 -1'>
					<Coordinate point='3.354485 3.724214 -3.966308 4.243923 3.020025 -4.263307 4.410861 3.556906 -5.279776 3.309722 4.270342 -4.911966'/>
				</IndexedFaceSet>
			</Shape>
			<Shape DEF='_IDX_372'>
				<Appearance DEF='Material_275_IDX_275'>
					<Material diffuseColor='0.351659 0.644412 0.660885'/>
					
				</Appearance>
				<IndexedFaceSet solid="false" coordIndex='0 1 2 3 -1'>
					<Coordinate point='3.413346 3.361245 -3.091370 4.135994 2.654714 -3.322853 4.243923 3.020025 -4.263307 3.354485 3.724214 -3.966308'/>
				</IndexedFaceSet>
			</Shape>
			<Shape DEF='_IDX_373'>
				<Appearance DEF='Material_276_IDX_276'>
					<Material diffuseColor='0.385271 0.672232 0.608031'/>
					
				</Appearance>
				<IndexedFaceSet solid="false" coordIndex='0 1 2 3 -1'>
					<Coordinate point='3.494817 3.146722 -2.271551 4.086787 2.426896 -2.441646 4.135994 2.654714 -3.322853 3.413346 3.361245 -3.091370'/>
				</IndexedFaceSet>
			</Shape>
			<Shape DEF='_IDX_374'>
				<Appearance DEF='Material_277_IDX_277'>
					<Material diffuseColor='0.419244 0.694807 0.556421'/>
					
				</Appearance>
				<IndexedFaceSet solid="false" coordIndex='0 1 2 3 -1'>
					<Coordinate point='3.609267 3.053031 -1.492234 4.099013 2.308708 -1.603974 4.086787 2.426896 -2.441646 3.494817 3.146722 -2.271551'/>
				</IndexedFaceSet>
			</Shape>
			<Shape DEF='_IDX_375'>
				<Appearance DEF='Material_278_IDX_278'>
					<Material diffuseColor='0.456289 0.710732 0.508791'/>
					
				</Appearance>
				<IndexedFaceSet solid="false" coordIndex='0 1 2 3 -1'>
					<Coordinate point='3.768571 3.058607 -0.739525 4.178042 2.277436 -0.794900 4.099013 2.308708 -1.603974 3.609267 3.053031 -1.492234'/>
				</IndexedFaceSet>
			</Shape>
			<Shape DEF='_IDX_376'>
				<Appearance DEF='Material_279_IDX_279'>
					<Material diffuseColor='0.494487 0.723562 0.463251'/>
					
				</Appearance>
				<IndexedFaceSet solid="false" coordIndex='0 1 2 3 -1'>
					<Coordinate point='3.985994 3.146845 -0.000001 4.331727 2.314499 -0.000001 4.178042 2.277436 -0.794900 3.768571 3.058607 -0.739525'/>
				</IndexedFaceSet>
			</Shape>
			<Shape DEF='_IDX_377'>
				<Appearance DEF='Material_280_IDX_280'>
					<Material diffuseColor='0.341537 0.115905 0.638344'/>
					
				</Appearance>
				<IndexedFaceSet solid="false" coordIndex='0 1 2 3 -1'>
					<Coordinate point='6.021775 9.198010 -11.143478 8.711140 7.611101 -11.670851 9.787146 9.434038 -13.245968 6.565270 11.226500 -12.647421'/>
				</IndexedFaceSet>
			</Shape>
			<Shape DEF='_IDX_378'>
				<Appearance DEF='Material_281_IDX_281'>
					<Material diffuseColor='0.270289 0.190433 0.735211'/>
					
				</Appearance>
				<IndexedFaceSet solid="false" coordIndex='0 1 2 3 -1'>
					<Coordinate point='5.570308 7.546337 -9.782477 7.810894 6.130995 -10.245440 8.711140 7.611101 -11.670851 6.021775 9.198010 -11.143478'/>
				</IndexedFaceSet>
			</Shape>
			<Shape DEF='_IDX_379'>
				<Appearance DEF='Material_282_IDX_282'>
					<Material diffuseColor='0.247667 0.287947 0.790764'/>
					
				</Appearance>
				<IndexedFaceSet solid="false" coordIndex='0 1 2 3 -1'>
					<Coordinate point='5.196882 6.212645 -8.546960 7.059841 4.939242 -8.951449 7.810894 6.130995 -10.245440 5.570308 7.546337 -9.782477'/>
				</IndexedFaceSet>
			</Shape>
			<Shape DEF='_IDX_380'>
				<Appearance DEF='Material_283_IDX_283'>
					<Material diffuseColor='0.247919 0.383085 0.813723'/>
					
				</Appearance>
				<IndexedFaceSet solid="false" coordIndex='0 1 2 3 -1'>
					<Coordinate point='4.890001 5.146977 -7.421076 6.435893 3.989625 -7.772283 7.059841 4.939242 -8.951449 5.196882 6.212645 -8.546960'/>
				</IndexedFaceSet>
			</Shape>
			<Shape DEF='_IDX_381'>
				<Appearance DEF='Material_284_IDX_284'>
					<Material diffuseColor='0.262285 0.464830 0.804889'/>
					
				</Appearance>
				<IndexedFaceSet solid="false" coordIndex='0 1 2 3 -1'>
					<Coordinate point='4.640514 4.306792 -6.390384 5.920909 3.242840 -6.692813 6.435893 3.989625 -7.772283 4.890001 5.146977 -7.421076'/>
				</IndexedFaceSet>
			</Shape>
			<Shape DEF='_IDX_382'>
				<Appearance DEF='Material_285_IDX_285'>
					<Material diffuseColor='0.271590 0.500255 0.793891'/>
					
				</Appearance>
				<IndexedFaceSet solid="false" coordIndex='0 1 2 3 -1'>
					<Coordinate point='4.640514 4.306792 -6.390384 5.920909 3.242840 -6.692813 5.920909 3.242840 -6.692813 4.640514 4.306792 -6.390384'/>
				</IndexedFaceSet>
			</Shape>
			<Shape DEF='_IDX_383'>
				<Appearance DEF='Material_286_IDX_286'>
					<Material diffuseColor='0.284948 0.533454 0.772791'/>
					
				</Appearance>
				<IndexedFaceSet solid="false" coordIndex='0 1 2 3 -1'>
					<Coordinate point='4.410861 3.556906 -5.279776 5.434071 2.577749 -5.529644 5.920909 3.242840 -6.692813 4.640514 4.306792 -6.390384'/>
				</IndexedFaceSet>
			</Shape>
			<Shape DEF='_IDX_384'>
				<Appearance DEF='Material_287_IDX_287'>
					<Material diffuseColor='0.312243 0.593709 0.728775'/>
					
				</Appearance>
				<IndexedFaceSet solid="false" coordIndex='0 1 2 3 -1'>
					<Coordinate point='4.243923 3.020025 -4.263307 5.059994 2.101895 -4.465070 5.434071 2.577749 -5.529644 4.410861 3.556906 -5.279776'/>
				</IndexedFaceSet>
			</Shape>
			<Shape DEF='_IDX_385'>
				<Appearance DEF='Material_288_IDX_288'>
					<Material diffuseColor='0.344511 0.635217 0.673196'/>
					
				</Appearance>
				<IndexedFaceSet solid="false" coordIndex='0 1 2 3 -1'>
					<Coordinate point='4.135994 2.654714 -3.322853 4.785532 1.776815 -3.480109 5.059994 2.101895 -4.465070 4.243923 3.020025 -4.263307'/>
				</IndexedFaceSet>
			</Shape>
			<Shape DEF='_IDX_386'>
				<Appearance DEF='Material_289_IDX_289'>
					<Material diffuseColor='0.378366 0.667644 0.618521'/>
					
				</Appearance>
				<IndexedFaceSet solid="false" coordIndex='0 1 2 3 -1'>
					<Coordinate point='4.086787 2.426896 -2.441646 4.602153 1.570477 -2.557198 4.785532 1.776815 -3.480109 4.135994 2.654714 -3.322853'/>
				</IndexedFaceSet>
			</Shape>
			<Shape DEF='_IDX_387'>
				<Appearance DEF='Material_290_IDX_290'>
					<Material diffuseColor='0.414398 0.691586 0.563783'/>
					
				</Appearance>
				<IndexedFaceSet solid="false" coordIndex='0 1 2 3 -1'>
					<Coordinate point='4.099013 2.308708 -1.603974 4.505365 1.456103 -1.679883 4.602153 1.570477 -2.557198 4.086787 2.426896 -2.441646'/>
				</IndexedFaceSet>
			</Shape>
			<Shape DEF='_IDX_388'>
				<Appearance DEF='Material_291_IDX_291'>
					<Material diffuseColor='0.452826 0.709569 0.512919'/>
					
				</Appearance>
				<IndexedFaceSet solid="false" coordIndex='0 1 2 3 -1'>
					<Coordinate point='4.178042 2.277436 -0.794900 4.494255 1.411114 -0.832520 4.505365 1.456103 -1.679883 4.099013 2.308708 -1.603974'/>
				</IndexedFaceSet>
			</Shape>
			<Shape DEF='_IDX_389'>
				<Appearance DEF='Material_292_IDX_292'>
					<Material diffuseColor='0.493339 0.723176 0.464619'/>
					
				</Appearance>
				<IndexedFaceSet solid="false" coordIndex='0 1 2 3 -1'>
					<Coordinate point='4.331727 2.314499 -0.000001 4.571210 1.416150 -0.000001 4.494255 1.411114 -0.832520 4.178042 2.277436 -0.794900'/>
				</IndexedFaceSet>
			</Shape>
			<Shape DEF='_IDX_390'>
				<Appearance DEF='Material_293_IDX_293'>
					<Material diffuseColor='0.381664 0.113699 0.603947'/>
					
				</Appearance>
				<IndexedFaceSet solid="false" coordIndex='0 1 2 3 -1'>
					<Coordinate point='8.711140 7.611101 -11.670851 11.095570 5.429336 -11.937515 12.649035 6.935067 -13.548621 9.787146 9.434038 -13.245968'/>
				</IndexedFaceSet>
			</Shape>
			<Shape DEF='_IDX_391'>
				<Appearance DEF='Material_294_IDX_294'>
					<Material diffuseColor='0.283569 0.166704 0.712170'/>
					
				</Appearance>
				<IndexedFaceSet solid="false" coordIndex='0 1 2 3 -1'>
					<Coordinate point='7.810894 6.130995 -10.245440 9.792681 4.215303 -10.479535 11.095570 5.429336 -11.937515 8.711140 7.611101 -11.670851'/>
				</IndexedFaceSet>
			</Shape>
			<Shape DEF='_IDX_392'>
				<Appearance DEF='Material_295_IDX_295'>
					<Material diffuseColor='0.248948 0.261754 0.781716'/>
					
				</Appearance>
				<IndexedFaceSet solid="false" coordIndex='0 1 2 3 -1'>
					<Coordinate point='7.059841 4.939242 -8.951449 8.702369 3.245672 -9.155979 9.792681 4.215303 -10.479535 7.810894 6.130995 -10.245440'/>
				</IndexedFaceSet>
			</Shape>
			<Shape DEF='_IDX_393'>
				<Appearance DEF='Material_296_IDX_296'>
					<Material diffuseColor='0.244217 0.362019 0.816000'/>
					
				</Appearance>
				<IndexedFaceSet solid="false" coordIndex='0 1 2 3 -1'>
					<Coordinate point='6.435893 3.989625 -7.772283 7.792869 2.480312 -7.949870 8.702369 3.245672 -9.155979 7.059841 4.939242 -8.951449'/>
				</IndexedFaceSet>
			</Shape>
			<Shape DEF='_IDX_394'>
				<Appearance DEF='Material_297_IDX_297'>
					<Material diffuseColor='0.259083 0.446609 0.806858'/>
					
				</Appearance>
				<IndexedFaceSet solid="false" coordIndex='0 1 2 3 -1'>
					<Coordinate point='5.920909 3.242840 -6.692813 7.037803 1.885083 -6.845736 7.792869 2.480312 -7.949870 6.435893 3.989625 -7.772283'/>
				</IndexedFaceSet>
			</Shape>
			<Shape DEF='_IDX_395'>
				<Appearance DEF='Material_298_IDX_298'>
					<Material diffuseColor='0.266240 0.486958 0.802342'/>
					
				</Appearance>
				<IndexedFaceSet solid="false" coordIndex='0 1 2 3 -1'>
					<Coordinate point='5.920909 3.242840 -6.692813 7.037803 1.885083 -6.845736 7.037803 1.885083 -6.845736 5.920909 3.242840 -6.692813'/>
				</IndexedFaceSet>
			</Shape>
			<Shape DEF='_IDX_396'>
				<Appearance DEF='Material_299_IDX_299'>
					<Material diffuseColor='0.280063 0.521313 0.780508'/>
					
				</Appearance>
				<IndexedFaceSet solid="false" coordIndex='0 1 2 3 -1'>
					<Coordinate point='5.434071 2.577749 -5.529644 6.316784 1.362546 -5.655990 7.037803 1.885083 -6.845736 5.920909 3.242840 -6.692813'/>
				</IndexedFaceSet>
			</Shape>
			<Shape DEF='_IDX_397'>
				<Appearance DEF='Material_300_IDX_300'>
					<Material diffuseColor='0.306766 0.586664 0.738208'/>
					
				</Appearance>
				<IndexedFaceSet solid="false" coordIndex='0 1 2 3 -1'>
					<Coordinate point='5.059994 2.101895 -4.465070 5.751935 0.995747 -4.567091 6.316784 1.362546 -5.655990 5.434071 2.577749 -5.529644'/>
				</IndexedFaceSet>
			</Shape>
			<Shape DEF='_IDX_398'>
				<Appearance DEF='Material_301_IDX_301'>
					<Material diffuseColor='0.340157 0.629617 0.680695'/>
					
				</Appearance>
				<IndexedFaceSet solid="false" coordIndex='0 1 2 3 -1'>
					<Coordinate point='4.785532 1.776815 -3.480109 5.321520 0.750890 -3.559625 5.751935 0.995747 -4.567091 5.059994 2.101895 -4.465070'/>
				</IndexedFaceSet>
			</Shape>
			<Shape DEF='_IDX_399'>
				<Appearance DEF='Material_302_IDX_302'>
					<Material diffuseColor='0.374160 0.664849 0.624910'/>
					
				</Appearance>
				<IndexedFaceSet solid="false" coordIndex='0 1 2 3 -1'>
					<Coordinate point='4.602153 1.570477 -2.557198 5.009511 0.599444 -2.615627 5.321520 0.750890 -3.559625 4.785532 1.776815 -3.480109'/>
				</IndexedFaceSet>
			</Shape>
			<Shape DEF='_IDX_400'>
				<Appearance DEF='Material_303_IDX_303'>
					<Material diffuseColor='0.411446 0.689625 0.568267'/>
					
				</Appearance>
				<IndexedFaceSet solid="false" coordIndex='0 1 2 3 -1'>
					<Coordinate point='4.505365 1.456103 -1.679883 4.804787 0.517036 -1.718266 5.009511 0.599444 -2.615627 4.602153 1.570477 -2.557198'/>
				</IndexedFaceSet>
			</Shape>
			<Shape DEF='_IDX_401'>
				<Appearance DEF='Material_304_IDX_304'>
					<Material diffuseColor='0.450718 0.708861 0.515433'/>
					
				</Appearance>
				<IndexedFaceSet solid="false" coordIndex='0 1 2 3 -1'>
					<Coordinate point='4.494255 1.411114 -0.832520 4.700518 0.482451 -0.851542 4.804787 0.517036 -1.718266 4.505365 1.456103 -1.679883'/>
				</IndexedFaceSet>
			</Shape>
			<Shape DEF='_IDX_402'>
				<Appearance DEF='Material_305_IDX_305'>
					<Material diffuseColor='0.492641 0.722942 0.465452'/>
					
				</Appearance>
				<IndexedFaceSet solid="false" coordIndex='0 1 2 3 -1'>
					<Coordinate point='4.571210 1.416150 -0.000001 4.693733 0.476701 -0.000001 4.700518 0.482451 -0.851542 4.494255 1.411114 -0.832520'/>
				</IndexedFaceSet>
			</Shape>
			<Shape DEF='_IDX_403'>
				<Appearance DEF='Material_306_IDX_306'>
					<Material diffuseColor='0.395140 0.112958 0.592396'/>
					
				</Appearance>
				<IndexedFaceSet solid="false" coordIndex='0 1 2 3 -1'>
					<Coordinate point='11.095570 5.429336 -11.937515 13.045236 2.741504 -11.937515 14.997579 3.833111 -13.548621 12.649035 6.935067 -13.548621'/>
				</IndexedFaceSet>
			</Shape>
			<Shape DEF='_IDX_404'>
				<Appearance DEF='Material_307_IDX_307'>
					<Material diffuseColor='0.288028 0.158735 0.704431'/>
					
				</Appearance>
				<IndexedFaceSet solid="false" coordIndex='0 1 2 3 -1'>
					<Coordinate point='9.792681 4.215303 -10.479535 11.405669 1.875592 -10.479535 13.045236 2.741504 -11.937515 11.095570 5.429336 -11.937515'/>
				</IndexedFaceSet>
			</Shape>
			<Shape DEF='_IDX_405'>
				<Appearance DEF='Material_308_IDX_308'>
					<Material diffuseColor='0.249379 0.252958 0.778677'/>
					
				</Appearance>
				<IndexedFaceSet solid="false" coordIndex='0 1 2 3 -1'>
					<Coordinate point='8.702369 3.245672 -9.155979 10.031231 1.197704 -9.155979 11.405669 1.875592 -10.479535 9.792681 4.215303 -10.479535'/>
				</IndexedFaceSet>
			</Shape>
			<Shape DEF='_IDX_406'>
				<Appearance DEF='Material_309_IDX_309'>
					<Material diffuseColor='0.244414 0.354421 0.813727'/>
					
				</Appearance>
				<IndexedFaceSet solid="false" coordIndex='0 1 2 3 -1'>
					<Coordinate point='7.792869 2.480312 -7.949870 8.881971 0.675842 -7.949870 10.031231 1.197704 -9.155979 8.702369 3.245672 -9.155979'/>
				</IndexedFaceSet>
			</Shape>
			<Shape DEF='_IDX_407'>
				<Appearance DEF='Material_310_IDX_310'>
					<Material diffuseColor='0.258007 0.440490 0.807519'/>
					
				</Appearance>
				<IndexedFaceSet solid="false" coordIndex='0 1 2 3 -1'>
					<Coordinate point='7.037803 1.885083 -6.845736 7.924513 0.282729 -6.845736 8.881971 0.675842 -7.949870 7.792869 2.480312 -7.949870'/>
				</IndexedFaceSet>
			</Shape>
			<Shape DEF='_IDX_408'>
				<Appearance DEF='Material_311_IDX_311'>
					<Material diffuseColor='0.265192 0.481374 0.803101'/>
					
				</Appearance>
				<IndexedFaceSet solid="false" coordIndex='0 1 2 3 -1'>
					<Coordinate point='7.037803 1.885083 -6.845736 7.924513 0.282729 -6.845736 7.924513 0.282729 -6.845736 7.037803 1.885083 -6.845736'/>
				</IndexedFaceSet>
			</Shape>
			<Shape DEF='_IDX_409'>
				<Appearance DEF='Material_312_IDX_312'>
					<Material diffuseColor='0.278422 0.517235 0.783099'/>
					
				</Appearance>
				<IndexedFaceSet solid="false" coordIndex='0 1 2 3 -1'>
					<Coordinate point='6.316784 1.362546 -5.655990 7.004755 -0.046890 -5.655990 7.924513 0.282729 -6.845736 7.037803 1.885083 -6.845736'/>
				</IndexedFaceSet>
			</Shape>
			<Shape DEF='_IDX_410'>
				<Appearance DEF='Material_313_IDX_313'>
					<Material diffuseColor='0.305195 0.583776 0.740810'/>
					
				</Appearance>
				<IndexedFaceSet solid="false" coordIndex='0 1 2 3 -1'>
					<Coordinate point='5.751935 0.995747 -4.567091 6.276227 -0.262447 -4.567091 7.004755 -0.046890 -5.655990 6.316784 1.362546 -5.655990'/>
				</IndexedFaceSet>
			</Shape>
			<Shape DEF='_IDX_411'>
				<Appearance DEF='Material_314_IDX_314'>
					<Material diffuseColor='0.338695 0.627736 0.683213'/>
					
				</Appearance>
				<IndexedFaceSet solid="false" coordIndex='0 1 2 3 -1'>
					<Coordinate point='5.321520 0.750890 -3.559625 5.709822 -0.391479 -3.559625 6.276227 -0.262447 -4.567091 5.751935 0.995747 -4.567091'/>
				</IndexedFaceSet>
			</Shape>
			<Shape DEF='_IDX_412'>
				<Appearance DEF='Material_315_IDX_315'>
					<Material diffuseColor='0.372748 0.663911 0.627056'/>
					
				</Appearance>
				<IndexedFaceSet solid="false" coordIndex='0 1 2 3 -1'>
					<Coordinate point='5.009511 0.599444 -2.615627 5.283013 -0.457630 -2.615627 5.709822 -0.391479 -3.559625 5.321520 0.750890 -3.559625'/>
				</IndexedFaceSet>
			</Shape>
			<Shape DEF='_IDX_413'>
				<Appearance DEF='Material_316_IDX_316'>
					<Material diffuseColor='0.410455 0.688966 0.569773'/>
					
				</Appearance>
				<IndexedFaceSet solid="false" coordIndex='0 1 2 3 -1'>
					<Coordinate point='4.804787 0.517036 -1.718266 4.978837 -0.481622 -1.718266 5.283013 -0.457630 -2.615627 5.009511 0.599444 -2.615627'/>
				</IndexedFaceSet>
			</Shape>
			<Shape DEF='_IDX_414'>
				<Appearance DEF='Material_317_IDX_317'>
					<Material diffuseColor='0.450009 0.708623 0.516277'/>
					
				</Appearance>
				<IndexedFaceSet solid="false" coordIndex='0 1 2 3 -1'>
					<Coordinate point='4.700518 0.482451 -0.851542 4.785088 -0.482144 -0.851542 4.978837 -0.481622 -1.718266 4.804787 0.517036 -1.718266'/>
				</IndexedFaceSet>
			</Shape>
			<Shape DEF='_IDX_415'>
				<Appearance DEF='Material_318_IDX_318'>
					<Material diffuseColor='0.492406 0.722863 0.465732'/>
					
				</Appearance>
				<IndexedFaceSet solid="false" coordIndex='0 1 2 3 -1'>
					<Coordinate point='4.693733 0.476701 -0.000001 4.693733 -0.476701 -0.000001 4.785088 -0.482144 -0.851542 4.700518 0.482451 -0.851542'/>
				</IndexedFaceSet>
			</Shape>
			<Shape DEF='_IDX_416'>
				<Appearance DEF='Material_319_IDX_319'>
					<Material diffuseColor='0.381664 0.113699 0.603947'/>
					
				</Appearance>
				<IndexedFaceSet solid="false" coordIndex='0 1 2 3 -1'>
					<Coordinate point='13.045236 2.741504 -11.937515 14.452206 -0.337825 -11.670851 16.705059 0.262525 -13.245968 14.997579 3.833111 -13.548621'/>
				</IndexedFaceSet>
			</Shape>
			<Shape DEF='_IDX_417'>
				<Appearance DEF='Material_320_IDX_320'>
					<Material diffuseColor='0.283569 0.166704 0.712170'/>
					
				</Appearance>
				<IndexedFaceSet solid="false" coordIndex='0 1 2 3 -1'>
					<Coordinate point='11.405669 1.875592 -10.479535 12.558648 -0.790267 -10.245440 14.452206 -0.337825 -11.670851 13.045236 2.741504 -11.937515'/>
				</IndexedFaceSet>
			</Shape>
			<Shape DEF='_IDX_418'>
				<Appearance DEF='Material_321_IDX_321'>
					<Material diffuseColor='0.248948 0.261754 0.781716'/>
					
				</Appearance>
				<IndexedFaceSet solid="false" coordIndex='0 1 2 3 -1'>
					<Coordinate point='10.031231 1.197704 -9.155979 10.969415 -1.120897 -8.951449 12.558648 -0.790267 -10.245440 11.405669 1.875592 -10.479535'/>
				</IndexedFaceSet>
			</Shape>
			<Shape DEF='_IDX_419'>
				<Appearance DEF='Material_322_IDX_322'>
					<Material diffuseColor='0.244217 0.362019 0.816000'/>
					
				</Appearance>
				<IndexedFaceSet solid="false" coordIndex='0 1 2 3 -1'>
					<Coordinate point='8.881971 0.675842 -7.949870 9.638314 -1.351940 -7.772283 10.969415 -1.120897 -8.951449 10.031231 1.197704 -9.155979'/>
				</IndexedFaceSet>
			</Shape>
			<Shape DEF='_IDX_420'>
				<Appearance USE='Material_297_IDX_297'/>
				<IndexedFaceSet solid="false" coordIndex='0 1 2 3 -1'>
					<Coordinate point='7.924513 0.282729 -6.845736 8.526610 -1.502424 -6.692813 9.638314 -1.351940 -7.772283 8.881971 0.675842 -7.949870'/>
				</IndexedFaceSet>
			</Shape>
			<Shape DEF='_IDX_421'>
				<Appearance USE='Material_298_IDX_298'/>
				<IndexedFaceSet solid="false" coordIndex='0 1 2 3 -1'>
					<Coordinate point='7.924513 0.282729 -6.845736 8.526610 -1.502424 -6.692813 8.526610 -1.502424 -6.692813 7.924513 0.282729 -6.845736'/>
				</IndexedFaceSet>
			</Shape>
			<Shape DEF='_IDX_422'>
				<Appearance USE='Material_299_IDX_299'/>
				<IndexedFaceSet solid="false" coordIndex='0 1 2 3 -1'>
					<Coordinate point='7.004755 -0.046890 -5.655990 7.454181 -1.598534 -5.529644 8.526610 -1.502424 -6.692813 7.924513 0.282729 -6.845736'/>
				</IndexedFaceSet>
			</Shape>
			<Shape DEF='_IDX_423'>
				<Appearance USE='Material_300_IDX_300'/>
				<IndexedFaceSet solid="false" coordIndex='0 1 2 3 -1'>
					<Coordinate point='6.276227 -0.262447 -4.567091 6.598267 -1.628492 -4.465070 7.454181 -1.598534 -5.529644 7.004755 -0.046890 -5.655990'/>
				</IndexedFaceSet>
			</Shape>
			<Shape DEF='_IDX_424'>
				<Appearance DEF='Material_323_IDX_323'>
					<Material diffuseColor='0.340157 0.629617 0.680695'/>
					
				</Appearance>
				<IndexedFaceSet solid="false" coordIndex='0 1 2 3 -1'>
					<Coordinate point='5.709822 -0.391479 -3.559625 5.923951 -1.612205 -3.480109 6.598267 -1.628492 -4.465070 6.276227 -0.262447 -4.567091'/>
				</IndexedFaceSet>
			</Shape>
			<Shape DEF='_IDX_425'>
				<Appearance USE='Material_302_IDX_302'/>
				<IndexedFaceSet solid="false" coordIndex='0 1 2 3 -1'>
					<Coordinate point='5.283013 -0.457630 -2.615627 5.403480 -1.567221 -2.557198 5.923951 -1.612205 -3.480109 5.709822 -0.391479 -3.559625'/>
				</IndexedFaceSet>
			</Shape>
			<Shape DEF='_IDX_426'>
				<Appearance USE='Material_303_IDX_303'/>
				<IndexedFaceSet solid="false" coordIndex='0 1 2 3 -1'>
					<Coordinate point='4.978837 -0.481622 -1.718266 5.015049 -1.509503 -1.679883 5.403480 -1.567221 -2.557198 5.283013 -0.457630 -2.615627'/>
				</IndexedFaceSet>
			</Shape>
			<Shape DEF='_IDX_427'>
				<Appearance DEF='Material_324_IDX_324'>
					<Material diffuseColor='0.450718 0.708861 0.515433'/>
					
				</Appearance>
				<IndexedFaceSet solid="false" coordIndex='0 1 2 3 -1'>
					<Coordinate point='4.785088 -0.482144 -0.851542 4.741829 -1.454152 -0.832520 5.015049 -1.509503 -1.679883 4.978837 -0.481622 -1.718266'/>
				</IndexedFaceSet>
			</Shape>
			<Shape DEF='_IDX_428'>
				<Appearance USE='Material_305_IDX_305'/>
				<IndexedFaceSet solid="false" coordIndex='0 1 2 3 -1'>
					<Coordinate point='4.693733 -0.476701 -0.000001 4.571210 -1.416151 -0.000001 4.741829 -1.454152 -0.832520 4.785088 -0.482144 -0.851542'/>
				</IndexedFaceSet>
			</Shape>
			<Shape DEF='_IDX_429'>
				<Appearance USE='Material_280_IDX_280'/>
				<IndexedFaceSet solid="false" coordIndex='0 1 2 3 -1'>
					<Coordinate point='14.452206 -0.337825 -11.670851 15.235751 -3.673635 -11.143478 17.675772 -3.617880 -12.647421 16.705059 0.262525 -13.245968'/>
				</IndexedFaceSet>
			</Shape>
			<Shape DEF='_IDX_430'>
				<Appearance USE='Material_281_IDX_281'/>
				<IndexedFaceSet solid="false" coordIndex='0 1 2 3 -1'>
					<Coordinate point='12.558648 -0.790267 -10.245440 13.183589 -3.667346 -9.782477 15.235751 -3.673635 -11.143478 14.452206 -0.337825 -11.670851'/>
				</IndexedFaceSet>
			</Shape>
			<Shape DEF='_IDX_431'>
				<Appearance USE='Material_282_IDX_282'/>
				<IndexedFaceSet solid="false" coordIndex='0 1 2 3 -1'>
					<Coordinate point='10.969415 -1.120897 -8.951449 11.459713 -3.612163 -8.546960 13.183589 -3.667346 -9.782477 12.558648 -0.790267 -10.245440'/>
				</IndexedFaceSet>
			</Shape>
			<Shape DEF='_IDX_432'>
				<Appearance DEF='Material_325_IDX_325'>
					<Material diffuseColor='0.247919 0.383085 0.813723'/>
					
				</Appearance>
				<IndexedFaceSet solid="false" coordIndex='0 1 2 3 -1'>
					<Coordinate point='9.638314 -1.351940 -7.772283 10.013984 -3.519379 -7.421076 11.459713 -3.612163 -8.546960 10.969415 -1.120897 -8.951449'/>
				</IndexedFaceSet>
			</Shape>
			<Shape DEF='_IDX_433'>
				<Appearance USE='Material_284_IDX_284'/>
				<IndexedFaceSet solid="false" coordIndex='0 1 2 3 -1'>
					<Coordinate point='8.526610 -1.502424 -6.692813 8.804239 -3.398790 -6.390384 10.013984 -3.519379 -7.421076 9.638314 -1.351940 -7.772283'/>
				</IndexedFaceSet>
			</Shape>
			<Shape DEF='_IDX_434'>
				<Appearance USE='Material_285_IDX_285'/>
				<IndexedFaceSet solid="false" coordIndex='0 1 2 3 -1'>
					<Coordinate point='8.526610 -1.502424 -6.692813 8.804239 -3.398790 -6.390384 8.804239 -3.398790 -6.390384 8.526610 -1.502424 -6.692813'/>
				</IndexedFaceSet>
			</Shape>
			<Shape DEF='_IDX_435'>
				<Appearance USE='Material_286_IDX_286'/>
				<IndexedFaceSet solid="false" coordIndex='0 1 2 3 -1'>
					<Coordinate point='7.454181 -1.598534 -5.529644 7.633469 -3.232583 -5.279776 8.804239 -3.398790 -6.390384 8.526610 -1.502424 -6.692813'/>
				</IndexedFaceSet>
			</Shape>
			<Shape DEF='_IDX_436'>
				<Appearance USE='Material_287_IDX_287'/>
				<IndexedFaceSet solid="false" coordIndex='0 1 2 3 -1'>
					<Coordinate point='6.598267 -1.628492 -4.465070 6.693711 -3.052118 -4.263307 7.633469 -3.232583 -5.279776 7.454181 -1.598534 -5.529644'/>
				</IndexedFaceSet>
			</Shape>
			<Shape DEF='_IDX_437'>
				<Appearance USE='Material_288_IDX_288'/>
				<IndexedFaceSet solid="false" coordIndex='0 1 2 3 -1'>
					<Coordinate point='5.923951 -1.612205 -3.480109 5.946088 -2.868628 -3.322853 6.693711 -3.052118 -4.263307 6.598267 -1.628492 -4.465070'/>
				</IndexedFaceSet>
			</Shape>
			<Shape DEF='_IDX_438'>
				<Appearance USE='Material_289_IDX_289'/>
				<IndexedFaceSet solid="false" coordIndex='0 1 2 3 -1'>
					<Coordinate point='5.403480 -1.567221 -2.557198 5.359134 -2.692618 -2.441646 5.946088 -2.868628 -3.322853 5.923951 -1.612205 -3.480109'/>
				</IndexedFaceSet>
			</Shape>
			<Shape DEF='_IDX_439'>
				<Appearance USE='Material_290_IDX_290'/>
				<IndexedFaceSet solid="false" coordIndex='0 1 2 3 -1'>
					<Coordinate point='5.015049 -1.509503 -1.679883 4.907425 -2.534376 -1.603974 5.359134 -2.692618 -2.441646 5.403480 -1.567221 -2.557198'/>
				</IndexedFaceSet>
			</Shape>
			<Shape DEF='_IDX_440'>
				<Appearance USE='Material_291_IDX_291'/>
				<IndexedFaceSet solid="false" coordIndex='0 1 2 3 -1'>
					<Coordinate point='4.741829 -1.454152 -0.832520 4.570457 -2.404502 -0.794900 4.907425 -2.534376 -1.603974 5.015049 -1.509503 -1.679883'/>
				</IndexedFaceSet>
			</Shape>
			<Shape DEF='_IDX_441'>
				<Appearance USE='Material_292_IDX_292'/>
				<IndexedFaceSet solid="false" coordIndex='0 1 2 3 -1'>
					<Coordinate point='4.571210 -1.416151 -0.000001 4.331727 -2.314499 -0.000001 4.570457 -2.404502 -0.794900 4.741829 -1.454152 -0.832520'/>
				</IndexedFaceSet>
			</Shape>
			<Shape DEF='_IDX_442'>
				<Appearance DEF='Material_326_IDX_326'>
					<Material diffuseColor='0.297739 0.141383 0.687583'/>
					
				</Appearance>
				<IndexedFaceSet solid="false" coordIndex='0 1 2 3 -1'>
					<Coordinate point='15.235751 -3.673635 -11.143478 15.346300 -7.116908 -10.367180 17.850784 -7.632483 -11.766352 17.675772 -3.617880 -12.647421'/>
				</IndexedFaceSet>
			</Shape>
			<Shape DEF='_IDX_443'>
				<Appearance USE='Material_268_IDX_268'/>
				<IndexedFaceSet solid="false" coordIndex='0 1 2 3 -1'>
					<Coordinate point='13.183589 -3.667346 -9.782477 13.238897 -6.629086 -9.100992 15.346300 -7.116908 -10.367180 15.235751 -3.673635 -11.143478'/>
				</IndexedFaceSet>
			</Shape>
			<Shape DEF='_IDX_444'>
				<Appearance USE='Material_269_IDX_269'/>
				<IndexedFaceSet solid="false" coordIndex='0 1 2 3 -1'>
					<Coordinate point='11.459713 -3.612163 -8.546960 11.467381 -6.168503 -7.951545 13.238897 -6.629086 -9.100992 13.183589 -3.667346 -9.782477'/>
				</IndexedFaceSet>
			</Shape>
			<Shape DEF='_IDX_445'>
				<Appearance DEF='Material_327_IDX_327'>
					<Material diffuseColor='0.253997 0.417672 0.809985'/>
					
				</Appearance>
				<IndexedFaceSet solid="false" coordIndex='0 1 2 3 -1'>
					<Coordinate point='10.013984 -3.519379 -7.421076 9.980172 -5.734910 -6.904094 11.467381 -6.168503 -7.951545 11.459713 -3.612163 -8.546960'/>
				</IndexedFaceSet>
			</Shape>
			<Shape DEF='_IDX_446'>
				<Appearance USE='Material_271_IDX_271'/>
				<IndexedFaceSet solid="false" coordIndex='0 1 2 3 -1'>
					<Coordinate point='8.804239 -3.398790 -6.390384 8.733813 -5.328336 -5.945205 9.980172 -5.734910 -6.904094 10.013984 -3.519379 -7.421076'/>
				</IndexedFaceSet>
			</Shape>
			<Shape DEF='_IDX_447'>
				<Appearance USE='Material_272_IDX_272'/>
				<IndexedFaceSet solid="false" coordIndex='0 1 2 3 -1'>
					<Coordinate point='8.804239 -3.398790 -6.390384 8.733813 -5.328336 -5.945205 8.733813 -5.328336 -5.945205 8.804239 -3.398790 -6.390384'/>
				</IndexedFaceSet>
			</Shape>
			<Shape DEF='_IDX_448'>
				<Appearance USE='Material_273_IDX_273'/>
				<IndexedFaceSet solid="false" coordIndex='0 1 2 3 -1'>
					<Coordinate point='7.633469 -3.232583 -5.279776 7.524493 -4.884262 -4.911966 8.733813 -5.328336 -5.945205 8.804239 -3.398790 -6.390384'/>
				</IndexedFaceSet>
			</Shape>
			<Shape DEF='_IDX_449'>
				<Appearance USE='Material_274_IDX_274'/>
				<IndexedFaceSet solid="false" coordIndex='0 1 2 3 -1'>
					<Coordinate point='6.693711 -3.052118 -4.263307 6.549374 -4.479374 -3.966308 7.524493 -4.884262 -4.911966 7.633469 -3.232583 -5.279776'/>
				</IndexedFaceSet>
			</Shape>
			<Shape DEF='_IDX_450'>
				<Appearance DEF='Material_328_IDX_328'>
					<Material diffuseColor='0.351659 0.644412 0.660885'/>
					
				</Appearance>
				<IndexedFaceSet solid="false" coordIndex='0 1 2 3 -1'>
					<Coordinate point='5.946088 -2.868628 -3.322853 5.767676 -4.115594 -3.091370 6.549374 -4.479374 -3.966308 6.693711 -3.052118 -4.263307'/>
				</IndexedFaceSet>
			</Shape>
			<Shape DEF='_IDX_451'>
				<Appearance USE='Material_276_IDX_276'/>
				<IndexedFaceSet solid="false" coordIndex='0 1 2 3 -1'>
					<Coordinate point='5.359134 -2.692618 -2.441646 5.145932 -3.795753 -2.271551 5.767676 -4.115594 -3.091370 5.946088 -2.868628 -3.322853'/>
				</IndexedFaceSet>
			</Shape>
			<Shape DEF='_IDX_452'>
				<Appearance USE='Material_277_IDX_277'/>
				<IndexedFaceSet solid="false" coordIndex='0 1 2 3 -1'>
					<Coordinate point='4.907425 -2.534376 -1.603974 4.656508 -3.523799 -1.492234 5.145932 -3.795753 -2.271551 5.359134 -2.692618 -2.441646'/>
				</IndexedFaceSet>
			</Shape>
			<Shape DEF='_IDX_453'>
				<Appearance USE='Material_278_IDX_278'/>
				<IndexedFaceSet solid="false" coordIndex='0 1 2 3 -1'>
					<Coordinate point='4.570457 -2.404502 -0.794900 4.276364 -3.305099 -0.739525 4.656508 -3.523799 -1.492234 4.907425 -2.534376 -1.603974'/>
				</IndexedFaceSet>
			</Shape>
			<Shape DEF='_IDX_454'>
				<Appearance USE='Material_279_IDX_279'/>
				<IndexedFaceSet solid="false" coordIndex='0 1 2 3 -1'>
					<Coordinate point='4.331727 -2.314499 -0.000001 3.985995 -3.146845 -0.000001 4.276364 -3.305099 -0.739525 4.570457 -2.404502 -0.794900'/>
				</IndexedFaceSet>
			</Shape>
			<Shape DEF='_IDX_455'>
				<Appearance USE='Material_254_IDX_254'/>
				<IndexedFaceSet solid="false" coordIndex='0 1 2 3 -1'>
					<Coordinate point='15.346300 -7.116908 -10.367180 14.767841 -10.511807 -9.359296 17.210840 -11.597383 -10.622441 17.850784 -7.632483 -11.766352'/>
				</IndexedFaceSet>
			</Shape>
			<Shape DEF='_IDX_456'>
				<Appearance USE='Material_255_IDX_255'/>
				<IndexedFaceSet solid="false" coordIndex='0 1 2 3 -1'>
					<Coordinate point='13.238897 -6.629086 -9.100992 12.711380 -9.543353 -8.216205 14.767841 -10.511807 -9.359296 15.346300 -7.116908 -10.367180'/>
				</IndexedFaceSet>
			</Shape>
			<Shape DEF='_IDX_457'>
				<Appearance DEF='Material_329_IDX_329'>
					<Material diffuseColor='0.248714 0.387612 0.813234'/>
					
				</Appearance>
				<IndexedFaceSet solid="false" coordIndex='0 1 2 3 -1'>
					<Coordinate point='11.467381 -6.168503 -7.951545 10.981709 -8.677817 -7.178505 12.711380 -9.543353 -8.216205 13.238897 -6.629086 -9.100992'/>
				</IndexedFaceSet>
			</Shape>
			<Shape DEF='_IDX_458'>
				<Appearance DEF='Material_330_IDX_330'>
					<Material diffuseColor='0.262316 0.465006 0.804870'/>
					
				</Appearance>
				<IndexedFaceSet solid="false" coordIndex='0 1 2 3 -1'>
					<Coordinate point='9.980172 -5.734910 -6.904094 9.528419 -7.903371 -6.232887 10.981709 -8.677817 -7.178505 11.467381 -6.168503 -7.951545'/>
				</IndexedFaceSet>
			</Shape>
			<Shape DEF='_IDX_459'>
				<Appearance USE='Material_258_IDX_258'/>
				<IndexedFaceSet solid="false" coordIndex='0 1 2 3 -1'>
					<Coordinate point='8.733813 -5.328336 -5.945205 8.308960 -7.210237 -5.367219 9.528419 -7.903371 -6.232887 9.980172 -5.734910 -6.904094'/>
				</IndexedFaceSet>
			</Shape>
			<Shape DEF='_IDX_460'>
				<Appearance USE='Material_259_IDX_259'/>
				<IndexedFaceSet solid="false" coordIndex='0 1 2 3 -1'>
					<Coordinate point='8.733813 -5.328336 -5.945205 8.308960 -7.210237 -5.367219 8.308960 -7.210237 -5.367219 8.733813 -5.328336 -5.945205'/>
				</IndexedFaceSet>
			</Shape>
			<Shape DEF='_IDX_461'>
				<Appearance DEF='Material_331_IDX_331'>
					<Material diffuseColor='0.303946 0.580671 0.742783'/>
					
				</Appearance>
				<IndexedFaceSet solid="false" coordIndex='0 1 2 3 -1'>
					<Coordinate point='7.524493 -4.884262 -4.911966 7.123244 -6.486859 -4.434431 8.308960 -7.210237 -5.367219 8.733813 -5.328336 -5.945205'/>
				</IndexedFaceSet>
			</Shape>
			<Shape DEF='_IDX_462'>
				<Appearance DEF='Material_332_IDX_332'>
					<Material diffuseColor='0.333541 0.621106 0.692091'/>
					
				</Appearance>
				<IndexedFaceSet solid="false" coordIndex='0 1 2 3 -1'>
					<Coordinate point='6.549374 -4.479374 -3.966308 6.163613 -5.855167 -3.580708 7.123244 -6.486859 -4.434431 7.524493 -4.884262 -4.911966'/>
				</IndexedFaceSet>
			</Shape>
			<Shape DEF='_IDX_463'>
				<Appearance USE='Material_262_IDX_262'/>
				<IndexedFaceSet solid="false" coordIndex='0 1 2 3 -1'>
					<Coordinate point='5.767676 -4.115594 -3.091370 5.389566 -5.307591 -2.790831 6.163613 -5.855167 -3.580708 6.549374 -4.479374 -3.966308'/>
				</IndexedFaceSet>
			</Shape>
			<Shape DEF='_IDX_464'>
				<Appearance USE='Material_263_IDX_263'/>
				<IndexedFaceSet solid="false" coordIndex='0 1 2 3 -1'>
					<Coordinate point='5.145932 -3.795753 -2.271551 4.767474 -4.839022 -2.050714 5.389566 -5.307591 -2.790831 5.767676 -4.115594 -3.091370'/>
				</IndexedFaceSet>
			</Shape>
			<Shape DEF='_IDX_465'>
				<Appearance USE='Material_264_IDX_264'/>
				<IndexedFaceSet solid="false" coordIndex='0 1 2 3 -1'>
					<Coordinate point='4.656508 -3.523799 -1.492234 4.269053 -4.446705 -1.347161 4.767474 -4.839022 -2.050714 5.145932 -3.795753 -2.271551'/>
				</IndexedFaceSet>
			</Shape>
			<Shape DEF='_IDX_466'>
				<Appearance USE='Material_265_IDX_265'/>
				<IndexedFaceSet solid="false" coordIndex='0 1 2 3 -1'>
					<Coordinate point='4.276364 -3.305099 -0.739525 3.870043 -4.130265 -0.667629 4.269053 -4.446705 -1.347161 4.656508 -3.523799 -1.492234'/>
				</IndexedFaceSet>
			</Shape>
			<Shape DEF='_IDX_467'>
				<Appearance USE='Material_266_IDX_266'/>
				<IndexedFaceSet solid="false" coordIndex='0 1 2 3 -1'>
					<Coordinate point='3.985995 -3.146845 -0.000001 3.549030 -3.891902 -0.000000 3.870043 -4.130265 -0.667629 4.276364 -3.305099 -0.739525'/>
				</IndexedFaceSet>
			</Shape>
			<Shape DEF='_IDX_468'>
				<Appearance DEF='Material_333_IDX_333'>
					<Material diffuseColor='0.247509 0.291176 0.791879'/>
					
				</Appearance>
				<IndexedFaceSet solid="false" coordIndex='0 1 2 3 -1'>
					<Coordinate point='14.767841 -10.511807 -9.359296 13.518663 -13.703238 -8.142341 15.777298 -15.329383 -9.241243 17.210840 -11.597383 -10.622441'/>
				</IndexedFaceSet>
			</Shape>
			<Shape DEF='_IDX_469'>
				<Appearance DEF='Material_334_IDX_334'>
					<Material diffuseColor='0.247353 0.379864 0.814071'/>
					
				</Appearance>
				<IndexedFaceSet solid="false" coordIndex='0 1 2 3 -1'>
					<Coordinate point='12.711380 -9.543353 -8.216205 11.616808 -12.278806 -7.147881 13.518663 -13.703238 -8.142341 14.767841 -10.511807 -9.359296'/>
				</IndexedFaceSet>
			</Shape>
			<Shape DEF='_IDX_470'>
				<Appearance DEF='Material_335_IDX_335'>
					<Material diffuseColor='0.260622 0.455366 0.805911'/>
					
				</Appearance>
				<IndexedFaceSet solid="false" coordIndex='0 1 2 3 -1'>
					<Coordinate point='10.981709 -8.677817 -7.178505 10.016444 -11.028855 -6.245110 11.616808 -12.278806 -7.147881 12.711380 -9.543353 -8.216205'/>
				</IndexedFaceSet>
			</Shape>
			<Shape DEF='_IDX_471'>
				<Appearance DEF='Material_336_IDX_336'>
					<Material diffuseColor='0.277979 0.516133 0.783800'/>
					
				</Appearance>
				<IndexedFaceSet solid="false" coordIndex='0 1 2 3 -1'>
					<Coordinate point='9.528419 -7.903371 -6.232887 8.670884 -9.930527 -5.422447 10.016444 -11.028855 -6.245110 10.981709 -8.677817 -7.178505'/>
				</IndexedFaceSet>
			</Shape>
			<Shape DEF='_IDX_472'>
				<Appearance USE='Material_245_IDX_245'/>
				<IndexedFaceSet solid="false" coordIndex='0 1 2 3 -1'>
					<Coordinate point='8.308960 -7.210237 -5.367219 7.540668 -8.964690 -4.669339 8.670884 -9.930527 -5.422447 9.528419 -7.903371 -6.232887'/>
				</IndexedFaceSet>
			</Shape>
			<Shape DEF='_IDX_473'>
				<Appearance USE='Material_246_IDX_246'/>
				<IndexedFaceSet solid="false" coordIndex='0 1 2 3 -1'>
					<Coordinate point='8.308960 -7.210237 -5.367219 7.540668 -8.964690 -4.669339 7.540668 -8.964690 -4.669339 8.308960 -7.210237 -5.367219'/>
				</IndexedFaceSet>
			</Shape>
			<Shape DEF='_IDX_474'>
				<Appearance USE='Material_247_IDX_247'/>
				<IndexedFaceSet solid="false" coordIndex='0 1 2 3 -1'>
					<Coordinate point='7.123244 -6.486859 -4.434431 6.439825 -7.974838 -3.857838 7.540668 -8.964690 -4.669339 8.308960 -7.210237 -5.367219'/>
				</IndexedFaceSet>
			</Shape>
			<Shape DEF='_IDX_475'>
				<Appearance DEF='Material_337_IDX_337'>
					<Material diffuseColor='0.348886 0.640846 0.665661'/>
					
				</Appearance>
				<IndexedFaceSet solid="false" coordIndex='0 1 2 3 -1'>
					<Coordinate point='6.163613 -5.855167 -3.580708 5.546176 -7.125802 -3.115122 6.439825 -7.974838 -3.857838 7.123244 -6.486859 -4.434431'/>
				</IndexedFaceSet>
			</Shape>
			<Shape DEF='_IDX_476'>
				<Appearance USE='Material_249_IDX_249'/>
				<IndexedFaceSet solid="false" coordIndex='0 1 2 3 -1'>
					<Coordinate point='5.389566 -5.307591 -2.790831 4.821702 -6.400821 -2.427949 5.546176 -7.125802 -3.115122 6.163613 -5.855167 -3.580708'/>
				</IndexedFaceSet>
			</Shape>
			<Shape DEF='_IDX_477'>
				<Appearance DEF='Material_338_IDX_338'>
					<Material diffuseColor='0.406505 0.686342 0.575774'/>
					
				</Appearance>
				<IndexedFaceSet solid="false" coordIndex='0 1 2 3 -1'>
					<Coordinate point='4.767474 -4.839022 -2.050714 4.234500 -5.786995 -1.784067 4.821702 -6.400821 -2.427949 5.389566 -5.307591 -2.790831'/>
				</IndexedFaceSet>
			</Shape>
			<Shape DEF='_IDX_478'>
				<Appearance USE='Material_251_IDX_251'/>
				<IndexedFaceSet solid="false" coordIndex='0 1 2 3 -1'>
					<Coordinate point='4.269053 -4.446705 -1.347161 3.757300 -5.274833 -1.171995 4.234500 -5.786995 -1.784067 4.767474 -4.839022 -2.050714'/>
				</IndexedFaceSet>
			</Shape>
			<Shape DEF='_IDX_479'>
				<Appearance USE='Material_252_IDX_252'/>
				<IndexedFaceSet solid="false" coordIndex='0 1 2 3 -1'>
					<Coordinate point='3.870043 -4.130265 -0.667629 3.366098 -4.857977 -0.580820 3.757300 -5.274833 -1.171995 4.269053 -4.446705 -1.347161'/>
				</IndexedFaceSet>
			</Shape>
			<Shape DEF='_IDX_480'>
				<Appearance DEF='Material_339_IDX_339'>
					<Material diffuseColor='0.498015 0.724747 0.459045'/>
					
				</Appearance>
				<IndexedFaceSet solid="false" coordIndex='0 1 2 3 -1'>
					<Coordinate point='3.549030 -3.891902 -0.000000 3.038882 -4.533147 -0.000000 3.366098 -4.857977 -0.580820 3.870043 -4.130265 -0.667629'/>
				</IndexedFaceSet>
			</Shape>
			<Shape DEF='_IDX_481'>
				<Appearance DEF='Material_340_IDX_340'>
					<Material diffuseColor='0.250883 0.399953 0.811900'/>
					
				</Appearance>
				<IndexedFaceSet solid="false" coordIndex='0 1 2 3 -1'>
					<Coordinate point='13.518663 -13.703238 -8.142341 11.650403 -16.544405 -6.743498 13.611032 -18.654953 -7.653612 15.777298 -15.329383 -9.241243'/>
				</IndexedFaceSet>
			</Shape>
			<Shape DEF='_IDX_482'>
				<Appearance USE='Material_229_IDX_229'/>
				<IndexedFaceSet solid="false" coordIndex='0 1 2 3 -1'>
					<Coordinate point='11.616808 -12.278806 -7.147881 9.999073 -14.711250 -5.919886 11.650403 -16.544405 -6.743498 13.518663 -13.703238 -8.142341'/>
				</IndexedFaceSet>
			</Shape>
			<Shape DEF='_IDX_483'>
				<Appearance USE='Material_230_IDX_230'/>
				<IndexedFaceSet solid="false" coordIndex='0 1 2 3 -1'>
					<Coordinate point='10.016444 -11.028855 -6.245110 8.609016 -13.116555 -5.172210 9.999073 -14.711250 -5.919886 11.616808 -12.278806 -7.147881'/>
				</IndexedFaceSet>
			</Shape>
			<Shape DEF='_IDX_484'>
				<Appearance USE='Material_231_IDX_231'/>
				<IndexedFaceSet solid="false" coordIndex='0 1 2 3 -1'>
					<Coordinate point='8.670884 -9.930527 -5.422447 7.439643 -11.727543 -4.490879 8.609016 -13.116555 -5.172210 10.016444 -11.028855 -6.245110'/>
				</IndexedFaceSet>
			</Shape>
			<Shape DEF='_IDX_485'>
				<Appearance USE='Material_232_IDX_232'/>
				<IndexedFaceSet solid="false" coordIndex='0 1 2 3 -1'>
					<Coordinate point='7.540668 -8.964690 -4.669339 6.456610 -10.516660 -3.867154 7.439643 -11.727543 -4.490879 8.670884 -9.930527 -5.422447'/>
				</IndexedFaceSet>
			</Shape>
			<Shape DEF='_IDX_486'>
				<Appearance DEF='Material_341_IDX_341'>
					<Material diffuseColor='0.332094 0.619245 0.694582'/>
					
				</Appearance>
				<IndexedFaceSet solid="false" coordIndex='0 1 2 3 -1'>
					<Coordinate point='7.540668 -8.964690 -4.669339 6.456610 -10.516660 -3.867154 6.456610 -10.516660 -3.867154 7.540668 -8.964690 -4.669339'/>
				</IndexedFaceSet>
			</Shape>
			<Shape DEF='_IDX_487'>
				<Appearance USE='Material_234_IDX_234'/>
				<IndexedFaceSet solid="false" coordIndex='0 1 2 3 -1'>
					<Coordinate point='6.439825 -7.974838 -3.857838 5.497788 -9.286859 -3.195067 6.456610 -10.516660 -3.867154 7.540668 -8.964690 -4.669339'/>
				</IndexedFaceSet>
			</Shape>
			<Shape DEF='_IDX_488'>
				<Appearance USE='Material_235_IDX_235'/>
				<IndexedFaceSet solid="false" coordIndex='0 1 2 3 -1'>
					<Coordinate point='5.546176 -7.125802 -3.115122 4.717519 -8.241399 -2.579948 5.497788 -9.286859 -3.195067 6.439825 -7.974838 -3.857838'/>
				</IndexedFaceSet>
			</Shape>
			<Shape DEF='_IDX_489'>
				<Appearance USE='Material_236_IDX_236'/>
				<IndexedFaceSet solid="false" coordIndex='0 1 2 3 -1'>
					<Coordinate point='4.821702 -6.400821 -2.427949 4.082367 -7.355122 -2.010831 4.717519 -8.241399 -2.579948 5.546176 -7.125802 -3.115122'/>
				</IndexedFaceSet>
			</Shape>
			<Shape DEF='_IDX_490'>
				<Appearance USE='Material_237_IDX_237'/>
				<IndexedFaceSet solid="false" coordIndex='0 1 2 3 -1'>
					<Coordinate point='4.234500 -5.786995 -1.784067 3.564020 -6.607906 -1.477567 4.082367 -7.355122 -2.010831 4.821702 -6.400821 -2.427949'/>
				</IndexedFaceSet>
			</Shape>
			<Shape DEF='_IDX_491'>
				<Appearance USE='Material_238_IDX_238'/>
				<IndexedFaceSet solid="false" coordIndex='0 1 2 3 -1'>
					<Coordinate point='3.757300 -5.274833 -1.171995 3.137911 -5.983871 -0.970648 3.564020 -6.607906 -1.477567 4.234500 -5.786995 -1.784067'/>
				</IndexedFaceSet>
			</Shape>
			<Shape DEF='_IDX_492'>
				<Appearance USE='Material_239_IDX_239'/>
				<IndexedFaceSet solid="false" coordIndex='0 1 2 3 -1'>
					<Coordinate point='3.366098 -4.857977 -0.580820 2.781896 -5.470770 -0.481036 3.137911 -5.983871 -0.970648 3.757300 -5.274833 -1.171995'/>
				</IndexedFaceSet>
			</Shape>
			<Shape DEF='_IDX_493'>
				<Appearance USE='Material_240_IDX_240'/>
				<IndexedFaceSet solid="false" coordIndex='0 1 2 3 -1'>
					<Coordinate point='3.038882 -4.533147 -0.000000 2.474922 -5.059610 -0.000000 2.781896 -5.470770 -0.481036 3.366098 -4.857977 -0.580820'/>
				</IndexedFaceSet>
			</Shape>
			<Shape DEF='_IDX_494'>
				<Appearance USE='Material_215_IDX_215'/>
				<IndexedFaceSet solid="false" coordIndex='0 1 2 3 -1'>
					<Coordinate point='11.650403 -16.544405 -6.743498 9.245439 -18.903963 -5.194018 10.809391 -21.418751 -5.895011 13.611032 -18.654953 -7.653612'/>
				</IndexedFaceSet>
			</Shape>
			<Shape DEF='_IDX_495'>
				<Appearance DEF='Material_342_IDX_342'>
					<Material diffuseColor='0.293617 0.554999 0.759099'/>
					
				</Appearance>
				<IndexedFaceSet solid="false" coordIndex='0 1 2 3 -1'>
					<Coordinate point='9.999073 -14.711250 -5.919886 7.927963 -16.729652 -4.559650 9.245439 -18.903963 -5.194018 11.650403 -16.544405 -6.743498'/>
				</IndexedFaceSet>
			</Shape>
			<Shape DEF='_IDX_496'>
				<Appearance DEF='Material_343_IDX_343'>
					<Material diffuseColor='0.311456 0.592697 0.730130'/>
					
				</Appearance>
				<IndexedFaceSet solid="false" coordIndex='0 1 2 3 -1'>
					<Coordinate point='8.609016 -13.116555 -5.172210 6.818629 -14.847093 -3.983770 7.927963 -16.729652 -4.559650 9.999073 -14.711250 -5.919886'/>
				</IndexedFaceSet>
			</Shape>
			<Shape DEF='_IDX_497'>
				<Appearance DEF='Material_344_IDX_344'>
					<Material diffuseColor='0.331830 0.618905 0.695038'/>
					
				</Appearance>
				<IndexedFaceSet solid="false" coordIndex='0 1 2 3 -1'>
					<Coordinate point='7.439643 -11.727543 -4.490879 5.885021 -13.215207 -3.458992 6.818629 -14.847093 -3.983770 8.609016 -13.116555 -5.172210'/>
				</IndexedFaceSet>
			</Shape>
			<Shape DEF='_IDX_498'>
				<Appearance DEF='Material_345_IDX_345'>
					<Material diffuseColor='0.350437 0.642840 0.662990'/>
					
				</Appearance>
				<IndexedFaceSet solid="false" coordIndex='0 1 2 3 -1'>
					<Coordinate point='6.456610 -10.516660 -3.867154 5.099685 -11.799384 -2.978582 5.885021 -13.215207 -3.458992 7.439643 -11.727543 -4.490879'/>
				</IndexedFaceSet>
			</Shape>
			<Shape DEF='_IDX_499'>
				<Appearance USE='Material_220_IDX_220'/>
				<IndexedFaceSet solid="false" coordIndex='0 1 2 3 -1'>
					<Coordinate point='6.456610 -10.516660 -3.867154 5.099685 -11.799384 -2.978582 5.099685 -11.799384 -2.978582 6.456610 -10.516660 -3.867154'/>
				</IndexedFaceSet>
			</Shape>
			<Shape DEF='_IDX_500'>
				<Appearance USE='Material_221_IDX_221'/>
				<IndexedFaceSet solid="false" coordIndex='0 1 2 3 -1'>
					<Coordinate point='5.497788 -9.286859 -3.195067 4.332864 -10.368573 -2.460924 5.099685 -11.799384 -2.978582 6.456610 -10.516660 -3.867154'/>
				</IndexedFaceSet>
			</Shape>
			<Shape DEF='_IDX_501'>
				<Appearance USE='Material_222_IDX_222'/>
				<IndexedFaceSet solid="false" coordIndex='0 1 2 3 -1'>
					<Coordinate point='4.717519 -8.241399 -2.579948 3.707650 -9.158080 -1.987143 4.332864 -10.368573 -2.460924 5.497788 -9.286859 -3.195067'/>
				</IndexedFaceSet>
			</Shape>
			<Shape DEF='_IDX_502'>
				<Appearance USE='Material_223_IDX_223'/>
				<IndexedFaceSet solid="false" coordIndex='0 1 2 3 -1'>
					<Coordinate point='4.082367 -7.355122 -2.010831 3.197086 -8.135611 -1.548794 3.707650 -9.158080 -1.987143 4.717519 -8.241399 -2.579948'/>
				</IndexedFaceSet>
			</Shape>
			<Shape DEF='_IDX_503'>
				<Appearance USE='Material_224_IDX_224'/>
				<IndexedFaceSet solid="false" coordIndex='0 1 2 3 -1'>
					<Coordinate point='3.564020 -6.607906 -1.477567 2.778167 -7.274827 -1.138060 3.197086 -8.135611 -1.548794 4.082367 -7.355122 -2.010831'/>
				</IndexedFaceSet>
			</Shape>
			<Shape DEF='_IDX_504'>
				<Appearance USE='Material_225_IDX_225'/>
				<IndexedFaceSet solid="false" coordIndex='0 1 2 3 -1'>
					<Coordinate point='3.137911 -5.983871 -0.970648 2.430671 -6.554216 -0.747618 2.778167 -7.274827 -1.138060 3.564020 -6.607906 -1.477567'/>
				</IndexedFaceSet>
			</Shape>
			<Shape DEF='_IDX_505'>
				<Appearance USE='Material_226_IDX_226'/>
				<IndexedFaceSet solid="false" coordIndex='0 1 2 3 -1'>
					<Coordinate point='2.781896 -5.470770 -0.481036 2.135973 -5.956143 -0.370506 2.430671 -6.554216 -0.747618 3.137911 -5.983871 -0.970648'/>
				</IndexedFaceSet>
			</Shape>
			<Shape DEF='_IDX_506'>
				<Appearance USE='Material_227_IDX_227'/>
				<IndexedFaceSet solid="false" coordIndex='0 1 2 3 -1'>
					<Coordinate point='2.474922 -5.059610 -0.000000 1.875765 -5.466074 -0.000000 2.135973 -5.956143 -0.370506 2.781896 -5.470770 -0.481036'/>
				</IndexedFaceSet>
			</Shape>
			<Shape DEF='_IDX_507'>
				<Appearance DEF='Material_346_IDX_346'>
					<Material diffuseColor='0.319616 0.603194 0.716074'/>
					
				</Appearance>
				<IndexedFaceSet solid="false" coordIndex='0 1 2 3 -1'>
					<Coordinate point='9.245439 -18.903963 -5.194018 6.412782 -20.672447 -3.528512 7.501328 -23.491241 -4.004725 10.809391 -21.418751 -5.895011'/>
				</IndexedFaceSet>
			</Shape>
			<Shape DEF='_IDX_508'>
				<Appearance DEF='Material_347_IDX_347'>
					<Material diffuseColor='0.337678 0.626428 0.684966'/>
					
				</Appearance>
				<IndexedFaceSet solid="false" coordIndex='0 1 2 3 -1'>
					<Coordinate point='7.927963 -16.729652 -4.559650 5.495668 -18.241526 -3.097559 6.412782 -20.672447 -3.528512 9.245439 -18.903963 -5.194018'/>
				</IndexedFaceSet>
			</Shape>
			<Shape DEF='_IDX_509'>
				<Appearance USE='Material_204_IDX_204'/>
				<IndexedFaceSet solid="false" coordIndex='0 1 2 3 -1'>
					<Coordinate point='6.818629 -14.847093 -3.983770 4.723294 -16.142380 -2.706340 5.495668 -18.241526 -3.097559 7.927963 -16.729652 -4.559650'/>
				</IndexedFaceSet>
			</Shape>
			<Shape DEF='_IDX_510'>
				<Appearance USE='Material_205_IDX_205'/>
				<IndexedFaceSet solid="false" coordIndex='0 1 2 3 -1'>
					<Coordinate point='5.885021 -13.215207 -3.458992 4.073075 -14.327674 -2.349836 4.723294 -16.142380 -2.706340 6.818629 -14.847093 -3.983770'/>
				</IndexedFaceSet>
			</Shape>
			<Shape DEF='_IDX_511'>
				<Appearance USE='Material_206_IDX_206'/>
				<IndexedFaceSet solid="false" coordIndex='0 1 2 3 -1'>
					<Coordinate point='5.099685 -11.799384 -2.978582 3.525874 -12.757475 -2.023474 4.073075 -14.327674 -2.349836 5.885021 -13.215207 -3.458992'/>
				</IndexedFaceSet>
			</Shape>
			<Shape DEF='_IDX_512'>
				<Appearance USE='Material_207_IDX_207'/>
				<IndexedFaceSet solid="false" coordIndex='0 1 2 3 -1'>
					<Coordinate point='5.099685 -11.799384 -2.978582 3.525874 -12.757475 -2.023474 3.525874 -12.757475 -2.023474 5.099685 -11.799384 -2.978582'/>
				</IndexedFaceSet>
			</Shape>
			<Shape DEF='_IDX_513'>
				<Appearance USE='Material_208_IDX_208'/>
				<IndexedFaceSet solid="false" coordIndex='0 1 2 3 -1'>
					<Coordinate point='4.332864 -10.368573 -2.460924 2.991161 -11.175056 -1.671807 3.525874 -12.757475 -2.023474 5.099685 -11.799384 -2.978582'/>
				</IndexedFaceSet>
			</Shape>
			<Shape DEF='_IDX_514'>
				<Appearance USE='Material_209_IDX_209'/>
				<IndexedFaceSet solid="false" coordIndex='0 1 2 3 -1'>
					<Coordinate point='3.707650 -9.158080 -1.987143 2.554593 -9.839808 -1.349949 2.991161 -11.175056 -1.671807 4.332864 -10.368573 -2.460924'/>
				</IndexedFaceSet>
			</Shape>
			<Shape DEF='_IDX_515'>
				<Appearance USE='Material_210_IDX_210'/>
				<IndexedFaceSet solid="false" coordIndex='0 1 2 3 -1'>
					<Coordinate point='3.197086 -8.135611 -1.548794 2.197258 -8.713986 -1.052160 2.554593 -9.839808 -1.349949 3.707650 -9.158080 -1.987143'/>
				</IndexedFaceSet>
			</Shape>
			<Shape DEF='_IDX_516'>
				<Appearance DEF='Material_348_IDX_348'>
					<Material diffuseColor='0.457750 0.711223 0.507048'/>
					
				</Appearance>
				<IndexedFaceSet solid="false" coordIndex='0 1 2 3 -1'>
					<Coordinate point='2.778167 -7.274827 -1.138060 1.902918 -7.766453 -0.773132 2.197258 -8.713986 -1.052160 3.197086 -8.135611 -1.548794'/>
				</IndexedFaceSet>
			</Shape>
			<Shape DEF='_IDX_517'>
				<Appearance DEF='Material_349_IDX_349'>
					<Material diffuseColor='0.474349 0.716798 0.487259'/>
					
				</Appearance>
				<IndexedFaceSet solid="false" coordIndex='0 1 2 3 -1'>
					<Coordinate point='2.430671 -6.554216 -0.747618 1.657145 -6.971251 -0.507888 1.902918 -7.766453 -0.773132 2.778167 -7.274827 -1.138060'/>
				</IndexedFaceSet>
			</Shape>
			<Shape DEF='_IDX_518'>
				<Appearance USE='Material_213_IDX_213'/>
				<IndexedFaceSet solid="false" coordIndex='0 1 2 3 -1'>
					<Coordinate point='2.135973 -5.956143 -0.370506 1.446421 -6.306336 -0.251700 1.657145 -6.971251 -0.507888 2.430671 -6.554216 -0.747618'/>
				</IndexedFaceSet>
			</Shape>
			<Shape DEF='_IDX_519'>
				<Appearance USE='Material_214_IDX_214'/>
				<IndexedFaceSet solid="false" coordIndex='0 1 2 3 -1'>
					<Coordinate point='1.875765 -5.466074 -0.000000 1.257076 -5.752384 -0.000000 1.446421 -6.306336 -0.251700 2.135973 -5.956143 -0.370506'/>
				</IndexedFaceSet>
			</Shape>
			<Shape DEF='_IDX_520'>
				<Appearance DEF='Material_350_IDX_350'>
					<Material diffuseColor='0.383069 0.670769 0.611375'/>
					
				</Appearance>
				<IndexedFaceSet solid="false" coordIndex='0 1 2 3 -1'>
					<Coordinate point='6.412782 -20.672447 -3.528512 3.282650 -21.767603 -1.784184 3.840981 -24.775066 -2.024981 7.501328 -23.491241 -4.004725'/>
				</IndexedFaceSet>
			</Shape>
			<Shape DEF='_IDX_521'>
				<Appearance DEF='Material_351_IDX_351'>
					<Material diffuseColor='0.397055 0.680062 0.590130'/>
					
				</Appearance>
				<IndexedFaceSet solid="false" coordIndex='0 1 2 3 -1'>
					<Coordinate point='5.495668 -18.241526 -3.097559 2.812212 -19.177408 -1.566274 3.282650 -21.767603 -1.784184 6.412782 -20.672447 -3.528512'/>
				</IndexedFaceSet>
			</Shape>
			<Shape DEF='_IDX_522'>
				<Appearance USE='Material_191_IDX_191'/>
				<IndexedFaceSet solid="false" coordIndex='0 1 2 3 -1'>
					<Coordinate point='4.723294 -16.142380 -2.706340 2.415972 -16.943806 -1.368455 2.812212 -19.177408 -1.566274 5.495668 -18.241526 -3.097559'/>
				</IndexedFaceSet>
			</Shape>
			<Shape DEF='_IDX_523'>
				<Appearance DEF='Material_352_IDX_352'>
					<Material diffuseColor='0.421257 0.696144 0.553364'/>
					
				</Appearance>
				<IndexedFaceSet solid="false" coordIndex='0 1 2 3 -1'>
					<Coordinate point='4.073075 -14.327674 -2.349836 2.082341 -15.015573 -1.188190 2.415972 -16.943806 -1.368455 4.723294 -16.142380 -2.706340'/>
				</IndexedFaceSet>
			</Shape>
			<Shape DEF='_IDX_524'>
				<Appearance USE='Material_193_IDX_193'/>
				<IndexedFaceSet solid="false" coordIndex='0 1 2 3 -1'>
					<Coordinate point='3.525874 -12.757475 -2.023474 1.801493 -13.349461 -1.023165 2.082341 -15.015573 -1.188190 4.073075 -14.327674 -2.349836'/>
				</IndexedFaceSet>
			</Shape>
			<Shape DEF='_IDX_525'>
				<Appearance DEF='Material_353_IDX_353'>
					<Material diffuseColor='0.438244 0.704671 0.530304'/>
					
				</Appearance>
				<IndexedFaceSet solid="false" coordIndex='0 1 2 3 -1'>
					<Coordinate point='3.525874 -12.757475 -2.023474 1.801493 -13.349461 -1.023165 1.801493 -13.349461 -1.023165 3.525874 -12.757475 -2.023474'/>
				</IndexedFaceSet>
			</Shape>
			<Shape DEF='_IDX_526'>
				<Appearance USE='Material_195_IDX_195'/>
				<IndexedFaceSet solid="false" coordIndex='0 1 2 3 -1'>
					<Coordinate point='2.991161 -11.175056 -1.671807 1.526925 -11.672770 -0.845346 1.801493 -13.349461 -1.023165 3.525874 -12.757475 -2.023474'/>
				</IndexedFaceSet>
			</Shape>
			<Shape DEF='_IDX_527'>
				<Appearance USE='Material_196_IDX_196'/>
				<IndexedFaceSet solid="false" coordIndex='0 1 2 3 -1'>
					<Coordinate point='2.554593 -9.839808 -1.349949 1.302569 -10.259825 -0.682599 1.526925 -11.672770 -0.845346 2.991161 -11.175056 -1.671807'/>
				</IndexedFaceSet>
			</Shape>
			<Shape DEF='_IDX_528'>
				<Appearance USE='Material_197_IDX_197'/>
				<IndexedFaceSet solid="false" coordIndex='0 1 2 3 -1'>
					<Coordinate point='2.197258 -8.713986 -1.052160 1.118673 -9.069468 -0.532022 1.302569 -10.259825 -0.682599 2.554593 -9.839808 -1.349949'/>
				</IndexedFaceSet>
			</Shape>
			<Shape DEF='_IDX_529'>
				<Appearance USE='Material_198_IDX_198'/>
				<IndexedFaceSet solid="false" coordIndex='0 1 2 3 -1'>
					<Coordinate point='1.902918 -7.766453 -0.773132 0.966835 -8.067514 -0.390932 1.118673 -9.069468 -0.532022 2.197258 -8.713986 -1.052160'/>
				</IndexedFaceSet>
			</Shape>
			<Shape DEF='_IDX_530'>
				<Appearance DEF='Material_354_IDX_354'>
					<Material diffuseColor='0.489622 0.721928 0.469051'/>
					
				</Appearance>
				<IndexedFaceSet solid="false" coordIndex='0 1 2 3 -1'>
					<Coordinate point='1.657145 -6.971251 -0.507888 0.839539 -7.225150 -0.256812 0.966835 -8.067514 -0.390932 1.902918 -7.766453 -0.773132'/>
				</IndexedFaceSet>
			</Shape>
			<Shape DEF='_IDX_531'>
				<Appearance USE='Material_200_IDX_200'/>
				<IndexedFaceSet solid="false" coordIndex='0 1 2 3 -1'>
					<Coordinate point='1.446421 -6.306336 -0.251700 0.729656 -6.517410 -0.127272 0.839539 -7.225150 -0.256812 1.657145 -6.971251 -0.507888'/>
				</IndexedFaceSet>
			</Shape>
			<Shape DEF='_IDX_532'>
				<Appearance USE='Material_201_IDX_201'/>
				<IndexedFaceSet solid="false" coordIndex='0 1 2 3 -1'>
					<Coordinate point='1.257076 -5.752384 -0.000000 0.629839 -5.921650 -0.000000 0.729656 -6.517410 -0.127272 1.446421 -6.306336 -0.251700'/>
				</IndexedFaceSet>
			</Shape>
			<Shape DEF='_IDX_533'>
				<Appearance DEF='Material_355_IDX_355'>
					<Material diffuseColor='0.466423 0.714136 0.496709'/>
					
				</Appearance>
				<IndexedFaceSet solid="false" coordIndex='0 1 2 3 -1'>
					<Coordinate point='3.282650 -21.767603 -1.784184 0.000002 -22.138418 -0.000001 0.000003 -25.209831 -0.000001 3.840981 -24.775066 -2.024981'/>
				</IndexedFaceSet>
			</Shape>
			<Shape DEF='_IDX_534'>
				<Appearance DEF='Material_356_IDX_356'>
					<Material diffuseColor='0.472082 0.716037 0.489962'/>
					
				</Appearance>
				<IndexedFaceSet solid="false" coordIndex='0 1 2 3 -1'>
					<Coordinate point='2.812212 -19.177408 -1.566274 0.000002 -19.494234 -0.000001 0.000002 -22.138418 -0.000001 3.282650 -21.767603 -1.784184'/>
				</IndexedFaceSet>
			</Shape>
			<Shape DEF='_IDX_535'>
				<Appearance DEF='Material_357_IDX_357'>
					<Material diffuseColor='0.477211 0.717759 0.483847'/>
					
				</Appearance>
				<IndexedFaceSet solid="false" coordIndex='0 1 2 3 -1'>
					<Coordinate point='2.415972 -16.943806 -1.368455 0.000002 -17.215050 -0.000001 0.000002 -19.494234 -0.000001 2.812212 -19.177408 -1.566274'/>
				</IndexedFaceSet>
			</Shape>
			<Shape DEF='_IDX_536'>
				<Appearance DEF='Material_358_IDX_358'>
					<Material diffuseColor='0.481876 0.719326 0.478286'/>
					
				</Appearance>
				<IndexedFaceSet solid="false" coordIndex='0 1 2 3 -1'>
					<Coordinate point='2.082341 -15.015573 -1.188190 0.000001 -15.248323 -0.000001 0.000002 -17.215050 -0.000001 2.415972 -16.943806 -1.368455'/>
				</IndexedFaceSet>
			</Shape>
			<Shape DEF='_IDX_537'>
				<Appearance DEF='Material_359_IDX_359'>
					<Material diffuseColor='0.486135 0.720757 0.473207'/>
					
				</Appearance>
				<IndexedFaceSet solid="false" coordIndex='0 1 2 3 -1'>
					<Coordinate point='1.801493 -13.349461 -1.023165 0.000001 -13.549685 -0.000001 0.000001 -15.248323 -0.000001 2.082341 -15.015573 -1.188190'/>
				</IndexedFaceSet>
			</Shape>
			<Shape DEF='_IDX_538'>
				<Appearance DEF='Material_360_IDX_360'>
					<Material diffuseColor='0.488171 0.721441 0.470780'/>
					
				</Appearance>
				<IndexedFaceSet solid="false" coordIndex='0 1 2 3 -1'>
					<Coordinate point='1.801493 -13.349461 -1.023165 0.000001 -13.549685 -0.000001 0.000001 -13.549685 -0.000001 1.801493 -13.349461 -1.023165'/>
				</IndexedFaceSet>
			</Shape>
			<Shape DEF='_IDX_539'>
				<Appearance DEF='Material_361_IDX_361'>
					<Material diffuseColor='0.490365 0.722177 0.468165'/>
					
				</Appearance>
				<IndexedFaceSet solid="false" coordIndex='0 1 2 3 -1'>
					<Coordinate point='1.526925 -11.672770 -0.845346 0.000001 -11.841008 -0.000001 0.000001 -13.549685 -0.000001 1.801493 -13.349461 -1.023165'/>
				</IndexedFaceSet>
			</Shape>
			<Shape DEF='_IDX_540'>
				<Appearance DEF='Material_362_IDX_362'>
					<Material diffuseColor='0.494567 0.723589 0.463156'/>
					
				</Appearance>
				<IndexedFaceSet solid="false" coordIndex='0 1 2 3 -1'>
					<Coordinate point='1.302569 -10.259825 -0.682599 0.000001 -10.401681 -0.000000 0.000001 -11.841008 -0.000001 1.526925 -11.672770 -0.845346'/>
				</IndexedFaceSet>
			</Shape>
			<Shape DEF='_IDX_541'>
				<Appearance USE='Material_184_IDX_184'/>
				<IndexedFaceSet solid="false" coordIndex='0 1 2 3 -1'>
					<Coordinate point='1.118673 -9.069468 -0.532022 0.000001 -9.189380 -0.000000 0.000001 -10.401681 -0.000000 1.302569 -10.259825 -0.682599'/>
				</IndexedFaceSet>
			</Shape>
			<Shape DEF='_IDX_542'>
				<Appearance USE='Material_185_IDX_185'/>
				<IndexedFaceSet solid="false" coordIndex='0 1 2 3 -1'>
					<Coordinate point='0.966835 -8.067514 -0.390932 0.000001 -8.168880 -0.000000 0.000001 -9.189380 -0.000000 1.118673 -9.069468 -0.532022'/>
				</IndexedFaceSet>
			</Shape>
			<Shape DEF='_IDX_543'>
				<Appearance USE='Material_186_IDX_186'/>
				<IndexedFaceSet solid="false" coordIndex='0 1 2 3 -1'>
					<Coordinate point='0.839539 -7.225150 -0.256812 0.000001 -7.310373 -0.000000 0.000001 -8.168880 -0.000000 0.966835 -8.067514 -0.390932'/>
				</IndexedFaceSet>
			</Shape>
			<Shape DEF='_IDX_544'>
				<Appearance USE='Material_187_IDX_187'/>
				<IndexedFaceSet solid="false" coordIndex='0 1 2 3 -1'>
					<Coordinate point='0.729656 -6.517410 -0.127272 0.000000 -6.587874 -0.000000 0.000001 -7.310373 -0.000000 0.839539 -7.225150 -0.256812'/>
				</IndexedFaceSet>
			</Shape>
			<Shape DEF='_IDX_545'>
				<Appearance USE='Material_188_IDX_188'/>
				<IndexedFaceSet solid="false" coordIndex='0 1 2 3 -1'>
					<Coordinate point='0.629839 -5.921650 -0.000000 0.000000 -5.977540 -0.000000 0.000000 -6.587874 -0.000000 0.729656 -6.517410 -0.127272'/>
				</IndexedFaceSet>
			</Shape>
			<Shape DEF='_IDX_546'>
				<Appearance USE='Material_176_IDX_176'/>
				<IndexedFaceSet solid="false" coordIndex='0 1 2 3 -1'>
					<Coordinate point='9.472039 -0.000002 -0.000001 9.173079 -2.673965 -1.784184 11.740790 -3.124040 -2.024981 12.114709 -0.000002 -0.000001'/>
				</IndexedFaceSet>
			</Shape>
			<Shape DEF='_IDX_547'>
				<Appearance USE='Material_177_IDX_177'/>
				<IndexedFaceSet solid="false" coordIndex='0 1 2 3 -1'>
					<Coordinate point='7.170965 -0.000002 -0.000001 6.949204 -2.341528 -1.566274 9.173079 -2.673965 -1.784184 9.472039 -0.000002 -0.000001'/>
				</IndexedFaceSet>
			</Shape>
			<Shape DEF='_IDX_548'>
				<Appearance USE='Material_178_IDX_178'/>
				<IndexedFaceSet solid="false" coordIndex='0 1 2 3 -1'>
					<Coordinate point='5.116354 -0.000001 -0.000001 4.997092 -2.142523 -1.368455 6.949204 -2.341528 -1.566274 7.170965 -0.000002 -0.000001'/>
				</IndexedFaceSet>
			</Shape>
			<Shape DEF='_IDX_549'>
				<Appearance USE='Material_179_IDX_179'/>
				<IndexedFaceSet solid="false" coordIndex='0 1 2 3 -1'>
					<Coordinate point='3.158188 -0.000002 -0.000001 3.261897 -2.137143 -1.188190 4.997092 -2.142523 -1.368455 5.116354 -0.000001 -0.000001'/>
				</IndexedFaceSet>
			</Shape>
			<Shape DEF='_IDX_550'>
				<Appearance USE='Material_180_IDX_180'/>
				<IndexedFaceSet solid="false" coordIndex='0 1 2 3 -1'>
					<Coordinate point='0.001829 -0.001829 -0.000001 1.796680 -2.453188 -1.023165 3.261897 -2.137143 -1.188190 3.158188 -0.000002 -0.000001'/>
				</IndexedFaceSet>
			</Shape>
			<Shape DEF='_IDX_551'>
				<Appearance USE='Material_181_IDX_181'/>
				<IndexedFaceSet solid="false" coordIndex='0 1 2 3 -1'>
					<Coordinate point='0.001829 -0.001829 -0.000001 1.796680 -2.453188 -1.023165 1.796680 -2.453188 -1.023165 0.001829 -0.001829 -0.000001'/>
				</IndexedFaceSet>
			</Shape>
			<Shape DEF='_IDX_552'>
				<Appearance USE='Material_182_IDX_182'/>
				<IndexedFaceSet solid="false" coordIndex='0 1 2 3 -1'>
					<Coordinate point='0.000001 -2.721608 -0.000001 0.717430 -3.127908 -0.845346 1.796680 -2.453188 -1.023165 0.001829 -0.001829 -0.000001'/>
				</IndexedFaceSet>
			</Shape>
			<Shape DEF='_IDX_553'>
				<Appearance USE='Material_183_IDX_183'/>
				<IndexedFaceSet solid="false" coordIndex='0 1 2 3 -1'>
					<Coordinate point='0.000000 -3.564818 -0.000000 0.187118 -3.713712 -0.682599 0.717430 -3.127908 -0.845346 0.000001 -2.721608 -0.000001'/>
				</IndexedFaceSet>
			</Shape>
			<Shape DEF='_IDX_554'>
				<Appearance USE='Material_184_IDX_184'/>
				<IndexedFaceSet solid="false" coordIndex='0 1 2 3 -1'>
					<Coordinate point='-0.000000 -4.116542 -0.000000 -0.105601 -4.171835 -0.532022 0.187118 -3.713712 -0.682599 0.000000 -3.564818 -0.000000'/>
				</IndexedFaceSet>
			</Shape>
			<Shape DEF='_IDX_555'>
				<Appearance USE='Material_185_IDX_185'/>
				<IndexedFaceSet solid="false" coordIndex='0 1 2 3 -1'>
					<Coordinate point='-0.000000 -4.565847 -0.000000 -0.291265 -4.574254 -0.390932 -0.105601 -4.171835 -0.532022 -0.000000 -4.116542 -0.000000'/>
				</IndexedFaceSet>
			</Shape>
			<Shape DEF='_IDX_556'>
				<Appearance USE='Material_186_IDX_186'/>
				<IndexedFaceSet solid="false" coordIndex='0 1 2 3 -1'>
					<Coordinate point='-0.000000 -4.996156 -0.000000 -0.424178 -4.976172 -0.256812 -0.291265 -4.574254 -0.390932 -0.000000 -4.565847 -0.000000'/>
				</IndexedFaceSet>
			</Shape>
			<Shape DEF='_IDX_557'>
				<Appearance USE='Material_187_IDX_187'/>
				<IndexedFaceSet solid="false" coordIndex='0 1 2 3 -1'>
					<Coordinate point='-0.000000 -5.455700 -0.000000 -0.531658 -5.415804 -0.127272 -0.424178 -4.976172 -0.256812 -0.000000 -4.996156 -0.000000'/>
				</IndexedFaceSet>
			</Shape>
			<Shape DEF='_IDX_558'>
				<Appearance USE='Material_188_IDX_188'/>
				<IndexedFaceSet solid="false" coordIndex='0 1 2 3 -1'>
					<Coordinate point='-0.000000 -5.977540 -0.000000 -0.629839 -5.921649 -0.000000 -0.531658 -5.415804 -0.127272 -0.000000 -5.455700 -0.000000'/>
				</IndexedFaceSet>
			</Shape>
			<Shape DEF='_IDX_559'>
				<Appearance USE='Material_189_IDX_189'/>
				<IndexedFaceSet solid="false" coordIndex='0 1 2 3 -1'>
					<Coordinate point='9.173079 -2.673965 -1.784184 8.276211 -5.148722 -3.528512 10.631310 -6.041429 -4.004725 11.740790 -3.124040 -2.024981'/>
				</IndexedFaceSet>
			</Shape>
			<Shape DEF='_IDX_560'>
				<Appearance USE='Material_190_IDX_190'/>
				<IndexedFaceSet solid="false" coordIndex='0 1 2 3 -1'>
					<Coordinate point='6.949204 -2.341528 -1.566274 6.255954 -4.464893 -3.097559 8.276211 -5.148722 -3.528512 9.173079 -2.673965 -1.784184'/>
				</IndexedFaceSet>
			</Shape>
			<Shape DEF='_IDX_561'>
				<Appearance USE='Material_191_IDX_191'/>
				<IndexedFaceSet solid="false" coordIndex='0 1 2 3 -1'>
					<Coordinate point='4.997092 -2.142523 -1.368455 4.521852 -3.985698 -2.706340 6.255954 -4.464893 -3.097559 6.949204 -2.341528 -1.566274'/>
				</IndexedFaceSet>
			</Shape>
			<Shape DEF='_IDX_562'>
				<Appearance USE='Material_192_IDX_192'/>
				<IndexedFaceSet solid="false" coordIndex='0 1 2 3 -1'>
					<Coordinate point='3.261897 -2.137143 -1.188190 3.049722 -3.717878 -2.349836 4.521852 -3.985698 -2.706340 4.997092 -2.142523 -1.368455'/>
				</IndexedFaceSet>
			</Shape>
			<Shape DEF='_IDX_563'>
				<Appearance USE='Material_193_IDX_193'/>
				<IndexedFaceSet solid="false" coordIndex='0 1 2 3 -1'>
					<Coordinate point='1.796680 -2.453188 -1.023165 1.849463 -3.659742 -2.023474 3.049722 -3.717878 -2.349836 3.261897 -2.137143 -1.188190'/>
				</IndexedFaceSet>
			</Shape>
			<Shape DEF='_IDX_564'>
				<Appearance USE='Material_194_IDX_194'/>
				<IndexedFaceSet solid="false" coordIndex='0 1 2 3 -1'>
					<Coordinate point='1.796680 -2.453188 -1.023165 1.849463 -3.659742 -2.023474 1.849463 -3.659742 -2.023474 1.796680 -2.453188 -1.023165'/>
				</IndexedFaceSet>
			</Shape>
			<Shape DEF='_IDX_565'>
				<Appearance USE='Material_195_IDX_195'/>
				<IndexedFaceSet solid="false" coordIndex='0 1 2 3 -1'>
					<Coordinate point='0.717430 -3.127908 -0.845346 0.808650 -3.793780 -1.671807 1.849463 -3.659742 -2.023474 1.796680 -2.453188 -1.023165'/>
				</IndexedFaceSet>
			</Shape>
			<Shape DEF='_IDX_566'>
				<Appearance USE='Material_196_IDX_196'/>
				<IndexedFaceSet solid="false" coordIndex='0 1 2 3 -1'>
					<Coordinate point='0.187118 -3.713712 -0.682599 0.120280 -4.027037 -1.349949 0.808650 -3.793780 -1.671807 0.717430 -3.127908 -0.845346'/>
				</IndexedFaceSet>
			</Shape>
			<Shape DEF='_IDX_567'>
				<Appearance USE='Material_197_IDX_197'/>
				<IndexedFaceSet solid="false" coordIndex='0 1 2 3 -1'>
					<Coordinate point='-0.105601 -4.171835 -0.532022 -0.331441 -4.291133 -1.052160 0.120280 -4.027037 -1.349949 0.187118 -3.713712 -0.682599'/>
				</IndexedFaceSet>
			</Shape>
			<Shape DEF='_IDX_568'>
				<Appearance USE='Material_198_IDX_198'/>
				<IndexedFaceSet solid="false" coordIndex='0 1 2 3 -1'>
					<Coordinate point='-0.291265 -4.574254 -0.390932 -0.643494 -4.579322 -0.773132 -0.331441 -4.291133 -1.052160 -0.105601 -4.171835 -0.532022'/>
				</IndexedFaceSet>
			</Shape>
			<Shape DEF='_IDX_569'>
				<Appearance USE='Material_199_IDX_199'/>
				<IndexedFaceSet solid="false" coordIndex='0 1 2 3 -1'>
					<Coordinate point='-0.424178 -4.976172 -0.256812 -0.877997 -4.906600 -0.507888 -0.643494 -4.579322 -0.773132 -0.291265 -4.574254 -0.390932'/>
				</IndexedFaceSet>
			</Shape>
			<Shape DEF='_IDX_570'>
				<Appearance USE='Material_200_IDX_200'/>
				<IndexedFaceSet solid="false" coordIndex='0 1 2 3 -1'>
					<Coordinate point='-0.531658 -5.415804 -0.127272 -1.073887 -5.291609 -0.251700 -0.877997 -4.906600 -0.507888 -0.424178 -4.976172 -0.256812'/>
				</IndexedFaceSet>
			</Shape>
			<Shape DEF='_IDX_571'>
				<Appearance USE='Material_201_IDX_201'/>
				<IndexedFaceSet solid="false" coordIndex='0 1 2 3 -1'>
					<Coordinate point='-0.629839 -5.921649 -0.000000 -1.257076 -5.752384 -0.000000 -1.073887 -5.291609 -0.251700 -0.531658 -5.415804 -0.127272'/>
				</IndexedFaceSet>
			</Shape>
			<Shape DEF='_IDX_572'>
				<Appearance USE='Material_202_IDX_202'/>
				<IndexedFaceSet solid="false" coordIndex='0 1 2 3 -1'>
					<Coordinate point='8.276211 -5.148722 -3.528512 6.800459 -7.263868 -5.194018 8.829163 -8.568593 -5.895011 10.631310 -6.041429 -4.004725'/>
				</IndexedFaceSet>
			</Shape>
			<Shape DEF='_IDX_573'>
				<Appearance USE='Material_203_IDX_203'/>
				<IndexedFaceSet solid="false" coordIndex='0 1 2 3 -1'>
					<Coordinate point='6.255954 -4.464893 -3.097559 5.072058 -6.236422 -4.559650 6.800459 -7.263868 -5.194018 8.276211 -5.148722 -3.528512'/>
				</IndexedFaceSet>
			</Shape>
			<Shape DEF='_IDX_574'>
				<Appearance USE='Material_204_IDX_204'/>
				<IndexedFaceSet solid="false" coordIndex='0 1 2 3 -1'>
					<Coordinate point='4.521852 -3.985698 -2.706340 3.604828 -5.459405 -3.983770 5.072058 -6.236422 -4.559650 6.255954 -4.464893 -3.097559'/>
				</IndexedFaceSet>
			</Shape>
			<Shape DEF='_IDX_575'>
				<Appearance USE='Material_205_IDX_205'/>
				<IndexedFaceSet solid="false" coordIndex='0 1 2 3 -1'>
					<Coordinate point='3.049722 -3.717878 -2.349836 2.373533 -4.909956 -3.458992 3.604828 -5.459405 -3.983770 4.521852 -3.985698 -2.706340'/>
				</IndexedFaceSet>
			</Shape>
			<Shape DEF='_IDX_576'>
				<Appearance USE='Material_206_IDX_206'/>
				<IndexedFaceSet solid="false" coordIndex='0 1 2 3 -1'>
					<Coordinate point='1.849463 -3.659742 -2.023474 1.364019 -4.561434 -2.978582 2.373533 -4.909956 -3.458992 3.049722 -3.717878 -2.349836'/>
				</IndexedFaceSet>
			</Shape>
			<Shape DEF='_IDX_577'>
				<Appearance USE='Material_207_IDX_207'/>
				<IndexedFaceSet solid="false" coordIndex='0 1 2 3 -1'>
					<Coordinate point='1.849463 -3.659742 -2.023474 1.364019 -4.561434 -2.978582 1.364019 -4.561434 -2.978582 1.849463 -3.659742 -2.023474'/>
				</IndexedFaceSet>
			</Shape>
			<Shape DEF='_IDX_578'>
				<Appearance USE='Material_208_IDX_208'/>
				<IndexedFaceSet solid="false" coordIndex='0 1 2 3 -1'>
					<Coordinate point='0.808650 -3.793780 -1.671807 0.440371 -4.358478 -2.460924 1.364019 -4.561434 -2.978582 1.849463 -3.659742 -2.023474'/>
				</IndexedFaceSet>
			</Shape>
			<Shape DEF='_IDX_579'>
				<Appearance USE='Material_209_IDX_209'/>
				<IndexedFaceSet solid="false" coordIndex='0 1 2 3 -1'>
					<Coordinate point='0.120280 -4.027037 -1.349949 -0.235211 -4.316402 -1.987143 0.440371 -4.358478 -2.460924 0.808650 -3.793780 -1.671807'/>
				</IndexedFaceSet>
			</Shape>
			<Shape DEF='_IDX_580'>
				<Appearance USE='Material_210_IDX_210'/>
				<IndexedFaceSet solid="false" coordIndex='0 1 2 3 -1'>
					<Coordinate point='-0.331441 -4.291133 -1.052160 -0.724005 -4.383971 -1.548794 -0.235211 -4.316402 -1.987143 0.120280 -4.027037 -1.349949'/>
				</IndexedFaceSet>
			</Shape>
			<Shape DEF='_IDX_581'>
				<Appearance USE='Material_211_IDX_211'/>
				<IndexedFaceSet solid="false" coordIndex='0 1 2 3 -1'>
					<Coordinate point='-0.643494 -4.579322 -0.773132 -1.087940 -4.535630 -1.138060 -0.724005 -4.383971 -1.548794 -0.331441 -4.291133 -1.052160'/>
				</IndexedFaceSet>
			</Shape>
			<Shape DEF='_IDX_582'>
				<Appearance USE='Material_212_IDX_212'/>
				<IndexedFaceSet solid="false" coordIndex='0 1 2 3 -1'>
					<Coordinate point='-0.877997 -4.906600 -0.507888 -1.377457 -4.764188 -0.747618 -1.087940 -4.535630 -1.138060 -0.643494 -4.579322 -0.773132'/>
				</IndexedFaceSet>
			</Shape>
			<Shape DEF='_IDX_583'>
				<Appearance USE='Material_213_IDX_213'/>
				<IndexedFaceSet solid="false" coordIndex='0 1 2 3 -1'>
					<Coordinate point='-1.073887 -5.291609 -0.251700 -1.630513 -5.071999 -0.370506 -1.377457 -4.764188 -0.747618 -0.877997 -4.906600 -0.507888'/>
				</IndexedFaceSet>
			</Shape>
			<Shape DEF='_IDX_584'>
				<Appearance USE='Material_214_IDX_214'/>
				<IndexedFaceSet solid="false" coordIndex='0 1 2 3 -1'>
					<Coordinate point='-1.257076 -5.752384 -0.000000 -1.875765 -5.466074 -0.000000 -1.630513 -5.071999 -0.370506 -1.073887 -5.291609 -0.251700'/>
				</IndexedFaceSet>
			</Shape>
			<Shape DEF='_IDX_585'>
				<Appearance USE='Material_215_IDX_215'/>
				<IndexedFaceSet solid="false" coordIndex='0 1 2 3 -1'>
					<Coordinate point='6.800459 -7.263868 -5.194018 4.805490 -8.898298 -6.743498 6.415915 -10.554007 -7.653612 8.829163 -8.568593 -5.895011'/>
				</IndexedFaceSet>
			</Shape>
			<Shape DEF='_IDX_586'>
				<Appearance USE='Material_216_IDX_216'/>
				<IndexedFaceSet solid="false" coordIndex='0 1 2 3 -1'>
					<Coordinate point='5.072058 -6.236422 -4.559650 3.437770 -7.572488 -5.919886 4.805490 -8.898298 -6.743498 6.800459 -7.263868 -5.194018'/>
				</IndexedFaceSet>
			</Shape>
			<Shape DEF='_IDX_587'>
				<Appearance USE='Material_217_IDX_217'/>
				<IndexedFaceSet solid="false" coordIndex='0 1 2 3 -1'>
					<Coordinate point='3.604828 -5.459405 -3.983770 2.280870 -6.534163 -5.172210 3.437770 -7.572488 -5.919886 5.072058 -6.236422 -4.559650'/>
				</IndexedFaceSet>
			</Shape>
			<Shape DEF='_IDX_588'>
				<Appearance USE='Material_218_IDX_218'/>
				<IndexedFaceSet solid="false" coordIndex='0 1 2 3 -1'>
					<Coordinate point='2.373533 -4.909956 -3.458992 1.310774 -5.746087 -4.490879 2.280870 -6.534163 -5.172210 3.604828 -5.459405 -3.983770'/>
				</IndexedFaceSet>
			</Shape>
			<Shape DEF='_IDX_589'>
				<Appearance USE='Material_219_IDX_219'/>
				<IndexedFaceSet solid="false" coordIndex='0 1 2 3 -1'>
					<Coordinate point='1.364019 -4.561434 -2.978582 0.508650 -5.172984 -3.867154 1.310774 -5.746087 -4.490879 2.373533 -4.909956 -3.458992'/>
				</IndexedFaceSet>
			</Shape>
			<Shape DEF='_IDX_590'>
				<Appearance USE='Material_220_IDX_220'/>
				<IndexedFaceSet solid="false" coordIndex='0 1 2 3 -1'>
					<Coordinate point='1.364019 -4.561434 -2.978582 0.508650 -5.172984 -3.867154 0.508650 -5.172984 -3.867154 1.364019 -4.561434 -2.978582'/>
				</IndexedFaceSet>
			</Shape>
			<Shape DEF='_IDX_591'>
				<Appearance USE='Material_221_IDX_221'/>
				<IndexedFaceSet solid="false" coordIndex='0 1 2 3 -1'>
					<Coordinate point='0.440371 -4.358478 -2.460924 -0.245467 -4.725911 -3.195067 0.508650 -5.172984 -3.867154 1.364019 -4.561434 -2.978582'/>
				</IndexedFaceSet>
			</Shape>
			<Shape DEF='_IDX_592'>
				<Appearance USE='Material_222_IDX_222'/>
				<IndexedFaceSet solid="false" coordIndex='0 1 2 3 -1'>
					<Coordinate point='-0.235211 -4.316402 -1.987143 -0.825034 -4.474789 -2.579948 -0.245467 -4.725911 -3.195067 0.440371 -4.358478 -2.460924'/>
				</IndexedFaceSet>
			</Shape>
			<Shape DEF='_IDX_593'>
				<Appearance USE='Material_223_IDX_223'/>
				<IndexedFaceSet solid="false" coordIndex='0 1 2 3 -1'>
					<Coordinate point='-0.724005 -4.383971 -1.548794 -1.270300 -4.375370 -2.010831 -0.825034 -4.474789 -2.579948 -0.235211 -4.316402 -1.987143'/>
				</IndexedFaceSet>
			</Shape>
			<Shape DEF='_IDX_594'>
				<Appearance USE='Material_224_IDX_224'/>
				<IndexedFaceSet solid="false" coordIndex='0 1 2 3 -1'>
					<Coordinate point='-1.087940 -4.535630 -1.138060 -1.622855 -4.397334 -1.477567 -1.270300 -4.375370 -2.010831 -0.724005 -4.383971 -1.548794'/>
				</IndexedFaceSet>
			</Shape>
			<Shape DEF='_IDX_595'>
				<Appearance USE='Material_225_IDX_225'/>
				<IndexedFaceSet solid="false" coordIndex='0 1 2 3 -1'>
					<Coordinate point='-1.377457 -4.764188 -0.747618 -1.920562 -4.523130 -0.970648 -1.622855 -4.397334 -1.477567 -1.087940 -4.535630 -1.138060'/>
				</IndexedFaceSet>
			</Shape>
			<Shape DEF='_IDX_596'>
				<Appearance USE='Material_226_IDX_226'/>
				<IndexedFaceSet solid="false" coordIndex='0 1 2 3 -1'>
					<Coordinate point='-1.630513 -5.071999 -0.370506 -2.195589 -4.744537 -0.481036 -1.920562 -4.523130 -0.970648 -1.377457 -4.764188 -0.747618'/>
				</IndexedFaceSet>
			</Shape>
			<Shape DEF='_IDX_597'>
				<Appearance USE='Material_227_IDX_227'/>
				<IndexedFaceSet solid="false" coordIndex='0 1 2 3 -1'>
					<Coordinate point='-1.875765 -5.466074 -0.000000 -2.474922 -5.059610 -0.000000 -2.195589 -4.744537 -0.481036 -1.630513 -5.071999 -0.370506'/>
				</IndexedFaceSet>
			</Shape>
			<Shape DEF='_IDX_598'>
				<Appearance USE='Material_228_IDX_228'/>
				<IndexedFaceSet solid="false" coordIndex='0 1 2 3 -1'>
					<Coordinate point='4.805490 -8.898298 -6.743498 2.390326 -9.959919 -8.142341 3.511013 -11.878979 -9.241243 6.415915 -10.554007 -7.653612'/>
				</IndexedFaceSet>
			</Shape>
			<Shape DEF='_IDX_599'>
				<Appearance USE='Material_229_IDX_229'/>
				<IndexedFaceSet solid="false" coordIndex='0 1 2 3 -1'>
					<Coordinate point='3.437770 -7.572488 -5.919886 1.438524 -8.408536 -7.147881 2.390326 -9.959919 -8.142341 4.805490 -8.898298 -6.743498'/>
				</IndexedFaceSet>
			</Shape>
			<Shape DEF='_IDX_600'>
				<Appearance USE='Material_230_IDX_230'/>
				<IndexedFaceSet solid="false" coordIndex='0 1 2 3 -1'>
					<Coordinate point='2.280870 -6.534163 -5.172210 0.632863 -7.172507 -6.245110 1.438524 -8.408536 -7.147881 3.437770 -7.572488 -5.919886'/>
				</IndexedFaceSet>
			</Shape>
			<Shape DEF='_IDX_601'>
				<Appearance USE='Material_231_IDX_231'/>
				<IndexedFaceSet solid="false" coordIndex='0 1 2 3 -1'>
					<Coordinate point='1.310774 -5.746087 -4.490879 -0.044946 -6.206581 -5.422447 0.632863 -7.172507 -6.245110 2.280870 -6.534163 -5.172210'/>
				</IndexedFaceSet>
			</Shape>
			<Shape DEF='_IDX_602'>
				<Appearance USE='Material_232_IDX_232'/>
				<IndexedFaceSet solid="false" coordIndex='0 1 2 3 -1'>
					<Coordinate point='0.508650 -5.172984 -3.867154 -0.610395 -5.470632 -4.669339 -0.044946 -6.206581 -5.422447 1.310774 -5.746087 -4.490879'/>
				</IndexedFaceSet>
			</Shape>
			<Shape DEF='_IDX_603'>
				<Appearance USE='Material_233_IDX_233'/>
				<IndexedFaceSet solid="false" coordIndex='0 1 2 3 -1'>
					<Coordinate point='0.508650 -5.172984 -3.867154 -0.610395 -5.470632 -4.669339 -0.610395 -5.470632 -4.669339 0.508650 -5.172984 -3.867154'/>
				</IndexedFaceSet>
			</Shape>
			<Shape DEF='_IDX_604'>
				<Appearance USE='Material_234_IDX_234'/>
				<IndexedFaceSet solid="false" coordIndex='0 1 2 3 -1'>
					<Coordinate point='-0.245467 -4.725911 -3.195067 -1.152514 -4.849546 -3.857838 -0.610395 -5.470632 -4.669339 0.508650 -5.172984 -3.867154'/>
				</IndexedFaceSet>
			</Shape>
			<Shape DEF='_IDX_605'>
				<Appearance USE='Material_235_IDX_235'/>
				<IndexedFaceSet solid="false" coordIndex='0 1 2 3 -1'>
					<Coordinate point='-0.825034 -4.474789 -2.579948 -1.583959 -4.446033 -3.115122 -1.152514 -4.849546 -3.857838 -0.245467 -4.725911 -3.195067'/>
				</IndexedFaceSet>
			</Shape>
			<Shape DEF='_IDX_606'>
				<Appearance USE='Material_236_IDX_236'/>
				<IndexedFaceSet solid="false" coordIndex='0 1 2 3 -1'>
					<Coordinate point='-1.270300 -4.375370 -2.010831 -1.932092 -4.217286 -2.427949 -1.583959 -4.446033 -3.115122 -0.825034 -4.474789 -2.579948'/>
				</IndexedFaceSet>
			</Shape>
			<Shape DEF='_IDX_607'>
				<Appearance USE='Material_237_IDX_237'/>
				<IndexedFaceSet solid="false" coordIndex='0 1 2 3 -1'>
					<Coordinate point='-1.622855 -4.397334 -1.477567 -2.225266 -4.130687 -1.784067 -1.932092 -4.217286 -2.427949 -1.270300 -4.375370 -2.010831'/>
				</IndexedFaceSet>
			</Shape>
			<Shape DEF='_IDX_608'>
				<Appearance USE='Material_238_IDX_238'/>
				<IndexedFaceSet solid="false" coordIndex='0 1 2 3 -1'>
					<Coordinate point='-1.920562 -4.523130 -0.970648 -2.490913 -4.163314 -1.171995 -2.225266 -4.130687 -1.784067 -1.622855 -4.397334 -1.477567'/>
				</IndexedFaceSet>
			</Shape>
			<Shape DEF='_IDX_609'>
				<Appearance USE='Material_239_IDX_239'/>
				<IndexedFaceSet solid="false" coordIndex='0 1 2 3 -1'>
					<Coordinate point='-2.195589 -4.744537 -0.481036 -2.754388 -4.300327 -0.580820 -2.490913 -4.163314 -1.171995 -1.920562 -4.523130 -0.970648'/>
				</IndexedFaceSet>
			</Shape>
			<Shape DEF='_IDX_610'>
				<Appearance USE='Material_240_IDX_240'/>
				<IndexedFaceSet solid="false" coordIndex='0 1 2 3 -1'>
					<Coordinate point='-2.474922 -5.059610 -0.000000 -3.038882 -4.533146 -0.000000 -2.754388 -4.300327 -0.580820 -2.195589 -4.744537 -0.481036'/>
				</IndexedFaceSet>
			</Shape>
			<Shape DEF='_IDX_611'>
				<Appearance USE='Material_241_IDX_241'/>
				<IndexedFaceSet solid="false" coordIndex='0 1 2 3 -1'>
					<Coordinate point='2.390326 -9.959919 -8.142341 -0.317514 -10.383124 -9.359296 0.264138 -12.458672 -10.622441 3.511013 -11.878979 -9.241243'/>
				</IndexedFaceSet>
			</Shape>
			<Shape DEF='_IDX_612'>
				<Appearance USE='Material_242_IDX_242'/>
				<IndexedFaceSet solid="false" coordIndex='0 1 2 3 -1'>
					<Coordinate point='1.438524 -8.408536 -7.147881 -0.814154 -8.696593 -8.216205 -0.317514 -10.383124 -9.359296 2.390326 -9.959919 -8.142341'/>
				</IndexedFaceSet>
			</Shape>
			<Shape DEF='_IDX_613'>
				<Appearance USE='Material_243_IDX_243'/>
				<IndexedFaceSet solid="false" coordIndex='0 1 2 3 -1'>
					<Coordinate point='0.632863 -7.172507 -6.245110 -1.237305 -7.341072 -7.178505 -0.814154 -8.696593 -8.216205 1.438524 -8.408536 -7.147881'/>
				</IndexedFaceSet>
			</Shape>
			<Shape DEF='_IDX_614'>
				<Appearance USE='Material_244_IDX_244'/>
				<IndexedFaceSet solid="false" coordIndex='0 1 2 3 -1'>
					<Coordinate point='-0.044946 -6.206581 -5.422447 -1.596575 -6.266915 -6.232887 -1.237305 -7.341072 -7.178505 0.632863 -7.172507 -6.245110'/>
				</IndexedFaceSet>
			</Shape>
			<Shape DEF='_IDX_615'>
				<Appearance USE='Material_245_IDX_245'/>
				<IndexedFaceSet solid="false" coordIndex='0 1 2 3 -1'>
					<Coordinate point='-0.610395 -5.470632 -4.669339 -1.900540 -5.431208 -5.367219 -1.596575 -6.266915 -6.232887 -0.044946 -6.206581 -5.422447'/>
				</IndexedFaceSet>
			</Shape>
			<Shape DEF='_IDX_616'>
				<Appearance USE='Material_246_IDX_246'/>
				<IndexedFaceSet solid="false" coordIndex='0 1 2 3 -1'>
					<Coordinate point='-0.610395 -5.470632 -4.669339 -1.900540 -5.431208 -5.367219 -1.900540 -5.431208 -5.367219 -0.610395 -5.470632 -4.669339'/>
				</IndexedFaceSet>
			</Shape>
			<Shape DEF='_IDX_617'>
				<Appearance USE='Material_247_IDX_247'/>
				<IndexedFaceSet solid="false" coordIndex='0 1 2 3 -1'>
					<Coordinate point='-1.152514 -4.849546 -3.857838 -2.199323 -4.701872 -4.434431 -1.900540 -5.431208 -5.367219 -0.610395 -5.470632 -4.669339'/>
				</IndexedFaceSet>
			</Shape>
			<Shape DEF='_IDX_618'>
				<Appearance USE='Material_248_IDX_248'/>
				<IndexedFaceSet solid="false" coordIndex='0 1 2 3 -1'>
					<Coordinate point='-1.583959 -4.446033 -3.115122 -2.447869 -4.200078 -3.580708 -2.199323 -4.701872 -4.434431 -1.152514 -4.849546 -3.857838'/>
				</IndexedFaceSet>
			</Shape>
			<Shape DEF='_IDX_619'>
				<Appearance USE='Material_249_IDX_249'/>
				<IndexedFaceSet solid="false" coordIndex='0 1 2 3 -1'>
					<Coordinate point='-1.932092 -4.217286 -2.427949 -2.662711 -3.882857 -2.790831 -2.447869 -4.200078 -3.580708 -1.583959 -4.446033 -3.115122'/>
				</IndexedFaceSet>
			</Shape>
			<Shape DEF='_IDX_620'>
				<Appearance USE='Material_250_IDX_250'/>
				<IndexedFaceSet solid="false" coordIndex='0 1 2 3 -1'>
					<Coordinate point='-2.225266 -4.130687 -1.784067 -2.861738 -3.716085 -2.050714 -2.662711 -3.882857 -2.790831 -1.932092 -4.217286 -2.427949'/>
				</IndexedFaceSet>
			</Shape>
			<Shape DEF='_IDX_621'>
				<Appearance USE='Material_251_IDX_251'/>
				<IndexedFaceSet solid="false" coordIndex='0 1 2 3 -1'>
					<Coordinate point='-2.490913 -4.163314 -1.171995 -3.063454 -3.673743 -1.347161 -2.861738 -3.716085 -2.050714 -2.225266 -4.130687 -1.784067'/>
				</IndexedFaceSet>
			</Shape>
			<Shape DEF='_IDX_622'>
				<Appearance USE='Material_252_IDX_252'/>
				<IndexedFaceSet solid="false" coordIndex='0 1 2 3 -1'>
					<Coordinate point='-2.754388 -4.300327 -0.580820 -3.286400 -3.736795 -0.667629 -3.063454 -3.673743 -1.347161 -2.490913 -4.163314 -1.171995'/>
				</IndexedFaceSet>
			</Shape>
			<Shape DEF='_IDX_623'>
				<Appearance USE='Material_253_IDX_253'/>
				<IndexedFaceSet solid="false" coordIndex='0 1 2 3 -1'>
					<Coordinate point='-3.038882 -4.533146 -0.000000 -3.549030 -3.891902 -0.000000 -3.286400 -3.736795 -0.667629 -2.754388 -4.300327 -0.580820'/>
				</IndexedFaceSet>
			</Shape>
			<Shape DEF='_IDX_624'>
				<Appearance USE='Material_254_IDX_254'/>
				<IndexedFaceSet solid="false" coordIndex='0 1 2 3 -1'>
					<Coordinate point='-0.317514 -10.383124 -9.359296 -3.172756 -10.131017 -10.367180 -3.154688 -12.244520 -11.766352 0.264138 -12.458672 -10.622441'/>
				</IndexedFaceSet>
			</Shape>
			<Shape DEF='_IDX_625'>
				<Appearance USE='Material_255_IDX_255'/>
				<IndexedFaceSet solid="false" coordIndex='0 1 2 3 -1'>
					<Coordinate point='-0.814154 -8.696593 -8.216205 -3.194407 -8.409824 -9.100992 -3.172756 -10.131017 -10.367180 -0.317514 -10.383124 -9.359296'/>
				</IndexedFaceSet>
			</Shape>
			<Shape DEF='_IDX_626'>
				<Appearance USE='Material_256_IDX_256'/>
				<IndexedFaceSet solid="false" coordIndex='0 1 2 3 -1'>
					<Coordinate point='-1.237305 -7.341072 -7.178505 -3.218629 -7.020861 -7.951545 -3.194407 -8.409824 -9.100992 -0.814154 -8.696593 -8.216205'/>
				</IndexedFaceSet>
			</Shape>
			<Shape DEF='_IDX_627'>
				<Appearance USE='Material_257_IDX_257'/>
				<IndexedFaceSet solid="false" coordIndex='0 1 2 3 -1'>
					<Coordinate point='-1.596575 -6.266915 -6.232887 -3.244761 -5.912979 -6.904094 -3.218629 -7.020861 -7.951545 -1.237305 -7.341072 -7.178505'/>
				</IndexedFaceSet>
			</Shape>
			<Shape DEF='_IDX_628'>
				<Appearance USE='Material_258_IDX_258'/>
				<IndexedFaceSet solid="false" coordIndex='0 1 2 3 -1'>
					<Coordinate point='-1.900540 -5.431208 -5.367219 -3.272805 -5.042436 -5.945205 -3.244761 -5.912979 -6.904094 -1.596575 -6.266915 -6.232887'/>
				</IndexedFaceSet>
			</Shape>
			<Shape DEF='_IDX_629'>
				<Appearance USE='Material_259_IDX_259'/>
				<IndexedFaceSet solid="false" coordIndex='0 1 2 3 -1'>
					<Coordinate point='-1.900540 -5.431208 -5.367219 -3.272805 -5.042436 -5.945205 -3.272805 -5.042436 -5.945205 -1.900540 -5.431208 -5.367219'/>
				</IndexedFaceSet>
			</Shape>
			<Shape DEF='_IDX_630'>
				<Appearance USE='Material_260_IDX_260'/>
				<IndexedFaceSet solid="false" coordIndex='0 1 2 3 -1'>
					<Coordinate point='-2.199323 -4.701872 -4.434431 -3.309722 -4.270342 -4.911966 -3.272805 -5.042436 -5.945205 -1.900540 -5.431208 -5.367219'/>
				</IndexedFaceSet>
			</Shape>
			<Shape DEF='_IDX_631'>
				<Appearance USE='Material_261_IDX_261'/>
				<IndexedFaceSet solid="false" coordIndex='0 1 2 3 -1'>
					<Coordinate point='-2.447869 -4.200078 -3.580708 -3.354485 -3.724214 -3.966308 -3.309722 -4.270342 -4.911966 -2.199323 -4.701872 -4.434431'/>
				</IndexedFaceSet>
			</Shape>
			<Shape DEF='_IDX_632'>
				<Appearance USE='Material_262_IDX_262'/>
				<IndexedFaceSet solid="false" coordIndex='0 1 2 3 -1'>
					<Coordinate point='-2.662711 -3.882857 -2.790831 -3.413346 -3.361245 -3.091370 -3.354485 -3.724214 -3.966308 -2.447869 -4.200078 -3.580708'/>
				</IndexedFaceSet>
			</Shape>
			<Shape DEF='_IDX_633'>
				<Appearance USE='Material_263_IDX_263'/>
				<IndexedFaceSet solid="false" coordIndex='0 1 2 3 -1'>
					<Coordinate point='-2.861738 -3.716085 -2.050714 -3.494817 -3.146722 -2.271551 -3.413346 -3.361245 -3.091370 -2.662711 -3.882857 -2.790831'/>
				</IndexedFaceSet>
			</Shape>
			<Shape DEF='_IDX_634'>
				<Appearance USE='Material_264_IDX_264'/>
				<IndexedFaceSet solid="false" coordIndex='0 1 2 3 -1'>
					<Coordinate point='-3.063454 -3.673743 -1.347161 -3.609267 -3.053031 -1.492234 -3.494817 -3.146722 -2.271551 -2.861738 -3.716085 -2.050714'/>
				</IndexedFaceSet>
			</Shape>
			<Shape DEF='_IDX_635'>
				<Appearance USE='Material_265_IDX_265'/>
				<IndexedFaceSet solid="false" coordIndex='0 1 2 3 -1'>
					<Coordinate point='-3.286400 -3.736795 -0.667629 -3.768571 -3.058607 -0.739525 -3.609267 -3.053031 -1.492234 -3.063454 -3.673743 -1.347161'/>
				</IndexedFaceSet>
			</Shape>
			<Shape DEF='_IDX_636'>
				<Appearance USE='Material_266_IDX_266'/>
				<IndexedFaceSet solid="false" coordIndex='0 1 2 3 -1'>
					<Coordinate point='-3.549030 -3.891902 -0.000000 -3.985994 -3.146845 -0.000001 -3.768571 -3.058607 -0.739525 -3.286400 -3.736795 -0.667629'/>
				</IndexedFaceSet>
			</Shape>
			<Shape DEF='_IDX_637'>
				<Appearance USE='Material_267_IDX_267'/>
				<IndexedFaceSet solid="false" coordIndex='0 1 2 3 -1'>
					<Coordinate point='-3.172756 -10.131017 -10.367180 -6.021775 -9.198010 -11.143478 -6.565270 -11.226500 -12.647421 -3.154688 -12.244520 -11.766352'/>
				</IndexedFaceSet>
			</Shape>
			<Shape DEF='_IDX_638'>
				<Appearance USE='Material_268_IDX_268'/>
				<IndexedFaceSet solid="false" coordIndex='0 1 2 3 -1'>
					<Coordinate point='-3.194407 -8.409824 -9.100992 -5.570308 -7.546337 -9.782477 -6.021775 -9.198010 -11.143478 -3.172756 -10.131017 -10.367180'/>
				</IndexedFaceSet>
			</Shape>
			<Shape DEF='_IDX_639'>
				<Appearance USE='Material_269_IDX_269'/>
				<IndexedFaceSet solid="false" coordIndex='0 1 2 3 -1'>
					<Coordinate point='-3.218629 -7.020861 -7.951545 -5.196882 -6.212645 -8.546960 -5.570308 -7.546337 -9.782477 -3.194407 -8.409824 -9.100992'/>
				</IndexedFaceSet>
			</Shape>
			<Shape DEF='_IDX_640'>
				<Appearance USE='Material_270_IDX_270'/>
				<IndexedFaceSet solid="false" coordIndex='0 1 2 3 -1'>
					<Coordinate point='-3.244761 -5.912979 -6.904094 -4.890001 -5.146977 -7.421076 -5.196882 -6.212645 -8.546960 -3.218629 -7.020861 -7.951545'/>
				</IndexedFaceSet>
			</Shape>
			<Shape DEF='_IDX_641'>
				<Appearance USE='Material_271_IDX_271'/>
				<IndexedFaceSet solid="false" coordIndex='0 1 2 3 -1'>
					<Coordinate point='-3.272805 -5.042436 -5.945205 -4.640514 -4.306792 -6.390384 -4.890001 -5.146977 -7.421076 -3.244761 -5.912979 -6.904094'/>
				</IndexedFaceSet>
			</Shape>
			<Shape DEF='_IDX_642'>
				<Appearance USE='Material_272_IDX_272'/>
				<IndexedFaceSet solid="false" coordIndex='0 1 2 3 -1'>
					<Coordinate point='-3.272805 -5.042436 -5.945205 -4.640514 -4.306792 -6.390384 -4.640514 -4.306792 -6.390384 -3.272805 -5.042436 -5.945205'/>
				</IndexedFaceSet>
			</Shape>
			<Shape DEF='_IDX_643'>
				<Appearance USE='Material_273_IDX_273'/>
				<IndexedFaceSet solid="false" coordIndex='0 1 2 3 -1'>
					<Coordinate point='-3.309722 -4.270342 -4.911966 -4.410861 -3.556906 -5.279776 -4.640514 -4.306792 -6.390384 -3.272805 -5.042436 -5.945205'/>
				</IndexedFaceSet>
			</Shape>
			<Shape DEF='_IDX_644'>
				<Appearance USE='Material_274_IDX_274'/>
				<IndexedFaceSet solid="false" coordIndex='0 1 2 3 -1'>
					<Coordinate point='-3.354485 -3.724214 -3.966308 -4.243923 -3.020025 -4.263307 -4.410861 -3.556906 -5.279776 -3.309722 -4.270342 -4.911966'/>
				</IndexedFaceSet>
			</Shape>
			<Shape DEF='_IDX_645'>
				<Appearance USE='Material_275_IDX_275'/>
				<IndexedFaceSet solid="false" coordIndex='0 1 2 3 -1'>
					<Coordinate point='-3.413346 -3.361245 -3.091370 -4.135994 -2.654714 -3.322853 -4.243923 -3.020025 -4.263307 -3.354485 -3.724214 -3.966308'/>
				</IndexedFaceSet>
			</Shape>
			<Shape DEF='_IDX_646'>
				<Appearance USE='Material_276_IDX_276'/>
				<IndexedFaceSet solid="false" coordIndex='0 1 2 3 -1'>
					<Coordinate point='-3.494817 -3.146722 -2.271551 -4.086787 -2.426896 -2.441646 -4.135994 -2.654714 -3.322853 -3.413346 -3.361245 -3.091370'/>
				</IndexedFaceSet>
			</Shape>
			<Shape DEF='_IDX_647'>
				<Appearance USE='Material_277_IDX_277'/>
				<IndexedFaceSet solid="false" coordIndex='0 1 2 3 -1'>
					<Coordinate point='-3.609267 -3.053031 -1.492234 -4.099013 -2.308708 -1.603974 -4.086787 -2.426896 -2.441646 -3.494817 -3.146722 -2.271551'/>
				</IndexedFaceSet>
			</Shape>
			<Shape DEF='_IDX_648'>
				<Appearance USE='Material_278_IDX_278'/>
				<IndexedFaceSet solid="false" coordIndex='0 1 2 3 -1'>
					<Coordinate point='-3.768571 -3.058607 -0.739525 -4.178042 -2.277436 -0.794900 -4.099013 -2.308708 -1.603974 -3.609267 -3.053031 -1.492234'/>
				</IndexedFaceSet>
			</Shape>
			<Shape DEF='_IDX_649'>
				<Appearance USE='Material_279_IDX_279'/>
				<IndexedFaceSet solid="false" coordIndex='0 1 2 3 -1'>
					<Coordinate point='-3.985994 -3.146845 -0.000001 -4.331727 -2.314499 -0.000001 -4.178042 -2.277436 -0.794900 -3.768571 -3.058607 -0.739525'/>
				</IndexedFaceSet>
			</Shape>
			<Shape DEF='_IDX_650'>
				<Appearance USE='Material_280_IDX_280'/>
				<IndexedFaceSet solid="false" coordIndex='0 1 2 3 -1'>
					<Coordinate point='-6.021775 -9.198010 -11.143478 -8.711140 -7.611101 -11.670851 -9.787146 -9.434038 -13.245968 -6.565270 -11.226500 -12.647421'/>
				</IndexedFaceSet>
			</Shape>
			<Shape DEF='_IDX_651'>
				<Appearance USE='Material_281_IDX_281'/>
				<IndexedFaceSet solid="false" coordIndex='0 1 2 3 -1'>
					<Coordinate point='-5.570308 -7.546337 -9.782477 -7.810894 -6.130995 -10.245440 -8.711140 -7.611101 -11.670851 -6.021775 -9.198010 -11.143478'/>
				</IndexedFaceSet>
			</Shape>
			<Shape DEF='_IDX_652'>
				<Appearance USE='Material_282_IDX_282'/>
				<IndexedFaceSet solid="false" coordIndex='0 1 2 3 -1'>
					<Coordinate point='-5.196882 -6.212645 -8.546960 -7.059841 -4.939242 -8.951449 -7.810894 -6.130995 -10.245440 -5.570308 -7.546337 -9.782477'/>
				</IndexedFaceSet>
			</Shape>
			<Shape DEF='_IDX_653'>
				<Appearance USE='Material_283_IDX_283'/>
				<IndexedFaceSet solid="false" coordIndex='0 1 2 3 -1'>
					<Coordinate point='-4.890001 -5.146977 -7.421076 -6.435893 -3.989625 -7.772283 -7.059841 -4.939242 -8.951449 -5.196882 -6.212645 -8.546960'/>
				</IndexedFaceSet>
			</Shape>
			<Shape DEF='_IDX_654'>
				<Appearance USE='Material_284_IDX_284'/>
				<IndexedFaceSet solid="false" coordIndex='0 1 2 3 -1'>
					<Coordinate point='-4.640514 -4.306792 -6.390384 -5.920909 -3.242840 -6.692813 -6.435893 -3.989625 -7.772283 -4.890001 -5.146977 -7.421076'/>
				</IndexedFaceSet>
			</Shape>
			<Shape DEF='_IDX_655'>
				<Appearance USE='Material_285_IDX_285'/>
				<IndexedFaceSet solid="false" coordIndex='0 1 2 3 -1'>
					<Coordinate point='-4.640514 -4.306792 -6.390384 -5.920909 -3.242840 -6.692813 -5.920909 -3.242840 -6.692813 -4.640514 -4.306792 -6.390384'/>
				</IndexedFaceSet>
			</Shape>
			<Shape DEF='_IDX_656'>
				<Appearance USE='Material_286_IDX_286'/>
				<IndexedFaceSet solid="false" coordIndex='0 1 2 3 -1'>
					<Coordinate point='-4.410861 -3.556906 -5.279776 -5.434071 -2.577749 -5.529644 -5.920909 -3.242840 -6.692813 -4.640514 -4.306792 -6.390384'/>
				</IndexedFaceSet>
			</Shape>
			<Shape DEF='_IDX_657'>
				<Appearance USE='Material_287_IDX_287'/>
				<IndexedFaceSet solid="false" coordIndex='0 1 2 3 -1'>
					<Coordinate point='-4.243923 -3.020025 -4.263307 -5.059994 -2.101895 -4.465070 -5.434071 -2.577749 -5.529644 -4.410861 -3.556906 -5.279776'/>
				</IndexedFaceSet>
			</Shape>
			<Shape DEF='_IDX_658'>
				<Appearance USE='Material_288_IDX_288'/>
				<IndexedFaceSet solid="false" coordIndex='0 1 2 3 -1'>
					<Coordinate point='-4.135994 -2.654714 -3.322853 -4.785532 -1.776815 -3.480109 -5.059994 -2.101895 -4.465070 -4.243923 -3.020025 -4.263307'/>
				</IndexedFaceSet>
			</Shape>
			<Shape DEF='_IDX_659'>
				<Appearance USE='Material_289_IDX_289'/>
				<IndexedFaceSet solid="false" coordIndex='0 1 2 3 -1'>
					<Coordinate point='-4.086787 -2.426896 -2.441646 -4.602153 -1.570477 -2.557198 -4.785532 -1.776815 -3.480109 -4.135994 -2.654714 -3.322853'/>
				</IndexedFaceSet>
			</Shape>
			<Shape DEF='_IDX_660'>
				<Appearance USE='Material_290_IDX_290'/>
				<IndexedFaceSet solid="false" coordIndex='0 1 2 3 -1'>
					<Coordinate point='-4.099013 -2.308708 -1.603974 -4.505365 -1.456103 -1.679883 -4.602153 -1.570477 -2.557198 -4.086787 -2.426896 -2.441646'/>
				</IndexedFaceSet>
			</Shape>
			<Shape DEF='_IDX_661'>
				<Appearance USE='Material_291_IDX_291'/>
				<IndexedFaceSet solid="false" coordIndex='0 1 2 3 -1'>
					<Coordinate point='-4.178042 -2.277436 -0.794900 -4.494255 -1.411114 -0.832520 -4.505365 -1.456103 -1.679883 -4.099013 -2.308708 -1.603974'/>
				</IndexedFaceSet>
			</Shape>
			<Shape DEF='_IDX_662'>
				<Appearance USE='Material_292_IDX_292'/>
				<IndexedFaceSet solid="false" coordIndex='0 1 2 3 -1'>
					<Coordinate point='-4.331727 -2.314499 -0.000001 -4.571210 -1.416150 -0.000001 -4.494255 -1.411114 -0.832520 -4.178042 -2.277436 -0.794900'/>
				</IndexedFaceSet>
			</Shape>
			<Shape DEF='_IDX_663'>
				<Appearance USE='Material_293_IDX_293'/>
				<IndexedFaceSet solid="false" coordIndex='0 1 2 3 -1'>
					<Coordinate point='-8.711140 -7.611101 -11.670851 -11.095570 -5.429336 -11.937515 -12.649035 -6.935067 -13.548621 -9.787146 -9.434038 -13.245968'/>
				</IndexedFaceSet>
			</Shape>
			<Shape DEF='_IDX_664'>
				<Appearance USE='Material_294_IDX_294'/>
				<IndexedFaceSet solid="false" coordIndex='0 1 2 3 -1'>
					<Coordinate point='-7.810894 -6.130995 -10.245440 -9.792681 -4.215303 -10.479535 -11.095570 -5.429336 -11.937515 -8.711140 -7.611101 -11.670851'/>
				</IndexedFaceSet>
			</Shape>
			<Shape DEF='_IDX_665'>
				<Appearance USE='Material_295_IDX_295'/>
				<IndexedFaceSet solid="false" coordIndex='0 1 2 3 -1'>
					<Coordinate point='-7.059841 -4.939242 -8.951449 -8.702369 -3.245672 -9.155979 -9.792681 -4.215303 -10.479535 -7.810894 -6.130995 -10.245440'/>
				</IndexedFaceSet>
			</Shape>
			<Shape DEF='_IDX_666'>
				<Appearance USE='Material_296_IDX_296'/>
				<IndexedFaceSet solid="false" coordIndex='0 1 2 3 -1'>
					<Coordinate point='-6.435893 -3.989625 -7.772283 -7.792869 -2.480312 -7.949870 -8.702369 -3.245672 -9.155979 -7.059841 -4.939242 -8.951449'/>
				</IndexedFaceSet>
			</Shape>
			<Shape DEF='_IDX_667'>
				<Appearance USE='Material_297_IDX_297'/>
				<IndexedFaceSet solid="false" coordIndex='0 1 2 3 -1'>
					<Coordinate point='-5.920909 -3.242840 -6.692813 -7.037803 -1.885083 -6.845736 -7.792869 -2.480312 -7.949870 -6.435893 -3.989625 -7.772283'/>
				</IndexedFaceSet>
			</Shape>
			<Shape DEF='_IDX_668'>
				<Appearance USE='Material_298_IDX_298'/>
				<IndexedFaceSet solid="false" coordIndex='0 1 2 3 -1'>
					<Coordinate point='-5.920909 -3.242840 -6.692813 -7.037803 -1.885083 -6.845736 -7.037803 -1.885083 -6.845736 -5.920909 -3.242840 -6.692813'/>
				</IndexedFaceSet>
			</Shape>
			<Shape DEF='_IDX_669'>
				<Appearance USE='Material_299_IDX_299'/>
				<IndexedFaceSet solid="false" coordIndex='0 1 2 3 -1'>
					<Coordinate point='-5.434071 -2.577749 -5.529644 -6.316784 -1.362546 -5.655990 -7.037803 -1.885083 -6.845736 -5.920909 -3.242840 -6.692813'/>
				</IndexedFaceSet>
			</Shape>
			<Shape DEF='_IDX_670'>
				<Appearance USE='Material_300_IDX_300'/>
				<IndexedFaceSet solid="false" coordIndex='0 1 2 3 -1'>
					<Coordinate point='-5.059994 -2.101895 -4.465070 -5.751935 -0.995747 -4.567091 -6.316784 -1.362546 -5.655990 -5.434071 -2.577749 -5.529644'/>
				</IndexedFaceSet>
			</Shape>
			<Shape DEF='_IDX_671'>
				<Appearance USE='Material_301_IDX_301'/>
				<IndexedFaceSet solid="false" coordIndex='0 1 2 3 -1'>
					<Coordinate point='-4.785532 -1.776815 -3.480109 -5.321520 -0.750890 -3.559625 -5.751935 -0.995747 -4.567091 -5.059994 -2.101895 -4.465070'/>
				</IndexedFaceSet>
			</Shape>
			<Shape DEF='_IDX_672'>
				<Appearance USE='Material_302_IDX_302'/>
				<IndexedFaceSet solid="false" coordIndex='0 1 2 3 -1'>
					<Coordinate point='-4.602153 -1.570477 -2.557198 -5.009511 -0.599444 -2.615627 -5.321520 -0.750890 -3.559625 -4.785532 -1.776815 -3.480109'/>
				</IndexedFaceSet>
			</Shape>
			<Shape DEF='_IDX_673'>
				<Appearance USE='Material_303_IDX_303'/>
				<IndexedFaceSet solid="false" coordIndex='0 1 2 3 -1'>
					<Coordinate point='-4.505365 -1.456103 -1.679883 -4.804787 -0.517036 -1.718266 -5.009511 -0.599444 -2.615627 -4.602153 -1.570477 -2.557198'/>
				</IndexedFaceSet>
			</Shape>
			<Shape DEF='_IDX_674'>
				<Appearance USE='Material_304_IDX_304'/>
				<IndexedFaceSet solid="false" coordIndex='0 1 2 3 -1'>
					<Coordinate point='-4.494255 -1.411114 -0.832520 -4.700518 -0.482451 -0.851542 -4.804787 -0.517036 -1.718266 -4.505365 -1.456103 -1.679883'/>
				</IndexedFaceSet>
			</Shape>
			<Shape DEF='_IDX_675'>
				<Appearance USE='Material_305_IDX_305'/>
				<IndexedFaceSet solid="false" coordIndex='0 1 2 3 -1'>
					<Coordinate point='-4.571210 -1.416150 -0.000001 -4.693733 -0.476701 -0.000001 -4.700518 -0.482451 -0.851542 -4.494255 -1.411114 -0.832520'/>
				</IndexedFaceSet>
			</Shape>
			<Shape DEF='_IDX_676'>
				<Appearance USE='Material_306_IDX_306'/>
				<IndexedFaceSet solid="false" coordIndex='0 1 2 3 -1'>
					<Coordinate point='-11.095570 -5.429336 -11.937515 -13.045236 -2.741504 -11.937515 -14.997579 -3.833111 -13.548621 -12.649035 -6.935067 -13.548621'/>
				</IndexedFaceSet>
			</Shape>
			<Shape DEF='_IDX_677'>
				<Appearance USE='Material_307_IDX_307'/>
				<IndexedFaceSet solid="false" coordIndex='0 1 2 3 -1'>
					<Coordinate point='-9.792681 -4.215303 -10.479535 -11.405669 -1.875592 -10.479535 -13.045236 -2.741504 -11.937515 -11.095570 -5.429336 -11.937515'/>
				</IndexedFaceSet>
			</Shape>
			<Shape DEF='_IDX_678'>
				<Appearance USE='Material_308_IDX_308'/>
				<IndexedFaceSet solid="false" coordIndex='0 1 2 3 -1'>
					<Coordinate point='-8.702369 -3.245672 -9.155979 -10.031231 -1.197704 -9.155979 -11.405669 -1.875592 -10.479535 -9.792681 -4.215303 -10.479535'/>
				</IndexedFaceSet>
			</Shape>
			<Shape DEF='_IDX_679'>
				<Appearance USE='Material_309_IDX_309'/>
				<IndexedFaceSet solid="false" coordIndex='0 1 2 3 -1'>
					<Coordinate point='-7.792869 -2.480312 -7.949870 -8.881971 -0.675842 -7.949870 -10.031231 -1.197704 -9.155979 -8.702369 -3.245672 -9.155979'/>
				</IndexedFaceSet>
			</Shape>
			<Shape DEF='_IDX_680'>
				<Appearance USE='Material_310_IDX_310'/>
				<IndexedFaceSet solid="false" coordIndex='0 1 2 3 -1'>
					<Coordinate point='-7.037803 -1.885083 -6.845736 -7.924513 -0.282729 -6.845736 -8.881971 -0.675842 -7.949870 -7.792869 -2.480312 -7.949870'/>
				</IndexedFaceSet>
			</Shape>
			<Shape DEF='_IDX_681'>
				<Appearance USE='Material_311_IDX_311'/>
				<IndexedFaceSet solid="false" coordIndex='0 1 2 3 -1'>
					<Coordinate point='-7.037803 -1.885083 -6.845736 -7.924513 -0.282729 -6.845736 -7.924513 -0.282729 -6.845736 -7.037803 -1.885083 -6.845736'/>
				</IndexedFaceSet>
			</Shape>
			<Shape DEF='_IDX_682'>
				<Appearance USE='Material_312_IDX_312'/>
				<IndexedFaceSet solid="false" coordIndex='0 1 2 3 -1'>
					<Coordinate point='-6.316784 -1.362546 -5.655990 -7.004755 0.046890 -5.655990 -7.924513 -0.282729 -6.845736 -7.037803 -1.885083 -6.845736'/>
				</IndexedFaceSet>
			</Shape>
			<Shape DEF='_IDX_683'>
				<Appearance USE='Material_313_IDX_313'/>
				<IndexedFaceSet solid="false" coordIndex='0 1 2 3 -1'>
					<Coordinate point='-5.751935 -0.995747 -4.567091 -6.276227 0.262447 -4.567091 -7.004755 0.046890 -5.655990 -6.316784 -1.362546 -5.655990'/>
				</IndexedFaceSet>
			</Shape>
			<Shape DEF='_IDX_684'>
				<Appearance USE='Material_314_IDX_314'/>
				<IndexedFaceSet solid="false" coordIndex='0 1 2 3 -1'>
					<Coordinate point='-5.321520 -0.750890 -3.559625 -5.709822 0.391479 -3.559625 -6.276227 0.262447 -4.567091 -5.751935 -0.995747 -4.567091'/>
				</IndexedFaceSet>
			</Shape>
			<Shape DEF='_IDX_685'>
				<Appearance USE='Material_315_IDX_315'/>
				<IndexedFaceSet solid="false" coordIndex='0 1 2 3 -1'>
					<Coordinate point='-5.009511 -0.599444 -2.615627 -5.283013 0.457630 -2.615627 -5.709822 0.391479 -3.559625 -5.321520 -0.750890 -3.559625'/>
				</IndexedFaceSet>
			</Shape>
			<Shape DEF='_IDX_686'>
				<Appearance USE='Material_316_IDX_316'/>
				<IndexedFaceSet solid="false" coordIndex='0 1 2 3 -1'>
					<Coordinate point='-4.804787 -0.517036 -1.718266 -4.978837 0.481622 -1.718266 -5.283013 0.457630 -2.615627 -5.009511 -0.599444 -2.615627'/>
				</IndexedFaceSet>
			</Shape>
			<Shape DEF='_IDX_687'>
				<Appearance USE='Material_317_IDX_317'/>
				<IndexedFaceSet solid="false" coordIndex='0 1 2 3 -1'>
					<Coordinate point='-4.700518 -0.482451 -0.851542 -4.785088 0.482144 -0.851542 -4.978837 0.481622 -1.718266 -4.804787 -0.517036 -1.718266'/>
				</IndexedFaceSet>
			</Shape>
			<Shape DEF='_IDX_688'>
				<Appearance USE='Material_318_IDX_318'/>
				<IndexedFaceSet solid="false" coordIndex='0 1 2 3 -1'>
					<Coordinate point='-4.693733 -0.476701 -0.000001 -4.693733 0.476701 -0.000001 -4.785088 0.482144 -0.851542 -4.700518 -0.482451 -0.851542'/>
				</IndexedFaceSet>
			</Shape>
			<Shape DEF='_IDX_689'>
				<Appearance USE='Material_319_IDX_319'/>
				<IndexedFaceSet solid="false" coordIndex='0 1 2 3 -1'>
					<Coordinate point='-13.045236 -2.741504 -11.937515 -14.452206 0.337825 -11.670851 -16.705059 -0.262525 -13.245968 -14.997579 -3.833111 -13.548621'/>
				</IndexedFaceSet>
			</Shape>
			<Shape DEF='_IDX_690'>
				<Appearance USE='Material_320_IDX_320'/>
				<IndexedFaceSet solid="false" coordIndex='0 1 2 3 -1'>
					<Coordinate point='-11.405669 -1.875592 -10.479535 -12.558648 0.790267 -10.245440 -14.452206 0.337825 -11.670851 -13.045236 -2.741504 -11.937515'/>
				</IndexedFaceSet>
			</Shape>
			<Shape DEF='_IDX_691'>
				<Appearance USE='Material_321_IDX_321'/>
				<IndexedFaceSet solid="false" coordIndex='0 1 2 3 -1'>
					<Coordinate point='-10.031231 -1.197704 -9.155979 -10.969415 1.120897 -8.951449 -12.558648 0.790267 -10.245440 -11.405669 -1.875592 -10.479535'/>
				</IndexedFaceSet>
			</Shape>
			<Shape DEF='_IDX_692'>
				<Appearance USE='Material_322_IDX_322'/>
				<IndexedFaceSet solid="false" coordIndex='0 1 2 3 -1'>
					<Coordinate point='-8.881971 -0.675842 -7.949870 -9.638314 1.351940 -7.772283 -10.969415 1.120897 -8.951449 -10.031231 -1.197704 -9.155979'/>
				</IndexedFaceSet>
			</Shape>
			<Shape DEF='_IDX_693'>
				<Appearance USE='Material_297_IDX_297'/>
				<IndexedFaceSet solid="false" coordIndex='0 1 2 3 -1'>
					<Coordinate point='-7.924513 -0.282729 -6.845736 -8.526610 1.502424 -6.692813 -9.638314 1.351940 -7.772283 -8.881971 -0.675842 -7.949870'/>
				</IndexedFaceSet>
			</Shape>
			<Shape DEF='_IDX_694'>
				<Appearance USE='Material_298_IDX_298'/>
				<IndexedFaceSet solid="false" coordIndex='0 1 2 3 -1'>
					<Coordinate point='-7.924513 -0.282729 -6.845736 -8.526610 1.502424 -6.692813 -8.526610 1.502424 -6.692813 -7.924513 -0.282729 -6.845736'/>
				</IndexedFaceSet>
			</Shape>
			<Shape DEF='_IDX_695'>
				<Appearance USE='Material_299_IDX_299'/>
				<IndexedFaceSet solid="false" coordIndex='0 1 2 3 -1'>
					<Coordinate point='-7.004755 0.046890 -5.655990 -7.454181 1.598534 -5.529644 -8.526610 1.502424 -6.692813 -7.924513 -0.282729 -6.845736'/>
				</IndexedFaceSet>
			</Shape>
			<Shape DEF='_IDX_696'>
				<Appearance USE='Material_300_IDX_300'/>
				<IndexedFaceSet solid="false" coordIndex='0 1 2 3 -1'>
					<Coordinate point='-6.276227 0.262447 -4.567091 -6.598267 1.628492 -4.465070 -7.454181 1.598534 -5.529644 -7.004755 0.046890 -5.655990'/>
				</IndexedFaceSet>
			</Shape>
			<Shape DEF='_IDX_697'>
				<Appearance USE='Material_323_IDX_323'/>
				<IndexedFaceSet solid="false" coordIndex='0 1 2 3 -1'>
					<Coordinate point='-5.709822 0.391479 -3.559625 -5.923951 1.612205 -3.480109 -6.598267 1.628492 -4.465070 -6.276227 0.262447 -4.567091'/>
				</IndexedFaceSet>
			</Shape>
			<Shape DEF='_IDX_698'>
				<Appearance USE='Material_302_IDX_302'/>
				<IndexedFaceSet solid="false" coordIndex='0 1 2 3 -1'>
					<Coordinate point='-5.283013 0.457630 -2.615627 -5.403480 1.567221 -2.557198 -5.923951 1.612205 -3.480109 -5.709822 0.391479 -3.559625'/>
				</IndexedFaceSet>
			</Shape>
			<Shape DEF='_IDX_699'>
				<Appearance USE='Material_303_IDX_303'/>
				<IndexedFaceSet solid="false" coordIndex='0 1 2 3 -1'>
					<Coordinate point='-4.978837 0.481622 -1.718266 -5.015049 1.509503 -1.679883 -5.403480 1.567221 -2.557198 -5.283013 0.457630 -2.615627'/>
				</IndexedFaceSet>
			</Shape>
			<Shape DEF='_IDX_700'>
				<Appearance USE='Material_324_IDX_324'/>
				<IndexedFaceSet solid="false" coordIndex='0 1 2 3 -1'>
					<Coordinate point='-4.785088 0.482144 -0.851542 -4.741829 1.454152 -0.832520 -5.015049 1.509503 -1.679883 -4.978837 0.481622 -1.718266'/>
				</IndexedFaceSet>
			</Shape>
			<Shape DEF='_IDX_701'>
				<Appearance USE='Material_305_IDX_305'/>
				<IndexedFaceSet solid="false" coordIndex='0 1 2 3 -1'>
					<Coordinate point='-4.693733 0.476701 -0.000001 -4.571210 1.416151 -0.000001 -4.741829 1.454152 -0.832520 -4.785088 0.482144 -0.851542'/>
				</IndexedFaceSet>
			</Shape>
			<Shape DEF='_IDX_702'>
				<Appearance USE='Material_280_IDX_280'/>
				<IndexedFaceSet solid="false" coordIndex='0 1 2 3 -1'>
					<Coordinate point='-14.452206 0.337825 -11.670851 -15.235751 3.673635 -11.143478 -17.675772 3.617880 -12.647421 -16.705059 -0.262525 -13.245968'/>
				</IndexedFaceSet>
			</Shape>
			<Shape DEF='_IDX_703'>
				<Appearance USE='Material_281_IDX_281'/>
				<IndexedFaceSet solid="false" coordIndex='0 1 2 3 -1'>
					<Coordinate point='-12.558648 0.790267 -10.245440 -13.183589 3.667346 -9.782477 -15.235751 3.673635 -11.143478 -14.452206 0.337825 -11.670851'/>
				</IndexedFaceSet>
			</Shape>
			<Shape DEF='_IDX_704'>
				<Appearance USE='Material_282_IDX_282'/>
				<IndexedFaceSet solid="false" coordIndex='0 1 2 3 -1'>
					<Coordinate point='-10.969415 1.120897 -8.951449 -11.459713 3.612163 -8.546960 -13.183589 3.667346 -9.782477 -12.558648 0.790267 -10.245440'/>
				</IndexedFaceSet>
			</Shape>
			<Shape DEF='_IDX_705'>
				<Appearance USE='Material_325_IDX_325'/>
				<IndexedFaceSet solid="false" coordIndex='0 1 2 3 -1'>
					<Coordinate point='-9.638314 1.351940 -7.772283 -10.013984 3.519379 -7.421076 -11.459713 3.612163 -8.546960 -10.969415 1.120897 -8.951449'/>
				</IndexedFaceSet>
			</Shape>
			<Shape DEF='_IDX_706'>
				<Appearance USE='Material_284_IDX_284'/>
				<IndexedFaceSet solid="false" coordIndex='0 1 2 3 -1'>
					<Coordinate point='-8.526610 1.502424 -6.692813 -8.804239 3.398790 -6.390384 -10.013984 3.519379 -7.421076 -9.638314 1.351940 -7.772283'/>
				</IndexedFaceSet>
			</Shape>
			<Shape DEF='_IDX_707'>
				<Appearance USE='Material_285_IDX_285'/>
				<IndexedFaceSet solid="false" coordIndex='0 1 2 3 -1'>
					<Coordinate point='-8.526610 1.502424 -6.692813 -8.804239 3.398790 -6.390384 -8.804239 3.398790 -6.390384 -8.526610 1.502424 -6.692813'/>
				</IndexedFaceSet>
			</Shape>
			<Shape DEF='_IDX_708'>
				<Appearance USE='Material_286_IDX_286'/>
				<IndexedFaceSet solid="false" coordIndex='0 1 2 3 -1'>
					<Coordinate point='-7.454181 1.598534 -5.529644 -7.633469 3.232583 -5.279776 -8.804239 3.398790 -6.390384 -8.526610 1.502424 -6.692813'/>
				</IndexedFaceSet>
			</Shape>
			<Shape DEF='_IDX_709'>
				<Appearance USE='Material_287_IDX_287'/>
				<IndexedFaceSet solid="false" coordIndex='0 1 2 3 -1'>
					<Coordinate point='-6.598267 1.628492 -4.465070 -6.693711 3.052118 -4.263307 -7.633469 3.232583 -5.279776 -7.454181 1.598534 -5.529644'/>
				</IndexedFaceSet>
			</Shape>
			<Shape DEF='_IDX_710'>
				<Appearance USE='Material_288_IDX_288'/>
				<IndexedFaceSet solid="false" coordIndex='0 1 2 3 -1'>
					<Coordinate point='-5.923951 1.612205 -3.480109 -5.946088 2.868628 -3.322853 -6.693711 3.052118 -4.263307 -6.598267 1.628492 -4.465070'/>
				</IndexedFaceSet>
			</Shape>
			<Shape DEF='_IDX_711'>
				<Appearance USE='Material_289_IDX_289'/>
				<IndexedFaceSet solid="false" coordIndex='0 1 2 3 -1'>
					<Coordinate point='-5.403480 1.567221 -2.557198 -5.359134 2.692618 -2.441646 -5.946088 2.868628 -3.322853 -5.923951 1.612205 -3.480109'/>
				</IndexedFaceSet>
			</Shape>
			<Shape DEF='_IDX_712'>
				<Appearance USE='Material_290_IDX_290'/>
				<IndexedFaceSet solid="false" coordIndex='0 1 2 3 -1'>
					<Coordinate point='-5.015049 1.509503 -1.679883 -4.907425 2.534376 -1.603974 -5.359134 2.692618 -2.441646 -5.403480 1.567221 -2.557198'/>
				</IndexedFaceSet>
			</Shape>
			<Shape DEF='_IDX_713'>
				<Appearance USE='Material_291_IDX_291'/>
				<IndexedFaceSet solid="false" coordIndex='0 1 2 3 -1'>
					<Coordinate point='-4.741829 1.454152 -0.832520 -4.570457 2.404502 -0.794900 -4.907425 2.534376 -1.603974 -5.015049 1.509503 -1.679883'/>
				</IndexedFaceSet>
			</Shape>
			<Shape DEF='_IDX_714'>
				<Appearance USE='Material_292_IDX_292'/>
				<IndexedFaceSet solid="false" coordIndex='0 1 2 3 -1'>
					<Coordinate point='-4.571210 1.416151 -0.000001 -4.331727 2.314499 -0.000001 -4.570457 2.404502 -0.794900 -4.741829 1.454152 -0.832520'/>
				</IndexedFaceSet>
			</Shape>
			<Shape DEF='_IDX_715'>
				<Appearance USE='Material_326_IDX_326'/>
				<IndexedFaceSet solid="false" coordIndex='0 1 2 3 -1'>
					<Coordinate point='-15.235751 3.673635 -11.143478 -15.346300 7.116908 -10.367180 -17.850784 7.632483 -11.766352 -17.675772 3.617880 -12.647421'/>
				</IndexedFaceSet>
			</Shape>
			<Shape DEF='_IDX_716'>
				<Appearance USE='Material_268_IDX_268'/>
				<IndexedFaceSet solid="false" coordIndex='0 1 2 3 -1'>
					<Coordinate point='-13.183589 3.667346 -9.782477 -13.238897 6.629086 -9.100992 -15.346300 7.116908 -10.367180 -15.235751 3.673635 -11.143478'/>
				</IndexedFaceSet>
			</Shape>
			<Shape DEF='_IDX_717'>
				<Appearance USE='Material_269_IDX_269'/>
				<IndexedFaceSet solid="false" coordIndex='0 1 2 3 -1'>
					<Coordinate point='-11.459713 3.612163 -8.546960 -11.467381 6.168503 -7.951545 -13.238897 6.629086 -9.100992 -13.183589 3.667346 -9.782477'/>
				</IndexedFaceSet>
			</Shape>
			<Shape DEF='_IDX_718'>
				<Appearance USE='Material_327_IDX_327'/>
				<IndexedFaceSet solid="false" coordIndex='0 1 2 3 -1'>
					<Coordinate point='-10.013984 3.519379 -7.421076 -9.980172 5.734910 -6.904094 -11.467381 6.168503 -7.951545 -11.459713 3.612163 -8.546960'/>
				</IndexedFaceSet>
			</Shape>
			<Shape DEF='_IDX_719'>
				<Appearance USE='Material_271_IDX_271'/>
				<IndexedFaceSet solid="false" coordIndex='0 1 2 3 -1'>
					<Coordinate point='-8.804239 3.398790 -6.390384 -8.733813 5.328336 -5.945205 -9.980172 5.734910 -6.904094 -10.013984 3.519379 -7.421076'/>
				</IndexedFaceSet>
			</Shape>
			<Shape DEF='_IDX_720'>
				<Appearance USE='Material_272_IDX_272'/>
				<IndexedFaceSet solid="false" coordIndex='0 1 2 3 -1'>
					<Coordinate point='-8.804239 3.398790 -6.390384 -8.733813 5.328336 -5.945205 -8.733813 5.328336 -5.945205 -8.804239 3.398790 -6.390384'/>
				</IndexedFaceSet>
			</Shape>
			<Shape DEF='_IDX_721'>
				<Appearance USE='Material_273_IDX_273'/>
				<IndexedFaceSet solid="false" coordIndex='0 1 2 3 -1'>
					<Coordinate point='-7.633469 3.232583 -5.279776 -7.524493 4.884262 -4.911966 -8.733813 5.328336 -5.945205 -8.804239 3.398790 -6.390384'/>
				</IndexedFaceSet>
			</Shape>
			<Shape DEF='_IDX_722'>
				<Appearance USE='Material_274_IDX_274'/>
				<IndexedFaceSet solid="false" coordIndex='0 1 2 3 -1'>
					<Coordinate point='-6.693711 3.052118 -4.263307 -6.549374 4.479374 -3.966308 -7.524493 4.884262 -4.911966 -7.633469 3.232583 -5.279776'/>
				</IndexedFaceSet>
			</Shape>
			<Shape DEF='_IDX_723'>
				<Appearance USE='Material_328_IDX_328'/>
				<IndexedFaceSet solid="false" coordIndex='0 1 2 3 -1'>
					<Coordinate point='-5.946088 2.868628 -3.322853 -5.767676 4.115594 -3.091370 -6.549374 4.479374 -3.966308 -6.693711 3.052118 -4.263307'/>
				</IndexedFaceSet>
			</Shape>
			<Shape DEF='_IDX_724'>
				<Appearance USE='Material_276_IDX_276'/>
				<IndexedFaceSet solid="false" coordIndex='0 1 2 3 -1'>
					<Coordinate point='-5.359134 2.692618 -2.441646 -5.145932 3.795753 -2.271551 -5.767676 4.115594 -3.091370 -5.946088 2.868628 -3.322853'/>
				</IndexedFaceSet>
			</Shape>
			<Shape DEF='_IDX_725'>
				<Appearance USE='Material_277_IDX_277'/>
				<IndexedFaceSet solid="false" coordIndex='0 1 2 3 -1'>
					<Coordinate point='-4.907425 2.534376 -1.603974 -4.656508 3.523799 -1.492234 -5.145932 3.795753 -2.271551 -5.359134 2.692618 -2.441646'/>
				</IndexedFaceSet>
			</Shape>
			<Shape DEF='_IDX_726'>
				<Appearance USE='Material_278_IDX_278'/>
				<IndexedFaceSet solid="false" coordIndex='0 1 2 3 -1'>
					<Coordinate point='-4.570457 2.404502 -0.794900 -4.276364 3.305099 -0.739525 -4.656508 3.523799 -1.492234 -4.907425 2.534376 -1.603974'/>
				</IndexedFaceSet>
			</Shape>
			<Shape DEF='_IDX_727'>
				<Appearance USE='Material_279_IDX_279'/>
				<IndexedFaceSet solid="false" coordIndex='0 1 2 3 -1'>
					<Coordinate point='-4.331727 2.314499 -0.000001 -3.985995 3.146845 -0.000001 -4.276364 3.305099 -0.739525 -4.570457 2.404502 -0.794900'/>
				</IndexedFaceSet>
			</Shape>
			<Shape DEF='_IDX_728'>
				<Appearance USE='Material_254_IDX_254'/>
				<IndexedFaceSet solid="false" coordIndex='0 1 2 3 -1'>
					<Coordinate point='-15.346300 7.116908 -10.367180 -14.767841 10.511807 -9.359296 -17.210840 11.597383 -10.622441 -17.850784 7.632483 -11.766352'/>
				</IndexedFaceSet>
			</Shape>
			<Shape DEF='_IDX_729'>
				<Appearance USE='Material_255_IDX_255'/>
				<IndexedFaceSet solid="false" coordIndex='0 1 2 3 -1'>
					<Coordinate point='-13.238897 6.629086 -9.100992 -12.711380 9.543353 -8.216205 -14.767841 10.511807 -9.359296 -15.346300 7.116908 -10.367180'/>
				</IndexedFaceSet>
			</Shape>
			<Shape DEF='_IDX_730'>
				<Appearance USE='Material_329_IDX_329'/>
				<IndexedFaceSet solid="false" coordIndex='0 1 2 3 -1'>
					<Coordinate point='-11.467381 6.168503 -7.951545 -10.981709 8.677817 -7.178505 -12.711380 9.543353 -8.216205 -13.238897 6.629086 -9.100992'/>
				</IndexedFaceSet>
			</Shape>
			<Shape DEF='_IDX_731'>
				<Appearance USE='Material_330_IDX_330'/>
				<IndexedFaceSet solid="false" coordIndex='0 1 2 3 -1'>
					<Coordinate point='-9.980172 5.734910 -6.904094 -9.528419 7.903371 -6.232887 -10.981709 8.677817 -7.178505 -11.467381 6.168503 -7.951545'/>
				</IndexedFaceSet>
			</Shape>
			<Shape DEF='_IDX_732'>
				<Appearance USE='Material_258_IDX_258'/>
				<IndexedFaceSet solid="false" coordIndex='0 1 2 3 -1'>
					<Coordinate point='-8.733813 5.328336 -5.945205 -8.308960 7.210237 -5.367219 -9.528419 7.903371 -6.232887 -9.980172 5.734910 -6.904094'/>
				</IndexedFaceSet>
			</Shape>
			<Shape DEF='_IDX_733'>
				<Appearance USE='Material_259_IDX_259'/>
				<IndexedFaceSet solid="false" coordIndex='0 1 2 3 -1'>
					<Coordinate point='-8.733813 5.328336 -5.945205 -8.308960 7.210237 -5.367219 -8.308960 7.210237 -5.367219 -8.733813 5.328336 -5.945205'/>
				</IndexedFaceSet>
			</Shape>
			<Shape DEF='_IDX_734'>
				<Appearance USE='Material_331_IDX_331'/>
				<IndexedFaceSet solid="false" coordIndex='0 1 2 3 -1'>
					<Coordinate point='-7.524493 4.884262 -4.911966 -7.123244 6.486859 -4.434431 -8.308960 7.210237 -5.367219 -8.733813 5.328336 -5.945205'/>
				</IndexedFaceSet>
			</Shape>
			<Shape DEF='_IDX_735'>
				<Appearance USE='Material_332_IDX_332'/>
				<IndexedFaceSet solid="false" coordIndex='0 1 2 3 -1'>
					<Coordinate point='-6.549374 4.479374 -3.966308 -6.163613 5.855167 -3.580708 -7.123244 6.486859 -4.434431 -7.524493 4.884262 -4.911966'/>
				</IndexedFaceSet>
			</Shape>
			<Shape DEF='_IDX_736'>
				<Appearance USE='Material_262_IDX_262'/>
				<IndexedFaceSet solid="false" coordIndex='0 1 2 3 -1'>
					<Coordinate point='-5.767676 4.115594 -3.091370 -5.389566 5.307591 -2.790831 -6.163613 5.855167 -3.580708 -6.549374 4.479374 -3.966308'/>
				</IndexedFaceSet>
			</Shape>
			<Shape DEF='_IDX_737'>
				<Appearance USE='Material_263_IDX_263'/>
				<IndexedFaceSet solid="false" coordIndex='0 1 2 3 -1'>
					<Coordinate point='-5.145932 3.795753 -2.271551 -4.767474 4.839022 -2.050714 -5.389566 5.307591 -2.790831 -5.767676 4.115594 -3.091370'/>
				</IndexedFaceSet>
			</Shape>
			<Shape DEF='_IDX_738'>
				<Appearance USE='Material_264_IDX_264'/>
				<IndexedFaceSet solid="false" coordIndex='0 1 2 3 -1'>
					<Coordinate point='-4.656508 3.523799 -1.492234 -4.269053 4.446705 -1.347161 -4.767474 4.839022 -2.050714 -5.145932 3.795753 -2.271551'/>
				</IndexedFaceSet>
			</Shape>
			<Shape DEF='_IDX_739'>
				<Appearance USE='Material_265_IDX_265'/>
				<IndexedFaceSet solid="false" coordIndex='0 1 2 3 -1'>
					<Coordinate point='-4.276364 3.305099 -0.739525 -3.870043 4.130265 -0.667629 -4.269053 4.446705 -1.347161 -4.656508 3.523799 -1.492234'/>
				</IndexedFaceSet>
			</Shape>
			<Shape DEF='_IDX_740'>
				<Appearance USE='Material_266_IDX_266'/>
				<IndexedFaceSet solid="false" coordIndex='0 1 2 3 -1'>
					<Coordinate point='-3.985995 3.146845 -0.000001 -3.549030 3.891902 -0.000000 -3.870043 4.130265 -0.667629 -4.276364 3.305099 -0.739525'/>
				</IndexedFaceSet>
			</Shape>
			<Shape DEF='_IDX_741'>
				<Appearance USE='Material_333_IDX_333'/>
				<IndexedFaceSet solid="false" coordIndex='0 1 2 3 -1'>
					<Coordinate point='-14.767841 10.511807 -9.359296 -13.518663 13.703238 -8.142341 -15.777298 15.329383 -9.241243 -17.210840 11.597383 -10.622441'/>
				</IndexedFaceSet>
			</Shape>
			<Shape DEF='_IDX_742'>
				<Appearance USE='Material_334_IDX_334'/>
				<IndexedFaceSet solid="false" coordIndex='0 1 2 3 -1'>
					<Coordinate point='-12.711380 9.543353 -8.216205 -11.616808 12.278806 -7.147881 -13.518663 13.703238 -8.142341 -14.767841 10.511807 -9.359296'/>
				</IndexedFaceSet>
			</Shape>
			<Shape DEF='_IDX_743'>
				<Appearance USE='Material_335_IDX_335'/>
				<IndexedFaceSet solid="false" coordIndex='0 1 2 3 -1'>
					<Coordinate point='-10.981709 8.677817 -7.178505 -10.016444 11.028855 -6.245110 -11.616808 12.278806 -7.147881 -12.711380 9.543353 -8.216205'/>
				</IndexedFaceSet>
			</Shape>
			<Shape DEF='_IDX_744'>
				<Appearance USE='Material_336_IDX_336'/>
				<IndexedFaceSet solid="false" coordIndex='0 1 2 3 -1'>
					<Coordinate point='-9.528419 7.903371 -6.232887 -8.670884 9.930527 -5.422447 -10.016444 11.028855 -6.245110 -10.981709 8.677817 -7.178505'/>
				</IndexedFaceSet>
			</Shape>
			<Shape DEF='_IDX_745'>
				<Appearance USE='Material_245_IDX_245'/>
				<IndexedFaceSet solid="false" coordIndex='0 1 2 3 -1'>
					<Coordinate point='-8.308960 7.210237 -5.367219 -7.540668 8.964690 -4.669339 -8.670884 9.930527 -5.422447 -9.528419 7.903371 -6.232887'/>
				</IndexedFaceSet>
			</Shape>
			<Shape DEF='_IDX_746'>
				<Appearance USE='Material_246_IDX_246'/>
				<IndexedFaceSet solid="false" coordIndex='0 1 2 3 -1'>
					<Coordinate point='-8.308960 7.210237 -5.367219 -7.540668 8.964690 -4.669339 -7.540668 8.964690 -4.669339 -8.308960 7.210237 -5.367219'/>
				</IndexedFaceSet>
			</Shape>
			<Shape DEF='_IDX_747'>
				<Appearance USE='Material_247_IDX_247'/>
				<IndexedFaceSet solid="false" coordIndex='0 1 2 3 -1'>
					<Coordinate point='-7.123244 6.486859 -4.434431 -6.439825 7.974838 -3.857838 -7.540668 8.964690 -4.669339 -8.308960 7.210237 -5.367219'/>
				</IndexedFaceSet>
			</Shape>
			<Shape DEF='_IDX_748'>
				<Appearance USE='Material_337_IDX_337'/>
				<IndexedFaceSet solid="false" coordIndex='0 1 2 3 -1'>
					<Coordinate point='-6.163613 5.855167 -3.580708 -5.546176 7.125802 -3.115122 -6.439825 7.974838 -3.857838 -7.123244 6.486859 -4.434431'/>
				</IndexedFaceSet>
			</Shape>
			<Shape DEF='_IDX_749'>
				<Appearance USE='Material_249_IDX_249'/>
				<IndexedFaceSet solid="false" coordIndex='0 1 2 3 -1'>
					<Coordinate point='-5.389566 5.307591 -2.790831 -4.821702 6.400821 -2.427949 -5.546176 7.125802 -3.115122 -6.163613 5.855167 -3.580708'/>
				</IndexedFaceSet>
			</Shape>
			<Shape DEF='_IDX_750'>
				<Appearance USE='Material_338_IDX_338'/>
				<IndexedFaceSet solid="false" coordIndex='0 1 2 3 -1'>
					<Coordinate point='-4.767474 4.839022 -2.050714 -4.234500 5.786995 -1.784067 -4.821702 6.400821 -2.427949 -5.389566 5.307591 -2.790831'/>
				</IndexedFaceSet>
			</Shape>
			<Shape DEF='_IDX_751'>
				<Appearance USE='Material_251_IDX_251'/>
				<IndexedFaceSet solid="false" coordIndex='0 1 2 3 -1'>
					<Coordinate point='-4.269053 4.446705 -1.347161 -3.757300 5.274833 -1.171995 -4.234500 5.786995 -1.784067 -4.767474 4.839022 -2.050714'/>
				</IndexedFaceSet>
			</Shape>
			<Shape DEF='_IDX_752'>
				<Appearance USE='Material_252_IDX_252'/>
				<IndexedFaceSet solid="false" coordIndex='0 1 2 3 -1'>
					<Coordinate point='-3.870043 4.130265 -0.667629 -3.366098 4.857977 -0.580820 -3.757300 5.274833 -1.171995 -4.269053 4.446705 -1.347161'/>
				</IndexedFaceSet>
			</Shape>
			<Shape DEF='_IDX_753'>
				<Appearance USE='Material_339_IDX_339'/>
				<IndexedFaceSet solid="false" coordIndex='0 1 2 3 -1'>
					<Coordinate point='-3.549030 3.891902 -0.000000 -3.038882 4.533147 -0.000000 -3.366098 4.857977 -0.580820 -3.870043 4.130265 -0.667629'/>
				</IndexedFaceSet>
			</Shape>
			<Shape DEF='_IDX_754'>
				<Appearance USE='Material_340_IDX_340'/>
				<IndexedFaceSet solid="false" coordIndex='0 1 2 3 -1'>
					<Coordinate point='-13.518663 13.703238 -8.142341 -11.650403 16.544405 -6.743498 -13.611032 18.654953 -7.653612 -15.777298 15.329383 -9.241243'/>
				</IndexedFaceSet>
			</Shape>
			<Shape DEF='_IDX_755'>
				<Appearance USE='Material_229_IDX_229'/>
				<IndexedFaceSet solid="false" coordIndex='0 1 2 3 -1'>
					<Coordinate point='-11.616808 12.278806 -7.147881 -9.999073 14.711250 -5.919886 -11.650403 16.544405 -6.743498 -13.518663 13.703238 -8.142341'/>
				</IndexedFaceSet>
			</Shape>
			<Shape DEF='_IDX_756'>
				<Appearance USE='Material_230_IDX_230'/>
				<IndexedFaceSet solid="false" coordIndex='0 1 2 3 -1'>
					<Coordinate point='-10.016444 11.028855 -6.245110 -8.609016 13.116555 -5.172210 -9.999073 14.711250 -5.919886 -11.616808 12.278806 -7.147881'/>
				</IndexedFaceSet>
			</Shape>
			<Shape DEF='_IDX_757'>
				<Appearance USE='Material_231_IDX_231'/>
				<IndexedFaceSet solid="false" coordIndex='0 1 2 3 -1'>
					<Coordinate point='-8.670884 9.930527 -5.422447 -7.439643 11.727543 -4.490879 -8.609016 13.116555 -5.172210 -10.016444 11.028855 -6.245110'/>
				</IndexedFaceSet>
			</Shape>
			<Shape DEF='_IDX_758'>
				<Appearance USE='Material_232_IDX_232'/>
				<IndexedFaceSet solid="false" coordIndex='0 1 2 3 -1'>
					<Coordinate point='-7.540668 8.964690 -4.669339 -6.456610 10.516660 -3.867154 -7.439643 11.727543 -4.490879 -8.670884 9.930527 -5.422447'/>
				</IndexedFaceSet>
			</Shape>
			<Shape DEF='_IDX_759'>
				<Appearance USE='Material_341_IDX_341'/>
				<IndexedFaceSet solid="false" coordIndex='0 1 2 3 -1'>
					<Coordinate point='-7.540668 8.964690 -4.669339 -6.456610 10.516660 -3.867154 -6.456610 10.516660 -3.867154 -7.540668 8.964690 -4.669339'/>
				</IndexedFaceSet>
			</Shape>
			<Shape DEF='_IDX_760'>
				<Appearance USE='Material_234_IDX_234'/>
				<IndexedFaceSet solid="false" coordIndex='0 1 2 3 -1'>
					<Coordinate point='-6.439825 7.974838 -3.857838 -5.497788 9.286859 -3.195067 -6.456610 10.516660 -3.867154 -7.540668 8.964690 -4.669339'/>
				</IndexedFaceSet>
			</Shape>
			<Shape DEF='_IDX_761'>
				<Appearance USE='Material_235_IDX_235'/>
				<IndexedFaceSet solid="false" coordIndex='0 1 2 3 -1'>
					<Coordinate point='-5.546176 7.125802 -3.115122 -4.717519 8.241399 -2.579948 -5.497788 9.286859 -3.195067 -6.439825 7.974838 -3.857838'/>
				</IndexedFaceSet>
			</Shape>
			<Shape DEF='_IDX_762'>
				<Appearance USE='Material_236_IDX_236'/>
				<IndexedFaceSet solid="false" coordIndex='0 1 2 3 -1'>
					<Coordinate point='-4.821702 6.400821 -2.427949 -4.082367 7.355122 -2.010831 -4.717519 8.241399 -2.579948 -5.546176 7.125802 -3.115122'/>
				</IndexedFaceSet>
			</Shape>
			<Shape DEF='_IDX_763'>
				<Appearance USE='Material_237_IDX_237'/>
				<IndexedFaceSet solid="false" coordIndex='0 1 2 3 -1'>
					<Coordinate point='-4.234500 5.786995 -1.784067 -3.564020 6.607906 -1.477567 -4.082367 7.355122 -2.010831 -4.821702 6.400821 -2.427949'/>
				</IndexedFaceSet>
			</Shape>
			<Shape DEF='_IDX_764'>
				<Appearance USE='Material_238_IDX_238'/>
				<IndexedFaceSet solid="false" coordIndex='0 1 2 3 -1'>
					<Coordinate point='-3.757300 5.274833 -1.171995 -3.137911 5.983871 -0.970648 -3.564020 6.607906 -1.477567 -4.234500 5.786995 -1.784067'/>
				</IndexedFaceSet>
			</Shape>
			<Shape DEF='_IDX_765'>
				<Appearance USE='Material_239_IDX_239'/>
				<IndexedFaceSet solid="false" coordIndex='0 1 2 3 -1'>
					<Coordinate point='-3.366098 4.857977 -0.580820 -2.781896 5.470770 -0.481036 -3.137911 5.983871 -0.970648 -3.757300 5.274833 -1.171995'/>
				</IndexedFaceSet>
			</Shape>
			<Shape DEF='_IDX_766'>
				<Appearance USE='Material_240_IDX_240'/>
				<IndexedFaceSet solid="false" coordIndex='0 1 2 3 -1'>
					<Coordinate point='-3.038882 4.533147 -0.000000 -2.474922 5.059610 -0.000000 -2.781896 5.470770 -0.481036 -3.366098 4.857977 -0.580820'/>
				</IndexedFaceSet>
			</Shape>
			<Shape DEF='_IDX_767'>
				<Appearance USE='Material_215_IDX_215'/>
				<IndexedFaceSet solid="false" coordIndex='0 1 2 3 -1'>
					<Coordinate point='-11.650403 16.544405 -6.743498 -9.245439 18.903963 -5.194018 -10.809391 21.418751 -5.895011 -13.611032 18.654953 -7.653612'/>
				</IndexedFaceSet>
			</Shape>
			<Shape DEF='_IDX_768'>
				<Appearance USE='Material_342_IDX_342'/>
				<IndexedFaceSet solid="false" coordIndex='0 1 2 3 -1'>
					<Coordinate point='-9.999073 14.711250 -5.919886 -7.927963 16.729652 -4.559650 -9.245439 18.903963 -5.194018 -11.650403 16.544405 -6.743498'/>
				</IndexedFaceSet>
			</Shape>
			<Shape DEF='_IDX_769'>
				<Appearance USE='Material_343_IDX_343'/>
				<IndexedFaceSet solid="false" coordIndex='0 1 2 3 -1'>
					<Coordinate point='-8.609016 13.116555 -5.172210 -6.818629 14.847093 -3.983770 -7.927963 16.729652 -4.559650 -9.999073 14.711250 -5.919886'/>
				</IndexedFaceSet>
			</Shape>
			<Shape DEF='_IDX_770'>
				<Appearance USE='Material_344_IDX_344'/>
				<IndexedFaceSet solid="false" coordIndex='0 1 2 3 -1'>
					<Coordinate point='-7.439643 11.727543 -4.490879 -5.885021 13.215207 -3.458992 -6.818629 14.847093 -3.983770 -8.609016 13.116555 -5.172210'/>
				</IndexedFaceSet>
			</Shape>
			<Shape DEF='_IDX_771'>
				<Appearance USE='Material_345_IDX_345'/>
				<IndexedFaceSet solid="false" coordIndex='0 1 2 3 -1'>
					<Coordinate point='-6.456610 10.516660 -3.867154 -5.099685 11.799384 -2.978582 -5.885021 13.215207 -3.458992 -7.439643 11.727543 -4.490879'/>
				</IndexedFaceSet>
			</Shape>
			<Shape DEF='_IDX_772'>
				<Appearance USE='Material_220_IDX_220'/>
				<IndexedFaceSet solid="false" coordIndex='0 1 2 3 -1'>
					<Coordinate point='-6.456610 10.516660 -3.867154 -5.099685 11.799384 -2.978582 -5.099685 11.799384 -2.978582 -6.456610 10.516660 -3.867154'/>
				</IndexedFaceSet>
			</Shape>
			<Shape DEF='_IDX_773'>
				<Appearance USE='Material_221_IDX_221'/>
				<IndexedFaceSet solid="false" coordIndex='0 1 2 3 -1'>
					<Coordinate point='-5.497788 9.286859 -3.195067 -4.332864 10.368573 -2.460924 -5.099685 11.799384 -2.978582 -6.456610 10.516660 -3.867154'/>
				</IndexedFaceSet>
			</Shape>
			<Shape DEF='_IDX_774'>
				<Appearance USE='Material_222_IDX_222'/>
				<IndexedFaceSet solid="false" coordIndex='0 1 2 3 -1'>
					<Coordinate point='-4.717519 8.241399 -2.579948 -3.707650 9.158080 -1.987143 -4.332864 10.368573 -2.460924 -5.497788 9.286859 -3.195067'/>
				</IndexedFaceSet>
			</Shape>
			<Shape DEF='_IDX_775'>
				<Appearance USE='Material_223_IDX_223'/>
				<IndexedFaceSet solid="false" coordIndex='0 1 2 3 -1'>
					<Coordinate point='-4.082367 7.355122 -2.010831 -3.197086 8.135611 -1.548794 -3.707650 9.158080 -1.987143 -4.717519 8.241399 -2.579948'/>
				</IndexedFaceSet>
			</Shape>
			<Shape DEF='_IDX_776'>
				<Appearance USE='Material_224_IDX_224'/>
				<IndexedFaceSet solid="false" coordIndex='0 1 2 3 -1'>
					<Coordinate point='-3.564020 6.607906 -1.477567 -2.778167 7.274827 -1.138060 -3.197086 8.135611 -1.548794 -4.082367 7.355122 -2.010831'/>
				</IndexedFaceSet>
			</Shape>
			<Shape DEF='_IDX_777'>
				<Appearance USE='Material_225_IDX_225'/>
				<IndexedFaceSet solid="false" coordIndex='0 1 2 3 -1'>
					<Coordinate point='-3.137911 5.983871 -0.970648 -2.430671 6.554216 -0.747618 -2.778167 7.274827 -1.138060 -3.564020 6.607906 -1.477567'/>
				</IndexedFaceSet>
			</Shape>
			<Shape DEF='_IDX_778'>
				<Appearance USE='Material_226_IDX_226'/>
				<IndexedFaceSet solid="false" coordIndex='0 1 2 3 -1'>
					<Coordinate point='-2.781896 5.470770 -0.481036 -2.135973 5.956143 -0.370506 -2.430671 6.554216 -0.747618 -3.137911 5.983871 -0.970648'/>
				</IndexedFaceSet>
			</Shape>
			<Shape DEF='_IDX_779'>
				<Appearance USE='Material_227_IDX_227'/>
				<IndexedFaceSet solid="false" coordIndex='0 1 2 3 -1'>
					<Coordinate point='-2.474922 5.059610 -0.000000 -1.875765 5.466074 -0.000000 -2.135973 5.956143 -0.370506 -2.781896 5.470770 -0.481036'/>
				</IndexedFaceSet>
			</Shape>
			<Shape DEF='_IDX_780'>
				<Appearance USE='Material_346_IDX_346'/>
				<IndexedFaceSet solid="false" coordIndex='0 1 2 3 -1'>
					<Coordinate point='-9.245439 18.903963 -5.194018 -6.412782 20.672447 -3.528512 -7.501328 23.491241 -4.004725 -10.809391 21.418751 -5.895011'/>
				</IndexedFaceSet>
			</Shape>
			<Shape DEF='_IDX_781'>
				<Appearance USE='Material_347_IDX_347'/>
				<IndexedFaceSet solid="false" coordIndex='0 1 2 3 -1'>
					<Coordinate point='-7.927963 16.729652 -4.559650 -5.495668 18.241526 -3.097559 -6.412782 20.672447 -3.528512 -9.245439 18.903963 -5.194018'/>
				</IndexedFaceSet>
			</Shape>
			<Shape DEF='_IDX_782'>
				<Appearance USE='Material_204_IDX_204'/>
				<IndexedFaceSet solid="false" coordIndex='0 1 2 3 -1'>
					<Coordinate point='-6.818629 14.847093 -3.983770 -4.723294 16.142380 -2.706340 -5.495668 18.241526 -3.097559 -7.927963 16.729652 -4.559650'/>
				</IndexedFaceSet>
			</Shape>
			<Shape DEF='_IDX_783'>
				<Appearance USE='Material_205_IDX_205'/>
				<IndexedFaceSet solid="false" coordIndex='0 1 2 3 -1'>
					<Coordinate point='-5.885021 13.215207 -3.458992 -4.073075 14.327674 -2.349836 -4.723294 16.142380 -2.706340 -6.818629 14.847093 -3.983770'/>
				</IndexedFaceSet>
			</Shape>
			<Shape DEF='_IDX_784'>
				<Appearance USE='Material_206_IDX_206'/>
				<IndexedFaceSet solid="false" coordIndex='0 1 2 3 -1'>
					<Coordinate point='-5.099685 11.799384 -2.978582 -3.525874 12.757475 -2.023474 -4.073075 14.327674 -2.349836 -5.885021 13.215207 -3.458992'/>
				</IndexedFaceSet>
			</Shape>
			<Shape DEF='_IDX_785'>
				<Appearance USE='Material_207_IDX_207'/>
				<IndexedFaceSet solid="false" coordIndex='0 1 2 3 -1'>
					<Coordinate point='-5.099685 11.799384 -2.978582 -3.525874 12.757475 -2.023474 -3.525874 12.757475 -2.023474 -5.099685 11.799384 -2.978582'/>
				</IndexedFaceSet>
			</Shape>
			<Shape DEF='_IDX_786'>
				<Appearance USE='Material_208_IDX_208'/>
				<IndexedFaceSet solid="false" coordIndex='0 1 2 3 -1'>
					<Coordinate point='-4.332864 10.368573 -2.460924 -2.991161 11.175056 -1.671807 -3.525874 12.757475 -2.023474 -5.099685 11.799384 -2.978582'/>
				</IndexedFaceSet>
			</Shape>
			<Shape DEF='_IDX_787'>
				<Appearance USE='Material_209_IDX_209'/>
				<IndexedFaceSet solid="false" coordIndex='0 1 2 3 -1'>
					<Coordinate point='-3.707650 9.158080 -1.987143 -2.554593 9.839808 -1.349949 -2.991161 11.175056 -1.671807 -4.332864 10.368573 -2.460924'/>
				</IndexedFaceSet>
			</Shape>
			<Shape DEF='_IDX_788'>
				<Appearance USE='Material_210_IDX_210'/>
				<IndexedFaceSet solid="false" coordIndex='0 1 2 3 -1'>
					<Coordinate point='-3.197086 8.135611 -1.548794 -2.197258 8.713986 -1.052160 -2.554593 9.839808 -1.349949 -3.707650 9.158080 -1.987143'/>
				</IndexedFaceSet>
			</Shape>
			<Shape DEF='_IDX_789'>
				<Appearance USE='Material_348_IDX_348'/>
				<IndexedFaceSet solid="false" coordIndex='0 1 2 3 -1'>
					<Coordinate point='-2.778167 7.274827 -1.138060 -1.902918 7.766453 -0.773132 -2.197258 8.713986 -1.052160 -3.197086 8.135611 -1.548794'/>
				</IndexedFaceSet>
			</Shape>
			<Shape DEF='_IDX_790'>
				<Appearance USE='Material_349_IDX_349'/>
				<IndexedFaceSet solid="false" coordIndex='0 1 2 3 -1'>
					<Coordinate point='-2.430671 6.554216 -0.747618 -1.657145 6.971251 -0.507888 -1.902918 7.766453 -0.773132 -2.778167 7.274827 -1.138060'/>
				</IndexedFaceSet>
			</Shape>
			<Shape DEF='_IDX_791'>
				<Appearance USE='Material_213_IDX_213'/>
				<IndexedFaceSet solid="false" coordIndex='0 1 2 3 -1'>
					<Coordinate point='-2.135973 5.956143 -0.370506 -1.446421 6.306336 -0.251700 -1.657145 6.971251 -0.507888 -2.430671 6.554216 -0.747618'/>
				</IndexedFaceSet>
			</Shape>
			<Shape DEF='_IDX_792'>
				<Appearance USE='Material_214_IDX_214'/>
				<IndexedFaceSet solid="false" coordIndex='0 1 2 3 -1'>
					<Coordinate point='-1.875765 5.466074 -0.000000 -1.257076 5.752384 -0.000000 -1.446421 6.306336 -0.251700 -2.135973 5.956143 -0.370506'/>
				</IndexedFaceSet>
			</Shape>
			<Shape DEF='_IDX_793'>
				<Appearance USE='Material_350_IDX_350'/>
				<IndexedFaceSet solid="false" coordIndex='0 1 2 3 -1'>
					<Coordinate point='-6.412782 20.672447 -3.528512 -3.282650 21.767603 -1.784184 -3.840981 24.775066 -2.024981 -7.501328 23.491241 -4.004725'/>
				</IndexedFaceSet>
			</Shape>
			<Shape DEF='_IDX_794'>
				<Appearance USE='Material_351_IDX_351'/>
				<IndexedFaceSet solid="false" coordIndex='0 1 2 3 -1'>
					<Coordinate point='-5.495668 18.241526 -3.097559 -2.812212 19.177408 -1.566274 -3.282650 21.767603 -1.784184 -6.412782 20.672447 -3.528512'/>
				</IndexedFaceSet>
			</Shape>
			<Shape DEF='_IDX_795'>
				<Appearance USE='Material_191_IDX_191'/>
				<IndexedFaceSet solid="false" coordIndex='0 1 2 3 -1'>
					<Coordinate point='-4.723294 16.142380 -2.706340 -2.415972 16.943806 -1.368455 -2.812212 19.177408 -1.566274 -5.495668 18.241526 -3.097559'/>
				</IndexedFaceSet>
			</Shape>
			<Shape DEF='_IDX_796'>
				<Appearance USE='Material_352_IDX_352'/>
				<IndexedFaceSet solid="false" coordIndex='0 1 2 3 -1'>
					<Coordinate point='-4.073075 14.327674 -2.349836 -2.082341 15.015573 -1.188190 -2.415972 16.943806 -1.368455 -4.723294 16.142380 -2.706340'/>
				</IndexedFaceSet>
			</Shape>
			<Shape DEF='_IDX_797'>
				<Appearance USE='Material_193_IDX_193'/>
				<IndexedFaceSet solid="false" coordIndex='0 1 2 3 -1'>
					<Coordinate point='-3.525874 12.757475 -2.023474 -1.801493 13.349461 -1.023165 -2.082341 15.015573 -1.188190 -4.073075 14.327674 -2.349836'/>
				</IndexedFaceSet>
			</Shape>
			<Shape DEF='_IDX_798'>
				<Appearance USE='Material_353_IDX_353'/>
				<IndexedFaceSet solid="false" coordIndex='0 1 2 3 -1'>
					<Coordinate point='-3.525874 12.757475 -2.023474 -1.801493 13.349461 -1.023165 -1.801493 13.349461 -1.023165 -3.525874 12.757475 -2.023474'/>
				</IndexedFaceSet>
			</Shape>
			<Shape DEF='_IDX_799'>
				<Appearance USE='Material_195_IDX_195'/>
				<IndexedFaceSet solid="false" coordIndex='0 1 2 3 -1'>
					<Coordinate point='-2.991161 11.175056 -1.671807 -1.526925 11.672770 -0.845346 -1.801493 13.349461 -1.023165 -3.525874 12.757475 -2.023474'/>
				</IndexedFaceSet>
			</Shape>
			<Shape DEF='_IDX_800'>
				<Appearance USE='Material_196_IDX_196'/>
				<IndexedFaceSet solid="false" coordIndex='0 1 2 3 -1'>
					<Coordinate point='-2.554593 9.839808 -1.349949 -1.302569 10.259825 -0.682599 -1.526925 11.672770 -0.845346 -2.991161 11.175056 -1.671807'/>
				</IndexedFaceSet>
			</Shape>
			<Shape DEF='_IDX_801'>
				<Appearance USE='Material_197_IDX_197'/>
				<IndexedFaceSet solid="false" coordIndex='0 1 2 3 -1'>
					<Coordinate point='-2.197258 8.713986 -1.052160 -1.118673 9.069468 -0.532022 -1.302569 10.259825 -0.682599 -2.554593 9.839808 -1.349949'/>
				</IndexedFaceSet>
			</Shape>
			<Shape DEF='_IDX_802'>
				<Appearance USE='Material_198_IDX_198'/>
				<IndexedFaceSet solid="false" coordIndex='0 1 2 3 -1'>
					<Coordinate point='-1.902918 7.766453 -0.773132 -0.966835 8.067514 -0.390932 -1.118673 9.069468 -0.532022 -2.197258 8.713986 -1.052160'/>
				</IndexedFaceSet>
			</Shape>
			<Shape DEF='_IDX_803'>
				<Appearance USE='Material_354_IDX_354'/>
				<IndexedFaceSet solid="false" coordIndex='0 1 2 3 -1'>
					<Coordinate point='-1.657145 6.971251 -0.507888 -0.839539 7.225150 -0.256812 -0.966835 8.067514 -0.390932 -1.902918 7.766453 -0.773132'/>
				</IndexedFaceSet>
			</Shape>
			<Shape DEF='_IDX_804'>
				<Appearance USE='Material_200_IDX_200'/>
				<IndexedFaceSet solid="false" coordIndex='0 1 2 3 -1'>
					<Coordinate point='-1.446421 6.306336 -0.251700 -0.729656 6.517410 -0.127272 -0.839539 7.225150 -0.256812 -1.657145 6.971251 -0.507888'/>
				</IndexedFaceSet>
			</Shape>
			<Shape DEF='_IDX_805'>
				<Appearance USE='Material_201_IDX_201'/>
				<IndexedFaceSet solid="false" coordIndex='0 1 2 3 -1'>
					<Coordinate point='-1.257076 5.752384 -0.000000 -0.629839 5.921650 -0.000000 -0.729656 6.517410 -0.127272 -1.446421 6.306336 -0.251700'/>
				</IndexedFaceSet>
			</Shape>
			<Shape DEF='_IDX_806'>
				<Appearance USE='Material_355_IDX_355'/>
				<IndexedFaceSet solid="false" coordIndex='0 1 2 3 -1'>
					<Coordinate point='-3.282650 21.767603 -1.784184 -0.000002 22.138418 -0.000001 -0.000003 25.209831 -0.000001 -3.840981 24.775066 -2.024981'/>
				</IndexedFaceSet>
			</Shape>
			<Shape DEF='_IDX_807'>
				<Appearance USE='Material_356_IDX_356'/>
				<IndexedFaceSet solid="false" coordIndex='0 1 2 3 -1'>
					<Coordinate point='-2.812212 19.177408 -1.566274 -0.000002 19.494234 -0.000001 -0.000002 22.138418 -0.000001 -3.282650 21.767603 -1.784184'/>
				</IndexedFaceSet>
			</Shape>
			<Shape DEF='_IDX_808'>
				<Appearance USE='Material_357_IDX_357'/>
				<IndexedFaceSet solid="false" coordIndex='0 1 2 3 -1'>
					<Coordinate point='-2.415972 16.943806 -1.368455 -0.000002 17.215050 -0.000001 -0.000002 19.494234 -0.000001 -2.812212 19.177408 -1.566274'/>
				</IndexedFaceSet>
			</Shape>
			<Shape DEF='_IDX_809'>
				<Appearance USE='Material_358_IDX_358'/>
				<IndexedFaceSet solid="false" coordIndex='0 1 2 3 -1'>
					<Coordinate point='-2.082341 15.015573 -1.188190 -0.000001 15.248323 -0.000001 -0.000002 17.215050 -0.000001 -2.415972 16.943806 -1.368455'/>
				</IndexedFaceSet>
			</Shape>
			<Shape DEF='_IDX_810'>
				<Appearance USE='Material_359_IDX_359'/>
				<IndexedFaceSet solid="false" coordIndex='0 1 2 3 -1'>
					<Coordinate point='-1.801493 13.349461 -1.023165 -0.000001 13.549685 -0.000001 -0.000001 15.248323 -0.000001 -2.082341 15.015573 -1.188190'/>
				</IndexedFaceSet>
			</Shape>
			<Shape DEF='_IDX_811'>
				<Appearance USE='Material_360_IDX_360'/>
				<IndexedFaceSet solid="false" coordIndex='0 1 2 3 -1'>
					<Coordinate point='-1.801493 13.349461 -1.023165 -0.000001 13.549685 -0.000001 -0.000001 13.549685 -0.000001 -1.801493 13.349461 -1.023165'/>
				</IndexedFaceSet>
			</Shape>
			<Shape DEF='_IDX_812'>
				<Appearance USE='Material_361_IDX_361'/>
				<IndexedFaceSet solid="false" coordIndex='0 1 2 3 -1'>
					<Coordinate point='-1.526925 11.672770 -0.845346 -0.000001 11.841008 -0.000001 -0.000001 13.549685 -0.000001 -1.801493 13.349461 -1.023165'/>
				</IndexedFaceSet>
			</Shape>
			<Shape DEF='_IDX_813'>
				<Appearance USE='Material_362_IDX_362'/>
				<IndexedFaceSet solid="false" coordIndex='0 1 2 3 -1'>
					<Coordinate point='-1.302569 10.259825 -0.682599 -0.000001 10.401681 -0.000000 -0.000001 11.841008 -0.000001 -1.526925 11.672770 -0.845346'/>
				</IndexedFaceSet>
			</Shape>
			<Shape DEF='_IDX_814'>
				<Appearance USE='Material_184_IDX_184'/>
				<IndexedFaceSet solid="false" coordIndex='0 1 2 3 -1'>
					<Coordinate point='-1.118673 9.069468 -0.532022 -0.000001 9.189380 -0.000000 -0.000001 10.401681 -0.000000 -1.302569 10.259825 -0.682599'/>
				</IndexedFaceSet>
			</Shape>
			<Shape DEF='_IDX_815'>
				<Appearance USE='Material_185_IDX_185'/>
				<IndexedFaceSet solid="false" coordIndex='0 1 2 3 -1'>
					<Coordinate point='-0.966835 8.067514 -0.390932 -0.000001 8.168880 -0.000000 -0.000001 9.189380 -0.000000 -1.118673 9.069468 -0.532022'/>
				</IndexedFaceSet>
			</Shape>
			<Shape DEF='_IDX_816'>
				<Appearance USE='Material_186_IDX_186'/>
				<IndexedFaceSet solid="false" coordIndex='0 1 2 3 -1'>
					<Coordinate point='-0.839539 7.225150 -0.256812 -0.000001 7.310373 -0.000000 -0.000001 8.168880 -0.000000 -0.966835 8.067514 -0.390932'/>
				</IndexedFaceSet>
			</Shape>
			<Shape DEF='_IDX_817'>
				<Appearance USE='Material_187_IDX_187'/>
				<IndexedFaceSet solid="false" coordIndex='0 1 2 3 -1'>
					<Coordinate point='-0.729656 6.517410 -0.127272 -0.000000 6.587874 -0.000000 -0.000001 7.310373 -0.000000 -0.839539 7.225150 -0.256812'/>
				</IndexedFaceSet>
			</Shape>
			<Shape DEF='_IDX_818'>
				<Appearance USE='Material_188_IDX_188'/>
				<IndexedFaceSet solid="false" coordIndex='0 1 2 3 -1'>
					<Coordinate point='-0.629839 5.921650 -0.000000 -0.000000 5.977540 -0.000000 -0.000000 6.587874 -0.000000 -0.729656 6.517410 -0.127272'/>
				</IndexedFaceSet>
			</Shape>
			<Shape DEF='_IDX_819'>
				<Appearance USE='Material_1_IDX_1'/>
				<IndexedFaceSet solid="false" coordIndex='0 1 2 3 -1'>
					<Coordinate point='9.472039 0.000002 0.000001 9.173079 2.673965 1.784184 11.740790 3.124040 2.024981 12.114709 0.000002 0.000001'/>
				</IndexedFaceSet>
			</Shape>
			<Shape DEF='_IDX_820'>
				<Appearance USE='Material_2_IDX_2'/>
				<IndexedFaceSet solid="false" coordIndex='0 1 2 3 -1'>
					<Coordinate point='7.170965 0.000002 0.000001 6.949204 2.341528 1.566274 9.173079 2.673965 1.784184 9.472039 0.000002 0.000001'/>
				</IndexedFaceSet>
			</Shape>
			<Shape DEF='_IDX_821'>
				<Appearance USE='Material_3_IDX_3'/>
				<IndexedFaceSet solid="false" coordIndex='0 1 2 3 -1'>
					<Coordinate point='5.116354 0.000001 0.000001 4.997092 2.142523 1.368455 6.949204 2.341528 1.566274 7.170965 0.000002 0.000001'/>
				</IndexedFaceSet>
			</Shape>
			<Shape DEF='_IDX_822'>
				<Appearance USE='Material_4_IDX_4'/>
				<IndexedFaceSet solid="false" coordIndex='0 1 2 3 -1'>
					<Coordinate point='3.158188 0.000002 0.000001 3.261897 2.137143 1.188190 4.997092 2.142523 1.368455 5.116354 0.000001 0.000001'/>
				</IndexedFaceSet>
			</Shape>
			<Shape DEF='_IDX_823'>
				<Appearance USE='Material_5_IDX_5'/>
				<IndexedFaceSet solid="false" coordIndex='0 1 2 3 -1'>
					<Coordinate point='0.001829 0.001829 0.000001 1.796680 2.453188 1.023165 3.261897 2.137143 1.188190 3.158188 0.000002 0.000001'/>
				</IndexedFaceSet>
			</Shape>
			<Shape DEF='_IDX_824'>
				<Appearance USE='Material_6_IDX_6'/>
				<IndexedFaceSet solid="false" coordIndex='0 1 2 3 -1'>
					<Coordinate point='0.001829 0.001829 0.000001 1.796680 2.453188 1.023165 1.796680 2.453188 1.023165 0.001829 0.001829 0.000001'/>
				</IndexedFaceSet>
			</Shape>
			<Shape DEF='_IDX_825'>
				<Appearance USE='Material_7_IDX_7'/>
				<IndexedFaceSet solid="false" coordIndex='0 1 2 3 -1'>
					<Coordinate point='0.000001 2.721608 0.000001 0.717430 3.127908 0.845346 1.796680 2.453188 1.023165 0.001829 0.001829 0.000001'/>
				</IndexedFaceSet>
			</Shape>
			<Shape DEF='_IDX_826'>
				<Appearance USE='Material_8_IDX_8'/>
				<IndexedFaceSet solid="false" coordIndex='0 1 2 3 -1'>
					<Coordinate point='0.000000 3.564818 0.000000 0.187118 3.713712 0.682599 0.717430 3.127908 0.845346 0.000001 2.721608 0.000001'/>
				</IndexedFaceSet>
			</Shape>
			<Shape DEF='_IDX_827'>
				<Appearance USE='Material_9_IDX_9'/>
				<IndexedFaceSet solid="false" coordIndex='0 1 2 3 -1'>
					<Coordinate point='-0.000000 4.116542 0.000000 -0.105601 4.171835 0.532022 0.187118 3.713712 0.682599 0.000000 3.564818 0.000000'/>
				</IndexedFaceSet>
			</Shape>
			<Shape DEF='_IDX_828'>
				<Appearance USE='Material_10_IDX_10'/>
				<IndexedFaceSet solid="false" coordIndex='0 1 2 3 -1'>
					<Coordinate point='-0.000000 4.565847 0.000000 -0.291265 4.574254 0.390932 -0.105601 4.171835 0.532022 -0.000000 4.116542 0.000000'/>
				</IndexedFaceSet>
			</Shape>
			<Shape DEF='_IDX_829'>
				<Appearance USE='Material_11_IDX_11'/>
				<IndexedFaceSet solid="false" coordIndex='0 1 2 3 -1'>
					<Coordinate point='-0.000000 4.996156 0.000000 -0.424178 4.976172 0.256812 -0.291265 4.574254 0.390932 -0.000000 4.565847 0.000000'/>
				</IndexedFaceSet>
			</Shape>
			<Shape DEF='_IDX_830'>
				<Appearance USE='Material_12_IDX_12'/>
				<IndexedFaceSet solid="false" coordIndex='0 1 2 3 -1'>
					<Coordinate point='-0.000000 5.455700 0.000000 -0.531658 5.415804 0.127272 -0.424178 4.976172 0.256812 -0.000000 4.996156 0.000000'/>
				</IndexedFaceSet>
			</Shape>
			<Shape DEF='_IDX_831'>
				<Appearance USE='Material_13_IDX_13'/>
				<IndexedFaceSet solid="false" coordIndex='0 1 2 3 -1'>
					<Coordinate point='-0.000000 5.977540 0.000000 -0.629839 5.921649 0.000000 -0.531658 5.415804 0.127272 -0.000000 5.455700 0.000000'/>
				</IndexedFaceSet>
			</Shape>
			<Shape DEF='_IDX_832'>
				<Appearance USE='Material_14_IDX_14'/>
				<IndexedFaceSet solid="false" coordIndex='0 1 2 3 -1'>
					<Coordinate point='9.173079 2.673965 1.784184 8.276211 5.148722 3.528512 10.631310 6.041429 4.004725 11.740790 3.124040 2.024981'/>
				</IndexedFaceSet>
			</Shape>
			<Shape DEF='_IDX_833'>
				<Appearance USE='Material_15_IDX_15'/>
				<IndexedFaceSet solid="false" coordIndex='0 1 2 3 -1'>
					<Coordinate point='6.949204 2.341528 1.566274 6.255954 4.464893 3.097559 8.276211 5.148722 3.528512 9.173079 2.673965 1.784184'/>
				</IndexedFaceSet>
			</Shape>
			<Shape DEF='_IDX_834'>
				<Appearance USE='Material_16_IDX_16'/>
				<IndexedFaceSet solid="false" coordIndex='0 1 2 3 -1'>
					<Coordinate point='4.997092 2.142523 1.368455 4.521852 3.985698 2.706340 6.255954 4.464893 3.097559 6.949204 2.341528 1.566274'/>
				</IndexedFaceSet>
			</Shape>
			<Shape DEF='_IDX_835'>
				<Appearance USE='Material_17_IDX_17'/>
				<IndexedFaceSet solid="false" coordIndex='0 1 2 3 -1'>
					<Coordinate point='3.261897 2.137143 1.188190 3.049722 3.717878 2.349836 4.521852 3.985698 2.706340 4.997092 2.142523 1.368455'/>
				</IndexedFaceSet>
			</Shape>
			<Shape DEF='_IDX_836'>
				<Appearance USE='Material_18_IDX_18'/>
				<IndexedFaceSet solid="false" coordIndex='0 1 2 3 -1'>
					<Coordinate point='1.796680 2.453188 1.023165 1.849463 3.659742 2.023474 3.049722 3.717878 2.349836 3.261897 2.137143 1.188190'/>
				</IndexedFaceSet>
			</Shape>
			<Shape DEF='_IDX_837'>
				<Appearance USE='Material_19_IDX_19'/>
				<IndexedFaceSet solid="false" coordIndex='0 1 2 3 -1'>
					<Coordinate point='1.796680 2.453188 1.023165 1.849463 3.659742 2.023474 1.849463 3.659742 2.023474 1.796680 2.453188 1.023165'/>
				</IndexedFaceSet>
			</Shape>
			<Shape DEF='_IDX_838'>
				<Appearance USE='Material_20_IDX_20'/>
				<IndexedFaceSet solid="false" coordIndex='0 1 2 3 -1'>
					<Coordinate point='0.717430 3.127908 0.845346 0.808650 3.793780 1.671807 1.849463 3.659742 2.023474 1.796680 2.453188 1.023165'/>
				</IndexedFaceSet>
			</Shape>
			<Shape DEF='_IDX_839'>
				<Appearance USE='Material_21_IDX_21'/>
				<IndexedFaceSet solid="false" coordIndex='0 1 2 3 -1'>
					<Coordinate point='0.187118 3.713712 0.682599 0.120280 4.027037 1.349949 0.808650 3.793780 1.671807 0.717430 3.127908 0.845346'/>
				</IndexedFaceSet>
			</Shape>
			<Shape DEF='_IDX_840'>
				<Appearance USE='Material_22_IDX_22'/>
				<IndexedFaceSet solid="false" coordIndex='0 1 2 3 -1'>
					<Coordinate point='-0.105601 4.171835 0.532022 -0.331441 4.291133 1.052160 0.120280 4.027037 1.349949 0.187118 3.713712 0.682599'/>
				</IndexedFaceSet>
			</Shape>
			<Shape DEF='_IDX_841'>
				<Appearance USE='Material_23_IDX_23'/>
				<IndexedFaceSet solid="false" coordIndex='0 1 2 3 -1'>
					<Coordinate point='-0.291265 4.574254 0.390932 -0.643494 4.579322 0.773132 -0.331441 4.291133 1.052160 -0.105601 4.171835 0.532022'/>
				</IndexedFaceSet>
			</Shape>
			<Shape DEF='_IDX_842'>
				<Appearance USE='Material_24_IDX_24'/>
				<IndexedFaceSet solid="false" coordIndex='0 1 2 3 -1'>
					<Coordinate point='-0.424178 4.976172 0.256812 -0.877997 4.906600 0.507888 -0.643494 4.579322 0.773132 -0.291265 4.574254 0.390932'/>
				</IndexedFaceSet>
			</Shape>
			<Shape DEF='_IDX_843'>
				<Appearance USE='Material_25_IDX_25'/>
				<IndexedFaceSet solid="false" coordIndex='0 1 2 3 -1'>
					<Coordinate point='-0.531658 5.415804 0.127272 -1.073887 5.291609 0.251700 -0.877997 4.906600 0.507888 -0.424178 4.976172 0.256812'/>
				</IndexedFaceSet>
			</Shape>
			<Shape DEF='_IDX_844'>
				<Appearance USE='Material_26_IDX_26'/>
				<IndexedFaceSet solid="false" coordIndex='0 1 2 3 -1'>
					<Coordinate point='-0.629839 5.921649 0.000000 -1.257076 5.752384 0.000000 -1.073887 5.291609 0.251700 -0.531658 5.415804 0.127272'/>
				</IndexedFaceSet>
			</Shape>
			<Shape DEF='_IDX_845'>
				<Appearance USE='Material_27_IDX_27'/>
				<IndexedFaceSet solid="false" coordIndex='0 1 2 3 -1'>
					<Coordinate point='8.276211 5.148722 3.528512 6.800459 7.263868 5.194018 8.829163 8.568593 5.895011 10.631310 6.041429 4.004725'/>
				</IndexedFaceSet>
			</Shape>
			<Shape DEF='_IDX_846'>
				<Appearance USE='Material_28_IDX_28'/>
				<IndexedFaceSet solid="false" coordIndex='0 1 2 3 -1'>
					<Coordinate point='6.255954 4.464893 3.097559 5.072058 6.236422 4.559650 6.800459 7.263868 5.194018 8.276211 5.148722 3.528512'/>
				</IndexedFaceSet>
			</Shape>
			<Shape DEF='_IDX_847'>
				<Appearance USE='Material_29_IDX_29'/>
				<IndexedFaceSet solid="false" coordIndex='0 1 2 3 -1'>
					<Coordinate point='4.521852 3.985698 2.706340 3.604828 5.459405 3.983770 5.072058 6.236422 4.559650 6.255954 4.464893 3.097559'/>
				</IndexedFaceSet>
			</Shape>
			<Shape DEF='_IDX_848'>
				<Appearance USE='Material_30_IDX_30'/>
				<IndexedFaceSet solid="false" coordIndex='0 1 2 3 -1'>
					<Coordinate point='3.049722 3.717878 2.349836 2.373533 4.909956 3.458992 3.604828 5.459405 3.983770 4.521852 3.985698 2.706340'/>
				</IndexedFaceSet>
			</Shape>
			<Shape DEF='_IDX_849'>
				<Appearance USE='Material_31_IDX_31'/>
				<IndexedFaceSet solid="false" coordIndex='0 1 2 3 -1'>
					<Coordinate point='1.849463 3.659742 2.023474 1.364019 4.561434 2.978582 2.373533 4.909956 3.458992 3.049722 3.717878 2.349836'/>
				</IndexedFaceSet>
			</Shape>
			<Shape DEF='_IDX_850'>
				<Appearance USE='Material_32_IDX_32'/>
				<IndexedFaceSet solid="false" coordIndex='0 1 2 3 -1'>
					<Coordinate point='1.849463 3.659742 2.023474 1.364019 4.561434 2.978582 1.364019 4.561434 2.978582 1.849463 3.659742 2.023474'/>
				</IndexedFaceSet>
			</Shape>
			<Shape DEF='_IDX_851'>
				<Appearance USE='Material_33_IDX_33'/>
				<IndexedFaceSet solid="false" coordIndex='0 1 2 3 -1'>
					<Coordinate point='0.808650 3.793780 1.671807 0.440371 4.358478 2.460924 1.364019 4.561434 2.978582 1.849463 3.659742 2.023474'/>
				</IndexedFaceSet>
			</Shape>
			<Shape DEF='_IDX_852'>
				<Appearance USE='Material_34_IDX_34'/>
				<IndexedFaceSet solid="false" coordIndex='0 1 2 3 -1'>
					<Coordinate point='0.120280 4.027037 1.349949 -0.235211 4.316402 1.987143 0.440371 4.358478 2.460924 0.808650 3.793780 1.671807'/>
				</IndexedFaceSet>
			</Shape>
			<Shape DEF='_IDX_853'>
				<Appearance USE='Material_35_IDX_35'/>
				<IndexedFaceSet solid="false" coordIndex='0 1 2 3 -1'>
					<Coordinate point='-0.331441 4.291133 1.052160 -0.724005 4.383971 1.548794 -0.235211 4.316402 1.987143 0.120280 4.027037 1.349949'/>
				</IndexedFaceSet>
			</Shape>
			<Shape DEF='_IDX_854'>
				<Appearance USE='Material_36_IDX_36'/>
				<IndexedFaceSet solid="false" coordIndex='0 1 2 3 -1'>
					<Coordinate point='-0.643494 4.579322 0.773132 -1.087940 4.535630 1.138060 -0.724005 4.383971 1.548794 -0.331441 4.291133 1.052160'/>
				</IndexedFaceSet>
			</Shape>
			<Shape DEF='_IDX_855'>
				<Appearance USE='Material_37_IDX_37'/>
				<IndexedFaceSet solid="false" coordIndex='0 1 2 3 -1'>
					<Coordinate point='-0.877997 4.906600 0.507888 -1.377457 4.764188 0.747618 -1.087940 4.535630 1.138060 -0.643494 4.579322 0.773132'/>
				</IndexedFaceSet>
			</Shape>
			<Shape DEF='_IDX_856'>
				<Appearance USE='Material_38_IDX_38'/>
				<IndexedFaceSet solid="false" coordIndex='0 1 2 3 -1'>
					<Coordinate point='-1.073887 5.291609 0.251700 -1.630513 5.071999 0.370506 -1.377457 4.764188 0.747618 -0.877997 4.906600 0.507888'/>
				</IndexedFaceSet>
			</Shape>
			<Shape DEF='_IDX_857'>
				<Appearance USE='Material_39_IDX_39'/>
				<IndexedFaceSet solid="false" coordIndex='0 1 2 3 -1'>
					<Coordinate point='-1.257076 5.752384 0.000000 -1.875765 5.466074 0.000000 -1.630513 5.071999 0.370506 -1.073887 5.291609 0.251700'/>
				</IndexedFaceSet>
			</Shape>
			<Shape DEF='_IDX_858'>
				<Appearance USE='Material_40_IDX_40'/>
				<IndexedFaceSet solid="false" coordIndex='0 1 2 3 -1'>
					<Coordinate point='6.800459 7.263868 5.194018 4.805490 8.898298 6.743498 6.415915 10.554007 7.653612 8.829163 8.568593 5.895011'/>
				</IndexedFaceSet>
			</Shape>
			<Shape DEF='_IDX_859'>
				<Appearance USE='Material_41_IDX_41'/>
				<IndexedFaceSet solid="false" coordIndex='0 1 2 3 -1'>
					<Coordinate point='5.072058 6.236422 4.559650 3.437770 7.572488 5.919886 4.805490 8.898298 6.743498 6.800459 7.263868 5.194018'/>
				</IndexedFaceSet>
			</Shape>
			<Shape DEF='_IDX_860'>
				<Appearance USE='Material_42_IDX_42'/>
				<IndexedFaceSet solid="false" coordIndex='0 1 2 3 -1'>
					<Coordinate point='3.604828 5.459405 3.983770 2.280870 6.534163 5.172210 3.437770 7.572488 5.919886 5.072058 6.236422 4.559650'/>
				</IndexedFaceSet>
			</Shape>
			<Shape DEF='_IDX_861'>
				<Appearance USE='Material_43_IDX_43'/>
				<IndexedFaceSet solid="false" coordIndex='0 1 2 3 -1'>
					<Coordinate point='2.373533 4.909956 3.458992 1.310774 5.746087 4.490879 2.280870 6.534163 5.172210 3.604828 5.459405 3.983770'/>
				</IndexedFaceSet>
			</Shape>
			<Shape DEF='_IDX_862'>
				<Appearance USE='Material_44_IDX_44'/>
				<IndexedFaceSet solid="false" coordIndex='0 1 2 3 -1'>
					<Coordinate point='1.364019 4.561434 2.978582 0.508650 5.172984 3.867154 1.310774 5.746087 4.490879 2.373533 4.909956 3.458992'/>
				</IndexedFaceSet>
			</Shape>
			<Shape DEF='_IDX_863'>
				<Appearance USE='Material_45_IDX_45'/>
				<IndexedFaceSet solid="false" coordIndex='0 1 2 3 -1'>
					<Coordinate point='1.364019 4.561434 2.978582 0.508650 5.172984 3.867154 0.508650 5.172984 3.867154 1.364019 4.561434 2.978582'/>
				</IndexedFaceSet>
			</Shape>
			<Shape DEF='_IDX_864'>
				<Appearance USE='Material_46_IDX_46'/>
				<IndexedFaceSet solid="false" coordIndex='0 1 2 3 -1'>
					<Coordinate point='0.440371 4.358478 2.460924 -0.245467 4.725911 3.195067 0.508650 5.172984 3.867154 1.364019 4.561434 2.978582'/>
				</IndexedFaceSet>
			</Shape>
			<Shape DEF='_IDX_865'>
				<Appearance USE='Material_47_IDX_47'/>
				<IndexedFaceSet solid="false" coordIndex='0 1 2 3 -1'>
					<Coordinate point='-0.235211 4.316402 1.987143 -0.825034 4.474789 2.579948 -0.245467 4.725911 3.195067 0.440371 4.358478 2.460924'/>
				</IndexedFaceSet>
			</Shape>
			<Shape DEF='_IDX_866'>
				<Appearance USE='Material_48_IDX_48'/>
				<IndexedFaceSet solid="false" coordIndex='0 1 2 3 -1'>
					<Coordinate point='-0.724005 4.383971 1.548794 -1.270300 4.375370 2.010831 -0.825034 4.474789 2.579948 -0.235211 4.316402 1.987143'/>
				</IndexedFaceSet>
			</Shape>
			<Shape DEF='_IDX_867'>
				<Appearance USE='Material_49_IDX_49'/>
				<IndexedFaceSet solid="false" coordIndex='0 1 2 3 -1'>
					<Coordinate point='-1.087940 4.535630 1.138060 -1.622855 4.397334 1.477567 -1.270300 4.375370 2.010831 -0.724005 4.383971 1.548794'/>
				</IndexedFaceSet>
			</Shape>
			<Shape DEF='_IDX_868'>
				<Appearance USE='Material_50_IDX_50'/>
				<IndexedFaceSet solid="false" coordIndex='0 1 2 3 -1'>
					<Coordinate point='-1.377457 4.764188 0.747618 -1.920562 4.523130 0.970648 -1.622855 4.397334 1.477567 -1.087940 4.535630 1.138060'/>
				</IndexedFaceSet>
			</Shape>
			<Shape DEF='_IDX_869'>
				<Appearance USE='Material_51_IDX_51'/>
				<IndexedFaceSet solid="false" coordIndex='0 1 2 3 -1'>
					<Coordinate point='-1.630513 5.071999 0.370506 -2.195589 4.744537 0.481036 -1.920562 4.523130 0.970648 -1.377457 4.764188 0.747618'/>
				</IndexedFaceSet>
			</Shape>
			<Shape DEF='_IDX_870'>
				<Appearance USE='Material_52_IDX_52'/>
				<IndexedFaceSet solid="false" coordIndex='0 1 2 3 -1'>
					<Coordinate point='-1.875765 5.466074 0.000000 -2.474922 5.059610 0.000000 -2.195589 4.744537 0.481036 -1.630513 5.071999 0.370506'/>
				</IndexedFaceSet>
			</Shape>
			<Shape DEF='_IDX_871'>
				<Appearance USE='Material_53_IDX_53'/>
				<IndexedFaceSet solid="false" coordIndex='0 1 2 3 -1'>
					<Coordinate point='4.805490 8.898298 6.743498 2.390326 9.959919 8.142341 3.511013 11.878979 9.241243 6.415915 10.554007 7.653612'/>
				</IndexedFaceSet>
			</Shape>
			<Shape DEF='_IDX_872'>
				<Appearance USE='Material_54_IDX_54'/>
				<IndexedFaceSet solid="false" coordIndex='0 1 2 3 -1'>
					<Coordinate point='3.437770 7.572488 5.919886 1.438524 8.408536 7.147881 2.390326 9.959919 8.142341 4.805490 8.898298 6.743498'/>
				</IndexedFaceSet>
			</Shape>
			<Shape DEF='_IDX_873'>
				<Appearance USE='Material_55_IDX_55'/>
				<IndexedFaceSet solid="false" coordIndex='0 1 2 3 -1'>
					<Coordinate point='2.280870 6.534163 5.172210 0.632863 7.172507 6.245110 1.438524 8.408536 7.147881 3.437770 7.572488 5.919886'/>
				</IndexedFaceSet>
			</Shape>
			<Shape DEF='_IDX_874'>
				<Appearance USE='Material_56_IDX_56'/>
				<IndexedFaceSet solid="false" coordIndex='0 1 2 3 -1'>
					<Coordinate point='1.310774 5.746087 4.490879 -0.044946 6.206581 5.422447 0.632863 7.172507 6.245110 2.280870 6.534163 5.172210'/>
				</IndexedFaceSet>
			</Shape>
			<Shape DEF='_IDX_875'>
				<Appearance USE='Material_57_IDX_57'/>
				<IndexedFaceSet solid="false" coordIndex='0 1 2 3 -1'>
					<Coordinate point='0.508650 5.172984 3.867154 -0.610395 5.470632 4.669339 -0.044946 6.206581 5.422447 1.310774 5.746087 4.490879'/>
				</IndexedFaceSet>
			</Shape>
			<Shape DEF='_IDX_876'>
				<Appearance USE='Material_58_IDX_58'/>
				<IndexedFaceSet solid="false" coordIndex='0 1 2 3 -1'>
					<Coordinate point='0.508650 5.172984 3.867154 -0.610395 5.470632 4.669339 -0.610395 5.470632 4.669339 0.508650 5.172984 3.867154'/>
				</IndexedFaceSet>
			</Shape>
			<Shape DEF='_IDX_877'>
				<Appearance USE='Material_59_IDX_59'/>
				<IndexedFaceSet solid="false" coordIndex='0 1 2 3 -1'>
					<Coordinate point='-0.245467 4.725911 3.195067 -1.152514 4.849546 3.857838 -0.610395 5.470632 4.669339 0.508650 5.172984 3.867154'/>
				</IndexedFaceSet>
			</Shape>
			<Shape DEF='_IDX_878'>
				<Appearance USE='Material_60_IDX_60'/>
				<IndexedFaceSet solid="false" coordIndex='0 1 2 3 -1'>
					<Coordinate point='-0.825034 4.474789 2.579948 -1.583959 4.446033 3.115122 -1.152514 4.849546 3.857838 -0.245467 4.725911 3.195067'/>
				</IndexedFaceSet>
			</Shape>
			<Shape DEF='_IDX_879'>
				<Appearance USE='Material_61_IDX_61'/>
				<IndexedFaceSet solid="false" coordIndex='0 1 2 3 -1'>
					<Coordinate point='-1.270300 4.375370 2.010831 -1.932092 4.217286 2.427949 -1.583959 4.446033 3.115122 -0.825034 4.474789 2.579948'/>
				</IndexedFaceSet>
			</Shape>
			<Shape DEF='_IDX_880'>
				<Appearance USE='Material_62_IDX_62'/>
				<IndexedFaceSet solid="false" coordIndex='0 1 2 3 -1'>
					<Coordinate point='-1.622855 4.397334 1.477567 -2.225266 4.130687 1.784067 -1.932092 4.217286 2.427949 -1.270300 4.375370 2.010831'/>
				</IndexedFaceSet>
			</Shape>
			<Shape DEF='_IDX_881'>
				<Appearance USE='Material_63_IDX_63'/>
				<IndexedFaceSet solid="false" coordIndex='0 1 2 3 -1'>
					<Coordinate point='-1.920562 4.523130 0.970648 -2.490913 4.163314 1.171995 -2.225266 4.130687 1.784067 -1.622855 4.397334 1.477567'/>
				</IndexedFaceSet>
			</Shape>
			<Shape DEF='_IDX_882'>
				<Appearance USE='Material_64_IDX_64'/>
				<IndexedFaceSet solid="false" coordIndex='0 1 2 3 -1'>
					<Coordinate point='-2.195589 4.744537 0.481036 -2.754388 4.300327 0.580820 -2.490913 4.163314 1.171995 -1.920562 4.523130 0.970648'/>
				</IndexedFaceSet>
			</Shape>
			<Shape DEF='_IDX_883'>
				<Appearance USE='Material_65_IDX_65'/>
				<IndexedFaceSet solid="false" coordIndex='0 1 2 3 -1'>
					<Coordinate point='-2.474922 5.059610 0.000000 -3.038882 4.533146 0.000000 -2.754388 4.300327 0.580820 -2.195589 4.744537 0.481036'/>
				</IndexedFaceSet>
			</Shape>
			<Shape DEF='_IDX_884'>
				<Appearance USE='Material_66_IDX_66'/>
				<IndexedFaceSet solid="false" coordIndex='0 1 2 3 -1'>
					<Coordinate point='2.390326 9.959919 8.142341 -0.317514 10.383124 9.359296 0.264138 12.458672 10.622441 3.511013 11.878979 9.241243'/>
				</IndexedFaceSet>
			</Shape>
			<Shape DEF='_IDX_885'>
				<Appearance USE='Material_67_IDX_67'/>
				<IndexedFaceSet solid="false" coordIndex='0 1 2 3 -1'>
					<Coordinate point='1.438524 8.408536 7.147881 -0.814154 8.696593 8.216205 -0.317514 10.383124 9.359296 2.390326 9.959919 8.142341'/>
				</IndexedFaceSet>
			</Shape>
			<Shape DEF='_IDX_886'>
				<Appearance USE='Material_68_IDX_68'/>
				<IndexedFaceSet solid="false" coordIndex='0 1 2 3 -1'>
					<Coordinate point='0.632863 7.172507 6.245110 -1.237305 7.341072 7.178505 -0.814154 8.696593 8.216205 1.438524 8.408536 7.147881'/>
				</IndexedFaceSet>
			</Shape>
			<Shape DEF='_IDX_887'>
				<Appearance USE='Material_69_IDX_69'/>
				<IndexedFaceSet solid="false" coordIndex='0 1 2 3 -1'>
					<Coordinate point='-0.044946 6.206581 5.422447 -1.596575 6.266915 6.232887 -1.237305 7.341072 7.178505 0.632863 7.172507 6.245110'/>
				</IndexedFaceSet>
			</Shape>
			<Shape DEF='_IDX_888'>
				<Appearance USE='Material_70_IDX_70'/>
				<IndexedFaceSet solid="false" coordIndex='0 1 2 3 -1'>
					<Coordinate point='-0.610395 5.470632 4.669339 -1.900540 5.431208 5.367219 -1.596575 6.266915 6.232887 -0.044946 6.206581 5.422447'/>
				</IndexedFaceSet>
			</Shape>
			<Shape DEF='_IDX_889'>
				<Appearance USE='Material_71_IDX_71'/>
				<IndexedFaceSet solid="false" coordIndex='0 1 2 3 -1'>
					<Coordinate point='-0.610395 5.470632 4.669339 -1.900540 5.431208 5.367219 -1.900540 5.431208 5.367219 -0.610395 5.470632 4.669339'/>
				</IndexedFaceSet>
			</Shape>
			<Shape DEF='_IDX_890'>
				<Appearance USE='Material_72_IDX_72'/>
				<IndexedFaceSet solid="false" coordIndex='0 1 2 3 -1'>
					<Coordinate point='-1.152514 4.849546 3.857838 -2.199323 4.701872 4.434431 -1.900540 5.431208 5.367219 -0.610395 5.470632 4.669339'/>
				</IndexedFaceSet>
			</Shape>
			<Shape DEF='_IDX_891'>
				<Appearance USE='Material_73_IDX_73'/>
				<IndexedFaceSet solid="false" coordIndex='0 1 2 3 -1'>
					<Coordinate point='-1.583959 4.446033 3.115122 -2.447869 4.200078 3.580708 -2.199323 4.701872 4.434431 -1.152514 4.849546 3.857838'/>
				</IndexedFaceSet>
			</Shape>
			<Shape DEF='_IDX_892'>
				<Appearance USE='Material_74_IDX_74'/>
				<IndexedFaceSet solid="false" coordIndex='0 1 2 3 -1'>
					<Coordinate point='-1.932092 4.217286 2.427949 -2.662711 3.882857 2.790831 -2.447869 4.200078 3.580708 -1.583959 4.446033 3.115122'/>
				</IndexedFaceSet>
			</Shape>
			<Shape DEF='_IDX_893'>
				<Appearance USE='Material_75_IDX_75'/>
				<IndexedFaceSet solid="false" coordIndex='0 1 2 3 -1'>
					<Coordinate point='-2.225266 4.130687 1.784067 -2.861738 3.716085 2.050714 -2.662711 3.882857 2.790831 -1.932092 4.217286 2.427949'/>
				</IndexedFaceSet>
			</Shape>
			<Shape DEF='_IDX_894'>
				<Appearance USE='Material_76_IDX_76'/>
				<IndexedFaceSet solid="false" coordIndex='0 1 2 3 -1'>
					<Coordinate point='-2.490913 4.163314 1.171995 -3.063454 3.673743 1.347161 -2.861738 3.716085 2.050714 -2.225266 4.130687 1.784067'/>
				</IndexedFaceSet>
			</Shape>
			<Shape DEF='_IDX_895'>
				<Appearance USE='Material_77_IDX_77'/>
				<IndexedFaceSet solid="false" coordIndex='0 1 2 3 -1'>
					<Coordinate point='-2.754388 4.300327 0.580820 -3.286400 3.736795 0.667629 -3.063454 3.673743 1.347161 -2.490913 4.163314 1.171995'/>
				</IndexedFaceSet>
			</Shape>
			<Shape DEF='_IDX_896'>
				<Appearance USE='Material_78_IDX_78'/>
				<IndexedFaceSet solid="false" coordIndex='0 1 2 3 -1'>
					<Coordinate point='-3.038882 4.533146 0.000000 -3.549030 3.891902 0.000000 -3.286400 3.736795 0.667629 -2.754388 4.300327 0.580820'/>
				</IndexedFaceSet>
			</Shape>
			<Shape DEF='_IDX_897'>
				<Appearance USE='Material_79_IDX_79'/>
				<IndexedFaceSet solid="false" coordIndex='0 1 2 3 -1'>
					<Coordinate point='-0.317514 10.383124 9.359296 -3.172756 10.131017 10.367180 -3.154688 12.244520 11.766352 0.264138 12.458672 10.622441'/>
				</IndexedFaceSet>
			</Shape>
			<Shape DEF='_IDX_898'>
				<Appearance USE='Material_80_IDX_80'/>
				<IndexedFaceSet solid="false" coordIndex='0 1 2 3 -1'>
					<Coordinate point='-0.814154 8.696593 8.216205 -3.194407 8.409824 9.100992 -3.172756 10.131017 10.367180 -0.317514 10.383124 9.359296'/>
				</IndexedFaceSet>
			</Shape>
			<Shape DEF='_IDX_899'>
				<Appearance USE='Material_81_IDX_81'/>
				<IndexedFaceSet solid="false" coordIndex='0 1 2 3 -1'>
					<Coordinate point='-1.237305 7.341072 7.178505 -3.218629 7.020861 7.951545 -3.194407 8.409824 9.100992 -0.814154 8.696593 8.216205'/>
				</IndexedFaceSet>
			</Shape>
			<Shape DEF='_IDX_900'>
				<Appearance USE='Material_82_IDX_82'/>
				<IndexedFaceSet solid="false" coordIndex='0 1 2 3 -1'>
					<Coordinate point='-1.596575 6.266915 6.232887 -3.244761 5.912979 6.904094 -3.218629 7.020861 7.951545 -1.237305 7.341072 7.178505'/>
				</IndexedFaceSet>
			</Shape>
			<Shape DEF='_IDX_901'>
				<Appearance USE='Material_83_IDX_83'/>
				<IndexedFaceSet solid="false" coordIndex='0 1 2 3 -1'>
					<Coordinate point='-1.900540 5.431208 5.367219 -3.272805 5.042436 5.945205 -3.244761 5.912979 6.904094 -1.596575 6.266915 6.232887'/>
				</IndexedFaceSet>
			</Shape>
			<Shape DEF='_IDX_902'>
				<Appearance USE='Material_84_IDX_84'/>
				<IndexedFaceSet solid="false" coordIndex='0 1 2 3 -1'>
					<Coordinate point='-1.900540 5.431208 5.367219 -3.272805 5.042436 5.945205 -3.272805 5.042436 5.945205 -1.900540 5.431208 5.367219'/>
				</IndexedFaceSet>
			</Shape>
			<Shape DEF='_IDX_903'>
				<Appearance USE='Material_85_IDX_85'/>
				<IndexedFaceSet solid="false" coordIndex='0 1 2 3 -1'>
					<Coordinate point='-2.199323 4.701872 4.434431 -3.309722 4.270342 4.911966 -3.272805 5.042436 5.945205 -1.900540 5.431208 5.367219'/>
				</IndexedFaceSet>
			</Shape>
			<Shape DEF='_IDX_904'>
				<Appearance USE='Material_86_IDX_86'/>
				<IndexedFaceSet solid="false" coordIndex='0 1 2 3 -1'>
					<Coordinate point='-2.447869 4.200078 3.580708 -3.354485 3.724214 3.966308 -3.309722 4.270342 4.911966 -2.199323 4.701872 4.434431'/>
				</IndexedFaceSet>
			</Shape>
			<Shape DEF='_IDX_905'>
				<Appearance USE='Material_87_IDX_87'/>
				<IndexedFaceSet solid="false" coordIndex='0 1 2 3 -1'>
					<Coordinate point='-2.662711 3.882857 2.790831 -3.413346 3.361245 3.091370 -3.354485 3.724214 3.966308 -2.447869 4.200078 3.580708'/>
				</IndexedFaceSet>
			</Shape>
			<Shape DEF='_IDX_906'>
				<Appearance USE='Material_88_IDX_88'/>
				<IndexedFaceSet solid="false" coordIndex='0 1 2 3 -1'>
					<Coordinate point='-2.861738 3.716085 2.050714 -3.494817 3.146722 2.271551 -3.413346 3.361245 3.091370 -2.662711 3.882857 2.790831'/>
				</IndexedFaceSet>
			</Shape>
			<Shape DEF='_IDX_907'>
				<Appearance USE='Material_89_IDX_89'/>
				<IndexedFaceSet solid="false" coordIndex='0 1 2 3 -1'>
					<Coordinate point='-3.063454 3.673743 1.347161 -3.609267 3.053031 1.492234 -3.494817 3.146722 2.271551 -2.861738 3.716085 2.050714'/>
				</IndexedFaceSet>
			</Shape>
			<Shape DEF='_IDX_908'>
				<Appearance USE='Material_90_IDX_90'/>
				<IndexedFaceSet solid="false" coordIndex='0 1 2 3 -1'>
					<Coordinate point='-3.286400 3.736795 0.667629 -3.768571 3.058607 0.739525 -3.609267 3.053031 1.492234 -3.063454 3.673743 1.347161'/>
				</IndexedFaceSet>
			</Shape>
			<Shape DEF='_IDX_909'>
				<Appearance USE='Material_91_IDX_91'/>
				<IndexedFaceSet solid="false" coordIndex='0 1 2 3 -1'>
					<Coordinate point='-3.549030 3.891902 0.000000 -3.985994 3.146845 0.000001 -3.768571 3.058607 0.739525 -3.286400 3.736795 0.667629'/>
				</IndexedFaceSet>
			</Shape>
			<Shape DEF='_IDX_910'>
				<Appearance USE='Material_92_IDX_92'/>
				<IndexedFaceSet solid="false" coordIndex='0 1 2 3 -1'>
					<Coordinate point='-3.172756 10.131017 10.367180 -6.021775 9.198010 11.143478 -6.565270 11.226500 12.647421 -3.154688 12.244520 11.766352'/>
				</IndexedFaceSet>
			</Shape>
			<Shape DEF='_IDX_911'>
				<Appearance USE='Material_93_IDX_93'/>
				<IndexedFaceSet solid="false" coordIndex='0 1 2 3 -1'>
					<Coordinate point='-3.194407 8.409824 9.100992 -5.570308 7.546337 9.782477 -6.021775 9.198010 11.143478 -3.172756 10.131017 10.367180'/>
				</IndexedFaceSet>
			</Shape>
			<Shape DEF='_IDX_912'>
				<Appearance USE='Material_94_IDX_94'/>
				<IndexedFaceSet solid="false" coordIndex='0 1 2 3 -1'>
					<Coordinate point='-3.218629 7.020861 7.951545 -5.196882 6.212645 8.546960 -5.570308 7.546337 9.782477 -3.194407 8.409824 9.100992'/>
				</IndexedFaceSet>
			</Shape>
			<Shape DEF='_IDX_913'>
				<Appearance USE='Material_95_IDX_95'/>
				<IndexedFaceSet solid="false" coordIndex='0 1 2 3 -1'>
					<Coordinate point='-3.244761 5.912979 6.904094 -4.890001 5.146977 7.421076 -5.196882 6.212645 8.546960 -3.218629 7.020861 7.951545'/>
				</IndexedFaceSet>
			</Shape>
			<Shape DEF='_IDX_914'>
				<Appearance USE='Material_96_IDX_96'/>
				<IndexedFaceSet solid="false" coordIndex='0 1 2 3 -1'>
					<Coordinate point='-3.272805 5.042436 5.945205 -4.640514 4.306792 6.390384 -4.890001 5.146977 7.421076 -3.244761 5.912979 6.904094'/>
				</IndexedFaceSet>
			</Shape>
			<Shape DEF='_IDX_915'>
				<Appearance USE='Material_97_IDX_97'/>
				<IndexedFaceSet solid="false" coordIndex='0 1 2 3 -1'>
					<Coordinate point='-3.272805 5.042436 5.945205 -4.640514 4.306792 6.390384 -4.640514 4.306792 6.390384 -3.272805 5.042436 5.945205'/>
				</IndexedFaceSet>
			</Shape>
			<Shape DEF='_IDX_916'>
				<Appearance USE='Material_98_IDX_98'/>
				<IndexedFaceSet solid="false" coordIndex='0 1 2 3 -1'>
					<Coordinate point='-3.309722 4.270342 4.911966 -4.410861 3.556906 5.279776 -4.640514 4.306792 6.390384 -3.272805 5.042436 5.945205'/>
				</IndexedFaceSet>
			</Shape>
			<Shape DEF='_IDX_917'>
				<Appearance USE='Material_99_IDX_99'/>
				<IndexedFaceSet solid="false" coordIndex='0 1 2 3 -1'>
					<Coordinate point='-3.354485 3.724214 3.966308 -4.243923 3.020025 4.263307 -4.410861 3.556906 5.279776 -3.309722 4.270342 4.911966'/>
				</IndexedFaceSet>
			</Shape>
			<Shape DEF='_IDX_918'>
				<Appearance USE='Material_100_IDX_100'/>
				<IndexedFaceSet solid="false" coordIndex='0 1 2 3 -1'>
					<Coordinate point='-3.413346 3.361245 3.091370 -4.135994 2.654714 3.322853 -4.243923 3.020025 4.263307 -3.354485 3.724214 3.966308'/>
				</IndexedFaceSet>
			</Shape>
			<Shape DEF='_IDX_919'>
				<Appearance USE='Material_101_IDX_101'/>
				<IndexedFaceSet solid="false" coordIndex='0 1 2 3 -1'>
					<Coordinate point='-3.494817 3.146722 2.271551 -4.086787 2.426896 2.441646 -4.135994 2.654714 3.322853 -3.413346 3.361245 3.091370'/>
				</IndexedFaceSet>
			</Shape>
			<Shape DEF='_IDX_920'>
				<Appearance USE='Material_102_IDX_102'/>
				<IndexedFaceSet solid="false" coordIndex='0 1 2 3 -1'>
					<Coordinate point='-3.609267 3.053031 1.492234 -4.099013 2.308708 1.603974 -4.086787 2.426896 2.441646 -3.494817 3.146722 2.271551'/>
				</IndexedFaceSet>
			</Shape>
			<Shape DEF='_IDX_921'>
				<Appearance USE='Material_103_IDX_103'/>
				<IndexedFaceSet solid="false" coordIndex='0 1 2 3 -1'>
					<Coordinate point='-3.768571 3.058607 0.739525 -4.178042 2.277436 0.794900 -4.099013 2.308708 1.603974 -3.609267 3.053031 1.492234'/>
				</IndexedFaceSet>
			</Shape>
			<Shape DEF='_IDX_922'>
				<Appearance USE='Material_104_IDX_104'/>
				<IndexedFaceSet solid="false" coordIndex='0 1 2 3 -1'>
					<Coordinate point='-3.985994 3.146845 0.000001 -4.331727 2.314499 0.000001 -4.178042 2.277436 0.794900 -3.768571 3.058607 0.739525'/>
				</IndexedFaceSet>
			</Shape>
			<Shape DEF='_IDX_923'>
				<Appearance USE='Material_105_IDX_105'/>
				<IndexedFaceSet solid="false" coordIndex='0 1 2 3 -1'>
					<Coordinate point='-6.021775 9.198010 11.143478 -8.711140 7.611101 11.670851 -9.787146 9.434038 13.245968 -6.565270 11.226500 12.647421'/>
				</IndexedFaceSet>
			</Shape>
			<Shape DEF='_IDX_924'>
				<Appearance USE='Material_106_IDX_106'/>
				<IndexedFaceSet solid="false" coordIndex='0 1 2 3 -1'>
					<Coordinate point='-5.570308 7.546337 9.782477 -7.810894 6.130995 10.245440 -8.711140 7.611101 11.670851 -6.021775 9.198010 11.143478'/>
				</IndexedFaceSet>
			</Shape>
			<Shape DEF='_IDX_925'>
				<Appearance USE='Material_107_IDX_107'/>
				<IndexedFaceSet solid="false" coordIndex='0 1 2 3 -1'>
					<Coordinate point='-5.196882 6.212645 8.546960 -7.059841 4.939242 8.951449 -7.810894 6.130995 10.245440 -5.570308 7.546337 9.782477'/>
				</IndexedFaceSet>
			</Shape>
			<Shape DEF='_IDX_926'>
				<Appearance USE='Material_108_IDX_108'/>
				<IndexedFaceSet solid="false" coordIndex='0 1 2 3 -1'>
					<Coordinate point='-4.890001 5.146977 7.421076 -6.435893 3.989625 7.772283 -7.059841 4.939242 8.951449 -5.196882 6.212645 8.546960'/>
				</IndexedFaceSet>
			</Shape>
			<Shape DEF='_IDX_927'>
				<Appearance USE='Material_109_IDX_109'/>
				<IndexedFaceSet solid="false" coordIndex='0 1 2 3 -1'>
					<Coordinate point='-4.640514 4.306792 6.390384 -5.920909 3.242840 6.692813 -6.435893 3.989625 7.772283 -4.890001 5.146977 7.421076'/>
				</IndexedFaceSet>
			</Shape>
			<Shape DEF='_IDX_928'>
				<Appearance USE='Material_110_IDX_110'/>
				<IndexedFaceSet solid="false" coordIndex='0 1 2 3 -1'>
					<Coordinate point='-4.640514 4.306792 6.390384 -5.920909 3.242840 6.692813 -5.920909 3.242840 6.692813 -4.640514 4.306792 6.390384'/>
				</IndexedFaceSet>
			</Shape>
			<Shape DEF='_IDX_929'>
				<Appearance USE='Material_111_IDX_111'/>
				<IndexedFaceSet solid="false" coordIndex='0 1 2 3 -1'>
					<Coordinate point='-4.410861 3.556906 5.279776 -5.434071 2.577749 5.529644 -5.920909 3.242840 6.692813 -4.640514 4.306792 6.390384'/>
				</IndexedFaceSet>
			</Shape>
			<Shape DEF='_IDX_930'>
				<Appearance USE='Material_112_IDX_112'/>
				<IndexedFaceSet solid="false" coordIndex='0 1 2 3 -1'>
					<Coordinate point='-4.243923 3.020025 4.263307 -5.059994 2.101895 4.465070 -5.434071 2.577749 5.529644 -4.410861 3.556906 5.279776'/>
				</IndexedFaceSet>
			</Shape>
			<Shape DEF='_IDX_931'>
				<Appearance USE='Material_113_IDX_113'/>
				<IndexedFaceSet solid="false" coordIndex='0 1 2 3 -1'>
					<Coordinate point='-4.135994 2.654714 3.322853 -4.785532 1.776815 3.480109 -5.059994 2.101895 4.465070 -4.243923 3.020025 4.263307'/>
				</IndexedFaceSet>
			</Shape>
			<Shape DEF='_IDX_932'>
				<Appearance USE='Material_114_IDX_114'/>
				<IndexedFaceSet solid="false" coordIndex='0 1 2 3 -1'>
					<Coordinate point='-4.086787 2.426896 2.441646 -4.602153 1.570477 2.557198 -4.785532 1.776815 3.480109 -4.135994 2.654714 3.322853'/>
				</IndexedFaceSet>
			</Shape>
			<Shape DEF='_IDX_933'>
				<Appearance USE='Material_115_IDX_115'/>
				<IndexedFaceSet solid="false" coordIndex='0 1 2 3 -1'>
					<Coordinate point='-4.099013 2.308708 1.603974 -4.505365 1.456103 1.679883 -4.602153 1.570477 2.557198 -4.086787 2.426896 2.441646'/>
				</IndexedFaceSet>
			</Shape>
			<Shape DEF='_IDX_934'>
				<Appearance USE='Material_116_IDX_116'/>
				<IndexedFaceSet solid="false" coordIndex='0 1 2 3 -1'>
					<Coordinate point='-4.178042 2.277436 0.794900 -4.494255 1.411114 0.832520 -4.505365 1.456103 1.679883 -4.099013 2.308708 1.603974'/>
				</IndexedFaceSet>
			</Shape>
			<Shape DEF='_IDX_935'>
				<Appearance USE='Material_117_IDX_117'/>
				<IndexedFaceSet solid="false" coordIndex='0 1 2 3 -1'>
					<Coordinate point='-4.331727 2.314499 0.000001 -4.571210 1.416150 0.000001 -4.494255 1.411114 0.832520 -4.178042 2.277436 0.794900'/>
				</IndexedFaceSet>
			</Shape>
			<Shape DEF='_IDX_936'>
				<Appearance USE='Material_118_IDX_118'/>
				<IndexedFaceSet solid="false" coordIndex='0 1 2 3 -1'>
					<Coordinate point='-8.711140 7.611101 11.670851 -11.095570 5.429336 11.937515 -12.649035 6.935067 13.548621 -9.787146 9.434038 13.245968'/>
				</IndexedFaceSet>
			</Shape>
			<Shape DEF='_IDX_937'>
				<Appearance USE='Material_119_IDX_119'/>
				<IndexedFaceSet solid="false" coordIndex='0 1 2 3 -1'>
					<Coordinate point='-7.810894 6.130995 10.245440 -9.792681 4.215303 10.479535 -11.095570 5.429336 11.937515 -8.711140 7.611101 11.670851'/>
				</IndexedFaceSet>
			</Shape>
			<Shape DEF='_IDX_938'>
				<Appearance USE='Material_120_IDX_120'/>
				<IndexedFaceSet solid="false" coordIndex='0 1 2 3 -1'>
					<Coordinate point='-7.059841 4.939242 8.951449 -8.702369 3.245672 9.155979 -9.792681 4.215303 10.479535 -7.810894 6.130995 10.245440'/>
				</IndexedFaceSet>
			</Shape>
			<Shape DEF='_IDX_939'>
				<Appearance USE='Material_121_IDX_121'/>
				<IndexedFaceSet solid="false" coordIndex='0 1 2 3 -1'>
					<Coordinate point='-6.435893 3.989625 7.772283 -7.792869 2.480312 7.949870 -8.702369 3.245672 9.155979 -7.059841 4.939242 8.951449'/>
				</IndexedFaceSet>
			</Shape>
			<Shape DEF='_IDX_940'>
				<Appearance USE='Material_122_IDX_122'/>
				<IndexedFaceSet solid="false" coordIndex='0 1 2 3 -1'>
					<Coordinate point='-5.920909 3.242840 6.692813 -7.037803 1.885083 6.845736 -7.792869 2.480312 7.949870 -6.435893 3.989625 7.772283'/>
				</IndexedFaceSet>
			</Shape>
			<Shape DEF='_IDX_941'>
				<Appearance USE='Material_123_IDX_123'/>
				<IndexedFaceSet solid="false" coordIndex='0 1 2 3 -1'>
					<Coordinate point='-5.920909 3.242840 6.692813 -7.037803 1.885083 6.845736 -7.037803 1.885083 6.845736 -5.920909 3.242840 6.692813'/>
				</IndexedFaceSet>
			</Shape>
			<Shape DEF='_IDX_942'>
				<Appearance USE='Material_124_IDX_124'/>
				<IndexedFaceSet solid="false" coordIndex='0 1 2 3 -1'>
					<Coordinate point='-5.434071 2.577749 5.529644 -6.316784 1.362546 5.655990 -7.037803 1.885083 6.845736 -5.920909 3.242840 6.692813'/>
				</IndexedFaceSet>
			</Shape>
			<Shape DEF='_IDX_943'>
				<Appearance USE='Material_125_IDX_125'/>
				<IndexedFaceSet solid="false" coordIndex='0 1 2 3 -1'>
					<Coordinate point='-5.059994 2.101895 4.465070 -5.751935 0.995747 4.567091 -6.316784 1.362546 5.655990 -5.434071 2.577749 5.529644'/>
				</IndexedFaceSet>
			</Shape>
			<Shape DEF='_IDX_944'>
				<Appearance USE='Material_126_IDX_126'/>
				<IndexedFaceSet solid="false" coordIndex='0 1 2 3 -1'>
					<Coordinate point='-4.785532 1.776815 3.480109 -5.321520 0.750890 3.559625 -5.751935 0.995747 4.567091 -5.059994 2.101895 4.465070'/>
				</IndexedFaceSet>
			</Shape>
			<Shape DEF='_IDX_945'>
				<Appearance USE='Material_127_IDX_127'/>
				<IndexedFaceSet solid="false" coordIndex='0 1 2 3 -1'>
					<Coordinate point='-4.602153 1.570477 2.557198 -5.009511 0.599444 2.615627 -5.321520 0.750890 3.559625 -4.785532 1.776815 3.480109'/>
				</IndexedFaceSet>
			</Shape>
			<Shape DEF='_IDX_946'>
				<Appearance USE='Material_128_IDX_128'/>
				<IndexedFaceSet solid="false" coordIndex='0 1 2 3 -1'>
					<Coordinate point='-4.505365 1.456103 1.679883 -4.804787 0.517036 1.718266 -5.009511 0.599444 2.615627 -4.602153 1.570477 2.557198'/>
				</IndexedFaceSet>
			</Shape>
			<Shape DEF='_IDX_947'>
				<Appearance USE='Material_129_IDX_129'/>
				<IndexedFaceSet solid="false" coordIndex='0 1 2 3 -1'>
					<Coordinate point='-4.494255 1.411114 0.832520 -4.700518 0.482451 0.851542 -4.804787 0.517036 1.718266 -4.505365 1.456103 1.679883'/>
				</IndexedFaceSet>
			</Shape>
			<Shape DEF='_IDX_948'>
				<Appearance USE='Material_130_IDX_130'/>
				<IndexedFaceSet solid="false" coordIndex='0 1 2 3 -1'>
					<Coordinate point='-4.571210 1.416150 0.000001 -4.693733 0.476701 0.000001 -4.700518 0.482451 0.851542 -4.494255 1.411114 0.832520'/>
				</IndexedFaceSet>
			</Shape>
			<Shape DEF='_IDX_949'>
				<Appearance USE='Material_131_IDX_131'/>
				<IndexedFaceSet solid="false" coordIndex='0 1 2 3 -1'>
					<Coordinate point='-11.095570 5.429336 11.937515 -13.045236 2.741504 11.937515 -14.997579 3.833111 13.548621 -12.649035 6.935067 13.548621'/>
				</IndexedFaceSet>
			</Shape>
			<Shape DEF='_IDX_950'>
				<Appearance USE='Material_132_IDX_132'/>
				<IndexedFaceSet solid="false" coordIndex='0 1 2 3 -1'>
					<Coordinate point='-9.792681 4.215303 10.479535 -11.405669 1.875592 10.479535 -13.045236 2.741504 11.937515 -11.095570 5.429336 11.937515'/>
				</IndexedFaceSet>
			</Shape>
			<Shape DEF='_IDX_951'>
				<Appearance USE='Material_133_IDX_133'/>
				<IndexedFaceSet solid="false" coordIndex='0 1 2 3 -1'>
					<Coordinate point='-8.702369 3.245672 9.155979 -10.031231 1.197704 9.155979 -11.405669 1.875592 10.479535 -9.792681 4.215303 10.479535'/>
				</IndexedFaceSet>
			</Shape>
			<Shape DEF='_IDX_952'>
				<Appearance USE='Material_134_IDX_134'/>
				<IndexedFaceSet solid="false" coordIndex='0 1 2 3 -1'>
					<Coordinate point='-7.792869 2.480312 7.949870 -8.881971 0.675842 7.949870 -10.031231 1.197704 9.155979 -8.702369 3.245672 9.155979'/>
				</IndexedFaceSet>
			</Shape>
			<Shape DEF='_IDX_953'>
				<Appearance USE='Material_135_IDX_135'/>
				<IndexedFaceSet solid="false" coordIndex='0 1 2 3 -1'>
					<Coordinate point='-7.037803 1.885083 6.845736 -7.924513 0.282729 6.845736 -8.881971 0.675842 7.949870 -7.792869 2.480312 7.949870'/>
				</IndexedFaceSet>
			</Shape>
			<Shape DEF='_IDX_954'>
				<Appearance USE='Material_136_IDX_136'/>
				<IndexedFaceSet solid="false" coordIndex='0 1 2 3 -1'>
					<Coordinate point='-7.037803 1.885083 6.845736 -7.924513 0.282729 6.845736 -7.924513 0.282729 6.845736 -7.037803 1.885083 6.845736'/>
				</IndexedFaceSet>
			</Shape>
			<Shape DEF='_IDX_955'>
				<Appearance USE='Material_137_IDX_137'/>
				<IndexedFaceSet solid="false" coordIndex='0 1 2 3 -1'>
					<Coordinate point='-6.316784 1.362546 5.655990 -7.004755 -0.046890 5.655990 -7.924513 0.282729 6.845736 -7.037803 1.885083 6.845736'/>
				</IndexedFaceSet>
			</Shape>
			<Shape DEF='_IDX_956'>
				<Appearance USE='Material_138_IDX_138'/>
				<IndexedFaceSet solid="false" coordIndex='0 1 2 3 -1'>
					<Coordinate point='-5.751935 0.995747 4.567091 -6.276227 -0.262447 4.567091 -7.004755 -0.046890 5.655990 -6.316784 1.362546 5.655990'/>
				</IndexedFaceSet>
			</Shape>
			<Shape DEF='_IDX_957'>
				<Appearance USE='Material_139_IDX_139'/>
				<IndexedFaceSet solid="false" coordIndex='0 1 2 3 -1'>
					<Coordinate point='-5.321520 0.750890 3.559625 -5.709822 -0.391479 3.559625 -6.276227 -0.262447 4.567091 -5.751935 0.995747 4.567091'/>
				</IndexedFaceSet>
			</Shape>
			<Shape DEF='_IDX_958'>
				<Appearance USE='Material_140_IDX_140'/>
				<IndexedFaceSet solid="false" coordIndex='0 1 2 3 -1'>
					<Coordinate point='-5.009511 0.599444 2.615627 -5.283013 -0.457630 2.615627 -5.709822 -0.391479 3.559625 -5.321520 0.750890 3.559625'/>
				</IndexedFaceSet>
			</Shape>
			<Shape DEF='_IDX_959'>
				<Appearance USE='Material_141_IDX_141'/>
				<IndexedFaceSet solid="false" coordIndex='0 1 2 3 -1'>
					<Coordinate point='-4.804787 0.517036 1.718266 -4.978837 -0.481622 1.718266 -5.283013 -0.457630 2.615627 -5.009511 0.599444 2.615627'/>
				</IndexedFaceSet>
			</Shape>
			<Shape DEF='_IDX_960'>
				<Appearance USE='Material_142_IDX_142'/>
				<IndexedFaceSet solid="false" coordIndex='0 1 2 3 -1'>
					<Coordinate point='-4.700518 0.482451 0.851542 -4.785088 -0.482144 0.851542 -4.978837 -0.481622 1.718266 -4.804787 0.517036 1.718266'/>
				</IndexedFaceSet>
			</Shape>
			<Shape DEF='_IDX_961'>
				<Appearance USE='Material_143_IDX_143'/>
				<IndexedFaceSet solid="false" coordIndex='0 1 2 3 -1'>
					<Coordinate point='-4.693733 0.476701 0.000001 -4.693733 -0.476701 0.000001 -4.785088 -0.482144 0.851542 -4.700518 0.482451 0.851542'/>
				</IndexedFaceSet>
			</Shape>
			<Shape DEF='_IDX_962'>
				<Appearance USE='Material_118_IDX_118'/>
				<IndexedFaceSet solid="false" coordIndex='0 1 2 3 -1'>
					<Coordinate point='-13.045236 2.741504 11.937515 -14.452206 -0.337825 11.670851 -16.705059 0.262525 13.245968 -14.997579 3.833111 13.548621'/>
				</IndexedFaceSet>
			</Shape>
			<Shape DEF='_IDX_963'>
				<Appearance USE='Material_144_IDX_144'/>
				<IndexedFaceSet solid="false" coordIndex='0 1 2 3 -1'>
					<Coordinate point='-11.405669 1.875592 10.479535 -12.558648 -0.790267 10.245440 -14.452206 -0.337825 11.670851 -13.045236 2.741504 11.937515'/>
				</IndexedFaceSet>
			</Shape>
			<Shape DEF='_IDX_964'>
				<Appearance USE='Material_120_IDX_120'/>
				<IndexedFaceSet solid="false" coordIndex='0 1 2 3 -1'>
					<Coordinate point='-10.031231 1.197704 9.155979 -10.969415 -1.120897 8.951449 -12.558648 -0.790267 10.245440 -11.405669 1.875592 10.479535'/>
				</IndexedFaceSet>
			</Shape>
			<Shape DEF='_IDX_965'>
				<Appearance USE='Material_145_IDX_145'/>
				<IndexedFaceSet solid="false" coordIndex='0 1 2 3 -1'>
					<Coordinate point='-8.881971 0.675842 7.949870 -9.638314 -1.351940 7.772283 -10.969415 -1.120897 8.951449 -10.031231 1.197704 9.155979'/>
				</IndexedFaceSet>
			</Shape>
			<Shape DEF='_IDX_966'>
				<Appearance USE='Material_122_IDX_122'/>
				<IndexedFaceSet solid="false" coordIndex='0 1 2 3 -1'>
					<Coordinate point='-7.924513 0.282729 6.845736 -8.526610 -1.502424 6.692813 -9.638314 -1.351940 7.772283 -8.881971 0.675842 7.949870'/>
				</IndexedFaceSet>
			</Shape>
			<Shape DEF='_IDX_967'>
				<Appearance USE='Material_123_IDX_123'/>
				<IndexedFaceSet solid="false" coordIndex='0 1 2 3 -1'>
					<Coordinate point='-7.924513 0.282729 6.845736 -8.526610 -1.502424 6.692813 -8.526610 -1.502424 6.692813 -7.924513 0.282729 6.845736'/>
				</IndexedFaceSet>
			</Shape>
			<Shape DEF='_IDX_968'>
				<Appearance USE='Material_124_IDX_124'/>
				<IndexedFaceSet solid="false" coordIndex='0 1 2 3 -1'>
					<Coordinate point='-7.004755 -0.046890 5.655990 -7.454181 -1.598534 5.529644 -8.526610 -1.502424 6.692813 -7.924513 0.282729 6.845736'/>
				</IndexedFaceSet>
			</Shape>
			<Shape DEF='_IDX_969'>
				<Appearance USE='Material_125_IDX_125'/>
				<IndexedFaceSet solid="false" coordIndex='0 1 2 3 -1'>
					<Coordinate point='-6.276227 -0.262447 4.567091 -6.598267 -1.628492 4.465070 -7.454181 -1.598534 5.529644 -7.004755 -0.046890 5.655990'/>
				</IndexedFaceSet>
			</Shape>
			<Shape DEF='_IDX_970'>
				<Appearance USE='Material_146_IDX_146'/>
				<IndexedFaceSet solid="false" coordIndex='0 1 2 3 -1'>
					<Coordinate point='-5.709822 -0.391479 3.559625 -5.923951 -1.612205 3.480109 -6.598267 -1.628492 4.465070 -6.276227 -0.262447 4.567091'/>
				</IndexedFaceSet>
			</Shape>
			<Shape DEF='_IDX_971'>
				<Appearance USE='Material_127_IDX_127'/>
				<IndexedFaceSet solid="false" coordIndex='0 1 2 3 -1'>
					<Coordinate point='-5.283013 -0.457630 2.615627 -5.403480 -1.567221 2.557198 -5.923951 -1.612205 3.480109 -5.709822 -0.391479 3.559625'/>
				</IndexedFaceSet>
			</Shape>
			<Shape DEF='_IDX_972'>
				<Appearance USE='Material_128_IDX_128'/>
				<IndexedFaceSet solid="false" coordIndex='0 1 2 3 -1'>
					<Coordinate point='-4.978837 -0.481622 1.718266 -5.015049 -1.509503 1.679883 -5.403480 -1.567221 2.557198 -5.283013 -0.457630 2.615627'/>
				</IndexedFaceSet>
			</Shape>
			<Shape DEF='_IDX_973'>
				<Appearance USE='Material_147_IDX_147'/>
				<IndexedFaceSet solid="false" coordIndex='0 1 2 3 -1'>
					<Coordinate point='-4.785088 -0.482144 0.851542 -4.741829 -1.454152 0.832520 -5.015049 -1.509503 1.679883 -4.978837 -0.481622 1.718266'/>
				</IndexedFaceSet>
			</Shape>
			<Shape DEF='_IDX_974'>
				<Appearance USE='Material_130_IDX_130'/>
				<IndexedFaceSet solid="false" coordIndex='0 1 2 3 -1'>
					<Coordinate point='-4.693733 -0.476701 0.000001 -4.571210 -1.416151 0.000001 -4.741829 -1.454152 0.832520 -4.785088 -0.482144 0.851542'/>
				</IndexedFaceSet>
			</Shape>
			<Shape DEF='_IDX_975'>
				<Appearance USE='Material_105_IDX_105'/>
				<IndexedFaceSet solid="false" coordIndex='0 1 2 3 -1'>
					<Coordinate point='-14.452206 -0.337825 11.670851 -15.235751 -3.673635 11.143478 -17.675772 -3.617880 12.647421 -16.705059 0.262525 13.245968'/>
				</IndexedFaceSet>
			</Shape>
			<Shape DEF='_IDX_976'>
				<Appearance USE='Material_106_IDX_106'/>
				<IndexedFaceSet solid="false" coordIndex='0 1 2 3 -1'>
					<Coordinate point='-12.558648 -0.790267 10.245440 -13.183589 -3.667346 9.782477 -15.235751 -3.673635 11.143478 -14.452206 -0.337825 11.670851'/>
				</IndexedFaceSet>
			</Shape>
			<Shape DEF='_IDX_977'>
				<Appearance USE='Material_107_IDX_107'/>
				<IndexedFaceSet solid="false" coordIndex='0 1 2 3 -1'>
					<Coordinate point='-10.969415 -1.120897 8.951449 -11.459713 -3.612163 8.546960 -13.183589 -3.667346 9.782477 -12.558648 -0.790267 10.245440'/>
				</IndexedFaceSet>
			</Shape>
			<Shape DEF='_IDX_978'>
				<Appearance USE='Material_148_IDX_148'/>
				<IndexedFaceSet solid="false" coordIndex='0 1 2 3 -1'>
					<Coordinate point='-9.638314 -1.351940 7.772283 -10.013984 -3.519379 7.421076 -11.459713 -3.612163 8.546960 -10.969415 -1.120897 8.951449'/>
				</IndexedFaceSet>
			</Shape>
			<Shape DEF='_IDX_979'>
				<Appearance USE='Material_109_IDX_109'/>
				<IndexedFaceSet solid="false" coordIndex='0 1 2 3 -1'>
					<Coordinate point='-8.526610 -1.502424 6.692813 -8.804239 -3.398790 6.390384 -10.013984 -3.519379 7.421076 -9.638314 -1.351940 7.772283'/>
				</IndexedFaceSet>
			</Shape>
			<Shape DEF='_IDX_980'>
				<Appearance USE='Material_110_IDX_110'/>
				<IndexedFaceSet solid="false" coordIndex='0 1 2 3 -1'>
					<Coordinate point='-8.526610 -1.502424 6.692813 -8.804239 -3.398790 6.390384 -8.804239 -3.398790 6.390384 -8.526610 -1.502424 6.692813'/>
				</IndexedFaceSet>
			</Shape>
			<Shape DEF='_IDX_981'>
				<Appearance USE='Material_111_IDX_111'/>
				<IndexedFaceSet solid="false" coordIndex='0 1 2 3 -1'>
					<Coordinate point='-7.454181 -1.598534 5.529644 -7.633469 -3.232583 5.279776 -8.804239 -3.398790 6.390384 -8.526610 -1.502424 6.692813'/>
				</IndexedFaceSet>
			</Shape>
			<Shape DEF='_IDX_982'>
				<Appearance USE='Material_112_IDX_112'/>
				<IndexedFaceSet solid="false" coordIndex='0 1 2 3 -1'>
					<Coordinate point='-6.598267 -1.628492 4.465070 -6.693711 -3.052118 4.263307 -7.633469 -3.232583 5.279776 -7.454181 -1.598534 5.529644'/>
				</IndexedFaceSet>
			</Shape>
			<Shape DEF='_IDX_983'>
				<Appearance USE='Material_113_IDX_113'/>
				<IndexedFaceSet solid="false" coordIndex='0 1 2 3 -1'>
					<Coordinate point='-5.923951 -1.612205 3.480109 -5.946088 -2.868628 3.322853 -6.693711 -3.052118 4.263307 -6.598267 -1.628492 4.465070'/>
				</IndexedFaceSet>
			</Shape>
			<Shape DEF='_IDX_984'>
				<Appearance USE='Material_114_IDX_114'/>
				<IndexedFaceSet solid="false" coordIndex='0 1 2 3 -1'>
					<Coordinate point='-5.403480 -1.567221 2.557198 -5.359134 -2.692618 2.441646 -5.946088 -2.868628 3.322853 -5.923951 -1.612205 3.480109'/>
				</IndexedFaceSet>
			</Shape>
			<Shape DEF='_IDX_985'>
				<Appearance USE='Material_115_IDX_115'/>
				<IndexedFaceSet solid="false" coordIndex='0 1 2 3 -1'>
					<Coordinate point='-5.015049 -1.509503 1.679883 -4.907425 -2.534376 1.603974 -5.359134 -2.692618 2.441646 -5.403480 -1.567221 2.557198'/>
				</IndexedFaceSet>
			</Shape>
			<Shape DEF='_IDX_986'>
				<Appearance USE='Material_116_IDX_116'/>
				<IndexedFaceSet solid="false" coordIndex='0 1 2 3 -1'>
					<Coordinate point='-4.741829 -1.454152 0.832520 -4.570457 -2.404502 0.794900 -4.907425 -2.534376 1.603974 -5.015049 -1.509503 1.679883'/>
				</IndexedFaceSet>
			</Shape>
			<Shape DEF='_IDX_987'>
				<Appearance USE='Material_117_IDX_117'/>
				<IndexedFaceSet solid="false" coordIndex='0 1 2 3 -1'>
					<Coordinate point='-4.571210 -1.416151 0.000001 -4.331727 -2.314499 0.000001 -4.570457 -2.404502 0.794900 -4.741829 -1.454152 0.832520'/>
				</IndexedFaceSet>
			</Shape>
			<Shape DEF='_IDX_988'>
				<Appearance USE='Material_149_IDX_149'/>
				<IndexedFaceSet solid="false" coordIndex='0 1 2 3 -1'>
					<Coordinate point='-15.235751 -3.673635 11.143478 -15.346300 -7.116908 10.367180 -17.850784 -7.632483 11.766352 -17.675772 -3.617880 12.647421'/>
				</IndexedFaceSet>
			</Shape>
			<Shape DEF='_IDX_989'>
				<Appearance USE='Material_93_IDX_93'/>
				<IndexedFaceSet solid="false" coordIndex='0 1 2 3 -1'>
					<Coordinate point='-13.183589 -3.667346 9.782477 -13.238897 -6.629086 9.100992 -15.346300 -7.116908 10.367180 -15.235751 -3.673635 11.143478'/>
				</IndexedFaceSet>
			</Shape>
			<Shape DEF='_IDX_990'>
				<Appearance USE='Material_94_IDX_94'/>
				<IndexedFaceSet solid="false" coordIndex='0 1 2 3 -1'>
					<Coordinate point='-11.459713 -3.612163 8.546960 -11.467381 -6.168503 7.951545 -13.238897 -6.629086 9.100992 -13.183589 -3.667346 9.782477'/>
				</IndexedFaceSet>
			</Shape>
			<Shape DEF='_IDX_991'>
				<Appearance USE='Material_95_IDX_95'/>
				<IndexedFaceSet solid="false" coordIndex='0 1 2 3 -1'>
					<Coordinate point='-10.013984 -3.519379 7.421076 -9.980172 -5.734910 6.904094 -11.467381 -6.168503 7.951545 -11.459713 -3.612163 8.546960'/>
				</IndexedFaceSet>
			</Shape>
			<Shape DEF='_IDX_992'>
				<Appearance USE='Material_96_IDX_96'/>
				<IndexedFaceSet solid="false" coordIndex='0 1 2 3 -1'>
					<Coordinate point='-8.804239 -3.398790 6.390384 -8.733813 -5.328336 5.945205 -9.980172 -5.734910 6.904094 -10.013984 -3.519379 7.421076'/>
				</IndexedFaceSet>
			</Shape>
			<Shape DEF='_IDX_993'>
				<Appearance USE='Material_97_IDX_97'/>
				<IndexedFaceSet solid="false" coordIndex='0 1 2 3 -1'>
					<Coordinate point='-8.804239 -3.398790 6.390384 -8.733813 -5.328336 5.945205 -8.733813 -5.328336 5.945205 -8.804239 -3.398790 6.390384'/>
				</IndexedFaceSet>
			</Shape>
			<Shape DEF='_IDX_994'>
				<Appearance USE='Material_98_IDX_98'/>
				<IndexedFaceSet solid="false" coordIndex='0 1 2 3 -1'>
					<Coordinate point='-7.633469 -3.232583 5.279776 -7.524493 -4.884262 4.911966 -8.733813 -5.328336 5.945205 -8.804239 -3.398790 6.390384'/>
				</IndexedFaceSet>
			</Shape>
			<Shape DEF='_IDX_995'>
				<Appearance USE='Material_99_IDX_99'/>
				<IndexedFaceSet solid="false" coordIndex='0 1 2 3 -1'>
					<Coordinate point='-6.693711 -3.052118 4.263307 -6.549374 -4.479374 3.966308 -7.524493 -4.884262 4.911966 -7.633469 -3.232583 5.279776'/>
				</IndexedFaceSet>
			</Shape>
			<Shape DEF='_IDX_996'>
				<Appearance USE='Material_100_IDX_100'/>
				<IndexedFaceSet solid="false" coordIndex='0 1 2 3 -1'>
					<Coordinate point='-5.946088 -2.868628 3.322853 -5.767676 -4.115594 3.091370 -6.549374 -4.479374 3.966308 -6.693711 -3.052118 4.263307'/>
				</IndexedFaceSet>
			</Shape>
			<Shape DEF='_IDX_997'>
				<Appearance USE='Material_101_IDX_101'/>
				<IndexedFaceSet solid="false" coordIndex='0 1 2 3 -1'>
					<Coordinate point='-5.359134 -2.692618 2.441646 -5.145932 -3.795753 2.271551 -5.767676 -4.115594 3.091370 -5.946088 -2.868628 3.322853'/>
				</IndexedFaceSet>
			</Shape>
			<Shape DEF='_IDX_998'>
				<Appearance USE='Material_102_IDX_102'/>
				<IndexedFaceSet solid="false" coordIndex='0 1 2 3 -1'>
					<Coordinate point='-4.907425 -2.534376 1.603974 -4.656508 -3.523799 1.492234 -5.145932 -3.795753 2.271551 -5.359134 -2.692618 2.441646'/>
				</IndexedFaceSet>
			</Shape>
			<Shape DEF='_IDX_999'>
				<Appearance USE='Material_103_IDX_103'/>
				<IndexedFaceSet solid="false" coordIndex='0 1 2 3 -1'>
					<Coordinate point='-4.570457 -2.404502 0.794900 -4.276364 -3.305099 0.739525 -4.656508 -3.523799 1.492234 -4.907425 -2.534376 1.603974'/>
				</IndexedFaceSet>
			</Shape>
			<Shape DEF='_IDX_1000'>
				<Appearance USE='Material_104_IDX_104'/>
				<IndexedFaceSet solid="false" coordIndex='0 1 2 3 -1'>
					<Coordinate point='-4.331727 -2.314499 0.000001 -3.985995 -3.146845 0.000001 -4.276364 -3.305099 0.739525 -4.570457 -2.404502 0.794900'/>
				</IndexedFaceSet>
			</Shape>
			<Shape DEF='_IDX_1001'>
				<Appearance USE='Material_79_IDX_79'/>
				<IndexedFaceSet solid="false" coordIndex='0 1 2 3 -1'>
					<Coordinate point='-15.346300 -7.116908 10.367180 -14.767841 -10.511807 9.359296 -17.210840 -11.597383 10.622441 -17.850784 -7.632483 11.766352'/>
				</IndexedFaceSet>
			</Shape>
			<Shape DEF='_IDX_1002'>
				<Appearance USE='Material_80_IDX_80'/>
				<IndexedFaceSet solid="false" coordIndex='0 1 2 3 -1'>
					<Coordinate point='-13.238897 -6.629086 9.100992 -12.711380 -9.543353 8.216205 -14.767841 -10.511807 9.359296 -15.346300 -7.116908 10.367180'/>
				</IndexedFaceSet>
			</Shape>
			<Shape DEF='_IDX_1003'>
				<Appearance USE='Material_150_IDX_150'/>
				<IndexedFaceSet solid="false" coordIndex='0 1 2 3 -1'>
					<Coordinate point='-11.467381 -6.168503 7.951545 -10.981709 -8.677817 7.178505 -12.711380 -9.543353 8.216205 -13.238897 -6.629086 9.100992'/>
				</IndexedFaceSet>
			</Shape>
			<Shape DEF='_IDX_1004'>
				<Appearance USE='Material_82_IDX_82'/>
				<IndexedFaceSet solid="false" coordIndex='0 1 2 3 -1'>
					<Coordinate point='-9.980172 -5.734910 6.904094 -9.528419 -7.903371 6.232887 -10.981709 -8.677817 7.178505 -11.467381 -6.168503 7.951545'/>
				</IndexedFaceSet>
			</Shape>
			<Shape DEF='_IDX_1005'>
				<Appearance USE='Material_83_IDX_83'/>
				<IndexedFaceSet solid="false" coordIndex='0 1 2 3 -1'>
					<Coordinate point='-8.733813 -5.328336 5.945205 -8.308960 -7.210237 5.367219 -9.528419 -7.903371 6.232887 -9.980172 -5.734910 6.904094'/>
				</IndexedFaceSet>
			</Shape>
			<Shape DEF='_IDX_1006'>
				<Appearance USE='Material_84_IDX_84'/>
				<IndexedFaceSet solid="false" coordIndex='0 1 2 3 -1'>
					<Coordinate point='-8.733813 -5.328336 5.945205 -8.308960 -7.210237 5.367219 -8.308960 -7.210237 5.367219 -8.733813 -5.328336 5.945205'/>
				</IndexedFaceSet>
			</Shape>
			<Shape DEF='_IDX_1007'>
				<Appearance USE='Material_151_IDX_151'/>
				<IndexedFaceSet solid="false" coordIndex='0 1 2 3 -1'>
					<Coordinate point='-7.524493 -4.884262 4.911966 -7.123244 -6.486859 4.434431 -8.308960 -7.210237 5.367219 -8.733813 -5.328336 5.945205'/>
				</IndexedFaceSet>
			</Shape>
			<Shape DEF='_IDX_1008'>
				<Appearance USE='Material_152_IDX_152'/>
				<IndexedFaceSet solid="false" coordIndex='0 1 2 3 -1'>
					<Coordinate point='-6.549374 -4.479374 3.966308 -6.163613 -5.855167 3.580708 -7.123244 -6.486859 4.434431 -7.524493 -4.884262 4.911966'/>
				</IndexedFaceSet>
			</Shape>
			<Shape DEF='_IDX_1009'>
				<Appearance USE='Material_87_IDX_87'/>
				<IndexedFaceSet solid="false" coordIndex='0 1 2 3 -1'>
					<Coordinate point='-5.767676 -4.115594 3.091370 -5.389566 -5.307591 2.790831 -6.163613 -5.855167 3.580708 -6.549374 -4.479374 3.966308'/>
				</IndexedFaceSet>
			</Shape>
			<Shape DEF='_IDX_1010'>
				<Appearance USE='Material_153_IDX_153'/>
				<IndexedFaceSet solid="false" coordIndex='0 1 2 3 -1'>
					<Coordinate point='-5.145932 -3.795753 2.271551 -4.767474 -4.839022 2.050714 -5.389566 -5.307591 2.790831 -5.767676 -4.115594 3.091370'/>
				</IndexedFaceSet>
			</Shape>
			<Shape DEF='_IDX_1011'>
				<Appearance USE='Material_89_IDX_89'/>
				<IndexedFaceSet solid="false" coordIndex='0 1 2 3 -1'>
					<Coordinate point='-4.656508 -3.523799 1.492234 -4.269053 -4.446705 1.347161 -4.767474 -4.839022 2.050714 -5.145932 -3.795753 2.271551'/>
				</IndexedFaceSet>
			</Shape>
			<Shape DEF='_IDX_1012'>
				<Appearance USE='Material_90_IDX_90'/>
				<IndexedFaceSet solid="false" coordIndex='0 1 2 3 -1'>
					<Coordinate point='-4.276364 -3.305099 0.739525 -3.870043 -4.130265 0.667629 -4.269053 -4.446705 1.347161 -4.656508 -3.523799 1.492234'/>
				</IndexedFaceSet>
			</Shape>
			<Shape DEF='_IDX_1013'>
				<Appearance USE='Material_91_IDX_91'/>
				<IndexedFaceSet solid="false" coordIndex='0 1 2 3 -1'>
					<Coordinate point='-3.985995 -3.146845 0.000001 -3.549030 -3.891902 0.000000 -3.870043 -4.130265 0.667629 -4.276364 -3.305099 0.739525'/>
				</IndexedFaceSet>
			</Shape>
			<Shape DEF='_IDX_1014'>
				<Appearance USE='Material_154_IDX_154'/>
				<IndexedFaceSet solid="false" coordIndex='0 1 2 3 -1'>
					<Coordinate point='-14.767841 -10.511807 9.359296 -13.518663 -13.703238 8.142341 -15.777298 -15.329383 9.241243 -17.210840 -11.597383 10.622441'/>
				</IndexedFaceSet>
			</Shape>
			<Shape DEF='_IDX_1015'>
				<Appearance USE='Material_155_IDX_155'/>
				<IndexedFaceSet solid="false" coordIndex='0 1 2 3 -1'>
					<Coordinate point='-12.711380 -9.543353 8.216205 -11.616808 -12.278806 7.147881 -13.518663 -13.703238 8.142341 -14.767841 -10.511807 9.359296'/>
				</IndexedFaceSet>
			</Shape>
			<Shape DEF='_IDX_1016'>
				<Appearance USE='Material_68_IDX_68'/>
				<IndexedFaceSet solid="false" coordIndex='0 1 2 3 -1'>
					<Coordinate point='-10.981709 -8.677817 7.178505 -10.016444 -11.028855 6.245110 -11.616808 -12.278806 7.147881 -12.711380 -9.543353 8.216205'/>
				</IndexedFaceSet>
			</Shape>
			<Shape DEF='_IDX_1017'>
				<Appearance USE='Material_156_IDX_156'/>
				<IndexedFaceSet solid="false" coordIndex='0 1 2 3 -1'>
					<Coordinate point='-9.528419 -7.903371 6.232887 -8.670884 -9.930527 5.422447 -10.016444 -11.028855 6.245110 -10.981709 -8.677817 7.178505'/>
				</IndexedFaceSet>
			</Shape>
			<Shape DEF='_IDX_1018'>
				<Appearance USE='Material_70_IDX_70'/>
				<IndexedFaceSet solid="false" coordIndex='0 1 2 3 -1'>
					<Coordinate point='-8.308960 -7.210237 5.367219 -7.540668 -8.964690 4.669339 -8.670884 -9.930527 5.422447 -9.528419 -7.903371 6.232887'/>
				</IndexedFaceSet>
			</Shape>
			<Shape DEF='_IDX_1019'>
				<Appearance USE='Material_157_IDX_157'/>
				<IndexedFaceSet solid="false" coordIndex='0 1 2 3 -1'>
					<Coordinate point='-8.308960 -7.210237 5.367219 -7.540668 -8.964690 4.669339 -7.540668 -8.964690 4.669339 -8.308960 -7.210237 5.367219'/>
				</IndexedFaceSet>
			</Shape>
			<Shape DEF='_IDX_1020'>
				<Appearance USE='Material_72_IDX_72'/>
				<IndexedFaceSet solid="false" coordIndex='0 1 2 3 -1'>
					<Coordinate point='-7.123244 -6.486859 4.434431 -6.439825 -7.974838 3.857838 -7.540668 -8.964690 4.669339 -8.308960 -7.210237 5.367219'/>
				</IndexedFaceSet>
			</Shape>
			<Shape DEF='_IDX_1021'>
				<Appearance USE='Material_73_IDX_73'/>
				<IndexedFaceSet solid="false" coordIndex='0 1 2 3 -1'>
					<Coordinate point='-6.163613 -5.855167 3.580708 -5.546176 -7.125802 3.115122 -6.439825 -7.974838 3.857838 -7.123244 -6.486859 4.434431'/>
				</IndexedFaceSet>
			</Shape>
			<Shape DEF='_IDX_1022'>
				<Appearance USE='Material_74_IDX_74'/>
				<IndexedFaceSet solid="false" coordIndex='0 1 2 3 -1'>
					<Coordinate point='-5.389566 -5.307591 2.790831 -4.821702 -6.400821 2.427949 -5.546176 -7.125802 3.115122 -6.163613 -5.855167 3.580708'/>
				</IndexedFaceSet>
			</Shape>
			<Shape DEF='_IDX_1023'>
				<Appearance USE='Material_75_IDX_75'/>
				<IndexedFaceSet solid="false" coordIndex='0 1 2 3 -1'>
					<Coordinate point='-4.767474 -4.839022 2.050714 -4.234500 -5.786995 1.784067 -4.821702 -6.400821 2.427949 -5.389566 -5.307591 2.790831'/>
				</IndexedFaceSet>
			</Shape>
			<Shape DEF='_IDX_1024'>
				<Appearance USE='Material_76_IDX_76'/>
				<IndexedFaceSet solid="false" coordIndex='0 1 2 3 -1'>
					<Coordinate point='-4.269053 -4.446705 1.347161 -3.757300 -5.274833 1.171995 -4.234500 -5.786995 1.784067 -4.767474 -4.839022 2.050714'/>
				</IndexedFaceSet>
			</Shape>
			<Shape DEF='_IDX_1025'>
				<Appearance USE='Material_77_IDX_77'/>
				<IndexedFaceSet solid="false" coordIndex='0 1 2 3 -1'>
					<Coordinate point='-3.870043 -4.130265 0.667629 -3.366098 -4.857977 0.580820 -3.757300 -5.274833 1.171995 -4.269053 -4.446705 1.347161'/>
				</IndexedFaceSet>
			</Shape>
			<Shape DEF='_IDX_1026'>
				<Appearance USE='Material_78_IDX_78'/>
				<IndexedFaceSet solid="false" coordIndex='0 1 2 3 -1'>
					<Coordinate point='-3.549030 -3.891902 0.000000 -3.038882 -4.533147 0.000000 -3.366098 -4.857977 0.580820 -3.870043 -4.130265 0.667629'/>
				</IndexedFaceSet>
			</Shape>
			<Shape DEF='_IDX_1027'>
				<Appearance USE='Material_158_IDX_158'/>
				<IndexedFaceSet solid="false" coordIndex='0 1 2 3 -1'>
					<Coordinate point='-13.518663 -13.703238 8.142341 -11.650403 -16.544405 6.743498 -13.611032 -18.654953 7.653612 -15.777298 -15.329383 9.241243'/>
				</IndexedFaceSet>
			</Shape>
			<Shape DEF='_IDX_1028'>
				<Appearance USE='Material_54_IDX_54'/>
				<IndexedFaceSet solid="false" coordIndex='0 1 2 3 -1'>
					<Coordinate point='-11.616808 -12.278806 7.147881 -9.999073 -14.711250 5.919886 -11.650403 -16.544405 6.743498 -13.518663 -13.703238 8.142341'/>
				</IndexedFaceSet>
			</Shape>
			<Shape DEF='_IDX_1029'>
				<Appearance USE='Material_55_IDX_55'/>
				<IndexedFaceSet solid="false" coordIndex='0 1 2 3 -1'>
					<Coordinate point='-10.016444 -11.028855 6.245110 -8.609016 -13.116555 5.172210 -9.999073 -14.711250 5.919886 -11.616808 -12.278806 7.147881'/>
				</IndexedFaceSet>
			</Shape>
			<Shape DEF='_IDX_1030'>
				<Appearance USE='Material_159_IDX_159'/>
				<IndexedFaceSet solid="false" coordIndex='0 1 2 3 -1'>
					<Coordinate point='-8.670884 -9.930527 5.422447 -7.439643 -11.727543 4.490879 -8.609016 -13.116555 5.172210 -10.016444 -11.028855 6.245110'/>
				</IndexedFaceSet>
			</Shape>
			<Shape DEF='_IDX_1031'>
				<Appearance USE='Material_57_IDX_57'/>
				<IndexedFaceSet solid="false" coordIndex='0 1 2 3 -1'>
					<Coordinate point='-7.540668 -8.964690 4.669339 -6.456610 -10.516660 3.867154 -7.439643 -11.727543 4.490879 -8.670884 -9.930527 5.422447'/>
				</IndexedFaceSet>
			</Shape>
			<Shape DEF='_IDX_1032'>
				<Appearance USE='Material_58_IDX_58'/>
				<IndexedFaceSet solid="false" coordIndex='0 1 2 3 -1'>
					<Coordinate point='-7.540668 -8.964690 4.669339 -6.456610 -10.516660 3.867154 -6.456610 -10.516660 3.867154 -7.540668 -8.964690 4.669339'/>
				</IndexedFaceSet>
			</Shape>
			<Shape DEF='_IDX_1033'>
				<Appearance USE='Material_59_IDX_59'/>
				<IndexedFaceSet solid="false" coordIndex='0 1 2 3 -1'>
					<Coordinate point='-6.439825 -7.974838 3.857838 -5.497788 -9.286859 3.195067 -6.456610 -10.516660 3.867154 -7.540668 -8.964690 4.669339'/>
				</IndexedFaceSet>
			</Shape>
			<Shape DEF='_IDX_1034'>
				<Appearance USE='Material_160_IDX_160'/>
				<IndexedFaceSet solid="false" coordIndex='0 1 2 3 -1'>
					<Coordinate point='-5.546176 -7.125802 3.115122 -4.717519 -8.241399 2.579948 -5.497788 -9.286859 3.195067 -6.439825 -7.974838 3.857838'/>
				</IndexedFaceSet>
			</Shape>
			<Shape DEF='_IDX_1035'>
				<Appearance USE='Material_61_IDX_61'/>
				<IndexedFaceSet solid="false" coordIndex='0 1 2 3 -1'>
					<Coordinate point='-4.821702 -6.400821 2.427949 -4.082367 -7.355122 2.010831 -4.717519 -8.241399 2.579948 -5.546176 -7.125802 3.115122'/>
				</IndexedFaceSet>
			</Shape>
			<Shape DEF='_IDX_1036'>
				<Appearance USE='Material_62_IDX_62'/>
				<IndexedFaceSet solid="false" coordIndex='0 1 2 3 -1'>
					<Coordinate point='-4.234500 -5.786995 1.784067 -3.564020 -6.607906 1.477567 -4.082367 -7.355122 2.010831 -4.821702 -6.400821 2.427949'/>
				</IndexedFaceSet>
			</Shape>
			<Shape DEF='_IDX_1037'>
				<Appearance USE='Material_161_IDX_161'/>
				<IndexedFaceSet solid="false" coordIndex='0 1 2 3 -1'>
					<Coordinate point='-3.757300 -5.274833 1.171995 -3.137911 -5.983871 0.970648 -3.564020 -6.607906 1.477567 -4.234500 -5.786995 1.784067'/>
				</IndexedFaceSet>
			</Shape>
			<Shape DEF='_IDX_1038'>
				<Appearance USE='Material_64_IDX_64'/>
				<IndexedFaceSet solid="false" coordIndex='0 1 2 3 -1'>
					<Coordinate point='-3.366098 -4.857977 0.580820 -2.781896 -5.470770 0.481036 -3.137911 -5.983871 0.970648 -3.757300 -5.274833 1.171995'/>
				</IndexedFaceSet>
			</Shape>
			<Shape DEF='_IDX_1039'>
				<Appearance USE='Material_65_IDX_65'/>
				<IndexedFaceSet solid="false" coordIndex='0 1 2 3 -1'>
					<Coordinate point='-3.038882 -4.533147 0.000000 -2.474922 -5.059610 0.000000 -2.781896 -5.470770 0.481036 -3.366098 -4.857977 0.580820'/>
				</IndexedFaceSet>
			</Shape>
			<Shape DEF='_IDX_1040'>
				<Appearance USE='Material_162_IDX_162'/>
				<IndexedFaceSet solid="false" coordIndex='0 1 2 3 -1'>
					<Coordinate point='-11.650403 -16.544405 6.743498 -9.245439 -18.903963 5.194018 -10.809391 -21.418751 5.895011 -13.611032 -18.654953 7.653612'/>
				</IndexedFaceSet>
			</Shape>
			<Shape DEF='_IDX_1041'>
				<Appearance USE='Material_41_IDX_41'/>
				<IndexedFaceSet solid="false" coordIndex='0 1 2 3 -1'>
					<Coordinate point='-9.999073 -14.711250 5.919886 -7.927963 -16.729652 4.559650 -9.245439 -18.903963 5.194018 -11.650403 -16.544405 6.743498'/>
				</IndexedFaceSet>
			</Shape>
			<Shape DEF='_IDX_1042'>
				<Appearance USE='Material_163_IDX_163'/>
				<IndexedFaceSet solid="false" coordIndex='0 1 2 3 -1'>
					<Coordinate point='-8.609016 -13.116555 5.172210 -6.818629 -14.847093 3.983770 -7.927963 -16.729652 4.559650 -9.999073 -14.711250 5.919886'/>
				</IndexedFaceSet>
			</Shape>
			<Shape DEF='_IDX_1043'>
				<Appearance USE='Material_43_IDX_43'/>
				<IndexedFaceSet solid="false" coordIndex='0 1 2 3 -1'>
					<Coordinate point='-7.439643 -11.727543 4.490879 -5.885021 -13.215207 3.458992 -6.818629 -14.847093 3.983770 -8.609016 -13.116555 5.172210'/>
				</IndexedFaceSet>
			</Shape>
			<Shape DEF='_IDX_1044'>
				<Appearance USE='Material_44_IDX_44'/>
				<IndexedFaceSet solid="false" coordIndex='0 1 2 3 -1'>
					<Coordinate point='-6.456610 -10.516660 3.867154 -5.099685 -11.799384 2.978582 -5.885021 -13.215207 3.458992 -7.439643 -11.727543 4.490879'/>
				</IndexedFaceSet>
			</Shape>
			<Shape DEF='_IDX_1045'>
				<Appearance USE='Material_45_IDX_45'/>
				<IndexedFaceSet solid="false" coordIndex='0 1 2 3 -1'>
					<Coordinate point='-6.456610 -10.516660 3.867154 -5.099685 -11.799384 2.978582 -5.099685 -11.799384 2.978582 -6.456610 -10.516660 3.867154'/>
				</IndexedFaceSet>
			</Shape>
			<Shape DEF='_IDX_1046'>
				<Appearance USE='Material_46_IDX_46'/>
				<IndexedFaceSet solid="false" coordIndex='0 1 2 3 -1'>
					<Coordinate point='-5.497788 -9.286859 3.195067 -4.332864 -10.368573 2.460924 -5.099685 -11.799384 2.978582 -6.456610 -10.516660 3.867154'/>
				</IndexedFaceSet>
			</Shape>
			<Shape DEF='_IDX_1047'>
				<Appearance USE='Material_47_IDX_47'/>
				<IndexedFaceSet solid="false" coordIndex='0 1 2 3 -1'>
					<Coordinate point='-4.717519 -8.241399 2.579948 -3.707650 -9.158080 1.987143 -4.332864 -10.368573 2.460924 -5.497788 -9.286859 3.195067'/>
				</IndexedFaceSet>
			</Shape>
			<Shape DEF='_IDX_1048'>
				<Appearance USE='Material_48_IDX_48'/>
				<IndexedFaceSet solid="false" coordIndex='0 1 2 3 -1'>
					<Coordinate point='-4.082367 -7.355122 2.010831 -3.197086 -8.135611 1.548794 -3.707650 -9.158080 1.987143 -4.717519 -8.241399 2.579948'/>
				</IndexedFaceSet>
			</Shape>
			<Shape DEF='_IDX_1049'>
				<Appearance USE='Material_49_IDX_49'/>
				<IndexedFaceSet solid="false" coordIndex='0 1 2 3 -1'>
					<Coordinate point='-3.564020 -6.607906 1.477567 -2.778167 -7.274827 1.138060 -3.197086 -8.135611 1.548794 -4.082367 -7.355122 2.010831'/>
				</IndexedFaceSet>
			</Shape>
			<Shape DEF='_IDX_1050'>
				<Appearance USE='Material_50_IDX_50'/>
				<IndexedFaceSet solid="false" coordIndex='0 1 2 3 -1'>
					<Coordinate point='-3.137911 -5.983871 0.970648 -2.430671 -6.554216 0.747618 -2.778167 -7.274827 1.138060 -3.564020 -6.607906 1.477567'/>
				</IndexedFaceSet>
			</Shape>
			<Shape DEF='_IDX_1051'>
				<Appearance USE='Material_51_IDX_51'/>
				<IndexedFaceSet solid="false" coordIndex='0 1 2 3 -1'>
					<Coordinate point='-2.781896 -5.470770 0.481036 -2.135973 -5.956143 0.370506 -2.430671 -6.554216 0.747618 -3.137911 -5.983871 0.970648'/>
				</IndexedFaceSet>
			</Shape>
			<Shape DEF='_IDX_1052'>
				<Appearance USE='Material_52_IDX_52'/>
				<IndexedFaceSet solid="false" coordIndex='0 1 2 3 -1'>
					<Coordinate point='-2.474922 -5.059610 0.000000 -1.875765 -5.466074 0.000000 -2.135973 -5.956143 0.370506 -2.781896 -5.470770 0.481036'/>
				</IndexedFaceSet>
			</Shape>
			<Shape DEF='_IDX_1053'>
				<Appearance USE='Material_164_IDX_164'/>
				<IndexedFaceSet solid="false" coordIndex='0 1 2 3 -1'>
					<Coordinate point='-9.245439 -18.903963 5.194018 -6.412782 -20.672447 3.528512 -7.501328 -23.491241 4.004725 -10.809391 -21.418751 5.895011'/>
				</IndexedFaceSet>
			</Shape>
			<Shape DEF='_IDX_1054'>
				<Appearance USE='Material_28_IDX_28'/>
				<IndexedFaceSet solid="false" coordIndex='0 1 2 3 -1'>
					<Coordinate point='-7.927963 -16.729652 4.559650 -5.495668 -18.241526 3.097559 -6.412782 -20.672447 3.528512 -9.245439 -18.903963 5.194018'/>
				</IndexedFaceSet>
			</Shape>
			<Shape DEF='_IDX_1055'>
				<Appearance USE='Material_165_IDX_165'/>
				<IndexedFaceSet solid="false" coordIndex='0 1 2 3 -1'>
					<Coordinate point='-6.818629 -14.847093 3.983770 -4.723294 -16.142380 2.706340 -5.495668 -18.241526 3.097559 -7.927963 -16.729652 4.559650'/>
				</IndexedFaceSet>
			</Shape>
			<Shape DEF='_IDX_1056'>
				<Appearance USE='Material_30_IDX_30'/>
				<IndexedFaceSet solid="false" coordIndex='0 1 2 3 -1'>
					<Coordinate point='-5.885021 -13.215207 3.458992 -4.073075 -14.327674 2.349836 -4.723294 -16.142380 2.706340 -6.818629 -14.847093 3.983770'/>
				</IndexedFaceSet>
			</Shape>
			<Shape DEF='_IDX_1057'>
				<Appearance USE='Material_31_IDX_31'/>
				<IndexedFaceSet solid="false" coordIndex='0 1 2 3 -1'>
					<Coordinate point='-5.099685 -11.799384 2.978582 -3.525874 -12.757475 2.023474 -4.073075 -14.327674 2.349836 -5.885021 -13.215207 3.458992'/>
				</IndexedFaceSet>
			</Shape>
			<Shape DEF='_IDX_1058'>
				<Appearance USE='Material_32_IDX_32'/>
				<IndexedFaceSet solid="false" coordIndex='0 1 2 3 -1'>
					<Coordinate point='-5.099685 -11.799384 2.978582 -3.525874 -12.757475 2.023474 -3.525874 -12.757475 2.023474 -5.099685 -11.799384 2.978582'/>
				</IndexedFaceSet>
			</Shape>
			<Shape DEF='_IDX_1059'>
				<Appearance USE='Material_33_IDX_33'/>
				<IndexedFaceSet solid="false" coordIndex='0 1 2 3 -1'>
					<Coordinate point='-4.332864 -10.368573 2.460924 -2.991161 -11.175056 1.671807 -3.525874 -12.757475 2.023474 -5.099685 -11.799384 2.978582'/>
				</IndexedFaceSet>
			</Shape>
			<Shape DEF='_IDX_1060'>
				<Appearance USE='Material_34_IDX_34'/>
				<IndexedFaceSet solid="false" coordIndex='0 1 2 3 -1'>
					<Coordinate point='-3.707650 -9.158080 1.987143 -2.554593 -9.839808 1.349949 -2.991161 -11.175056 1.671807 -4.332864 -10.368573 2.460924'/>
				</IndexedFaceSet>
			</Shape>
			<Shape DEF='_IDX_1061'>
				<Appearance USE='Material_35_IDX_35'/>
				<IndexedFaceSet solid="false" coordIndex='0 1 2 3 -1'>
					<Coordinate point='-3.197086 -8.135611 1.548794 -2.197258 -8.713986 1.052160 -2.554593 -9.839808 1.349949 -3.707650 -9.158080 1.987143'/>
				</IndexedFaceSet>
			</Shape>
			<Shape DEF='_IDX_1062'>
				<Appearance USE='Material_166_IDX_166'/>
				<IndexedFaceSet solid="false" coordIndex='0 1 2 3 -1'>
					<Coordinate point='-2.778167 -7.274827 1.138060 -1.902918 -7.766453 0.773132 -2.197258 -8.713986 1.052160 -3.197086 -8.135611 1.548794'/>
				</IndexedFaceSet>
			</Shape>
			<Shape DEF='_IDX_1063'>
				<Appearance USE='Material_167_IDX_167'/>
				<IndexedFaceSet solid="false" coordIndex='0 1 2 3 -1'>
					<Coordinate point='-2.430671 -6.554216 0.747618 -1.657145 -6.971251 0.507888 -1.902918 -7.766453 0.773132 -2.778167 -7.274827 1.138060'/>
				</IndexedFaceSet>
			</Shape>
			<Shape DEF='_IDX_1064'>
				<Appearance USE='Material_38_IDX_38'/>
				<IndexedFaceSet solid="false" coordIndex='0 1 2 3 -1'>
					<Coordinate point='-2.135973 -5.956143 0.370506 -1.446421 -6.306336 0.251700 -1.657145 -6.971251 0.507888 -2.430671 -6.554216 0.747618'/>
				</IndexedFaceSet>
			</Shape>
			<Shape DEF='_IDX_1065'>
				<Appearance USE='Material_39_IDX_39'/>
				<IndexedFaceSet solid="false" coordIndex='0 1 2 3 -1'>
					<Coordinate point='-1.875765 -5.466074 0.000000 -1.257076 -5.752384 0.000000 -1.446421 -6.306336 0.251700 -2.135973 -5.956143 0.370506'/>
				</IndexedFaceSet>
			</Shape>
			<Shape DEF='_IDX_1066'>
				<Appearance USE='Material_14_IDX_14'/>
				<IndexedFaceSet solid="false" coordIndex='0 1 2 3 -1'>
					<Coordinate point='-6.412782 -20.672447 3.528512 -3.282650 -21.767603 1.784184 -3.840981 -24.775066 2.024981 -7.501328 -23.491241 4.004725'/>
				</IndexedFaceSet>
			</Shape>
			<Shape DEF='_IDX_1067'>
				<Appearance USE='Material_168_IDX_168'/>
				<IndexedFaceSet solid="false" coordIndex='0 1 2 3 -1'>
					<Coordinate point='-5.495668 -18.241526 3.097559 -2.812212 -19.177408 1.566274 -3.282650 -21.767603 1.784184 -6.412782 -20.672447 3.528512'/>
				</IndexedFaceSet>
			</Shape>
			<Shape DEF='_IDX_1068'>
				<Appearance USE='Material_16_IDX_16'/>
				<IndexedFaceSet solid="false" coordIndex='0 1 2 3 -1'>
					<Coordinate point='-4.723294 -16.142380 2.706340 -2.415972 -16.943806 1.368455 -2.812212 -19.177408 1.566274 -5.495668 -18.241526 3.097559'/>
				</IndexedFaceSet>
			</Shape>
			<Shape DEF='_IDX_1069'>
				<Appearance USE='Material_17_IDX_17'/>
				<IndexedFaceSet solid="false" coordIndex='0 1 2 3 -1'>
					<Coordinate point='-4.073075 -14.327674 2.349836 -2.082341 -15.015573 1.188190 -2.415972 -16.943806 1.368455 -4.723294 -16.142380 2.706340'/>
				</IndexedFaceSet>
			</Shape>
			<Shape DEF='_IDX_1070'>
				<Appearance USE='Material_18_IDX_18'/>
				<IndexedFaceSet solid="false" coordIndex='0 1 2 3 -1'>
					<Coordinate point='-3.525874 -12.757475 2.023474 -1.801493 -13.349461 1.023165 -2.082341 -15.015573 1.188190 -4.073075 -14.327674 2.349836'/>
				</IndexedFaceSet>
			</Shape>
			<Shape DEF='_IDX_1071'>
				<Appearance USE='Material_19_IDX_19'/>
				<IndexedFaceSet solid="false" coordIndex='0 1 2 3 -1'>
					<Coordinate point='-3.525874 -12.757475 2.023474 -1.801493 -13.349461 1.023165 -1.801493 -13.349461 1.023165 -3.525874 -12.757475 2.023474'/>
				</IndexedFaceSet>
			</Shape>
			<Shape DEF='_IDX_1072'>
				<Appearance USE='Material_20_IDX_20'/>
				<IndexedFaceSet solid="false" coordIndex='0 1 2 3 -1'>
					<Coordinate point='-2.991161 -11.175056 1.671807 -1.526925 -11.672770 0.845346 -1.801493 -13.349461 1.023165 -3.525874 -12.757475 2.023474'/>
				</IndexedFaceSet>
			</Shape>
			<Shape DEF='_IDX_1073'>
				<Appearance USE='Material_21_IDX_21'/>
				<IndexedFaceSet solid="false" coordIndex='0 1 2 3 -1'>
					<Coordinate point='-2.554593 -9.839808 1.349949 -1.302569 -10.259825 0.682599 -1.526925 -11.672770 0.845346 -2.991161 -11.175056 1.671807'/>
				</IndexedFaceSet>
			</Shape>
			<Shape DEF='_IDX_1074'>
				<Appearance USE='Material_22_IDX_22'/>
				<IndexedFaceSet solid="false" coordIndex='0 1 2 3 -1'>
					<Coordinate point='-2.197258 -8.713986 1.052160 -1.118673 -9.069468 0.532022 -1.302569 -10.259825 0.682599 -2.554593 -9.839808 1.349949'/>
				</IndexedFaceSet>
			</Shape>
			<Shape DEF='_IDX_1075'>
				<Appearance USE='Material_23_IDX_23'/>
				<IndexedFaceSet solid="false" coordIndex='0 1 2 3 -1'>
					<Coordinate point='-1.902918 -7.766453 0.773132 -0.966835 -8.067514 0.390932 -1.118673 -9.069468 0.532022 -2.197258 -8.713986 1.052160'/>
				</IndexedFaceSet>
			</Shape>
			<Shape DEF='_IDX_1076'>
				<Appearance USE='Material_24_IDX_24'/>
				<IndexedFaceSet solid="false" coordIndex='0 1 2 3 -1'>
					<Coordinate point='-1.657145 -6.971251 0.507888 -0.839539 -7.225150 0.256812 -0.966835 -8.067514 0.390932 -1.902918 -7.766453 0.773132'/>
				</IndexedFaceSet>
			</Shape>
			<Shape DEF='_IDX_1077'>
				<Appearance USE='Material_25_IDX_25'/>
				<IndexedFaceSet solid="false" coordIndex='0 1 2 3 -1'>
					<Coordinate point='-1.446421 -6.306336 0.251700 -0.729656 -6.517410 0.127272 -0.839539 -7.225150 0.256812 -1.657145 -6.971251 0.507888'/>
				</IndexedFaceSet>
			</Shape>
			<Shape DEF='_IDX_1078'>
				<Appearance USE='Material_26_IDX_26'/>
				<IndexedFaceSet solid="false" coordIndex='0 1 2 3 -1'>
					<Coordinate point='-1.257076 -5.752384 0.000000 -0.629839 -5.921650 0.000000 -0.729656 -6.517410 0.127272 -1.446421 -6.306336 0.251700'/>
				</IndexedFaceSet>
			</Shape>
			<Shape DEF='_IDX_1079'>
				<Appearance USE='Material_169_IDX_169'/>
				<IndexedFaceSet solid="false" coordIndex='0 1 2 3 -1'>
					<Coordinate point='-3.282650 -21.767603 1.784184 -0.000002 -22.138418 0.000001 -0.000003 -25.209831 0.000001 -3.840981 -24.775066 2.024981'/>
				</IndexedFaceSet>
			</Shape>
			<Shape DEF='_IDX_1080'>
				<Appearance USE='Material_2_IDX_2'/>
				<IndexedFaceSet solid="false" coordIndex='0 1 2 3 -1'>
					<Coordinate point='-2.812212 -19.177408 1.566274 -0.000002 -19.494234 0.000001 -0.000002 -22.138418 0.000001 -3.282650 -21.767603 1.784184'/>
				</IndexedFaceSet>
			</Shape>
			<Shape DEF='_IDX_1081'>
				<Appearance USE='Material_170_IDX_170'/>
				<IndexedFaceSet solid="false" coordIndex='0 1 2 3 -1'>
					<Coordinate point='-2.415972 -16.943806 1.368455 -0.000002 -17.215050 0.000001 -0.000002 -19.494234 0.000001 -2.812212 -19.177408 1.566274'/>
				</IndexedFaceSet>
			</Shape>
			<Shape DEF='_IDX_1082'>
				<Appearance USE='Material_171_IDX_171'/>
				<IndexedFaceSet solid="false" coordIndex='0 1 2 3 -1'>
					<Coordinate point='-2.082341 -15.015573 1.188190 -0.000001 -15.248323 0.000001 -0.000002 -17.215050 0.000001 -2.415972 -16.943806 1.368455'/>
				</IndexedFaceSet>
			</Shape>
			<Shape DEF='_IDX_1083'>
				<Appearance USE='Material_5_IDX_5'/>
				<IndexedFaceSet solid="false" coordIndex='0 1 2 3 -1'>
					<Coordinate point='-1.801493 -13.349461 1.023165 -0.000001 -13.549685 0.000001 -0.000001 -15.248323 0.000001 -2.082341 -15.015573 1.188190'/>
				</IndexedFaceSet>
			</Shape>
			<Shape DEF='_IDX_1084'>
				<Appearance USE='Material_172_IDX_172'/>
				<IndexedFaceSet solid="false" coordIndex='0 1 2 3 -1'>
					<Coordinate point='-1.801493 -13.349461 1.023165 -0.000001 -13.549685 0.000001 -0.000001 -13.549685 0.000001 -1.801493 -13.349461 1.023165'/>
				</IndexedFaceSet>
			</Shape>
			<Shape DEF='_IDX_1085'>
				<Appearance USE='Material_173_IDX_173'/>
				<IndexedFaceSet solid="false" coordIndex='0 1 2 3 -1'>
					<Coordinate point='-1.526925 -11.672770 0.845346 -0.000001 -11.841008 0.000001 -0.000001 -13.549685 0.000001 -1.801493 -13.349461 1.023165'/>
				</IndexedFaceSet>
			</Shape>
			<Shape DEF='_IDX_1086'>
				<Appearance USE='Material_8_IDX_8'/>
				<IndexedFaceSet solid="false" coordIndex='0 1 2 3 -1'>
					<Coordinate point='-1.302569 -10.259825 0.682599 -0.000001 -10.401681 0.000000 -0.000001 -11.841008 0.000001 -1.526925 -11.672770 0.845346'/>
				</IndexedFaceSet>
			</Shape>
			<Shape DEF='_IDX_1087'>
				<Appearance USE='Material_9_IDX_9'/>
				<IndexedFaceSet solid="false" coordIndex='0 1 2 3 -1'>
					<Coordinate point='-1.118673 -9.069468 0.532022 -0.000001 -9.189380 0.000000 -0.000001 -10.401681 0.000000 -1.302569 -10.259825 0.682599'/>
				</IndexedFaceSet>
			</Shape>
			<Shape DEF='_IDX_1088'>
				<Appearance USE='Material_10_IDX_10'/>
				<IndexedFaceSet solid="false" coordIndex='0 1 2 3 -1'>
					<Coordinate point='-0.966835 -8.067514 0.390932 -0.000001 -8.168880 0.000000 -0.000001 -9.189380 0.000000 -1.118673 -9.069468 0.532022'/>
				</IndexedFaceSet>
			</Shape>
			<Shape DEF='_IDX_1089'>
				<Appearance USE='Material_11_IDX_11'/>
				<IndexedFaceSet solid="false" coordIndex='0 1 2 3 -1'>
					<Coordinate point='-0.839539 -7.225150 0.256812 -0.000001 -7.310373 0.000000 -0.000001 -8.168880 0.000000 -0.966835 -8.067514 0.390932'/>
				</IndexedFaceSet>
			</Shape>
			<Shape DEF='_IDX_1090'>
				<Appearance USE='Material_174_IDX_174'/>
				<IndexedFaceSet solid="false" coordIndex='0 1 2 3 -1'>
					<Coordinate point='-0.729656 -6.517410 0.127272 -0.000000 -6.587874 0.000000 -0.000001 -7.310373 0.000000 -0.839539 -7.225150 0.256812'/>
				</IndexedFaceSet>
			</Shape>
			<Shape DEF='_IDX_1091'>
				<Appearance USE='Material_175_IDX_175'/>
				<IndexedFaceSet solid="false" coordIndex='0 1 2 3 -1'>
					<Coordinate point='-0.629839 -5.921650 0.000000 -0.000000 -5.977540 0.000000 -0.000000 -6.587874 0.000000 -0.729656 -6.517410 0.127272'/>
				</IndexedFaceSet>
			</Shape>
			<Shape DEF='_IDX_1092'>
				<Appearance USE='Material_1_IDX_1'/>
				<IndexedFaceSet solid="false" coordIndex='0 1 2 3 -1'>
					<Coordinate point='9.472039 0.000002 0.000001 9.173079 2.673965 1.784184 11.740790 3.124040 2.024981 12.114709 0.000002 0.000001'/>
				</IndexedFaceSet>
			</Shape>
			<Shape DEF='_IDX_1093'>
				<Appearance USE='Material_2_IDX_2'/>
				<IndexedFaceSet solid="false" coordIndex='0 1 2 3 -1'>
					<Coordinate point='7.170965 0.000002 0.000001 6.949204 2.341528 1.566274 9.173079 2.673965 1.784184 9.472039 0.000002 0.000001'/>
				</IndexedFaceSet>
			</Shape>
			<Shape DEF='_IDX_1094'>
				<Appearance USE='Material_3_IDX_3'/>
				<IndexedFaceSet solid="false" coordIndex='0 1 2 3 -1'>
					<Coordinate point='5.116354 0.000001 0.000001 4.997092 2.142523 1.368455 6.949204 2.341528 1.566274 7.170965 0.000002 0.000001'/>
				</IndexedFaceSet>
			</Shape>
			<Shape DEF='_IDX_1095'>
				<Appearance USE='Material_4_IDX_4'/>
				<IndexedFaceSet solid="false" coordIndex='0 1 2 3 -1'>
					<Coordinate point='3.158188 0.000002 0.000001 3.261897 2.137143 1.188190 4.997092 2.142523 1.368455 5.116354 0.000001 0.000001'/>
				</IndexedFaceSet>
			</Shape>
			<Shape DEF='_IDX_1096'>
				<Appearance USE='Material_5_IDX_5'/>
				<IndexedFaceSet solid="false" coordIndex='0 1 2 3 -1'>
					<Coordinate point='0.001829 0.001829 0.000001 1.796680 2.453188 1.023165 3.261897 2.137143 1.188190 3.158188 0.000002 0.000001'/>
				</IndexedFaceSet>
			</Shape>
			<Shape DEF='_IDX_1097'>
				<Appearance USE='Material_6_IDX_6'/>
				<IndexedFaceSet solid="false" coordIndex='0 1 2 3 -1'>
					<Coordinate point='0.001829 0.001829 0.000001 1.796680 2.453188 1.023165 1.796680 2.453188 1.023165 0.001829 0.001829 0.000001'/>
				</IndexedFaceSet>
			</Shape>
			<Shape DEF='_IDX_1098'>
				<Appearance USE='Material_7_IDX_7'/>
				<IndexedFaceSet solid="false" coordIndex='0 1 2 3 -1'>
					<Coordinate point='0.000001 2.721608 0.000001 0.717430 3.127908 0.845346 1.796680 2.453188 1.023165 0.001829 0.001829 0.000001'/>
				</IndexedFaceSet>
			</Shape>
			<Shape DEF='_IDX_1099'>
				<Appearance USE='Material_8_IDX_8'/>
				<IndexedFaceSet solid="false" coordIndex='0 1 2 3 -1'>
					<Coordinate point='0.000000 3.564818 0.000000 0.187118 3.713712 0.682599 0.717430 3.127908 0.845346 0.000001 2.721608 0.000001'/>
				</IndexedFaceSet>
			</Shape>
			<Shape DEF='_IDX_1100'>
				<Appearance USE='Material_9_IDX_9'/>
				<IndexedFaceSet solid="false" coordIndex='0 1 2 3 -1'>
					<Coordinate point='-0.000000 4.116542 0.000000 -0.105601 4.171835 0.532022 0.187118 3.713712 0.682599 0.000000 3.564818 0.000000'/>
				</IndexedFaceSet>
			</Shape>
			<Shape DEF='_IDX_1101'>
				<Appearance USE='Material_10_IDX_10'/>
				<IndexedFaceSet solid="false" coordIndex='0 1 2 3 -1'>
					<Coordinate point='-0.000000 4.565847 0.000000 -0.291265 4.574254 0.390932 -0.105601 4.171835 0.532022 -0.000000 4.116542 0.000000'/>
				</IndexedFaceSet>
			</Shape>
			<Shape DEF='_IDX_1102'>
				<Appearance USE='Material_11_IDX_11'/>
				<IndexedFaceSet solid="false" coordIndex='0 1 2 3 -1'>
					<Coordinate point='-0.000000 4.996156 0.000000 -0.424178 4.976172 0.256812 -0.291265 4.574254 0.390932 -0.000000 4.565847 0.000000'/>
				</IndexedFaceSet>
			</Shape>
			<Shape DEF='_IDX_1103'>
				<Appearance USE='Material_12_IDX_12'/>
				<IndexedFaceSet solid="false" coordIndex='0 1 2 3 -1'>
					<Coordinate point='-0.000000 5.455700 0.000000 -0.531658 5.415804 0.127272 -0.424178 4.976172 0.256812 -0.000000 4.996156 0.000000'/>
				</IndexedFaceSet>
			</Shape>
			<Shape DEF='_IDX_1104'>
				<Appearance USE='Material_13_IDX_13'/>
				<IndexedFaceSet solid="false" coordIndex='0 1 2 3 -1'>
					<Coordinate point='-0.000000 5.977540 0.000000 -0.629839 5.921649 0.000000 -0.531658 5.415804 0.127272 -0.000000 5.455700 0.000000'/>
				</IndexedFaceSet>
			</Shape>
			<Shape DEF='_IDX_1105'>
				<Appearance USE='Material_14_IDX_14'/>
				<IndexedFaceSet solid="false" coordIndex='0 1 2 3 -1'>
					<Coordinate point='9.173079 2.673965 1.784184 8.276211 5.148722 3.528512 10.631310 6.041429 4.004725 11.740790 3.124040 2.024981'/>
				</IndexedFaceSet>
			</Shape>
			<Shape DEF='_IDX_1106'>
				<Appearance USE='Material_15_IDX_15'/>
				<IndexedFaceSet solid="false" coordIndex='0 1 2 3 -1'>
					<Coordinate point='6.949204 2.341528 1.566274 6.255954 4.464893 3.097559 8.276211 5.148722 3.528512 9.173079 2.673965 1.784184'/>
				</IndexedFaceSet>
			</Shape>
			<Shape DEF='_IDX_1107'>
				<Appearance USE='Material_16_IDX_16'/>
				<IndexedFaceSet solid="false" coordIndex='0 1 2 3 -1'>
					<Coordinate point='4.997092 2.142523 1.368455 4.521852 3.985698 2.706340 6.255954 4.464893 3.097559 6.949204 2.341528 1.566274'/>
				</IndexedFaceSet>
			</Shape>
			<Shape DEF='_IDX_1108'>
				<Appearance USE='Material_17_IDX_17'/>
				<IndexedFaceSet solid="false" coordIndex='0 1 2 3 -1'>
					<Coordinate point='3.261897 2.137143 1.188190 3.049722 3.717878 2.349836 4.521852 3.985698 2.706340 4.997092 2.142523 1.368455'/>
				</IndexedFaceSet>
			</Shape>
			<Shape DEF='_IDX_1109'>
				<Appearance USE='Material_18_IDX_18'/>
				<IndexedFaceSet solid="false" coordIndex='0 1 2 3 -1'>
					<Coordinate point='1.796680 2.453188 1.023165 1.849463 3.659742 2.023474 3.049722 3.717878 2.349836 3.261897 2.137143 1.188190'/>
				</IndexedFaceSet>
			</Shape>
			<Shape DEF='_IDX_1110'>
				<Appearance USE='Material_19_IDX_19'/>
				<IndexedFaceSet solid="false" coordIndex='0 1 2 3 -1'>
					<Coordinate point='1.796680 2.453188 1.023165 1.849463 3.659742 2.023474 1.849463 3.659742 2.023474 1.796680 2.453188 1.023165'/>
				</IndexedFaceSet>
			</Shape>
			<Shape DEF='_IDX_1111'>
				<Appearance USE='Material_20_IDX_20'/>
				<IndexedFaceSet solid="false" coordIndex='0 1 2 3 -1'>
					<Coordinate point='0.717430 3.127908 0.845346 0.808650 3.793780 1.671807 1.849463 3.659742 2.023474 1.796680 2.453188 1.023165'/>
				</IndexedFaceSet>
			</Shape>
			<Shape DEF='_IDX_1112'>
				<Appearance USE='Material_21_IDX_21'/>
				<IndexedFaceSet solid="false" coordIndex='0 1 2 3 -1'>
					<Coordinate point='0.187118 3.713712 0.682599 0.120280 4.027037 1.349949 0.808650 3.793780 1.671807 0.717430 3.127908 0.845346'/>
				</IndexedFaceSet>
			</Shape>
			<Shape DEF='_IDX_1113'>
				<Appearance USE='Material_22_IDX_22'/>
				<IndexedFaceSet solid="false" coordIndex='0 1 2 3 -1'>
					<Coordinate point='-0.105601 4.171835 0.532022 -0.331441 4.291133 1.052160 0.120280 4.027037 1.349949 0.187118 3.713712 0.682599'/>
				</IndexedFaceSet>
			</Shape>
			<Shape DEF='_IDX_1114'>
				<Appearance USE='Material_23_IDX_23'/>
				<IndexedFaceSet solid="false" coordIndex='0 1 2 3 -1'>
					<Coordinate point='-0.291265 4.574254 0.390932 -0.643494 4.579322 0.773132 -0.331441 4.291133 1.052160 -0.105601 4.171835 0.532022'/>
				</IndexedFaceSet>
			</Shape>
			<Shape DEF='_IDX_1115'>
				<Appearance USE='Material_24_IDX_24'/>
				<IndexedFaceSet solid="false" coordIndex='0 1 2 3 -1'>
					<Coordinate point='-0.424178 4.976172 0.256812 -0.877997 4.906600 0.507888 -0.643494 4.579322 0.773132 -0.291265 4.574254 0.390932'/>
				</IndexedFaceSet>
			</Shape>
			<Shape DEF='_IDX_1116'>
				<Appearance USE='Material_25_IDX_25'/>
				<IndexedFaceSet solid="false" coordIndex='0 1 2 3 -1'>
					<Coordinate point='-0.531658 5.415804 0.127272 -1.073887 5.291609 0.251700 -0.877997 4.906600 0.507888 -0.424178 4.976172 0.256812'/>
				</IndexedFaceSet>
			</Shape>
			<Shape DEF='_IDX_1117'>
				<Appearance USE='Material_26_IDX_26'/>
				<IndexedFaceSet solid="false" coordIndex='0 1 2 3 -1'>
					<Coordinate point='-0.629839 5.921649 0.000000 -1.257076 5.752384 0.000000 -1.073887 5.291609 0.251700 -0.531658 5.415804 0.127272'/>
				</IndexedFaceSet>
			</Shape>
			<Shape DEF='_IDX_1118'>
				<Appearance USE='Material_27_IDX_27'/>
				<IndexedFaceSet solid="false" coordIndex='0 1 2 3 -1'>
					<Coordinate point='8.276211 5.148722 3.528512 6.800459 7.263868 5.194018 8.829163 8.568593 5.895011 10.631310 6.041429 4.004725'/>
				</IndexedFaceSet>
			</Shape>
			<Shape DEF='_IDX_1119'>
				<Appearance USE='Material_28_IDX_28'/>
				<IndexedFaceSet solid="false" coordIndex='0 1 2 3 -1'>
					<Coordinate point='6.255954 4.464893 3.097559 5.072058 6.236422 4.559650 6.800459 7.263868 5.194018 8.276211 5.148722 3.528512'/>
				</IndexedFaceSet>
			</Shape>
			<Shape DEF='_IDX_1120'>
				<Appearance USE='Material_29_IDX_29'/>
				<IndexedFaceSet solid="false" coordIndex='0 1 2 3 -1'>
					<Coordinate point='4.521852 3.985698 2.706340 3.604828 5.459405 3.983770 5.072058 6.236422 4.559650 6.255954 4.464893 3.097559'/>
				</IndexedFaceSet>
			</Shape>
			<Shape DEF='_IDX_1121'>
				<Appearance USE='Material_30_IDX_30'/>
				<IndexedFaceSet solid="false" coordIndex='0 1 2 3 -1'>
					<Coordinate point='3.049722 3.717878 2.349836 2.373533 4.909956 3.458992 3.604828 5.459405 3.983770 4.521852 3.985698 2.706340'/>
				</IndexedFaceSet>
			</Shape>
			<Shape DEF='_IDX_1122'>
				<Appearance USE='Material_31_IDX_31'/>
				<IndexedFaceSet solid="false" coordIndex='0 1 2 3 -1'>
					<Coordinate point='1.849463 3.659742 2.023474 1.364019 4.561434 2.978582 2.373533 4.909956 3.458992 3.049722 3.717878 2.349836'/>
				</IndexedFaceSet>
			</Shape>
			<Shape DEF='_IDX_1123'>
				<Appearance USE='Material_32_IDX_32'/>
				<IndexedFaceSet solid="false" coordIndex='0 1 2 3 -1'>
					<Coordinate point='1.849463 3.659742 2.023474 1.364019 4.561434 2.978582 1.364019 4.561434 2.978582 1.849463 3.659742 2.023474'/>
				</IndexedFaceSet>
			</Shape>
			<Shape DEF='_IDX_1124'>
				<Appearance USE='Material_33_IDX_33'/>
				<IndexedFaceSet solid="false" coordIndex='0 1 2 3 -1'>
					<Coordinate point='0.808650 3.793780 1.671807 0.440371 4.358478 2.460924 1.364019 4.561434 2.978582 1.849463 3.659742 2.023474'/>
				</IndexedFaceSet>
			</Shape>
			<Shape DEF='_IDX_1125'>
				<Appearance USE='Material_34_IDX_34'/>
				<IndexedFaceSet solid="false" coordIndex='0 1 2 3 -1'>
					<Coordinate point='0.120280 4.027037 1.349949 -0.235211 4.316402 1.987143 0.440371 4.358478 2.460924 0.808650 3.793780 1.671807'/>
				</IndexedFaceSet>
			</Shape>
			<Shape DEF='_IDX_1126'>
				<Appearance USE='Material_35_IDX_35'/>
				<IndexedFaceSet solid="false" coordIndex='0 1 2 3 -1'>
					<Coordinate point='-0.331441 4.291133 1.052160 -0.724005 4.383971 1.548794 -0.235211 4.316402 1.987143 0.120280 4.027037 1.349949'/>
				</IndexedFaceSet>
			</Shape>
			<Shape DEF='_IDX_1127'>
				<Appearance USE='Material_36_IDX_36'/>
				<IndexedFaceSet solid="false" coordIndex='0 1 2 3 -1'>
					<Coordinate point='-0.643494 4.579322 0.773132 -1.087940 4.535630 1.138060 -0.724005 4.383971 1.548794 -0.331441 4.291133 1.052160'/>
				</IndexedFaceSet>
			</Shape>
			<Shape DEF='_IDX_1128'>
				<Appearance USE='Material_37_IDX_37'/>
				<IndexedFaceSet solid="false" coordIndex='0 1 2 3 -1'>
					<Coordinate point='-0.877997 4.906600 0.507888 -1.377457 4.764188 0.747618 -1.087940 4.535630 1.138060 -0.643494 4.579322 0.773132'/>
				</IndexedFaceSet>
			</Shape>
			<Shape DEF='_IDX_1129'>
				<Appearance USE='Material_38_IDX_38'/>
				<IndexedFaceSet solid="false" coordIndex='0 1 2 3 -1'>
					<Coordinate point='-1.073887 5.291609 0.251700 -1.630513 5.071999 0.370506 -1.377457 4.764188 0.747618 -0.877997 4.906600 0.507888'/>
				</IndexedFaceSet>
			</Shape>
			<Shape DEF='_IDX_1130'>
				<Appearance USE='Material_39_IDX_39'/>
				<IndexedFaceSet solid="false" coordIndex='0 1 2 3 -1'>
					<Coordinate point='-1.257076 5.752384 0.000000 -1.875765 5.466074 0.000000 -1.630513 5.071999 0.370506 -1.073887 5.291609 0.251700'/>
				</IndexedFaceSet>
			</Shape>
			<Shape DEF='_IDX_1131'>
				<Appearance USE='Material_40_IDX_40'/>
				<IndexedFaceSet solid="false" coordIndex='0 1 2 3 -1'>
					<Coordinate point='6.800459 7.263868 5.194018 4.805490 8.898298 6.743498 6.415915 10.554007 7.653612 8.829163 8.568593 5.895011'/>
				</IndexedFaceSet>
			</Shape>
			<Shape DEF='_IDX_1132'>
				<Appearance USE='Material_41_IDX_41'/>
				<IndexedFaceSet solid="false" coordIndex='0 1 2 3 -1'>
					<Coordinate point='5.072058 6.236422 4.559650 3.437770 7.572488 5.919886 4.805490 8.898298 6.743498 6.800459 7.263868 5.194018'/>
				</IndexedFaceSet>
			</Shape>
			<Shape DEF='_IDX_1133'>
				<Appearance USE='Material_42_IDX_42'/>
				<IndexedFaceSet solid="false" coordIndex='0 1 2 3 -1'>
					<Coordinate point='3.604828 5.459405 3.983770 2.280870 6.534163 5.172210 3.437770 7.572488 5.919886 5.072058 6.236422 4.559650'/>
				</IndexedFaceSet>
			</Shape>
			<Shape DEF='_IDX_1134'>
				<Appearance USE='Material_43_IDX_43'/>
				<IndexedFaceSet solid="false" coordIndex='0 1 2 3 -1'>
					<Coordinate point='2.373533 4.909956 3.458992 1.310774 5.746087 4.490879 2.280870 6.534163 5.172210 3.604828 5.459405 3.983770'/>
				</IndexedFaceSet>
			</Shape>
			<Shape DEF='_IDX_1135'>
				<Appearance USE='Material_44_IDX_44'/>
				<IndexedFaceSet solid="false" coordIndex='0 1 2 3 -1'>
					<Coordinate point='1.364019 4.561434 2.978582 0.508650 5.172984 3.867154 1.310774 5.746087 4.490879 2.373533 4.909956 3.458992'/>
				</IndexedFaceSet>
			</Shape>
			<Shape DEF='_IDX_1136'>
				<Appearance USE='Material_45_IDX_45'/>
				<IndexedFaceSet solid="false" coordIndex='0 1 2 3 -1'>
					<Coordinate point='1.364019 4.561434 2.978582 0.508650 5.172984 3.867154 0.508650 5.172984 3.867154 1.364019 4.561434 2.978582'/>
				</IndexedFaceSet>
			</Shape>
			<Shape DEF='_IDX_1137'>
				<Appearance USE='Material_46_IDX_46'/>
				<IndexedFaceSet solid="false" coordIndex='0 1 2 3 -1'>
					<Coordinate point='0.440371 4.358478 2.460924 -0.245467 4.725911 3.195067 0.508650 5.172984 3.867154 1.364019 4.561434 2.978582'/>
				</IndexedFaceSet>
			</Shape>
			<Shape DEF='_IDX_1138'>
				<Appearance USE='Material_47_IDX_47'/>
				<IndexedFaceSet solid="false" coordIndex='0 1 2 3 -1'>
					<Coordinate point='-0.235211 4.316402 1.987143 -0.825034 4.474789 2.579948 -0.245467 4.725911 3.195067 0.440371 4.358478 2.460924'/>
				</IndexedFaceSet>
			</Shape>
			<Shape DEF='_IDX_1139'>
				<Appearance USE='Material_48_IDX_48'/>
				<IndexedFaceSet solid="false" coordIndex='0 1 2 3 -1'>
					<Coordinate point='-0.724005 4.383971 1.548794 -1.270300 4.375370 2.010831 -0.825034 4.474789 2.579948 -0.235211 4.316402 1.987143'/>
				</IndexedFaceSet>
			</Shape>
			<Shape DEF='_IDX_1140'>
				<Appearance USE='Material_49_IDX_49'/>
				<IndexedFaceSet solid="false" coordIndex='0 1 2 3 -1'>
					<Coordinate point='-1.087940 4.535630 1.138060 -1.622855 4.397334 1.477567 -1.270300 4.375370 2.010831 -0.724005 4.383971 1.548794'/>
				</IndexedFaceSet>
			</Shape>
			<Shape DEF='_IDX_1141'>
				<Appearance USE='Material_50_IDX_50'/>
				<IndexedFaceSet solid="false" coordIndex='0 1 2 3 -1'>
					<Coordinate point='-1.377457 4.764188 0.747618 -1.920562 4.523130 0.970648 -1.622855 4.397334 1.477567 -1.087940 4.535630 1.138060'/>
				</IndexedFaceSet>
			</Shape>
			<Shape DEF='_IDX_1142'>
				<Appearance USE='Material_51_IDX_51'/>
				<IndexedFaceSet solid="false" coordIndex='0 1 2 3 -1'>
					<Coordinate point='-1.630513 5.071999 0.370506 -2.195589 4.744537 0.481036 -1.920562 4.523130 0.970648 -1.377457 4.764188 0.747618'/>
				</IndexedFaceSet>
			</Shape>
			<Shape DEF='_IDX_1143'>
				<Appearance USE='Material_52_IDX_52'/>
				<IndexedFaceSet solid="false" coordIndex='0 1 2 3 -1'>
					<Coordinate point='-1.875765 5.466074 0.000000 -2.474922 5.059610 0.000000 -2.195589 4.744537 0.481036 -1.630513 5.071999 0.370506'/>
				</IndexedFaceSet>
			</Shape>
			<Shape DEF='_IDX_1144'>
				<Appearance USE='Material_53_IDX_53'/>
				<IndexedFaceSet solid="false" coordIndex='0 1 2 3 -1'>
					<Coordinate point='4.805490 8.898298 6.743498 2.390326 9.959919 8.142341 3.511013 11.878979 9.241243 6.415915 10.554007 7.653612'/>
				</IndexedFaceSet>
			</Shape>
			<Shape DEF='_IDX_1145'>
				<Appearance USE='Material_54_IDX_54'/>
				<IndexedFaceSet solid="false" coordIndex='0 1 2 3 -1'>
					<Coordinate point='3.437770 7.572488 5.919886 1.438524 8.408536 7.147881 2.390326 9.959919 8.142341 4.805490 8.898298 6.743498'/>
				</IndexedFaceSet>
			</Shape>
			<Shape DEF='_IDX_1146'>
				<Appearance USE='Material_55_IDX_55'/>
				<IndexedFaceSet solid="false" coordIndex='0 1 2 3 -1'>
					<Coordinate point='2.280870 6.534163 5.172210 0.632863 7.172507 6.245110 1.438524 8.408536 7.147881 3.437770 7.572488 5.919886'/>
				</IndexedFaceSet>
			</Shape>
			<Shape DEF='_IDX_1147'>
				<Appearance USE='Material_56_IDX_56'/>
				<IndexedFaceSet solid="false" coordIndex='0 1 2 3 -1'>
					<Coordinate point='1.310774 5.746087 4.490879 -0.044946 6.206581 5.422447 0.632863 7.172507 6.245110 2.280870 6.534163 5.172210'/>
				</IndexedFaceSet>
			</Shape>
			<Shape DEF='_IDX_1148'>
				<Appearance USE='Material_57_IDX_57'/>
				<IndexedFaceSet solid="false" coordIndex='0 1 2 3 -1'>
					<Coordinate point='0.508650 5.172984 3.867154 -0.610395 5.470632 4.669339 -0.044946 6.206581 5.422447 1.310774 5.746087 4.490879'/>
				</IndexedFaceSet>
			</Shape>
			<Shape DEF='_IDX_1149'>
				<Appearance USE='Material_58_IDX_58'/>
				<IndexedFaceSet solid="false" coordIndex='0 1 2 3 -1'>
					<Coordinate point='0.508650 5.172984 3.867154 -0.610395 5.470632 4.669339 -0.610395 5.470632 4.669339 0.508650 5.172984 3.867154'/>
				</IndexedFaceSet>
			</Shape>
			<Shape DEF='_IDX_1150'>
				<Appearance USE='Material_59_IDX_59'/>
				<IndexedFaceSet solid="false" coordIndex='0 1 2 3 -1'>
					<Coordinate point='-0.245467 4.725911 3.195067 -1.152514 4.849546 3.857838 -0.610395 5.470632 4.669339 0.508650 5.172984 3.867154'/>
				</IndexedFaceSet>
			</Shape>
			<Shape DEF='_IDX_1151'>
				<Appearance USE='Material_60_IDX_60'/>
				<IndexedFaceSet solid="false" coordIndex='0 1 2 3 -1'>
					<Coordinate point='-0.825034 4.474789 2.579948 -1.583959 4.446033 3.115122 -1.152514 4.849546 3.857838 -0.245467 4.725911 3.195067'/>
				</IndexedFaceSet>
			</Shape>
			<Shape DEF='_IDX_1152'>
				<Appearance USE='Material_61_IDX_61'/>
				<IndexedFaceSet solid="false" coordIndex='0 1 2 3 -1'>
					<Coordinate point='-1.270300 4.375370 2.010831 -1.932092 4.217286 2.427949 -1.583959 4.446033 3.115122 -0.825034 4.474789 2.579948'/>
				</IndexedFaceSet>
			</Shape>
			<Shape DEF='_IDX_1153'>
				<Appearance USE='Material_62_IDX_62'/>
				<IndexedFaceSet solid="false" coordIndex='0 1 2 3 -1'>
					<Coordinate point='-1.622855 4.397334 1.477567 -2.225266 4.130687 1.784067 -1.932092 4.217286 2.427949 -1.270300 4.375370 2.010831'/>
				</IndexedFaceSet>
			</Shape>
			<Shape DEF='_IDX_1154'>
				<Appearance USE='Material_63_IDX_63'/>
				<IndexedFaceSet solid="false" coordIndex='0 1 2 3 -1'>
					<Coordinate point='-1.920562 4.523130 0.970648 -2.490913 4.163314 1.171995 -2.225266 4.130687 1.784067 -1.622855 4.397334 1.477567'/>
				</IndexedFaceSet>
			</Shape>
			<Shape DEF='_IDX_1155'>
				<Appearance USE='Material_64_IDX_64'/>
				<IndexedFaceSet solid="false" coordIndex='0 1 2 3 -1'>
					<Coordinate point='-2.195589 4.744537 0.481036 -2.754388 4.300327 0.580820 -2.490913 4.163314 1.171995 -1.920562 4.523130 0.970648'/>
				</IndexedFaceSet>
			</Shape>
			<Shape DEF='_IDX_1156'>
				<Appearance USE='Material_65_IDX_65'/>
				<IndexedFaceSet solid="false" coordIndex='0 1 2 3 -1'>
					<Coordinate point='-2.474922 5.059610 0.000000 -3.038882 4.533146 0.000000 -2.754388 4.300327 0.580820 -2.195589 4.744537 0.481036'/>
				</IndexedFaceSet>
			</Shape>
			<Shape DEF='_IDX_1157'>
				<Appearance USE='Material_66_IDX_66'/>
				<IndexedFaceSet solid="false" coordIndex='0 1 2 3 -1'>
					<Coordinate point='2.390326 9.959919 8.142341 -0.317514 10.383124 9.359296 0.264138 12.458672 10.622441 3.511013 11.878979 9.241243'/>
				</IndexedFaceSet>
			</Shape>
			<Shape DEF='_IDX_1158'>
				<Appearance USE='Material_67_IDX_67'/>
				<IndexedFaceSet solid="false" coordIndex='0 1 2 3 -1'>
					<Coordinate point='1.438524 8.408536 7.147881 -0.814154 8.696593 8.216205 -0.317514 10.383124 9.359296 2.390326 9.959919 8.142341'/>
				</IndexedFaceSet>
			</Shape>
			<Shape DEF='_IDX_1159'>
				<Appearance USE='Material_68_IDX_68'/>
				<IndexedFaceSet solid="false" coordIndex='0 1 2 3 -1'>
					<Coordinate point='0.632863 7.172507 6.245110 -1.237305 7.341072 7.178505 -0.814154 8.696593 8.216205 1.438524 8.408536 7.147881'/>
				</IndexedFaceSet>
			</Shape>
			<Shape DEF='_IDX_1160'>
				<Appearance USE='Material_69_IDX_69'/>
				<IndexedFaceSet solid="false" coordIndex='0 1 2 3 -1'>
					<Coordinate point='-0.044946 6.206581 5.422447 -1.596575 6.266915 6.232887 -1.237305 7.341072 7.178505 0.632863 7.172507 6.245110'/>
				</IndexedFaceSet>
			</Shape>
			<Shape DEF='_IDX_1161'>
				<Appearance USE='Material_70_IDX_70'/>
				<IndexedFaceSet solid="false" coordIndex='0 1 2 3 -1'>
					<Coordinate point='-0.610395 5.470632 4.669339 -1.900540 5.431208 5.367219 -1.596575 6.266915 6.232887 -0.044946 6.206581 5.422447'/>
				</IndexedFaceSet>
			</Shape>
			<Shape DEF='_IDX_1162'>
				<Appearance USE='Material_71_IDX_71'/>
				<IndexedFaceSet solid="false" coordIndex='0 1 2 3 -1'>
					<Coordinate point='-0.610395 5.470632 4.669339 -1.900540 5.431208 5.367219 -1.900540 5.431208 5.367219 -0.610395 5.470632 4.669339'/>
				</IndexedFaceSet>
			</Shape>
			<Shape DEF='_IDX_1163'>
				<Appearance USE='Material_72_IDX_72'/>
				<IndexedFaceSet solid="false" coordIndex='0 1 2 3 -1'>
					<Coordinate point='-1.152514 4.849546 3.857838 -2.199323 4.701872 4.434431 -1.900540 5.431208 5.367219 -0.610395 5.470632 4.669339'/>
				</IndexedFaceSet>
			</Shape>
			<Shape DEF='_IDX_1164'>
				<Appearance USE='Material_73_IDX_73'/>
				<IndexedFaceSet solid="false" coordIndex='0 1 2 3 -1'>
					<Coordinate point='-1.583959 4.446033 3.115122 -2.447869 4.200078 3.580708 -2.199323 4.701872 4.434431 -1.152514 4.849546 3.857838'/>
				</IndexedFaceSet>
			</Shape>
			<Shape DEF='_IDX_1165'>
				<Appearance USE='Material_74_IDX_74'/>
				<IndexedFaceSet solid="false" coordIndex='0 1 2 3 -1'>
					<Coordinate point='-1.932092 4.217286 2.427949 -2.662711 3.882857 2.790831 -2.447869 4.200078 3.580708 -1.583959 4.446033 3.115122'/>
				</IndexedFaceSet>
			</Shape>
			<Shape DEF='_IDX_1166'>
				<Appearance USE='Material_75_IDX_75'/>
				<IndexedFaceSet solid="false" coordIndex='0 1 2 3 -1'>
					<Coordinate point='-2.225266 4.130687 1.784067 -2.861738 3.716085 2.050714 -2.662711 3.882857 2.790831 -1.932092 4.217286 2.427949'/>
				</IndexedFaceSet>
			</Shape>
			<Shape DEF='_IDX_1167'>
				<Appearance USE='Material_76_IDX_76'/>
				<IndexedFaceSet solid="false" coordIndex='0 1 2 3 -1'>
					<Coordinate point='-2.490913 4.163314 1.171995 -3.063454 3.673743 1.347161 -2.861738 3.716085 2.050714 -2.225266 4.130687 1.784067'/>
				</IndexedFaceSet>
			</Shape>
			<Shape DEF='_IDX_1168'>
				<Appearance USE='Material_77_IDX_77'/>
				<IndexedFaceSet solid="false" coordIndex='0 1 2 3 -1'>
					<Coordinate point='-2.754388 4.300327 0.580820 -3.286400 3.736795 0.667629 -3.063454 3.673743 1.347161 -2.490913 4.163314 1.171995'/>
				</IndexedFaceSet>
			</Shape>
			<Shape DEF='_IDX_1169'>
				<Appearance USE='Material_78_IDX_78'/>
				<IndexedFaceSet solid="false" coordIndex='0 1 2 3 -1'>
					<Coordinate point='-3.038882 4.533146 0.000000 -3.549030 3.891902 0.000000 -3.286400 3.736795 0.667629 -2.754388 4.300327 0.580820'/>
				</IndexedFaceSet>
			</Shape>
			<Shape DEF='_IDX_1170'>
				<Appearance USE='Material_79_IDX_79'/>
				<IndexedFaceSet solid="false" coordIndex='0 1 2 3 -1'>
					<Coordinate point='-0.317514 10.383124 9.359296 -3.172756 10.131017 10.367180 -3.154688 12.244520 11.766352 0.264138 12.458672 10.622441'/>
				</IndexedFaceSet>
			</Shape>
			<Shape DEF='_IDX_1171'>
				<Appearance USE='Material_80_IDX_80'/>
				<IndexedFaceSet solid="false" coordIndex='0 1 2 3 -1'>
					<Coordinate point='-0.814154 8.696593 8.216205 -3.194407 8.409824 9.100992 -3.172756 10.131017 10.367180 -0.317514 10.383124 9.359296'/>
				</IndexedFaceSet>
			</Shape>
			<Shape DEF='_IDX_1172'>
				<Appearance USE='Material_81_IDX_81'/>
				<IndexedFaceSet solid="false" coordIndex='0 1 2 3 -1'>
					<Coordinate point='-1.237305 7.341072 7.178505 -3.218629 7.020861 7.951545 -3.194407 8.409824 9.100992 -0.814154 8.696593 8.216205'/>
				</IndexedFaceSet>
			</Shape>
			<Shape DEF='_IDX_1173'>
				<Appearance USE='Material_82_IDX_82'/>
				<IndexedFaceSet solid="false" coordIndex='0 1 2 3 -1'>
					<Coordinate point='-1.596575 6.266915 6.232887 -3.244761 5.912979 6.904094 -3.218629 7.020861 7.951545 -1.237305 7.341072 7.178505'/>
				</IndexedFaceSet>
			</Shape>
			<Shape DEF='_IDX_1174'>
				<Appearance USE='Material_83_IDX_83'/>
				<IndexedFaceSet solid="false" coordIndex='0 1 2 3 -1'>
					<Coordinate point='-1.900540 5.431208 5.367219 -3.272805 5.042436 5.945205 -3.244761 5.912979 6.904094 -1.596575 6.266915 6.232887'/>
				</IndexedFaceSet>
			</Shape>
			<Shape DEF='_IDX_1175'>
				<Appearance USE='Material_84_IDX_84'/>
				<IndexedFaceSet solid="false" coordIndex='0 1 2 3 -1'>
					<Coordinate point='-1.900540 5.431208 5.367219 -3.272805 5.042436 5.945205 -3.272805 5.042436 5.945205 -1.900540 5.431208 5.367219'/>
				</IndexedFaceSet>
			</Shape>
			<Shape DEF='_IDX_1176'>
				<Appearance USE='Material_85_IDX_85'/>
				<IndexedFaceSet solid="false" coordIndex='0 1 2 3 -1'>
					<Coordinate point='-2.199323 4.701872 4.434431 -3.309722 4.270342 4.911966 -3.272805 5.042436 5.945205 -1.900540 5.431208 5.367219'/>
				</IndexedFaceSet>
			</Shape>
			<Shape DEF='_IDX_1177'>
				<Appearance USE='Material_86_IDX_86'/>
				<IndexedFaceSet solid="false" coordIndex='0 1 2 3 -1'>
					<Coordinate point='-2.447869 4.200078 3.580708 -3.354485 3.724214 3.966308 -3.309722 4.270342 4.911966 -2.199323 4.701872 4.434431'/>
				</IndexedFaceSet>
			</Shape>
			<Shape DEF='_IDX_1178'>
				<Appearance USE='Material_87_IDX_87'/>
				<IndexedFaceSet solid="false" coordIndex='0 1 2 3 -1'>
					<Coordinate point='-2.662711 3.882857 2.790831 -3.413346 3.361245 3.091370 -3.354485 3.724214 3.966308 -2.447869 4.200078 3.580708'/>
				</IndexedFaceSet>
			</Shape>
			<Shape DEF='_IDX_1179'>
				<Appearance USE='Material_88_IDX_88'/>
				<IndexedFaceSet solid="false" coordIndex='0 1 2 3 -1'>
					<Coordinate point='-2.861738 3.716085 2.050714 -3.494817 3.146722 2.271551 -3.413346 3.361245 3.091370 -2.662711 3.882857 2.790831'/>
				</IndexedFaceSet>
			</Shape>
			<Shape DEF='_IDX_1180'>
				<Appearance USE='Material_89_IDX_89'/>
				<IndexedFaceSet solid="false" coordIndex='0 1 2 3 -1'>
					<Coordinate point='-3.063454 3.673743 1.347161 -3.609267 3.053031 1.492234 -3.494817 3.146722 2.271551 -2.861738 3.716085 2.050714'/>
				</IndexedFaceSet>
			</Shape>
			<Shape DEF='_IDX_1181'>
				<Appearance USE='Material_90_IDX_90'/>
				<IndexedFaceSet solid="false" coordIndex='0 1 2 3 -1'>
					<Coordinate point='-3.286400 3.736795 0.667629 -3.768571 3.058607 0.739525 -3.609267 3.053031 1.492234 -3.063454 3.673743 1.347161'/>
				</IndexedFaceSet>
			</Shape>
			<Shape DEF='_IDX_1182'>
				<Appearance USE='Material_91_IDX_91'/>
				<IndexedFaceSet solid="false" coordIndex='0 1 2 3 -1'>
					<Coordinate point='-3.549030 3.891902 0.000000 -3.985994 3.146845 0.000001 -3.768571 3.058607 0.739525 -3.286400 3.736795 0.667629'/>
				</IndexedFaceSet>
			</Shape>
			<Shape DEF='_IDX_1183'>
				<Appearance USE='Material_92_IDX_92'/>
				<IndexedFaceSet solid="false" coordIndex='0 1 2 3 -1'>
					<Coordinate point='-3.172756 10.131017 10.367180 -6.021775 9.198010 11.143478 -6.565270 11.226500 12.647421 -3.154688 12.244520 11.766352'/>
				</IndexedFaceSet>
			</Shape>
			<Shape DEF='_IDX_1184'>
				<Appearance USE='Material_93_IDX_93'/>
				<IndexedFaceSet solid="false" coordIndex='0 1 2 3 -1'>
					<Coordinate point='-3.194407 8.409824 9.100992 -5.570308 7.546337 9.782477 -6.021775 9.198010 11.143478 -3.172756 10.131017 10.367180'/>
				</IndexedFaceSet>
			</Shape>
			<Shape DEF='_IDX_1185'>
				<Appearance USE='Material_94_IDX_94'/>
				<IndexedFaceSet solid="false" coordIndex='0 1 2 3 -1'>
					<Coordinate point='-3.218629 7.020861 7.951545 -5.196882 6.212645 8.546960 -5.570308 7.546337 9.782477 -3.194407 8.409824 9.100992'/>
				</IndexedFaceSet>
			</Shape>
			<Shape DEF='_IDX_1186'>
				<Appearance USE='Material_95_IDX_95'/>
				<IndexedFaceSet solid="false" coordIndex='0 1 2 3 -1'>
					<Coordinate point='-3.244761 5.912979 6.904094 -4.890001 5.146977 7.421076 -5.196882 6.212645 8.546960 -3.218629 7.020861 7.951545'/>
				</IndexedFaceSet>
			</Shape>
			<Shape DEF='_IDX_1187'>
				<Appearance USE='Material_96_IDX_96'/>
				<IndexedFaceSet solid="false" coordIndex='0 1 2 3 -1'>
					<Coordinate point='-3.272805 5.042436 5.945205 -4.640514 4.306792 6.390384 -4.890001 5.146977 7.421076 -3.244761 5.912979 6.904094'/>
				</IndexedFaceSet>
			</Shape>
			<Shape DEF='_IDX_1188'>
				<Appearance USE='Material_97_IDX_97'/>
				<IndexedFaceSet solid="false" coordIndex='0 1 2 3 -1'>
					<Coordinate point='-3.272805 5.042436 5.945205 -4.640514 4.306792 6.390384 -4.640514 4.306792 6.390384 -3.272805 5.042436 5.945205'/>
				</IndexedFaceSet>
			</Shape>
			<Shape DEF='_IDX_1189'>
				<Appearance USE='Material_98_IDX_98'/>
				<IndexedFaceSet solid="false" coordIndex='0 1 2 3 -1'>
					<Coordinate point='-3.309722 4.270342 4.911966 -4.410861 3.556906 5.279776 -4.640514 4.306792 6.390384 -3.272805 5.042436 5.945205'/>
				</IndexedFaceSet>
			</Shape>
			<Shape DEF='_IDX_1190'>
				<Appearance USE='Material_99_IDX_99'/>
				<IndexedFaceSet solid="false" coordIndex='0 1 2 3 -1'>
					<Coordinate point='-3.354485 3.724214 3.966308 -4.243923 3.020025 4.263307 -4.410861 3.556906 5.279776 -3.309722 4.270342 4.911966'/>
				</IndexedFaceSet>
			</Shape>
			<Shape DEF='_IDX_1191'>
				<Appearance USE='Material_100_IDX_100'/>
				<IndexedFaceSet solid="false" coordIndex='0 1 2 3 -1'>
					<Coordinate point='-3.413346 3.361245 3.091370 -4.135994 2.654714 3.322853 -4.243923 3.020025 4.263307 -3.354485 3.724214 3.966308'/>
				</IndexedFaceSet>
			</Shape>
			<Shape DEF='_IDX_1192'>
				<Appearance USE='Material_101_IDX_101'/>
				<IndexedFaceSet solid="false" coordIndex='0 1 2 3 -1'>
					<Coordinate point='-3.494817 3.146722 2.271551 -4.086787 2.426896 2.441646 -4.135994 2.654714 3.322853 -3.413346 3.361245 3.091370'/>
				</IndexedFaceSet>
			</Shape>
			<Shape DEF='_IDX_1193'>
				<Appearance USE='Material_102_IDX_102'/>
				<IndexedFaceSet solid="false" coordIndex='0 1 2 3 -1'>
					<Coordinate point='-3.609267 3.053031 1.492234 -4.099013 2.308708 1.603974 -4.086787 2.426896 2.441646 -3.494817 3.146722 2.271551'/>
				</IndexedFaceSet>
			</Shape>
			<Shape DEF='_IDX_1194'>
				<Appearance USE='Material_103_IDX_103'/>
				<IndexedFaceSet solid="false" coordIndex='0 1 2 3 -1'>
					<Coordinate point='-3.768571 3.058607 0.739525 -4.178042 2.277436 0.794900 -4.099013 2.308708 1.603974 -3.609267 3.053031 1.492234'/>
				</IndexedFaceSet>
			</Shape>
			<Shape DEF='_IDX_1195'>
				<Appearance USE='Material_104_IDX_104'/>
				<IndexedFaceSet solid="false" coordIndex='0 1 2 3 -1'>
					<Coordinate point='-3.985994 3.146845 0.000001 -4.331727 2.314499 0.000001 -4.178042 2.277436 0.794900 -3.768571 3.058607 0.739525'/>
				</IndexedFaceSet>
			</Shape>
			<Shape DEF='_IDX_1196'>
				<Appearance USE='Material_105_IDX_105'/>
				<IndexedFaceSet solid="false" coordIndex='0 1 2 3 -1'>
					<Coordinate point='-6.021775 9.198010 11.143478 -8.711140 7.611101 11.670851 -9.787146 9.434038 13.245968 -6.565270 11.226500 12.647421'/>
				</IndexedFaceSet>
			</Shape>
			<Shape DEF='_IDX_1197'>
				<Appearance USE='Material_106_IDX_106'/>
				<IndexedFaceSet solid="false" coordIndex='0 1 2 3 -1'>
					<Coordinate point='-5.570308 7.546337 9.782477 -7.810894 6.130995 10.245440 -8.711140 7.611101 11.670851 -6.021775 9.198010 11.143478'/>
				</IndexedFaceSet>
			</Shape>
			<Shape DEF='_IDX_1198'>
				<Appearance USE='Material_107_IDX_107'/>
				<IndexedFaceSet solid="false" coordIndex='0 1 2 3 -1'>
					<Coordinate point='-5.196882 6.212645 8.546960 -7.059841 4.939242 8.951449 -7.810894 6.130995 10.245440 -5.570308 7.546337 9.782477'/>
				</IndexedFaceSet>
			</Shape>
			<Shape DEF='_IDX_1199'>
				<Appearance USE='Material_108_IDX_108'/>
				<IndexedFaceSet solid="false" coordIndex='0 1 2 3 -1'>
					<Coordinate point='-4.890001 5.146977 7.421076 -6.435893 3.989625 7.772283 -7.059841 4.939242 8.951449 -5.196882 6.212645 8.546960'/>
				</IndexedFaceSet>
			</Shape>
			<Shape DEF='_IDX_1200'>
				<Appearance USE='Material_109_IDX_109'/>
				<IndexedFaceSet solid="false" coordIndex='0 1 2 3 -1'>
					<Coordinate point='-4.640514 4.306792 6.390384 -5.920909 3.242840 6.692813 -6.435893 3.989625 7.772283 -4.890001 5.146977 7.421076'/>
				</IndexedFaceSet>
			</Shape>
			<Shape DEF='_IDX_1201'>
				<Appearance USE='Material_110_IDX_110'/>
				<IndexedFaceSet solid="false" coordIndex='0 1 2 3 -1'>
					<Coordinate point='-4.640514 4.306792 6.390384 -5.920909 3.242840 6.692813 -5.920909 3.242840 6.692813 -4.640514 4.306792 6.390384'/>
				</IndexedFaceSet>
			</Shape>
			<Shape DEF='_IDX_1202'>
				<Appearance USE='Material_111_IDX_111'/>
				<IndexedFaceSet solid="false" coordIndex='0 1 2 3 -1'>
					<Coordinate point='-4.410861 3.556906 5.279776 -5.434071 2.577749 5.529644 -5.920909 3.242840 6.692813 -4.640514 4.306792 6.390384'/>
				</IndexedFaceSet>
			</Shape>
			<Shape DEF='_IDX_1203'>
				<Appearance USE='Material_112_IDX_112'/>
				<IndexedFaceSet solid="false" coordIndex='0 1 2 3 -1'>
					<Coordinate point='-4.243923 3.020025 4.263307 -5.059994 2.101895 4.465070 -5.434071 2.577749 5.529644 -4.410861 3.556906 5.279776'/>
				</IndexedFaceSet>
			</Shape>
			<Shape DEF='_IDX_1204'>
				<Appearance USE='Material_113_IDX_113'/>
				<IndexedFaceSet solid="false" coordIndex='0 1 2 3 -1'>
					<Coordinate point='-4.135994 2.654714 3.322853 -4.785532 1.776815 3.480109 -5.059994 2.101895 4.465070 -4.243923 3.020025 4.263307'/>
				</IndexedFaceSet>
			</Shape>
			<Shape DEF='_IDX_1205'>
				<Appearance USE='Material_114_IDX_114'/>
				<IndexedFaceSet solid="false" coordIndex='0 1 2 3 -1'>
					<Coordinate point='-4.086787 2.426896 2.441646 -4.602153 1.570477 2.557198 -4.785532 1.776815 3.480109 -4.135994 2.654714 3.322853'/>
				</IndexedFaceSet>
			</Shape>
			<Shape DEF='_IDX_1206'>
				<Appearance USE='Material_115_IDX_115'/>
				<IndexedFaceSet solid="false" coordIndex='0 1 2 3 -1'>
					<Coordinate point='-4.099013 2.308708 1.603974 -4.505365 1.456103 1.679883 -4.602153 1.570477 2.557198 -4.086787 2.426896 2.441646'/>
				</IndexedFaceSet>
			</Shape>
			<Shape DEF='_IDX_1207'>
				<Appearance USE='Material_116_IDX_116'/>
				<IndexedFaceSet solid="false" coordIndex='0 1 2 3 -1'>
					<Coordinate point='-4.178042 2.277436 0.794900 -4.494255 1.411114 0.832520 -4.505365 1.456103 1.679883 -4.099013 2.308708 1.603974'/>
				</IndexedFaceSet>
			</Shape>
			<Shape DEF='_IDX_1208'>
				<Appearance USE='Material_117_IDX_117'/>
				<IndexedFaceSet solid="false" coordIndex='0 1 2 3 -1'>
					<Coordinate point='-4.331727 2.314499 0.000001 -4.571210 1.416150 0.000001 -4.494255 1.411114 0.832520 -4.178042 2.277436 0.794900'/>
				</IndexedFaceSet>
			</Shape>
			<Shape DEF='_IDX_1209'>
				<Appearance USE='Material_118_IDX_118'/>
				<IndexedFaceSet solid="false" coordIndex='0 1 2 3 -1'>
					<Coordinate point='-8.711140 7.611101 11.670851 -11.095570 5.429336 11.937515 -12.649035 6.935067 13.548621 -9.787146 9.434038 13.245968'/>
				</IndexedFaceSet>
			</Shape>
			<Shape DEF='_IDX_1210'>
				<Appearance USE='Material_119_IDX_119'/>
				<IndexedFaceSet solid="false" coordIndex='0 1 2 3 -1'>
					<Coordinate point='-7.810894 6.130995 10.245440 -9.792681 4.215303 10.479535 -11.095570 5.429336 11.937515 -8.711140 7.611101 11.670851'/>
				</IndexedFaceSet>
			</Shape>
			<Shape DEF='_IDX_1211'>
				<Appearance USE='Material_120_IDX_120'/>
				<IndexedFaceSet solid="false" coordIndex='0 1 2 3 -1'>
					<Coordinate point='-7.059841 4.939242 8.951449 -8.702369 3.245672 9.155979 -9.792681 4.215303 10.479535 -7.810894 6.130995 10.245440'/>
				</IndexedFaceSet>
			</Shape>
			<Shape DEF='_IDX_1212'>
				<Appearance USE='Material_121_IDX_121'/>
				<IndexedFaceSet solid="false" coordIndex='0 1 2 3 -1'>
					<Coordinate point='-6.435893 3.989625 7.772283 -7.792869 2.480312 7.949870 -8.702369 3.245672 9.155979 -7.059841 4.939242 8.951449'/>
				</IndexedFaceSet>
			</Shape>
			<Shape DEF='_IDX_1213'>
				<Appearance USE='Material_122_IDX_122'/>
				<IndexedFaceSet solid="false" coordIndex='0 1 2 3 -1'>
					<Coordinate point='-5.920909 3.242840 6.692813 -7.037803 1.885083 6.845736 -7.792869 2.480312 7.949870 -6.435893 3.989625 7.772283'/>
				</IndexedFaceSet>
			</Shape>
			<Shape DEF='_IDX_1214'>
				<Appearance USE='Material_123_IDX_123'/>
				<IndexedFaceSet solid="false" coordIndex='0 1 2 3 -1'>
					<Coordinate point='-5.920909 3.242840 6.692813 -7.037803 1.885083 6.845736 -7.037803 1.885083 6.845736 -5.920909 3.242840 6.692813'/>
				</IndexedFaceSet>
			</Shape>
			<Shape DEF='_IDX_1215'>
				<Appearance USE='Material_124_IDX_124'/>
				<IndexedFaceSet solid="false" coordIndex='0 1 2 3 -1'>
					<Coordinate point='-5.434071 2.577749 5.529644 -6.316784 1.362546 5.655990 -7.037803 1.885083 6.845736 -5.920909 3.242840 6.692813'/>
				</IndexedFaceSet>
			</Shape>
			<Shape DEF='_IDX_1216'>
				<Appearance USE='Material_125_IDX_125'/>
				<IndexedFaceSet solid="false" coordIndex='0 1 2 3 -1'>
					<Coordinate point='-5.059994 2.101895 4.465070 -5.751935 0.995747 4.567091 -6.316784 1.362546 5.655990 -5.434071 2.577749 5.529644'/>
				</IndexedFaceSet>
			</Shape>
			<Shape DEF='_IDX_1217'>
				<Appearance USE='Material_126_IDX_126'/>
				<IndexedFaceSet solid="false" coordIndex='0 1 2 3 -1'>
					<Coordinate point='-4.785532 1.776815 3.480109 -5.321520 0.750890 3.559625 -5.751935 0.995747 4.567091 -5.059994 2.101895 4.465070'/>
				</IndexedFaceSet>
			</Shape>
			<Shape DEF='_IDX_1218'>
				<Appearance USE='Material_127_IDX_127'/>
				<IndexedFaceSet solid="false" coordIndex='0 1 2 3 -1'>
					<Coordinate point='-4.602153 1.570477 2.557198 -5.009511 0.599444 2.615627 -5.321520 0.750890 3.559625 -4.785532 1.776815 3.480109'/>
				</IndexedFaceSet>
			</Shape>
			<Shape DEF='_IDX_1219'>
				<Appearance USE='Material_128_IDX_128'/>
				<IndexedFaceSet solid="false" coordIndex='0 1 2 3 -1'>
					<Coordinate point='-4.505365 1.456103 1.679883 -4.804787 0.517036 1.718266 -5.009511 0.599444 2.615627 -4.602153 1.570477 2.557198'/>
				</IndexedFaceSet>
			</Shape>
			<Shape DEF='_IDX_1220'>
				<Appearance USE='Material_129_IDX_129'/>
				<IndexedFaceSet solid="false" coordIndex='0 1 2 3 -1'>
					<Coordinate point='-4.494255 1.411114 0.832520 -4.700518 0.482451 0.851542 -4.804787 0.517036 1.718266 -4.505365 1.456103 1.679883'/>
				</IndexedFaceSet>
			</Shape>
			<Shape DEF='_IDX_1221'>
				<Appearance USE='Material_130_IDX_130'/>
				<IndexedFaceSet solid="false" coordIndex='0 1 2 3 -1'>
					<Coordinate point='-4.571210 1.416150 0.000001 -4.693733 0.476701 0.000001 -4.700518 0.482451 0.851542 -4.494255 1.411114 0.832520'/>
				</IndexedFaceSet>
			</Shape>
			<Shape DEF='_IDX_1222'>
				<Appearance USE='Material_131_IDX_131'/>
				<IndexedFaceSet solid="false" coordIndex='0 1 2 3 -1'>
					<Coordinate point='-11.095570 5.429336 11.937515 -13.045236 2.741504 11.937515 -14.997579 3.833111 13.548621 -12.649035 6.935067 13.548621'/>
				</IndexedFaceSet>
			</Shape>
			<Shape DEF='_IDX_1223'>
				<Appearance USE='Material_132_IDX_132'/>
				<IndexedFaceSet solid="false" coordIndex='0 1 2 3 -1'>
					<Coordinate point='-9.792681 4.215303 10.479535 -11.405669 1.875592 10.479535 -13.045236 2.741504 11.937515 -11.095570 5.429336 11.937515'/>
				</IndexedFaceSet>
			</Shape>
			<Shape DEF='_IDX_1224'>
				<Appearance USE='Material_133_IDX_133'/>
				<IndexedFaceSet solid="false" coordIndex='0 1 2 3 -1'>
					<Coordinate point='-8.702369 3.245672 9.155979 -10.031231 1.197704 9.155979 -11.405669 1.875592 10.479535 -9.792681 4.215303 10.479535'/>
				</IndexedFaceSet>
			</Shape>
			<Shape DEF='_IDX_1225'>
				<Appearance USE='Material_134_IDX_134'/>
				<IndexedFaceSet solid="false" coordIndex='0 1 2 3 -1'>
					<Coordinate point='-7.792869 2.480312 7.949870 -8.881971 0.675842 7.949870 -10.031231 1.197704 9.155979 -8.702369 3.245672 9.155979'/>
				</IndexedFaceSet>
			</Shape>
			<Shape DEF='_IDX_1226'>
				<Appearance USE='Material_135_IDX_135'/>
				<IndexedFaceSet solid="false" coordIndex='0 1 2 3 -1'>
					<Coordinate point='-7.037803 1.885083 6.845736 -7.924513 0.282729 6.845736 -8.881971 0.675842 7.949870 -7.792869 2.480312 7.949870'/>
				</IndexedFaceSet>
			</Shape>
			<Shape DEF='_IDX_1227'>
				<Appearance USE='Material_136_IDX_136'/>
				<IndexedFaceSet solid="false" coordIndex='0 1 2 3 -1'>
					<Coordinate point='-7.037803 1.885083 6.845736 -7.924513 0.282729 6.845736 -7.924513 0.282729 6.845736 -7.037803 1.885083 6.845736'/>
				</IndexedFaceSet>
			</Shape>
			<Shape DEF='_IDX_1228'>
				<Appearance USE='Material_137_IDX_137'/>
				<IndexedFaceSet solid="false" coordIndex='0 1 2 3 -1'>
					<Coordinate point='-6.316784 1.362546 5.655990 -7.004755 -0.046890 5.655990 -7.924513 0.282729 6.845736 -7.037803 1.885083 6.845736'/>
				</IndexedFaceSet>
			</Shape>
			<Shape DEF='_IDX_1229'>
				<Appearance USE='Material_138_IDX_138'/>
				<IndexedFaceSet solid="false" coordIndex='0 1 2 3 -1'>
					<Coordinate point='-5.751935 0.995747 4.567091 -6.276227 -0.262447 4.567091 -7.004755 -0.046890 5.655990 -6.316784 1.362546 5.655990'/>
				</IndexedFaceSet>
			</Shape>
			<Shape DEF='_IDX_1230'>
				<Appearance USE='Material_139_IDX_139'/>
				<IndexedFaceSet solid="false" coordIndex='0 1 2 3 -1'>
					<Coordinate point='-5.321520 0.750890 3.559625 -5.709822 -0.391479 3.559625 -6.276227 -0.262447 4.567091 -5.751935 0.995747 4.567091'/>
				</IndexedFaceSet>
			</Shape>
			<Shape DEF='_IDX_1231'>
				<Appearance USE='Material_140_IDX_140'/>
				<IndexedFaceSet solid="false" coordIndex='0 1 2 3 -1'>
					<Coordinate point='-5.009511 0.599444 2.615627 -5.283013 -0.457630 2.615627 -5.709822 -0.391479 3.559625 -5.321520 0.750890 3.559625'/>
				</IndexedFaceSet>
			</Shape>
			<Shape DEF='_IDX_1232'>
				<Appearance USE='Material_141_IDX_141'/>
				<IndexedFaceSet solid="false" coordIndex='0 1 2 3 -1'>
					<Coordinate point='-4.804787 0.517036 1.718266 -4.978837 -0.481622 1.718266 -5.283013 -0.457630 2.615627 -5.009511 0.599444 2.615627'/>
				</IndexedFaceSet>
			</Shape>
			<Shape DEF='_IDX_1233'>
				<Appearance USE='Material_142_IDX_142'/>
				<IndexedFaceSet solid="false" coordIndex='0 1 2 3 -1'>
					<Coordinate point='-4.700518 0.482451 0.851542 -4.785088 -0.482144 0.851542 -4.978837 -0.481622 1.718266 -4.804787 0.517036 1.718266'/>
				</IndexedFaceSet>
			</Shape>
			<Shape DEF='_IDX_1234'>
				<Appearance USE='Material_143_IDX_143'/>
				<IndexedFaceSet solid="false" coordIndex='0 1 2 3 -1'>
					<Coordinate point='-4.693733 0.476701 0.000001 -4.693733 -0.476701 0.000001 -4.785088 -0.482144 0.851542 -4.700518 0.482451 0.851542'/>
				</IndexedFaceSet>
			</Shape>
			<Shape DEF='_IDX_1235'>
				<Appearance USE='Material_118_IDX_118'/>
				<IndexedFaceSet solid="false" coordIndex='0 1 2 3 -1'>
					<Coordinate point='-13.045236 2.741504 11.937515 -14.452206 -0.337825 11.670851 -16.705059 0.262525 13.245968 -14.997579 3.833111 13.548621'/>
				</IndexedFaceSet>
			</Shape>
			<Shape DEF='_IDX_1236'>
				<Appearance USE='Material_144_IDX_144'/>
				<IndexedFaceSet solid="false" coordIndex='0 1 2 3 -1'>
					<Coordinate point='-11.405669 1.875592 10.479535 -12.558648 -0.790267 10.245440 -14.452206 -0.337825 11.670851 -13.045236 2.741504 11.937515'/>
				</IndexedFaceSet>
			</Shape>
			<Shape DEF='_IDX_1237'>
				<Appearance USE='Material_120_IDX_120'/>
				<IndexedFaceSet solid="false" coordIndex='0 1 2 3 -1'>
					<Coordinate point='-10.031231 1.197704 9.155979 -10.969415 -1.120897 8.951449 -12.558648 -0.790267 10.245440 -11.405669 1.875592 10.479535'/>
				</IndexedFaceSet>
			</Shape>
			<Shape DEF='_IDX_1238'>
				<Appearance USE='Material_145_IDX_145'/>
				<IndexedFaceSet solid="false" coordIndex='0 1 2 3 -1'>
					<Coordinate point='-8.881971 0.675842 7.949870 -9.638314 -1.351940 7.772283 -10.969415 -1.120897 8.951449 -10.031231 1.197704 9.155979'/>
				</IndexedFaceSet>
			</Shape>
			<Shape DEF='_IDX_1239'>
				<Appearance USE='Material_122_IDX_122'/>
				<IndexedFaceSet solid="false" coordIndex='0 1 2 3 -1'>
					<Coordinate point='-7.924513 0.282729 6.845736 -8.526610 -1.502424 6.692813 -9.638314 -1.351940 7.772283 -8.881971 0.675842 7.949870'/>
				</IndexedFaceSet>
			</Shape>
			<Shape DEF='_IDX_1240'>
				<Appearance USE='Material_123_IDX_123'/>
				<IndexedFaceSet solid="false" coordIndex='0 1 2 3 -1'>
					<Coordinate point='-7.924513 0.282729 6.845736 -8.526610 -1.502424 6.692813 -8.526610 -1.502424 6.692813 -7.924513 0.282729 6.845736'/>
				</IndexedFaceSet>
			</Shape>
			<Shape DEF='_IDX_1241'>
				<Appearance USE='Material_124_IDX_124'/>
				<IndexedFaceSet solid="false" coordIndex='0 1 2 3 -1'>
					<Coordinate point='-7.004755 -0.046890 5.655990 -7.454181 -1.598534 5.529644 -8.526610 -1.502424 6.692813 -7.924513 0.282729 6.845736'/>
				</IndexedFaceSet>
			</Shape>
			<Shape DEF='_IDX_1242'>
				<Appearance USE='Material_125_IDX_125'/>
				<IndexedFaceSet solid="false" coordIndex='0 1 2 3 -1'>
					<Coordinate point='-6.276227 -0.262447 4.567091 -6.598267 -1.628492 4.465070 -7.454181 -1.598534 5.529644 -7.004755 -0.046890 5.655990'/>
				</IndexedFaceSet>
			</Shape>
			<Shape DEF='_IDX_1243'>
				<Appearance USE='Material_146_IDX_146'/>
				<IndexedFaceSet solid="false" coordIndex='0 1 2 3 -1'>
					<Coordinate point='-5.709822 -0.391479 3.559625 -5.923951 -1.612205 3.480109 -6.598267 -1.628492 4.465070 -6.276227 -0.262447 4.567091'/>
				</IndexedFaceSet>
			</Shape>
			<Shape DEF='_IDX_1244'>
				<Appearance USE='Material_127_IDX_127'/>
				<IndexedFaceSet solid="false" coordIndex='0 1 2 3 -1'>
					<Coordinate point='-5.283013 -0.457630 2.615627 -5.403480 -1.567221 2.557198 -5.923951 -1.612205 3.480109 -5.709822 -0.391479 3.559625'/>
				</IndexedFaceSet>
			</Shape>
			<Shape DEF='_IDX_1245'>
				<Appearance USE='Material_128_IDX_128'/>
				<IndexedFaceSet solid="false" coordIndex='0 1 2 3 -1'>
					<Coordinate point='-4.978837 -0.481622 1.718266 -5.015049 -1.509503 1.679883 -5.403480 -1.567221 2.557198 -5.283013 -0.457630 2.615627'/>
				</IndexedFaceSet>
			</Shape>
			<Shape DEF='_IDX_1246'>
				<Appearance USE='Material_147_IDX_147'/>
				<IndexedFaceSet solid="false" coordIndex='0 1 2 3 -1'>
					<Coordinate point='-4.785088 -0.482144 0.851542 -4.741829 -1.454152 0.832520 -5.015049 -1.509503 1.679883 -4.978837 -0.481622 1.718266'/>
				</IndexedFaceSet>
			</Shape>
			<Shape DEF='_IDX_1247'>
				<Appearance USE='Material_130_IDX_130'/>
				<IndexedFaceSet solid="false" coordIndex='0 1 2 3 -1'>
					<Coordinate point='-4.693733 -0.476701 0.000001 -4.571210 -1.416151 0.000001 -4.741829 -1.454152 0.832520 -4.785088 -0.482144 0.851542'/>
				</IndexedFaceSet>
			</Shape>
			<Shape DEF='_IDX_1248'>
				<Appearance USE='Material_105_IDX_105'/>
				<IndexedFaceSet solid="false" coordIndex='0 1 2 3 -1'>
					<Coordinate point='-14.452206 -0.337825 11.670851 -15.235751 -3.673635 11.143478 -17.675772 -3.617880 12.647421 -16.705059 0.262525 13.245968'/>
				</IndexedFaceSet>
			</Shape>
			<Shape DEF='_IDX_1249'>
				<Appearance USE='Material_106_IDX_106'/>
				<IndexedFaceSet solid="false" coordIndex='0 1 2 3 -1'>
					<Coordinate point='-12.558648 -0.790267 10.245440 -13.183589 -3.667346 9.782477 -15.235751 -3.673635 11.143478 -14.452206 -0.337825 11.670851'/>
				</IndexedFaceSet>
			</Shape>
			<Shape DEF='_IDX_1250'>
				<Appearance USE='Material_107_IDX_107'/>
				<IndexedFaceSet solid="false" coordIndex='0 1 2 3 -1'>
					<Coordinate point='-10.969415 -1.120897 8.951449 -11.459713 -3.612163 8.546960 -13.183589 -3.667346 9.782477 -12.558648 -0.790267 10.245440'/>
				</IndexedFaceSet>
			</Shape>
			<Shape DEF='_IDX_1251'>
				<Appearance USE='Material_148_IDX_148'/>
				<IndexedFaceSet solid="false" coordIndex='0 1 2 3 -1'>
					<Coordinate point='-9.638314 -1.351940 7.772283 -10.013984 -3.519379 7.421076 -11.459713 -3.612163 8.546960 -10.969415 -1.120897 8.951449'/>
				</IndexedFaceSet>
			</Shape>
			<Shape DEF='_IDX_1252'>
				<Appearance USE='Material_109_IDX_109'/>
				<IndexedFaceSet solid="false" coordIndex='0 1 2 3 -1'>
					<Coordinate point='-8.526610 -1.502424 6.692813 -8.804239 -3.398790 6.390384 -10.013984 -3.519379 7.421076 -9.638314 -1.351940 7.772283'/>
				</IndexedFaceSet>
			</Shape>
			<Shape DEF='_IDX_1253'>
				<Appearance USE='Material_110_IDX_110'/>
				<IndexedFaceSet solid="false" coordIndex='0 1 2 3 -1'>
					<Coordinate point='-8.526610 -1.502424 6.692813 -8.804239 -3.398790 6.390384 -8.804239 -3.398790 6.390384 -8.526610 -1.502424 6.692813'/>
				</IndexedFaceSet>
			</Shape>
			<Shape DEF='_IDX_1254'>
				<Appearance USE='Material_111_IDX_111'/>
				<IndexedFaceSet solid="false" coordIndex='0 1 2 3 -1'>
					<Coordinate point='-7.454181 -1.598534 5.529644 -7.633469 -3.232583 5.279776 -8.804239 -3.398790 6.390384 -8.526610 -1.502424 6.692813'/>
				</IndexedFaceSet>
			</Shape>
			<Shape DEF='_IDX_1255'>
				<Appearance USE='Material_112_IDX_112'/>
				<IndexedFaceSet solid="false" coordIndex='0 1 2 3 -1'>
					<Coordinate point='-6.598267 -1.628492 4.465070 -6.693711 -3.052118 4.263307 -7.633469 -3.232583 5.279776 -7.454181 -1.598534 5.529644'/>
				</IndexedFaceSet>
			</Shape>
			<Shape DEF='_IDX_1256'>
				<Appearance USE='Material_113_IDX_113'/>
				<IndexedFaceSet solid="false" coordIndex='0 1 2 3 -1'>
					<Coordinate point='-5.923951 -1.612205 3.480109 -5.946088 -2.868628 3.322853 -6.693711 -3.052118 4.263307 -6.598267 -1.628492 4.465070'/>
				</IndexedFaceSet>
			</Shape>
			<Shape DEF='_IDX_1257'>
				<Appearance USE='Material_114_IDX_114'/>
				<IndexedFaceSet solid="false" coordIndex='0 1 2 3 -1'>
					<Coordinate point='-5.403480 -1.567221 2.557198 -5.359134 -2.692618 2.441646 -5.946088 -2.868628 3.322853 -5.923951 -1.612205 3.480109'/>
				</IndexedFaceSet>
			</Shape>
			<Shape DEF='_IDX_1258'>
				<Appearance USE='Material_115_IDX_115'/>
				<IndexedFaceSet solid="false" coordIndex='0 1 2 3 -1'>
					<Coordinate point='-5.015049 -1.509503 1.679883 -4.907425 -2.534376 1.603974 -5.359134 -2.692618 2.441646 -5.403480 -1.567221 2.557198'/>
				</IndexedFaceSet>
			</Shape>
			<Shape DEF='_IDX_1259'>
				<Appearance USE='Material_116_IDX_116'/>
				<IndexedFaceSet solid="false" coordIndex='0 1 2 3 -1'>
					<Coordinate point='-4.741829 -1.454152 0.832520 -4.570457 -2.404502 0.794900 -4.907425 -2.534376 1.603974 -5.015049 -1.509503 1.679883'/>
				</IndexedFaceSet>
			</Shape>
			<Shape DEF='_IDX_1260'>
				<Appearance USE='Material_117_IDX_117'/>
				<IndexedFaceSet solid="false" coordIndex='0 1 2 3 -1'>
					<Coordinate point='-4.571210 -1.416151 0.000001 -4.331727 -2.314499 0.000001 -4.570457 -2.404502 0.794900 -4.741829 -1.454152 0.832520'/>
				</IndexedFaceSet>
			</Shape>
			<Shape DEF='_IDX_1261'>
				<Appearance USE='Material_149_IDX_149'/>
				<IndexedFaceSet solid="false" coordIndex='0 1 2 3 -1'>
					<Coordinate point='-15.235751 -3.673635 11.143478 -15.346300 -7.116908 10.367180 -17.850784 -7.632483 11.766352 -17.675772 -3.617880 12.647421'/>
				</IndexedFaceSet>
			</Shape>
			<Shape DEF='_IDX_1262'>
				<Appearance USE='Material_93_IDX_93'/>
				<IndexedFaceSet solid="false" coordIndex='0 1 2 3 -1'>
					<Coordinate point='-13.183589 -3.667346 9.782477 -13.238897 -6.629086 9.100992 -15.346300 -7.116908 10.367180 -15.235751 -3.673635 11.143478'/>
				</IndexedFaceSet>
			</Shape>
			<Shape DEF='_IDX_1263'>
				<Appearance USE='Material_94_IDX_94'/>
				<IndexedFaceSet solid="false" coordIndex='0 1 2 3 -1'>
					<Coordinate point='-11.459713 -3.612163 8.546960 -11.467381 -6.168503 7.951545 -13.238897 -6.629086 9.100992 -13.183589 -3.667346 9.782477'/>
				</IndexedFaceSet>
			</Shape>
			<Shape DEF='_IDX_1264'>
				<Appearance USE='Material_95_IDX_95'/>
				<IndexedFaceSet solid="false" coordIndex='0 1 2 3 -1'>
					<Coordinate point='-10.013984 -3.519379 7.421076 -9.980172 -5.734910 6.904094 -11.467381 -6.168503 7.951545 -11.459713 -3.612163 8.546960'/>
				</IndexedFaceSet>
			</Shape>
			<Shape DEF='_IDX_1265'>
				<Appearance USE='Material_96_IDX_96'/>
				<IndexedFaceSet solid="false" coordIndex='0 1 2 3 -1'>
					<Coordinate point='-8.804239 -3.398790 6.390384 -8.733813 -5.328336 5.945205 -9.980172 -5.734910 6.904094 -10.013984 -3.519379 7.421076'/>
				</IndexedFaceSet>
			</Shape>
			<Shape DEF='_IDX_1266'>
				<Appearance USE='Material_97_IDX_97'/>
				<IndexedFaceSet solid="false" coordIndex='0 1 2 3 -1'>
					<Coordinate point='-8.804239 -3.398790 6.390384 -8.733813 -5.328336 5.945205 -8.733813 -5.328336 5.945205 -8.804239 -3.398790 6.390384'/>
				</IndexedFaceSet>
			</Shape>
			<Shape DEF='_IDX_1267'>
				<Appearance USE='Material_98_IDX_98'/>
				<IndexedFaceSet solid="false" coordIndex='0 1 2 3 -1'>
					<Coordinate point='-7.633469 -3.232583 5.279776 -7.524493 -4.884262 4.911966 -8.733813 -5.328336 5.945205 -8.804239 -3.398790 6.390384'/>
				</IndexedFaceSet>
			</Shape>
			<Shape DEF='_IDX_1268'>
				<Appearance USE='Material_99_IDX_99'/>
				<IndexedFaceSet solid="false" coordIndex='0 1 2 3 -1'>
					<Coordinate point='-6.693711 -3.052118 4.263307 -6.549374 -4.479374 3.966308 -7.524493 -4.884262 4.911966 -7.633469 -3.232583 5.279776'/>
				</IndexedFaceSet>
			</Shape>
			<Shape DEF='_IDX_1269'>
				<Appearance USE='Material_100_IDX_100'/>
				<IndexedFaceSet solid="false" coordIndex='0 1 2 3 -1'>
					<Coordinate point='-5.946088 -2.868628 3.322853 -5.767676 -4.115594 3.091370 -6.549374 -4.479374 3.966308 -6.693711 -3.052118 4.263307'/>
				</IndexedFaceSet>
			</Shape>
			<Shape DEF='_IDX_1270'>
				<Appearance USE='Material_101_IDX_101'/>
				<IndexedFaceSet solid="false" coordIndex='0 1 2 3 -1'>
					<Coordinate point='-5.359134 -2.692618 2.441646 -5.145932 -3.795753 2.271551 -5.767676 -4.115594 3.091370 -5.946088 -2.868628 3.322853'/>
				</IndexedFaceSet>
			</Shape>
			<Shape DEF='_IDX_1271'>
				<Appearance USE='Material_102_IDX_102'/>
				<IndexedFaceSet solid="false" coordIndex='0 1 2 3 -1'>
					<Coordinate point='-4.907425 -2.534376 1.603974 -4.656508 -3.523799 1.492234 -5.145932 -3.795753 2.271551 -5.359134 -2.692618 2.441646'/>
				</IndexedFaceSet>
			</Shape>
			<Shape DEF='_IDX_1272'>
				<Appearance USE='Material_103_IDX_103'/>
				<IndexedFaceSet solid="false" coordIndex='0 1 2 3 -1'>
					<Coordinate point='-4.570457 -2.404502 0.794900 -4.276364 -3.305099 0.739525 -4.656508 -3.523799 1.492234 -4.907425 -2.534376 1.603974'/>
				</IndexedFaceSet>
			</Shape>
			<Shape DEF='_IDX_1273'>
				<Appearance USE='Material_104_IDX_104'/>
				<IndexedFaceSet solid="false" coordIndex='0 1 2 3 -1'>
					<Coordinate point='-4.331727 -2.314499 0.000001 -3.985995 -3.146845 0.000001 -4.276364 -3.305099 0.739525 -4.570457 -2.404502 0.794900'/>
				</IndexedFaceSet>
			</Shape>
			<Shape DEF='_IDX_1274'>
				<Appearance USE='Material_79_IDX_79'/>
				<IndexedFaceSet solid="false" coordIndex='0 1 2 3 -1'>
					<Coordinate point='-15.346300 -7.116908 10.367180 -14.767841 -10.511807 9.359296 -17.210840 -11.597383 10.622441 -17.850784 -7.632483 11.766352'/>
				</IndexedFaceSet>
			</Shape>
			<Shape DEF='_IDX_1275'>
				<Appearance USE='Material_80_IDX_80'/>
				<IndexedFaceSet solid="false" coordIndex='0 1 2 3 -1'>
					<Coordinate point='-13.238897 -6.629086 9.100992 -12.711380 -9.543353 8.216205 -14.767841 -10.511807 9.359296 -15.346300 -7.116908 10.367180'/>
				</IndexedFaceSet>
			</Shape>
			<Shape DEF='_IDX_1276'>
				<Appearance USE='Material_150_IDX_150'/>
				<IndexedFaceSet solid="false" coordIndex='0 1 2 3 -1'>
					<Coordinate point='-11.467381 -6.168503 7.951545 -10.981709 -8.677817 7.178505 -12.711380 -9.543353 8.216205 -13.238897 -6.629086 9.100992'/>
				</IndexedFaceSet>
			</Shape>
			<Shape DEF='_IDX_1277'>
				<Appearance USE='Material_82_IDX_82'/>
				<IndexedFaceSet solid="false" coordIndex='0 1 2 3 -1'>
					<Coordinate point='-9.980172 -5.734910 6.904094 -9.528419 -7.903371 6.232887 -10.981709 -8.677817 7.178505 -11.467381 -6.168503 7.951545'/>
				</IndexedFaceSet>
			</Shape>
			<Shape DEF='_IDX_1278'>
				<Appearance USE='Material_83_IDX_83'/>
				<IndexedFaceSet solid="false" coordIndex='0 1 2 3 -1'>
					<Coordinate point='-8.733813 -5.328336 5.945205 -8.308960 -7.210237 5.367219 -9.528419 -7.903371 6.232887 -9.980172 -5.734910 6.904094'/>
				</IndexedFaceSet>
			</Shape>
			<Shape DEF='_IDX_1279'>
				<Appearance USE='Material_84_IDX_84'/>
				<IndexedFaceSet solid="false" coordIndex='0 1 2 3 -1'>
					<Coordinate point='-8.733813 -5.328336 5.945205 -8.308960 -7.210237 5.367219 -8.308960 -7.210237 5.367219 -8.733813 -5.328336 5.945205'/>
				</IndexedFaceSet>
			</Shape>
			<Shape DEF='_IDX_1280'>
				<Appearance USE='Material_151_IDX_151'/>
				<IndexedFaceSet solid="false" coordIndex='0 1 2 3 -1'>
					<Coordinate point='-7.524493 -4.884262 4.911966 -7.123244 -6.486859 4.434431 -8.308960 -7.210237 5.367219 -8.733813 -5.328336 5.945205'/>
				</IndexedFaceSet>
			</Shape>
			<Shape DEF='_IDX_1281'>
				<Appearance USE='Material_152_IDX_152'/>
				<IndexedFaceSet solid="false" coordIndex='0 1 2 3 -1'>
					<Coordinate point='-6.549374 -4.479374 3.966308 -6.163613 -5.855167 3.580708 -7.123244 -6.486859 4.434431 -7.524493 -4.884262 4.911966'/>
				</IndexedFaceSet>
			</Shape>
			<Shape DEF='_IDX_1282'>
				<Appearance USE='Material_87_IDX_87'/>
				<IndexedFaceSet solid="false" coordIndex='0 1 2 3 -1'>
					<Coordinate point='-5.767676 -4.115594 3.091370 -5.389566 -5.307591 2.790831 -6.163613 -5.855167 3.580708 -6.549374 -4.479374 3.966308'/>
				</IndexedFaceSet>
			</Shape>
			<Shape DEF='_IDX_1283'>
				<Appearance USE='Material_153_IDX_153'/>
				<IndexedFaceSet solid="false" coordIndex='0 1 2 3 -1'>
					<Coordinate point='-5.145932 -3.795753 2.271551 -4.767474 -4.839022 2.050714 -5.389566 -5.307591 2.790831 -5.767676 -4.115594 3.091370'/>
				</IndexedFaceSet>
			</Shape>
			<Shape DEF='_IDX_1284'>
				<Appearance USE='Material_89_IDX_89'/>
				<IndexedFaceSet solid="false" coordIndex='0 1 2 3 -1'>
					<Coordinate point='-4.656508 -3.523799 1.492234 -4.269053 -4.446705 1.347161 -4.767474 -4.839022 2.050714 -5.145932 -3.795753 2.271551'/>
				</IndexedFaceSet>
			</Shape>
			<Shape DEF='_IDX_1285'>
				<Appearance USE='Material_90_IDX_90'/>
				<IndexedFaceSet solid="false" coordIndex='0 1 2 3 -1'>
					<Coordinate point='-4.276364 -3.305099 0.739525 -3.870043 -4.130265 0.667629 -4.269053 -4.446705 1.347161 -4.656508 -3.523799 1.492234'/>
				</IndexedFaceSet>
			</Shape>
			<Shape DEF='_IDX_1286'>
				<Appearance USE='Material_91_IDX_91'/>
				<IndexedFaceSet solid="false" coordIndex='0 1 2 3 -1'>
					<Coordinate point='-3.985995 -3.146845 0.000001 -3.549030 -3.891902 0.000000 -3.870043 -4.130265 0.667629 -4.276364 -3.305099 0.739525'/>
				</IndexedFaceSet>
			</Shape>
			<Shape DEF='_IDX_1287'>
				<Appearance USE='Material_154_IDX_154'/>
				<IndexedFaceSet solid="false" coordIndex='0 1 2 3 -1'>
					<Coordinate point='-14.767841 -10.511807 9.359296 -13.518663 -13.703238 8.142341 -15.777298 -15.329383 9.241243 -17.210840 -11.597383 10.622441'/>
				</IndexedFaceSet>
			</Shape>
			<Shape DEF='_IDX_1288'>
				<Appearance USE='Material_155_IDX_155'/>
				<IndexedFaceSet solid="false" coordIndex='0 1 2 3 -1'>
					<Coordinate point='-12.711380 -9.543353 8.216205 -11.616808 -12.278806 7.147881 -13.518663 -13.703238 8.142341 -14.767841 -10.511807 9.359296'/>
				</IndexedFaceSet>
			</Shape>
			<Shape DEF='_IDX_1289'>
				<Appearance USE='Material_68_IDX_68'/>
				<IndexedFaceSet solid="false" coordIndex='0 1 2 3 -1'>
					<Coordinate point='-10.981709 -8.677817 7.178505 -10.016444 -11.028855 6.245110 -11.616808 -12.278806 7.147881 -12.711380 -9.543353 8.216205'/>
				</IndexedFaceSet>
			</Shape>
			<Shape DEF='_IDX_1290'>
				<Appearance USE='Material_156_IDX_156'/>
				<IndexedFaceSet solid="false" coordIndex='0 1 2 3 -1'>
					<Coordinate point='-9.528419 -7.903371 6.232887 -8.670884 -9.930527 5.422447 -10.016444 -11.028855 6.245110 -10.981709 -8.677817 7.178505'/>
				</IndexedFaceSet>
			</Shape>
			<Shape DEF='_IDX_1291'>
				<Appearance USE='Material_70_IDX_70'/>
				<IndexedFaceSet solid="false" coordIndex='0 1 2 3 -1'>
					<Coordinate point='-8.308960 -7.210237 5.367219 -7.540668 -8.964690 4.669339 -8.670884 -9.930527 5.422447 -9.528419 -7.903371 6.232887'/>
				</IndexedFaceSet>
			</Shape>
			<Shape DEF='_IDX_1292'>
				<Appearance USE='Material_157_IDX_157'/>
				<IndexedFaceSet solid="false" coordIndex='0 1 2 3 -1'>
					<Coordinate point='-8.308960 -7.210237 5.367219 -7.540668 -8.964690 4.669339 -7.540668 -8.964690 4.669339 -8.308960 -7.210237 5.367219'/>
				</IndexedFaceSet>
			</Shape>
			<Shape DEF='_IDX_1293'>
				<Appearance USE='Material_72_IDX_72'/>
				<IndexedFaceSet solid="false" coordIndex='0 1 2 3 -1'>
					<Coordinate point='-7.123244 -6.486859 4.434431 -6.439825 -7.974838 3.857838 -7.540668 -8.964690 4.669339 -8.308960 -7.210237 5.367219'/>
				</IndexedFaceSet>
			</Shape>
			<Shape DEF='_IDX_1294'>
				<Appearance USE='Material_73_IDX_73'/>
				<IndexedFaceSet solid="false" coordIndex='0 1 2 3 -1'>
					<Coordinate point='-6.163613 -5.855167 3.580708 -5.546176 -7.125802 3.115122 -6.439825 -7.974838 3.857838 -7.123244 -6.486859 4.434431'/>
				</IndexedFaceSet>
			</Shape>
			<Shape DEF='_IDX_1295'>
				<Appearance USE='Material_74_IDX_74'/>
				<IndexedFaceSet solid="false" coordIndex='0 1 2 3 -1'>
					<Coordinate point='-5.389566 -5.307591 2.790831 -4.821702 -6.400821 2.427949 -5.546176 -7.125802 3.115122 -6.163613 -5.855167 3.580708'/>
				</IndexedFaceSet>
			</Shape>
			<Shape DEF='_IDX_1296'>
				<Appearance USE='Material_75_IDX_75'/>
				<IndexedFaceSet solid="false" coordIndex='0 1 2 3 -1'>
					<Coordinate point='-4.767474 -4.839022 2.050714 -4.234500 -5.786995 1.784067 -4.821702 -6.400821 2.427949 -5.389566 -5.307591 2.790831'/>
				</IndexedFaceSet>
			</Shape>
			<Shape DEF='_IDX_1297'>
				<Appearance USE='Material_76_IDX_76'/>
				<IndexedFaceSet solid="false" coordIndex='0 1 2 3 -1'>
					<Coordinate point='-4.269053 -4.446705 1.347161 -3.757300 -5.274833 1.171995 -4.234500 -5.786995 1.784067 -4.767474 -4.839022 2.050714'/>
				</IndexedFaceSet>
			</Shape>
			<Shape DEF='_IDX_1298'>
				<Appearance USE='Material_77_IDX_77'/>
				<IndexedFaceSet solid="false" coordIndex='0 1 2 3 -1'>
					<Coordinate point='-3.870043 -4.130265 0.667629 -3.366098 -4.857977 0.580820 -3.757300 -5.274833 1.171995 -4.269053 -4.446705 1.347161'/>
				</IndexedFaceSet>
			</Shape>
			<Shape DEF='_IDX_1299'>
				<Appearance USE='Material_78_IDX_78'/>
				<IndexedFaceSet solid="false" coordIndex='0 1 2 3 -1'>
					<Coordinate point='-3.549030 -3.891902 0.000000 -3.038882 -4.533147 0.000000 -3.366098 -4.857977 0.580820 -3.870043 -4.130265 0.667629'/>
				</IndexedFaceSet>
			</Shape>
			<Shape DEF='_IDX_1300'>
				<Appearance USE='Material_158_IDX_158'/>
				<IndexedFaceSet solid="false" coordIndex='0 1 2 3 -1'>
					<Coordinate point='-13.518663 -13.703238 8.142341 -11.650403 -16.544405 6.743498 -13.611032 -18.654953 7.653612 -15.777298 -15.329383 9.241243'/>
				</IndexedFaceSet>
			</Shape>
			<Shape DEF='_IDX_1301'>
				<Appearance USE='Material_54_IDX_54'/>
				<IndexedFaceSet solid="false" coordIndex='0 1 2 3 -1'>
					<Coordinate point='-11.616808 -12.278806 7.147881 -9.999073 -14.711250 5.919886 -11.650403 -16.544405 6.743498 -13.518663 -13.703238 8.142341'/>
				</IndexedFaceSet>
			</Shape>
			<Shape DEF='_IDX_1302'>
				<Appearance USE='Material_55_IDX_55'/>
				<IndexedFaceSet solid="false" coordIndex='0 1 2 3 -1'>
					<Coordinate point='-10.016444 -11.028855 6.245110 -8.609016 -13.116555 5.172210 -9.999073 -14.711250 5.919886 -11.616808 -12.278806 7.147881'/>
				</IndexedFaceSet>
			</Shape>
			<Shape DEF='_IDX_1303'>
				<Appearance USE='Material_159_IDX_159'/>
				<IndexedFaceSet solid="false" coordIndex='0 1 2 3 -1'>
					<Coordinate point='-8.670884 -9.930527 5.422447 -7.439643 -11.727543 4.490879 -8.609016 -13.116555 5.172210 -10.016444 -11.028855 6.245110'/>
				</IndexedFaceSet>
			</Shape>
			<Shape DEF='_IDX_1304'>
				<Appearance USE='Material_57_IDX_57'/>
				<IndexedFaceSet solid="false" coordIndex='0 1 2 3 -1'>
					<Coordinate point='-7.540668 -8.964690 4.669339 -6.456610 -10.516660 3.867154 -7.439643 -11.727543 4.490879 -8.670884 -9.930527 5.422447'/>
				</IndexedFaceSet>
			</Shape>
			<Shape DEF='_IDX_1305'>
				<Appearance USE='Material_58_IDX_58'/>
				<IndexedFaceSet solid="false" coordIndex='0 1 2 3 -1'>
					<Coordinate point='-7.540668 -8.964690 4.669339 -6.456610 -10.516660 3.867154 -6.456610 -10.516660 3.867154 -7.540668 -8.964690 4.669339'/>
				</IndexedFaceSet>
			</Shape>
			<Shape DEF='_IDX_1306'>
				<Appearance USE='Material_59_IDX_59'/>
				<IndexedFaceSet solid="false" coordIndex='0 1 2 3 -1'>
					<Coordinate point='-6.439825 -7.974838 3.857838 -5.497788 -9.286859 3.195067 -6.456610 -10.516660 3.867154 -7.540668 -8.964690 4.669339'/>
				</IndexedFaceSet>
			</Shape>
			<Shape DEF='_IDX_1307'>
				<Appearance USE='Material_160_IDX_160'/>
				<IndexedFaceSet solid="false" coordIndex='0 1 2 3 -1'>
					<Coordinate point='-5.546176 -7.125802 3.115122 -4.717519 -8.241399 2.579948 -5.497788 -9.286859 3.195067 -6.439825 -7.974838 3.857838'/>
				</IndexedFaceSet>
			</Shape>
			<Shape DEF='_IDX_1308'>
				<Appearance USE='Material_61_IDX_61'/>
				<IndexedFaceSet solid="false" coordIndex='0 1 2 3 -1'>
					<Coordinate point='-4.821702 -6.400821 2.427949 -4.082367 -7.355122 2.010831 -4.717519 -8.241399 2.579948 -5.546176 -7.125802 3.115122'/>
				</IndexedFaceSet>
			</Shape>
			<Shape DEF='_IDX_1309'>
				<Appearance USE='Material_62_IDX_62'/>
				<IndexedFaceSet solid="false" coordIndex='0 1 2 3 -1'>
					<Coordinate point='-4.234500 -5.786995 1.784067 -3.564020 -6.607906 1.477567 -4.082367 -7.355122 2.010831 -4.821702 -6.400821 2.427949'/>
				</IndexedFaceSet>
			</Shape>
			<Shape DEF='_IDX_1310'>
				<Appearance USE='Material_161_IDX_161'/>
				<IndexedFaceSet solid="false" coordIndex='0 1 2 3 -1'>
					<Coordinate point='-3.757300 -5.274833 1.171995 -3.137911 -5.983871 0.970648 -3.564020 -6.607906 1.477567 -4.234500 -5.786995 1.784067'/>
				</IndexedFaceSet>
			</Shape>
			<Shape DEF='_IDX_1311'>
				<Appearance USE='Material_64_IDX_64'/>
				<IndexedFaceSet solid="false" coordIndex='0 1 2 3 -1'>
					<Coordinate point='-3.366098 -4.857977 0.580820 -2.781896 -5.470770 0.481036 -3.137911 -5.983871 0.970648 -3.757300 -5.274833 1.171995'/>
				</IndexedFaceSet>
			</Shape>
			<Shape DEF='_IDX_1312'>
				<Appearance USE='Material_65_IDX_65'/>
				<IndexedFaceSet solid="false" coordIndex='0 1 2 3 -1'>
					<Coordinate point='-3.038882 -4.533147 0.000000 -2.474922 -5.059610 0.000000 -2.781896 -5.470770 0.481036 -3.366098 -4.857977 0.580820'/>
				</IndexedFaceSet>
			</Shape>
			<Shape DEF='_IDX_1313'>
				<Appearance USE='Material_162_IDX_162'/>
				<IndexedFaceSet solid="false" coordIndex='0 1 2 3 -1'>
					<Coordinate point='-11.650403 -16.544405 6.743498 -9.245439 -18.903963 5.194018 -10.809391 -21.418751 5.895011 -13.611032 -18.654953 7.653612'/>
				</IndexedFaceSet>
			</Shape>
			<Shape DEF='_IDX_1314'>
				<Appearance USE='Material_41_IDX_41'/>
				<IndexedFaceSet solid="false" coordIndex='0 1 2 3 -1'>
					<Coordinate point='-9.999073 -14.711250 5.919886 -7.927963 -16.729652 4.559650 -9.245439 -18.903963 5.194018 -11.650403 -16.544405 6.743498'/>
				</IndexedFaceSet>
			</Shape>
			<Shape DEF='_IDX_1315'>
				<Appearance USE='Material_163_IDX_163'/>
				<IndexedFaceSet solid="false" coordIndex='0 1 2 3 -1'>
					<Coordinate point='-8.609016 -13.116555 5.172210 -6.818629 -14.847093 3.983770 -7.927963 -16.729652 4.559650 -9.999073 -14.711250 5.919886'/>
				</IndexedFaceSet>
			</Shape>
			<Shape DEF='_IDX_1316'>
				<Appearance USE='Material_43_IDX_43'/>
				<IndexedFaceSet solid="false" coordIndex='0 1 2 3 -1'>
					<Coordinate point='-7.439643 -11.727543 4.490879 -5.885021 -13.215207 3.458992 -6.818629 -14.847093 3.983770 -8.609016 -13.116555 5.172210'/>
				</IndexedFaceSet>
			</Shape>
			<Shape DEF='_IDX_1317'>
				<Appearance USE='Material_44_IDX_44'/>
				<IndexedFaceSet solid="false" coordIndex='0 1 2 3 -1'>
					<Coordinate point='-6.456610 -10.516660 3.867154 -5.099685 -11.799384 2.978582 -5.885021 -13.215207 3.458992 -7.439643 -11.727543 4.490879'/>
				</IndexedFaceSet>
			</Shape>
			<Shape DEF='_IDX_1318'>
				<Appearance USE='Material_45_IDX_45'/>
				<IndexedFaceSet solid="false" coordIndex='0 1 2 3 -1'>
					<Coordinate point='-6.456610 -10.516660 3.867154 -5.099685 -11.799384 2.978582 -5.099685 -11.799384 2.978582 -6.456610 -10.516660 3.867154'/>
				</IndexedFaceSet>
			</Shape>
			<Shape DEF='_IDX_1319'>
				<Appearance USE='Material_46_IDX_46'/>
				<IndexedFaceSet solid="false" coordIndex='0 1 2 3 -1'>
					<Coordinate point='-5.497788 -9.286859 3.195067 -4.332864 -10.368573 2.460924 -5.099685 -11.799384 2.978582 -6.456610 -10.516660 3.867154'/>
				</IndexedFaceSet>
			</Shape>
			<Shape DEF='_IDX_1320'>
				<Appearance USE='Material_47_IDX_47'/>
				<IndexedFaceSet solid="false" coordIndex='0 1 2 3 -1'>
					<Coordinate point='-4.717519 -8.241399 2.579948 -3.707650 -9.158080 1.987143 -4.332864 -10.368573 2.460924 -5.497788 -9.286859 3.195067'/>
				</IndexedFaceSet>
			</Shape>
			<Shape DEF='_IDX_1321'>
				<Appearance USE='Material_48_IDX_48'/>
				<IndexedFaceSet solid="false" coordIndex='0 1 2 3 -1'>
					<Coordinate point='-4.082367 -7.355122 2.010831 -3.197086 -8.135611 1.548794 -3.707650 -9.158080 1.987143 -4.717519 -8.241399 2.579948'/>
				</IndexedFaceSet>
			</Shape>
			<Shape DEF='_IDX_1322'>
				<Appearance USE='Material_49_IDX_49'/>
				<IndexedFaceSet solid="false" coordIndex='0 1 2 3 -1'>
					<Coordinate point='-3.564020 -6.607906 1.477567 -2.778167 -7.274827 1.138060 -3.197086 -8.135611 1.548794 -4.082367 -7.355122 2.010831'/>
				</IndexedFaceSet>
			</Shape>
			<Shape DEF='_IDX_1323'>
				<Appearance USE='Material_50_IDX_50'/>
				<IndexedFaceSet solid="false" coordIndex='0 1 2 3 -1'>
					<Coordinate point='-3.137911 -5.983871 0.970648 -2.430671 -6.554216 0.747618 -2.778167 -7.274827 1.138060 -3.564020 -6.607906 1.477567'/>
				</IndexedFaceSet>
			</Shape>
			<Shape DEF='_IDX_1324'>
				<Appearance USE='Material_51_IDX_51'/>
				<IndexedFaceSet solid="false" coordIndex='0 1 2 3 -1'>
					<Coordinate point='-2.781896 -5.470770 0.481036 -2.135973 -5.956143 0.370506 -2.430671 -6.554216 0.747618 -3.137911 -5.983871 0.970648'/>
				</IndexedFaceSet>
			</Shape>
			<Shape DEF='_IDX_1325'>
				<Appearance USE='Material_52_IDX_52'/>
				<IndexedFaceSet solid="false" coordIndex='0 1 2 3 -1'>
					<Coordinate point='-2.474922 -5.059610 0.000000 -1.875765 -5.466074 0.000000 -2.135973 -5.956143 0.370506 -2.781896 -5.470770 0.481036'/>
				</IndexedFaceSet>
			</Shape>
			<Shape DEF='_IDX_1326'>
				<Appearance USE='Material_164_IDX_164'/>
				<IndexedFaceSet solid="false" coordIndex='0 1 2 3 -1'>
					<Coordinate point='-9.245439 -18.903963 5.194018 -6.412782 -20.672447 3.528512 -7.501328 -23.491241 4.004725 -10.809391 -21.418751 5.895011'/>
				</IndexedFaceSet>
			</Shape>
			<Shape DEF='_IDX_1327'>
				<Appearance USE='Material_28_IDX_28'/>
				<IndexedFaceSet solid="false" coordIndex='0 1 2 3 -1'>
					<Coordinate point='-7.927963 -16.729652 4.559650 -5.495668 -18.241526 3.097559 -6.412782 -20.672447 3.528512 -9.245439 -18.903963 5.194018'/>
				</IndexedFaceSet>
			</Shape>
			<Shape DEF='_IDX_1328'>
				<Appearance USE='Material_165_IDX_165'/>
				<IndexedFaceSet solid="false" coordIndex='0 1 2 3 -1'>
					<Coordinate point='-6.818629 -14.847093 3.983770 -4.723294 -16.142380 2.706340 -5.495668 -18.241526 3.097559 -7.927963 -16.729652 4.559650'/>
				</IndexedFaceSet>
			</Shape>
			<Shape DEF='_IDX_1329'>
				<Appearance USE='Material_30_IDX_30'/>
				<IndexedFaceSet solid="false" coordIndex='0 1 2 3 -1'>
					<Coordinate point='-5.885021 -13.215207 3.458992 -4.073075 -14.327674 2.349836 -4.723294 -16.142380 2.706340 -6.818629 -14.847093 3.983770'/>
				</IndexedFaceSet>
			</Shape>
			<Shape DEF='_IDX_1330'>
				<Appearance USE='Material_31_IDX_31'/>
				<IndexedFaceSet solid="false" coordIndex='0 1 2 3 -1'>
					<Coordinate point='-5.099685 -11.799384 2.978582 -3.525874 -12.757475 2.023474 -4.073075 -14.327674 2.349836 -5.885021 -13.215207 3.458992'/>
				</IndexedFaceSet>
			</Shape>
			<Shape DEF='_IDX_1331'>
				<Appearance USE='Material_32_IDX_32'/>
				<IndexedFaceSet solid="false" coordIndex='0 1 2 3 -1'>
					<Coordinate point='-5.099685 -11.799384 2.978582 -3.525874 -12.757475 2.023474 -3.525874 -12.757475 2.023474 -5.099685 -11.799384 2.978582'/>
				</IndexedFaceSet>
			</Shape>
			<Shape DEF='_IDX_1332'>
				<Appearance USE='Material_33_IDX_33'/>
				<IndexedFaceSet solid="false" coordIndex='0 1 2 3 -1'>
					<Coordinate point='-4.332864 -10.368573 2.460924 -2.991161 -11.175056 1.671807 -3.525874 -12.757475 2.023474 -5.099685 -11.799384 2.978582'/>
				</IndexedFaceSet>
			</Shape>
			<Shape DEF='_IDX_1333'>
				<Appearance USE='Material_34_IDX_34'/>
				<IndexedFaceSet solid="false" coordIndex='0 1 2 3 -1'>
					<Coordinate point='-3.707650 -9.158080 1.987143 -2.554593 -9.839808 1.349949 -2.991161 -11.175056 1.671807 -4.332864 -10.368573 2.460924'/>
				</IndexedFaceSet>
			</Shape>
			<Shape DEF='_IDX_1334'>
				<Appearance USE='Material_35_IDX_35'/>
				<IndexedFaceSet solid="false" coordIndex='0 1 2 3 -1'>
					<Coordinate point='-3.197086 -8.135611 1.548794 -2.197258 -8.713986 1.052160 -2.554593 -9.839808 1.349949 -3.707650 -9.158080 1.987143'/>
				</IndexedFaceSet>
			</Shape>
			<Shape DEF='_IDX_1335'>
				<Appearance USE='Material_166_IDX_166'/>
				<IndexedFaceSet solid="false" coordIndex='0 1 2 3 -1'>
					<Coordinate point='-2.778167 -7.274827 1.138060 -1.902918 -7.766453 0.773132 -2.197258 -8.713986 1.052160 -3.197086 -8.135611 1.548794'/>
				</IndexedFaceSet>
			</Shape>
			<Shape DEF='_IDX_1336'>
				<Appearance USE='Material_167_IDX_167'/>
				<IndexedFaceSet solid="false" coordIndex='0 1 2 3 -1'>
					<Coordinate point='-2.430671 -6.554216 0.747618 -1.657145 -6.971251 0.507888 -1.902918 -7.766453 0.773132 -2.778167 -7.274827 1.138060'/>
				</IndexedFaceSet>
			</Shape>
			<Shape DEF='_IDX_1337'>
				<Appearance USE='Material_38_IDX_38'/>
				<IndexedFaceSet solid="false" coordIndex='0 1 2 3 -1'>
					<Coordinate point='-2.135973 -5.956143 0.370506 -1.446421 -6.306336 0.251700 -1.657145 -6.971251 0.507888 -2.430671 -6.554216 0.747618'/>
				</IndexedFaceSet>
			</Shape>
			<Shape DEF='_IDX_1338'>
				<Appearance USE='Material_39_IDX_39'/>
				<IndexedFaceSet solid="false" coordIndex='0 1 2 3 -1'>
					<Coordinate point='-1.875765 -5.466074 0.000000 -1.257076 -5.752384 0.000000 -1.446421 -6.306336 0.251700 -2.135973 -5.956143 0.370506'/>
				</IndexedFaceSet>
			</Shape>
			<Shape DEF='_IDX_1339'>
				<Appearance USE='Material_14_IDX_14'/>
				<IndexedFaceSet solid="false" coordIndex='0 1 2 3 -1'>
					<Coordinate point='-6.412782 -20.672447 3.528512 -3.282650 -21.767603 1.784184 -3.840981 -24.775066 2.024981 -7.501328 -23.491241 4.004725'/>
				</IndexedFaceSet>
			</Shape>
			<Shape DEF='_IDX_1340'>
				<Appearance USE='Material_168_IDX_168'/>
				<IndexedFaceSet solid="false" coordIndex='0 1 2 3 -1'>
					<Coordinate point='-5.495668 -18.241526 3.097559 -2.812212 -19.177408 1.566274 -3.282650 -21.767603 1.784184 -6.412782 -20.672447 3.528512'/>
				</IndexedFaceSet>
			</Shape>
			<Shape DEF='_IDX_1341'>
				<Appearance USE='Material_16_IDX_16'/>
				<IndexedFaceSet solid="false" coordIndex='0 1 2 3 -1'>
					<Coordinate point='-4.723294 -16.142380 2.706340 -2.415972 -16.943806 1.368455 -2.812212 -19.177408 1.566274 -5.495668 -18.241526 3.097559'/>
				</IndexedFaceSet>
			</Shape>
			<Shape DEF='_IDX_1342'>
				<Appearance USE='Material_17_IDX_17'/>
				<IndexedFaceSet solid="false" coordIndex='0 1 2 3 -1'>
					<Coordinate point='-4.073075 -14.327674 2.349836 -2.082341 -15.015573 1.188190 -2.415972 -16.943806 1.368455 -4.723294 -16.142380 2.706340'/>
				</IndexedFaceSet>
			</Shape>
			<Shape DEF='_IDX_1343'>
				<Appearance USE='Material_18_IDX_18'/>
				<IndexedFaceSet solid="false" coordIndex='0 1 2 3 -1'>
					<Coordinate point='-3.525874 -12.757475 2.023474 -1.801493 -13.349461 1.023165 -2.082341 -15.015573 1.188190 -4.073075 -14.327674 2.349836'/>
				</IndexedFaceSet>
			</Shape>
			<Shape DEF='_IDX_1344'>
				<Appearance USE='Material_19_IDX_19'/>
				<IndexedFaceSet solid="false" coordIndex='0 1 2 3 -1'>
					<Coordinate point='-3.525874 -12.757475 2.023474 -1.801493 -13.349461 1.023165 -1.801493 -13.349461 1.023165 -3.525874 -12.757475 2.023474'/>
				</IndexedFaceSet>
			</Shape>
			<Shape DEF='_IDX_1345'>
				<Appearance USE='Material_20_IDX_20'/>
				<IndexedFaceSet solid="false" coordIndex='0 1 2 3 -1'>
					<Coordinate point='-2.991161 -11.175056 1.671807 -1.526925 -11.672770 0.845346 -1.801493 -13.349461 1.023165 -3.525874 -12.757475 2.023474'/>
				</IndexedFaceSet>
			</Shape>
			<Shape DEF='_IDX_1346'>
				<Appearance USE='Material_21_IDX_21'/>
				<IndexedFaceSet solid="false" coordIndex='0 1 2 3 -1'>
					<Coordinate point='-2.554593 -9.839808 1.349949 -1.302569 -10.259825 0.682599 -1.526925 -11.672770 0.845346 -2.991161 -11.175056 1.671807'/>
				</IndexedFaceSet>
			</Shape>
			<Shape DEF='_IDX_1347'>
				<Appearance USE='Material_22_IDX_22'/>
				<IndexedFaceSet solid="false" coordIndex='0 1 2 3 -1'>
					<Coordinate point='-2.197258 -8.713986 1.052160 -1.118673 -9.069468 0.532022 -1.302569 -10.259825 0.682599 -2.554593 -9.839808 1.349949'/>
				</IndexedFaceSet>
			</Shape>
			<Shape DEF='_IDX_1348'>
				<Appearance USE='Material_23_IDX_23'/>
				<IndexedFaceSet solid="false" coordIndex='0 1 2 3 -1'>
					<Coordinate point='-1.902918 -7.766453 0.773132 -0.966835 -8.067514 0.390932 -1.118673 -9.069468 0.532022 -2.197258 -8.713986 1.052160'/>
				</IndexedFaceSet>
			</Shape>
			<Shape DEF='_IDX_1349'>
				<Appearance USE='Material_24_IDX_24'/>
				<IndexedFaceSet solid="false" coordIndex='0 1 2 3 -1'>
					<Coordinate point='-1.657145 -6.971251 0.507888 -0.839539 -7.225150 0.256812 -0.966835 -8.067514 0.390932 -1.902918 -7.766453 0.773132'/>
				</IndexedFaceSet>
			</Shape>
			<Shape DEF='_IDX_1350'>
				<Appearance USE='Material_25_IDX_25'/>
				<IndexedFaceSet solid="false" coordIndex='0 1 2 3 -1'>
					<Coordinate point='-1.446421 -6.306336 0.251700 -0.729656 -6.517410 0.127272 -0.839539 -7.225150 0.256812 -1.657145 -6.971251 0.507888'/>
				</IndexedFaceSet>
			</Shape>
			<Shape DEF='_IDX_1351'>
				<Appearance USE='Material_26_IDX_26'/>
				<IndexedFaceSet solid="false" coordIndex='0 1 2 3 -1'>
					<Coordinate point='-1.257076 -5.752384 0.000000 -0.629839 -5.921650 0.000000 -0.729656 -6.517410 0.127272 -1.446421 -6.306336 0.251700'/>
				</IndexedFaceSet>
			</Shape>
			<Shape DEF='_IDX_1352'>
				<Appearance USE='Material_169_IDX_169'/>
				<IndexedFaceSet solid="false" coordIndex='0 1 2 3 -1'>
					<Coordinate point='-3.282650 -21.767603 1.784184 -0.000002 -22.138418 0.000001 -0.000003 -25.209831 0.000001 -3.840981 -24.775066 2.024981'/>
				</IndexedFaceSet>
			</Shape>
			<Shape DEF='_IDX_1353'>
				<Appearance USE='Material_2_IDX_2'/>
				<IndexedFaceSet solid="false" coordIndex='0 1 2 3 -1'>
					<Coordinate point='-2.812212 -19.177408 1.566274 -0.000002 -19.494234 0.000001 -0.000002 -22.138418 0.000001 -3.282650 -21.767603 1.784184'/>
				</IndexedFaceSet>
			</Shape>
			<Shape DEF='_IDX_1354'>
				<Appearance USE='Material_170_IDX_170'/>
				<IndexedFaceSet solid="false" coordIndex='0 1 2 3 -1'>
					<Coordinate point='-2.415972 -16.943806 1.368455 -0.000002 -17.215050 0.000001 -0.000002 -19.494234 0.000001 -2.812212 -19.177408 1.566274'/>
				</IndexedFaceSet>
			</Shape>
			<Shape DEF='_IDX_1355'>
				<Appearance USE='Material_171_IDX_171'/>
				<IndexedFaceSet solid="false" coordIndex='0 1 2 3 -1'>
					<Coordinate point='-2.082341 -15.015573 1.188190 -0.000001 -15.248323 0.000001 -0.000002 -17.215050 0.000001 -2.415972 -16.943806 1.368455'/>
				</IndexedFaceSet>
			</Shape>
			<Shape DEF='_IDX_1356'>
				<Appearance USE='Material_5_IDX_5'/>
				<IndexedFaceSet solid="false" coordIndex='0 1 2 3 -1'>
					<Coordinate point='-1.801493 -13.349461 1.023165 -0.000001 -13.549685 0.000001 -0.000001 -15.248323 0.000001 -2.082341 -15.015573 1.188190'/>
				</IndexedFaceSet>
			</Shape>
			<Shape DEF='_IDX_1357'>
				<Appearance USE='Material_172_IDX_172'/>
				<IndexedFaceSet solid="false" coordIndex='0 1 2 3 -1'>
					<Coordinate point='-1.801493 -13.349461 1.023165 -0.000001 -13.549685 0.000001 -0.000001 -13.549685 0.000001 -1.801493 -13.349461 1.023165'/>
				</IndexedFaceSet>
			</Shape>
			<Shape DEF='_IDX_1358'>
				<Appearance USE='Material_173_IDX_173'/>
				<IndexedFaceSet solid="false" coordIndex='0 1 2 3 -1'>
					<Coordinate point='-1.526925 -11.672770 0.845346 -0.000001 -11.841008 0.000001 -0.000001 -13.549685 0.000001 -1.801493 -13.349461 1.023165'/>
				</IndexedFaceSet>
			</Shape>
			<Shape DEF='_IDX_1359'>
				<Appearance USE='Material_8_IDX_8'/>
				<IndexedFaceSet solid="false" coordIndex='0 1 2 3 -1'>
					<Coordinate point='-1.302569 -10.259825 0.682599 -0.000001 -10.401681 0.000000 -0.000001 -11.841008 0.000001 -1.526925 -11.672770 0.845346'/>
				</IndexedFaceSet>
			</Shape>
			<Shape DEF='_IDX_1360'>
				<Appearance USE='Material_9_IDX_9'/>
				<IndexedFaceSet solid="false" coordIndex='0 1 2 3 -1'>
					<Coordinate point='-1.118673 -9.069468 0.532022 -0.000001 -9.189380 0.000000 -0.000001 -10.401681 0.000000 -1.302569 -10.259825 0.682599'/>
				</IndexedFaceSet>
			</Shape>
			<Shape DEF='_IDX_1361'>
				<Appearance USE='Material_10_IDX_10'/>
				<IndexedFaceSet solid="false" coordIndex='0 1 2 3 -1'>
					<Coordinate point='-0.966835 -8.067514 0.390932 -0.000001 -8.168880 0.000000 -0.000001 -9.189380 0.000000 -1.118673 -9.069468 0.532022'/>
				</IndexedFaceSet>
			</Shape>
			<Shape DEF='_IDX_1362'>
				<Appearance USE='Material_11_IDX_11'/>
				<IndexedFaceSet solid="false" coordIndex='0 1 2 3 -1'>
					<Coordinate point='-0.839539 -7.225150 0.256812 -0.000001 -7.310373 0.000000 -0.000001 -8.168880 0.000000 -0.966835 -8.067514 0.390932'/>
				</IndexedFaceSet>
			</Shape>
			<Shape DEF='_IDX_1363'>
				<Appearance USE='Material_174_IDX_174'/>
				<IndexedFaceSet solid="false" coordIndex='0 1 2 3 -1'>
					<Coordinate point='-0.729656 -6.517410 0.127272 -0.000000 -6.587874 0.000000 -0.000001 -7.310373 0.000000 -0.839539 -7.225150 0.256812'/>
				</IndexedFaceSet>
			</Shape>
			<Shape DEF='_IDX_1364'>
				<Appearance USE='Material_175_IDX_175'/>
				<IndexedFaceSet solid="false" coordIndex='0 1 2 3 -1'>
					<Coordinate point='-0.629839 -5.921650 0.000000 -0.000000 -5.977540 0.000000 -0.000000 -6.587874 0.000000 -0.729656 -6.517410 0.127272'/>
				</IndexedFaceSet>
			</Shape>
			<Shape DEF='_IDX_1365'>
				<Appearance USE='Material_176_IDX_176'/>
				<IndexedFaceSet solid="false" coordIndex='0 1 2 3 -1'>
					<Coordinate point='9.472039 -0.000002 -0.000001 9.173079 -2.673965 -1.784184 11.740790 -3.124040 -2.024981 12.114709 -0.000002 -0.000001'/>
				</IndexedFaceSet>
			</Shape>
			<Shape DEF='_IDX_1366'>
				<Appearance USE='Material_177_IDX_177'/>
				<IndexedFaceSet solid="false" coordIndex='0 1 2 3 -1'>
					<Coordinate point='7.170965 -0.000002 -0.000001 6.949204 -2.341528 -1.566274 9.173079 -2.673965 -1.784184 9.472039 -0.000002 -0.000001'/>
				</IndexedFaceSet>
			</Shape>
			<Shape DEF='_IDX_1367'>
				<Appearance USE='Material_178_IDX_178'/>
				<IndexedFaceSet solid="false" coordIndex='0 1 2 3 -1'>
					<Coordinate point='5.116354 -0.000001 -0.000001 4.997092 -2.142523 -1.368455 6.949204 -2.341528 -1.566274 7.170965 -0.000002 -0.000001'/>
				</IndexedFaceSet>
			</Shape>
			<Shape DEF='_IDX_1368'>
				<Appearance USE='Material_179_IDX_179'/>
				<IndexedFaceSet solid="false" coordIndex='0 1 2 3 -1'>
					<Coordinate point='3.158188 -0.000002 -0.000001 3.261897 -2.137143 -1.188190 4.997092 -2.142523 -1.368455 5.116354 -0.000001 -0.000001'/>
				</IndexedFaceSet>
			</Shape>
			<Shape DEF='_IDX_1369'>
				<Appearance USE='Material_180_IDX_180'/>
				<IndexedFaceSet solid="false" coordIndex='0 1 2 3 -1'>
					<Coordinate point='0.001829 -0.001829 -0.000001 1.796680 -2.453188 -1.023165 3.261897 -2.137143 -1.188190 3.158188 -0.000002 -0.000001'/>
				</IndexedFaceSet>
			</Shape>
			<Shape DEF='_IDX_1370'>
				<Appearance USE='Material_181_IDX_181'/>
				<IndexedFaceSet solid="false" coordIndex='0 1 2 3 -1'>
					<Coordinate point='0.001829 -0.001829 -0.000001 1.796680 -2.453188 -1.023165 1.796680 -2.453188 -1.023165 0.001829 -0.001829 -0.000001'/>
				</IndexedFaceSet>
			</Shape>
			<Shape DEF='_IDX_1371'>
				<Appearance USE='Material_182_IDX_182'/>
				<IndexedFaceSet solid="false" coordIndex='0 1 2 3 -1'>
					<Coordinate point='0.000001 -2.721608 -0.000001 0.717430 -3.127908 -0.845346 1.796680 -2.453188 -1.023165 0.001829 -0.001829 -0.000001'/>
				</IndexedFaceSet>
			</Shape>
			<Shape DEF='_IDX_1372'>
				<Appearance USE='Material_183_IDX_183'/>
				<IndexedFaceSet solid="false" coordIndex='0 1 2 3 -1'>
					<Coordinate point='0.000000 -3.564818 -0.000000 0.187118 -3.713712 -0.682599 0.717430 -3.127908 -0.845346 0.000001 -2.721608 -0.000001'/>
				</IndexedFaceSet>
			</Shape>
			<Shape DEF='_IDX_1373'>
				<Appearance USE='Material_184_IDX_184'/>
				<IndexedFaceSet solid="false" coordIndex='0 1 2 3 -1'>
					<Coordinate point='-0.000000 -4.116542 -0.000000 -0.105601 -4.171835 -0.532022 0.187118 -3.713712 -0.682599 0.000000 -3.564818 -0.000000'/>
				</IndexedFaceSet>
			</Shape>
			<Shape DEF='_IDX_1374'>
				<Appearance USE='Material_185_IDX_185'/>
				<IndexedFaceSet solid="false" coordIndex='0 1 2 3 -1'>
					<Coordinate point='-0.000000 -4.565847 -0.000000 -0.291265 -4.574254 -0.390932 -0.105601 -4.171835 -0.532022 -0.000000 -4.116542 -0.000000'/>
				</IndexedFaceSet>
			</Shape>
			<Shape DEF='_IDX_1375'>
				<Appearance USE='Material_186_IDX_186'/>
				<IndexedFaceSet solid="false" coordIndex='0 1 2 3 -1'>
					<Coordinate point='-0.000000 -4.996156 -0.000000 -0.424178 -4.976172 -0.256812 -0.291265 -4.574254 -0.390932 -0.000000 -4.565847 -0.000000'/>
				</IndexedFaceSet>
			</Shape>
			<Shape DEF='_IDX_1376'>
				<Appearance USE='Material_187_IDX_187'/>
				<IndexedFaceSet solid="false" coordIndex='0 1 2 3 -1'>
					<Coordinate point='-0.000000 -5.455700 -0.000000 -0.531658 -5.415804 -0.127272 -0.424178 -4.976172 -0.256812 -0.000000 -4.996156 -0.000000'/>
				</IndexedFaceSet>
			</Shape>
			<Shape DEF='_IDX_1377'>
				<Appearance USE='Material_188_IDX_188'/>
				<IndexedFaceSet solid="false" coordIndex='0 1 2 3 -1'>
					<Coordinate point='-0.000000 -5.977540 -0.000000 -0.629839 -5.921649 -0.000000 -0.531658 -5.415804 -0.127272 -0.000000 -5.455700 -0.000000'/>
				</IndexedFaceSet>
			</Shape>
			<Shape DEF='_IDX_1378'>
				<Appearance USE='Material_189_IDX_189'/>
				<IndexedFaceSet solid="false" coordIndex='0 1 2 3 -1'>
					<Coordinate point='9.173079 -2.673965 -1.784184 8.276211 -5.148722 -3.528512 10.631310 -6.041429 -4.004725 11.740790 -3.124040 -2.024981'/>
				</IndexedFaceSet>
			</Shape>
			<Shape DEF='_IDX_1379'>
				<Appearance USE='Material_190_IDX_190'/>
				<IndexedFaceSet solid="false" coordIndex='0 1 2 3 -1'>
					<Coordinate point='6.949204 -2.341528 -1.566274 6.255954 -4.464893 -3.097559 8.276211 -5.148722 -3.528512 9.173079 -2.673965 -1.784184'/>
				</IndexedFaceSet>
			</Shape>
			<Shape DEF='_IDX_1380'>
				<Appearance USE='Material_191_IDX_191'/>
				<IndexedFaceSet solid="false" coordIndex='0 1 2 3 -1'>
					<Coordinate point='4.997092 -2.142523 -1.368455 4.521852 -3.985698 -2.706340 6.255954 -4.464893 -3.097559 6.949204 -2.341528 -1.566274'/>
				</IndexedFaceSet>
			</Shape>
			<Shape DEF='_IDX_1381'>
				<Appearance USE='Material_192_IDX_192'/>
				<IndexedFaceSet solid="false" coordIndex='0 1 2 3 -1'>
					<Coordinate point='3.261897 -2.137143 -1.188190 3.049722 -3.717878 -2.349836 4.521852 -3.985698 -2.706340 4.997092 -2.142523 -1.368455'/>
				</IndexedFaceSet>
			</Shape>
			<Shape DEF='_IDX_1382'>
				<Appearance USE='Material_193_IDX_193'/>
				<IndexedFaceSet solid="false" coordIndex='0 1 2 3 -1'>
					<Coordinate point='1.796680 -2.453188 -1.023165 1.849463 -3.659742 -2.023474 3.049722 -3.717878 -2.349836 3.261897 -2.137143 -1.188190'/>
				</IndexedFaceSet>
			</Shape>
			<Shape DEF='_IDX_1383'>
				<Appearance USE='Material_194_IDX_194'/>
				<IndexedFaceSet solid="false" coordIndex='0 1 2 3 -1'>
					<Coordinate point='1.796680 -2.453188 -1.023165 1.849463 -3.659742 -2.023474 1.849463 -3.659742 -2.023474 1.796680 -2.453188 -1.023165'/>
				</IndexedFaceSet>
			</Shape>
			<Shape DEF='_IDX_1384'>
				<Appearance USE='Material_195_IDX_195'/>
				<IndexedFaceSet solid="false" coordIndex='0 1 2 3 -1'>
					<Coordinate point='0.717430 -3.127908 -0.845346 0.808650 -3.793780 -1.671807 1.849463 -3.659742 -2.023474 1.796680 -2.453188 -1.023165'/>
				</IndexedFaceSet>
			</Shape>
			<Shape DEF='_IDX_1385'>
				<Appearance USE='Material_196_IDX_196'/>
				<IndexedFaceSet solid="false" coordIndex='0 1 2 3 -1'>
					<Coordinate point='0.187118 -3.713712 -0.682599 0.120280 -4.027037 -1.349949 0.808650 -3.793780 -1.671807 0.717430 -3.127908 -0.845346'/>
				</IndexedFaceSet>
			</Shape>
			<Shape DEF='_IDX_1386'>
				<Appearance USE='Material_197_IDX_197'/>
				<IndexedFaceSet solid="false" coordIndex='0 1 2 3 -1'>
					<Coordinate point='-0.105601 -4.171835 -0.532022 -0.331441 -4.291133 -1.052160 0.120280 -4.027037 -1.349949 0.187118 -3.713712 -0.682599'/>
				</IndexedFaceSet>
			</Shape>
			<Shape DEF='_IDX_1387'>
				<Appearance USE='Material_198_IDX_198'/>
				<IndexedFaceSet solid="false" coordIndex='0 1 2 3 -1'>
					<Coordinate point='-0.291265 -4.574254 -0.390932 -0.643494 -4.579322 -0.773132 -0.331441 -4.291133 -1.052160 -0.105601 -4.171835 -0.532022'/>
				</IndexedFaceSet>
			</Shape>
			<Shape DEF='_IDX_1388'>
				<Appearance USE='Material_199_IDX_199'/>
				<IndexedFaceSet solid="false" coordIndex='0 1 2 3 -1'>
					<Coordinate point='-0.424178 -4.976172 -0.256812 -0.877997 -4.906600 -0.507888 -0.643494 -4.579322 -0.773132 -0.291265 -4.574254 -0.390932'/>
				</IndexedFaceSet>
			</Shape>
			<Shape DEF='_IDX_1389'>
				<Appearance USE='Material_200_IDX_200'/>
				<IndexedFaceSet solid="false" coordIndex='0 1 2 3 -1'>
					<Coordinate point='-0.531658 -5.415804 -0.127272 -1.073887 -5.291609 -0.251700 -0.877997 -4.906600 -0.507888 -0.424178 -4.976172 -0.256812'/>
				</IndexedFaceSet>
			</Shape>
			<Shape DEF='_IDX_1390'>
				<Appearance USE='Material_201_IDX_201'/>
				<IndexedFaceSet solid="false" coordIndex='0 1 2 3 -1'>
					<Coordinate point='-0.629839 -5.921649 -0.000000 -1.257076 -5.752384 -0.000000 -1.073887 -5.291609 -0.251700 -0.531658 -5.415804 -0.127272'/>
				</IndexedFaceSet>
			</Shape>
			<Shape DEF='_IDX_1391'>
				<Appearance USE='Material_202_IDX_202'/>
				<IndexedFaceSet solid="false" coordIndex='0 1 2 3 -1'>
					<Coordinate point='8.276211 -5.148722 -3.528512 6.800459 -7.263868 -5.194018 8.829163 -8.568593 -5.895011 10.631310 -6.041429 -4.004725'/>
				</IndexedFaceSet>
			</Shape>
			<Shape DEF='_IDX_1392'>
				<Appearance USE='Material_203_IDX_203'/>
				<IndexedFaceSet solid="false" coordIndex='0 1 2 3 -1'>
					<Coordinate point='6.255954 -4.464893 -3.097559 5.072058 -6.236422 -4.559650 6.800459 -7.263868 -5.194018 8.276211 -5.148722 -3.528512'/>
				</IndexedFaceSet>
			</Shape>
			<Shape DEF='_IDX_1393'>
				<Appearance USE='Material_204_IDX_204'/>
				<IndexedFaceSet solid="false" coordIndex='0 1 2 3 -1'>
					<Coordinate point='4.521852 -3.985698 -2.706340 3.604828 -5.459405 -3.983770 5.072058 -6.236422 -4.559650 6.255954 -4.464893 -3.097559'/>
				</IndexedFaceSet>
			</Shape>
			<Shape DEF='_IDX_1394'>
				<Appearance USE='Material_205_IDX_205'/>
				<IndexedFaceSet solid="false" coordIndex='0 1 2 3 -1'>
					<Coordinate point='3.049722 -3.717878 -2.349836 2.373533 -4.909956 -3.458992 3.604828 -5.459405 -3.983770 4.521852 -3.985698 -2.706340'/>
				</IndexedFaceSet>
			</Shape>
			<Shape DEF='_IDX_1395'>
				<Appearance USE='Material_206_IDX_206'/>
				<IndexedFaceSet solid="false" coordIndex='0 1 2 3 -1'>
					<Coordinate point='1.849463 -3.659742 -2.023474 1.364019 -4.561434 -2.978582 2.373533 -4.909956 -3.458992 3.049722 -3.717878 -2.349836'/>
				</IndexedFaceSet>
			</Shape>
			<Shape DEF='_IDX_1396'>
				<Appearance USE='Material_207_IDX_207'/>
				<IndexedFaceSet solid="false" coordIndex='0 1 2 3 -1'>
					<Coordinate point='1.849463 -3.659742 -2.023474 1.364019 -4.561434 -2.978582 1.364019 -4.561434 -2.978582 1.849463 -3.659742 -2.023474'/>
				</IndexedFaceSet>
			</Shape>
			<Shape DEF='_IDX_1397'>
				<Appearance USE='Material_208_IDX_208'/>
				<IndexedFaceSet solid="false" coordIndex='0 1 2 3 -1'>
					<Coordinate point='0.808650 -3.793780 -1.671807 0.440371 -4.358478 -2.460924 1.364019 -4.561434 -2.978582 1.849463 -3.659742 -2.023474'/>
				</IndexedFaceSet>
			</Shape>
			<Shape DEF='_IDX_1398'>
				<Appearance USE='Material_209_IDX_209'/>
				<IndexedFaceSet solid="false" coordIndex='0 1 2 3 -1'>
					<Coordinate point='0.120280 -4.027037 -1.349949 -0.235211 -4.316402 -1.987143 0.440371 -4.358478 -2.460924 0.808650 -3.793780 -1.671807'/>
				</IndexedFaceSet>
			</Shape>
			<Shape DEF='_IDX_1399'>
				<Appearance USE='Material_210_IDX_210'/>
				<IndexedFaceSet solid="false" coordIndex='0 1 2 3 -1'>
					<Coordinate point='-0.331441 -4.291133 -1.052160 -0.724005 -4.383971 -1.548794 -0.235211 -4.316402 -1.987143 0.120280 -4.027037 -1.349949'/>
				</IndexedFaceSet>
			</Shape>
			<Shape DEF='_IDX_1400'>
				<Appearance USE='Material_211_IDX_211'/>
				<IndexedFaceSet solid="false" coordIndex='0 1 2 3 -1'>
					<Coordinate point='-0.643494 -4.579322 -0.773132 -1.087940 -4.535630 -1.138060 -0.724005 -4.383971 -1.548794 -0.331441 -4.291133 -1.052160'/>
				</IndexedFaceSet>
			</Shape>
			<Shape DEF='_IDX_1401'>
				<Appearance USE='Material_212_IDX_212'/>
				<IndexedFaceSet solid="false" coordIndex='0 1 2 3 -1'>
					<Coordinate point='-0.877997 -4.906600 -0.507888 -1.377457 -4.764188 -0.747618 -1.087940 -4.535630 -1.138060 -0.643494 -4.579322 -0.773132'/>
				</IndexedFaceSet>
			</Shape>
			<Shape DEF='_IDX_1402'>
				<Appearance USE='Material_213_IDX_213'/>
				<IndexedFaceSet solid="false" coordIndex='0 1 2 3 -1'>
					<Coordinate point='-1.073887 -5.291609 -0.251700 -1.630513 -5.071999 -0.370506 -1.377457 -4.764188 -0.747618 -0.877997 -4.906600 -0.507888'/>
				</IndexedFaceSet>
			</Shape>
			<Shape DEF='_IDX_1403'>
				<Appearance USE='Material_214_IDX_214'/>
				<IndexedFaceSet solid="false" coordIndex='0 1 2 3 -1'>
					<Coordinate point='-1.257076 -5.752384 -0.000000 -1.875765 -5.466074 -0.000000 -1.630513 -5.071999 -0.370506 -1.073887 -5.291609 -0.251700'/>
				</IndexedFaceSet>
			</Shape>
			<Shape DEF='_IDX_1404'>
				<Appearance USE='Material_215_IDX_215'/>
				<IndexedFaceSet solid="false" coordIndex='0 1 2 3 -1'>
					<Coordinate point='6.800459 -7.263868 -5.194018 4.805490 -8.898298 -6.743498 6.415915 -10.554007 -7.653612 8.829163 -8.568593 -5.895011'/>
				</IndexedFaceSet>
			</Shape>
			<Shape DEF='_IDX_1405'>
				<Appearance USE='Material_216_IDX_216'/>
				<IndexedFaceSet solid="false" coordIndex='0 1 2 3 -1'>
					<Coordinate point='5.072058 -6.236422 -4.559650 3.437770 -7.572488 -5.919886 4.805490 -8.898298 -6.743498 6.800459 -7.263868 -5.194018'/>
				</IndexedFaceSet>
			</Shape>
			<Shape DEF='_IDX_1406'>
				<Appearance USE='Material_217_IDX_217'/>
				<IndexedFaceSet solid="false" coordIndex='0 1 2 3 -1'>
					<Coordinate point='3.604828 -5.459405 -3.983770 2.280870 -6.534163 -5.172210 3.437770 -7.572488 -5.919886 5.072058 -6.236422 -4.559650'/>
				</IndexedFaceSet>
			</Shape>
			<Shape DEF='_IDX_1407'>
				<Appearance USE='Material_218_IDX_218'/>
				<IndexedFaceSet solid="false" coordIndex='0 1 2 3 -1'>
					<Coordinate point='2.373533 -4.909956 -3.458992 1.310774 -5.746087 -4.490879 2.280870 -6.534163 -5.172210 3.604828 -5.459405 -3.983770'/>
				</IndexedFaceSet>
			</Shape>
			<Shape DEF='_IDX_1408'>
				<Appearance USE='Material_219_IDX_219'/>
				<IndexedFaceSet solid="false" coordIndex='0 1 2 3 -1'>
					<Coordinate point='1.364019 -4.561434 -2.978582 0.508650 -5.172984 -3.867154 1.310774 -5.746087 -4.490879 2.373533 -4.909956 -3.458992'/>
				</IndexedFaceSet>
			</Shape>
			<Shape DEF='_IDX_1409'>
				<Appearance USE='Material_220_IDX_220'/>
				<IndexedFaceSet solid="false" coordIndex='0 1 2 3 -1'>
					<Coordinate point='1.364019 -4.561434 -2.978582 0.508650 -5.172984 -3.867154 0.508650 -5.172984 -3.867154 1.364019 -4.561434 -2.978582'/>
				</IndexedFaceSet>
			</Shape>
			<Shape DEF='_IDX_1410'>
				<Appearance USE='Material_221_IDX_221'/>
				<IndexedFaceSet solid="false" coordIndex='0 1 2 3 -1'>
					<Coordinate point='0.440371 -4.358478 -2.460924 -0.245467 -4.725911 -3.195067 0.508650 -5.172984 -3.867154 1.364019 -4.561434 -2.978582'/>
				</IndexedFaceSet>
			</Shape>
			<Shape DEF='_IDX_1411'>
				<Appearance USE='Material_222_IDX_222'/>
				<IndexedFaceSet solid="false" coordIndex='0 1 2 3 -1'>
					<Coordinate point='-0.235211 -4.316402 -1.987143 -0.825034 -4.474789 -2.579948 -0.245467 -4.725911 -3.195067 0.440371 -4.358478 -2.460924'/>
				</IndexedFaceSet>
			</Shape>
			<Shape DEF='_IDX_1412'>
				<Appearance USE='Material_223_IDX_223'/>
				<IndexedFaceSet solid="false" coordIndex='0 1 2 3 -1'>
					<Coordinate point='-0.724005 -4.383971 -1.548794 -1.270300 -4.375370 -2.010831 -0.825034 -4.474789 -2.579948 -0.235211 -4.316402 -1.987143'/>
				</IndexedFaceSet>
			</Shape>
			<Shape DEF='_IDX_1413'>
				<Appearance USE='Material_224_IDX_224'/>
				<IndexedFaceSet solid="false" coordIndex='0 1 2 3 -1'>
					<Coordinate point='-1.087940 -4.535630 -1.138060 -1.622855 -4.397334 -1.477567 -1.270300 -4.375370 -2.010831 -0.724005 -4.383971 -1.548794'/>
				</IndexedFaceSet>
			</Shape>
			<Shape DEF='_IDX_1414'>
				<Appearance USE='Material_225_IDX_225'/>
				<IndexedFaceSet solid="false" coordIndex='0 1 2 3 -1'>
					<Coordinate point='-1.377457 -4.764188 -0.747618 -1.920562 -4.523130 -0.970648 -1.622855 -4.397334 -1.477567 -1.087940 -4.535630 -1.138060'/>
				</IndexedFaceSet>
			</Shape>
			<Shape DEF='_IDX_1415'>
				<Appearance USE='Material_226_IDX_226'/>
				<IndexedFaceSet solid="false" coordIndex='0 1 2 3 -1'>
					<Coordinate point='-1.630513 -5.071999 -0.370506 -2.195589 -4.744537 -0.481036 -1.920562 -4.523130 -0.970648 -1.377457 -4.764188 -0.747618'/>
				</IndexedFaceSet>
			</Shape>
			<Shape DEF='_IDX_1416'>
				<Appearance USE='Material_227_IDX_227'/>
				<IndexedFaceSet solid="false" coordIndex='0 1 2 3 -1'>
					<Coordinate point='-1.875765 -5.466074 -0.000000 -2.474922 -5.059610 -0.000000 -2.195589 -4.744537 -0.481036 -1.630513 -5.071999 -0.370506'/>
				</IndexedFaceSet>
			</Shape>
			<Shape DEF='_IDX_1417'>
				<Appearance USE='Material_228_IDX_228'/>
				<IndexedFaceSet solid="false" coordIndex='0 1 2 3 -1'>
					<Coordinate point='4.805490 -8.898298 -6.743498 2.390326 -9.959919 -8.142341 3.511013 -11.878979 -9.241243 6.415915 -10.554007 -7.653612'/>
				</IndexedFaceSet>
			</Shape>
			<Shape DEF='_IDX_1418'>
				<Appearance USE='Material_229_IDX_229'/>
				<IndexedFaceSet solid="false" coordIndex='0 1 2 3 -1'>
					<Coordinate point='3.437770 -7.572488 -5.919886 1.438524 -8.408536 -7.147881 2.390326 -9.959919 -8.142341 4.805490 -8.898298 -6.743498'/>
				</IndexedFaceSet>
			</Shape>
			<Shape DEF='_IDX_1419'>
				<Appearance USE='Material_230_IDX_230'/>
				<IndexedFaceSet solid="false" coordIndex='0 1 2 3 -1'>
					<Coordinate point='2.280870 -6.534163 -5.172210 0.632863 -7.172507 -6.245110 1.438524 -8.408536 -7.147881 3.437770 -7.572488 -5.919886'/>
				</IndexedFaceSet>
			</Shape>
			<Shape DEF='_IDX_1420'>
				<Appearance USE='Material_231_IDX_231'/>
				<IndexedFaceSet solid="false" coordIndex='0 1 2 3 -1'>
					<Coordinate point='1.310774 -5.746087 -4.490879 -0.044946 -6.206581 -5.422447 0.632863 -7.172507 -6.245110 2.280870 -6.534163 -5.172210'/>
				</IndexedFaceSet>
			</Shape>
			<Shape DEF='_IDX_1421'>
				<Appearance USE='Material_232_IDX_232'/>
				<IndexedFaceSet solid="false" coordIndex='0 1 2 3 -1'>
					<Coordinate point='0.508650 -5.172984 -3.867154 -0.610395 -5.470632 -4.669339 -0.044946 -6.206581 -5.422447 1.310774 -5.746087 -4.490879'/>
				</IndexedFaceSet>
			</Shape>
			<Shape DEF='_IDX_1422'>
				<Appearance USE='Material_233_IDX_233'/>
				<IndexedFaceSet solid="false" coordIndex='0 1 2 3 -1'>
					<Coordinate point='0.508650 -5.172984 -3.867154 -0.610395 -5.470632 -4.669339 -0.610395 -5.470632 -4.669339 0.508650 -5.172984 -3.867154'/>
				</IndexedFaceSet>
			</Shape>
			<Shape DEF='_IDX_1423'>
				<Appearance USE='Material_234_IDX_234'/>
				<IndexedFaceSet solid="false" coordIndex='0 1 2 3 -1'>
					<Coordinate point='-0.245467 -4.725911 -3.195067 -1.152514 -4.849546 -3.857838 -0.610395 -5.470632 -4.669339 0.508650 -5.172984 -3.867154'/>
				</IndexedFaceSet>
			</Shape>
			<Shape DEF='_IDX_1424'>
				<Appearance USE='Material_235_IDX_235'/>
				<IndexedFaceSet solid="false" coordIndex='0 1 2 3 -1'>
					<Coordinate point='-0.825034 -4.474789 -2.579948 -1.583959 -4.446033 -3.115122 -1.152514 -4.849546 -3.857838 -0.245467 -4.725911 -3.195067'/>
				</IndexedFaceSet>
			</Shape>
			<Shape DEF='_IDX_1425'>
				<Appearance USE='Material_236_IDX_236'/>
				<IndexedFaceSet solid="false" coordIndex='0 1 2 3 -1'>
					<Coordinate point='-1.270300 -4.375370 -2.010831 -1.932092 -4.217286 -2.427949 -1.583959 -4.446033 -3.115122 -0.825034 -4.474789 -2.579948'/>
				</IndexedFaceSet>
			</Shape>
			<Shape DEF='_IDX_1426'>
				<Appearance USE='Material_237_IDX_237'/>
				<IndexedFaceSet solid="false" coordIndex='0 1 2 3 -1'>
					<Coordinate point='-1.622855 -4.397334 -1.477567 -2.225266 -4.130687 -1.784067 -1.932092 -4.217286 -2.427949 -1.270300 -4.375370 -2.010831'/>
				</IndexedFaceSet>
			</Shape>
			<Shape DEF='_IDX_1427'>
				<Appearance USE='Material_238_IDX_238'/>
				<IndexedFaceSet solid="false" coordIndex='0 1 2 3 -1'>
					<Coordinate point='-1.920562 -4.523130 -0.970648 -2.490913 -4.163314 -1.171995 -2.225266 -4.130687 -1.784067 -1.622855 -4.397334 -1.477567'/>
				</IndexedFaceSet>
			</Shape>
			<Shape DEF='_IDX_1428'>
				<Appearance USE='Material_239_IDX_239'/>
				<IndexedFaceSet solid="false" coordIndex='0 1 2 3 -1'>
					<Coordinate point='-2.195589 -4.744537 -0.481036 -2.754388 -4.300327 -0.580820 -2.490913 -4.163314 -1.171995 -1.920562 -4.523130 -0.970648'/>
				</IndexedFaceSet>
			</Shape>
			<Shape DEF='_IDX_1429'>
				<Appearance USE='Material_240_IDX_240'/>
				<IndexedFaceSet solid="false" coordIndex='0 1 2 3 -1'>
					<Coordinate point='-2.474922 -5.059610 -0.000000 -3.038882 -4.533146 -0.000000 -2.754388 -4.300327 -0.580820 -2.195589 -4.744537 -0.481036'/>
				</IndexedFaceSet>
			</Shape>
			<Shape DEF='_IDX_1430'>
				<Appearance USE='Material_241_IDX_241'/>
				<IndexedFaceSet solid="false" coordIndex='0 1 2 3 -1'>
					<Coordinate point='2.390326 -9.959919 -8.142341 -0.317514 -10.383124 -9.359296 0.264138 -12.458672 -10.622441 3.511013 -11.878979 -9.241243'/>
				</IndexedFaceSet>
			</Shape>
			<Shape DEF='_IDX_1431'>
				<Appearance USE='Material_242_IDX_242'/>
				<IndexedFaceSet solid="false" coordIndex='0 1 2 3 -1'>
					<Coordinate point='1.438524 -8.408536 -7.147881 -0.814154 -8.696593 -8.216205 -0.317514 -10.383124 -9.359296 2.390326 -9.959919 -8.142341'/>
				</IndexedFaceSet>
			</Shape>
			<Shape DEF='_IDX_1432'>
				<Appearance USE='Material_243_IDX_243'/>
				<IndexedFaceSet solid="false" coordIndex='0 1 2 3 -1'>
					<Coordinate point='0.632863 -7.172507 -6.245110 -1.237305 -7.341072 -7.178505 -0.814154 -8.696593 -8.216205 1.438524 -8.408536 -7.147881'/>
				</IndexedFaceSet>
			</Shape>
			<Shape DEF='_IDX_1433'>
				<Appearance USE='Material_244_IDX_244'/>
				<IndexedFaceSet solid="false" coordIndex='0 1 2 3 -1'>
					<Coordinate point='-0.044946 -6.206581 -5.422447 -1.596575 -6.266915 -6.232887 -1.237305 -7.341072 -7.178505 0.632863 -7.172507 -6.245110'/>
				</IndexedFaceSet>
			</Shape>
			<Shape DEF='_IDX_1434'>
				<Appearance USE='Material_245_IDX_245'/>
				<IndexedFaceSet solid="false" coordIndex='0 1 2 3 -1'>
					<Coordinate point='-0.610395 -5.470632 -4.669339 -1.900540 -5.431208 -5.367219 -1.596575 -6.266915 -6.232887 -0.044946 -6.206581 -5.422447'/>
				</IndexedFaceSet>
			</Shape>
			<Shape DEF='_IDX_1435'>
				<Appearance USE='Material_246_IDX_246'/>
				<IndexedFaceSet solid="false" coordIndex='0 1 2 3 -1'>
					<Coordinate point='-0.610395 -5.470632 -4.669339 -1.900540 -5.431208 -5.367219 -1.900540 -5.431208 -5.367219 -0.610395 -5.470632 -4.669339'/>
				</IndexedFaceSet>
			</Shape>
			<Shape DEF='_IDX_1436'>
				<Appearance USE='Material_247_IDX_247'/>
				<IndexedFaceSet solid="false" coordIndex='0 1 2 3 -1'>
					<Coordinate point='-1.152514 -4.849546 -3.857838 -2.199323 -4.701872 -4.434431 -1.900540 -5.431208 -5.367219 -0.610395 -5.470632 -4.669339'/>
				</IndexedFaceSet>
			</Shape>
			<Shape DEF='_IDX_1437'>
				<Appearance USE='Material_248_IDX_248'/>
				<IndexedFaceSet solid="false" coordIndex='0 1 2 3 -1'>
					<Coordinate point='-1.583959 -4.446033 -3.115122 -2.447869 -4.200078 -3.580708 -2.199323 -4.701872 -4.434431 -1.152514 -4.849546 -3.857838'/>
				</IndexedFaceSet>
			</Shape>
			<Shape DEF='_IDX_1438'>
				<Appearance USE='Material_249_IDX_249'/>
				<IndexedFaceSet solid="false" coordIndex='0 1 2 3 -1'>
					<Coordinate point='-1.932092 -4.217286 -2.427949 -2.662711 -3.882857 -2.790831 -2.447869 -4.200078 -3.580708 -1.583959 -4.446033 -3.115122'/>
				</IndexedFaceSet>
			</Shape>
			<Shape DEF='_IDX_1439'>
				<Appearance USE='Material_250_IDX_250'/>
				<IndexedFaceSet solid="false" coordIndex='0 1 2 3 -1'>
					<Coordinate point='-2.225266 -4.130687 -1.784067 -2.861738 -3.716085 -2.050714 -2.662711 -3.882857 -2.790831 -1.932092 -4.217286 -2.427949'/>
				</IndexedFaceSet>
			</Shape>
			<Shape DEF='_IDX_1440'>
				<Appearance USE='Material_251_IDX_251'/>
				<IndexedFaceSet solid="false" coordIndex='0 1 2 3 -1'>
					<Coordinate point='-2.490913 -4.163314 -1.171995 -3.063454 -3.673743 -1.347161 -2.861738 -3.716085 -2.050714 -2.225266 -4.130687 -1.784067'/>
				</IndexedFaceSet>
			</Shape>
			<Shape DEF='_IDX_1441'>
				<Appearance USE='Material_252_IDX_252'/>
				<IndexedFaceSet solid="false" coordIndex='0 1 2 3 -1'>
					<Coordinate point='-2.754388 -4.300327 -0.580820 -3.286400 -3.736795 -0.667629 -3.063454 -3.673743 -1.347161 -2.490913 -4.163314 -1.171995'/>
				</IndexedFaceSet>
			</Shape>
			<Shape DEF='_IDX_1442'>
				<Appearance USE='Material_253_IDX_253'/>
				<IndexedFaceSet solid="false" coordIndex='0 1 2 3 -1'>
					<Coordinate point='-3.038882 -4.533146 -0.000000 -3.549030 -3.891902 -0.000000 -3.286400 -3.736795 -0.667629 -2.754388 -4.300327 -0.580820'/>
				</IndexedFaceSet>
			</Shape>
			<Shape DEF='_IDX_1443'>
				<Appearance USE='Material_254_IDX_254'/>
				<IndexedFaceSet solid="false" coordIndex='0 1 2 3 -1'>
					<Coordinate point='-0.317514 -10.383124 -9.359296 -3.172756 -10.131017 -10.367180 -3.154688 -12.244520 -11.766352 0.264138 -12.458672 -10.622441'/>
				</IndexedFaceSet>
			</Shape>
			<Shape DEF='_IDX_1444'>
				<Appearance USE='Material_255_IDX_255'/>
				<IndexedFaceSet solid="false" coordIndex='0 1 2 3 -1'>
					<Coordinate point='-0.814154 -8.696593 -8.216205 -3.194407 -8.409824 -9.100992 -3.172756 -10.131017 -10.367180 -0.317514 -10.383124 -9.359296'/>
				</IndexedFaceSet>
			</Shape>
			<Shape DEF='_IDX_1445'>
				<Appearance USE='Material_256_IDX_256'/>
				<IndexedFaceSet solid="false" coordIndex='0 1 2 3 -1'>
					<Coordinate point='-1.237305 -7.341072 -7.178505 -3.218629 -7.020861 -7.951545 -3.194407 -8.409824 -9.100992 -0.814154 -8.696593 -8.216205'/>
				</IndexedFaceSet>
			</Shape>
			<Shape DEF='_IDX_1446'>
				<Appearance USE='Material_257_IDX_257'/>
				<IndexedFaceSet solid="false" coordIndex='0 1 2 3 -1'>
					<Coordinate point='-1.596575 -6.266915 -6.232887 -3.244761 -5.912979 -6.904094 -3.218629 -7.020861 -7.951545 -1.237305 -7.341072 -7.178505'/>
				</IndexedFaceSet>
			</Shape>
			<Shape DEF='_IDX_1447'>
				<Appearance USE='Material_258_IDX_258'/>
				<IndexedFaceSet solid="false" coordIndex='0 1 2 3 -1'>
					<Coordinate point='-1.900540 -5.431208 -5.367219 -3.272805 -5.042436 -5.945205 -3.244761 -5.912979 -6.904094 -1.596575 -6.266915 -6.232887'/>
				</IndexedFaceSet>
			</Shape>
			<Shape DEF='_IDX_1448'>
				<Appearance USE='Material_259_IDX_259'/>
				<IndexedFaceSet solid="false" coordIndex='0 1 2 3 -1'>
					<Coordinate point='-1.900540 -5.431208 -5.367219 -3.272805 -5.042436 -5.945205 -3.272805 -5.042436 -5.945205 -1.900540 -5.431208 -5.367219'/>
				</IndexedFaceSet>
			</Shape>
			<Shape DEF='_IDX_1449'>
				<Appearance USE='Material_260_IDX_260'/>
				<IndexedFaceSet solid="false" coordIndex='0 1 2 3 -1'>
					<Coordinate point='-2.199323 -4.701872 -4.434431 -3.309722 -4.270342 -4.911966 -3.272805 -5.042436 -5.945205 -1.900540 -5.431208 -5.367219'/>
				</IndexedFaceSet>
			</Shape>
			<Shape DEF='_IDX_1450'>
				<Appearance USE='Material_261_IDX_261'/>
				<IndexedFaceSet solid="false" coordIndex='0 1 2 3 -1'>
					<Coordinate point='-2.447869 -4.200078 -3.580708 -3.354485 -3.724214 -3.966308 -3.309722 -4.270342 -4.911966 -2.199323 -4.701872 -4.434431'/>
				</IndexedFaceSet>
			</Shape>
			<Shape DEF='_IDX_1451'>
				<Appearance USE='Material_262_IDX_262'/>
				<IndexedFaceSet solid="false" coordIndex='0 1 2 3 -1'>
					<Coordinate point='-2.662711 -3.882857 -2.790831 -3.413346 -3.361245 -3.091370 -3.354485 -3.724214 -3.966308 -2.447869 -4.200078 -3.580708'/>
				</IndexedFaceSet>
			</Shape>
			<Shape DEF='_IDX_1452'>
				<Appearance USE='Material_263_IDX_263'/>
				<IndexedFaceSet solid="false" coordIndex='0 1 2 3 -1'>
					<Coordinate point='-2.861738 -3.716085 -2.050714 -3.494817 -3.146722 -2.271551 -3.413346 -3.361245 -3.091370 -2.662711 -3.882857 -2.790831'/>
				</IndexedFaceSet>
			</Shape>
			<Shape DEF='_IDX_1453'>
				<Appearance USE='Material_264_IDX_264'/>
				<IndexedFaceSet solid="false" coordIndex='0 1 2 3 -1'>
					<Coordinate point='-3.063454 -3.673743 -1.347161 -3.609267 -3.053031 -1.492234 -3.494817 -3.146722 -2.271551 -2.861738 -3.716085 -2.050714'/>
				</IndexedFaceSet>
			</Shape>
			<Shape DEF='_IDX_1454'>
				<Appearance USE='Material_265_IDX_265'/>
				<IndexedFaceSet solid="false" coordIndex='0 1 2 3 -1'>
					<Coordinate point='-3.286400 -3.736795 -0.667629 -3.768571 -3.058607 -0.739525 -3.609267 -3.053031 -1.492234 -3.063454 -3.673743 -1.347161'/>
				</IndexedFaceSet>
			</Shape>
			<Shape DEF='_IDX_1455'>
				<Appearance USE='Material_266_IDX_266'/>
				<IndexedFaceSet solid="false" coordIndex='0 1 2 3 -1'>
					<Coordinate point='-3.549030 -3.891902 -0.000000 -3.985994 -3.146845 -0.000001 -3.768571 -3.058607 -0.739525 -3.286400 -3.736795 -0.667629'/>
				</IndexedFaceSet>
			</Shape>
			<Shape DEF='_IDX_1456'>
				<Appearance USE='Material_267_IDX_267'/>
				<IndexedFaceSet solid="false" coordIndex='0 1 2 3 -1'>
					<Coordinate point='-3.172756 -10.131017 -10.367180 -6.021775 -9.198010 -11.143478 -6.565270 -11.226500 -12.647421 -3.154688 -12.244520 -11.766352'/>
				</IndexedFaceSet>
			</Shape>
			<Shape DEF='_IDX_1457'>
				<Appearance USE='Material_268_IDX_268'/>
				<IndexedFaceSet solid="false" coordIndex='0 1 2 3 -1'>
					<Coordinate point='-3.194407 -8.409824 -9.100992 -5.570308 -7.546337 -9.782477 -6.021775 -9.198010 -11.143478 -3.172756 -10.131017 -10.367180'/>
				</IndexedFaceSet>
			</Shape>
			<Shape DEF='_IDX_1458'>
				<Appearance USE='Material_269_IDX_269'/>
				<IndexedFaceSet solid="false" coordIndex='0 1 2 3 -1'>
					<Coordinate point='-3.218629 -7.020861 -7.951545 -5.196882 -6.212645 -8.546960 -5.570308 -7.546337 -9.782477 -3.194407 -8.409824 -9.100992'/>
				</IndexedFaceSet>
			</Shape>
			<Shape DEF='_IDX_1459'>
				<Appearance USE='Material_270_IDX_270'/>
				<IndexedFaceSet solid="false" coordIndex='0 1 2 3 -1'>
					<Coordinate point='-3.244761 -5.912979 -6.904094 -4.890001 -5.146977 -7.421076 -5.196882 -6.212645 -8.546960 -3.218629 -7.020861 -7.951545'/>
				</IndexedFaceSet>
			</Shape>
			<Shape DEF='_IDX_1460'>
				<Appearance USE='Material_271_IDX_271'/>
				<IndexedFaceSet solid="false" coordIndex='0 1 2 3 -1'>
					<Coordinate point='-3.272805 -5.042436 -5.945205 -4.640514 -4.306792 -6.390384 -4.890001 -5.146977 -7.421076 -3.244761 -5.912979 -6.904094'/>
				</IndexedFaceSet>
			</Shape>
			<Shape DEF='_IDX_1461'>
				<Appearance USE='Material_272_IDX_272'/>
				<IndexedFaceSet solid="false" coordIndex='0 1 2 3 -1'>
					<Coordinate point='-3.272805 -5.042436 -5.945205 -4.640514 -4.306792 -6.390384 -4.640514 -4.306792 -6.390384 -3.272805 -5.042436 -5.945205'/>
				</IndexedFaceSet>
			</Shape>
			<Shape DEF='_IDX_1462'>
				<Appearance USE='Material_273_IDX_273'/>
				<IndexedFaceSet solid="false" coordIndex='0 1 2 3 -1'>
					<Coordinate point='-3.309722 -4.270342 -4.911966 -4.410861 -3.556906 -5.279776 -4.640514 -4.306792 -6.390384 -3.272805 -5.042436 -5.945205'/>
				</IndexedFaceSet>
			</Shape>
			<Shape DEF='_IDX_1463'>
				<Appearance USE='Material_274_IDX_274'/>
				<IndexedFaceSet solid="false" coordIndex='0 1 2 3 -1'>
					<Coordinate point='-3.354485 -3.724214 -3.966308 -4.243923 -3.020025 -4.263307 -4.410861 -3.556906 -5.279776 -3.309722 -4.270342 -4.911966'/>
				</IndexedFaceSet>
			</Shape>
			<Shape DEF='_IDX_1464'>
				<Appearance USE='Material_275_IDX_275'/>
				<IndexedFaceSet solid="false" coordIndex='0 1 2 3 -1'>
					<Coordinate point='-3.413346 -3.361245 -3.091370 -4.135994 -2.654714 -3.322853 -4.243923 -3.020025 -4.263307 -3.354485 -3.724214 -3.966308'/>
				</IndexedFaceSet>
			</Shape>
			<Shape DEF='_IDX_1465'>
				<Appearance USE='Material_276_IDX_276'/>
				<IndexedFaceSet solid="false" coordIndex='0 1 2 3 -1'>
					<Coordinate point='-3.494817 -3.146722 -2.271551 -4.086787 -2.426896 -2.441646 -4.135994 -2.654714 -3.322853 -3.413346 -3.361245 -3.091370'/>
				</IndexedFaceSet>
			</Shape>
			<Shape DEF='_IDX_1466'>
				<Appearance USE='Material_277_IDX_277'/>
				<IndexedFaceSet solid="false" coordIndex='0 1 2 3 -1'>
					<Coordinate point='-3.609267 -3.053031 -1.492234 -4.099013 -2.308708 -1.603974 -4.086787 -2.426896 -2.441646 -3.494817 -3.146722 -2.271551'/>
				</IndexedFaceSet>
			</Shape>
			<Shape DEF='_IDX_1467'>
				<Appearance USE='Material_278_IDX_278'/>
				<IndexedFaceSet solid="false" coordIndex='0 1 2 3 -1'>
					<Coordinate point='-3.768571 -3.058607 -0.739525 -4.178042 -2.277436 -0.794900 -4.099013 -2.308708 -1.603974 -3.609267 -3.053031 -1.492234'/>
				</IndexedFaceSet>
			</Shape>
			<Shape DEF='_IDX_1468'>
				<Appearance USE='Material_279_IDX_279'/>
				<IndexedFaceSet solid="false" coordIndex='0 1 2 3 -1'>
					<Coordinate point='-3.985994 -3.146845 -0.000001 -4.331727 -2.314499 -0.000001 -4.178042 -2.277436 -0.794900 -3.768571 -3.058607 -0.739525'/>
				</IndexedFaceSet>
			</Shape>
			<Shape DEF='_IDX_1469'>
				<Appearance USE='Material_280_IDX_280'/>
				<IndexedFaceSet solid="false" coordIndex='0 1 2 3 -1'>
					<Coordinate point='-6.021775 -9.198010 -11.143478 -8.711140 -7.611101 -11.670851 -9.787146 -9.434038 -13.245968 -6.565270 -11.226500 -12.647421'/>
				</IndexedFaceSet>
			</Shape>
			<Shape DEF='_IDX_1470'>
				<Appearance USE='Material_281_IDX_281'/>
				<IndexedFaceSet solid="false" coordIndex='0 1 2 3 -1'>
					<Coordinate point='-5.570308 -7.546337 -9.782477 -7.810894 -6.130995 -10.245440 -8.711140 -7.611101 -11.670851 -6.021775 -9.198010 -11.143478'/>
				</IndexedFaceSet>
			</Shape>
			<Shape DEF='_IDX_1471'>
				<Appearance USE='Material_282_IDX_282'/>
				<IndexedFaceSet solid="false" coordIndex='0 1 2 3 -1'>
					<Coordinate point='-5.196882 -6.212645 -8.546960 -7.059841 -4.939242 -8.951449 -7.810894 -6.130995 -10.245440 -5.570308 -7.546337 -9.782477'/>
				</IndexedFaceSet>
			</Shape>
			<Shape DEF='_IDX_1472'>
				<Appearance USE='Material_283_IDX_283'/>
				<IndexedFaceSet solid="false" coordIndex='0 1 2 3 -1'>
					<Coordinate point='-4.890001 -5.146977 -7.421076 -6.435893 -3.989625 -7.772283 -7.059841 -4.939242 -8.951449 -5.196882 -6.212645 -8.546960'/>
				</IndexedFaceSet>
			</Shape>
			<Shape DEF='_IDX_1473'>
				<Appearance USE='Material_284_IDX_284'/>
				<IndexedFaceSet solid="false" coordIndex='0 1 2 3 -1'>
					<Coordinate point='-4.640514 -4.306792 -6.390384 -5.920909 -3.242840 -6.692813 -6.435893 -3.989625 -7.772283 -4.890001 -5.146977 -7.421076'/>
				</IndexedFaceSet>
			</Shape>
			<Shape DEF='_IDX_1474'>
				<Appearance USE='Material_285_IDX_285'/>
				<IndexedFaceSet solid="false" coordIndex='0 1 2 3 -1'>
					<Coordinate point='-4.640514 -4.306792 -6.390384 -5.920909 -3.242840 -6.692813 -5.920909 -3.242840 -6.692813 -4.640514 -4.306792 -6.390384'/>
				</IndexedFaceSet>
			</Shape>
			<Shape DEF='_IDX_1475'>
				<Appearance USE='Material_286_IDX_286'/>
				<IndexedFaceSet solid="false" coordIndex='0 1 2 3 -1'>
					<Coordinate point='-4.410861 -3.556906 -5.279776 -5.434071 -2.577749 -5.529644 -5.920909 -3.242840 -6.692813 -4.640514 -4.306792 -6.390384'/>
				</IndexedFaceSet>
			</Shape>
			<Shape DEF='_IDX_1476'>
				<Appearance USE='Material_287_IDX_287'/>
				<IndexedFaceSet solid="false" coordIndex='0 1 2 3 -1'>
					<Coordinate point='-4.243923 -3.020025 -4.263307 -5.059994 -2.101895 -4.465070 -5.434071 -2.577749 -5.529644 -4.410861 -3.556906 -5.279776'/>
				</IndexedFaceSet>
			</Shape>
			<Shape DEF='_IDX_1477'>
				<Appearance USE='Material_288_IDX_288'/>
				<IndexedFaceSet solid="false" coordIndex='0 1 2 3 -1'>
					<Coordinate point='-4.135994 -2.654714 -3.322853 -4.785532 -1.776815 -3.480109 -5.059994 -2.101895 -4.465070 -4.243923 -3.020025 -4.263307'/>
				</IndexedFaceSet>
			</Shape>
			<Shape DEF='_IDX_1478'>
				<Appearance USE='Material_289_IDX_289'/>
				<IndexedFaceSet solid="false" coordIndex='0 1 2 3 -1'>
					<Coordinate point='-4.086787 -2.426896 -2.441646 -4.602153 -1.570477 -2.557198 -4.785532 -1.776815 -3.480109 -4.135994 -2.654714 -3.322853'/>
				</IndexedFaceSet>
			</Shape>
			<Shape DEF='_IDX_1479'>
				<Appearance USE='Material_290_IDX_290'/>
				<IndexedFaceSet solid="false" coordIndex='0 1 2 3 -1'>
					<Coordinate point='-4.099013 -2.308708 -1.603974 -4.505365 -1.456103 -1.679883 -4.602153 -1.570477 -2.557198 -4.086787 -2.426896 -2.441646'/>
				</IndexedFaceSet>
			</Shape>
			<Shape DEF='_IDX_1480'>
				<Appearance USE='Material_291_IDX_291'/>
				<IndexedFaceSet solid="false" coordIndex='0 1 2 3 -1'>
					<Coordinate point='-4.178042 -2.277436 -0.794900 -4.494255 -1.411114 -0.832520 -4.505365 -1.456103 -1.679883 -4.099013 -2.308708 -1.603974'/>
				</IndexedFaceSet>
			</Shape>
			<Shape DEF='_IDX_1481'>
				<Appearance USE='Material_292_IDX_292'/>
				<IndexedFaceSet solid="false" coordIndex='0 1 2 3 -1'>
					<Coordinate point='-4.331727 -2.314499 -0.000001 -4.571210 -1.416150 -0.000001 -4.494255 -1.411114 -0.832520 -4.178042 -2.277436 -0.794900'/>
				</IndexedFaceSet>
			</Shape>
			<Shape DEF='_IDX_1482'>
				<Appearance USE='Material_293_IDX_293'/>
				<IndexedFaceSet solid="false" coordIndex='0 1 2 3 -1'>
					<Coordinate point='-8.711140 -7.611101 -11.670851 -11.095570 -5.429336 -11.937515 -12.649035 -6.935067 -13.548621 -9.787146 -9.434038 -13.245968'/>
				</IndexedFaceSet>
			</Shape>
			<Shape DEF='_IDX_1483'>
				<Appearance USE='Material_294_IDX_294'/>
				<IndexedFaceSet solid="false" coordIndex='0 1 2 3 -1'>
					<Coordinate point='-7.810894 -6.130995 -10.245440 -9.792681 -4.215303 -10.479535 -11.095570 -5.429336 -11.937515 -8.711140 -7.611101 -11.670851'/>
				</IndexedFaceSet>
			</Shape>
			<Shape DEF='_IDX_1484'>
				<Appearance USE='Material_295_IDX_295'/>
				<IndexedFaceSet solid="false" coordIndex='0 1 2 3 -1'>
					<Coordinate point='-7.059841 -4.939242 -8.951449 -8.702369 -3.245672 -9.155979 -9.792681 -4.215303 -10.479535 -7.810894 -6.130995 -10.245440'/>
				</IndexedFaceSet>
			</Shape>
			<Shape DEF='_IDX_1485'>
				<Appearance USE='Material_296_IDX_296'/>
				<IndexedFaceSet solid="false" coordIndex='0 1 2 3 -1'>
					<Coordinate point='-6.435893 -3.989625 -7.772283 -7.792869 -2.480312 -7.949870 -8.702369 -3.245672 -9.155979 -7.059841 -4.939242 -8.951449'/>
				</IndexedFaceSet>
			</Shape>
			<Shape DEF='_IDX_1486'>
				<Appearance USE='Material_297_IDX_297'/>
				<IndexedFaceSet solid="false" coordIndex='0 1 2 3 -1'>
					<Coordinate point='-5.920909 -3.242840 -6.692813 -7.037803 -1.885083 -6.845736 -7.792869 -2.480312 -7.949870 -6.435893 -3.989625 -7.772283'/>
				</IndexedFaceSet>
			</Shape>
			<Shape DEF='_IDX_1487'>
				<Appearance USE='Material_298_IDX_298'/>
				<IndexedFaceSet solid="false" coordIndex='0 1 2 3 -1'>
					<Coordinate point='-5.920909 -3.242840 -6.692813 -7.037803 -1.885083 -6.845736 -7.037803 -1.885083 -6.845736 -5.920909 -3.242840 -6.692813'/>
				</IndexedFaceSet>
			</Shape>
			<Shape DEF='_IDX_1488'>
				<Appearance USE='Material_299_IDX_299'/>
				<IndexedFaceSet solid="false" coordIndex='0 1 2 3 -1'>
					<Coordinate point='-5.434071 -2.577749 -5.529644 -6.316784 -1.362546 -5.655990 -7.037803 -1.885083 -6.845736 -5.920909 -3.242840 -6.692813'/>
				</IndexedFaceSet>
			</Shape>
			<Shape DEF='_IDX_1489'>
				<Appearance USE='Material_300_IDX_300'/>
				<IndexedFaceSet solid="false" coordIndex='0 1 2 3 -1'>
					<Coordinate point='-5.059994 -2.101895 -4.465070 -5.751935 -0.995747 -4.567091 -6.316784 -1.362546 -5.655990 -5.434071 -2.577749 -5.529644'/>
				</IndexedFaceSet>
			</Shape>
			<Shape DEF='_IDX_1490'>
				<Appearance USE='Material_301_IDX_301'/>
				<IndexedFaceSet solid="false" coordIndex='0 1 2 3 -1'>
					<Coordinate point='-4.785532 -1.776815 -3.480109 -5.321520 -0.750890 -3.559625 -5.751935 -0.995747 -4.567091 -5.059994 -2.101895 -4.465070'/>
				</IndexedFaceSet>
			</Shape>
			<Shape DEF='_IDX_1491'>
				<Appearance USE='Material_302_IDX_302'/>
				<IndexedFaceSet solid="false" coordIndex='0 1 2 3 -1'>
					<Coordinate point='-4.602153 -1.570477 -2.557198 -5.009511 -0.599444 -2.615627 -5.321520 -0.750890 -3.559625 -4.785532 -1.776815 -3.480109'/>
				</IndexedFaceSet>
			</Shape>
			<Shape DEF='_IDX_1492'>
				<Appearance USE='Material_303_IDX_303'/>
				<IndexedFaceSet solid="false" coordIndex='0 1 2 3 -1'>
					<Coordinate point='-4.505365 -1.456103 -1.679883 -4.804787 -0.517036 -1.718266 -5.009511 -0.599444 -2.615627 -4.602153 -1.570477 -2.557198'/>
				</IndexedFaceSet>
			</Shape>
			<Shape DEF='_IDX_1493'>
				<Appearance USE='Material_304_IDX_304'/>
				<IndexedFaceSet solid="false" coordIndex='0 1 2 3 -1'>
					<Coordinate point='-4.494255 -1.411114 -0.832520 -4.700518 -0.482451 -0.851542 -4.804787 -0.517036 -1.718266 -4.505365 -1.456103 -1.679883'/>
				</IndexedFaceSet>
			</Shape>
			<Shape DEF='_IDX_1494'>
				<Appearance USE='Material_305_IDX_305'/>
				<IndexedFaceSet solid="false" coordIndex='0 1 2 3 -1'>
					<Coordinate point='-4.571210 -1.416150 -0.000001 -4.693733 -0.476701 -0.000001 -4.700518 -0.482451 -0.851542 -4.494255 -1.411114 -0.832520'/>
				</IndexedFaceSet>
			</Shape>
			<Shape DEF='_IDX_1495'>
				<Appearance USE='Material_306_IDX_306'/>
				<IndexedFaceSet solid="false" coordIndex='0 1 2 3 -1'>
					<Coordinate point='-11.095570 -5.429336 -11.937515 -13.045236 -2.741504 -11.937515 -14.997579 -3.833111 -13.548621 -12.649035 -6.935067 -13.548621'/>
				</IndexedFaceSet>
			</Shape>
			<Shape DEF='_IDX_1496'>
				<Appearance USE='Material_307_IDX_307'/>
				<IndexedFaceSet solid="false" coordIndex='0 1 2 3 -1'>
					<Coordinate point='-9.792681 -4.215303 -10.479535 -11.405669 -1.875592 -10.479535 -13.045236 -2.741504 -11.937515 -11.095570 -5.429336 -11.937515'/>
				</IndexedFaceSet>
			</Shape>
			<Shape DEF='_IDX_1497'>
				<Appearance USE='Material_308_IDX_308'/>
				<IndexedFaceSet solid="false" coordIndex='0 1 2 3 -1'>
					<Coordinate point='-8.702369 -3.245672 -9.155979 -10.031231 -1.197704 -9.155979 -11.405669 -1.875592 -10.479535 -9.792681 -4.215303 -10.479535'/>
				</IndexedFaceSet>
			</Shape>
			<Shape DEF='_IDX_1498'>
				<Appearance USE='Material_309_IDX_309'/>
				<IndexedFaceSet solid="false" coordIndex='0 1 2 3 -1'>
					<Coordinate point='-7.792869 -2.480312 -7.949870 -8.881971 -0.675842 -7.949870 -10.031231 -1.197704 -9.155979 -8.702369 -3.245672 -9.155979'/>
				</IndexedFaceSet>
			</Shape>
			<Shape DEF='_IDX_1499'>
				<Appearance USE='Material_310_IDX_310'/>
				<IndexedFaceSet solid="false" coordIndex='0 1 2 3 -1'>
					<Coordinate point='-7.037803 -1.885083 -6.845736 -7.924513 -0.282729 -6.845736 -8.881971 -0.675842 -7.949870 -7.792869 -2.480312 -7.949870'/>
				</IndexedFaceSet>
			</Shape>
			<Shape DEF='_IDX_1500'>
				<Appearance USE='Material_311_IDX_311'/>
				<IndexedFaceSet solid="false" coordIndex='0 1 2 3 -1'>
					<Coordinate point='-7.037803 -1.885083 -6.845736 -7.924513 -0.282729 -6.845736 -7.924513 -0.282729 -6.845736 -7.037803 -1.885083 -6.845736'/>
				</IndexedFaceSet>
			</Shape>
			<Shape DEF='_IDX_1501'>
				<Appearance USE='Material_312_IDX_312'/>
				<IndexedFaceSet solid="false" coordIndex='0 1 2 3 -1'>
					<Coordinate point='-6.316784 -1.362546 -5.655990 -7.004755 0.046890 -5.655990 -7.924513 -0.282729 -6.845736 -7.037803 -1.885083 -6.845736'/>
				</IndexedFaceSet>
			</Shape>
			<Shape DEF='_IDX_1502'>
				<Appearance USE='Material_313_IDX_313'/>
				<IndexedFaceSet solid="false" coordIndex='0 1 2 3 -1'>
					<Coordinate point='-5.751935 -0.995747 -4.567091 -6.276227 0.262447 -4.567091 -7.004755 0.046890 -5.655990 -6.316784 -1.362546 -5.655990'/>
				</IndexedFaceSet>
			</Shape>
			<Shape DEF='_IDX_1503'>
				<Appearance USE='Material_314_IDX_314'/>
				<IndexedFaceSet solid="false" coordIndex='0 1 2 3 -1'>
					<Coordinate point='-5.321520 -0.750890 -3.559625 -5.709822 0.391479 -3.559625 -6.276227 0.262447 -4.567091 -5.751935 -0.995747 -4.567091'/>
				</IndexedFaceSet>
			</Shape>
			<Shape DEF='_IDX_1504'>
				<Appearance USE='Material_315_IDX_315'/>
				<IndexedFaceSet solid="false" coordIndex='0 1 2 3 -1'>
					<Coordinate point='-5.009511 -0.599444 -2.615627 -5.283013 0.457630 -2.615627 -5.709822 0.391479 -3.559625 -5.321520 -0.750890 -3.559625'/>
				</IndexedFaceSet>
			</Shape>
			<Shape DEF='_IDX_1505'>
				<Appearance USE='Material_316_IDX_316'/>
				<IndexedFaceSet solid="false" coordIndex='0 1 2 3 -1'>
					<Coordinate point='-4.804787 -0.517036 -1.718266 -4.978837 0.481622 -1.718266 -5.283013 0.457630 -2.615627 -5.009511 -0.599444 -2.615627'/>
				</IndexedFaceSet>
			</Shape>
			<Shape DEF='_IDX_1506'>
				<Appearance USE='Material_317_IDX_317'/>
				<IndexedFaceSet solid="false" coordIndex='0 1 2 3 -1'>
					<Coordinate point='-4.700518 -0.482451 -0.851542 -4.785088 0.482144 -0.851542 -4.978837 0.481622 -1.718266 -4.804787 -0.517036 -1.718266'/>
				</IndexedFaceSet>
			</Shape>
			<Shape DEF='_IDX_1507'>
				<Appearance USE='Material_318_IDX_318'/>
				<IndexedFaceSet solid="false" coordIndex='0 1 2 3 -1'>
					<Coordinate point='-4.693733 -0.476701 -0.000001 -4.693733 0.476701 -0.000001 -4.785088 0.482144 -0.851542 -4.700518 -0.482451 -0.851542'/>
				</IndexedFaceSet>
			</Shape>
			<Shape DEF='_IDX_1508'>
				<Appearance USE='Material_319_IDX_319'/>
				<IndexedFaceSet solid="false" coordIndex='0 1 2 3 -1'>
					<Coordinate point='-13.045236 -2.741504 -11.937515 -14.452206 0.337825 -11.670851 -16.705059 -0.262525 -13.245968 -14.997579 -3.833111 -13.548621'/>
				</IndexedFaceSet>
			</Shape>
			<Shape DEF='_IDX_1509'>
				<Appearance USE='Material_320_IDX_320'/>
				<IndexedFaceSet solid="false" coordIndex='0 1 2 3 -1'>
					<Coordinate point='-11.405669 -1.875592 -10.479535 -12.558648 0.790267 -10.245440 -14.452206 0.337825 -11.670851 -13.045236 -2.741504 -11.937515'/>
				</IndexedFaceSet>
			</Shape>
			<Shape DEF='_IDX_1510'>
				<Appearance USE='Material_321_IDX_321'/>
				<IndexedFaceSet solid="false" coordIndex='0 1 2 3 -1'>
					<Coordinate point='-10.031231 -1.197704 -9.155979 -10.969415 1.120897 -8.951449 -12.558648 0.790267 -10.245440 -11.405669 -1.875592 -10.479535'/>
				</IndexedFaceSet>
			</Shape>
			<Shape DEF='_IDX_1511'>
				<Appearance USE='Material_322_IDX_322'/>
				<IndexedFaceSet solid="false" coordIndex='0 1 2 3 -1'>
					<Coordinate point='-8.881971 -0.675842 -7.949870 -9.638314 1.351940 -7.772283 -10.969415 1.120897 -8.951449 -10.031231 -1.197704 -9.155979'/>
				</IndexedFaceSet>
			</Shape>
			<Shape DEF='_IDX_1512'>
				<Appearance USE='Material_297_IDX_297'/>
				<IndexedFaceSet solid="false" coordIndex='0 1 2 3 -1'>
					<Coordinate point='-7.924513 -0.282729 -6.845736 -8.526610 1.502424 -6.692813 -9.638314 1.351940 -7.772283 -8.881971 -0.675842 -7.949870'/>
				</IndexedFaceSet>
			</Shape>
			<Shape DEF='_IDX_1513'>
				<Appearance USE='Material_298_IDX_298'/>
				<IndexedFaceSet solid="false" coordIndex='0 1 2 3 -1'>
					<Coordinate point='-7.924513 -0.282729 -6.845736 -8.526610 1.502424 -6.692813 -8.526610 1.502424 -6.692813 -7.924513 -0.282729 -6.845736'/>
				</IndexedFaceSet>
			</Shape>
			<Shape DEF='_IDX_1514'>
				<Appearance USE='Material_299_IDX_299'/>
				<IndexedFaceSet solid="false" coordIndex='0 1 2 3 -1'>
					<Coordinate point='-7.004755 0.046890 -5.655990 -7.454181 1.598534 -5.529644 -8.526610 1.502424 -6.692813 -7.924513 -0.282729 -6.845736'/>
				</IndexedFaceSet>
			</Shape>
			<Shape DEF='_IDX_1515'>
				<Appearance USE='Material_300_IDX_300'/>
				<IndexedFaceSet solid="false" coordIndex='0 1 2 3 -1'>
					<Coordinate point='-6.276227 0.262447 -4.567091 -6.598267 1.628492 -4.465070 -7.454181 1.598534 -5.529644 -7.004755 0.046890 -5.655990'/>
				</IndexedFaceSet>
			</Shape>
			<Shape DEF='_IDX_1516'>
				<Appearance USE='Material_323_IDX_323'/>
				<IndexedFaceSet solid="false" coordIndex='0 1 2 3 -1'>
					<Coordinate point='-5.709822 0.391479 -3.559625 -5.923951 1.612205 -3.480109 -6.598267 1.628492 -4.465070 -6.276227 0.262447 -4.567091'/>
				</IndexedFaceSet>
			</Shape>
			<Shape DEF='_IDX_1517'>
				<Appearance USE='Material_302_IDX_302'/>
				<IndexedFaceSet solid="false" coordIndex='0 1 2 3 -1'>
					<Coordinate point='-5.283013 0.457630 -2.615627 -5.403480 1.567221 -2.557198 -5.923951 1.612205 -3.480109 -5.709822 0.391479 -3.559625'/>
				</IndexedFaceSet>
			</Shape>
			<Shape DEF='_IDX_1518'>
				<Appearance USE='Material_303_IDX_303'/>
				<IndexedFaceSet solid="false" coordIndex='0 1 2 3 -1'>
					<Coordinate point='-4.978837 0.481622 -1.718266 -5.015049 1.509503 -1.679883 -5.403480 1.567221 -2.557198 -5.283013 0.457630 -2.615627'/>
				</IndexedFaceSet>
			</Shape>
			<Shape DEF='_IDX_1519'>
				<Appearance USE='Material_324_IDX_324'/>
				<IndexedFaceSet solid="false" coordIndex='0 1 2 3 -1'>
					<Coordinate point='-4.785088 0.482144 -0.851542 -4.741829 1.454152 -0.832520 -5.015049 1.509503 -1.679883 -4.978837 0.481622 -1.718266'/>
				</IndexedFaceSet>
			</Shape>
			<Shape DEF='_IDX_1520'>
				<Appearance USE='Material_305_IDX_305'/>
				<IndexedFaceSet solid="false" coordIndex='0 1 2 3 -1'>
					<Coordinate point='-4.693733 0.476701 -0.000001 -4.571210 1.416151 -0.000001 -4.741829 1.454152 -0.832520 -4.785088 0.482144 -0.851542'/>
				</IndexedFaceSet>
			</Shape>
			<Shape DEF='_IDX_1521'>
				<Appearance USE='Material_280_IDX_280'/>
				<IndexedFaceSet solid="false" coordIndex='0 1 2 3 -1'>
					<Coordinate point='-14.452206 0.337825 -11.670851 -15.235751 3.673635 -11.143478 -17.675772 3.617880 -12.647421 -16.705059 -0.262525 -13.245968'/>
				</IndexedFaceSet>
			</Shape>
			<Shape DEF='_IDX_1522'>
				<Appearance USE='Material_281_IDX_281'/>
				<IndexedFaceSet solid="false" coordIndex='0 1 2 3 -1'>
					<Coordinate point='-12.558648 0.790267 -10.245440 -13.183589 3.667346 -9.782477 -15.235751 3.673635 -11.143478 -14.452206 0.337825 -11.670851'/>
				</IndexedFaceSet>
			</Shape>
			<Shape DEF='_IDX_1523'>
				<Appearance USE='Material_282_IDX_282'/>
				<IndexedFaceSet solid="false" coordIndex='0 1 2 3 -1'>
					<Coordinate point='-10.969415 1.120897 -8.951449 -11.459713 3.612163 -8.546960 -13.183589 3.667346 -9.782477 -12.558648 0.790267 -10.245440'/>
				</IndexedFaceSet>
			</Shape>
			<Shape DEF='_IDX_1524'>
				<Appearance USE='Material_325_IDX_325'/>
				<IndexedFaceSet solid="false" coordIndex='0 1 2 3 -1'>
					<Coordinate point='-9.638314 1.351940 -7.772283 -10.013984 3.519379 -7.421076 -11.459713 3.612163 -8.546960 -10.969415 1.120897 -8.951449'/>
				</IndexedFaceSet>
			</Shape>
			<Shape DEF='_IDX_1525'>
				<Appearance USE='Material_284_IDX_284'/>
				<IndexedFaceSet solid="false" coordIndex='0 1 2 3 -1'>
					<Coordinate point='-8.526610 1.502424 -6.692813 -8.804239 3.398790 -6.390384 -10.013984 3.519379 -7.421076 -9.638314 1.351940 -7.772283'/>
				</IndexedFaceSet>
			</Shape>
			<Shape DEF='_IDX_1526'>
				<Appearance USE='Material_285_IDX_285'/>
				<IndexedFaceSet solid="false" coordIndex='0 1 2 3 -1'>
					<Coordinate point='-8.526610 1.502424 -6.692813 -8.804239 3.398790 -6.390384 -8.804239 3.398790 -6.390384 -8.526610 1.502424 -6.692813'/>
				</IndexedFaceSet>
			</Shape>
			<Shape DEF='_IDX_1527'>
				<Appearance USE='Material_286_IDX_286'/>
				<IndexedFaceSet solid="false" coordIndex='0 1 2 3 -1'>
					<Coordinate point='-7.454181 1.598534 -5.529644 -7.633469 3.232583 -5.279776 -8.804239 3.398790 -6.390384 -8.526610 1.502424 -6.692813'/>
				</IndexedFaceSet>
			</Shape>
			<Shape DEF='_IDX_1528'>
				<Appearance USE='Material_287_IDX_287'/>
				<IndexedFaceSet solid="false" coordIndex='0 1 2 3 -1'>
					<Coordinate point='-6.598267 1.628492 -4.465070 -6.693711 3.052118 -4.263307 -7.633469 3.232583 -5.279776 -7.454181 1.598534 -5.529644'/>
				</IndexedFaceSet>
			</Shape>
			<Shape DEF='_IDX_1529'>
				<Appearance USE='Material_288_IDX_288'/>
				<IndexedFaceSet solid="false" coordIndex='0 1 2 3 -1'>
					<Coordinate point='-5.923951 1.612205 -3.480109 -5.946088 2.868628 -3.322853 -6.693711 3.052118 -4.263307 -6.598267 1.628492 -4.465070'/>
				</IndexedFaceSet>
			</Shape>
			<Shape DEF='_IDX_1530'>
				<Appearance USE='Material_289_IDX_289'/>
				<IndexedFaceSet solid="false" coordIndex='0 1 2 3 -1'>
					<Coordinate point='-5.403480 1.567221 -2.557198 -5.359134 2.692618 -2.441646 -5.946088 2.868628 -3.322853 -5.923951 1.612205 -3.480109'/>
				</IndexedFaceSet>
			</Shape>
			<Shape DEF='_IDX_1531'>
				<Appearance USE='Material_290_IDX_290'/>
				<IndexedFaceSet solid="false" coordIndex='0 1 2 3 -1'>
					<Coordinate point='-5.015049 1.509503 -1.679883 -4.907425 2.534376 -1.603974 -5.359134 2.692618 -2.441646 -5.403480 1.567221 -2.557198'/>
				</IndexedFaceSet>
			</Shape>
			<Shape DEF='_IDX_1532'>
				<Appearance USE='Material_291_IDX_291'/>
				<IndexedFaceSet solid="false" coordIndex='0 1 2 3 -1'>
					<Coordinate point='-4.741829 1.454152 -0.832520 -4.570457 2.404502 -0.794900 -4.907425 2.534376 -1.603974 -5.015049 1.509503 -1.679883'/>
				</IndexedFaceSet>
			</Shape>
			<Shape DEF='_IDX_1533'>
				<Appearance USE='Material_292_IDX_292'/>
				<IndexedFaceSet solid="false" coordIndex='0 1 2 3 -1'>
					<Coordinate point='-4.571210 1.416151 -0.000001 -4.331727 2.314499 -0.000001 -4.570457 2.404502 -0.794900 -4.741829 1.454152 -0.832520'/>
				</IndexedFaceSet>
			</Shape>
			<Shape DEF='_IDX_1534'>
				<Appearance USE='Material_326_IDX_326'/>
				<IndexedFaceSet solid="false" coordIndex='0 1 2 3 -1'>
					<Coordinate point='-15.235751 3.673635 -11.143478 -15.346300 7.116908 -10.367180 -17.850784 7.632483 -11.766352 -17.675772 3.617880 -12.647421'/>
				</IndexedFaceSet>
			</Shape>
			<Shape DEF='_IDX_1535'>
				<Appearance USE='Material_268_IDX_268'/>
				<IndexedFaceSet solid="false" coordIndex='0 1 2 3 -1'>
					<Coordinate point='-13.183589 3.667346 -9.782477 -13.238897 6.629086 -9.100992 -15.346300 7.116908 -10.367180 -15.235751 3.673635 -11.143478'/>
				</IndexedFaceSet>
			</Shape>
			<Shape DEF='_IDX_1536'>
				<Appearance USE='Material_269_IDX_269'/>
				<IndexedFaceSet solid="false" coordIndex='0 1 2 3 -1'>
					<Coordinate point='-11.459713 3.612163 -8.546960 -11.467381 6.168503 -7.951545 -13.238897 6.629086 -9.100992 -13.183589 3.667346 -9.782477'/>
				</IndexedFaceSet>
			</Shape>
			<Shape DEF='_IDX_1537'>
				<Appearance USE='Material_327_IDX_327'/>
				<IndexedFaceSet solid="false" coordIndex='0 1 2 3 -1'>
					<Coordinate point='-10.013984 3.519379 -7.421076 -9.980172 5.734910 -6.904094 -11.467381 6.168503 -7.951545 -11.459713 3.612163 -8.546960'/>
				</IndexedFaceSet>
			</Shape>
			<Shape DEF='_IDX_1538'>
				<Appearance USE='Material_271_IDX_271'/>
				<IndexedFaceSet solid="false" coordIndex='0 1 2 3 -1'>
					<Coordinate point='-8.804239 3.398790 -6.390384 -8.733813 5.328336 -5.945205 -9.980172 5.734910 -6.904094 -10.013984 3.519379 -7.421076'/>
				</IndexedFaceSet>
			</Shape>
			<Shape DEF='_IDX_1539'>
				<Appearance USE='Material_272_IDX_272'/>
				<IndexedFaceSet solid="false" coordIndex='0 1 2 3 -1'>
					<Coordinate point='-8.804239 3.398790 -6.390384 -8.733813 5.328336 -5.945205 -8.733813 5.328336 -5.945205 -8.804239 3.398790 -6.390384'/>
				</IndexedFaceSet>
			</Shape>
			<Shape DEF='_IDX_1540'>
				<Appearance USE='Material_273_IDX_273'/>
				<IndexedFaceSet solid="false" coordIndex='0 1 2 3 -1'>
					<Coordinate point='-7.633469 3.232583 -5.279776 -7.524493 4.884262 -4.911966 -8.733813 5.328336 -5.945205 -8.804239 3.398790 -6.390384'/>
				</IndexedFaceSet>
			</Shape>
			<Shape DEF='_IDX_1541'>
				<Appearance USE='Material_274_IDX_274'/>
				<IndexedFaceSet solid="false" coordIndex='0 1 2 3 -1'>
					<Coordinate point='-6.693711 3.052118 -4.263307 -6.549374 4.479374 -3.966308 -7.524493 4.884262 -4.911966 -7.633469 3.232583 -5.279776'/>
				</IndexedFaceSet>
			</Shape>
			<Shape DEF='_IDX_1542'>
				<Appearance USE='Material_328_IDX_328'/>
				<IndexedFaceSet solid="false" coordIndex='0 1 2 3 -1'>
					<Coordinate point='-5.946088 2.868628 -3.322853 -5.767676 4.115594 -3.091370 -6.549374 4.479374 -3.966308 -6.693711 3.052118 -4.263307'/>
				</IndexedFaceSet>
			</Shape>
			<Shape DEF='_IDX_1543'>
				<Appearance USE='Material_276_IDX_276'/>
				<IndexedFaceSet solid="false" coordIndex='0 1 2 3 -1'>
					<Coordinate point='-5.359134 2.692618 -2.441646 -5.145932 3.795753 -2.271551 -5.767676 4.115594 -3.091370 -5.946088 2.868628 -3.322853'/>
				</IndexedFaceSet>
			</Shape>
			<Shape DEF='_IDX_1544'>
				<Appearance USE='Material_277_IDX_277'/>
				<IndexedFaceSet solid="false" coordIndex='0 1 2 3 -1'>
					<Coordinate point='-4.907425 2.534376 -1.603974 -4.656508 3.523799 -1.492234 -5.145932 3.795753 -2.271551 -5.359134 2.692618 -2.441646'/>
				</IndexedFaceSet>
			</Shape>
			<Shape DEF='_IDX_1545'>
				<Appearance USE='Material_278_IDX_278'/>
				<IndexedFaceSet solid="false" coordIndex='0 1 2 3 -1'>
					<Coordinate point='-4.570457 2.404502 -0.794900 -4.276364 3.305099 -0.739525 -4.656508 3.523799 -1.492234 -4.907425 2.534376 -1.603974'/>
				</IndexedFaceSet>
			</Shape>
			<Shape DEF='_IDX_1546'>
				<Appearance USE='Material_279_IDX_279'/>
				<IndexedFaceSet solid="false" coordIndex='0 1 2 3 -1'>
					<Coordinate point='-4.331727 2.314499 -0.000001 -3.985995 3.146845 -0.000001 -4.276364 3.305099 -0.739525 -4.570457 2.404502 -0.794900'/>
				</IndexedFaceSet>
			</Shape>
			<Shape DEF='_IDX_1547'>
				<Appearance USE='Material_254_IDX_254'/>
				<IndexedFaceSet solid="false" coordIndex='0 1 2 3 -1'>
					<Coordinate point='-15.346300 7.116908 -10.367180 -14.767841 10.511807 -9.359296 -17.210840 11.597383 -10.622441 -17.850784 7.632483 -11.766352'/>
				</IndexedFaceSet>
			</Shape>
			<Shape DEF='_IDX_1548'>
				<Appearance USE='Material_255_IDX_255'/>
				<IndexedFaceSet solid="false" coordIndex='0 1 2 3 -1'>
					<Coordinate point='-13.238897 6.629086 -9.100992 -12.711380 9.543353 -8.216205 -14.767841 10.511807 -9.359296 -15.346300 7.116908 -10.367180'/>
				</IndexedFaceSet>
			</Shape>
			<Shape DEF='_IDX_1549'>
				<Appearance USE='Material_329_IDX_329'/>
				<IndexedFaceSet solid="false" coordIndex='0 1 2 3 -1'>
					<Coordinate point='-11.467381 6.168503 -7.951545 -10.981709 8.677817 -7.178505 -12.711380 9.543353 -8.216205 -13.238897 6.629086 -9.100992'/>
				</IndexedFaceSet>
			</Shape>
			<Shape DEF='_IDX_1550'>
				<Appearance USE='Material_330_IDX_330'/>
				<IndexedFaceSet solid="false" coordIndex='0 1 2 3 -1'>
					<Coordinate point='-9.980172 5.734910 -6.904094 -9.528419 7.903371 -6.232887 -10.981709 8.677817 -7.178505 -11.467381 6.168503 -7.951545'/>
				</IndexedFaceSet>
			</Shape>
			<Shape DEF='_IDX_1551'>
				<Appearance USE='Material_258_IDX_258'/>
				<IndexedFaceSet solid="false" coordIndex='0 1 2 3 -1'>
					<Coordinate point='-8.733813 5.328336 -5.945205 -8.308960 7.210237 -5.367219 -9.528419 7.903371 -6.232887 -9.980172 5.734910 -6.904094'/>
				</IndexedFaceSet>
			</Shape>
			<Shape DEF='_IDX_1552'>
				<Appearance USE='Material_259_IDX_259'/>
				<IndexedFaceSet solid="false" coordIndex='0 1 2 3 -1'>
					<Coordinate point='-8.733813 5.328336 -5.945205 -8.308960 7.210237 -5.367219 -8.308960 7.210237 -5.367219 -8.733813 5.328336 -5.945205'/>
				</IndexedFaceSet>
			</Shape>
			<Shape DEF='_IDX_1553'>
				<Appearance USE='Material_331_IDX_331'/>
				<IndexedFaceSet solid="false" coordIndex='0 1 2 3 -1'>
					<Coordinate point='-7.524493 4.884262 -4.911966 -7.123244 6.486859 -4.434431 -8.308960 7.210237 -5.367219 -8.733813 5.328336 -5.945205'/>
				</IndexedFaceSet>
			</Shape>
			<Shape DEF='_IDX_1554'>
				<Appearance USE='Material_332_IDX_332'/>
				<IndexedFaceSet solid="false" coordIndex='0 1 2 3 -1'>
					<Coordinate point='-6.549374 4.479374 -3.966308 -6.163613 5.855167 -3.580708 -7.123244 6.486859 -4.434431 -7.524493 4.884262 -4.911966'/>
				</IndexedFaceSet>
			</Shape>
			<Shape DEF='_IDX_1555'>
				<Appearance USE='Material_262_IDX_262'/>
				<IndexedFaceSet solid="false" coordIndex='0 1 2 3 -1'>
					<Coordinate point='-5.767676 4.115594 -3.091370 -5.389566 5.307591 -2.790831 -6.163613 5.855167 -3.580708 -6.549374 4.479374 -3.966308'/>
				</IndexedFaceSet>
			</Shape>
			<Shape DEF='_IDX_1556'>
				<Appearance USE='Material_263_IDX_263'/>
				<IndexedFaceSet solid="false" coordIndex='0 1 2 3 -1'>
					<Coordinate point='-5.145932 3.795753 -2.271551 -4.767474 4.839022 -2.050714 -5.389566 5.307591 -2.790831 -5.767676 4.115594 -3.091370'/>
				</IndexedFaceSet>
			</Shape>
			<Shape DEF='_IDX_1557'>
				<Appearance USE='Material_264_IDX_264'/>
				<IndexedFaceSet solid="false" coordIndex='0 1 2 3 -1'>
					<Coordinate point='-4.656508 3.523799 -1.492234 -4.269053 4.446705 -1.347161 -4.767474 4.839022 -2.050714 -5.145932 3.795753 -2.271551'/>
				</IndexedFaceSet>
			</Shape>
			<Shape DEF='_IDX_1558'>
				<Appearance USE='Material_265_IDX_265'/>
				<IndexedFaceSet solid="false" coordIndex='0 1 2 3 -1'>
					<Coordinate point='-4.276364 3.305099 -0.739525 -3.870043 4.130265 -0.667629 -4.269053 4.446705 -1.347161 -4.656508 3.523799 -1.492234'/>
				</IndexedFaceSet>
			</Shape>
			<Shape DEF='_IDX_1559'>
				<Appearance USE='Material_266_IDX_266'/>
				<IndexedFaceSet solid="false" coordIndex='0 1 2 3 -1'>
					<Coordinate point='-3.985995 3.146845 -0.000001 -3.549030 3.891902 -0.000000 -3.870043 4.130265 -0.667629 -4.276364 3.305099 -0.739525'/>
				</IndexedFaceSet>
			</Shape>
			<Shape DEF='_IDX_1560'>
				<Appearance USE='Material_333_IDX_333'/>
				<IndexedFaceSet solid="false" coordIndex='0 1 2 3 -1'>
					<Coordinate point='-14.767841 10.511807 -9.359296 -13.518663 13.703238 -8.142341 -15.777298 15.329383 -9.241243 -17.210840 11.597383 -10.622441'/>
				</IndexedFaceSet>
			</Shape>
			<Shape DEF='_IDX_1561'>
				<Appearance USE='Material_334_IDX_334'/>
				<IndexedFaceSet solid="false" coordIndex='0 1 2 3 -1'>
					<Coordinate point='-12.711380 9.543353 -8.216205 -11.616808 12.278806 -7.147881 -13.518663 13.703238 -8.142341 -14.767841 10.511807 -9.359296'/>
				</IndexedFaceSet>
			</Shape>
			<Shape DEF='_IDX_1562'>
				<Appearance USE='Material_335_IDX_335'/>
				<IndexedFaceSet solid="false" coordIndex='0 1 2 3 -1'>
					<Coordinate point='-10.981709 8.677817 -7.178505 -10.016444 11.028855 -6.245110 -11.616808 12.278806 -7.147881 -12.711380 9.543353 -8.216205'/>
				</IndexedFaceSet>
			</Shape>
			<Shape DEF='_IDX_1563'>
				<Appearance USE='Material_336_IDX_336'/>
				<IndexedFaceSet solid="false" coordIndex='0 1 2 3 -1'>
					<Coordinate point='-9.528419 7.903371 -6.232887 -8.670884 9.930527 -5.422447 -10.016444 11.028855 -6.245110 -10.981709 8.677817 -7.178505'/>
				</IndexedFaceSet>
			</Shape>
			<Shape DEF='_IDX_1564'>
				<Appearance USE='Material_245_IDX_245'/>
				<IndexedFaceSet solid="false" coordIndex='0 1 2 3 -1'>
					<Coordinate point='-8.308960 7.210237 -5.367219 -7.540668 8.964690 -4.669339 -8.670884 9.930527 -5.422447 -9.528419 7.903371 -6.232887'/>
				</IndexedFaceSet>
			</Shape>
			<Shape DEF='_IDX_1565'>
				<Appearance USE='Material_246_IDX_246'/>
				<IndexedFaceSet solid="false" coordIndex='0 1 2 3 -1'>
					<Coordinate point='-8.308960 7.210237 -5.367219 -7.540668 8.964690 -4.669339 -7.540668 8.964690 -4.669339 -8.308960 7.210237 -5.367219'/>
				</IndexedFaceSet>
			</Shape>
			<Shape DEF='_IDX_1566'>
				<Appearance USE='Material_247_IDX_247'/>
				<IndexedFaceSet solid="false" coordIndex='0 1 2 3 -1'>
					<Coordinate point='-7.123244 6.486859 -4.434431 -6.439825 7.974838 -3.857838 -7.540668 8.964690 -4.669339 -8.308960 7.210237 -5.367219'/>
				</IndexedFaceSet>
			</Shape>
			<Shape DEF='_IDX_1567'>
				<Appearance USE='Material_337_IDX_337'/>
				<IndexedFaceSet solid="false" coordIndex='0 1 2 3 -1'>
					<Coordinate point='-6.163613 5.855167 -3.580708 -5.546176 7.125802 -3.115122 -6.439825 7.974838 -3.857838 -7.123244 6.486859 -4.434431'/>
				</IndexedFaceSet>
			</Shape>
			<Shape DEF='_IDX_1568'>
				<Appearance USE='Material_249_IDX_249'/>
				<IndexedFaceSet solid="false" coordIndex='0 1 2 3 -1'>
					<Coordinate point='-5.389566 5.307591 -2.790831 -4.821702 6.400821 -2.427949 -5.546176 7.125802 -3.115122 -6.163613 5.855167 -3.580708'/>
				</IndexedFaceSet>
			</Shape>
			<Shape DEF='_IDX_1569'>
				<Appearance USE='Material_338_IDX_338'/>
				<IndexedFaceSet solid="false" coordIndex='0 1 2 3 -1'>
					<Coordinate point='-4.767474 4.839022 -2.050714 -4.234500 5.786995 -1.784067 -4.821702 6.400821 -2.427949 -5.389566 5.307591 -2.790831'/>
				</IndexedFaceSet>
			</Shape>
			<Shape DEF='_IDX_1570'>
				<Appearance USE='Material_251_IDX_251'/>
				<IndexedFaceSet solid="false" coordIndex='0 1 2 3 -1'>
					<Coordinate point='-4.269053 4.446705 -1.347161 -3.757300 5.274833 -1.171995 -4.234500 5.786995 -1.784067 -4.767474 4.839022 -2.050714'/>
				</IndexedFaceSet>
			</Shape>
			<Shape DEF='_IDX_1571'>
				<Appearance USE='Material_252_IDX_252'/>
				<IndexedFaceSet solid="false" coordIndex='0 1 2 3 -1'>
					<Coordinate point='-3.870043 4.130265 -0.667629 -3.366098 4.857977 -0.580820 -3.757300 5.274833 -1.171995 -4.269053 4.446705 -1.347161'/>
				</IndexedFaceSet>
			</Shape>
			<Shape DEF='_IDX_1572'>
				<Appearance USE='Material_339_IDX_339'/>
				<IndexedFaceSet solid="false" coordIndex='0 1 2 3 -1'>
					<Coordinate point='-3.549030 3.891902 -0.000000 -3.038882 4.533147 -0.000000 -3.366098 4.857977 -0.580820 -3.870043 4.130265 -0.667629'/>
				</IndexedFaceSet>
			</Shape>
			<Shape DEF='_IDX_1573'>
				<Appearance USE='Material_340_IDX_340'/>
				<IndexedFaceSet solid="false" coordIndex='0 1 2 3 -1'>
					<Coordinate point='-13.518663 13.703238 -8.142341 -11.650403 16.544405 -6.743498 -13.611032 18.654953 -7.653612 -15.777298 15.329383 -9.241243'/>
				</IndexedFaceSet>
			</Shape>
			<Shape DEF='_IDX_1574'>
				<Appearance USE='Material_229_IDX_229'/>
				<IndexedFaceSet solid="false" coordIndex='0 1 2 3 -1'>
					<Coordinate point='-11.616808 12.278806 -7.147881 -9.999073 14.711250 -5.919886 -11.650403 16.544405 -6.743498 -13.518663 13.703238 -8.142341'/>
				</IndexedFaceSet>
			</Shape>
			<Shape DEF='_IDX_1575'>
				<Appearance USE='Material_230_IDX_230'/>
				<IndexedFaceSet solid="false" coordIndex='0 1 2 3 -1'>
					<Coordinate point='-10.016444 11.028855 -6.245110 -8.609016 13.116555 -5.172210 -9.999073 14.711250 -5.919886 -11.616808 12.278806 -7.147881'/>
				</IndexedFaceSet>
			</Shape>
			<Shape DEF='_IDX_1576'>
				<Appearance USE='Material_231_IDX_231'/>
				<IndexedFaceSet solid="false" coordIndex='0 1 2 3 -1'>
					<Coordinate point='-8.670884 9.930527 -5.422447 -7.439643 11.727543 -4.490879 -8.609016 13.116555 -5.172210 -10.016444 11.028855 -6.245110'/>
				</IndexedFaceSet>
			</Shape>
			<Shape DEF='_IDX_1577'>
				<Appearance USE='Material_232_IDX_232'/>
				<IndexedFaceSet solid="false" coordIndex='0 1 2 3 -1'>
					<Coordinate point='-7.540668 8.964690 -4.669339 -6.456610 10.516660 -3.867154 -7.439643 11.727543 -4.490879 -8.670884 9.930527 -5.422447'/>
				</IndexedFaceSet>
			</Shape>
			<Shape DEF='_IDX_1578'>
				<Appearance USE='Material_341_IDX_341'/>
				<IndexedFaceSet solid="false" coordIndex='0 1 2 3 -1'>
					<Coordinate point='-7.540668 8.964690 -4.669339 -6.456610 10.516660 -3.867154 -6.456610 10.516660 -3.867154 -7.540668 8.964690 -4.669339'/>
				</IndexedFaceSet>
			</Shape>
			<Shape DEF='_IDX_1579'>
				<Appearance USE='Material_234_IDX_234'/>
				<IndexedFaceSet solid="false" coordIndex='0 1 2 3 -1'>
					<Coordinate point='-6.439825 7.974838 -3.857838 -5.497788 9.286859 -3.195067 -6.456610 10.516660 -3.867154 -7.540668 8.964690 -4.669339'/>
				</IndexedFaceSet>
			</Shape>
			<Shape DEF='_IDX_1580'>
				<Appearance USE='Material_235_IDX_235'/>
				<IndexedFaceSet solid="false" coordIndex='0 1 2 3 -1'>
					<Coordinate point='-5.546176 7.125802 -3.115122 -4.717519 8.241399 -2.579948 -5.497788 9.286859 -3.195067 -6.439825 7.974838 -3.857838'/>
				</IndexedFaceSet>
			</Shape>
			<Shape DEF='_IDX_1581'>
				<Appearance USE='Material_236_IDX_236'/>
				<IndexedFaceSet solid="false" coordIndex='0 1 2 3 -1'>
					<Coordinate point='-4.821702 6.400821 -2.427949 -4.082367 7.355122 -2.010831 -4.717519 8.241399 -2.579948 -5.546176 7.125802 -3.115122'/>
				</IndexedFaceSet>
			</Shape>
			<Shape DEF='_IDX_1582'>
				<Appearance USE='Material_237_IDX_237'/>
				<IndexedFaceSet solid="false" coordIndex='0 1 2 3 -1'>
					<Coordinate point='-4.234500 5.786995 -1.784067 -3.564020 6.607906 -1.477567 -4.082367 7.355122 -2.010831 -4.821702 6.400821 -2.427949'/>
				</IndexedFaceSet>
			</Shape>
			<Shape DEF='_IDX_1583'>
				<Appearance USE='Material_238_IDX_238'/>
				<IndexedFaceSet solid="false" coordIndex='0 1 2 3 -1'>
					<Coordinate point='-3.757300 5.274833 -1.171995 -3.137911 5.983871 -0.970648 -3.564020 6.607906 -1.477567 -4.234500 5.786995 -1.784067'/>
				</IndexedFaceSet>
			</Shape>
			<Shape DEF='_IDX_1584'>
				<Appearance USE='Material_239_IDX_239'/>
				<IndexedFaceSet solid="false" coordIndex='0 1 2 3 -1'>
					<Coordinate point='-3.366098 4.857977 -0.580820 -2.781896 5.470770 -0.481036 -3.137911 5.983871 -0.970648 -3.757300 5.274833 -1.171995'/>
				</IndexedFaceSet>
			</Shape>
			<Shape DEF='_IDX_1585'>
				<Appearance USE='Material_240_IDX_240'/>
				<IndexedFaceSet solid="false" coordIndex='0 1 2 3 -1'>
					<Coordinate point='-3.038882 4.533147 -0.000000 -2.474922 5.059610 -0.000000 -2.781896 5.470770 -0.481036 -3.366098 4.857977 -0.580820'/>
				</IndexedFaceSet>
			</Shape>
			<Shape DEF='_IDX_1586'>
				<Appearance USE='Material_215_IDX_215'/>
				<IndexedFaceSet solid="false" coordIndex='0 1 2 3 -1'>
					<Coordinate point='-11.650403 16.544405 -6.743498 -9.245439 18.903963 -5.194018 -10.809391 21.418751 -5.895011 -13.611032 18.654953 -7.653612'/>
				</IndexedFaceSet>
			</Shape>
			<Shape DEF='_IDX_1587'>
				<Appearance USE='Material_342_IDX_342'/>
				<IndexedFaceSet solid="false" coordIndex='0 1 2 3 -1'>
					<Coordinate point='-9.999073 14.711250 -5.919886 -7.927963 16.729652 -4.559650 -9.245439 18.903963 -5.194018 -11.650403 16.544405 -6.743498'/>
				</IndexedFaceSet>
			</Shape>
			<Shape DEF='_IDX_1588'>
				<Appearance USE='Material_343_IDX_343'/>
				<IndexedFaceSet solid="false" coordIndex='0 1 2 3 -1'>
					<Coordinate point='-8.609016 13.116555 -5.172210 -6.818629 14.847093 -3.983770 -7.927963 16.729652 -4.559650 -9.999073 14.711250 -5.919886'/>
				</IndexedFaceSet>
			</Shape>
			<Shape DEF='_IDX_1589'>
				<Appearance USE='Material_344_IDX_344'/>
				<IndexedFaceSet solid="false" coordIndex='0 1 2 3 -1'>
					<Coordinate point='-7.439643 11.727543 -4.490879 -5.885021 13.215207 -3.458992 -6.818629 14.847093 -3.983770 -8.609016 13.116555 -5.172210'/>
				</IndexedFaceSet>
			</Shape>
			<Shape DEF='_IDX_1590'>
				<Appearance USE='Material_345_IDX_345'/>
				<IndexedFaceSet solid="false" coordIndex='0 1 2 3 -1'>
					<Coordinate point='-6.456610 10.516660 -3.867154 -5.099685 11.799384 -2.978582 -5.885021 13.215207 -3.458992 -7.439643 11.727543 -4.490879'/>
				</IndexedFaceSet>
			</Shape>
			<Shape DEF='_IDX_1591'>
				<Appearance USE='Material_220_IDX_220'/>
				<IndexedFaceSet solid="false" coordIndex='0 1 2 3 -1'>
					<Coordinate point='-6.456610 10.516660 -3.867154 -5.099685 11.799384 -2.978582 -5.099685 11.799384 -2.978582 -6.456610 10.516660 -3.867154'/>
				</IndexedFaceSet>
			</Shape>
			<Shape DEF='_IDX_1592'>
				<Appearance USE='Material_221_IDX_221'/>
				<IndexedFaceSet solid="false" coordIndex='0 1 2 3 -1'>
					<Coordinate point='-5.497788 9.286859 -3.195067 -4.332864 10.368573 -2.460924 -5.099685 11.799384 -2.978582 -6.456610 10.516660 -3.867154'/>
				</IndexedFaceSet>
			</Shape>
			<Shape DEF='_IDX_1593'>
				<Appearance USE='Material_222_IDX_222'/>
				<IndexedFaceSet solid="false" coordIndex='0 1 2 3 -1'>
					<Coordinate point='-4.717519 8.241399 -2.579948 -3.707650 9.158080 -1.987143 -4.332864 10.368573 -2.460924 -5.497788 9.286859 -3.195067'/>
				</IndexedFaceSet>
			</Shape>
			<Shape DEF='_IDX_1594'>
				<Appearance USE='Material_223_IDX_223'/>
				<IndexedFaceSet solid="false" coordIndex='0 1 2 3 -1'>
					<Coordinate point='-4.082367 7.355122 -2.010831 -3.197086 8.135611 -1.548794 -3.707650 9.158080 -1.987143 -4.717519 8.241399 -2.579948'/>
				</IndexedFaceSet>
			</Shape>
			<Shape DEF='_IDX_1595'>
				<Appearance USE='Material_224_IDX_224'/>
				<IndexedFaceSet solid="false" coordIndex='0 1 2 3 -1'>
					<Coordinate point='-3.564020 6.607906 -1.477567 -2.778167 7.274827 -1.138060 -3.197086 8.135611 -1.548794 -4.082367 7.355122 -2.010831'/>
				</IndexedFaceSet>
			</Shape>
			<Shape DEF='_IDX_1596'>
				<Appearance USE='Material_225_IDX_225'/>
				<IndexedFaceSet solid="false" coordIndex='0 1 2 3 -1'>
					<Coordinate point='-3.137911 5.983871 -0.970648 -2.430671 6.554216 -0.747618 -2.778167 7.274827 -1.138060 -3.564020 6.607906 -1.477567'/>
				</IndexedFaceSet>
			</Shape>
			<Shape DEF='_IDX_1597'>
				<Appearance USE='Material_226_IDX_226'/>
				<IndexedFaceSet solid="false" coordIndex='0 1 2 3 -1'>
					<Coordinate point='-2.781896 5.470770 -0.481036 -2.135973 5.956143 -0.370506 -2.430671 6.554216 -0.747618 -3.137911 5.983871 -0.970648'/>
				</IndexedFaceSet>
			</Shape>
			<Shape DEF='_IDX_1598'>
				<Appearance USE='Material_227_IDX_227'/>
				<IndexedFaceSet solid="false" coordIndex='0 1 2 3 -1'>
					<Coordinate point='-2.474922 5.059610 -0.000000 -1.875765 5.466074 -0.000000 -2.135973 5.956143 -0.370506 -2.781896 5.470770 -0.481036'/>
				</IndexedFaceSet>
			</Shape>
			<Shape DEF='_IDX_1599'>
				<Appearance USE='Material_346_IDX_346'/>
				<IndexedFaceSet solid="false" coordIndex='0 1 2 3 -1'>
					<Coordinate point='-9.245439 18.903963 -5.194018 -6.412782 20.672447 -3.528512 -7.501328 23.491241 -4.004725 -10.809391 21.418751 -5.895011'/>
				</IndexedFaceSet>
			</Shape>
			<Shape DEF='_IDX_1600'>
				<Appearance USE='Material_347_IDX_347'/>
				<IndexedFaceSet solid="false" coordIndex='0 1 2 3 -1'>
					<Coordinate point='-7.927963 16.729652 -4.559650 -5.495668 18.241526 -3.097559 -6.412782 20.672447 -3.528512 -9.245439 18.903963 -5.194018'/>
				</IndexedFaceSet>
			</Shape>
			<Shape DEF='_IDX_1601'>
				<Appearance USE='Material_204_IDX_204'/>
				<IndexedFaceSet solid="false" coordIndex='0 1 2 3 -1'>
					<Coordinate point='-6.818629 14.847093 -3.983770 -4.723294 16.142380 -2.706340 -5.495668 18.241526 -3.097559 -7.927963 16.729652 -4.559650'/>
				</IndexedFaceSet>
			</Shape>
			<Shape DEF='_IDX_1602'>
				<Appearance USE='Material_205_IDX_205'/>
				<IndexedFaceSet solid="false" coordIndex='0 1 2 3 -1'>
					<Coordinate point='-5.885021 13.215207 -3.458992 -4.073075 14.327674 -2.349836 -4.723294 16.142380 -2.706340 -6.818629 14.847093 -3.983770'/>
				</IndexedFaceSet>
			</Shape>
			<Shape DEF='_IDX_1603'>
				<Appearance USE='Material_206_IDX_206'/>
				<IndexedFaceSet solid="false" coordIndex='0 1 2 3 -1'>
					<Coordinate point='-5.099685 11.799384 -2.978582 -3.525874 12.757475 -2.023474 -4.073075 14.327674 -2.349836 -5.885021 13.215207 -3.458992'/>
				</IndexedFaceSet>
			</Shape>
			<Shape DEF='_IDX_1604'>
				<Appearance USE='Material_207_IDX_207'/>
				<IndexedFaceSet solid="false" coordIndex='0 1 2 3 -1'>
					<Coordinate point='-5.099685 11.799384 -2.978582 -3.525874 12.757475 -2.023474 -3.525874 12.757475 -2.023474 -5.099685 11.799384 -2.978582'/>
				</IndexedFaceSet>
			</Shape>
			<Shape DEF='_IDX_1605'>
				<Appearance USE='Material_208_IDX_208'/>
				<IndexedFaceSet solid="false" coordIndex='0 1 2 3 -1'>
					<Coordinate point='-4.332864 10.368573 -2.460924 -2.991161 11.175056 -1.671807 -3.525874 12.757475 -2.023474 -5.099685 11.799384 -2.978582'/>
				</IndexedFaceSet>
			</Shape>
			<Shape DEF='_IDX_1606'>
				<Appearance USE='Material_209_IDX_209'/>
				<IndexedFaceSet solid="false" coordIndex='0 1 2 3 -1'>
					<Coordinate point='-3.707650 9.158080 -1.987143 -2.554593 9.839808 -1.349949 -2.991161 11.175056 -1.671807 -4.332864 10.368573 -2.460924'/>
				</IndexedFaceSet>
			</Shape>
			<Shape DEF='_IDX_1607'>
				<Appearance USE='Material_210_IDX_210'/>
				<IndexedFaceSet solid="false" coordIndex='0 1 2 3 -1'>
					<Coordinate point='-3.197086 8.135611 -1.548794 -2.197258 8.713986 -1.052160 -2.554593 9.839808 -1.349949 -3.707650 9.158080 -1.987143'/>
				</IndexedFaceSet>
			</Shape>
			<Shape DEF='_IDX_1608'>
				<Appearance USE='Material_348_IDX_348'/>
				<IndexedFaceSet solid="false" coordIndex='0 1 2 3 -1'>
					<Coordinate point='-2.778167 7.274827 -1.138060 -1.902918 7.766453 -0.773132 -2.197258 8.713986 -1.052160 -3.197086 8.135611 -1.548794'/>
				</IndexedFaceSet>
			</Shape>
			<Shape DEF='_IDX_1609'>
				<Appearance USE='Material_349_IDX_349'/>
				<IndexedFaceSet solid="false" coordIndex='0 1 2 3 -1'>
					<Coordinate point='-2.430671 6.554216 -0.747618 -1.657145 6.971251 -0.507888 -1.902918 7.766453 -0.773132 -2.778167 7.274827 -1.138060'/>
				</IndexedFaceSet>
			</Shape>
			<Shape DEF='_IDX_1610'>
				<Appearance USE='Material_213_IDX_213'/>
				<IndexedFaceSet solid="false" coordIndex='0 1 2 3 -1'>
					<Coordinate point='-2.135973 5.956143 -0.370506 -1.446421 6.306336 -0.251700 -1.657145 6.971251 -0.507888 -2.430671 6.554216 -0.747618'/>
				</IndexedFaceSet>
			</Shape>
			<Shape DEF='_IDX_1611'>
				<Appearance USE='Material_214_IDX_214'/>
				<IndexedFaceSet solid="false" coordIndex='0 1 2 3 -1'>
					<Coordinate point='-1.875765 5.466074 -0.000000 -1.257076 5.752384 -0.000000 -1.446421 6.306336 -0.251700 -2.135973 5.956143 -0.370506'/>
				</IndexedFaceSet>
			</Shape>
			<Shape DEF='_IDX_1612'>
				<Appearance USE='Material_350_IDX_350'/>
				<IndexedFaceSet solid="false" coordIndex='0 1 2 3 -1'>
					<Coordinate point='-6.412782 20.672447 -3.528512 -3.282650 21.767603 -1.784184 -3.840981 24.775066 -2.024981 -7.501328 23.491241 -4.004725'/>
				</IndexedFaceSet>
			</Shape>
			<Shape DEF='_IDX_1613'>
				<Appearance USE='Material_351_IDX_351'/>
				<IndexedFaceSet solid="false" coordIndex='0 1 2 3 -1'>
					<Coordinate point='-5.495668 18.241526 -3.097559 -2.812212 19.177408 -1.566274 -3.282650 21.767603 -1.784184 -6.412782 20.672447 -3.528512'/>
				</IndexedFaceSet>
			</Shape>
			<Shape DEF='_IDX_1614'>
				<Appearance USE='Material_191_IDX_191'/>
				<IndexedFaceSet solid="false" coordIndex='0 1 2 3 -1'>
					<Coordinate point='-4.723294 16.142380 -2.706340 -2.415972 16.943806 -1.368455 -2.812212 19.177408 -1.566274 -5.495668 18.241526 -3.097559'/>
				</IndexedFaceSet>
			</Shape>
			<Shape DEF='_IDX_1615'>
				<Appearance USE='Material_352_IDX_352'/>
				<IndexedFaceSet solid="false" coordIndex='0 1 2 3 -1'>
					<Coordinate point='-4.073075 14.327674 -2.349836 -2.082341 15.015573 -1.188190 -2.415972 16.943806 -1.368455 -4.723294 16.142380 -2.706340'/>
				</IndexedFaceSet>
			</Shape>
			<Shape DEF='_IDX_1616'>
				<Appearance USE='Material_193_IDX_193'/>
				<IndexedFaceSet solid="false" coordIndex='0 1 2 3 -1'>
					<Coordinate point='-3.525874 12.757475 -2.023474 -1.801493 13.349461 -1.023165 -2.082341 15.015573 -1.188190 -4.073075 14.327674 -2.349836'/>
				</IndexedFaceSet>
			</Shape>
			<Shape DEF='_IDX_1617'>
				<Appearance USE='Material_353_IDX_353'/>
				<IndexedFaceSet solid="false" coordIndex='0 1 2 3 -1'>
					<Coordinate point='-3.525874 12.757475 -2.023474 -1.801493 13.349461 -1.023165 -1.801493 13.349461 -1.023165 -3.525874 12.757475 -2.023474'/>
				</IndexedFaceSet>
			</Shape>
			<Shape DEF='_IDX_1618'>
				<Appearance USE='Material_195_IDX_195'/>
				<IndexedFaceSet solid="false" coordIndex='0 1 2 3 -1'>
					<Coordinate point='-2.991161 11.175056 -1.671807 -1.526925 11.672770 -0.845346 -1.801493 13.349461 -1.023165 -3.525874 12.757475 -2.023474'/>
				</IndexedFaceSet>
			</Shape>
			<Shape DEF='_IDX_1619'>
				<Appearance USE='Material_196_IDX_196'/>
				<IndexedFaceSet solid="false" coordIndex='0 1 2 3 -1'>
					<Coordinate point='-2.554593 9.839808 -1.349949 -1.302569 10.259825 -0.682599 -1.526925 11.672770 -0.845346 -2.991161 11.175056 -1.671807'/>
				</IndexedFaceSet>
			</Shape>
			<Shape DEF='_IDX_1620'>
				<Appearance USE='Material_197_IDX_197'/>
				<IndexedFaceSet solid="false" coordIndex='0 1 2 3 -1'>
					<Coordinate point='-2.197258 8.713986 -1.052160 -1.118673 9.069468 -0.532022 -1.302569 10.259825 -0.682599 -2.554593 9.839808 -1.349949'/>
				</IndexedFaceSet>
			</Shape>
			<Shape DEF='_IDX_1621'>
				<Appearance USE='Material_198_IDX_198'/>
				<IndexedFaceSet solid="false" coordIndex='0 1 2 3 -1'>
					<Coordinate point='-1.902918 7.766453 -0.773132 -0.966835 8.067514 -0.390932 -1.118673 9.069468 -0.532022 -2.197258 8.713986 -1.052160'/>
				</IndexedFaceSet>
			</Shape>
			<Shape DEF='_IDX_1622'>
				<Appearance USE='Material_354_IDX_354'/>
				<IndexedFaceSet solid="false" coordIndex='0 1 2 3 -1'>
					<Coordinate point='-1.657145 6.971251 -0.507888 -0.839539 7.225150 -0.256812 -0.966835 8.067514 -0.390932 -1.902918 7.766453 -0.773132'/>
				</IndexedFaceSet>
			</Shape>
			<Shape DEF='_IDX_1623'>
				<Appearance USE='Material_200_IDX_200'/>
				<IndexedFaceSet solid="false" coordIndex='0 1 2 3 -1'>
					<Coordinate point='-1.446421 6.306336 -0.251700 -0.729656 6.517410 -0.127272 -0.839539 7.225150 -0.256812 -1.657145 6.971251 -0.507888'/>
				</IndexedFaceSet>
			</Shape>
			<Shape DEF='_IDX_1624'>
				<Appearance USE='Material_201_IDX_201'/>
				<IndexedFaceSet solid="false" coordIndex='0 1 2 3 -1'>
					<Coordinate point='-1.257076 5.752384 -0.000000 -0.629839 5.921650 -0.000000 -0.729656 6.517410 -0.127272 -1.446421 6.306336 -0.251700'/>
				</IndexedFaceSet>
			</Shape>
			<Shape DEF='_IDX_1625'>
				<Appearance USE='Material_355_IDX_355'/>
				<IndexedFaceSet solid="false" coordIndex='0 1 2 3 -1'>
					<Coordinate point='-3.282650 21.767603 -1.784184 -0.000002 22.138418 -0.000001 -0.000003 25.209831 -0.000001 -3.840981 24.775066 -2.024981'/>
				</IndexedFaceSet>
			</Shape>
			<Shape DEF='_IDX_1626'>
				<Appearance USE='Material_356_IDX_356'/>
				<IndexedFaceSet solid="false" coordIndex='0 1 2 3 -1'>
					<Coordinate point='-2.812212 19.177408 -1.566274 -0.000002 19.494234 -0.000001 -0.000002 22.138418 -0.000001 -3.282650 21.767603 -1.784184'/>
				</IndexedFaceSet>
			</Shape>
			<Shape DEF='_IDX_1627'>
				<Appearance USE='Material_357_IDX_357'/>
				<IndexedFaceSet solid="false" coordIndex='0 1 2 3 -1'>
					<Coordinate point='-2.415972 16.943806 -1.368455 -0.000002 17.215050 -0.000001 -0.000002 19.494234 -0.000001 -2.812212 19.177408 -1.566274'/>
				</IndexedFaceSet>
			</Shape>
			<Shape DEF='_IDX_1628'>
				<Appearance USE='Material_358_IDX_358'/>
				<IndexedFaceSet solid="false" coordIndex='0 1 2 3 -1'>
					<Coordinate point='-2.082341 15.015573 -1.188190 -0.000001 15.248323 -0.000001 -0.000002 17.215050 -0.000001 -2.415972 16.943806 -1.368455'/>
				</IndexedFaceSet>
			</Shape>
			<Shape DEF='_IDX_1629'>
				<Appearance USE='Material_359_IDX_359'/>
				<IndexedFaceSet solid="false" coordIndex='0 1 2 3 -1'>
					<Coordinate point='-1.801493 13.349461 -1.023165 -0.000001 13.549685 -0.000001 -0.000001 15.248323 -0.000001 -2.082341 15.015573 -1.188190'/>
				</IndexedFaceSet>
			</Shape>
			<Shape DEF='_IDX_1630'>
				<Appearance USE='Material_360_IDX_360'/>
				<IndexedFaceSet solid="false" coordIndex='0 1 2 3 -1'>
					<Coordinate point='-1.801493 13.349461 -1.023165 -0.000001 13.549685 -0.000001 -0.000001 13.549685 -0.000001 -1.801493 13.349461 -1.023165'/>
				</IndexedFaceSet>
			</Shape>
			<Shape DEF='_IDX_1631'>
				<Appearance USE='Material_361_IDX_361'/>
				<IndexedFaceSet solid="false" coordIndex='0 1 2 3 -1'>
					<Coordinate point='-1.526925 11.672770 -0.845346 -0.000001 11.841008 -0.000001 -0.000001 13.549685 -0.000001 -1.801493 13.349461 -1.023165'/>
				</IndexedFaceSet>
			</Shape>
			<Shape DEF='_IDX_1632'>
				<Appearance USE='Material_362_IDX_362'/>
				<IndexedFaceSet solid="false" coordIndex='0 1 2 3 -1'>
					<Coordinate point='-1.302569 10.259825 -0.682599 -0.000001 10.401681 -0.000000 -0.000001 11.841008 -0.000001 -1.526925 11.672770 -0.845346'/>
				</IndexedFaceSet>
			</Shape>
			<Shape DEF='_IDX_1633'>
				<Appearance USE='Material_184_IDX_184'/>
				<IndexedFaceSet solid="false" coordIndex='0 1 2 3 -1'>
					<Coordinate point='-1.118673 9.069468 -0.532022 -0.000001 9.189380 -0.000000 -0.000001 10.401681 -0.000000 -1.302569 10.259825 -0.682599'/>
				</IndexedFaceSet>
			</Shape>
			<Shape DEF='_IDX_1634'>
				<Appearance USE='Material_185_IDX_185'/>
				<IndexedFaceSet solid="false" coordIndex='0 1 2 3 -1'>
					<Coordinate point='-0.966835 8.067514 -0.390932 -0.000001 8.168880 -0.000000 -0.000001 9.189380 -0.000000 -1.118673 9.069468 -0.532022'/>
				</IndexedFaceSet>
			</Shape>
			<Shape DEF='_IDX_1635'>
				<Appearance USE='Material_186_IDX_186'/>
				<IndexedFaceSet solid="false" coordIndex='0 1 2 3 -1'>
					<Coordinate point='-0.839539 7.225150 -0.256812 -0.000001 7.310373 -0.000000 -0.000001 8.168880 -0.000000 -0.966835 8.067514 -0.390932'/>
				</IndexedFaceSet>
			</Shape>
			<Shape DEF='_IDX_1636'>
				<Appearance USE='Material_187_IDX_187'/>
				<IndexedFaceSet solid="false" coordIndex='0 1 2 3 -1'>
					<Coordinate point='-0.729656 6.517410 -0.127272 -0.000000 6.587874 -0.000000 -0.000001 7.310373 -0.000000 -0.839539 7.225150 -0.256812'/>
				</IndexedFaceSet>
			</Shape>
			<Shape DEF='_IDX_1637'>
				<Appearance USE='Material_188_IDX_188'/>
				<IndexedFaceSet solid="false" coordIndex='0 1 2 3 -1'>
					<Coordinate point='-0.629839 5.921650 -0.000000 -0.000000 5.977540 -0.000000 -0.000000 6.587874 -0.000000 -0.729656 6.517410 -0.127272'/>
				</IndexedFaceSet>
			</Shape>
			<Shape DEF='_IDX_1638'>
				<Appearance USE='Material_176_IDX_176'/>
				<IndexedFaceSet solid="false" coordIndex='0 1 2 3 -1'>
					<Coordinate point='-9.472039 0.000002 -0.000001 -9.173079 2.673965 -1.784184 -11.740790 3.124040 -2.024981 -12.114709 0.000002 -0.000001'/>
				</IndexedFaceSet>
			</Shape>
			<Shape DEF='_IDX_1639'>
				<Appearance USE='Material_177_IDX_177'/>
				<IndexedFaceSet solid="false" coordIndex='0 1 2 3 -1'>
					<Coordinate point='-7.170965 0.000002 -0.000001 -6.949204 2.341528 -1.566274 -9.173079 2.673965 -1.784184 -9.472039 0.000002 -0.000001'/>
				</IndexedFaceSet>
			</Shape>
			<Shape DEF='_IDX_1640'>
				<Appearance USE='Material_178_IDX_178'/>
				<IndexedFaceSet solid="false" coordIndex='0 1 2 3 -1'>
					<Coordinate point='-5.116354 0.000001 -0.000001 -4.997092 2.142523 -1.368455 -6.949204 2.341528 -1.566274 -7.170965 0.000002 -0.000001'/>
				</IndexedFaceSet>
			</Shape>
			<Shape DEF='_IDX_1641'>
				<Appearance USE='Material_179_IDX_179'/>
				<IndexedFaceSet solid="false" coordIndex='0 1 2 3 -1'>
					<Coordinate point='-3.158188 0.000002 -0.000001 -3.261897 2.137143 -1.188190 -4.997092 2.142523 -1.368455 -5.116354 0.000001 -0.000001'/>
				</IndexedFaceSet>
			</Shape>
			<Shape DEF='_IDX_1642'>
				<Appearance USE='Material_180_IDX_180'/>
				<IndexedFaceSet solid="false" coordIndex='0 1 2 3 -1'>
					<Coordinate point='-0.001829 0.001829 -0.000001 -1.796680 2.453188 -1.023165 -3.261897 2.137143 -1.188190 -3.158188 0.000002 -0.000001'/>
				</IndexedFaceSet>
			</Shape>
			<Shape DEF='_IDX_1643'>
				<Appearance USE='Material_181_IDX_181'/>
				<IndexedFaceSet solid="false" coordIndex='0 1 2 3 -1'>
					<Coordinate point='-0.001829 0.001829 -0.000001 -1.796680 2.453188 -1.023165 -1.796680 2.453188 -1.023165 -0.001829 0.001829 -0.000001'/>
				</IndexedFaceSet>
			</Shape>
			<Shape DEF='_IDX_1644'>
				<Appearance USE='Material_182_IDX_182'/>
				<IndexedFaceSet solid="false" coordIndex='0 1 2 3 -1'>
					<Coordinate point='-0.000001 2.721608 -0.000001 -0.717430 3.127908 -0.845346 -1.796680 2.453188 -1.023165 -0.001829 0.001829 -0.000001'/>
				</IndexedFaceSet>
			</Shape>
			<Shape DEF='_IDX_1645'>
				<Appearance USE='Material_183_IDX_183'/>
				<IndexedFaceSet solid="false" coordIndex='0 1 2 3 -1'>
					<Coordinate point='-0.000000 3.564818 -0.000000 -0.187118 3.713712 -0.682599 -0.717430 3.127908 -0.845346 -0.000001 2.721608 -0.000001'/>
				</IndexedFaceSet>
			</Shape>
			<Shape DEF='_IDX_1646'>
				<Appearance USE='Material_184_IDX_184'/>
				<IndexedFaceSet solid="false" coordIndex='0 1 2 3 -1'>
					<Coordinate point='0.000000 4.116542 -0.000000 0.105601 4.171835 -0.532022 -0.187118 3.713712 -0.682599 -0.000000 3.564818 -0.000000'/>
				</IndexedFaceSet>
			</Shape>
			<Shape DEF='_IDX_1647'>
				<Appearance USE='Material_185_IDX_185'/>
				<IndexedFaceSet solid="false" coordIndex='0 1 2 3 -1'>
					<Coordinate point='0.000000 4.565847 -0.000000 0.291265 4.574254 -0.390932 0.105601 4.171835 -0.532022 0.000000 4.116542 -0.000000'/>
				</IndexedFaceSet>
			</Shape>
			<Shape DEF='_IDX_1648'>
				<Appearance USE='Material_186_IDX_186'/>
				<IndexedFaceSet solid="false" coordIndex='0 1 2 3 -1'>
					<Coordinate point='0.000000 4.996156 -0.000000 0.424178 4.976172 -0.256812 0.291265 4.574254 -0.390932 0.000000 4.565847 -0.000000'/>
				</IndexedFaceSet>
			</Shape>
			<Shape DEF='_IDX_1649'>
				<Appearance USE='Material_187_IDX_187'/>
				<IndexedFaceSet solid="false" coordIndex='0 1 2 3 -1'>
					<Coordinate point='0.000000 5.455700 -0.000000 0.531658 5.415804 -0.127272 0.424178 4.976172 -0.256812 0.000000 4.996156 -0.000000'/>
				</IndexedFaceSet>
			</Shape>
			<Shape DEF='_IDX_1650'>
				<Appearance USE='Material_188_IDX_188'/>
				<IndexedFaceSet solid="false" coordIndex='0 1 2 3 -1'>
					<Coordinate point='0.000000 5.977540 -0.000000 0.629839 5.921649 -0.000000 0.531658 5.415804 -0.127272 0.000000 5.455700 -0.000000'/>
				</IndexedFaceSet>
			</Shape>
			<Shape DEF='_IDX_1651'>
				<Appearance USE='Material_189_IDX_189'/>
				<IndexedFaceSet solid="false" coordIndex='0 1 2 3 -1'>
					<Coordinate point='-9.173079 2.673965 -1.784184 -8.276211 5.148722 -3.528512 -10.631310 6.041429 -4.004725 -11.740790 3.124040 -2.024981'/>
				</IndexedFaceSet>
			</Shape>
			<Shape DEF='_IDX_1652'>
				<Appearance USE='Material_190_IDX_190'/>
				<IndexedFaceSet solid="false" coordIndex='0 1 2 3 -1'>
					<Coordinate point='-6.949204 2.341528 -1.566274 -6.255954 4.464893 -3.097559 -8.276211 5.148722 -3.528512 -9.173079 2.673965 -1.784184'/>
				</IndexedFaceSet>
			</Shape>
			<Shape DEF='_IDX_1653'>
				<Appearance USE='Material_191_IDX_191'/>
				<IndexedFaceSet solid="false" coordIndex='0 1 2 3 -1'>
					<Coordinate point='-4.997092 2.142523 -1.368455 -4.521852 3.985698 -2.706340 -6.255954 4.464893 -3.097559 -6.949204 2.341528 -1.566274'/>
				</IndexedFaceSet>
			</Shape>
			<Shape DEF='_IDX_1654'>
				<Appearance USE='Material_192_IDX_192'/>
				<IndexedFaceSet solid="false" coordIndex='0 1 2 3 -1'>
					<Coordinate point='-3.261897 2.137143 -1.188190 -3.049722 3.717878 -2.349836 -4.521852 3.985698 -2.706340 -4.997092 2.142523 -1.368455'/>
				</IndexedFaceSet>
			</Shape>
			<Shape DEF='_IDX_1655'>
				<Appearance USE='Material_193_IDX_193'/>
				<IndexedFaceSet solid="false" coordIndex='0 1 2 3 -1'>
					<Coordinate point='-1.796680 2.453188 -1.023165 -1.849463 3.659742 -2.023474 -3.049722 3.717878 -2.349836 -3.261897 2.137143 -1.188190'/>
				</IndexedFaceSet>
			</Shape>
			<Shape DEF='_IDX_1656'>
				<Appearance USE='Material_194_IDX_194'/>
				<IndexedFaceSet solid="false" coordIndex='0 1 2 3 -1'>
					<Coordinate point='-1.796680 2.453188 -1.023165 -1.849463 3.659742 -2.023474 -1.849463 3.659742 -2.023474 -1.796680 2.453188 -1.023165'/>
				</IndexedFaceSet>
			</Shape>
			<Shape DEF='_IDX_1657'>
				<Appearance USE='Material_195_IDX_195'/>
				<IndexedFaceSet solid="false" coordIndex='0 1 2 3 -1'>
					<Coordinate point='-0.717430 3.127908 -0.845346 -0.808650 3.793780 -1.671807 -1.849463 3.659742 -2.023474 -1.796680 2.453188 -1.023165'/>
				</IndexedFaceSet>
			</Shape>
			<Shape DEF='_IDX_1658'>
				<Appearance USE='Material_196_IDX_196'/>
				<IndexedFaceSet solid="false" coordIndex='0 1 2 3 -1'>
					<Coordinate point='-0.187118 3.713712 -0.682599 -0.120280 4.027037 -1.349949 -0.808650 3.793780 -1.671807 -0.717430 3.127908 -0.845346'/>
				</IndexedFaceSet>
			</Shape>
			<Shape DEF='_IDX_1659'>
				<Appearance USE='Material_197_IDX_197'/>
				<IndexedFaceSet solid="false" coordIndex='0 1 2 3 -1'>
					<Coordinate point='0.105601 4.171835 -0.532022 0.331441 4.291133 -1.052160 -0.120280 4.027037 -1.349949 -0.187118 3.713712 -0.682599'/>
				</IndexedFaceSet>
			</Shape>
			<Shape DEF='_IDX_1660'>
				<Appearance USE='Material_198_IDX_198'/>
				<IndexedFaceSet solid="false" coordIndex='0 1 2 3 -1'>
					<Coordinate point='0.291265 4.574254 -0.390932 0.643494 4.579322 -0.773132 0.331441 4.291133 -1.052160 0.105601 4.171835 -0.532022'/>
				</IndexedFaceSet>
			</Shape>
			<Shape DEF='_IDX_1661'>
				<Appearance USE='Material_199_IDX_199'/>
				<IndexedFaceSet solid="false" coordIndex='0 1 2 3 -1'>
					<Coordinate point='0.424178 4.976172 -0.256812 0.877997 4.906600 -0.507888 0.643494 4.579322 -0.773132 0.291265 4.574254 -0.390932'/>
				</IndexedFaceSet>
			</Shape>
			<Shape DEF='_IDX_1662'>
				<Appearance USE='Material_200_IDX_200'/>
				<IndexedFaceSet solid="false" coordIndex='0 1 2 3 -1'>
					<Coordinate point='0.531658 5.415804 -0.127272 1.073887 5.291609 -0.251700 0.877997 4.906600 -0.507888 0.424178 4.976172 -0.256812'/>
				</IndexedFaceSet>
			</Shape>
			<Shape DEF='_IDX_1663'>
				<Appearance USE='Material_201_IDX_201'/>
				<IndexedFaceSet solid="false" coordIndex='0 1 2 3 -1'>
					<Coordinate point='0.629839 5.921649 -0.000000 1.257076 5.752384 -0.000000 1.073887 5.291609 -0.251700 0.531658 5.415804 -0.127272'/>
				</IndexedFaceSet>
			</Shape>
			<Shape DEF='_IDX_1664'>
				<Appearance USE='Material_202_IDX_202'/>
				<IndexedFaceSet solid="false" coordIndex='0 1 2 3 -1'>
					<Coordinate point='-8.276211 5.148722 -3.528512 -6.800459 7.263868 -5.194018 -8.829163 8.568593 -5.895011 -10.631310 6.041429 -4.004725'/>
				</IndexedFaceSet>
			</Shape>
			<Shape DEF='_IDX_1665'>
				<Appearance USE='Material_203_IDX_203'/>
				<IndexedFaceSet solid="false" coordIndex='0 1 2 3 -1'>
					<Coordinate point='-6.255954 4.464893 -3.097559 -5.072058 6.236422 -4.559650 -6.800459 7.263868 -5.194018 -8.276211 5.148722 -3.528512'/>
				</IndexedFaceSet>
			</Shape>
			<Shape DEF='_IDX_1666'>
				<Appearance USE='Material_204_IDX_204'/>
				<IndexedFaceSet solid="false" coordIndex='0 1 2 3 -1'>
					<Coordinate point='-4.521852 3.985698 -2.706340 -3.604828 5.459405 -3.983770 -5.072058 6.236422 -4.559650 -6.255954 4.464893 -3.097559'/>
				</IndexedFaceSet>
			</Shape>
			<Shape DEF='_IDX_1667'>
				<Appearance USE='Material_205_IDX_205'/>
				<IndexedFaceSet solid="false" coordIndex='0 1 2 3 -1'>
					<Coordinate point='-3.049722 3.717878 -2.349836 -2.373533 4.909956 -3.458992 -3.604828 5.459405 -3.983770 -4.521852 3.985698 -2.706340'/>
				</IndexedFaceSet>
			</Shape>
			<Shape DEF='_IDX_1668'>
				<Appearance USE='Material_206_IDX_206'/>
				<IndexedFaceSet solid="false" coordIndex='0 1 2 3 -1'>
					<Coordinate point='-1.849463 3.659742 -2.023474 -1.364019 4.561434 -2.978582 -2.373533 4.909956 -3.458992 -3.049722 3.717878 -2.349836'/>
				</IndexedFaceSet>
			</Shape>
			<Shape DEF='_IDX_1669'>
				<Appearance USE='Material_207_IDX_207'/>
				<IndexedFaceSet solid="false" coordIndex='0 1 2 3 -1'>
					<Coordinate point='-1.849463 3.659742 -2.023474 -1.364019 4.561434 -2.978582 -1.364019 4.561434 -2.978582 -1.849463 3.659742 -2.023474'/>
				</IndexedFaceSet>
			</Shape>
			<Shape DEF='_IDX_1670'>
				<Appearance USE='Material_208_IDX_208'/>
				<IndexedFaceSet solid="false" coordIndex='0 1 2 3 -1'>
					<Coordinate point='-0.808650 3.793780 -1.671807 -0.440371 4.358478 -2.460924 -1.364019 4.561434 -2.978582 -1.849463 3.659742 -2.023474'/>
				</IndexedFaceSet>
			</Shape>
			<Shape DEF='_IDX_1671'>
				<Appearance USE='Material_209_IDX_209'/>
				<IndexedFaceSet solid="false" coordIndex='0 1 2 3 -1'>
					<Coordinate point='-0.120280 4.027037 -1.349949 0.235211 4.316402 -1.987143 -0.440371 4.358478 -2.460924 -0.808650 3.793780 -1.671807'/>
				</IndexedFaceSet>
			</Shape>
			<Shape DEF='_IDX_1672'>
				<Appearance USE='Material_210_IDX_210'/>
				<IndexedFaceSet solid="false" coordIndex='0 1 2 3 -1'>
					<Coordinate point='0.331441 4.291133 -1.052160 0.724005 4.383971 -1.548794 0.235211 4.316402 -1.987143 -0.120280 4.027037 -1.349949'/>
				</IndexedFaceSet>
			</Shape>
			<Shape DEF='_IDX_1673'>
				<Appearance USE='Material_211_IDX_211'/>
				<IndexedFaceSet solid="false" coordIndex='0 1 2 3 -1'>
					<Coordinate point='0.643494 4.579322 -0.773132 1.087940 4.535630 -1.138060 0.724005 4.383971 -1.548794 0.331441 4.291133 -1.052160'/>
				</IndexedFaceSet>
			</Shape>
			<Shape DEF='_IDX_1674'>
				<Appearance USE='Material_212_IDX_212'/>
				<IndexedFaceSet solid="false" coordIndex='0 1 2 3 -1'>
					<Coordinate point='0.877997 4.906600 -0.507888 1.377457 4.764188 -0.747618 1.087940 4.535630 -1.138060 0.643494 4.579322 -0.773132'/>
				</IndexedFaceSet>
			</Shape>
			<Shape DEF='_IDX_1675'>
				<Appearance USE='Material_213_IDX_213'/>
				<IndexedFaceSet solid="false" coordIndex='0 1 2 3 -1'>
					<Coordinate point='1.073887 5.291609 -0.251700 1.630513 5.071999 -0.370506 1.377457 4.764188 -0.747618 0.877997 4.906600 -0.507888'/>
				</IndexedFaceSet>
			</Shape>
			<Shape DEF='_IDX_1676'>
				<Appearance USE='Material_214_IDX_214'/>
				<IndexedFaceSet solid="false" coordIndex='0 1 2 3 -1'>
					<Coordinate point='1.257076 5.752384 -0.000000 1.875765 5.466074 -0.000000 1.630513 5.071999 -0.370506 1.073887 5.291609 -0.251700'/>
				</IndexedFaceSet>
			</Shape>
			<Shape DEF='_IDX_1677'>
				<Appearance USE='Material_215_IDX_215'/>
				<IndexedFaceSet solid="false" coordIndex='0 1 2 3 -1'>
					<Coordinate point='-6.800459 7.263868 -5.194018 -4.805490 8.898298 -6.743498 -6.415915 10.554007 -7.653612 -8.829163 8.568593 -5.895011'/>
				</IndexedFaceSet>
			</Shape>
			<Shape DEF='_IDX_1678'>
				<Appearance USE='Material_216_IDX_216'/>
				<IndexedFaceSet solid="false" coordIndex='0 1 2 3 -1'>
					<Coordinate point='-5.072058 6.236422 -4.559650 -3.437770 7.572488 -5.919886 -4.805490 8.898298 -6.743498 -6.800459 7.263868 -5.194018'/>
				</IndexedFaceSet>
			</Shape>
			<Shape DEF='_IDX_1679'>
				<Appearance USE='Material_217_IDX_217'/>
				<IndexedFaceSet solid="false" coordIndex='0 1 2 3 -1'>
					<Coordinate point='-3.604828 5.459405 -3.983770 -2.280870 6.534163 -5.172210 -3.437770 7.572488 -5.919886 -5.072058 6.236422 -4.559650'/>
				</IndexedFaceSet>
			</Shape>
			<Shape DEF='_IDX_1680'>
				<Appearance USE='Material_218_IDX_218'/>
				<IndexedFaceSet solid="false" coordIndex='0 1 2 3 -1'>
					<Coordinate point='-2.373533 4.909956 -3.458992 -1.310774 5.746087 -4.490879 -2.280870 6.534163 -5.172210 -3.604828 5.459405 -3.983770'/>
				</IndexedFaceSet>
			</Shape>
			<Shape DEF='_IDX_1681'>
				<Appearance USE='Material_219_IDX_219'/>
				<IndexedFaceSet solid="false" coordIndex='0 1 2 3 -1'>
					<Coordinate point='-1.364019 4.561434 -2.978582 -0.508650 5.172984 -3.867154 -1.310774 5.746087 -4.490879 -2.373533 4.909956 -3.458992'/>
				</IndexedFaceSet>
			</Shape>
			<Shape DEF='_IDX_1682'>
				<Appearance USE='Material_220_IDX_220'/>
				<IndexedFaceSet solid="false" coordIndex='0 1 2 3 -1'>
					<Coordinate point='-1.364019 4.561434 -2.978582 -0.508650 5.172984 -3.867154 -0.508650 5.172984 -3.867154 -1.364019 4.561434 -2.978582'/>
				</IndexedFaceSet>
			</Shape>
			<Shape DEF='_IDX_1683'>
				<Appearance USE='Material_221_IDX_221'/>
				<IndexedFaceSet solid="false" coordIndex='0 1 2 3 -1'>
					<Coordinate point='-0.440371 4.358478 -2.460924 0.245467 4.725911 -3.195067 -0.508650 5.172984 -3.867154 -1.364019 4.561434 -2.978582'/>
				</IndexedFaceSet>
			</Shape>
			<Shape DEF='_IDX_1684'>
				<Appearance USE='Material_222_IDX_222'/>
				<IndexedFaceSet solid="false" coordIndex='0 1 2 3 -1'>
					<Coordinate point='0.235211 4.316402 -1.987143 0.825034 4.474789 -2.579948 0.245467 4.725911 -3.195067 -0.440371 4.358478 -2.460924'/>
				</IndexedFaceSet>
			</Shape>
			<Shape DEF='_IDX_1685'>
				<Appearance USE='Material_223_IDX_223'/>
				<IndexedFaceSet solid="false" coordIndex='0 1 2 3 -1'>
					<Coordinate point='0.724005 4.383971 -1.548794 1.270300 4.375370 -2.010831 0.825034 4.474789 -2.579948 0.235211 4.316402 -1.987143'/>
				</IndexedFaceSet>
			</Shape>
			<Shape DEF='_IDX_1686'>
				<Appearance USE='Material_224_IDX_224'/>
				<IndexedFaceSet solid="false" coordIndex='0 1 2 3 -1'>
					<Coordinate point='1.087940 4.535630 -1.138060 1.622855 4.397334 -1.477567 1.270300 4.375370 -2.010831 0.724005 4.383971 -1.548794'/>
				</IndexedFaceSet>
			</Shape>
			<Shape DEF='_IDX_1687'>
				<Appearance USE='Material_225_IDX_225'/>
				<IndexedFaceSet solid="false" coordIndex='0 1 2 3 -1'>
					<Coordinate point='1.377457 4.764188 -0.747618 1.920562 4.523130 -0.970648 1.622855 4.397334 -1.477567 1.087940 4.535630 -1.138060'/>
				</IndexedFaceSet>
			</Shape>
			<Shape DEF='_IDX_1688'>
				<Appearance USE='Material_226_IDX_226'/>
				<IndexedFaceSet solid="false" coordIndex='0 1 2 3 -1'>
					<Coordinate point='1.630513 5.071999 -0.370506 2.195589 4.744537 -0.481036 1.920562 4.523130 -0.970648 1.377457 4.764188 -0.747618'/>
				</IndexedFaceSet>
			</Shape>
			<Shape DEF='_IDX_1689'>
				<Appearance USE='Material_227_IDX_227'/>
				<IndexedFaceSet solid="false" coordIndex='0 1 2 3 -1'>
					<Coordinate point='1.875765 5.466074 -0.000000 2.474922 5.059610 -0.000000 2.195589 4.744537 -0.481036 1.630513 5.071999 -0.370506'/>
				</IndexedFaceSet>
			</Shape>
			<Shape DEF='_IDX_1690'>
				<Appearance USE='Material_228_IDX_228'/>
				<IndexedFaceSet solid="false" coordIndex='0 1 2 3 -1'>
					<Coordinate point='-4.805490 8.898298 -6.743498 -2.390326 9.959919 -8.142341 -3.511013 11.878979 -9.241243 -6.415915 10.554007 -7.653612'/>
				</IndexedFaceSet>
			</Shape>
			<Shape DEF='_IDX_1691'>
				<Appearance USE='Material_229_IDX_229'/>
				<IndexedFaceSet solid="false" coordIndex='0 1 2 3 -1'>
					<Coordinate point='-3.437770 7.572488 -5.919886 -1.438524 8.408536 -7.147881 -2.390326 9.959919 -8.142341 -4.805490 8.898298 -6.743498'/>
				</IndexedFaceSet>
			</Shape>
			<Shape DEF='_IDX_1692'>
				<Appearance USE='Material_230_IDX_230'/>
				<IndexedFaceSet solid="false" coordIndex='0 1 2 3 -1'>
					<Coordinate point='-2.280870 6.534163 -5.172210 -0.632863 7.172507 -6.245110 -1.438524 8.408536 -7.147881 -3.437770 7.572488 -5.919886'/>
				</IndexedFaceSet>
			</Shape>
			<Shape DEF='_IDX_1693'>
				<Appearance USE='Material_231_IDX_231'/>
				<IndexedFaceSet solid="false" coordIndex='0 1 2 3 -1'>
					<Coordinate point='-1.310774 5.746087 -4.490879 0.044946 6.206581 -5.422447 -0.632863 7.172507 -6.245110 -2.280870 6.534163 -5.172210'/>
				</IndexedFaceSet>
			</Shape>
			<Shape DEF='_IDX_1694'>
				<Appearance USE='Material_232_IDX_232'/>
				<IndexedFaceSet solid="false" coordIndex='0 1 2 3 -1'>
					<Coordinate point='-0.508650 5.172984 -3.867154 0.610395 5.470632 -4.669339 0.044946 6.206581 -5.422447 -1.310774 5.746087 -4.490879'/>
				</IndexedFaceSet>
			</Shape>
			<Shape DEF='_IDX_1695'>
				<Appearance USE='Material_233_IDX_233'/>
				<IndexedFaceSet solid="false" coordIndex='0 1 2 3 -1'>
					<Coordinate point='-0.508650 5.172984 -3.867154 0.610395 5.470632 -4.669339 0.610395 5.470632 -4.669339 -0.508650 5.172984 -3.867154'/>
				</IndexedFaceSet>
			</Shape>
			<Shape DEF='_IDX_1696'>
				<Appearance USE='Material_234_IDX_234'/>
				<IndexedFaceSet solid="false" coordIndex='0 1 2 3 -1'>
					<Coordinate point='0.245467 4.725911 -3.195067 1.152514 4.849546 -3.857838 0.610395 5.470632 -4.669339 -0.508650 5.172984 -3.867154'/>
				</IndexedFaceSet>
			</Shape>
			<Shape DEF='_IDX_1697'>
				<Appearance USE='Material_235_IDX_235'/>
				<IndexedFaceSet solid="false" coordIndex='0 1 2 3 -1'>
					<Coordinate point='0.825034 4.474789 -2.579948 1.583959 4.446033 -3.115122 1.152514 4.849546 -3.857838 0.245467 4.725911 -3.195067'/>
				</IndexedFaceSet>
			</Shape>
			<Shape DEF='_IDX_1698'>
				<Appearance USE='Material_236_IDX_236'/>
				<IndexedFaceSet solid="false" coordIndex='0 1 2 3 -1'>
					<Coordinate point='1.270300 4.375370 -2.010831 1.932092 4.217286 -2.427949 1.583959 4.446033 -3.115122 0.825034 4.474789 -2.579948'/>
				</IndexedFaceSet>
			</Shape>
			<Shape DEF='_IDX_1699'>
				<Appearance USE='Material_237_IDX_237'/>
				<IndexedFaceSet solid="false" coordIndex='0 1 2 3 -1'>
					<Coordinate point='1.622855 4.397334 -1.477567 2.225266 4.130687 -1.784067 1.932092 4.217286 -2.427949 1.270300 4.375370 -2.010831'/>
				</IndexedFaceSet>
			</Shape>
			<Shape DEF='_IDX_1700'>
				<Appearance USE='Material_238_IDX_238'/>
				<IndexedFaceSet solid="false" coordIndex='0 1 2 3 -1'>
					<Coordinate point='1.920562 4.523130 -0.970648 2.490913 4.163314 -1.171995 2.225266 4.130687 -1.784067 1.622855 4.397334 -1.477567'/>
				</IndexedFaceSet>
			</Shape>
			<Shape DEF='_IDX_1701'>
				<Appearance USE='Material_239_IDX_239'/>
				<IndexedFaceSet solid="false" coordIndex='0 1 2 3 -1'>
					<Coordinate point='2.195589 4.744537 -0.481036 2.754388 4.300327 -0.580820 2.490913 4.163314 -1.171995 1.920562 4.523130 -0.970648'/>
				</IndexedFaceSet>
			</Shape>
			<Shape DEF='_IDX_1702'>
				<Appearance USE='Material_240_IDX_240'/>
				<IndexedFaceSet solid="false" coordIndex='0 1 2 3 -1'>
					<Coordinate point='2.474922 5.059610 -0.000000 3.038882 4.533146 -0.000000 2.754388 4.300327 -0.580820 2.195589 4.744537 -0.481036'/>
				</IndexedFaceSet>
			</Shape>
			<Shape DEF='_IDX_1703'>
				<Appearance USE='Material_241_IDX_241'/>
				<IndexedFaceSet solid="false" coordIndex='0 1 2 3 -1'>
					<Coordinate point='-2.390326 9.959919 -8.142341 0.317514 10.383124 -9.359296 -0.264138 12.458672 -10.622441 -3.511013 11.878979 -9.241243'/>
				</IndexedFaceSet>
			</Shape>
			<Shape DEF='_IDX_1704'>
				<Appearance USE='Material_242_IDX_242'/>
				<IndexedFaceSet solid="false" coordIndex='0 1 2 3 -1'>
					<Coordinate point='-1.438524 8.408536 -7.147881 0.814154 8.696593 -8.216205 0.317514 10.383124 -9.359296 -2.390326 9.959919 -8.142341'/>
				</IndexedFaceSet>
			</Shape>
			<Shape DEF='_IDX_1705'>
				<Appearance USE='Material_243_IDX_243'/>
				<IndexedFaceSet solid="false" coordIndex='0 1 2 3 -1'>
					<Coordinate point='-0.632863 7.172507 -6.245110 1.237305 7.341072 -7.178505 0.814154 8.696593 -8.216205 -1.438524 8.408536 -7.147881'/>
				</IndexedFaceSet>
			</Shape>
			<Shape DEF='_IDX_1706'>
				<Appearance USE='Material_244_IDX_244'/>
				<IndexedFaceSet solid="false" coordIndex='0 1 2 3 -1'>
					<Coordinate point='0.044946 6.206581 -5.422447 1.596575 6.266915 -6.232887 1.237305 7.341072 -7.178505 -0.632863 7.172507 -6.245110'/>
				</IndexedFaceSet>
			</Shape>
			<Shape DEF='_IDX_1707'>
				<Appearance USE='Material_245_IDX_245'/>
				<IndexedFaceSet solid="false" coordIndex='0 1 2 3 -1'>
					<Coordinate point='0.610395 5.470632 -4.669339 1.900540 5.431208 -5.367219 1.596575 6.266915 -6.232887 0.044946 6.206581 -5.422447'/>
				</IndexedFaceSet>
			</Shape>
			<Shape DEF='_IDX_1708'>
				<Appearance USE='Material_246_IDX_246'/>
				<IndexedFaceSet solid="false" coordIndex='0 1 2 3 -1'>
					<Coordinate point='0.610395 5.470632 -4.669339 1.900540 5.431208 -5.367219 1.900540 5.431208 -5.367219 0.610395 5.470632 -4.669339'/>
				</IndexedFaceSet>
			</Shape>
			<Shape DEF='_IDX_1709'>
				<Appearance USE='Material_247_IDX_247'/>
				<IndexedFaceSet solid="false" coordIndex='0 1 2 3 -1'>
					<Coordinate point='1.152514 4.849546 -3.857838 2.199323 4.701872 -4.434431 1.900540 5.431208 -5.367219 0.610395 5.470632 -4.669339'/>
				</IndexedFaceSet>
			</Shape>
			<Shape DEF='_IDX_1710'>
				<Appearance USE='Material_248_IDX_248'/>
				<IndexedFaceSet solid="false" coordIndex='0 1 2 3 -1'>
					<Coordinate point='1.583959 4.446033 -3.115122 2.447869 4.200078 -3.580708 2.199323 4.701872 -4.434431 1.152514 4.849546 -3.857838'/>
				</IndexedFaceSet>
			</Shape>
			<Shape DEF='_IDX_1711'>
				<Appearance USE='Material_249_IDX_249'/>
				<IndexedFaceSet solid="false" coordIndex='0 1 2 3 -1'>
					<Coordinate point='1.932092 4.217286 -2.427949 2.662711 3.882857 -2.790831 2.447869 4.200078 -3.580708 1.583959 4.446033 -3.115122'/>
				</IndexedFaceSet>
			</Shape>
			<Shape DEF='_IDX_1712'>
				<Appearance USE='Material_250_IDX_250'/>
				<IndexedFaceSet solid="false" coordIndex='0 1 2 3 -1'>
					<Coordinate point='2.225266 4.130687 -1.784067 2.861738 3.716085 -2.050714 2.662711 3.882857 -2.790831 1.932092 4.217286 -2.427949'/>
				</IndexedFaceSet>
			</Shape>
			<Shape DEF='_IDX_1713'>
				<Appearance USE='Material_251_IDX_251'/>
				<IndexedFaceSet solid="false" coordIndex='0 1 2 3 -1'>
					<Coordinate point='2.490913 4.163314 -1.171995 3.063454 3.673743 -1.347161 2.861738 3.716085 -2.050714 2.225266 4.130687 -1.784067'/>
				</IndexedFaceSet>
			</Shape>
			<Shape DEF='_IDX_1714'>
				<Appearance USE='Material_252_IDX_252'/>
				<IndexedFaceSet solid="false" coordIndex='0 1 2 3 -1'>
					<Coordinate point='2.754388 4.300327 -0.580820 3.286400 3.736795 -0.667629 3.063454 3.673743 -1.347161 2.490913 4.163314 -1.171995'/>
				</IndexedFaceSet>
			</Shape>
			<Shape DEF='_IDX_1715'>
				<Appearance USE='Material_253_IDX_253'/>
				<IndexedFaceSet solid="false" coordIndex='0 1 2 3 -1'>
					<Coordinate point='3.038882 4.533146 -0.000000 3.549030 3.891902 -0.000000 3.286400 3.736795 -0.667629 2.754388 4.300327 -0.580820'/>
				</IndexedFaceSet>
			</Shape>
			<Shape DEF='_IDX_1716'>
				<Appearance USE='Material_254_IDX_254'/>
				<IndexedFaceSet solid="false" coordIndex='0 1 2 3 -1'>
					<Coordinate point='0.317514 10.383124 -9.359296 3.172756 10.131017 -10.367180 3.154688 12.244520 -11.766352 -0.264138 12.458672 -10.622441'/>
				</IndexedFaceSet>
			</Shape>
			<Shape DEF='_IDX_1717'>
				<Appearance USE='Material_255_IDX_255'/>
				<IndexedFaceSet solid="false" coordIndex='0 1 2 3 -1'>
					<Coordinate point='0.814154 8.696593 -8.216205 3.194407 8.409824 -9.100992 3.172756 10.131017 -10.367180 0.317514 10.383124 -9.359296'/>
				</IndexedFaceSet>
			</Shape>
			<Shape DEF='_IDX_1718'>
				<Appearance USE='Material_256_IDX_256'/>
				<IndexedFaceSet solid="false" coordIndex='0 1 2 3 -1'>
					<Coordinate point='1.237305 7.341072 -7.178505 3.218629 7.020861 -7.951545 3.194407 8.409824 -9.100992 0.814154 8.696593 -8.216205'/>
				</IndexedFaceSet>
			</Shape>
			<Shape DEF='_IDX_1719'>
				<Appearance USE='Material_257_IDX_257'/>
				<IndexedFaceSet solid="false" coordIndex='0 1 2 3 -1'>
					<Coordinate point='1.596575 6.266915 -6.232887 3.244761 5.912979 -6.904094 3.218629 7.020861 -7.951545 1.237305 7.341072 -7.178505'/>
				</IndexedFaceSet>
			</Shape>
			<Shape DEF='_IDX_1720'>
				<Appearance USE='Material_258_IDX_258'/>
				<IndexedFaceSet solid="false" coordIndex='0 1 2 3 -1'>
					<Coordinate point='1.900540 5.431208 -5.367219 3.272805 5.042436 -5.945205 3.244761 5.912979 -6.904094 1.596575 6.266915 -6.232887'/>
				</IndexedFaceSet>
			</Shape>
			<Shape DEF='_IDX_1721'>
				<Appearance USE='Material_259_IDX_259'/>
				<IndexedFaceSet solid="false" coordIndex='0 1 2 3 -1'>
					<Coordinate point='1.900540 5.431208 -5.367219 3.272805 5.042436 -5.945205 3.272805 5.042436 -5.945205 1.900540 5.431208 -5.367219'/>
				</IndexedFaceSet>
			</Shape>
			<Shape DEF='_IDX_1722'>
				<Appearance USE='Material_260_IDX_260'/>
				<IndexedFaceSet solid="false" coordIndex='0 1 2 3 -1'>
					<Coordinate point='2.199323 4.701872 -4.434431 3.309722 4.270342 -4.911966 3.272805 5.042436 -5.945205 1.900540 5.431208 -5.367219'/>
				</IndexedFaceSet>
			</Shape>
			<Shape DEF='_IDX_1723'>
				<Appearance USE='Material_261_IDX_261'/>
				<IndexedFaceSet solid="false" coordIndex='0 1 2 3 -1'>
					<Coordinate point='2.447869 4.200078 -3.580708 3.354485 3.724214 -3.966308 3.309722 4.270342 -4.911966 2.199323 4.701872 -4.434431'/>
				</IndexedFaceSet>
			</Shape>
			<Shape DEF='_IDX_1724'>
				<Appearance USE='Material_262_IDX_262'/>
				<IndexedFaceSet solid="false" coordIndex='0 1 2 3 -1'>
					<Coordinate point='2.662711 3.882857 -2.790831 3.413346 3.361245 -3.091370 3.354485 3.724214 -3.966308 2.447869 4.200078 -3.580708'/>
				</IndexedFaceSet>
			</Shape>
			<Shape DEF='_IDX_1725'>
				<Appearance USE='Material_263_IDX_263'/>
				<IndexedFaceSet solid="false" coordIndex='0 1 2 3 -1'>
					<Coordinate point='2.861738 3.716085 -2.050714 3.494817 3.146722 -2.271551 3.413346 3.361245 -3.091370 2.662711 3.882857 -2.790831'/>
				</IndexedFaceSet>
			</Shape>
			<Shape DEF='_IDX_1726'>
				<Appearance USE='Material_264_IDX_264'/>
				<IndexedFaceSet solid="false" coordIndex='0 1 2 3 -1'>
					<Coordinate point='3.063454 3.673743 -1.347161 3.609267 3.053031 -1.492234 3.494817 3.146722 -2.271551 2.861738 3.716085 -2.050714'/>
				</IndexedFaceSet>
			</Shape>
			<Shape DEF='_IDX_1727'>
				<Appearance USE='Material_265_IDX_265'/>
				<IndexedFaceSet solid="false" coordIndex='0 1 2 3 -1'>
					<Coordinate point='3.286400 3.736795 -0.667629 3.768571 3.058607 -0.739525 3.609267 3.053031 -1.492234 3.063454 3.673743 -1.347161'/>
				</IndexedFaceSet>
			</Shape>
			<Shape DEF='_IDX_1728'>
				<Appearance USE='Material_266_IDX_266'/>
				<IndexedFaceSet solid="false" coordIndex='0 1 2 3 -1'>
					<Coordinate point='3.549030 3.891902 -0.000000 3.985994 3.146845 -0.000001 3.768571 3.058607 -0.739525 3.286400 3.736795 -0.667629'/>
				</IndexedFaceSet>
			</Shape>
			<Shape DEF='_IDX_1729'>
				<Appearance USE='Material_267_IDX_267'/>
				<IndexedFaceSet solid="false" coordIndex='0 1 2 3 -1'>
					<Coordinate point='3.172756 10.131017 -10.367180 6.021775 9.198010 -11.143478 6.565270 11.226500 -12.647421 3.154688 12.244520 -11.766352'/>
				</IndexedFaceSet>
			</Shape>
			<Shape DEF='_IDX_1730'>
				<Appearance USE='Material_268_IDX_268'/>
				<IndexedFaceSet solid="false" coordIndex='0 1 2 3 -1'>
					<Coordinate point='3.194407 8.409824 -9.100992 5.570308 7.546337 -9.782477 6.021775 9.198010 -11.143478 3.172756 10.131017 -10.367180'/>
				</IndexedFaceSet>
			</Shape>
			<Shape DEF='_IDX_1731'>
				<Appearance USE='Material_269_IDX_269'/>
				<IndexedFaceSet solid="false" coordIndex='0 1 2 3 -1'>
					<Coordinate point='3.218629 7.020861 -7.951545 5.196882 6.212645 -8.546960 5.570308 7.546337 -9.782477 3.194407 8.409824 -9.100992'/>
				</IndexedFaceSet>
			</Shape>
			<Shape DEF='_IDX_1732'>
				<Appearance USE='Material_270_IDX_270'/>
				<IndexedFaceSet solid="false" coordIndex='0 1 2 3 -1'>
					<Coordinate point='3.244761 5.912979 -6.904094 4.890001 5.146977 -7.421076 5.196882 6.212645 -8.546960 3.218629 7.020861 -7.951545'/>
				</IndexedFaceSet>
			</Shape>
			<Shape DEF='_IDX_1733'>
				<Appearance USE='Material_271_IDX_271'/>
				<IndexedFaceSet solid="false" coordIndex='0 1 2 3 -1'>
					<Coordinate point='3.272805 5.042436 -5.945205 4.640514 4.306792 -6.390384 4.890001 5.146977 -7.421076 3.244761 5.912979 -6.904094'/>
				</IndexedFaceSet>
			</Shape>
			<Shape DEF='_IDX_1734'>
				<Appearance USE='Material_272_IDX_272'/>
				<IndexedFaceSet solid="false" coordIndex='0 1 2 3 -1'>
					<Coordinate point='3.272805 5.042436 -5.945205 4.640514 4.306792 -6.390384 4.640514 4.306792 -6.390384 3.272805 5.042436 -5.945205'/>
				</IndexedFaceSet>
			</Shape>
			<Shape DEF='_IDX_1735'>
				<Appearance USE='Material_273_IDX_273'/>
				<IndexedFaceSet solid="false" coordIndex='0 1 2 3 -1'>
					<Coordinate point='3.309722 4.270342 -4.911966 4.410861 3.556906 -5.279776 4.640514 4.306792 -6.390384 3.272805 5.042436 -5.945205'/>
				</IndexedFaceSet>
			</Shape>
			<Shape DEF='_IDX_1736'>
				<Appearance USE='Material_274_IDX_274'/>
				<IndexedFaceSet solid="false" coordIndex='0 1 2 3 -1'>
					<Coordinate point='3.354485 3.724214 -3.966308 4.243923 3.020025 -4.263307 4.410861 3.556906 -5.279776 3.309722 4.270342 -4.911966'/>
				</IndexedFaceSet>
			</Shape>
			<Shape DEF='_IDX_1737'>
				<Appearance USE='Material_275_IDX_275'/>
				<IndexedFaceSet solid="false" coordIndex='0 1 2 3 -1'>
					<Coordinate point='3.413346 3.361245 -3.091370 4.135994 2.654714 -3.322853 4.243923 3.020025 -4.263307 3.354485 3.724214 -3.966308'/>
				</IndexedFaceSet>
			</Shape>
			<Shape DEF='_IDX_1738'>
				<Appearance USE='Material_276_IDX_276'/>
				<IndexedFaceSet solid="false" coordIndex='0 1 2 3 -1'>
					<Coordinate point='3.494817 3.146722 -2.271551 4.086787 2.426896 -2.441646 4.135994 2.654714 -3.322853 3.413346 3.361245 -3.091370'/>
				</IndexedFaceSet>
			</Shape>
			<Shape DEF='_IDX_1739'>
				<Appearance USE='Material_277_IDX_277'/>
				<IndexedFaceSet solid="false" coordIndex='0 1 2 3 -1'>
					<Coordinate point='3.609267 3.053031 -1.492234 4.099013 2.308708 -1.603974 4.086787 2.426896 -2.441646 3.494817 3.146722 -2.271551'/>
				</IndexedFaceSet>
			</Shape>
			<Shape DEF='_IDX_1740'>
				<Appearance USE='Material_278_IDX_278'/>
				<IndexedFaceSet solid="false" coordIndex='0 1 2 3 -1'>
					<Coordinate point='3.768571 3.058607 -0.739525 4.178042 2.277436 -0.794900 4.099013 2.308708 -1.603974 3.609267 3.053031 -1.492234'/>
				</IndexedFaceSet>
			</Shape>
			<Shape DEF='_IDX_1741'>
				<Appearance USE='Material_279_IDX_279'/>
				<IndexedFaceSet solid="false" coordIndex='0 1 2 3 -1'>
					<Coordinate point='3.985994 3.146845 -0.000001 4.331727 2.314499 -0.000001 4.178042 2.277436 -0.794900 3.768571 3.058607 -0.739525'/>
				</IndexedFaceSet>
			</Shape>
			<Shape DEF='_IDX_1742'>
				<Appearance USE='Material_280_IDX_280'/>
				<IndexedFaceSet solid="false" coordIndex='0 1 2 3 -1'>
					<Coordinate point='6.021775 9.198010 -11.143478 8.711140 7.611101 -11.670851 9.787146 9.434038 -13.245968 6.565270 11.226500 -12.647421'/>
				</IndexedFaceSet>
			</Shape>
			<Shape DEF='_IDX_1743'>
				<Appearance USE='Material_281_IDX_281'/>
				<IndexedFaceSet solid="false" coordIndex='0 1 2 3 -1'>
					<Coordinate point='5.570308 7.546337 -9.782477 7.810894 6.130995 -10.245440 8.711140 7.611101 -11.670851 6.021775 9.198010 -11.143478'/>
				</IndexedFaceSet>
			</Shape>
			<Shape DEF='_IDX_1744'>
				<Appearance USE='Material_282_IDX_282'/>
				<IndexedFaceSet solid="false" coordIndex='0 1 2 3 -1'>
					<Coordinate point='5.196882 6.212645 -8.546960 7.059841 4.939242 -8.951449 7.810894 6.130995 -10.245440 5.570308 7.546337 -9.782477'/>
				</IndexedFaceSet>
			</Shape>
			<Shape DEF='_IDX_1745'>
				<Appearance USE='Material_283_IDX_283'/>
				<IndexedFaceSet solid="false" coordIndex='0 1 2 3 -1'>
					<Coordinate point='4.890001 5.146977 -7.421076 6.435893 3.989625 -7.772283 7.059841 4.939242 -8.951449 5.196882 6.212645 -8.546960'/>
				</IndexedFaceSet>
			</Shape>
			<Shape DEF='_IDX_1746'>
				<Appearance USE='Material_284_IDX_284'/>
				<IndexedFaceSet solid="false" coordIndex='0 1 2 3 -1'>
					<Coordinate point='4.640514 4.306792 -6.390384 5.920909 3.242840 -6.692813 6.435893 3.989625 -7.772283 4.890001 5.146977 -7.421076'/>
				</IndexedFaceSet>
			</Shape>
			<Shape DEF='_IDX_1747'>
				<Appearance USE='Material_285_IDX_285'/>
				<IndexedFaceSet solid="false" coordIndex='0 1 2 3 -1'>
					<Coordinate point='4.640514 4.306792 -6.390384 5.920909 3.242840 -6.692813 5.920909 3.242840 -6.692813 4.640514 4.306792 -6.390384'/>
				</IndexedFaceSet>
			</Shape>
			<Shape DEF='_IDX_1748'>
				<Appearance USE='Material_286_IDX_286'/>
				<IndexedFaceSet solid="false" coordIndex='0 1 2 3 -1'>
					<Coordinate point='4.410861 3.556906 -5.279776 5.434071 2.577749 -5.529644 5.920909 3.242840 -6.692813 4.640514 4.306792 -6.390384'/>
				</IndexedFaceSet>
			</Shape>
			<Shape DEF='_IDX_1749'>
				<Appearance USE='Material_287_IDX_287'/>
				<IndexedFaceSet solid="false" coordIndex='0 1 2 3 -1'>
					<Coordinate point='4.243923 3.020025 -4.263307 5.059994 2.101895 -4.465070 5.434071 2.577749 -5.529644 4.410861 3.556906 -5.279776'/>
				</IndexedFaceSet>
			</Shape>
			<Shape DEF='_IDX_1750'>
				<Appearance USE='Material_288_IDX_288'/>
				<IndexedFaceSet solid="false" coordIndex='0 1 2 3 -1'>
					<Coordinate point='4.135994 2.654714 -3.322853 4.785532 1.776815 -3.480109 5.059994 2.101895 -4.465070 4.243923 3.020025 -4.263307'/>
				</IndexedFaceSet>
			</Shape>
			<Shape DEF='_IDX_1751'>
				<Appearance USE='Material_289_IDX_289'/>
				<IndexedFaceSet solid="false" coordIndex='0 1 2 3 -1'>
					<Coordinate point='4.086787 2.426896 -2.441646 4.602153 1.570477 -2.557198 4.785532 1.776815 -3.480109 4.135994 2.654714 -3.322853'/>
				</IndexedFaceSet>
			</Shape>
			<Shape DEF='_IDX_1752'>
				<Appearance USE='Material_290_IDX_290'/>
				<IndexedFaceSet solid="false" coordIndex='0 1 2 3 -1'>
					<Coordinate point='4.099013 2.308708 -1.603974 4.505365 1.456103 -1.679883 4.602153 1.570477 -2.557198 4.086787 2.426896 -2.441646'/>
				</IndexedFaceSet>
			</Shape>
			<Shape DEF='_IDX_1753'>
				<Appearance USE='Material_291_IDX_291'/>
				<IndexedFaceSet solid="false" coordIndex='0 1 2 3 -1'>
					<Coordinate point='4.178042 2.277436 -0.794900 4.494255 1.411114 -0.832520 4.505365 1.456103 -1.679883 4.099013 2.308708 -1.603974'/>
				</IndexedFaceSet>
			</Shape>
			<Shape DEF='_IDX_1754'>
				<Appearance USE='Material_292_IDX_292'/>
				<IndexedFaceSet solid="false" coordIndex='0 1 2 3 -1'>
					<Coordinate point='4.331727 2.314499 -0.000001 4.571210 1.416150 -0.000001 4.494255 1.411114 -0.832520 4.178042 2.277436 -0.794900'/>
				</IndexedFaceSet>
			</Shape>
			<Shape DEF='_IDX_1755'>
				<Appearance USE='Material_293_IDX_293'/>
				<IndexedFaceSet solid="false" coordIndex='0 1 2 3 -1'>
					<Coordinate point='8.711140 7.611101 -11.670851 11.095570 5.429336 -11.937515 12.649035 6.935067 -13.548621 9.787146 9.434038 -13.245968'/>
				</IndexedFaceSet>
			</Shape>
			<Shape DEF='_IDX_1756'>
				<Appearance USE='Material_294_IDX_294'/>
				<IndexedFaceSet solid="false" coordIndex='0 1 2 3 -1'>
					<Coordinate point='7.810894 6.130995 -10.245440 9.792681 4.215303 -10.479535 11.095570 5.429336 -11.937515 8.711140 7.611101 -11.670851'/>
				</IndexedFaceSet>
			</Shape>
			<Shape DEF='_IDX_1757'>
				<Appearance USE='Material_295_IDX_295'/>
				<IndexedFaceSet solid="false" coordIndex='0 1 2 3 -1'>
					<Coordinate point='7.059841 4.939242 -8.951449 8.702369 3.245672 -9.155979 9.792681 4.215303 -10.479535 7.810894 6.130995 -10.245440'/>
				</IndexedFaceSet>
			</Shape>
			<Shape DEF='_IDX_1758'>
				<Appearance USE='Material_296_IDX_296'/>
				<IndexedFaceSet solid="false" coordIndex='0 1 2 3 -1'>
					<Coordinate point='6.435893 3.989625 -7.772283 7.792869 2.480312 -7.949870 8.702369 3.245672 -9.155979 7.059841 4.939242 -8.951449'/>
				</IndexedFaceSet>
			</Shape>
			<Shape DEF='_IDX_1759'>
				<Appearance USE='Material_297_IDX_297'/>
				<IndexedFaceSet solid="false" coordIndex='0 1 2 3 -1'>
					<Coordinate point='5.920909 3.242840 -6.692813 7.037803 1.885083 -6.845736 7.792869 2.480312 -7.949870 6.435893 3.989625 -7.772283'/>
				</IndexedFaceSet>
			</Shape>
			<Shape DEF='_IDX_1760'>
				<Appearance USE='Material_298_IDX_298'/>
				<IndexedFaceSet solid="false" coordIndex='0 1 2 3 -1'>
					<Coordinate point='5.920909 3.242840 -6.692813 7.037803 1.885083 -6.845736 7.037803 1.885083 -6.845736 5.920909 3.242840 -6.692813'/>
				</IndexedFaceSet>
			</Shape>
			<Shape DEF='_IDX_1761'>
				<Appearance USE='Material_299_IDX_299'/>
				<IndexedFaceSet solid="false" coordIndex='0 1 2 3 -1'>
					<Coordinate point='5.434071 2.577749 -5.529644 6.316784 1.362546 -5.655990 7.037803 1.885083 -6.845736 5.920909 3.242840 -6.692813'/>
				</IndexedFaceSet>
			</Shape>
			<Shape DEF='_IDX_1762'>
				<Appearance USE='Material_300_IDX_300'/>
				<IndexedFaceSet solid="false" coordIndex='0 1 2 3 -1'>
					<Coordinate point='5.059994 2.101895 -4.465070 5.751935 0.995747 -4.567091 6.316784 1.362546 -5.655990 5.434071 2.577749 -5.529644'/>
				</IndexedFaceSet>
			</Shape>
			<Shape DEF='_IDX_1763'>
				<Appearance USE='Material_301_IDX_301'/>
				<IndexedFaceSet solid="false" coordIndex='0 1 2 3 -1'>
					<Coordinate point='4.785532 1.776815 -3.480109 5.321520 0.750890 -3.559625 5.751935 0.995747 -4.567091 5.059994 2.101895 -4.465070'/>
				</IndexedFaceSet>
			</Shape>
			<Shape DEF='_IDX_1764'>
				<Appearance USE='Material_302_IDX_302'/>
				<IndexedFaceSet solid="false" coordIndex='0 1 2 3 -1'>
					<Coordinate point='4.602153 1.570477 -2.557198 5.009511 0.599444 -2.615627 5.321520 0.750890 -3.559625 4.785532 1.776815 -3.480109'/>
				</IndexedFaceSet>
			</Shape>
			<Shape DEF='_IDX_1765'>
				<Appearance USE='Material_303_IDX_303'/>
				<IndexedFaceSet solid="false" coordIndex='0 1 2 3 -1'>
					<Coordinate point='4.505365 1.456103 -1.679883 4.804787 0.517036 -1.718266 5.009511 0.599444 -2.615627 4.602153 1.570477 -2.557198'/>
				</IndexedFaceSet>
			</Shape>
			<Shape DEF='_IDX_1766'>
				<Appearance USE='Material_304_IDX_304'/>
				<IndexedFaceSet solid="false" coordIndex='0 1 2 3 -1'>
					<Coordinate point='4.494255 1.411114 -0.832520 4.700518 0.482451 -0.851542 4.804787 0.517036 -1.718266 4.505365 1.456103 -1.679883'/>
				</IndexedFaceSet>
			</Shape>
			<Shape DEF='_IDX_1767'>
				<Appearance USE='Material_305_IDX_305'/>
				<IndexedFaceSet solid="false" coordIndex='0 1 2 3 -1'>
					<Coordinate point='4.571210 1.416150 -0.000001 4.693733 0.476701 -0.000001 4.700518 0.482451 -0.851542 4.494255 1.411114 -0.832520'/>
				</IndexedFaceSet>
			</Shape>
			<Shape DEF='_IDX_1768'>
				<Appearance USE='Material_306_IDX_306'/>
				<IndexedFaceSet solid="false" coordIndex='0 1 2 3 -1'>
					<Coordinate point='11.095570 5.429336 -11.937515 13.045236 2.741504 -11.937515 14.997579 3.833111 -13.548621 12.649035 6.935067 -13.548621'/>
				</IndexedFaceSet>
			</Shape>
			<Shape DEF='_IDX_1769'>
				<Appearance USE='Material_307_IDX_307'/>
				<IndexedFaceSet solid="false" coordIndex='0 1 2 3 -1'>
					<Coordinate point='9.792681 4.215303 -10.479535 11.405669 1.875592 -10.479535 13.045236 2.741504 -11.937515 11.095570 5.429336 -11.937515'/>
				</IndexedFaceSet>
			</Shape>
			<Shape DEF='_IDX_1770'>
				<Appearance USE='Material_308_IDX_308'/>
				<IndexedFaceSet solid="false" coordIndex='0 1 2 3 -1'>
					<Coordinate point='8.702369 3.245672 -9.155979 10.031231 1.197704 -9.155979 11.405669 1.875592 -10.479535 9.792681 4.215303 -10.479535'/>
				</IndexedFaceSet>
			</Shape>
			<Shape DEF='_IDX_1771'>
				<Appearance USE='Material_309_IDX_309'/>
				<IndexedFaceSet solid="false" coordIndex='0 1 2 3 -1'>
					<Coordinate point='7.792869 2.480312 -7.949870 8.881971 0.675842 -7.949870 10.031231 1.197704 -9.155979 8.702369 3.245672 -9.155979'/>
				</IndexedFaceSet>
			</Shape>
			<Shape DEF='_IDX_1772'>
				<Appearance USE='Material_310_IDX_310'/>
				<IndexedFaceSet solid="false" coordIndex='0 1 2 3 -1'>
					<Coordinate point='7.037803 1.885083 -6.845736 7.924513 0.282729 -6.845736 8.881971 0.675842 -7.949870 7.792869 2.480312 -7.949870'/>
				</IndexedFaceSet>
			</Shape>
			<Shape DEF='_IDX_1773'>
				<Appearance USE='Material_311_IDX_311'/>
				<IndexedFaceSet solid="false" coordIndex='0 1 2 3 -1'>
					<Coordinate point='7.037803 1.885083 -6.845736 7.924513 0.282729 -6.845736 7.924513 0.282729 -6.845736 7.037803 1.885083 -6.845736'/>
				</IndexedFaceSet>
			</Shape>
			<Shape DEF='_IDX_1774'>
				<Appearance USE='Material_312_IDX_312'/>
				<IndexedFaceSet solid="false" coordIndex='0 1 2 3 -1'>
					<Coordinate point='6.316784 1.362546 -5.655990 7.004755 -0.046890 -5.655990 7.924513 0.282729 -6.845736 7.037803 1.885083 -6.845736'/>
				</IndexedFaceSet>
			</Shape>
			<Shape DEF='_IDX_1775'>
				<Appearance USE='Material_313_IDX_313'/>
				<IndexedFaceSet solid="false" coordIndex='0 1 2 3 -1'>
					<Coordinate point='5.751935 0.995747 -4.567091 6.276227 -0.262447 -4.567091 7.004755 -0.046890 -5.655990 6.316784 1.362546 -5.655990'/>
				</IndexedFaceSet>
			</Shape>
			<Shape DEF='_IDX_1776'>
				<Appearance USE='Material_314_IDX_314'/>
				<IndexedFaceSet solid="false" coordIndex='0 1 2 3 -1'>
					<Coordinate point='5.321520 0.750890 -3.559625 5.709822 -0.391479 -3.559625 6.276227 -0.262447 -4.567091 5.751935 0.995747 -4.567091'/>
				</IndexedFaceSet>
			</Shape>
			<Shape DEF='_IDX_1777'>
				<Appearance USE='Material_315_IDX_315'/>
				<IndexedFaceSet solid="false" coordIndex='0 1 2 3 -1'>
					<Coordinate point='5.009511 0.599444 -2.615627 5.283013 -0.457630 -2.615627 5.709822 -0.391479 -3.559625 5.321520 0.750890 -3.559625'/>
				</IndexedFaceSet>
			</Shape>
			<Shape DEF='_IDX_1778'>
				<Appearance USE='Material_316_IDX_316'/>
				<IndexedFaceSet solid="false" coordIndex='0 1 2 3 -1'>
					<Coordinate point='4.804787 0.517036 -1.718266 4.978837 -0.481622 -1.718266 5.283013 -0.457630 -2.615627 5.009511 0.599444 -2.615627'/>
				</IndexedFaceSet>
			</Shape>
			<Shape DEF='_IDX_1779'>
				<Appearance USE='Material_317_IDX_317'/>
				<IndexedFaceSet solid="false" coordIndex='0 1 2 3 -1'>
					<Coordinate point='4.700518 0.482451 -0.851542 4.785088 -0.482144 -0.851542 4.978837 -0.481622 -1.718266 4.804787 0.517036 -1.718266'/>
				</IndexedFaceSet>
			</Shape>
			<Shape DEF='_IDX_1780'>
				<Appearance USE='Material_318_IDX_318'/>
				<IndexedFaceSet solid="false" coordIndex='0 1 2 3 -1'>
					<Coordinate point='4.693733 0.476701 -0.000001 4.693733 -0.476701 -0.000001 4.785088 -0.482144 -0.851542 4.700518 0.482451 -0.851542'/>
				</IndexedFaceSet>
			</Shape>
			<Shape DEF='_IDX_1781'>
				<Appearance USE='Material_319_IDX_319'/>
				<IndexedFaceSet solid="false" coordIndex='0 1 2 3 -1'>
					<Coordinate point='13.045236 2.741504 -11.937515 14.452206 -0.337825 -11.670851 16.705059 0.262525 -13.245968 14.997579 3.833111 -13.548621'/>
				</IndexedFaceSet>
			</Shape>
			<Shape DEF='_IDX_1782'>
				<Appearance USE='Material_320_IDX_320'/>
				<IndexedFaceSet solid="false" coordIndex='0 1 2 3 -1'>
					<Coordinate point='11.405669 1.875592 -10.479535 12.558648 -0.790267 -10.245440 14.452206 -0.337825 -11.670851 13.045236 2.741504 -11.937515'/>
				</IndexedFaceSet>
			</Shape>
			<Shape DEF='_IDX_1783'>
				<Appearance USE='Material_321_IDX_321'/>
				<IndexedFaceSet solid="false" coordIndex='0 1 2 3 -1'>
					<Coordinate point='10.031231 1.197704 -9.155979 10.969415 -1.120897 -8.951449 12.558648 -0.790267 -10.245440 11.405669 1.875592 -10.479535'/>
				</IndexedFaceSet>
			</Shape>
			<Shape DEF='_IDX_1784'>
				<Appearance USE='Material_322_IDX_322'/>
				<IndexedFaceSet solid="false" coordIndex='0 1 2 3 -1'>
					<Coordinate point='8.881971 0.675842 -7.949870 9.638314 -1.351940 -7.772283 10.969415 -1.120897 -8.951449 10.031231 1.197704 -9.155979'/>
				</IndexedFaceSet>
			</Shape>
			<Shape DEF='_IDX_1785'>
				<Appearance USE='Material_297_IDX_297'/>
				<IndexedFaceSet solid="false" coordIndex='0 1 2 3 -1'>
					<Coordinate point='7.924513 0.282729 -6.845736 8.526610 -1.502424 -6.692813 9.638314 -1.351940 -7.772283 8.881971 0.675842 -7.949870'/>
				</IndexedFaceSet>
			</Shape>
			<Shape DEF='_IDX_1786'>
				<Appearance USE='Material_298_IDX_298'/>
				<IndexedFaceSet solid="false" coordIndex='0 1 2 3 -1'>
					<Coordinate point='7.924513 0.282729 -6.845736 8.526610 -1.502424 -6.692813 8.526610 -1.502424 -6.692813 7.924513 0.282729 -6.845736'/>
				</IndexedFaceSet>
			</Shape>
			<Shape DEF='_IDX_1787'>
				<Appearance USE='Material_299_IDX_299'/>
				<IndexedFaceSet solid="false" coordIndex='0 1 2 3 -1'>
					<Coordinate point='7.004755 -0.046890 -5.655990 7.454181 -1.598534 -5.529644 8.526610 -1.502424 -6.692813 7.924513 0.282729 -6.845736'/>
				</IndexedFaceSet>
			</Shape>
			<Shape DEF='_IDX_1788'>
				<Appearance USE='Material_300_IDX_300'/>
				<IndexedFaceSet solid="false" coordIndex='0 1 2 3 -1'>
					<Coordinate point='6.276227 -0.262447 -4.567091 6.598267 -1.628492 -4.465070 7.454181 -1.598534 -5.529644 7.004755 -0.046890 -5.655990'/>
				</IndexedFaceSet>
			</Shape>
			<Shape DEF='_IDX_1789'>
				<Appearance USE='Material_323_IDX_323'/>
				<IndexedFaceSet solid="false" coordIndex='0 1 2 3 -1'>
					<Coordinate point='5.709822 -0.391479 -3.559625 5.923951 -1.612205 -3.480109 6.598267 -1.628492 -4.465070 6.276227 -0.262447 -4.567091'/>
				</IndexedFaceSet>
			</Shape>
			<Shape DEF='_IDX_1790'>
				<Appearance USE='Material_302_IDX_302'/>
				<IndexedFaceSet solid="false" coordIndex='0 1 2 3 -1'>
					<Coordinate point='5.283013 -0.457630 -2.615627 5.403480 -1.567221 -2.557198 5.923951 -1.612205 -3.480109 5.709822 -0.391479 -3.559625'/>
				</IndexedFaceSet>
			</Shape>
			<Shape DEF='_IDX_1791'>
				<Appearance USE='Material_303_IDX_303'/>
				<IndexedFaceSet solid="false" coordIndex='0 1 2 3 -1'>
					<Coordinate point='4.978837 -0.481622 -1.718266 5.015049 -1.509503 -1.679883 5.403480 -1.567221 -2.557198 5.283013 -0.457630 -2.615627'/>
				</IndexedFaceSet>
			</Shape>
			<Shape DEF='_IDX_1792'>
				<Appearance USE='Material_324_IDX_324'/>
				<IndexedFaceSet solid="false" coordIndex='0 1 2 3 -1'>
					<Coordinate point='4.785088 -0.482144 -0.851542 4.741829 -1.454152 -0.832520 5.015049 -1.509503 -1.679883 4.978837 -0.481622 -1.718266'/>
				</IndexedFaceSet>
			</Shape>
			<Shape DEF='_IDX_1793'>
				<Appearance USE='Material_305_IDX_305'/>
				<IndexedFaceSet solid="false" coordIndex='0 1 2 3 -1'>
					<Coordinate point='4.693733 -0.476701 -0.000001 4.571210 -1.416151 -0.000001 4.741829 -1.454152 -0.832520 4.785088 -0.482144 -0.851542'/>
				</IndexedFaceSet>
			</Shape>
			<Shape DEF='_IDX_1794'>
				<Appearance USE='Material_280_IDX_280'/>
				<IndexedFaceSet solid="false" coordIndex='0 1 2 3 -1'>
					<Coordinate point='14.452206 -0.337825 -11.670851 15.235751 -3.673635 -11.143478 17.675772 -3.617880 -12.647421 16.705059 0.262525 -13.245968'/>
				</IndexedFaceSet>
			</Shape>
			<Shape DEF='_IDX_1795'>
				<Appearance USE='Material_281_IDX_281'/>
				<IndexedFaceSet solid="false" coordIndex='0 1 2 3 -1'>
					<Coordinate point='12.558648 -0.790267 -10.245440 13.183589 -3.667346 -9.782477 15.235751 -3.673635 -11.143478 14.452206 -0.337825 -11.670851'/>
				</IndexedFaceSet>
			</Shape>
			<Shape DEF='_IDX_1796'>
				<Appearance USE='Material_282_IDX_282'/>
				<IndexedFaceSet solid="false" coordIndex='0 1 2 3 -1'>
					<Coordinate point='10.969415 -1.120897 -8.951449 11.459713 -3.612163 -8.546960 13.183589 -3.667346 -9.782477 12.558648 -0.790267 -10.245440'/>
				</IndexedFaceSet>
			</Shape>
			<Shape DEF='_IDX_1797'>
				<Appearance USE='Material_325_IDX_325'/>
				<IndexedFaceSet solid="false" coordIndex='0 1 2 3 -1'>
					<Coordinate point='9.638314 -1.351940 -7.772283 10.013984 -3.519379 -7.421076 11.459713 -3.612163 -8.546960 10.969415 -1.120897 -8.951449'/>
				</IndexedFaceSet>
			</Shape>
			<Shape DEF='_IDX_1798'>
				<Appearance USE='Material_284_IDX_284'/>
				<IndexedFaceSet solid="false" coordIndex='0 1 2 3 -1'>
					<Coordinate point='8.526610 -1.502424 -6.692813 8.804239 -3.398790 -6.390384 10.013984 -3.519379 -7.421076 9.638314 -1.351940 -7.772283'/>
				</IndexedFaceSet>
			</Shape>
			<Shape DEF='_IDX_1799'>
				<Appearance USE='Material_285_IDX_285'/>
				<IndexedFaceSet solid="false" coordIndex='0 1 2 3 -1'>
					<Coordinate point='8.526610 -1.502424 -6.692813 8.804239 -3.398790 -6.390384 8.804239 -3.398790 -6.390384 8.526610 -1.502424 -6.692813'/>
				</IndexedFaceSet>
			</Shape>
			<Shape DEF='_IDX_1800'>
				<Appearance USE='Material_286_IDX_286'/>
				<IndexedFaceSet solid="false" coordIndex='0 1 2 3 -1'>
					<Coordinate point='7.454181 -1.598534 -5.529644 7.633469 -3.232583 -5.279776 8.804239 -3.398790 -6.390384 8.526610 -1.502424 -6.692813'/>
				</IndexedFaceSet>
			</Shape>
			<Shape DEF='_IDX_1801'>
				<Appearance USE='Material_287_IDX_287'/>
				<IndexedFaceSet solid="false" coordIndex='0 1 2 3 -1'>
					<Coordinate point='6.598267 -1.628492 -4.465070 6.693711 -3.052118 -4.263307 7.633469 -3.232583 -5.279776 7.454181 -1.598534 -5.529644'/>
				</IndexedFaceSet>
			</Shape>
			<Shape DEF='_IDX_1802'>
				<Appearance USE='Material_288_IDX_288'/>
				<IndexedFaceSet solid="false" coordIndex='0 1 2 3 -1'>
					<Coordinate point='5.923951 -1.612205 -3.480109 5.946088 -2.868628 -3.322853 6.693711 -3.052118 -4.263307 6.598267 -1.628492 -4.465070'/>
				</IndexedFaceSet>
			</Shape>
			<Shape DEF='_IDX_1803'>
				<Appearance USE='Material_289_IDX_289'/>
				<IndexedFaceSet solid="false" coordIndex='0 1 2 3 -1'>
					<Coordinate point='5.403480 -1.567221 -2.557198 5.359134 -2.692618 -2.441646 5.946088 -2.868628 -3.322853 5.923951 -1.612205 -3.480109'/>
				</IndexedFaceSet>
			</Shape>
			<Shape DEF='_IDX_1804'>
				<Appearance USE='Material_290_IDX_290'/>
				<IndexedFaceSet solid="false" coordIndex='0 1 2 3 -1'>
					<Coordinate point='5.015049 -1.509503 -1.679883 4.907425 -2.534376 -1.603974 5.359134 -2.692618 -2.441646 5.403480 -1.567221 -2.557198'/>
				</IndexedFaceSet>
			</Shape>
			<Shape DEF='_IDX_1805'>
				<Appearance USE='Material_291_IDX_291'/>
				<IndexedFaceSet solid="false" coordIndex='0 1 2 3 -1'>
					<Coordinate point='4.741829 -1.454152 -0.832520 4.570457 -2.404502 -0.794900 4.907425 -2.534376 -1.603974 5.015049 -1.509503 -1.679883'/>
				</IndexedFaceSet>
			</Shape>
			<Shape DEF='_IDX_1806'>
				<Appearance USE='Material_292_IDX_292'/>
				<IndexedFaceSet solid="false" coordIndex='0 1 2 3 -1'>
					<Coordinate point='4.571210 -1.416151 -0.000001 4.331727 -2.314499 -0.000001 4.570457 -2.404502 -0.794900 4.741829 -1.454152 -0.832520'/>
				</IndexedFaceSet>
			</Shape>
			<Shape DEF='_IDX_1807'>
				<Appearance USE='Material_326_IDX_326'/>
				<IndexedFaceSet solid="false" coordIndex='0 1 2 3 -1'>
					<Coordinate point='15.235751 -3.673635 -11.143478 15.346300 -7.116908 -10.367180 17.850784 -7.632483 -11.766352 17.675772 -3.617880 -12.647421'/>
				</IndexedFaceSet>
			</Shape>
			<Shape DEF='_IDX_1808'>
				<Appearance USE='Material_268_IDX_268'/>
				<IndexedFaceSet solid="false" coordIndex='0 1 2 3 -1'>
					<Coordinate point='13.183589 -3.667346 -9.782477 13.238897 -6.629086 -9.100992 15.346300 -7.116908 -10.367180 15.235751 -3.673635 -11.143478'/>
				</IndexedFaceSet>
			</Shape>
			<Shape DEF='_IDX_1809'>
				<Appearance USE='Material_269_IDX_269'/>
				<IndexedFaceSet solid="false" coordIndex='0 1 2 3 -1'>
					<Coordinate point='11.459713 -3.612163 -8.546960 11.467381 -6.168503 -7.951545 13.238897 -6.629086 -9.100992 13.183589 -3.667346 -9.782477'/>
				</IndexedFaceSet>
			</Shape>
			<Shape DEF='_IDX_1810'>
				<Appearance USE='Material_327_IDX_327'/>
				<IndexedFaceSet solid="false" coordIndex='0 1 2 3 -1'>
					<Coordinate point='10.013984 -3.519379 -7.421076 9.980172 -5.734910 -6.904094 11.467381 -6.168503 -7.951545 11.459713 -3.612163 -8.546960'/>
				</IndexedFaceSet>
			</Shape>
			<Shape DEF='_IDX_1811'>
				<Appearance USE='Material_271_IDX_271'/>
				<IndexedFaceSet solid="false" coordIndex='0 1 2 3 -1'>
					<Coordinate point='8.804239 -3.398790 -6.390384 8.733813 -5.328336 -5.945205 9.980172 -5.734910 -6.904094 10.013984 -3.519379 -7.421076'/>
				</IndexedFaceSet>
			</Shape>
			<Shape DEF='_IDX_1812'>
				<Appearance USE='Material_272_IDX_272'/>
				<IndexedFaceSet solid="false" coordIndex='0 1 2 3 -1'>
					<Coordinate point='8.804239 -3.398790 -6.390384 8.733813 -5.328336 -5.945205 8.733813 -5.328336 -5.945205 8.804239 -3.398790 -6.390384'/>
				</IndexedFaceSet>
			</Shape>
			<Shape DEF='_IDX_1813'>
				<Appearance USE='Material_273_IDX_273'/>
				<IndexedFaceSet solid="false" coordIndex='0 1 2 3 -1'>
					<Coordinate point='7.633469 -3.232583 -5.279776 7.524493 -4.884262 -4.911966 8.733813 -5.328336 -5.945205 8.804239 -3.398790 -6.390384'/>
				</IndexedFaceSet>
			</Shape>
			<Shape DEF='_IDX_1814'>
				<Appearance USE='Material_274_IDX_274'/>
				<IndexedFaceSet solid="false" coordIndex='0 1 2 3 -1'>
					<Coordinate point='6.693711 -3.052118 -4.263307 6.549374 -4.479374 -3.966308 7.524493 -4.884262 -4.911966 7.633469 -3.232583 -5.279776'/>
				</IndexedFaceSet>
			</Shape>
			<Shape DEF='_IDX_1815'>
				<Appearance USE='Material_328_IDX_328'/>
				<IndexedFaceSet solid="false" coordIndex='0 1 2 3 -1'>
					<Coordinate point='5.946088 -2.868628 -3.322853 5.767676 -4.115594 -3.091370 6.549374 -4.479374 -3.966308 6.693711 -3.052118 -4.263307'/>
				</IndexedFaceSet>
			</Shape>
			<Shape DEF='_IDX_1816'>
				<Appearance USE='Material_276_IDX_276'/>
				<IndexedFaceSet solid="false" coordIndex='0 1 2 3 -1'>
					<Coordinate point='5.359134 -2.692618 -2.441646 5.145932 -3.795753 -2.271551 5.767676 -4.115594 -3.091370 5.946088 -2.868628 -3.322853'/>
				</IndexedFaceSet>
			</Shape>
			<Shape DEF='_IDX_1817'>
				<Appearance USE='Material_277_IDX_277'/>
				<IndexedFaceSet solid="false" coordIndex='0 1 2 3 -1'>
					<Coordinate point='4.907425 -2.534376 -1.603974 4.656508 -3.523799 -1.492234 5.145932 -3.795753 -2.271551 5.359134 -2.692618 -2.441646'/>
				</IndexedFaceSet>
			</Shape>
			<Shape DEF='_IDX_1818'>
				<Appearance USE='Material_278_IDX_278'/>
				<IndexedFaceSet solid="false" coordIndex='0 1 2 3 -1'>
					<Coordinate point='4.570457 -2.404502 -0.794900 4.276364 -3.305099 -0.739525 4.656508 -3.523799 -1.492234 4.907425 -2.534376 -1.603974'/>
				</IndexedFaceSet>
			</Shape>
			<Shape DEF='_IDX_1819'>
				<Appearance USE='Material_279_IDX_279'/>
				<IndexedFaceSet solid="false" coordIndex='0 1 2 3 -1'>
					<Coordinate point='4.331727 -2.314499 -0.000001 3.985995 -3.146845 -0.000001 4.276364 -3.305099 -0.739525 4.570457 -2.404502 -0.794900'/>
				</IndexedFaceSet>
			</Shape>
			<Shape DEF='_IDX_1820'>
				<Appearance USE='Material_254_IDX_254'/>
				<IndexedFaceSet solid="false" coordIndex='0 1 2 3 -1'>
					<Coordinate point='15.346300 -7.116908 -10.367180 14.767841 -10.511807 -9.359296 17.210840 -11.597383 -10.622441 17.850784 -7.632483 -11.766352'/>
				</IndexedFaceSet>
			</Shape>
			<Shape DEF='_IDX_1821'>
				<Appearance USE='Material_255_IDX_255'/>
				<IndexedFaceSet solid="false" coordIndex='0 1 2 3 -1'>
					<Coordinate point='13.238897 -6.629086 -9.100992 12.711380 -9.543353 -8.216205 14.767841 -10.511807 -9.359296 15.346300 -7.116908 -10.367180'/>
				</IndexedFaceSet>
			</Shape>
			<Shape DEF='_IDX_1822'>
				<Appearance USE='Material_329_IDX_329'/>
				<IndexedFaceSet solid="false" coordIndex='0 1 2 3 -1'>
					<Coordinate point='11.467381 -6.168503 -7.951545 10.981709 -8.677817 -7.178505 12.711380 -9.543353 -8.216205 13.238897 -6.629086 -9.100992'/>
				</IndexedFaceSet>
			</Shape>
			<Shape DEF='_IDX_1823'>
				<Appearance USE='Material_330_IDX_330'/>
				<IndexedFaceSet solid="false" coordIndex='0 1 2 3 -1'>
					<Coordinate point='9.980172 -5.734910 -6.904094 9.528419 -7.903371 -6.232887 10.981709 -8.677817 -7.178505 11.467381 -6.168503 -7.951545'/>
				</IndexedFaceSet>
			</Shape>
			<Shape DEF='_IDX_1824'>
				<Appearance USE='Material_258_IDX_258'/>
				<IndexedFaceSet solid="false" coordIndex='0 1 2 3 -1'>
					<Coordinate point='8.733813 -5.328336 -5.945205 8.308960 -7.210237 -5.367219 9.528419 -7.903371 -6.232887 9.980172 -5.734910 -6.904094'/>
				</IndexedFaceSet>
			</Shape>
			<Shape DEF='_IDX_1825'>
				<Appearance USE='Material_259_IDX_259'/>
				<IndexedFaceSet solid="false" coordIndex='0 1 2 3 -1'>
					<Coordinate point='8.733813 -5.328336 -5.945205 8.308960 -7.210237 -5.367219 8.308960 -7.210237 -5.367219 8.733813 -5.328336 -5.945205'/>
				</IndexedFaceSet>
			</Shape>
			<Shape DEF='_IDX_1826'>
				<Appearance USE='Material_331_IDX_331'/>
				<IndexedFaceSet solid="false" coordIndex='0 1 2 3 -1'>
					<Coordinate point='7.524493 -4.884262 -4.911966 7.123244 -6.486859 -4.434431 8.308960 -7.210237 -5.367219 8.733813 -5.328336 -5.945205'/>
				</IndexedFaceSet>
			</Shape>
			<Shape DEF='_IDX_1827'>
				<Appearance USE='Material_332_IDX_332'/>
				<IndexedFaceSet solid="false" coordIndex='0 1 2 3 -1'>
					<Coordinate point='6.549374 -4.479374 -3.966308 6.163613 -5.855167 -3.580708 7.123244 -6.486859 -4.434431 7.524493 -4.884262 -4.911966'/>
				</IndexedFaceSet>
			</Shape>
			<Shape DEF='_IDX_1828'>
				<Appearance USE='Material_262_IDX_262'/>
				<IndexedFaceSet solid="false" coordIndex='0 1 2 3 -1'>
					<Coordinate point='5.767676 -4.115594 -3.091370 5.389566 -5.307591 -2.790831 6.163613 -5.855167 -3.580708 6.549374 -4.479374 -3.966308'/>
				</IndexedFaceSet>
			</Shape>
			<Shape DEF='_IDX_1829'>
				<Appearance USE='Material_263_IDX_263'/>
				<IndexedFaceSet solid="false" coordIndex='0 1 2 3 -1'>
					<Coordinate point='5.145932 -3.795753 -2.271551 4.767474 -4.839022 -2.050714 5.389566 -5.307591 -2.790831 5.767676 -4.115594 -3.091370'/>
				</IndexedFaceSet>
			</Shape>
			<Shape DEF='_IDX_1830'>
				<Appearance USE='Material_264_IDX_264'/>
				<IndexedFaceSet solid="false" coordIndex='0 1 2 3 -1'>
					<Coordinate point='4.656508 -3.523799 -1.492234 4.269053 -4.446705 -1.347161 4.767474 -4.839022 -2.050714 5.145932 -3.795753 -2.271551'/>
				</IndexedFaceSet>
			</Shape>
			<Shape DEF='_IDX_1831'>
				<Appearance USE='Material_265_IDX_265'/>
				<IndexedFaceSet solid="false" coordIndex='0 1 2 3 -1'>
					<Coordinate point='4.276364 -3.305099 -0.739525 3.870043 -4.130265 -0.667629 4.269053 -4.446705 -1.347161 4.656508 -3.523799 -1.492234'/>
				</IndexedFaceSet>
			</Shape>
			<Shape DEF='_IDX_1832'>
				<Appearance USE='Material_266_IDX_266'/>
				<IndexedFaceSet solid="false" coordIndex='0 1 2 3 -1'>
					<Coordinate point='3.985995 -3.146845 -0.000001 3.549030 -3.891902 -0.000000 3.870043 -4.130265 -0.667629 4.276364 -3.305099 -0.739525'/>
				</IndexedFaceSet>
			</Shape>
			<Shape DEF='_IDX_1833'>
				<Appearance USE='Material_333_IDX_333'/>
				<IndexedFaceSet solid="false" coordIndex='0 1 2 3 -1'>
					<Coordinate point='14.767841 -10.511807 -9.359296 13.518663 -13.703238 -8.142341 15.777298 -15.329383 -9.241243 17.210840 -11.597383 -10.622441'/>
				</IndexedFaceSet>
			</Shape>
			<Shape DEF='_IDX_1834'>
				<Appearance USE='Material_334_IDX_334'/>
				<IndexedFaceSet solid="false" coordIndex='0 1 2 3 -1'>
					<Coordinate point='12.711380 -9.543353 -8.216205 11.616808 -12.278806 -7.147881 13.518663 -13.703238 -8.142341 14.767841 -10.511807 -9.359296'/>
				</IndexedFaceSet>
			</Shape>
			<Shape DEF='_IDX_1835'>
				<Appearance USE='Material_335_IDX_335'/>
				<IndexedFaceSet solid="false" coordIndex='0 1 2 3 -1'>
					<Coordinate point='10.981709 -8.677817 -7.178505 10.016444 -11.028855 -6.245110 11.616808 -12.278806 -7.147881 12.711380 -9.543353 -8.216205'/>
				</IndexedFaceSet>
			</Shape>
			<Shape DEF='_IDX_1836'>
				<Appearance USE='Material_336_IDX_336'/>
				<IndexedFaceSet solid="false" coordIndex='0 1 2 3 -1'>
					<Coordinate point='9.528419 -7.903371 -6.232887 8.670884 -9.930527 -5.422447 10.016444 -11.028855 -6.245110 10.981709 -8.677817 -7.178505'/>
				</IndexedFaceSet>
			</Shape>
			<Shape DEF='_IDX_1837'>
				<Appearance USE='Material_245_IDX_245'/>
				<IndexedFaceSet solid="false" coordIndex='0 1 2 3 -1'>
					<Coordinate point='8.308960 -7.210237 -5.367219 7.540668 -8.964690 -4.669339 8.670884 -9.930527 -5.422447 9.528419 -7.903371 -6.232887'/>
				</IndexedFaceSet>
			</Shape>
			<Shape DEF='_IDX_1838'>
				<Appearance USE='Material_246_IDX_246'/>
				<IndexedFaceSet solid="false" coordIndex='0 1 2 3 -1'>
					<Coordinate point='8.308960 -7.210237 -5.367219 7.540668 -8.964690 -4.669339 7.540668 -8.964690 -4.669339 8.308960 -7.210237 -5.367219'/>
				</IndexedFaceSet>
			</Shape>
			<Shape DEF='_IDX_1839'>
				<Appearance USE='Material_247_IDX_247'/>
				<IndexedFaceSet solid="false" coordIndex='0 1 2 3 -1'>
					<Coordinate point='7.123244 -6.486859 -4.434431 6.439825 -7.974838 -3.857838 7.540668 -8.964690 -4.669339 8.308960 -7.210237 -5.367219'/>
				</IndexedFaceSet>
			</Shape>
			<Shape DEF='_IDX_1840'>
				<Appearance USE='Material_337_IDX_337'/>
				<IndexedFaceSet solid="false" coordIndex='0 1 2 3 -1'>
					<Coordinate point='6.163613 -5.855167 -3.580708 5.546176 -7.125802 -3.115122 6.439825 -7.974838 -3.857838 7.123244 -6.486859 -4.434431'/>
				</IndexedFaceSet>
			</Shape>
			<Shape DEF='_IDX_1841'>
				<Appearance USE='Material_249_IDX_249'/>
				<IndexedFaceSet solid="false" coordIndex='0 1 2 3 -1'>
					<Coordinate point='5.389566 -5.307591 -2.790831 4.821702 -6.400821 -2.427949 5.546176 -7.125802 -3.115122 6.163613 -5.855167 -3.580708'/>
				</IndexedFaceSet>
			</Shape>
			<Shape DEF='_IDX_1842'>
				<Appearance USE='Material_338_IDX_338'/>
				<IndexedFaceSet solid="false" coordIndex='0 1 2 3 -1'>
					<Coordinate point='4.767474 -4.839022 -2.050714 4.234500 -5.786995 -1.784067 4.821702 -6.400821 -2.427949 5.389566 -5.307591 -2.790831'/>
				</IndexedFaceSet>
			</Shape>
			<Shape DEF='_IDX_1843'>
				<Appearance USE='Material_251_IDX_251'/>
				<IndexedFaceSet solid="false" coordIndex='0 1 2 3 -1'>
					<Coordinate point='4.269053 -4.446705 -1.347161 3.757300 -5.274833 -1.171995 4.234500 -5.786995 -1.784067 4.767474 -4.839022 -2.050714'/>
				</IndexedFaceSet>
			</Shape>
			<Shape DEF='_IDX_1844'>
				<Appearance USE='Material_252_IDX_252'/>
				<IndexedFaceSet solid="false" coordIndex='0 1 2 3 -1'>
					<Coordinate point='3.870043 -4.130265 -0.667629 3.366098 -4.857977 -0.580820 3.757300 -5.274833 -1.171995 4.269053 -4.446705 -1.347161'/>
				</IndexedFaceSet>
			</Shape>
			<Shape DEF='_IDX_1845'>
				<Appearance USE='Material_339_IDX_339'/>
				<IndexedFaceSet solid="false" coordIndex='0 1 2 3 -1'>
					<Coordinate point='3.549030 -3.891902 -0.000000 3.038882 -4.533147 -0.000000 3.366098 -4.857977 -0.580820 3.870043 -4.130265 -0.667629'/>
				</IndexedFaceSet>
			</Shape>
			<Shape DEF='_IDX_1846'>
				<Appearance USE='Material_340_IDX_340'/>
				<IndexedFaceSet solid="false" coordIndex='0 1 2 3 -1'>
					<Coordinate point='13.518663 -13.703238 -8.142341 11.650403 -16.544405 -6.743498 13.611032 -18.654953 -7.653612 15.777298 -15.329383 -9.241243'/>
				</IndexedFaceSet>
			</Shape>
			<Shape DEF='_IDX_1847'>
				<Appearance USE='Material_229_IDX_229'/>
				<IndexedFaceSet solid="false" coordIndex='0 1 2 3 -1'>
					<Coordinate point='11.616808 -12.278806 -7.147881 9.999073 -14.711250 -5.919886 11.650403 -16.544405 -6.743498 13.518663 -13.703238 -8.142341'/>
				</IndexedFaceSet>
			</Shape>
			<Shape DEF='_IDX_1848'>
				<Appearance USE='Material_230_IDX_230'/>
				<IndexedFaceSet solid="false" coordIndex='0 1 2 3 -1'>
					<Coordinate point='10.016444 -11.028855 -6.245110 8.609016 -13.116555 -5.172210 9.999073 -14.711250 -5.919886 11.616808 -12.278806 -7.147881'/>
				</IndexedFaceSet>
			</Shape>
			<Shape DEF='_IDX_1849'>
				<Appearance USE='Material_231_IDX_231'/>
				<IndexedFaceSet solid="false" coordIndex='0 1 2 3 -1'>
					<Coordinate point='8.670884 -9.930527 -5.422447 7.439643 -11.727543 -4.490879 8.609016 -13.116555 -5.172210 10.016444 -11.028855 -6.245110'/>
				</IndexedFaceSet>
			</Shape>
			<Shape DEF='_IDX_1850'>
				<Appearance USE='Material_232_IDX_232'/>
				<IndexedFaceSet solid="false" coordIndex='0 1 2 3 -1'>
					<Coordinate point='7.540668 -8.964690 -4.669339 6.456610 -10.516660 -3.867154 7.439643 -11.727543 -4.490879 8.670884 -9.930527 -5.422447'/>
				</IndexedFaceSet>
			</Shape>
			<Shape DEF='_IDX_1851'>
				<Appearance USE='Material_341_IDX_341'/>
				<IndexedFaceSet solid="false" coordIndex='0 1 2 3 -1'>
					<Coordinate point='7.540668 -8.964690 -4.669339 6.456610 -10.516660 -3.867154 6.456610 -10.516660 -3.867154 7.540668 -8.964690 -4.669339'/>
				</IndexedFaceSet>
			</Shape>
			<Shape DEF='_IDX_1852'>
				<Appearance USE='Material_234_IDX_234'/>
				<IndexedFaceSet solid="false" coordIndex='0 1 2 3 -1'>
					<Coordinate point='6.439825 -7.974838 -3.857838 5.497788 -9.286859 -3.195067 6.456610 -10.516660 -3.867154 7.540668 -8.964690 -4.669339'/>
				</IndexedFaceSet>
			</Shape>
			<Shape DEF='_IDX_1853'>
				<Appearance USE='Material_235_IDX_235'/>
				<IndexedFaceSet solid="false" coordIndex='0 1 2 3 -1'>
					<Coordinate point='5.546176 -7.125802 -3.115122 4.717519 -8.241399 -2.579948 5.497788 -9.286859 -3.195067 6.439825 -7.974838 -3.857838'/>
				</IndexedFaceSet>
			</Shape>
			<Shape DEF='_IDX_1854'>
				<Appearance USE='Material_236_IDX_236'/>
				<IndexedFaceSet solid="false" coordIndex='0 1 2 3 -1'>
					<Coordinate point='4.821702 -6.400821 -2.427949 4.082367 -7.355122 -2.010831 4.717519 -8.241399 -2.579948 5.546176 -7.125802 -3.115122'/>
				</IndexedFaceSet>
			</Shape>
			<Shape DEF='_IDX_1855'>
				<Appearance USE='Material_237_IDX_237'/>
				<IndexedFaceSet solid="false" coordIndex='0 1 2 3 -1'>
					<Coordinate point='4.234500 -5.786995 -1.784067 3.564020 -6.607906 -1.477567 4.082367 -7.355122 -2.010831 4.821702 -6.400821 -2.427949'/>
				</IndexedFaceSet>
			</Shape>
			<Shape DEF='_IDX_1856'>
				<Appearance USE='Material_238_IDX_238'/>
				<IndexedFaceSet solid="false" coordIndex='0 1 2 3 -1'>
					<Coordinate point='3.757300 -5.274833 -1.171995 3.137911 -5.983871 -0.970648 3.564020 -6.607906 -1.477567 4.234500 -5.786995 -1.784067'/>
				</IndexedFaceSet>
			</Shape>
			<Shape DEF='_IDX_1857'>
				<Appearance USE='Material_239_IDX_239'/>
				<IndexedFaceSet solid="false" coordIndex='0 1 2 3 -1'>
					<Coordinate point='3.366098 -4.857977 -0.580820 2.781896 -5.470770 -0.481036 3.137911 -5.983871 -0.970648 3.757300 -5.274833 -1.171995'/>
				</IndexedFaceSet>
			</Shape>
			<Shape DEF='_IDX_1858'>
				<Appearance USE='Material_240_IDX_240'/>
				<IndexedFaceSet solid="false" coordIndex='0 1 2 3 -1'>
					<Coordinate point='3.038882 -4.533147 -0.000000 2.474922 -5.059610 -0.000000 2.781896 -5.470770 -0.481036 3.366098 -4.857977 -0.580820'/>
				</IndexedFaceSet>
			</Shape>
			<Shape DEF='_IDX_1859'>
				<Appearance USE='Material_215_IDX_215'/>
				<IndexedFaceSet solid="false" coordIndex='0 1 2 3 -1'>
					<Coordinate point='11.650403 -16.544405 -6.743498 9.245439 -18.903963 -5.194018 10.809391 -21.418751 -5.895011 13.611032 -18.654953 -7.653612'/>
				</IndexedFaceSet>
			</Shape>
			<Shape DEF='_IDX_1860'>
				<Appearance USE='Material_342_IDX_342'/>
				<IndexedFaceSet solid="false" coordIndex='0 1 2 3 -1'>
					<Coordinate point='9.999073 -14.711250 -5.919886 7.927963 -16.729652 -4.559650 9.245439 -18.903963 -5.194018 11.650403 -16.544405 -6.743498'/>
				</IndexedFaceSet>
			</Shape>
			<Shape DEF='_IDX_1861'>
				<Appearance USE='Material_343_IDX_343'/>
				<IndexedFaceSet solid="false" coordIndex='0 1 2 3 -1'>
					<Coordinate point='8.609016 -13.116555 -5.172210 6.818629 -14.847093 -3.983770 7.927963 -16.729652 -4.559650 9.999073 -14.711250 -5.919886'/>
				</IndexedFaceSet>
			</Shape>
			<Shape DEF='_IDX_1862'>
				<Appearance USE='Material_344_IDX_344'/>
				<IndexedFaceSet solid="false" coordIndex='0 1 2 3 -1'>
					<Coordinate point='7.439643 -11.727543 -4.490879 5.885021 -13.215207 -3.458992 6.818629 -14.847093 -3.983770 8.609016 -13.116555 -5.172210'/>
				</IndexedFaceSet>
			</Shape>
			<Shape DEF='_IDX_1863'>
				<Appearance USE='Material_345_IDX_345'/>
				<IndexedFaceSet solid="false" coordIndex='0 1 2 3 -1'>
					<Coordinate point='6.456610 -10.516660 -3.867154 5.099685 -11.799384 -2.978582 5.885021 -13.215207 -3.458992 7.439643 -11.727543 -4.490879'/>
				</IndexedFaceSet>
			</Shape>
			<Shape DEF='_IDX_1864'>
				<Appearance USE='Material_220_IDX_220'/>
				<IndexedFaceSet solid="false" coordIndex='0 1 2 3 -1'>
					<Coordinate point='6.456610 -10.516660 -3.867154 5.099685 -11.799384 -2.978582 5.099685 -11.799384 -2.978582 6.456610 -10.516660 -3.867154'/>
				</IndexedFaceSet>
			</Shape>
			<Shape DEF='_IDX_1865'>
				<Appearance USE='Material_221_IDX_221'/>
				<IndexedFaceSet solid="false" coordIndex='0 1 2 3 -1'>
					<Coordinate point='5.497788 -9.286859 -3.195067 4.332864 -10.368573 -2.460924 5.099685 -11.799384 -2.978582 6.456610 -10.516660 -3.867154'/>
				</IndexedFaceSet>
			</Shape>
			<Shape DEF='_IDX_1866'>
				<Appearance USE='Material_222_IDX_222'/>
				<IndexedFaceSet solid="false" coordIndex='0 1 2 3 -1'>
					<Coordinate point='4.717519 -8.241399 -2.579948 3.707650 -9.158080 -1.987143 4.332864 -10.368573 -2.460924 5.497788 -9.286859 -3.195067'/>
				</IndexedFaceSet>
			</Shape>
			<Shape DEF='_IDX_1867'>
				<Appearance USE='Material_223_IDX_223'/>
				<IndexedFaceSet solid="false" coordIndex='0 1 2 3 -1'>
					<Coordinate point='4.082367 -7.355122 -2.010831 3.197086 -8.135611 -1.548794 3.707650 -9.158080 -1.987143 4.717519 -8.241399 -2.579948'/>
				</IndexedFaceSet>
			</Shape>
			<Shape DEF='_IDX_1868'>
				<Appearance USE='Material_224_IDX_224'/>
				<IndexedFaceSet solid="false" coordIndex='0 1 2 3 -1'>
					<Coordinate point='3.564020 -6.607906 -1.477567 2.778167 -7.274827 -1.138060 3.197086 -8.135611 -1.548794 4.082367 -7.355122 -2.010831'/>
				</IndexedFaceSet>
			</Shape>
			<Shape DEF='_IDX_1869'>
				<Appearance USE='Material_225_IDX_225'/>
				<IndexedFaceSet solid="false" coordIndex='0 1 2 3 -1'>
					<Coordinate point='3.137911 -5.983871 -0.970648 2.430671 -6.554216 -0.747618 2.778167 -7.274827 -1.138060 3.564020 -6.607906 -1.477567'/>
				</IndexedFaceSet>
			</Shape>
			<Shape DEF='_IDX_1870'>
				<Appearance USE='Material_226_IDX_226'/>
				<IndexedFaceSet solid="false" coordIndex='0 1 2 3 -1'>
					<Coordinate point='2.781896 -5.470770 -0.481036 2.135973 -5.956143 -0.370506 2.430671 -6.554216 -0.747618 3.137911 -5.983871 -0.970648'/>
				</IndexedFaceSet>
			</Shape>
			<Shape DEF='_IDX_1871'>
				<Appearance USE='Material_227_IDX_227'/>
				<IndexedFaceSet solid="false" coordIndex='0 1 2 3 -1'>
					<Coordinate point='2.474922 -5.059610 -0.000000 1.875765 -5.466074 -0.000000 2.135973 -5.956143 -0.370506 2.781896 -5.470770 -0.481036'/>
				</IndexedFaceSet>
			</Shape>
			<Shape DEF='_IDX_1872'>
				<Appearance USE='Material_346_IDX_346'/>
				<IndexedFaceSet solid="false" coordIndex='0 1 2 3 -1'>
					<Coordinate point='9.245439 -18.903963 -5.194018 6.412782 -20.672447 -3.528512 7.501328 -23.491241 -4.004725 10.809391 -21.418751 -5.895011'/>
				</IndexedFaceSet>
			</Shape>
			<Shape DEF='_IDX_1873'>
				<Appearance USE='Material_347_IDX_347'/>
				<IndexedFaceSet solid="false" coordIndex='0 1 2 3 -1'>
					<Coordinate point='7.927963 -16.729652 -4.559650 5.495668 -18.241526 -3.097559 6.412782 -20.672447 -3.528512 9.245439 -18.903963 -5.194018'/>
				</IndexedFaceSet>
			</Shape>
			<Shape DEF='_IDX_1874'>
				<Appearance USE='Material_204_IDX_204'/>
				<IndexedFaceSet solid="false" coordIndex='0 1 2 3 -1'>
					<Coordinate point='6.818629 -14.847093 -3.983770 4.723294 -16.142380 -2.706340 5.495668 -18.241526 -3.097559 7.927963 -16.729652 -4.559650'/>
				</IndexedFaceSet>
			</Shape>
			<Shape DEF='_IDX_1875'>
				<Appearance USE='Material_205_IDX_205'/>
				<IndexedFaceSet solid="false" coordIndex='0 1 2 3 -1'>
					<Coordinate point='5.885021 -13.215207 -3.458992 4.073075 -14.327674 -2.349836 4.723294 -16.142380 -2.706340 6.818629 -14.847093 -3.983770'/>
				</IndexedFaceSet>
			</Shape>
			<Shape DEF='_IDX_1876'>
				<Appearance USE='Material_206_IDX_206'/>
				<IndexedFaceSet solid="false" coordIndex='0 1 2 3 -1'>
					<Coordinate point='5.099685 -11.799384 -2.978582 3.525874 -12.757475 -2.023474 4.073075 -14.327674 -2.349836 5.885021 -13.215207 -3.458992'/>
				</IndexedFaceSet>
			</Shape>
			<Shape DEF='_IDX_1877'>
				<Appearance USE='Material_207_IDX_207'/>
				<IndexedFaceSet solid="false" coordIndex='0 1 2 3 -1'>
					<Coordinate point='5.099685 -11.799384 -2.978582 3.525874 -12.757475 -2.023474 3.525874 -12.757475 -2.023474 5.099685 -11.799384 -2.978582'/>
				</IndexedFaceSet>
			</Shape>
			<Shape DEF='_IDX_1878'>
				<Appearance USE='Material_208_IDX_208'/>
				<IndexedFaceSet solid="false" coordIndex='0 1 2 3 -1'>
					<Coordinate point='4.332864 -10.368573 -2.460924 2.991161 -11.175056 -1.671807 3.525874 -12.757475 -2.023474 5.099685 -11.799384 -2.978582'/>
				</IndexedFaceSet>
			</Shape>
			<Shape DEF='_IDX_1879'>
				<Appearance USE='Material_209_IDX_209'/>
				<IndexedFaceSet solid="false" coordIndex='0 1 2 3 -1'>
					<Coordinate point='3.707650 -9.158080 -1.987143 2.554593 -9.839808 -1.349949 2.991161 -11.175056 -1.671807 4.332864 -10.368573 -2.460924'/>
				</IndexedFaceSet>
			</Shape>
			<Shape DEF='_IDX_1880'>
				<Appearance USE='Material_210_IDX_210'/>
				<IndexedFaceSet solid="false" coordIndex='0 1 2 3 -1'>
					<Coordinate point='3.197086 -8.135611 -1.548794 2.197258 -8.713986 -1.052160 2.554593 -9.839808 -1.349949 3.707650 -9.158080 -1.987143'/>
				</IndexedFaceSet>
			</Shape>
			<Shape DEF='_IDX_1881'>
				<Appearance USE='Material_348_IDX_348'/>
				<IndexedFaceSet solid="false" coordIndex='0 1 2 3 -1'>
					<Coordinate point='2.778167 -7.274827 -1.138060 1.902918 -7.766453 -0.773132 2.197258 -8.713986 -1.052160 3.197086 -8.135611 -1.548794'/>
				</IndexedFaceSet>
			</Shape>
			<Shape DEF='_IDX_1882'>
				<Appearance USE='Material_349_IDX_349'/>
				<IndexedFaceSet solid="false" coordIndex='0 1 2 3 -1'>
					<Coordinate point='2.430671 -6.554216 -0.747618 1.657145 -6.971251 -0.507888 1.902918 -7.766453 -0.773132 2.778167 -7.274827 -1.138060'/>
				</IndexedFaceSet>
			</Shape>
			<Shape DEF='_IDX_1883'>
				<Appearance USE='Material_213_IDX_213'/>
				<IndexedFaceSet solid="false" coordIndex='0 1 2 3 -1'>
					<Coordinate point='2.135973 -5.956143 -0.370506 1.446421 -6.306336 -0.251700 1.657145 -6.971251 -0.507888 2.430671 -6.554216 -0.747618'/>
				</IndexedFaceSet>
			</Shape>
			<Shape DEF='_IDX_1884'>
				<Appearance USE='Material_214_IDX_214'/>
				<IndexedFaceSet solid="false" coordIndex='0 1 2 3 -1'>
					<Coordinate point='1.875765 -5.466074 -0.000000 1.257076 -5.752384 -0.000000 1.446421 -6.306336 -0.251700 2.135973 -5.956143 -0.370506'/>
				</IndexedFaceSet>
			</Shape>
			<Shape DEF='_IDX_1885'>
				<Appearance USE='Material_350_IDX_350'/>
				<IndexedFaceSet solid="false" coordIndex='0 1 2 3 -1'>
					<Coordinate point='6.412782 -20.672447 -3.528512 3.282650 -21.767603 -1.784184 3.840981 -24.775066 -2.024981 7.501328 -23.491241 -4.004725'/>
				</IndexedFaceSet>
			</Shape>
			<Shape DEF='_IDX_1886'>
				<Appearance USE='Material_351_IDX_351'/>
				<IndexedFaceSet solid="false" coordIndex='0 1 2 3 -1'>
					<Coordinate point='5.495668 -18.241526 -3.097559 2.812212 -19.177408 -1.566274 3.282650 -21.767603 -1.784184 6.412782 -20.672447 -3.528512'/>
				</IndexedFaceSet>
			</Shape>
			<Shape DEF='_IDX_1887'>
				<Appearance USE='Material_191_IDX_191'/>
				<IndexedFaceSet solid="false" coordIndex='0 1 2 3 -1'>
					<Coordinate point='4.723294 -16.142380 -2.706340 2.415972 -16.943806 -1.368455 2.812212 -19.177408 -1.566274 5.495668 -18.241526 -3.097559'/>
				</IndexedFaceSet>
			</Shape>
			<Shape DEF='_IDX_1888'>
				<Appearance USE='Material_352_IDX_352'/>
				<IndexedFaceSet solid="false" coordIndex='0 1 2 3 -1'>
					<Coordinate point='4.073075 -14.327674 -2.349836 2.082341 -15.015573 -1.188190 2.415972 -16.943806 -1.368455 4.723294 -16.142380 -2.706340'/>
				</IndexedFaceSet>
			</Shape>
			<Shape DEF='_IDX_1889'>
				<Appearance USE='Material_193_IDX_193'/>
				<IndexedFaceSet solid="false" coordIndex='0 1 2 3 -1'>
					<Coordinate point='3.525874 -12.757475 -2.023474 1.801493 -13.349461 -1.023165 2.082341 -15.015573 -1.188190 4.073075 -14.327674 -2.349836'/>
				</IndexedFaceSet>
			</Shape>
			<Shape DEF='_IDX_1890'>
				<Appearance USE='Material_353_IDX_353'/>
				<IndexedFaceSet solid="false" coordIndex='0 1 2 3 -1'>
					<Coordinate point='3.525874 -12.757475 -2.023474 1.801493 -13.349461 -1.023165 1.801493 -13.349461 -1.023165 3.525874 -12.757475 -2.023474'/>
				</IndexedFaceSet>
			</Shape>
			<Shape DEF='_IDX_1891'>
				<Appearance USE='Material_195_IDX_195'/>
				<IndexedFaceSet solid="false" coordIndex='0 1 2 3 -1'>
					<Coordinate point='2.991161 -11.175056 -1.671807 1.526925 -11.672770 -0.845346 1.801493 -13.349461 -1.023165 3.525874 -12.757475 -2.023474'/>
				</IndexedFaceSet>
			</Shape>
			<Shape DEF='_IDX_1892'>
				<Appearance USE='Material_196_IDX_196'/>
				<IndexedFaceSet solid="false" coordIndex='0 1 2 3 -1'>
					<Coordinate point='2.554593 -9.839808 -1.349949 1.302569 -10.259825 -0.682599 1.526925 -11.672770 -0.845346 2.991161 -11.175056 -1.671807'/>
				</IndexedFaceSet>
			</Shape>
			<Shape DEF='_IDX_1893'>
				<Appearance USE='Material_197_IDX_197'/>
				<IndexedFaceSet solid="false" coordIndex='0 1 2 3 -1'>
					<Coordinate point='2.197258 -8.713986 -1.052160 1.118673 -9.069468 -0.532022 1.302569 -10.259825 -0.682599 2.554593 -9.839808 -1.349949'/>
				</IndexedFaceSet>
			</Shape>
			<Shape DEF='_IDX_1894'>
				<Appearance USE='Material_198_IDX_198'/>
				<IndexedFaceSet solid="false" coordIndex='0 1 2 3 -1'>
					<Coordinate point='1.902918 -7.766453 -0.773132 0.966835 -8.067514 -0.390932 1.118673 -9.069468 -0.532022 2.197258 -8.713986 -1.052160'/>
				</IndexedFaceSet>
			</Shape>
			<Shape DEF='_IDX_1895'>
				<Appearance USE='Material_354_IDX_354'/>
				<IndexedFaceSet solid="false" coordIndex='0 1 2 3 -1'>
					<Coordinate point='1.657145 -6.971251 -0.507888 0.839539 -7.225150 -0.256812 0.966835 -8.067514 -0.390932 1.902918 -7.766453 -0.773132'/>
				</IndexedFaceSet>
			</Shape>
			<Shape DEF='_IDX_1896'>
				<Appearance USE='Material_200_IDX_200'/>
				<IndexedFaceSet solid="false" coordIndex='0 1 2 3 -1'>
					<Coordinate point='1.446421 -6.306336 -0.251700 0.729656 -6.517410 -0.127272 0.839539 -7.225150 -0.256812 1.657145 -6.971251 -0.507888'/>
				</IndexedFaceSet>
			</Shape>
			<Shape DEF='_IDX_1897'>
				<Appearance USE='Material_201_IDX_201'/>
				<IndexedFaceSet solid="false" coordIndex='0 1 2 3 -1'>
					<Coordinate point='1.257076 -5.752384 -0.000000 0.629839 -5.921650 -0.000000 0.729656 -6.517410 -0.127272 1.446421 -6.306336 -0.251700'/>
				</IndexedFaceSet>
			</Shape>
			<Shape DEF='_IDX_1898'>
				<Appearance USE='Material_355_IDX_355'/>
				<IndexedFaceSet solid="false" coordIndex='0 1 2 3 -1'>
					<Coordinate point='3.282650 -21.767603 -1.784184 0.000002 -22.138418 -0.000001 0.000003 -25.209831 -0.000001 3.840981 -24.775066 -2.024981'/>
				</IndexedFaceSet>
			</Shape>
			<Shape DEF='_IDX_1899'>
				<Appearance USE='Material_356_IDX_356'/>
				<IndexedFaceSet solid="false" coordIndex='0 1 2 3 -1'>
					<Coordinate point='2.812212 -19.177408 -1.566274 0.000002 -19.494234 -0.000001 0.000002 -22.138418 -0.000001 3.282650 -21.767603 -1.784184'/>
				</IndexedFaceSet>
			</Shape>
			<Shape DEF='_IDX_1900'>
				<Appearance USE='Material_357_IDX_357'/>
				<IndexedFaceSet solid="false" coordIndex='0 1 2 3 -1'>
					<Coordinate point='2.415972 -16.943806 -1.368455 0.000002 -17.215050 -0.000001 0.000002 -19.494234 -0.000001 2.812212 -19.177408 -1.566274'/>
				</IndexedFaceSet>
			</Shape>
			<Shape DEF='_IDX_1901'>
				<Appearance USE='Material_358_IDX_358'/>
				<IndexedFaceSet solid="false" coordIndex='0 1 2 3 -1'>
					<Coordinate point='2.082341 -15.015573 -1.188190 0.000001 -15.248323 -0.000001 0.000002 -17.215050 -0.000001 2.415972 -16.943806 -1.368455'/>
				</IndexedFaceSet>
			</Shape>
			<Shape DEF='_IDX_1902'>
				<Appearance USE='Material_359_IDX_359'/>
				<IndexedFaceSet solid="false" coordIndex='0 1 2 3 -1'>
					<Coordinate point='1.801493 -13.349461 -1.023165 0.000001 -13.549685 -0.000001 0.000001 -15.248323 -0.000001 2.082341 -15.015573 -1.188190'/>
				</IndexedFaceSet>
			</Shape>
			<Shape DEF='_IDX_1903'>
				<Appearance USE='Material_360_IDX_360'/>
				<IndexedFaceSet solid="false" coordIndex='0 1 2 3 -1'>
					<Coordinate point='1.801493 -13.349461 -1.023165 0.000001 -13.549685 -0.000001 0.000001 -13.549685 -0.000001 1.801493 -13.349461 -1.023165'/>
				</IndexedFaceSet>
			</Shape>
			<Shape DEF='_IDX_1904'>
				<Appearance USE='Material_361_IDX_361'/>
				<IndexedFaceSet solid="false" coordIndex='0 1 2 3 -1'>
					<Coordinate point='1.526925 -11.672770 -0.845346 0.000001 -11.841008 -0.000001 0.000001 -13.549685 -0.000001 1.801493 -13.349461 -1.023165'/>
				</IndexedFaceSet>
			</Shape>
			<Shape DEF='_IDX_1905'>
				<Appearance USE='Material_362_IDX_362'/>
				<IndexedFaceSet solid="false" coordIndex='0 1 2 3 -1'>
					<Coordinate point='1.302569 -10.259825 -0.682599 0.000001 -10.401681 -0.000000 0.000001 -11.841008 -0.000001 1.526925 -11.672770 -0.845346'/>
				</IndexedFaceSet>
			</Shape>
			<Shape DEF='_IDX_1906'>
				<Appearance USE='Material_184_IDX_184'/>
				<IndexedFaceSet solid="false" coordIndex='0 1 2 3 -1'>
					<Coordinate point='1.118673 -9.069468 -0.532022 0.000001 -9.189380 -0.000000 0.000001 -10.401681 -0.000000 1.302569 -10.259825 -0.682599'/>
				</IndexedFaceSet>
			</Shape>
			<Shape DEF='_IDX_1907'>
				<Appearance USE='Material_185_IDX_185'/>
				<IndexedFaceSet solid="false" coordIndex='0 1 2 3 -1'>
					<Coordinate point='0.966835 -8.067514 -0.390932 0.000001 -8.168880 -0.000000 0.000001 -9.189380 -0.000000 1.118673 -9.069468 -0.532022'/>
				</IndexedFaceSet>
			</Shape>
			<Shape DEF='_IDX_1908'>
				<Appearance USE='Material_186_IDX_186'/>
				<IndexedFaceSet solid="false" coordIndex='0 1 2 3 -1'>
					<Coordinate point='0.839539 -7.225150 -0.256812 0.000001 -7.310373 -0.000000 0.000001 -8.168880 -0.000000 0.966835 -8.067514 -0.390932'/>
				</IndexedFaceSet>
			</Shape>
			<Shape DEF='_IDX_1909'>
				<Appearance USE='Material_187_IDX_187'/>
				<IndexedFaceSet solid="false" coordIndex='0 1 2 3 -1'>
					<Coordinate point='0.729656 -6.517410 -0.127272 0.000000 -6.587874 -0.000000 0.000001 -7.310373 -0.000000 0.839539 -7.225150 -0.256812'/>
				</IndexedFaceSet>
			</Shape>
			<Shape DEF='_IDX_1910'>
				<Appearance USE='Material_188_IDX_188'/>
				<IndexedFaceSet solid="false" coordIndex='0 1 2 3 -1'>
					<Coordinate point='0.629839 -5.921650 -0.000000 0.000000 -5.977540 -0.000000 0.000000 -6.587874 -0.000000 0.729656 -6.517410 -0.127272'/>
				</IndexedFaceSet>
			</Shape>
			<Shape DEF='_IDX_1911'>
				<Appearance USE='Material_1_IDX_1'/>
				<IndexedFaceSet solid="false" coordIndex='0 1 2 3 -1'>
					<Coordinate point='-9.472039 -0.000002 0.000001 -9.173079 -2.673965 1.784184 -11.740790 -3.124040 2.024981 -12.114709 -0.000002 0.000001'/>
				</IndexedFaceSet>
			</Shape>
			<Shape DEF='_IDX_1912'>
				<Appearance USE='Material_2_IDX_2'/>
				<IndexedFaceSet solid="false" coordIndex='0 1 2 3 -1'>
					<Coordinate point='-7.170965 -0.000002 0.000001 -6.949204 -2.341528 1.566274 -9.173079 -2.673965 1.784184 -9.472039 -0.000002 0.000001'/>
				</IndexedFaceSet>
			</Shape>
			<Shape DEF='_IDX_1913'>
				<Appearance USE='Material_3_IDX_3'/>
				<IndexedFaceSet solid="false" coordIndex='0 1 2 3 -1'>
					<Coordinate point='-5.116354 -0.000001 0.000001 -4.997092 -2.142523 1.368455 -6.949204 -2.341528 1.566274 -7.170965 -0.000002 0.000001'/>
				</IndexedFaceSet>
			</Shape>
			<Shape DEF='_IDX_1914'>
				<Appearance USE='Material_4_IDX_4'/>
				<IndexedFaceSet solid="false" coordIndex='0 1 2 3 -1'>
					<Coordinate point='-3.158188 -0.000002 0.000001 -3.261897 -2.137143 1.188190 -4.997092 -2.142523 1.368455 -5.116354 -0.000001 0.000001'/>
				</IndexedFaceSet>
			</Shape>
			<Shape DEF='_IDX_1915'>
				<Appearance USE='Material_5_IDX_5'/>
				<IndexedFaceSet solid="false" coordIndex='0 1 2 3 -1'>
					<Coordinate point='-0.001829 -0.001829 0.000001 -1.796680 -2.453188 1.023165 -3.261897 -2.137143 1.188190 -3.158188 -0.000002 0.000001'/>
				</IndexedFaceSet>
			</Shape>
			<Shape DEF='_IDX_1916'>
				<Appearance USE='Material_6_IDX_6'/>
				<IndexedFaceSet solid="false" coordIndex='0 1 2 3 -1'>
					<Coordinate point='-0.001829 -0.001829 0.000001 -1.796680 -2.453188 1.023165 -1.796680 -2.453188 1.023165 -0.001829 -0.001829 0.000001'/>
				</IndexedFaceSet>
			</Shape>
			<Shape DEF='_IDX_1917'>
				<Appearance USE='Material_7_IDX_7'/>
				<IndexedFaceSet solid="false" coordIndex='0 1 2 3 -1'>
					<Coordinate point='-0.000001 -2.721608 0.000001 -0.717430 -3.127908 0.845346 -1.796680 -2.453188 1.023165 -0.001829 -0.001829 0.000001'/>
				</IndexedFaceSet>
			</Shape>
			<Shape DEF='_IDX_1918'>
				<Appearance USE='Material_8_IDX_8'/>
				<IndexedFaceSet solid="false" coordIndex='0 1 2 3 -1'>
					<Coordinate point='-0.000000 -3.564818 0.000000 -0.187118 -3.713712 0.682599 -0.717430 -3.127908 0.845346 -0.000001 -2.721608 0.000001'/>
				</IndexedFaceSet>
			</Shape>
			<Shape DEF='_IDX_1919'>
				<Appearance USE='Material_9_IDX_9'/>
				<IndexedFaceSet solid="false" coordIndex='0 1 2 3 -1'>
					<Coordinate point='0.000000 -4.116542 0.000000 0.105601 -4.171835 0.532022 -0.187118 -3.713712 0.682599 -0.000000 -3.564818 0.000000'/>
				</IndexedFaceSet>
			</Shape>
			<Shape DEF='_IDX_1920'>
				<Appearance USE='Material_10_IDX_10'/>
				<IndexedFaceSet solid="false" coordIndex='0 1 2 3 -1'>
					<Coordinate point='0.000000 -4.565847 0.000000 0.291265 -4.574254 0.390932 0.105601 -4.171835 0.532022 0.000000 -4.116542 0.000000'/>
				</IndexedFaceSet>
			</Shape>
			<Shape DEF='_IDX_1921'>
				<Appearance USE='Material_11_IDX_11'/>
				<IndexedFaceSet solid="false" coordIndex='0 1 2 3 -1'>
					<Coordinate point='0.000000 -4.996156 0.000000 0.424178 -4.976172 0.256812 0.291265 -4.574254 0.390932 0.000000 -4.565847 0.000000'/>
				</IndexedFaceSet>
			</Shape>
			<Shape DEF='_IDX_1922'>
				<Appearance USE='Material_12_IDX_12'/>
				<IndexedFaceSet solid="false" coordIndex='0 1 2 3 -1'>
					<Coordinate point='0.000000 -5.455700 0.000000 0.531658 -5.415804 0.127272 0.424178 -4.976172 0.256812 0.000000 -4.996156 0.000000'/>
				</IndexedFaceSet>
			</Shape>
			<Shape DEF='_IDX_1923'>
				<Appearance USE='Material_13_IDX_13'/>
				<IndexedFaceSet solid="false" coordIndex='0 1 2 3 -1'>
					<Coordinate point='0.000000 -5.977540 0.000000 0.629839 -5.921649 0.000000 0.531658 -5.415804 0.127272 0.000000 -5.455700 0.000000'/>
				</IndexedFaceSet>
			</Shape>
			<Shape DEF='_IDX_1924'>
				<Appearance USE='Material_14_IDX_14'/>
				<IndexedFaceSet solid="false" coordIndex='0 1 2 3 -1'>
					<Coordinate point='-9.173079 -2.673965 1.784184 -8.276211 -5.148722 3.528512 -10.631310 -6.041429 4.004725 -11.740790 -3.124040 2.024981'/>
				</IndexedFaceSet>
			</Shape>
			<Shape DEF='_IDX_1925'>
				<Appearance USE='Material_15_IDX_15'/>
				<IndexedFaceSet solid="false" coordIndex='0 1 2 3 -1'>
					<Coordinate point='-6.949204 -2.341528 1.566274 -6.255954 -4.464893 3.097559 -8.276211 -5.148722 3.528512 -9.173079 -2.673965 1.784184'/>
				</IndexedFaceSet>
			</Shape>
			<Shape DEF='_IDX_1926'>
				<Appearance USE='Material_16_IDX_16'/>
				<IndexedFaceSet solid="false" coordIndex='0 1 2 3 -1'>
					<Coordinate point='-4.997092 -2.142523 1.368455 -4.521852 -3.985698 2.706340 -6.255954 -4.464893 3.097559 -6.949204 -2.341528 1.566274'/>
				</IndexedFaceSet>
			</Shape>
			<Shape DEF='_IDX_1927'>
				<Appearance USE='Material_17_IDX_17'/>
				<IndexedFaceSet solid="false" coordIndex='0 1 2 3 -1'>
					<Coordinate point='-3.261897 -2.137143 1.188190 -3.049722 -3.717878 2.349836 -4.521852 -3.985698 2.706340 -4.997092 -2.142523 1.368455'/>
				</IndexedFaceSet>
			</Shape>
			<Shape DEF='_IDX_1928'>
				<Appearance USE='Material_18_IDX_18'/>
				<IndexedFaceSet solid="false" coordIndex='0 1 2 3 -1'>
					<Coordinate point='-1.796680 -2.453188 1.023165 -1.849463 -3.659742 2.023474 -3.049722 -3.717878 2.349836 -3.261897 -2.137143 1.188190'/>
				</IndexedFaceSet>
			</Shape>
			<Shape DEF='_IDX_1929'>
				<Appearance USE='Material_19_IDX_19'/>
				<IndexedFaceSet solid="false" coordIndex='0 1 2 3 -1'>
					<Coordinate point='-1.796680 -2.453188 1.023165 -1.849463 -3.659742 2.023474 -1.849463 -3.659742 2.023474 -1.796680 -2.453188 1.023165'/>
				</IndexedFaceSet>
			</Shape>
			<Shape DEF='_IDX_1930'>
				<Appearance USE='Material_20_IDX_20'/>
				<IndexedFaceSet solid="false" coordIndex='0 1 2 3 -1'>
					<Coordinate point='-0.717430 -3.127908 0.845346 -0.808650 -3.793780 1.671807 -1.849463 -3.659742 2.023474 -1.796680 -2.453188 1.023165'/>
				</IndexedFaceSet>
			</Shape>
			<Shape DEF='_IDX_1931'>
				<Appearance USE='Material_21_IDX_21'/>
				<IndexedFaceSet solid="false" coordIndex='0 1 2 3 -1'>
					<Coordinate point='-0.187118 -3.713712 0.682599 -0.120280 -4.027037 1.349949 -0.808650 -3.793780 1.671807 -0.717430 -3.127908 0.845346'/>
				</IndexedFaceSet>
			</Shape>
			<Shape DEF='_IDX_1932'>
				<Appearance USE='Material_22_IDX_22'/>
				<IndexedFaceSet solid="false" coordIndex='0 1 2 3 -1'>
					<Coordinate point='0.105601 -4.171835 0.532022 0.331441 -4.291133 1.052160 -0.120280 -4.027037 1.349949 -0.187118 -3.713712 0.682599'/>
				</IndexedFaceSet>
			</Shape>
			<Shape DEF='_IDX_1933'>
				<Appearance USE='Material_23_IDX_23'/>
				<IndexedFaceSet solid="false" coordIndex='0 1 2 3 -1'>
					<Coordinate point='0.291265 -4.574254 0.390932 0.643494 -4.579322 0.773132 0.331441 -4.291133 1.052160 0.105601 -4.171835 0.532022'/>
				</IndexedFaceSet>
			</Shape>
			<Shape DEF='_IDX_1934'>
				<Appearance USE='Material_24_IDX_24'/>
				<IndexedFaceSet solid="false" coordIndex='0 1 2 3 -1'>
					<Coordinate point='0.424178 -4.976172 0.256812 0.877997 -4.906600 0.507888 0.643494 -4.579322 0.773132 0.291265 -4.574254 0.390932'/>
				</IndexedFaceSet>
			</Shape>
			<Shape DEF='_IDX_1935'>
				<Appearance USE='Material_25_IDX_25'/>
				<IndexedFaceSet solid="false" coordIndex='0 1 2 3 -1'>
					<Coordinate point='0.531658 -5.415804 0.127272 1.073887 -5.291609 0.251700 0.877997 -4.906600 0.507888 0.424178 -4.976172 0.256812'/>
				</IndexedFaceSet>
			</Shape>
			<Shape DEF='_IDX_1936'>
				<Appearance USE='Material_26_IDX_26'/>
				<IndexedFaceSet solid="false" coordIndex='0 1 2 3 -1'>
					<Coordinate point='0.629839 -5.921649 0.000000 1.257076 -5.752384 0.000000 1.073887 -5.291609 0.251700 0.531658 -5.415804 0.127272'/>
				</IndexedFaceSet>
			</Shape>
			<Shape DEF='_IDX_1937'>
				<Appearance USE='Material_27_IDX_27'/>
				<IndexedFaceSet solid="false" coordIndex='0 1 2 3 -1'>
					<Coordinate point='-8.276211 -5.148722 3.528512 -6.800459 -7.263868 5.194018 -8.829163 -8.568593 5.895011 -10.631310 -6.041429 4.004725'/>
				</IndexedFaceSet>
			</Shape>
			<Shape DEF='_IDX_1938'>
				<Appearance USE='Material_28_IDX_28'/>
				<IndexedFaceSet solid="false" coordIndex='0 1 2 3 -1'>
					<Coordinate point='-6.255954 -4.464893 3.097559 -5.072058 -6.236422 4.559650 -6.800459 -7.263868 5.194018 -8.276211 -5.148722 3.528512'/>
				</IndexedFaceSet>
			</Shape>
			<Shape DEF='_IDX_1939'>
				<Appearance USE='Material_29_IDX_29'/>
				<IndexedFaceSet solid="false" coordIndex='0 1 2 3 -1'>
					<Coordinate point='-4.521852 -3.985698 2.706340 -3.604828 -5.459405 3.983770 -5.072058 -6.236422 4.559650 -6.255954 -4.464893 3.097559'/>
				</IndexedFaceSet>
			</Shape>
			<Shape DEF='_IDX_1940'>
				<Appearance USE='Material_30_IDX_30'/>
				<IndexedFaceSet solid="false" coordIndex='0 1 2 3 -1'>
					<Coordinate point='-3.049722 -3.717878 2.349836 -2.373533 -4.909956 3.458992 -3.604828 -5.459405 3.983770 -4.521852 -3.985698 2.706340'/>
				</IndexedFaceSet>
			</Shape>
			<Shape DEF='_IDX_1941'>
				<Appearance USE='Material_31_IDX_31'/>
				<IndexedFaceSet solid="false" coordIndex='0 1 2 3 -1'>
					<Coordinate point='-1.849463 -3.659742 2.023474 -1.364019 -4.561434 2.978582 -2.373533 -4.909956 3.458992 -3.049722 -3.717878 2.349836'/>
				</IndexedFaceSet>
			</Shape>
			<Shape DEF='_IDX_1942'>
				<Appearance USE='Material_32_IDX_32'/>
				<IndexedFaceSet solid="false" coordIndex='0 1 2 3 -1'>
					<Coordinate point='-1.849463 -3.659742 2.023474 -1.364019 -4.561434 2.978582 -1.364019 -4.561434 2.978582 -1.849463 -3.659742 2.023474'/>
				</IndexedFaceSet>
			</Shape>
			<Shape DEF='_IDX_1943'>
				<Appearance USE='Material_33_IDX_33'/>
				<IndexedFaceSet solid="false" coordIndex='0 1 2 3 -1'>
					<Coordinate point='-0.808650 -3.793780 1.671807 -0.440371 -4.358478 2.460924 -1.364019 -4.561434 2.978582 -1.849463 -3.659742 2.023474'/>
				</IndexedFaceSet>
			</Shape>
			<Shape DEF='_IDX_1944'>
				<Appearance USE='Material_34_IDX_34'/>
				<IndexedFaceSet solid="false" coordIndex='0 1 2 3 -1'>
					<Coordinate point='-0.120280 -4.027037 1.349949 0.235211 -4.316402 1.987143 -0.440371 -4.358478 2.460924 -0.808650 -3.793780 1.671807'/>
				</IndexedFaceSet>
			</Shape>
			<Shape DEF='_IDX_1945'>
				<Appearance USE='Material_35_IDX_35'/>
				<IndexedFaceSet solid="false" coordIndex='0 1 2 3 -1'>
					<Coordinate point='0.331441 -4.291133 1.052160 0.724005 -4.383971 1.548794 0.235211 -4.316402 1.987143 -0.120280 -4.027037 1.349949'/>
				</IndexedFaceSet>
			</Shape>
			<Shape DEF='_IDX_1946'>
				<Appearance USE='Material_36_IDX_36'/>
				<IndexedFaceSet solid="false" coordIndex='0 1 2 3 -1'>
					<Coordinate point='0.643494 -4.579322 0.773132 1.087940 -4.535630 1.138060 0.724005 -4.383971 1.548794 0.331441 -4.291133 1.052160'/>
				</IndexedFaceSet>
			</Shape>
			<Shape DEF='_IDX_1947'>
				<Appearance USE='Material_37_IDX_37'/>
				<IndexedFaceSet solid="false" coordIndex='0 1 2 3 -1'>
					<Coordinate point='0.877997 -4.906600 0.507888 1.377457 -4.764188 0.747618 1.087940 -4.535630 1.138060 0.643494 -4.579322 0.773132'/>
				</IndexedFaceSet>
			</Shape>
			<Shape DEF='_IDX_1948'>
				<Appearance USE='Material_38_IDX_38'/>
				<IndexedFaceSet solid="false" coordIndex='0 1 2 3 -1'>
					<Coordinate point='1.073887 -5.291609 0.251700 1.630513 -5.071999 0.370506 1.377457 -4.764188 0.747618 0.877997 -4.906600 0.507888'/>
				</IndexedFaceSet>
			</Shape>
			<Shape DEF='_IDX_1949'>
				<Appearance USE='Material_39_IDX_39'/>
				<IndexedFaceSet solid="false" coordIndex='0 1 2 3 -1'>
					<Coordinate point='1.257076 -5.752384 0.000000 1.875765 -5.466074 0.000000 1.630513 -5.071999 0.370506 1.073887 -5.291609 0.251700'/>
				</IndexedFaceSet>
			</Shape>
			<Shape DEF='_IDX_1950'>
				<Appearance USE='Material_40_IDX_40'/>
				<IndexedFaceSet solid="false" coordIndex='0 1 2 3 -1'>
					<Coordinate point='-6.800459 -7.263868 5.194018 -4.805490 -8.898298 6.743498 -6.415915 -10.554007 7.653612 -8.829163 -8.568593 5.895011'/>
				</IndexedFaceSet>
			</Shape>
			<Shape DEF='_IDX_1951'>
				<Appearance USE='Material_41_IDX_41'/>
				<IndexedFaceSet solid="false" coordIndex='0 1 2 3 -1'>
					<Coordinate point='-5.072058 -6.236422 4.559650 -3.437770 -7.572488 5.919886 -4.805490 -8.898298 6.743498 -6.800459 -7.263868 5.194018'/>
				</IndexedFaceSet>
			</Shape>
			<Shape DEF='_IDX_1952'>
				<Appearance USE='Material_42_IDX_42'/>
				<IndexedFaceSet solid="false" coordIndex='0 1 2 3 -1'>
					<Coordinate point='-3.604828 -5.459405 3.983770 -2.280870 -6.534163 5.172210 -3.437770 -7.572488 5.919886 -5.072058 -6.236422 4.559650'/>
				</IndexedFaceSet>
			</Shape>
			<Shape DEF='_IDX_1953'>
				<Appearance USE='Material_43_IDX_43'/>
				<IndexedFaceSet solid="false" coordIndex='0 1 2 3 -1'>
					<Coordinate point='-2.373533 -4.909956 3.458992 -1.310774 -5.746087 4.490879 -2.280870 -6.534163 5.172210 -3.604828 -5.459405 3.983770'/>
				</IndexedFaceSet>
			</Shape>
			<Shape DEF='_IDX_1954'>
				<Appearance USE='Material_44_IDX_44'/>
				<IndexedFaceSet solid="false" coordIndex='0 1 2 3 -1'>
					<Coordinate point='-1.364019 -4.561434 2.978582 -0.508650 -5.172984 3.867154 -1.310774 -5.746087 4.490879 -2.373533 -4.909956 3.458992'/>
				</IndexedFaceSet>
			</Shape>
			<Shape DEF='_IDX_1955'>
				<Appearance USE='Material_45_IDX_45'/>
				<IndexedFaceSet solid="false" coordIndex='0 1 2 3 -1'>
					<Coordinate point='-1.364019 -4.561434 2.978582 -0.508650 -5.172984 3.867154 -0.508650 -5.172984 3.867154 -1.364019 -4.561434 2.978582'/>
				</IndexedFaceSet>
			</Shape>
			<Shape DEF='_IDX_1956'>
				<Appearance USE='Material_46_IDX_46'/>
				<IndexedFaceSet solid="false" coordIndex='0 1 2 3 -1'>
					<Coordinate point='-0.440371 -4.358478 2.460924 0.245467 -4.725911 3.195067 -0.508650 -5.172984 3.867154 -1.364019 -4.561434 2.978582'/>
				</IndexedFaceSet>
			</Shape>
			<Shape DEF='_IDX_1957'>
				<Appearance USE='Material_47_IDX_47'/>
				<IndexedFaceSet solid="false" coordIndex='0 1 2 3 -1'>
					<Coordinate point='0.235211 -4.316402 1.987143 0.825034 -4.474789 2.579948 0.245467 -4.725911 3.195067 -0.440371 -4.358478 2.460924'/>
				</IndexedFaceSet>
			</Shape>
			<Shape DEF='_IDX_1958'>
				<Appearance USE='Material_48_IDX_48'/>
				<IndexedFaceSet solid="false" coordIndex='0 1 2 3 -1'>
					<Coordinate point='0.724005 -4.383971 1.548794 1.270300 -4.375370 2.010831 0.825034 -4.474789 2.579948 0.235211 -4.316402 1.987143'/>
				</IndexedFaceSet>
			</Shape>
			<Shape DEF='_IDX_1959'>
				<Appearance USE='Material_49_IDX_49'/>
				<IndexedFaceSet solid="false" coordIndex='0 1 2 3 -1'>
					<Coordinate point='1.087940 -4.535630 1.138060 1.622855 -4.397334 1.477567 1.270300 -4.375370 2.010831 0.724005 -4.383971 1.548794'/>
				</IndexedFaceSet>
			</Shape>
			<Shape DEF='_IDX_1960'>
				<Appearance USE='Material_50_IDX_50'/>
				<IndexedFaceSet solid="false" coordIndex='0 1 2 3 -1'>
					<Coordinate point='1.377457 -4.764188 0.747618 1.920562 -4.523130 0.970648 1.622855 -4.397334 1.477567 1.087940 -4.535630 1.138060'/>
				</IndexedFaceSet>
			</Shape>
			<Shape DEF='_IDX_1961'>
				<Appearance USE='Material_51_IDX_51'/>
				<IndexedFaceSet solid="false" coordIndex='0 1 2 3 -1'>
					<Coordinate point='1.630513 -5.071999 0.370506 2.195589 -4.744537 0.481036 1.920562 -4.523130 0.970648 1.377457 -4.764188 0.747618'/>
				</IndexedFaceSet>
			</Shape>
			<Shape DEF='_IDX_1962'>
				<Appearance USE='Material_52_IDX_52'/>
				<IndexedFaceSet solid="false" coordIndex='0 1 2 3 -1'>
					<Coordinate point='1.875765 -5.466074 0.000000 2.474922 -5.059610 0.000000 2.195589 -4.744537 0.481036 1.630513 -5.071999 0.370506'/>
				</IndexedFaceSet>
			</Shape>
			<Shape DEF='_IDX_1963'>
				<Appearance USE='Material_53_IDX_53'/>
				<IndexedFaceSet solid="false" coordIndex='0 1 2 3 -1'>
					<Coordinate point='-4.805490 -8.898298 6.743498 -2.390326 -9.959919 8.142341 -3.511013 -11.878979 9.241243 -6.415915 -10.554007 7.653612'/>
				</IndexedFaceSet>
			</Shape>
			<Shape DEF='_IDX_1964'>
				<Appearance USE='Material_54_IDX_54'/>
				<IndexedFaceSet solid="false" coordIndex='0 1 2 3 -1'>
					<Coordinate point='-3.437770 -7.572488 5.919886 -1.438524 -8.408536 7.147881 -2.390326 -9.959919 8.142341 -4.805490 -8.898298 6.743498'/>
				</IndexedFaceSet>
			</Shape>
			<Shape DEF='_IDX_1965'>
				<Appearance USE='Material_55_IDX_55'/>
				<IndexedFaceSet solid="false" coordIndex='0 1 2 3 -1'>
					<Coordinate point='-2.280870 -6.534163 5.172210 -0.632863 -7.172507 6.245110 -1.438524 -8.408536 7.147881 -3.437770 -7.572488 5.919886'/>
				</IndexedFaceSet>
			</Shape>
			<Shape DEF='_IDX_1966'>
				<Appearance USE='Material_56_IDX_56'/>
				<IndexedFaceSet solid="false" coordIndex='0 1 2 3 -1'>
					<Coordinate point='-1.310774 -5.746087 4.490879 0.044946 -6.206581 5.422447 -0.632863 -7.172507 6.245110 -2.280870 -6.534163 5.172210'/>
				</IndexedFaceSet>
			</Shape>
			<Shape DEF='_IDX_1967'>
				<Appearance USE='Material_57_IDX_57'/>
				<IndexedFaceSet solid="false" coordIndex='0 1 2 3 -1'>
					<Coordinate point='-0.508650 -5.172984 3.867154 0.610395 -5.470632 4.669339 0.044946 -6.206581 5.422447 -1.310774 -5.746087 4.490879'/>
				</IndexedFaceSet>
			</Shape>
			<Shape DEF='_IDX_1968'>
				<Appearance USE='Material_58_IDX_58'/>
				<IndexedFaceSet solid="false" coordIndex='0 1 2 3 -1'>
					<Coordinate point='-0.508650 -5.172984 3.867154 0.610395 -5.470632 4.669339 0.610395 -5.470632 4.669339 -0.508650 -5.172984 3.867154'/>
				</IndexedFaceSet>
			</Shape>
			<Shape DEF='_IDX_1969'>
				<Appearance USE='Material_59_IDX_59'/>
				<IndexedFaceSet solid="false" coordIndex='0 1 2 3 -1'>
					<Coordinate point='0.245467 -4.725911 3.195067 1.152514 -4.849546 3.857838 0.610395 -5.470632 4.669339 -0.508650 -5.172984 3.867154'/>
				</IndexedFaceSet>
			</Shape>
			<Shape DEF='_IDX_1970'>
				<Appearance USE='Material_60_IDX_60'/>
				<IndexedFaceSet solid="false" coordIndex='0 1 2 3 -1'>
					<Coordinate point='0.825034 -4.474789 2.579948 1.583959 -4.446033 3.115122 1.152514 -4.849546 3.857838 0.245467 -4.725911 3.195067'/>
				</IndexedFaceSet>
			</Shape>
			<Shape DEF='_IDX_1971'>
				<Appearance USE='Material_61_IDX_61'/>
				<IndexedFaceSet solid="false" coordIndex='0 1 2 3 -1'>
					<Coordinate point='1.270300 -4.375370 2.010831 1.932092 -4.217286 2.427949 1.583959 -4.446033 3.115122 0.825034 -4.474789 2.579948'/>
				</IndexedFaceSet>
			</Shape>
			<Shape DEF='_IDX_1972'>
				<Appearance USE='Material_62_IDX_62'/>
				<IndexedFaceSet solid="false" coordIndex='0 1 2 3 -1'>
					<Coordinate point='1.622855 -4.397334 1.477567 2.225266 -4.130687 1.784067 1.932092 -4.217286 2.427949 1.270300 -4.375370 2.010831'/>
				</IndexedFaceSet>
			</Shape>
			<Shape DEF='_IDX_1973'>
				<Appearance USE='Material_63_IDX_63'/>
				<IndexedFaceSet solid="false" coordIndex='0 1 2 3 -1'>
					<Coordinate point='1.920562 -4.523130 0.970648 2.490913 -4.163314 1.171995 2.225266 -4.130687 1.784067 1.622855 -4.397334 1.477567'/>
				</IndexedFaceSet>
			</Shape>
			<Shape DEF='_IDX_1974'>
				<Appearance USE='Material_64_IDX_64'/>
				<IndexedFaceSet solid="false" coordIndex='0 1 2 3 -1'>
					<Coordinate point='2.195589 -4.744537 0.481036 2.754388 -4.300327 0.580820 2.490913 -4.163314 1.171995 1.920562 -4.523130 0.970648'/>
				</IndexedFaceSet>
			</Shape>
			<Shape DEF='_IDX_1975'>
				<Appearance USE='Material_65_IDX_65'/>
				<IndexedFaceSet solid="false" coordIndex='0 1 2 3 -1'>
					<Coordinate point='2.474922 -5.059610 0.000000 3.038882 -4.533146 0.000000 2.754388 -4.300327 0.580820 2.195589 -4.744537 0.481036'/>
				</IndexedFaceSet>
			</Shape>
			<Shape DEF='_IDX_1976'>
				<Appearance USE='Material_66_IDX_66'/>
				<IndexedFaceSet solid="false" coordIndex='0 1 2 3 -1'>
					<Coordinate point='-2.390326 -9.959919 8.142341 0.317514 -10.383124 9.359296 -0.264138 -12.458672 10.622441 -3.511013 -11.878979 9.241243'/>
				</IndexedFaceSet>
			</Shape>
			<Shape DEF='_IDX_1977'>
				<Appearance USE='Material_67_IDX_67'/>
				<IndexedFaceSet solid="false" coordIndex='0 1 2 3 -1'>
					<Coordinate point='-1.438524 -8.408536 7.147881 0.814154 -8.696593 8.216205 0.317514 -10.383124 9.359296 -2.390326 -9.959919 8.142341'/>
				</IndexedFaceSet>
			</Shape>
			<Shape DEF='_IDX_1978'>
				<Appearance USE='Material_68_IDX_68'/>
				<IndexedFaceSet solid="false" coordIndex='0 1 2 3 -1'>
					<Coordinate point='-0.632863 -7.172507 6.245110 1.237305 -7.341072 7.178505 0.814154 -8.696593 8.216205 -1.438524 -8.408536 7.147881'/>
				</IndexedFaceSet>
			</Shape>
			<Shape DEF='_IDX_1979'>
				<Appearance USE='Material_69_IDX_69'/>
				<IndexedFaceSet solid="false" coordIndex='0 1 2 3 -1'>
					<Coordinate point='0.044946 -6.206581 5.422447 1.596575 -6.266915 6.232887 1.237305 -7.341072 7.178505 -0.632863 -7.172507 6.245110'/>
				</IndexedFaceSet>
			</Shape>
			<Shape DEF='_IDX_1980'>
				<Appearance USE='Material_70_IDX_70'/>
				<IndexedFaceSet solid="false" coordIndex='0 1 2 3 -1'>
					<Coordinate point='0.610395 -5.470632 4.669339 1.900540 -5.431208 5.367219 1.596575 -6.266915 6.232887 0.044946 -6.206581 5.422447'/>
				</IndexedFaceSet>
			</Shape>
			<Shape DEF='_IDX_1981'>
				<Appearance USE='Material_71_IDX_71'/>
				<IndexedFaceSet solid="false" coordIndex='0 1 2 3 -1'>
					<Coordinate point='0.610395 -5.470632 4.669339 1.900540 -5.431208 5.367219 1.900540 -5.431208 5.367219 0.610395 -5.470632 4.669339'/>
				</IndexedFaceSet>
			</Shape>
			<Shape DEF='_IDX_1982'>
				<Appearance USE='Material_72_IDX_72'/>
				<IndexedFaceSet solid="false" coordIndex='0 1 2 3 -1'>
					<Coordinate point='1.152514 -4.849546 3.857838 2.199323 -4.701872 4.434431 1.900540 -5.431208 5.367219 0.610395 -5.470632 4.669339'/>
				</IndexedFaceSet>
			</Shape>
			<Shape DEF='_IDX_1983'>
				<Appearance USE='Material_73_IDX_73'/>
				<IndexedFaceSet solid="false" coordIndex='0 1 2 3 -1'>
					<Coordinate point='1.583959 -4.446033 3.115122 2.447869 -4.200078 3.580708 2.199323 -4.701872 4.434431 1.152514 -4.849546 3.857838'/>
				</IndexedFaceSet>
			</Shape>
			<Shape DEF='_IDX_1984'>
				<Appearance USE='Material_74_IDX_74'/>
				<IndexedFaceSet solid="false" coordIndex='0 1 2 3 -1'>
					<Coordinate point='1.932092 -4.217286 2.427949 2.662711 -3.882857 2.790831 2.447869 -4.200078 3.580708 1.583959 -4.446033 3.115122'/>
				</IndexedFaceSet>
			</Shape>
			<Shape DEF='_IDX_1985'>
				<Appearance USE='Material_75_IDX_75'/>
				<IndexedFaceSet solid="false" coordIndex='0 1 2 3 -1'>
					<Coordinate point='2.225266 -4.130687 1.784067 2.861738 -3.716085 2.050714 2.662711 -3.882857 2.790831 1.932092 -4.217286 2.427949'/>
				</IndexedFaceSet>
			</Shape>
			<Shape DEF='_IDX_1986'>
				<Appearance USE='Material_76_IDX_76'/>
				<IndexedFaceSet solid="false" coordIndex='0 1 2 3 -1'>
					<Coordinate point='2.490913 -4.163314 1.171995 3.063454 -3.673743 1.347161 2.861738 -3.716085 2.050714 2.225266 -4.130687 1.784067'/>
				</IndexedFaceSet>
			</Shape>
			<Shape DEF='_IDX_1987'>
				<Appearance USE='Material_77_IDX_77'/>
				<IndexedFaceSet solid="false" coordIndex='0 1 2 3 -1'>
					<Coordinate point='2.754388 -4.300327 0.580820 3.286400 -3.736795 0.667629 3.063454 -3.673743 1.347161 2.490913 -4.163314 1.171995'/>
				</IndexedFaceSet>
			</Shape>
			<Shape DEF='_IDX_1988'>
				<Appearance USE='Material_78_IDX_78'/>
				<IndexedFaceSet solid="false" coordIndex='0 1 2 3 -1'>
					<Coordinate point='3.038882 -4.533146 0.000000 3.549030 -3.891902 0.000000 3.286400 -3.736795 0.667629 2.754388 -4.300327 0.580820'/>
				</IndexedFaceSet>
			</Shape>
			<Shape DEF='_IDX_1989'>
				<Appearance USE='Material_79_IDX_79'/>
				<IndexedFaceSet solid="false" coordIndex='0 1 2 3 -1'>
					<Coordinate point='0.317514 -10.383124 9.359296 3.172756 -10.131017 10.367180 3.154688 -12.244520 11.766352 -0.264138 -12.458672 10.622441'/>
				</IndexedFaceSet>
			</Shape>
			<Shape DEF='_IDX_1990'>
				<Appearance USE='Material_80_IDX_80'/>
				<IndexedFaceSet solid="false" coordIndex='0 1 2 3 -1'>
					<Coordinate point='0.814154 -8.696593 8.216205 3.194407 -8.409824 9.100992 3.172756 -10.131017 10.367180 0.317514 -10.383124 9.359296'/>
				</IndexedFaceSet>
			</Shape>
			<Shape DEF='_IDX_1991'>
				<Appearance USE='Material_81_IDX_81'/>
				<IndexedFaceSet solid="false" coordIndex='0 1 2 3 -1'>
					<Coordinate point='1.237305 -7.341072 7.178505 3.218629 -7.020861 7.951545 3.194407 -8.409824 9.100992 0.814154 -8.696593 8.216205'/>
				</IndexedFaceSet>
			</Shape>
			<Shape DEF='_IDX_1992'>
				<Appearance USE='Material_82_IDX_82'/>
				<IndexedFaceSet solid="false" coordIndex='0 1 2 3 -1'>
					<Coordinate point='1.596575 -6.266915 6.232887 3.244761 -5.912979 6.904094 3.218629 -7.020861 7.951545 1.237305 -7.341072 7.178505'/>
				</IndexedFaceSet>
			</Shape>
			<Shape DEF='_IDX_1993'>
				<Appearance USE='Material_83_IDX_83'/>
				<IndexedFaceSet solid="false" coordIndex='0 1 2 3 -1'>
					<Coordinate point='1.900540 -5.431208 5.367219 3.272805 -5.042436 5.945205 3.244761 -5.912979 6.904094 1.596575 -6.266915 6.232887'/>
				</IndexedFaceSet>
			</Shape>
			<Shape DEF='_IDX_1994'>
				<Appearance USE='Material_84_IDX_84'/>
				<IndexedFaceSet solid="false" coordIndex='0 1 2 3 -1'>
					<Coordinate point='1.900540 -5.431208 5.367219 3.272805 -5.042436 5.945205 3.272805 -5.042436 5.945205 1.900540 -5.431208 5.367219'/>
				</IndexedFaceSet>
			</Shape>
			<Shape DEF='_IDX_1995'>
				<Appearance USE='Material_85_IDX_85'/>
				<IndexedFaceSet solid="false" coordIndex='0 1 2 3 -1'>
					<Coordinate point='2.199323 -4.701872 4.434431 3.309722 -4.270342 4.911966 3.272805 -5.042436 5.945205 1.900540 -5.431208 5.367219'/>
				</IndexedFaceSet>
			</Shape>
			<Shape DEF='_IDX_1996'>
				<Appearance USE='Material_86_IDX_86'/>
				<IndexedFaceSet solid="false" coordIndex='0 1 2 3 -1'>
					<Coordinate point='2.447869 -4.200078 3.580708 3.354485 -3.724214 3.966308 3.309722 -4.270342 4.911966 2.199323 -4.701872 4.434431'/>
				</IndexedFaceSet>
			</Shape>
			<Shape DEF='_IDX_1997'>
				<Appearance USE='Material_87_IDX_87'/>
				<IndexedFaceSet solid="false" coordIndex='0 1 2 3 -1'>
					<Coordinate point='2.662711 -3.882857 2.790831 3.413346 -3.361245 3.091370 3.354485 -3.724214 3.966308 2.447869 -4.200078 3.580708'/>
				</IndexedFaceSet>
			</Shape>
			<Shape DEF='_IDX_1998'>
				<Appearance USE='Material_88_IDX_88'/>
				<IndexedFaceSet solid="false" coordIndex='0 1 2 3 -1'>
					<Coordinate point='2.861738 -3.716085 2.050714 3.494817 -3.146722 2.271551 3.413346 -3.361245 3.091370 2.662711 -3.882857 2.790831'/>
				</IndexedFaceSet>
			</Shape>
			<Shape DEF='_IDX_1999'>
				<Appearance USE='Material_89_IDX_89'/>
				<IndexedFaceSet solid="false" coordIndex='0 1 2 3 -1'>
					<Coordinate point='3.063454 -3.673743 1.347161 3.609267 -3.053031 1.492234 3.494817 -3.146722 2.271551 2.861738 -3.716085 2.050714'/>
				</IndexedFaceSet>
			</Shape>
			<Shape DEF='_IDX_2000'>
				<Appearance USE='Material_90_IDX_90'/>
				<IndexedFaceSet solid="false" coordIndex='0 1 2 3 -1'>
					<Coordinate point='3.286400 -3.736795 0.667629 3.768571 -3.058607 0.739525 3.609267 -3.053031 1.492234 3.063454 -3.673743 1.347161'/>
				</IndexedFaceSet>
			</Shape>
			<Shape DEF='_IDX_2001'>
				<Appearance USE='Material_91_IDX_91'/>
				<IndexedFaceSet solid="false" coordIndex='0 1 2 3 -1'>
					<Coordinate point='3.549030 -3.891902 0.000000 3.985994 -3.146845 0.000001 3.768571 -3.058607 0.739525 3.286400 -3.736795 0.667629'/>
				</IndexedFaceSet>
			</Shape>
			<Shape DEF='_IDX_2002'>
				<Appearance USE='Material_92_IDX_92'/>
				<IndexedFaceSet solid="false" coordIndex='0 1 2 3 -1'>
					<Coordinate point='3.172756 -10.131017 10.367180 6.021775 -9.198010 11.143478 6.565270 -11.226500 12.647421 3.154688 -12.244520 11.766352'/>
				</IndexedFaceSet>
			</Shape>
			<Shape DEF='_IDX_2003'>
				<Appearance USE='Material_93_IDX_93'/>
				<IndexedFaceSet solid="false" coordIndex='0 1 2 3 -1'>
					<Coordinate point='3.194407 -8.409824 9.100992 5.570308 -7.546337 9.782477 6.021775 -9.198010 11.143478 3.172756 -10.131017 10.367180'/>
				</IndexedFaceSet>
			</Shape>
			<Shape DEF='_IDX_2004'>
				<Appearance USE='Material_94_IDX_94'/>
				<IndexedFaceSet solid="false" coordIndex='0 1 2 3 -1'>
					<Coordinate point='3.218629 -7.020861 7.951545 5.196882 -6.212645 8.546960 5.570308 -7.546337 9.782477 3.194407 -8.409824 9.100992'/>
				</IndexedFaceSet>
			</Shape>
			<Shape DEF='_IDX_2005'>
				<Appearance USE='Material_95_IDX_95'/>
				<IndexedFaceSet solid="false" coordIndex='0 1 2 3 -1'>
					<Coordinate point='3.244761 -5.912979 6.904094 4.890001 -5.146977 7.421076 5.196882 -6.212645 8.546960 3.218629 -7.020861 7.951545'/>
				</IndexedFaceSet>
			</Shape>
			<Shape DEF='_IDX_2006'>
				<Appearance USE='Material_96_IDX_96'/>
				<IndexedFaceSet solid="false" coordIndex='0 1 2 3 -1'>
					<Coordinate point='3.272805 -5.042436 5.945205 4.640514 -4.306792 6.390384 4.890001 -5.146977 7.421076 3.244761 -5.912979 6.904094'/>
				</IndexedFaceSet>
			</Shape>
			<Shape DEF='_IDX_2007'>
				<Appearance USE='Material_97_IDX_97'/>
				<IndexedFaceSet solid="false" coordIndex='0 1 2 3 -1'>
					<Coordinate point='3.272805 -5.042436 5.945205 4.640514 -4.306792 6.390384 4.640514 -4.306792 6.390384 3.272805 -5.042436 5.945205'/>
				</IndexedFaceSet>
			</Shape>
			<Shape DEF='_IDX_2008'>
				<Appearance USE='Material_98_IDX_98'/>
				<IndexedFaceSet solid="false" coordIndex='0 1 2 3 -1'>
					<Coordinate point='3.309722 -4.270342 4.911966 4.410861 -3.556906 5.279776 4.640514 -4.306792 6.390384 3.272805 -5.042436 5.945205'/>
				</IndexedFaceSet>
			</Shape>
			<Shape DEF='_IDX_2009'>
				<Appearance USE='Material_99_IDX_99'/>
				<IndexedFaceSet solid="false" coordIndex='0 1 2 3 -1'>
					<Coordinate point='3.354485 -3.724214 3.966308 4.243923 -3.020025 4.263307 4.410861 -3.556906 5.279776 3.309722 -4.270342 4.911966'/>
				</IndexedFaceSet>
			</Shape>
			<Shape DEF='_IDX_2010'>
				<Appearance USE='Material_100_IDX_100'/>
				<IndexedFaceSet solid="false" coordIndex='0 1 2 3 -1'>
					<Coordinate point='3.413346 -3.361245 3.091370 4.135994 -2.654714 3.322853 4.243923 -3.020025 4.263307 3.354485 -3.724214 3.966308'/>
				</IndexedFaceSet>
			</Shape>
			<Shape DEF='_IDX_2011'>
				<Appearance USE='Material_101_IDX_101'/>
				<IndexedFaceSet solid="false" coordIndex='0 1 2 3 -1'>
					<Coordinate point='3.494817 -3.146722 2.271551 4.086787 -2.426896 2.441646 4.135994 -2.654714 3.322853 3.413346 -3.361245 3.091370'/>
				</IndexedFaceSet>
			</Shape>
			<Shape DEF='_IDX_2012'>
				<Appearance USE='Material_102_IDX_102'/>
				<IndexedFaceSet solid="false" coordIndex='0 1 2 3 -1'>
					<Coordinate point='3.609267 -3.053031 1.492234 4.099013 -2.308708 1.603974 4.086787 -2.426896 2.441646 3.494817 -3.146722 2.271551'/>
				</IndexedFaceSet>
			</Shape>
			<Shape DEF='_IDX_2013'>
				<Appearance USE='Material_103_IDX_103'/>
				<IndexedFaceSet solid="false" coordIndex='0 1 2 3 -1'>
					<Coordinate point='3.768571 -3.058607 0.739525 4.178042 -2.277436 0.794900 4.099013 -2.308708 1.603974 3.609267 -3.053031 1.492234'/>
				</IndexedFaceSet>
			</Shape>
			<Shape DEF='_IDX_2014'>
				<Appearance USE='Material_104_IDX_104'/>
				<IndexedFaceSet solid="false" coordIndex='0 1 2 3 -1'>
					<Coordinate point='3.985994 -3.146845 0.000001 4.331727 -2.314499 0.000001 4.178042 -2.277436 0.794900 3.768571 -3.058607 0.739525'/>
				</IndexedFaceSet>
			</Shape>
			<Shape DEF='_IDX_2015'>
				<Appearance USE='Material_105_IDX_105'/>
				<IndexedFaceSet solid="false" coordIndex='0 1 2 3 -1'>
					<Coordinate point='6.021775 -9.198010 11.143478 8.711140 -7.611101 11.670851 9.787146 -9.434038 13.245968 6.565270 -11.226500 12.647421'/>
				</IndexedFaceSet>
			</Shape>
			<Shape DEF='_IDX_2016'>
				<Appearance USE='Material_106_IDX_106'/>
				<IndexedFaceSet solid="false" coordIndex='0 1 2 3 -1'>
					<Coordinate point='5.570308 -7.546337 9.782477 7.810894 -6.130995 10.245440 8.711140 -7.611101 11.670851 6.021775 -9.198010 11.143478'/>
				</IndexedFaceSet>
			</Shape>
			<Shape DEF='_IDX_2017'>
				<Appearance USE='Material_107_IDX_107'/>
				<IndexedFaceSet solid="false" coordIndex='0 1 2 3 -1'>
					<Coordinate point='5.196882 -6.212645 8.546960 7.059841 -4.939242 8.951449 7.810894 -6.130995 10.245440 5.570308 -7.546337 9.782477'/>
				</IndexedFaceSet>
			</Shape>
			<Shape DEF='_IDX_2018'>
				<Appearance USE='Material_108_IDX_108'/>
				<IndexedFaceSet solid="false" coordIndex='0 1 2 3 -1'>
					<Coordinate point='4.890001 -5.146977 7.421076 6.435893 -3.989625 7.772283 7.059841 -4.939242 8.951449 5.196882 -6.212645 8.546960'/>
				</IndexedFaceSet>
			</Shape>
			<Shape DEF='_IDX_2019'>
				<Appearance USE='Material_109_IDX_109'/>
				<IndexedFaceSet solid="false" coordIndex='0 1 2 3 -1'>
					<Coordinate point='4.640514 -4.306792 6.390384 5.920909 -3.242840 6.692813 6.435893 -3.989625 7.772283 4.890001 -5.146977 7.421076'/>
				</IndexedFaceSet>
			</Shape>
			<Shape DEF='_IDX_2020'>
				<Appearance USE='Material_110_IDX_110'/>
				<IndexedFaceSet solid="false" coordIndex='0 1 2 3 -1'>
					<Coordinate point='4.640514 -4.306792 6.390384 5.920909 -3.242840 6.692813 5.920909 -3.242840 6.692813 4.640514 -4.306792 6.390384'/>
				</IndexedFaceSet>
			</Shape>
			<Shape DEF='_IDX_2021'>
				<Appearance USE='Material_111_IDX_111'/>
				<IndexedFaceSet solid="false" coordIndex='0 1 2 3 -1'>
					<Coordinate point='4.410861 -3.556906 5.279776 5.434071 -2.577749 5.529644 5.920909 -3.242840 6.692813 4.640514 -4.306792 6.390384'/>
				</IndexedFaceSet>
			</Shape>
			<Shape DEF='_IDX_2022'>
				<Appearance USE='Material_112_IDX_112'/>
				<IndexedFaceSet solid="false" coordIndex='0 1 2 3 -1'>
					<Coordinate point='4.243923 -3.020025 4.263307 5.059994 -2.101895 4.465070 5.434071 -2.577749 5.529644 4.410861 -3.556906 5.279776'/>
				</IndexedFaceSet>
			</Shape>
			<Shape DEF='_IDX_2023'>
				<Appearance USE='Material_113_IDX_113'/>
				<IndexedFaceSet solid="false" coordIndex='0 1 2 3 -1'>
					<Coordinate point='4.135994 -2.654714 3.322853 4.785532 -1.776815 3.480109 5.059994 -2.101895 4.465070 4.243923 -3.020025 4.263307'/>
				</IndexedFaceSet>
			</Shape>
			<Shape DEF='_IDX_2024'>
				<Appearance USE='Material_114_IDX_114'/>
				<IndexedFaceSet solid="false" coordIndex='0 1 2 3 -1'>
					<Coordinate point='4.086787 -2.426896 2.441646 4.602153 -1.570477 2.557198 4.785532 -1.776815 3.480109 4.135994 -2.654714 3.322853'/>
				</IndexedFaceSet>
			</Shape>
			<Shape DEF='_IDX_2025'>
				<Appearance USE='Material_115_IDX_115'/>
				<IndexedFaceSet solid="false" coordIndex='0 1 2 3 -1'>
					<Coordinate point='4.099013 -2.308708 1.603974 4.505365 -1.456103 1.679883 4.602153 -1.570477 2.557198 4.086787 -2.426896 2.441646'/>
				</IndexedFaceSet>
			</Shape>
			<Shape DEF='_IDX_2026'>
				<Appearance USE='Material_116_IDX_116'/>
				<IndexedFaceSet solid="false" coordIndex='0 1 2 3 -1'>
					<Coordinate point='4.178042 -2.277436 0.794900 4.494255 -1.411114 0.832520 4.505365 -1.456103 1.679883 4.099013 -2.308708 1.603974'/>
				</IndexedFaceSet>
			</Shape>
			<Shape DEF='_IDX_2027'>
				<Appearance USE='Material_117_IDX_117'/>
				<IndexedFaceSet solid="false" coordIndex='0 1 2 3 -1'>
					<Coordinate point='4.331727 -2.314499 0.000001 4.571210 -1.416150 0.000001 4.494255 -1.411114 0.832520 4.178042 -2.277436 0.794900'/>
				</IndexedFaceSet>
			</Shape>
			<Shape DEF='_IDX_2028'>
				<Appearance USE='Material_118_IDX_118'/>
				<IndexedFaceSet solid="false" coordIndex='0 1 2 3 -1'>
					<Coordinate point='8.711140 -7.611101 11.670851 11.095570 -5.429336 11.937515 12.649035 -6.935067 13.548621 9.787146 -9.434038 13.245968'/>
				</IndexedFaceSet>
			</Shape>
			<Shape DEF='_IDX_2029'>
				<Appearance USE='Material_119_IDX_119'/>
				<IndexedFaceSet solid="false" coordIndex='0 1 2 3 -1'>
					<Coordinate point='7.810894 -6.130995 10.245440 9.792681 -4.215303 10.479535 11.095570 -5.429336 11.937515 8.711140 -7.611101 11.670851'/>
				</IndexedFaceSet>
			</Shape>
			<Shape DEF='_IDX_2030'>
				<Appearance USE='Material_120_IDX_120'/>
				<IndexedFaceSet solid="false" coordIndex='0 1 2 3 -1'>
					<Coordinate point='7.059841 -4.939242 8.951449 8.702369 -3.245672 9.155979 9.792681 -4.215303 10.479535 7.810894 -6.130995 10.245440'/>
				</IndexedFaceSet>
			</Shape>
			<Shape DEF='_IDX_2031'>
				<Appearance USE='Material_121_IDX_121'/>
				<IndexedFaceSet solid="false" coordIndex='0 1 2 3 -1'>
					<Coordinate point='6.435893 -3.989625 7.772283 7.792869 -2.480312 7.949870 8.702369 -3.245672 9.155979 7.059841 -4.939242 8.951449'/>
				</IndexedFaceSet>
			</Shape>
			<Shape DEF='_IDX_2032'>
				<Appearance USE='Material_122_IDX_122'/>
				<IndexedFaceSet solid="false" coordIndex='0 1 2 3 -1'>
					<Coordinate point='5.920909 -3.242840 6.692813 7.037803 -1.885083 6.845736 7.792869 -2.480312 7.949870 6.435893 -3.989625 7.772283'/>
				</IndexedFaceSet>
			</Shape>
			<Shape DEF='_IDX_2033'>
				<Appearance USE='Material_123_IDX_123'/>
				<IndexedFaceSet solid="false" coordIndex='0 1 2 3 -1'>
					<Coordinate point='5.920909 -3.242840 6.692813 7.037803 -1.885083 6.845736 7.037803 -1.885083 6.845736 5.920909 -3.242840 6.692813'/>
				</IndexedFaceSet>
			</Shape>
			<Shape DEF='_IDX_2034'>
				<Appearance USE='Material_124_IDX_124'/>
				<IndexedFaceSet solid="false" coordIndex='0 1 2 3 -1'>
					<Coordinate point='5.434071 -2.577749 5.529644 6.316784 -1.362546 5.655990 7.037803 -1.885083 6.845736 5.920909 -3.242840 6.692813'/>
				</IndexedFaceSet>
			</Shape>
			<Shape DEF='_IDX_2035'>
				<Appearance USE='Material_125_IDX_125'/>
				<IndexedFaceSet solid="false" coordIndex='0 1 2 3 -1'>
					<Coordinate point='5.059994 -2.101895 4.465070 5.751935 -0.995747 4.567091 6.316784 -1.362546 5.655990 5.434071 -2.577749 5.529644'/>
				</IndexedFaceSet>
			</Shape>
			<Shape DEF='_IDX_2036'>
				<Appearance USE='Material_126_IDX_126'/>
				<IndexedFaceSet solid="false" coordIndex='0 1 2 3 -1'>
					<Coordinate point='4.785532 -1.776815 3.480109 5.321520 -0.750890 3.559625 5.751935 -0.995747 4.567091 5.059994 -2.101895 4.465070'/>
				</IndexedFaceSet>
			</Shape>
			<Shape DEF='_IDX_2037'>
				<Appearance USE='Material_127_IDX_127'/>
				<IndexedFaceSet solid="false" coordIndex='0 1 2 3 -1'>
					<Coordinate point='4.602153 -1.570477 2.557198 5.009511 -0.599444 2.615627 5.321520 -0.750890 3.559625 4.785532 -1.776815 3.480109'/>
				</IndexedFaceSet>
			</Shape>
			<Shape DEF='_IDX_2038'>
				<Appearance USE='Material_128_IDX_128'/>
				<IndexedFaceSet solid="false" coordIndex='0 1 2 3 -1'>
					<Coordinate point='4.505365 -1.456103 1.679883 4.804787 -0.517036 1.718266 5.009511 -0.599444 2.615627 4.602153 -1.570477 2.557198'/>
				</IndexedFaceSet>
			</Shape>
			<Shape DEF='_IDX_2039'>
				<Appearance USE='Material_129_IDX_129'/>
				<IndexedFaceSet solid="false" coordIndex='0 1 2 3 -1'>
					<Coordinate point='4.494255 -1.411114 0.832520 4.700518 -0.482451 0.851542 4.804787 -0.517036 1.718266 4.505365 -1.456103 1.679883'/>
				</IndexedFaceSet>
			</Shape>
			<Shape DEF='_IDX_2040'>
				<Appearance USE='Material_130_IDX_130'/>
				<IndexedFaceSet solid="false" coordIndex='0 1 2 3 -1'>
					<Coordinate point='4.571210 -1.416150 0.000001 4.693733 -0.476701 0.000001 4.700518 -0.482451 0.851542 4.494255 -1.411114 0.832520'/>
				</IndexedFaceSet>
			</Shape>
			<Shape DEF='_IDX_2041'>
				<Appearance USE='Material_131_IDX_131'/>
				<IndexedFaceSet solid="false" coordIndex='0 1 2 3 -1'>
					<Coordinate point='11.095570 -5.429336 11.937515 13.045236 -2.741504 11.937515 14.997579 -3.833111 13.548621 12.649035 -6.935067 13.548621'/>
				</IndexedFaceSet>
			</Shape>
			<Shape DEF='_IDX_2042'>
				<Appearance USE='Material_132_IDX_132'/>
				<IndexedFaceSet solid="false" coordIndex='0 1 2 3 -1'>
					<Coordinate point='9.792681 -4.215303 10.479535 11.405669 -1.875592 10.479535 13.045236 -2.741504 11.937515 11.095570 -5.429336 11.937515'/>
				</IndexedFaceSet>
			</Shape>
			<Shape DEF='_IDX_2043'>
				<Appearance USE='Material_133_IDX_133'/>
				<IndexedFaceSet solid="false" coordIndex='0 1 2 3 -1'>
					<Coordinate point='8.702369 -3.245672 9.155979 10.031231 -1.197704 9.155979 11.405669 -1.875592 10.479535 9.792681 -4.215303 10.479535'/>
				</IndexedFaceSet>
			</Shape>
			<Shape DEF='_IDX_2044'>
				<Appearance USE='Material_134_IDX_134'/>
				<IndexedFaceSet solid="false" coordIndex='0 1 2 3 -1'>
					<Coordinate point='7.792869 -2.480312 7.949870 8.881971 -0.675842 7.949870 10.031231 -1.197704 9.155979 8.702369 -3.245672 9.155979'/>
				</IndexedFaceSet>
			</Shape>
			<Shape DEF='_IDX_2045'>
				<Appearance USE='Material_135_IDX_135'/>
				<IndexedFaceSet solid="false" coordIndex='0 1 2 3 -1'>
					<Coordinate point='7.037803 -1.885083 6.845736 7.924513 -0.282729 6.845736 8.881971 -0.675842 7.949870 7.792869 -2.480312 7.949870'/>
				</IndexedFaceSet>
			</Shape>
			<Shape DEF='_IDX_2046'>
				<Appearance USE='Material_136_IDX_136'/>
				<IndexedFaceSet solid="false" coordIndex='0 1 2 3 -1'>
					<Coordinate point='7.037803 -1.885083 6.845736 7.924513 -0.282729 6.845736 7.924513 -0.282729 6.845736 7.037803 -1.885083 6.845736'/>
				</IndexedFaceSet>
			</Shape>
			<Shape DEF='_IDX_2047'>
				<Appearance USE='Material_137_IDX_137'/>
				<IndexedFaceSet solid="false" coordIndex='0 1 2 3 -1'>
					<Coordinate point='6.316784 -1.362546 5.655990 7.004755 0.046890 5.655990 7.924513 -0.282729 6.845736 7.037803 -1.885083 6.845736'/>
				</IndexedFaceSet>
			</Shape>
			<Shape DEF='_IDX_2048'>
				<Appearance USE='Material_138_IDX_138'/>
				<IndexedFaceSet solid="false" coordIndex='0 1 2 3 -1'>
					<Coordinate point='5.751935 -0.995747 4.567091 6.276227 0.262447 4.567091 7.004755 0.046890 5.655990 6.316784 -1.362546 5.655990'/>
				</IndexedFaceSet>
			</Shape>
			<Shape DEF='_IDX_2049'>
				<Appearance USE='Material_139_IDX_139'/>
				<IndexedFaceSet solid="false" coordIndex='0 1 2 3 -1'>
					<Coordinate point='5.321520 -0.750890 3.559625 5.709822 0.391479 3.559625 6.276227 0.262447 4.567091 5.751935 -0.995747 4.567091'/>
				</IndexedFaceSet>
			</Shape>
			<Shape DEF='_IDX_2050'>
				<Appearance USE='Material_140_IDX_140'/>
				<IndexedFaceSet solid="false" coordIndex='0 1 2 3 -1'>
					<Coordinate point='5.009511 -0.599444 2.615627 5.283013 0.457630 2.615627 5.709822 0.391479 3.559625 5.321520 -0.750890 3.559625'/>
				</IndexedFaceSet>
			</Shape>
			<Shape DEF='_IDX_2051'>
				<Appearance USE='Material_141_IDX_141'/>
				<IndexedFaceSet solid="false" coordIndex='0 1 2 3 -1'>
					<Coordinate point='4.804787 -0.517036 1.718266 4.978837 0.481622 1.718266 5.283013 0.457630 2.615627 5.009511 -0.599444 2.615627'/>
				</IndexedFaceSet>
			</Shape>
			<Shape DEF='_IDX_2052'>
				<Appearance USE='Material_142_IDX_142'/>
				<IndexedFaceSet solid="false" coordIndex='0 1 2 3 -1'>
					<Coordinate point='4.700518 -0.482451 0.851542 4.785088 0.482144 0.851542 4.978837 0.481622 1.718266 4.804787 -0.517036 1.718266'/>
				</IndexedFaceSet>
			</Shape>
			<Shape DEF='_IDX_2053'>
				<Appearance USE='Material_143_IDX_143'/>
				<IndexedFaceSet solid="false" coordIndex='0 1 2 3 -1'>
					<Coordinate point='4.693733 -0.476701 0.000001 4.693733 0.476701 0.000001 4.785088 0.482144 0.851542 4.700518 -0.482451 0.851542'/>
				</IndexedFaceSet>
			</Shape>
			<Shape DEF='_IDX_2054'>
				<Appearance USE='Material_118_IDX_118'/>
				<IndexedFaceSet solid="false" coordIndex='0 1 2 3 -1'>
					<Coordinate point='13.045236 -2.741504 11.937515 14.452206 0.337825 11.670851 16.705059 -0.262525 13.245968 14.997579 -3.833111 13.548621'/>
				</IndexedFaceSet>
			</Shape>
			<Shape DEF='_IDX_2055'>
				<Appearance USE='Material_144_IDX_144'/>
				<IndexedFaceSet solid="false" coordIndex='0 1 2 3 -1'>
					<Coordinate point='11.405669 -1.875592 10.479535 12.558648 0.790267 10.245440 14.452206 0.337825 11.670851 13.045236 -2.741504 11.937515'/>
				</IndexedFaceSet>
			</Shape>
			<Shape DEF='_IDX_2056'>
				<Appearance USE='Material_120_IDX_120'/>
				<IndexedFaceSet solid="false" coordIndex='0 1 2 3 -1'>
					<Coordinate point='10.031231 -1.197704 9.155979 10.969415 1.120897 8.951449 12.558648 0.790267 10.245440 11.405669 -1.875592 10.479535'/>
				</IndexedFaceSet>
			</Shape>
			<Shape DEF='_IDX_2057'>
				<Appearance USE='Material_145_IDX_145'/>
				<IndexedFaceSet solid="false" coordIndex='0 1 2 3 -1'>
					<Coordinate point='8.881971 -0.675842 7.949870 9.638314 1.351940 7.772283 10.969415 1.120897 8.951449 10.031231 -1.197704 9.155979'/>
				</IndexedFaceSet>
			</Shape>
			<Shape DEF='_IDX_2058'>
				<Appearance USE='Material_122_IDX_122'/>
				<IndexedFaceSet solid="false" coordIndex='0 1 2 3 -1'>
					<Coordinate point='7.924513 -0.282729 6.845736 8.526610 1.502424 6.692813 9.638314 1.351940 7.772283 8.881971 -0.675842 7.949870'/>
				</IndexedFaceSet>
			</Shape>
			<Shape DEF='_IDX_2059'>
				<Appearance USE='Material_123_IDX_123'/>
				<IndexedFaceSet solid="false" coordIndex='0 1 2 3 -1'>
					<Coordinate point='7.924513 -0.282729 6.845736 8.526610 1.502424 6.692813 8.526610 1.502424 6.692813 7.924513 -0.282729 6.845736'/>
				</IndexedFaceSet>
			</Shape>
			<Shape DEF='_IDX_2060'>
				<Appearance USE='Material_124_IDX_124'/>
				<IndexedFaceSet solid="false" coordIndex='0 1 2 3 -1'>
					<Coordinate point='7.004755 0.046890 5.655990 7.454181 1.598534 5.529644 8.526610 1.502424 6.692813 7.924513 -0.282729 6.845736'/>
				</IndexedFaceSet>
			</Shape>
			<Shape DEF='_IDX_2061'>
				<Appearance USE='Material_125_IDX_125'/>
				<IndexedFaceSet solid="false" coordIndex='0 1 2 3 -1'>
					<Coordinate point='6.276227 0.262447 4.567091 6.598267 1.628492 4.465070 7.454181 1.598534 5.529644 7.004755 0.046890 5.655990'/>
				</IndexedFaceSet>
			</Shape>
			<Shape DEF='_IDX_2062'>
				<Appearance USE='Material_146_IDX_146'/>
				<IndexedFaceSet solid="false" coordIndex='0 1 2 3 -1'>
					<Coordinate point='5.709822 0.391479 3.559625 5.923951 1.612205 3.480109 6.598267 1.628492 4.465070 6.276227 0.262447 4.567091'/>
				</IndexedFaceSet>
			</Shape>
			<Shape DEF='_IDX_2063'>
				<Appearance USE='Material_127_IDX_127'/>
				<IndexedFaceSet solid="false" coordIndex='0 1 2 3 -1'>
					<Coordinate point='5.283013 0.457630 2.615627 5.403480 1.567221 2.557198 5.923951 1.612205 3.480109 5.709822 0.391479 3.559625'/>
				</IndexedFaceSet>
			</Shape>
			<Shape DEF='_IDX_2064'>
				<Appearance USE='Material_128_IDX_128'/>
				<IndexedFaceSet solid="false" coordIndex='0 1 2 3 -1'>
					<Coordinate point='4.978837 0.481622 1.718266 5.015049 1.509503 1.679883 5.403480 1.567221 2.557198 5.283013 0.457630 2.615627'/>
				</IndexedFaceSet>
			</Shape>
			<Shape DEF='_IDX_2065'>
				<Appearance USE='Material_147_IDX_147'/>
				<IndexedFaceSet solid="false" coordIndex='0 1 2 3 -1'>
					<Coordinate point='4.785088 0.482144 0.851542 4.741829 1.454152 0.832520 5.015049 1.509503 1.679883 4.978837 0.481622 1.718266'/>
				</IndexedFaceSet>
			</Shape>
			<Shape DEF='_IDX_2066'>
				<Appearance USE='Material_130_IDX_130'/>
				<IndexedFaceSet solid="false" coordIndex='0 1 2 3 -1'>
					<Coordinate point='4.693733 0.476701 0.000001 4.571210 1.416151 0.000001 4.741829 1.454152 0.832520 4.785088 0.482144 0.851542'/>
				</IndexedFaceSet>
			</Shape>
			<Shape DEF='_IDX_2067'>
				<Appearance USE='Material_105_IDX_105'/>
				<IndexedFaceSet solid="false" coordIndex='0 1 2 3 -1'>
					<Coordinate point='14.452206 0.337825 11.670851 15.235751 3.673635 11.143478 17.675772 3.617880 12.647421 16.705059 -0.262525 13.245968'/>
				</IndexedFaceSet>
			</Shape>
			<Shape DEF='_IDX_2068'>
				<Appearance USE='Material_106_IDX_106'/>
				<IndexedFaceSet solid="false" coordIndex='0 1 2 3 -1'>
					<Coordinate point='12.558648 0.790267 10.245440 13.183589 3.667346 9.782477 15.235751 3.673635 11.143478 14.452206 0.337825 11.670851'/>
				</IndexedFaceSet>
			</Shape>
			<Shape DEF='_IDX_2069'>
				<Appearance USE='Material_107_IDX_107'/>
				<IndexedFaceSet solid="false" coordIndex='0 1 2 3 -1'>
					<Coordinate point='10.969415 1.120897 8.951449 11.459713 3.612163 8.546960 13.183589 3.667346 9.782477 12.558648 0.790267 10.245440'/>
				</IndexedFaceSet>
			</Shape>
			<Shape DEF='_IDX_2070'>
				<Appearance USE='Material_148_IDX_148'/>
				<IndexedFaceSet solid="false" coordIndex='0 1 2 3 -1'>
					<Coordinate point='9.638314 1.351940 7.772283 10.013984 3.519379 7.421076 11.459713 3.612163 8.546960 10.969415 1.120897 8.951449'/>
				</IndexedFaceSet>
			</Shape>
			<Shape DEF='_IDX_2071'>
				<Appearance USE='Material_109_IDX_109'/>
				<IndexedFaceSet solid="false" coordIndex='0 1 2 3 -1'>
					<Coordinate point='8.526610 1.502424 6.692813 8.804239 3.398790 6.390384 10.013984 3.519379 7.421076 9.638314 1.351940 7.772283'/>
				</IndexedFaceSet>
			</Shape>
			<Shape DEF='_IDX_2072'>
				<Appearance USE='Material_110_IDX_110'/>
				<IndexedFaceSet solid="false" coordIndex='0 1 2 3 -1'>
					<Coordinate point='8.526610 1.502424 6.692813 8.804239 3.398790 6.390384 8.804239 3.398790 6.390384 8.526610 1.502424 6.692813'/>
				</IndexedFaceSet>
			</Shape>
			<Shape DEF='_IDX_2073'>
				<Appearance USE='Material_111_IDX_111'/>
				<IndexedFaceSet solid="false" coordIndex='0 1 2 3 -1'>
					<Coordinate point='7.454181 1.598534 5.529644 7.633469 3.232583 5.279776 8.804239 3.398790 6.390384 8.526610 1.502424 6.692813'/>
				</IndexedFaceSet>
			</Shape>
			<Shape DEF='_IDX_2074'>
				<Appearance USE='Material_112_IDX_112'/>
				<IndexedFaceSet solid="false" coordIndex='0 1 2 3 -1'>
					<Coordinate point='6.598267 1.628492 4.465070 6.693711 3.052118 4.263307 7.633469 3.232583 5.279776 7.454181 1.598534 5.529644'/>
				</IndexedFaceSet>
			</Shape>
			<Shape DEF='_IDX_2075'>
				<Appearance USE='Material_113_IDX_113'/>
				<IndexedFaceSet solid="false" coordIndex='0 1 2 3 -1'>
					<Coordinate point='5.923951 1.612205 3.480109 5.946088 2.868628 3.322853 6.693711 3.052118 4.263307 6.598267 1.628492 4.465070'/>
				</IndexedFaceSet>
			</Shape>
			<Shape DEF='_IDX_2076'>
				<Appearance USE='Material_114_IDX_114'/>
				<IndexedFaceSet solid="false" coordIndex='0 1 2 3 -1'>
					<Coordinate point='5.403480 1.567221 2.557198 5.359134 2.692618 2.441646 5.946088 2.868628 3.322853 5.923951 1.612205 3.480109'/>
				</IndexedFaceSet>
			</Shape>
			<Shape DEF='_IDX_2077'>
				<Appearance USE='Material_115_IDX_115'/>
				<IndexedFaceSet solid="false" coordIndex='0 1 2 3 -1'>
					<Coordinate point='5.015049 1.509503 1.679883 4.907425 2.534376 1.603974 5.359134 2.692618 2.441646 5.403480 1.567221 2.557198'/>
				</IndexedFaceSet>
			</Shape>
			<Shape DEF='_IDX_2078'>
				<Appearance USE='Material_116_IDX_116'/>
				<IndexedFaceSet solid="false" coordIndex='0 1 2 3 -1'>
					<Coordinate point='4.741829 1.454152 0.832520 4.570457 2.404502 0.794900 4.907425 2.534376 1.603974 5.015049 1.509503 1.679883'/>
				</IndexedFaceSet>
			</Shape>
			<Shape DEF='_IDX_2079'>
				<Appearance USE='Material_117_IDX_117'/>
				<IndexedFaceSet solid="false" coordIndex='0 1 2 3 -1'>
					<Coordinate point='4.571210 1.416151 0.000001 4.331727 2.314499 0.000001 4.570457 2.404502 0.794900 4.741829 1.454152 0.832520'/>
				</IndexedFaceSet>
			</Shape>
			<Shape DEF='_IDX_2080'>
				<Appearance USE='Material_149_IDX_149'/>
				<IndexedFaceSet solid="false" coordIndex='0 1 2 3 -1'>
					<Coordinate point='15.235751 3.673635 11.143478 15.346300 7.116908 10.367180 17.850784 7.632483 11.766352 17.675772 3.617880 12.647421'/>
				</IndexedFaceSet>
			</Shape>
			<Shape DEF='_IDX_2081'>
				<Appearance USE='Material_93_IDX_93'/>
				<IndexedFaceSet solid="false" coordIndex='0 1 2 3 -1'>
					<Coordinate point='13.183589 3.667346 9.782477 13.238897 6.629086 9.100992 15.346300 7.116908 10.367180 15.235751 3.673635 11.143478'/>
				</IndexedFaceSet>
			</Shape>
			<Shape DEF='_IDX_2082'>
				<Appearance USE='Material_94_IDX_94'/>
				<IndexedFaceSet solid="false" coordIndex='0 1 2 3 -1'>
					<Coordinate point='11.459713 3.612163 8.546960 11.467381 6.168503 7.951545 13.238897 6.629086 9.100992 13.183589 3.667346 9.782477'/>
				</IndexedFaceSet>
			</Shape>
			<Shape DEF='_IDX_2083'>
				<Appearance USE='Material_95_IDX_95'/>
				<IndexedFaceSet solid="false" coordIndex='0 1 2 3 -1'>
					<Coordinate point='10.013984 3.519379 7.421076 9.980172 5.734910 6.904094 11.467381 6.168503 7.951545 11.459713 3.612163 8.546960'/>
				</IndexedFaceSet>
			</Shape>
			<Shape DEF='_IDX_2084'>
				<Appearance USE='Material_96_IDX_96'/>
				<IndexedFaceSet solid="false" coordIndex='0 1 2 3 -1'>
					<Coordinate point='8.804239 3.398790 6.390384 8.733813 5.328336 5.945205 9.980172 5.734910 6.904094 10.013984 3.519379 7.421076'/>
				</IndexedFaceSet>
			</Shape>
			<Shape DEF='_IDX_2085'>
				<Appearance USE='Material_97_IDX_97'/>
				<IndexedFaceSet solid="false" coordIndex='0 1 2 3 -1'>
					<Coordinate point='8.804239 3.398790 6.390384 8.733813 5.328336 5.945205 8.733813 5.328336 5.945205 8.804239 3.398790 6.390384'/>
				</IndexedFaceSet>
			</Shape>
			<Shape DEF='_IDX_2086'>
				<Appearance USE='Material_98_IDX_98'/>
				<IndexedFaceSet solid="false" coordIndex='0 1 2 3 -1'>
					<Coordinate point='7.633469 3.232583 5.279776 7.524493 4.884262 4.911966 8.733813 5.328336 5.945205 8.804239 3.398790 6.390384'/>
				</IndexedFaceSet>
			</Shape>
			<Shape DEF='_IDX_2087'>
				<Appearance USE='Material_99_IDX_99'/>
				<IndexedFaceSet solid="false" coordIndex='0 1 2 3 -1'>
					<Coordinate point='6.693711 3.052118 4.263307 6.549374 4.479374 3.966308 7.524493 4.884262 4.911966 7.633469 3.232583 5.279776'/>
				</IndexedFaceSet>
			</Shape>
			<Shape DEF='_IDX_2088'>
				<Appearance USE='Material_100_IDX_100'/>
				<IndexedFaceSet solid="false" coordIndex='0 1 2 3 -1'>
					<Coordinate point='5.946088 2.868628 3.322853 5.767676 4.115594 3.091370 6.549374 4.479374 3.966308 6.693711 3.052118 4.263307'/>
				</IndexedFaceSet>
			</Shape>
			<Shape DEF='_IDX_2089'>
				<Appearance USE='Material_101_IDX_101'/>
				<IndexedFaceSet solid="false" coordIndex='0 1 2 3 -1'>
					<Coordinate point='5.359134 2.692618 2.441646 5.145932 3.795753 2.271551 5.767676 4.115594 3.091370 5.946088 2.868628 3.322853'/>
				</IndexedFaceSet>
			</Shape>
			<Shape DEF='_IDX_2090'>
				<Appearance USE='Material_102_IDX_102'/>
				<IndexedFaceSet solid="false" coordIndex='0 1 2 3 -1'>
					<Coordinate point='4.907425 2.534376 1.603974 4.656508 3.523799 1.492234 5.145932 3.795753 2.271551 5.359134 2.692618 2.441646'/>
				</IndexedFaceSet>
			</Shape>
			<Shape DEF='_IDX_2091'>
				<Appearance USE='Material_103_IDX_103'/>
				<IndexedFaceSet solid="false" coordIndex='0 1 2 3 -1'>
					<Coordinate point='4.570457 2.404502 0.794900 4.276364 3.305099 0.739525 4.656508 3.523799 1.492234 4.907425 2.534376 1.603974'/>
				</IndexedFaceSet>
			</Shape>
			<Shape DEF='_IDX_2092'>
				<Appearance USE='Material_104_IDX_104'/>
				<IndexedFaceSet solid="false" coordIndex='0 1 2 3 -1'>
					<Coordinate point='4.331727 2.314499 0.000001 3.985995 3.146845 0.000001 4.276364 3.305099 0.739525 4.570457 2.404502 0.794900'/>
				</IndexedFaceSet>
			</Shape>
			<Shape DEF='_IDX_2093'>
				<Appearance USE='Material_79_IDX_79'/>
				<IndexedFaceSet solid="false" coordIndex='0 1 2 3 -1'>
					<Coordinate point='15.346300 7.116908 10.367180 14.767841 10.511807 9.359296 17.210840 11.597383 10.622441 17.850784 7.632483 11.766352'/>
				</IndexedFaceSet>
			</Shape>
			<Shape DEF='_IDX_2094'>
				<Appearance USE='Material_80_IDX_80'/>
				<IndexedFaceSet solid="false" coordIndex='0 1 2 3 -1'>
					<Coordinate point='13.238897 6.629086 9.100992 12.711380 9.543353 8.216205 14.767841 10.511807 9.359296 15.346300 7.116908 10.367180'/>
				</IndexedFaceSet>
			</Shape>
			<Shape DEF='_IDX_2095'>
				<Appearance USE='Material_150_IDX_150'/>
				<IndexedFaceSet solid="false" coordIndex='0 1 2 3 -1'>
					<Coordinate point='11.467381 6.168503 7.951545 10.981709 8.677817 7.178505 12.711380 9.543353 8.216205 13.238897 6.629086 9.100992'/>
				</IndexedFaceSet>
			</Shape>
			<Shape DEF='_IDX_2096'>
				<Appearance USE='Material_82_IDX_82'/>
				<IndexedFaceSet solid="false" coordIndex='0 1 2 3 -1'>
					<Coordinate point='9.980172 5.734910 6.904094 9.528419 7.903371 6.232887 10.981709 8.677817 7.178505 11.467381 6.168503 7.951545'/>
				</IndexedFaceSet>
			</Shape>
			<Shape DEF='_IDX_2097'>
				<Appearance USE='Material_83_IDX_83'/>
				<IndexedFaceSet solid="false" coordIndex='0 1 2 3 -1'>
					<Coordinate point='8.733813 5.328336 5.945205 8.308960 7.210237 5.367219 9.528419 7.903371 6.232887 9.980172 5.734910 6.904094'/>
				</IndexedFaceSet>
			</Shape>
			<Shape DEF='_IDX_2098'>
				<Appearance USE='Material_84_IDX_84'/>
				<IndexedFaceSet solid="false" coordIndex='0 1 2 3 -1'>
					<Coordinate point='8.733813 5.328336 5.945205 8.308960 7.210237 5.367219 8.308960 7.210237 5.367219 8.733813 5.328336 5.945205'/>
				</IndexedFaceSet>
			</Shape>
			<Shape DEF='_IDX_2099'>
				<Appearance USE='Material_151_IDX_151'/>
				<IndexedFaceSet solid="false" coordIndex='0 1 2 3 -1'>
					<Coordinate point='7.524493 4.884262 4.911966 7.123244 6.486859 4.434431 8.308960 7.210237 5.367219 8.733813 5.328336 5.945205'/>
				</IndexedFaceSet>
			</Shape>
			<Shape DEF='_IDX_2100'>
				<Appearance USE='Material_152_IDX_152'/>
				<IndexedFaceSet solid="false" coordIndex='0 1 2 3 -1'>
					<Coordinate point='6.549374 4.479374 3.966308 6.163613 5.855167 3.580708 7.123244 6.486859 4.434431 7.524493 4.884262 4.911966'/>
				</IndexedFaceSet>
			</Shape>
			<Shape DEF='_IDX_2101'>
				<Appearance USE='Material_87_IDX_87'/>
				<IndexedFaceSet solid="false" coordIndex='0 1 2 3 -1'>
					<Coordinate point='5.767676 4.115594 3.091370 5.389566 5.307591 2.790831 6.163613 5.855167 3.580708 6.549374 4.479374 3.966308'/>
				</IndexedFaceSet>
			</Shape>
			<Shape DEF='_IDX_2102'>
				<Appearance USE='Material_153_IDX_153'/>
				<IndexedFaceSet solid="false" coordIndex='0 1 2 3 -1'>
					<Coordinate point='5.145932 3.795753 2.271551 4.767474 4.839022 2.050714 5.389566 5.307591 2.790831 5.767676 4.115594 3.091370'/>
				</IndexedFaceSet>
			</Shape>
			<Shape DEF='_IDX_2103'>
				<Appearance USE='Material_89_IDX_89'/>
				<IndexedFaceSet solid="false" coordIndex='0 1 2 3 -1'>
					<Coordinate point='4.656508 3.523799 1.492234 4.269053 4.446705 1.347161 4.767474 4.839022 2.050714 5.145932 3.795753 2.271551'/>
				</IndexedFaceSet>
			</Shape>
			<Shape DEF='_IDX_2104'>
				<Appearance USE='Material_90_IDX_90'/>
				<IndexedFaceSet solid="false" coordIndex='0 1 2 3 -1'>
					<Coordinate point='4.276364 3.305099 0.739525 3.870043 4.130265 0.667629 4.269053 4.446705 1.347161 4.656508 3.523799 1.492234'/>
				</IndexedFaceSet>
			</Shape>
			<Shape DEF='_IDX_2105'>
				<Appearance USE='Material_91_IDX_91'/>
				<IndexedFaceSet solid="false" coordIndex='0 1 2 3 -1'>
					<Coordinate point='3.985995 3.146845 0.000001 3.549030 3.891902 0.000000 3.870043 4.130265 0.667629 4.276364 3.305099 0.739525'/>
				</IndexedFaceSet>
			</Shape>
			<Shape DEF='_IDX_2106'>
				<Appearance USE='Material_154_IDX_154'/>
				<IndexedFaceSet solid="false" coordIndex='0 1 2 3 -1'>
					<Coordinate point='14.767841 10.511807 9.359296 13.518663 13.703238 8.142341 15.777298 15.329383 9.241243 17.210840 11.597383 10.622441'/>
				</IndexedFaceSet>
			</Shape>
			<Shape DEF='_IDX_2107'>
				<Appearance USE='Material_155_IDX_155'/>
				<IndexedFaceSet solid="false" coordIndex='0 1 2 3 -1'>
					<Coordinate point='12.711380 9.543353 8.216205 11.616808 12.278806 7.147881 13.518663 13.703238 8.142341 14.767841 10.511807 9.359296'/>
				</IndexedFaceSet>
			</Shape>
			<Shape DEF='_IDX_2108'>
				<Appearance USE='Material_68_IDX_68'/>
				<IndexedFaceSet solid="false" coordIndex='0 1 2 3 -1'>
					<Coordinate point='10.981709 8.677817 7.178505 10.016444 11.028855 6.245110 11.616808 12.278806 7.147881 12.711380 9.543353 8.216205'/>
				</IndexedFaceSet>
			</Shape>
			<Shape DEF='_IDX_2109'>
				<Appearance USE='Material_156_IDX_156'/>
				<IndexedFaceSet solid="false" coordIndex='0 1 2 3 -1'>
					<Coordinate point='9.528419 7.903371 6.232887 8.670884 9.930527 5.422447 10.016444 11.028855 6.245110 10.981709 8.677817 7.178505'/>
				</IndexedFaceSet>
			</Shape>
			<Shape DEF='_IDX_2110'>
				<Appearance USE='Material_70_IDX_70'/>
				<IndexedFaceSet solid="false" coordIndex='0 1 2 3 -1'>
					<Coordinate point='8.308960 7.210237 5.367219 7.540668 8.964690 4.669339 8.670884 9.930527 5.422447 9.528419 7.903371 6.232887'/>
				</IndexedFaceSet>
			</Shape>
			<Shape DEF='_IDX_2111'>
				<Appearance USE='Material_157_IDX_157'/>
				<IndexedFaceSet solid="false" coordIndex='0 1 2 3 -1'>
					<Coordinate point='8.308960 7.210237 5.367219 7.540668 8.964690 4.669339 7.540668 8.964690 4.669339 8.308960 7.210237 5.367219'/>
				</IndexedFaceSet>
			</Shape>
			<Shape DEF='_IDX_2112'>
				<Appearance USE='Material_72_IDX_72'/>
				<IndexedFaceSet solid="false" coordIndex='0 1 2 3 -1'>
					<Coordinate point='7.123244 6.486859 4.434431 6.439825 7.974838 3.857838 7.540668 8.964690 4.669339 8.308960 7.210237 5.367219'/>
				</IndexedFaceSet>
			</Shape>
			<Shape DEF='_IDX_2113'>
				<Appearance USE='Material_73_IDX_73'/>
				<IndexedFaceSet solid="false" coordIndex='0 1 2 3 -1'>
					<Coordinate point='6.163613 5.855167 3.580708 5.546176 7.125802 3.115122 6.439825 7.974838 3.857838 7.123244 6.486859 4.434431'/>
				</IndexedFaceSet>
			</Shape>
			<Shape DEF='_IDX_2114'>
				<Appearance USE='Material_74_IDX_74'/>
				<IndexedFaceSet solid="false" coordIndex='0 1 2 3 -1'>
					<Coordinate point='5.389566 5.307591 2.790831 4.821702 6.400821 2.427949 5.546176 7.125802 3.115122 6.163613 5.855167 3.580708'/>
				</IndexedFaceSet>
			</Shape>
			<Shape DEF='_IDX_2115'>
				<Appearance USE='Material_75_IDX_75'/>
				<IndexedFaceSet solid="false" coordIndex='0 1 2 3 -1'>
					<Coordinate point='4.767474 4.839022 2.050714 4.234500 5.786995 1.784067 4.821702 6.400821 2.427949 5.389566 5.307591 2.790831'/>
				</IndexedFaceSet>
			</Shape>
			<Shape DEF='_IDX_2116'>
				<Appearance USE='Material_76_IDX_76'/>
				<IndexedFaceSet solid="false" coordIndex='0 1 2 3 -1'>
					<Coordinate point='4.269053 4.446705 1.347161 3.757300 5.274833 1.171995 4.234500 5.786995 1.784067 4.767474 4.839022 2.050714'/>
				</IndexedFaceSet>
			</Shape>
			<Shape DEF='_IDX_2117'>
				<Appearance USE='Material_77_IDX_77'/>
				<IndexedFaceSet solid="false" coordIndex='0 1 2 3 -1'>
					<Coordinate point='3.870043 4.130265 0.667629 3.366098 4.857977 0.580820 3.757300 5.274833 1.171995 4.269053 4.446705 1.347161'/>
				</IndexedFaceSet>
			</Shape>
			<Shape DEF='_IDX_2118'>
				<Appearance USE='Material_78_IDX_78'/>
				<IndexedFaceSet solid="false" coordIndex='0 1 2 3 -1'>
					<Coordinate point='3.549030 3.891902 0.000000 3.038882 4.533147 0.000000 3.366098 4.857977 0.580820 3.870043 4.130265 0.667629'/>
				</IndexedFaceSet>
			</Shape>
			<Shape DEF='_IDX_2119'>
				<Appearance USE='Material_158_IDX_158'/>
				<IndexedFaceSet solid="false" coordIndex='0 1 2 3 -1'>
					<Coordinate point='13.518663 13.703238 8.142341 11.650403 16.544405 6.743498 13.611032 18.654953 7.653612 15.777298 15.329383 9.241243'/>
				</IndexedFaceSet>
			</Shape>
			<Shape DEF='_IDX_2120'>
				<Appearance USE='Material_54_IDX_54'/>
				<IndexedFaceSet solid="false" coordIndex='0 1 2 3 -1'>
					<Coordinate point='11.616808 12.278806 7.147881 9.999073 14.711250 5.919886 11.650403 16.544405 6.743498 13.518663 13.703238 8.142341'/>
				</IndexedFaceSet>
			</Shape>
			<Shape DEF='_IDX_2121'>
				<Appearance USE='Material_55_IDX_55'/>
				<IndexedFaceSet solid="false" coordIndex='0 1 2 3 -1'>
					<Coordinate point='10.016444 11.028855 6.245110 8.609016 13.116555 5.172210 9.999073 14.711250 5.919886 11.616808 12.278806 7.147881'/>
				</IndexedFaceSet>
			</Shape>
			<Shape DEF='_IDX_2122'>
				<Appearance USE='Material_159_IDX_159'/>
				<IndexedFaceSet solid="false" coordIndex='0 1 2 3 -1'>
					<Coordinate point='8.670884 9.930527 5.422447 7.439643 11.727543 4.490879 8.609016 13.116555 5.172210 10.016444 11.028855 6.245110'/>
				</IndexedFaceSet>
			</Shape>
			<Shape DEF='_IDX_2123'>
				<Appearance USE='Material_57_IDX_57'/>
				<IndexedFaceSet solid="false" coordIndex='0 1 2 3 -1'>
					<Coordinate point='7.540668 8.964690 4.669339 6.456610 10.516660 3.867154 7.439643 11.727543 4.490879 8.670884 9.930527 5.422447'/>
				</IndexedFaceSet>
			</Shape>
			<Shape DEF='_IDX_2124'>
				<Appearance USE='Material_58_IDX_58'/>
				<IndexedFaceSet solid="false" coordIndex='0 1 2 3 -1'>
					<Coordinate point='7.540668 8.964690 4.669339 6.456610 10.516660 3.867154 6.456610 10.516660 3.867154 7.540668 8.964690 4.669339'/>
				</IndexedFaceSet>
			</Shape>
			<Shape DEF='_IDX_2125'>
				<Appearance USE='Material_59_IDX_59'/>
				<IndexedFaceSet solid="false" coordIndex='0 1 2 3 -1'>
					<Coordinate point='6.439825 7.974838 3.857838 5.497788 9.286859 3.195067 6.456610 10.516660 3.867154 7.540668 8.964690 4.669339'/>
				</IndexedFaceSet>
			</Shape>
			<Shape DEF='_IDX_2126'>
				<Appearance USE='Material_160_IDX_160'/>
				<IndexedFaceSet solid="false" coordIndex='0 1 2 3 -1'>
					<Coordinate point='5.546176 7.125802 3.115122 4.717519 8.241399 2.579948 5.497788 9.286859 3.195067 6.439825 7.974838 3.857838'/>
				</IndexedFaceSet>
			</Shape>
			<Shape DEF='_IDX_2127'>
				<Appearance USE='Material_61_IDX_61'/>
				<IndexedFaceSet solid="false" coordIndex='0 1 2 3 -1'>
					<Coordinate point='4.821702 6.400821 2.427949 4.082367 7.355122 2.010831 4.717519 8.241399 2.579948 5.546176 7.125802 3.115122'/>
				</IndexedFaceSet>
			</Shape>
			<Shape DEF='_IDX_2128'>
				<Appearance USE='Material_62_IDX_62'/>
				<IndexedFaceSet solid="false" coordIndex='0 1 2 3 -1'>
					<Coordinate point='4.234500 5.786995 1.784067 3.564020 6.607906 1.477567 4.082367 7.355122 2.010831 4.821702 6.400821 2.427949'/>
				</IndexedFaceSet>
			</Shape>
			<Shape DEF='_IDX_2129'>
				<Appearance USE='Material_161_IDX_161'/>
				<IndexedFaceSet solid="false" coordIndex='0 1 2 3 -1'>
					<Coordinate point='3.757300 5.274833 1.171995 3.137911 5.983871 0.970648 3.564020 6.607906 1.477567 4.234500 5.786995 1.784067'/>
				</IndexedFaceSet>
			</Shape>
			<Shape DEF='_IDX_2130'>
				<Appearance USE='Material_64_IDX_64'/>
				<IndexedFaceSet solid="false" coordIndex='0 1 2 3 -1'>
					<Coordinate point='3.366098 4.857977 0.580820 2.781896 5.470770 0.481036 3.137911 5.983871 0.970648 3.757300 5.274833 1.171995'/>
				</IndexedFaceSet>
			</Shape>
			<Shape DEF='_IDX_2131'>
				<Appearance USE='Material_65_IDX_65'/>
				<IndexedFaceSet solid="false" coordIndex='0 1 2 3 -1'>
					<Coordinate point='3.038882 4.533147 0.000000 2.474922 5.059610 0.000000 2.781896 5.470770 0.481036 3.366098 4.857977 0.580820'/>
				</IndexedFaceSet>
			</Shape>
			<Shape DEF='_IDX_2132'>
				<Appearance USE='Material_162_IDX_162'/>
				<IndexedFaceSet solid="false" coordIndex='0 1 2 3 -1'>
					<Coordinate point='11.650403 16.544405 6.743498 9.245439 18.903963 5.194018 10.809391 21.418751 5.895011 13.611032 18.654953 7.653612'/>
				</IndexedFaceSet>
			</Shape>
			<Shape DEF='_IDX_2133'>
				<Appearance USE='Material_41_IDX_41'/>
				<IndexedFaceSet solid="false" coordIndex='0 1 2 3 -1'>
					<Coordinate point='9.999073 14.711250 5.919886 7.927963 16.729652 4.559650 9.245439 18.903963 5.194018 11.650403 16.544405 6.743498'/>
				</IndexedFaceSet>
			</Shape>
			<Shape DEF='_IDX_2134'>
				<Appearance USE='Material_163_IDX_163'/>
				<IndexedFaceSet solid="false" coordIndex='0 1 2 3 -1'>
					<Coordinate point='8.609016 13.116555 5.172210 6.818629 14.847093 3.983770 7.927963 16.729652 4.559650 9.999073 14.711250 5.919886'/>
				</IndexedFaceSet>
			</Shape>
			<Shape DEF='_IDX_2135'>
				<Appearance USE='Material_43_IDX_43'/>
				<IndexedFaceSet solid="false" coordIndex='0 1 2 3 -1'>
					<Coordinate point='7.439643 11.727543 4.490879 5.885021 13.215207 3.458992 6.818629 14.847093 3.983770 8.609016 13.116555 5.172210'/>
				</IndexedFaceSet>
			</Shape>
			<Shape DEF='_IDX_2136'>
				<Appearance USE='Material_44_IDX_44'/>
				<IndexedFaceSet solid="false" coordIndex='0 1 2 3 -1'>
					<Coordinate point='6.456610 10.516660 3.867154 5.099685 11.799384 2.978582 5.885021 13.215207 3.458992 7.439643 11.727543 4.490879'/>
				</IndexedFaceSet>
			</Shape>
			<Shape DEF='_IDX_2137'>
				<Appearance USE='Material_45_IDX_45'/>
				<IndexedFaceSet solid="false" coordIndex='0 1 2 3 -1'>
					<Coordinate point='6.456610 10.516660 3.867154 5.099685 11.799384 2.978582 5.099685 11.799384 2.978582 6.456610 10.516660 3.867154'/>
				</IndexedFaceSet>
			</Shape>
			<Shape DEF='_IDX_2138'>
				<Appearance USE='Material_46_IDX_46'/>
				<IndexedFaceSet solid="false" coordIndex='0 1 2 3 -1'>
					<Coordinate point='5.497788 9.286859 3.195067 4.332864 10.368573 2.460924 5.099685 11.799384 2.978582 6.456610 10.516660 3.867154'/>
				</IndexedFaceSet>
			</Shape>
			<Shape DEF='_IDX_2139'>
				<Appearance USE='Material_47_IDX_47'/>
				<IndexedFaceSet solid="false" coordIndex='0 1 2 3 -1'>
					<Coordinate point='4.717519 8.241399 2.579948 3.707650 9.158080 1.987143 4.332864 10.368573 2.460924 5.497788 9.286859 3.195067'/>
				</IndexedFaceSet>
			</Shape>
			<Shape DEF='_IDX_2140'>
				<Appearance USE='Material_48_IDX_48'/>
				<IndexedFaceSet solid="false" coordIndex='0 1 2 3 -1'>
					<Coordinate point='4.082367 7.355122 2.010831 3.197086 8.135611 1.548794 3.707650 9.158080 1.987143 4.717519 8.241399 2.579948'/>
				</IndexedFaceSet>
			</Shape>
			<Shape DEF='_IDX_2141'>
				<Appearance USE='Material_49_IDX_49'/>
				<IndexedFaceSet solid="false" coordIndex='0 1 2 3 -1'>
					<Coordinate point='3.564020 6.607906 1.477567 2.778167 7.274827 1.138060 3.197086 8.135611 1.548794 4.082367 7.355122 2.010831'/>
				</IndexedFaceSet>
			</Shape>
			<Shape DEF='_IDX_2142'>
				<Appearance USE='Material_50_IDX_50'/>
				<IndexedFaceSet solid="false" coordIndex='0 1 2 3 -1'>
					<Coordinate point='3.137911 5.983871 0.970648 2.430671 6.554216 0.747618 2.778167 7.274827 1.138060 3.564020 6.607906 1.477567'/>
				</IndexedFaceSet>
			</Shape>
			<Shape DEF='_IDX_2143'>
				<Appearance USE='Material_51_IDX_51'/>
				<IndexedFaceSet solid="false" coordIndex='0 1 2 3 -1'>
					<Coordinate point='2.781896 5.470770 0.481036 2.135973 5.956143 0.370506 2.430671 6.554216 0.747618 3.137911 5.983871 0.970648'/>
				</IndexedFaceSet>
			</Shape>
			<Shape DEF='_IDX_2144'>
				<Appearance USE='Material_52_IDX_52'/>
				<IndexedFaceSet solid="false" coordIndex='0 1 2 3 -1'>
					<Coordinate point='2.474922 5.059610 0.000000 1.875765 5.466074 0.000000 2.135973 5.956143 0.370506 2.781896 5.470770 0.481036'/>
				</IndexedFaceSet>
			</Shape>
			<Shape DEF='_IDX_2145'>
				<Appearance USE='Material_164_IDX_164'/>
				<IndexedFaceSet solid="false" coordIndex='0 1 2 3 -1'>
					<Coordinate point='9.245439 18.903963 5.194018 6.412782 20.672447 3.528512 7.501328 23.491241 4.004725 10.809391 21.418751 5.895011'/>
				</IndexedFaceSet>
			</Shape>
			<Shape DEF='_IDX_2146'>
				<Appearance USE='Material_28_IDX_28'/>
				<IndexedFaceSet solid="false" coordIndex='0 1 2 3 -1'>
					<Coordinate point='7.927963 16.729652 4.559650 5.495668 18.241526 3.097559 6.412782 20.672447 3.528512 9.245439 18.903963 5.194018'/>
				</IndexedFaceSet>
			</Shape>
			<Shape DEF='_IDX_2147'>
				<Appearance USE='Material_165_IDX_165'/>
				<IndexedFaceSet solid="false" coordIndex='0 1 2 3 -1'>
					<Coordinate point='6.818629 14.847093 3.983770 4.723294 16.142380 2.706340 5.495668 18.241526 3.097559 7.927963 16.729652 4.559650'/>
				</IndexedFaceSet>
			</Shape>
			<Shape DEF='_IDX_2148'>
				<Appearance USE='Material_30_IDX_30'/>
				<IndexedFaceSet solid="false" coordIndex='0 1 2 3 -1'>
					<Coordinate point='5.885021 13.215207 3.458992 4.073075 14.327674 2.349836 4.723294 16.142380 2.706340 6.818629 14.847093 3.983770'/>
				</IndexedFaceSet>
			</Shape>
			<Shape DEF='_IDX_2149'>
				<Appearance USE='Material_31_IDX_31'/>
				<IndexedFaceSet solid="false" coordIndex='0 1 2 3 -1'>
					<Coordinate point='5.099685 11.799384 2.978582 3.525874 12.757475 2.023474 4.073075 14.327674 2.349836 5.885021 13.215207 3.458992'/>
				</IndexedFaceSet>
			</Shape>
			<Shape DEF='_IDX_2150'>
				<Appearance USE='Material_32_IDX_32'/>
				<IndexedFaceSet solid="false" coordIndex='0 1 2 3 -1'>
					<Coordinate point='5.099685 11.799384 2.978582 3.525874 12.757475 2.023474 3.525874 12.757475 2.023474 5.099685 11.799384 2.978582'/>
				</IndexedFaceSet>
			</Shape>
			<Shape DEF='_IDX_2151'>
				<Appearance USE='Material_33_IDX_33'/>
				<IndexedFaceSet solid="false" coordIndex='0 1 2 3 -1'>
					<Coordinate point='4.332864 10.368573 2.460924 2.991161 11.175056 1.671807 3.525874 12.757475 2.023474 5.099685 11.799384 2.978582'/>
				</IndexedFaceSet>
			</Shape>
			<Shape DEF='_IDX_2152'>
				<Appearance USE='Material_34_IDX_34'/>
				<IndexedFaceSet solid="false" coordIndex='0 1 2 3 -1'>
					<Coordinate point='3.707650 9.158080 1.987143 2.554593 9.839808 1.349949 2.991161 11.175056 1.671807 4.332864 10.368573 2.460924'/>
				</IndexedFaceSet>
			</Shape>
			<Shape DEF='_IDX_2153'>
				<Appearance USE='Material_35_IDX_35'/>
				<IndexedFaceSet solid="false" coordIndex='0 1 2 3 -1'>
					<Coordinate point='3.197086 8.135611 1.548794 2.197258 8.713986 1.052160 2.554593 9.839808 1.349949 3.707650 9.158080 1.987143'/>
				</IndexedFaceSet>
			</Shape>
			<Shape DEF='_IDX_2154'>
				<Appearance USE='Material_166_IDX_166'/>
				<IndexedFaceSet solid="false" coordIndex='0 1 2 3 -1'>
					<Coordinate point='2.778167 7.274827 1.138060 1.902918 7.766453 0.773132 2.197258 8.713986 1.052160 3.197086 8.135611 1.548794'/>
				</IndexedFaceSet>
			</Shape>
			<Shape DEF='_IDX_2155'>
				<Appearance USE='Material_167_IDX_167'/>
				<IndexedFaceSet solid="false" coordIndex='0 1 2 3 -1'>
					<Coordinate point='2.430671 6.554216 0.747618 1.657145 6.971251 0.507888 1.902918 7.766453 0.773132 2.778167 7.274827 1.138060'/>
				</IndexedFaceSet>
			</Shape>
			<Shape DEF='_IDX_2156'>
				<Appearance USE='Material_38_IDX_38'/>
				<IndexedFaceSet solid="false" coordIndex='0 1 2 3 -1'>
					<Coordinate point='2.135973 5.956143 0.370506 1.446421 6.306336 0.251700 1.657145 6.971251 0.507888 2.430671 6.554216 0.747618'/>
				</IndexedFaceSet>
			</Shape>
			<Shape DEF='_IDX_2157'>
				<Appearance USE='Material_39_IDX_39'/>
				<IndexedFaceSet solid="false" coordIndex='0 1 2 3 -1'>
					<Coordinate point='1.875765 5.466074 0.000000 1.257076 5.752384 0.000000 1.446421 6.306336 0.251700 2.135973 5.956143 0.370506'/>
				</IndexedFaceSet>
			</Shape>
			<Shape DEF='_IDX_2158'>
				<Appearance USE='Material_14_IDX_14'/>
				<IndexedFaceSet solid="false" coordIndex='0 1 2 3 -1'>
					<Coordinate point='6.412782 20.672447 3.528512 3.282650 21.767603 1.784184 3.840981 24.775066 2.024981 7.501328 23.491241 4.004725'/>
				</IndexedFaceSet>
			</Shape>
			<Shape DEF='_IDX_2159'>
				<Appearance USE='Material_168_IDX_168'/>
				<IndexedFaceSet solid="false" coordIndex='0 1 2 3 -1'>
					<Coordinate point='5.495668 18.241526 3.097559 2.812212 19.177408 1.566274 3.282650 21.767603 1.784184 6.412782 20.672447 3.528512'/>
				</IndexedFaceSet>
			</Shape>
			<Shape DEF='_IDX_2160'>
				<Appearance USE='Material_16_IDX_16'/>
				<IndexedFaceSet solid="false" coordIndex='0 1 2 3 -1'>
					<Coordinate point='4.723294 16.142380 2.706340 2.415972 16.943806 1.368455 2.812212 19.177408 1.566274 5.495668 18.241526 3.097559'/>
				</IndexedFaceSet>
			</Shape>
			<Shape DEF='_IDX_2161'>
				<Appearance USE='Material_17_IDX_17'/>
				<IndexedFaceSet solid="false" coordIndex='0 1 2 3 -1'>
					<Coordinate point='4.073075 14.327674 2.349836 2.082341 15.015573 1.188190 2.415972 16.943806 1.368455 4.723294 16.142380 2.706340'/>
				</IndexedFaceSet>
			</Shape>
			<Shape DEF='_IDX_2162'>
				<Appearance USE='Material_18_IDX_18'/>
				<IndexedFaceSet solid="false" coordIndex='0 1 2 3 -1'>
					<Coordinate point='3.525874 12.757475 2.023474 1.801493 13.349461 1.023165 2.082341 15.015573 1.188190 4.073075 14.327674 2.349836'/>
				</IndexedFaceSet>
			</Shape>
			<Shape DEF='_IDX_2163'>
				<Appearance USE='Material_19_IDX_19'/>
				<IndexedFaceSet solid="false" coordIndex='0 1 2 3 -1'>
					<Coordinate point='3.525874 12.757475 2.023474 1.801493 13.349461 1.023165 1.801493 13.349461 1.023165 3.525874 12.757475 2.023474'/>
				</IndexedFaceSet>
			</Shape>
			<Shape DEF='_IDX_2164'>
				<Appearance USE='Material_20_IDX_20'/>
				<IndexedFaceSet solid="false" coordIndex='0 1 2 3 -1'>
					<Coordinate point='2.991161 11.175056 1.671807 1.526925 11.672770 0.845346 1.801493 13.349461 1.023165 3.525874 12.757475 2.023474'/>
				</IndexedFaceSet>
			</Shape>
			<Shape DEF='_IDX_2165'>
				<Appearance USE='Material_21_IDX_21'/>
				<IndexedFaceSet solid="false" coordIndex='0 1 2 3 -1'>
					<Coordinate point='2.554593 9.839808 1.349949 1.302569 10.259825 0.682599 1.526925 11.672770 0.845346 2.991161 11.175056 1.671807'/>
				</IndexedFaceSet>
			</Shape>
			<Shape DEF='_IDX_2166'>
				<Appearance USE='Material_22_IDX_22'/>
				<IndexedFaceSet solid="false" coordIndex='0 1 2 3 -1'>
					<Coordinate point='2.197258 8.713986 1.052160 1.118673 9.069468 0.532022 1.302569 10.259825 0.682599 2.554593 9.839808 1.349949'/>
				</IndexedFaceSet>
			</Shape>
			<Shape DEF='_IDX_2167'>
				<Appearance USE='Material_23_IDX_23'/>
				<IndexedFaceSet solid="false" coordIndex='0 1 2 3 -1'>
					<Coordinate point='1.902918 7.766453 0.773132 0.966835 8.067514 0.390932 1.118673 9.069468 0.532022 2.197258 8.713986 1.052160'/>
				</IndexedFaceSet>
			</Shape>
			<Shape DEF='_IDX_2168'>
				<Appearance USE='Material_24_IDX_24'/>
				<IndexedFaceSet solid="false" coordIndex='0 1 2 3 -1'>
					<Coordinate point='1.657145 6.971251 0.507888 0.839539 7.225150 0.256812 0.966835 8.067514 0.390932 1.902918 7.766453 0.773132'/>
				</IndexedFaceSet>
			</Shape>
			<Shape DEF='_IDX_2169'>
				<Appearance USE='Material_25_IDX_25'/>
				<IndexedFaceSet solid="false" coordIndex='0 1 2 3 -1'>
					<Coordinate point='1.446421 6.306336 0.251700 0.729656 6.517410 0.127272 0.839539 7.225150 0.256812 1.657145 6.971251 0.507888'/>
				</IndexedFaceSet>
			</Shape>
			<Shape DEF='_IDX_2170'>
				<Appearance USE='Material_26_IDX_26'/>
				<IndexedFaceSet solid="false" coordIndex='0 1 2 3 -1'>
					<Coordinate point='1.257076 5.752384 0.000000 0.629839 5.921650 0.000000 0.729656 6.517410 0.127272 1.446421 6.306336 0.251700'/>
				</IndexedFaceSet>
			</Shape>
			<Shape DEF='_IDX_2171'>
				<Appearance USE='Material_169_IDX_169'/>
				<IndexedFaceSet solid="false" coordIndex='0 1 2 3 -1'>
					<Coordinate point='3.282650 21.767603 1.784184 0.000002 22.138418 0.000001 0.000003 25.209831 0.000001 3.840981 24.775066 2.024981'/>
				</IndexedFaceSet>
			</Shape>
			<Shape DEF='_IDX_2172'>
				<Appearance USE='Material_2_IDX_2'/>
				<IndexedFaceSet solid="false" coordIndex='0 1 2 3 -1'>
					<Coordinate point='2.812212 19.177408 1.566274 0.000002 19.494234 0.000001 0.000002 22.138418 0.000001 3.282650 21.767603 1.784184'/>
				</IndexedFaceSet>
			</Shape>
			<Shape DEF='_IDX_2173'>
				<Appearance USE='Material_170_IDX_170'/>
				<IndexedFaceSet solid="false" coordIndex='0 1 2 3 -1'>
					<Coordinate point='2.415972 16.943806 1.368455 0.000002 17.215050 0.000001 0.000002 19.494234 0.000001 2.812212 19.177408 1.566274'/>
				</IndexedFaceSet>
			</Shape>
			<Shape DEF='_IDX_2174'>
				<Appearance USE='Material_171_IDX_171'/>
				<IndexedFaceSet solid="false" coordIndex='0 1 2 3 -1'>
					<Coordinate point='2.082341 15.015573 1.188190 0.000001 15.248323 0.000001 0.000002 17.215050 0.000001 2.415972 16.943806 1.368455'/>
				</IndexedFaceSet>
			</Shape>
			<Shape DEF='_IDX_2175'>
				<Appearance USE='Material_5_IDX_5'/>
				<IndexedFaceSet solid="false" coordIndex='0 1 2 3 -1'>
					<Coordinate point='1.801493 13.349461 1.023165 0.000001 13.549685 0.000001 0.000001 15.248323 0.000001 2.082341 15.015573 1.188190'/>
				</IndexedFaceSet>
			</Shape>
			<Shape DEF='_IDX_2176'>
				<Appearance USE='Material_172_IDX_172'/>
				<IndexedFaceSet solid="false" coordIndex='0 1 2 3 -1'>
					<Coordinate point='1.801493 13.349461 1.023165 0.000001 13.549685 0.000001 0.000001 13.549685 0.000001 1.801493 13.349461 1.023165'/>
				</IndexedFaceSet>
			</Shape>
			<Shape DEF='_IDX_2177'>
				<Appearance USE='Material_173_IDX_173'/>
				<IndexedFaceSet solid="false" coordIndex='0 1 2 3 -1'>
					<Coordinate point='1.526925 11.672770 0.845346 0.000001 11.841008 0.000001 0.000001 13.549685 0.000001 1.801493 13.349461 1.023165'/>
				</IndexedFaceSet>
			</Shape>
			<Shape DEF='_IDX_2178'>
				<Appearance USE='Material_8_IDX_8'/>
				<IndexedFaceSet solid="false" coordIndex='0 1 2 3 -1'>
					<Coordinate point='1.302569 10.259825 0.682599 0.000001 10.401681 0.000000 0.000001 11.841008 0.000001 1.526925 11.672770 0.845346'/>
				</IndexedFaceSet>
			</Shape>
			<Shape DEF='_IDX_2179'>
				<Appearance USE='Material_9_IDX_9'/>
				<IndexedFaceSet solid="false" coordIndex='0 1 2 3 -1'>
					<Coordinate point='1.118673 9.069468 0.532022 0.000001 9.189380 0.000000 0.000001 10.401681 0.000000 1.302569 10.259825 0.682599'/>
				</IndexedFaceSet>
			</Shape>
			<Shape DEF='_IDX_2180'>
				<Appearance USE='Material_10_IDX_10'/>
				<IndexedFaceSet solid="false" coordIndex='0 1 2 3 -1'>
					<Coordinate point='0.966835 8.067514 0.390932 0.000001 8.168880 0.000000 0.000001 9.189380 0.000000 1.118673 9.069468 0.532022'/>
				</IndexedFaceSet>
			</Shape>
			<Shape DEF='_IDX_2181'>
				<Appearance USE='Material_11_IDX_11'/>
				<IndexedFaceSet solid="false" coordIndex='0 1 2 3 -1'>
					<Coordinate point='0.839539 7.225150 0.256812 0.000001 7.310373 0.000000 0.000001 8.168880 0.000000 0.966835 8.067514 0.390932'/>
				</IndexedFaceSet>
			</Shape>
			<Shape DEF='_IDX_2182'>
				<Appearance USE='Material_174_IDX_174'/>
				<IndexedFaceSet solid="false" coordIndex='0 1 2 3 -1'>
					<Coordinate point='0.729656 6.517410 0.127272 0.000000 6.587874 0.000000 0.000001 7.310373 0.000000 0.839539 7.225150 0.256812'/>
				</IndexedFaceSet>
			</Shape>
			<Shape DEF='_IDX_2183'>
				<Appearance USE='Material_175_IDX_175'/>
				<IndexedFaceSet solid="false" coordIndex='0 1 2 3 -1'>
					<Coordinate point='0.629839 5.921650 0.000000 0.000000 5.977540 0.000000 0.000000 6.587874 0.000000 0.729656 6.517410 0.127272'/>
				</IndexedFaceSet>
			</Shape>
		</Group>
	</Scene>
</X3D>
