<?xml version="1.0" encoding="UTF-8"?>
<!DOCTYPE X3D PUBLIC "ISO//Web3D//DTD X3D 3.3//EN" "http://www.web3d.org/specifications/x3d-3.3.dtd">
<X3D profile='Interchange' version='3.3' xmlns:xsd='http://www.w3.org/2001/XMLSchema-instance' xsd:noNamespaceSchemaLocation='http://www.web3d.org/specifications/x3d-3.3.xsd'>
	<head>
	<!-- All "meta" from this section tou will found in <Scene> node as MetadataString nodes. -->
	</head>
	<Scene>
		<Group>
			<Shape DEF='_IDX_0'>
				<Appearance DEF='Material_1_IDX_1'>
					<Material diffuseColor='0.552634 0.735662 0.406517'/>
					
				</Appearance>
				<IndexedFaceSet solid="false" coordIndex='0 1 2 3 -1'>
					<Coordinate point='0.000000 9.468711 -0.000000 -1.173419 9.355393 0.593106 -1.435009 10.953707 0.690888 -0.000000 11.091305 -0.000000'/>
				</IndexedFaceSet>
			</Shape>
			<Shape DEF='_IDX_1'>
				<Appearance DEF='Material_2_IDX_2'>
					<Material diffuseColor='0.546944 0.734829 0.411474'/>
					
				</Appearance>
				<IndexedFaceSet solid="false" coordIndex='0 1 2 3 -1'>
					<Coordinate point='0.000000 8.129131 0.000000 -0.961180 8.035491 0.504603 -1.173419 9.355393 0.593106 0.000000 9.468711 -0.000000'/>
				</IndexedFaceSet>
			</Shape>
			<Shape DEF='_IDX_2'>
				<Appearance DEF='Material_3_IDX_3'>
					<Material diffuseColor='0.541779 0.734073 0.415974'/>
					
				</Appearance>
				<IndexedFaceSet solid="false" coordIndex='0 1 2 3 -1'>
					<Coordinate point='-0.000000 7.023395 0.000000 -0.789110 6.945699 0.423995 -0.961180 8.035491 0.504603 0.000000 8.129131 0.000000'/>
				</IndexedFaceSet>
			</Shape>
			<Shape DEF='_IDX_3'>
				<Appearance DEF='Material_4_IDX_4'>
					<Material diffuseColor='0.537058 0.733382 0.420087'/>
					
				</Appearance>
				<IndexedFaceSet solid="false" coordIndex='0 1 2 3 -1'>
					<Coordinate point='0.000000 6.111654 0.000000 -0.649705 6.046887 0.350020 -0.789110 6.945699 0.423995 -0.000000 7.023395 0.000000'/>
				</IndexedFaceSet>
			</Shape>
			<Shape DEF='_IDX_4'>
				<Appearance DEF='Material_5_IDX_5'>
					<Material diffuseColor='0.534798 0.733051 0.422055'/>
					
				</Appearance>
				<IndexedFaceSet solid="false" coordIndex='0 1 2 3 -1'>
					<Coordinate point='0.000000 6.111654 0.000000 -0.649705 6.046887 0.350020 -0.649705 6.046887 0.350020 0.000000 6.111654 0.000000'/>
				</IndexedFaceSet>
			</Shape>
			<Shape DEF='_IDX_5'>
				<Appearance DEF='Material_6_IDX_6'>
					<Material diffuseColor='0.533281 0.732828 0.423377'/>
					
				</Appearance>
				<IndexedFaceSet solid="false" coordIndex='0 1 2 3 -1'>
					<Coordinate point='0.000000 5.558225 0.000000 -0.566248 5.501223 0.300335 -0.649705 6.046887 0.350020 0.000000 6.111654 0.000000'/>
				</IndexedFaceSet>
			</Shape>
			<Shape DEF='_IDX_6'>
				<Appearance DEF='Material_7_IDX_7'>
					<Material diffuseColor='0.530320 0.732395 0.425957'/>
					
				</Appearance>
				<IndexedFaceSet solid="false" coordIndex='0 1 2 3 -1'>
					<Coordinate point='-0.000000 5.078068 -0.000000 -0.494490 5.027783 0.253071 -0.566248 5.501223 0.300335 0.000000 5.558225 0.000000'/>
				</IndexedFaceSet>
			</Shape>
			<Shape DEF='_IDX_7'>
				<Appearance DEF='Material_8_IDX_8'>
					<Material diffuseColor='0.527495 0.731981 0.428418'/>
					
				</Appearance>
				<IndexedFaceSet solid="false" coordIndex='0 1 2 3 -1'>
					<Coordinate point='-0.000000 4.662533 -0.000000 -0.432701 4.618097 0.207849 -0.494490 5.027783 0.253071 -0.000000 5.078068 -0.000000'/>
				</IndexedFaceSet>
			</Shape>
			<Shape DEF='_IDX_8'>
				<Appearance DEF='Material_9_IDX_9'>
					<Material diffuseColor='0.524784 0.731584 0.430780'/>
					
				</Appearance>
				<IndexedFaceSet solid="false" coordIndex='0 1 2 3 -1'>
					<Coordinate point='0.000000 4.304084 -0.000000 -0.379314 4.264802 0.164302 -0.432701 4.618097 0.207849 -0.000000 4.662533 -0.000000'/>
				</IndexedFaceSet>
			</Shape>
			<Shape DEF='_IDX_9'>
				<Appearance DEF='Material_10_IDX_10'>
					<Material diffuseColor='0.522164 0.731201 0.433062'/>
					
				</Appearance>
				<IndexedFaceSet solid="false" coordIndex='0 1 2 3 -1'>
					<Coordinate point='-0.000000 3.996075 0.000000 -0.332865 3.961426 0.122081 -0.379314 4.264802 0.164302 0.000000 4.304084 -0.000000'/>
				</IndexedFaceSet>
			</Shape>
			<Shape DEF='_IDX_10'>
				<Appearance DEF='Material_11_IDX_11'>
					<Material diffuseColor='0.519615 0.730828 0.435283'/>
					
				</Appearance>
				<IndexedFaceSet solid="false" coordIndex='0 1 2 3 -1'>
					<Coordinate point='-0.000000 3.732518 0.000000 -0.291925 3.702176 0.080845 -0.332865 3.961426 0.122081 -0.000000 3.996075 0.000000'/>
				</IndexedFaceSet>
			</Shape>
			<Shape DEF='_IDX_11'>
				<Appearance DEF='Material_12_IDX_12'>
					<Material diffuseColor='0.517116 0.730462 0.437460'/>
					
				</Appearance>
				<IndexedFaceSet solid="false" coordIndex='0 1 2 3 -1'>
					<Coordinate point='0.000000 3.507840 0.000000 -0.255009 3.481704 0.040260 -0.291925 3.702176 0.080845 -0.000000 3.732518 0.000000'/>
				</IndexedFaceSet>
			</Shape>
			<Shape DEF='_IDX_12'>
				<Appearance DEF='Material_13_IDX_13'>
					<Material diffuseColor='0.514647 0.730100 0.439611'/>
					
				</Appearance>
				<IndexedFaceSet solid="false" coordIndex='0 1 2 3 -1'>
					<Coordinate point='0.000000 3.316568 0.000000 -0.220454 3.294843 -0.000000 -0.255009 3.481704 0.040260 0.000000 3.507840 0.000000'/>
				</IndexedFaceSet>
			</Shape>
			<Shape DEF='_IDX_13'>
				<Appearance DEF='Material_14_IDX_14'>
					<Material diffuseColor='0.631342 0.743444 0.344133'/>
					
				</Appearance>
				<IndexedFaceSet solid="false" coordIndex='0 1 2 3 -1'>
					<Coordinate point='-1.173419 9.355393 0.593106 -2.307328 9.019126 1.178753 -2.821480 10.545449 1.373088 -1.435009 10.953707 0.690888'/>
				</IndexedFaceSet>
			</Shape>
			<Shape DEF='_IDX_14'>
				<Appearance DEF='Material_15_IDX_15'>
					<Material diffuseColor='0.613775 0.743647 0.354851'/>
					
				</Appearance>
				<IndexedFaceSet solid="false" coordIndex='0 1 2 3 -1'>
					<Coordinate point='-0.961180 8.035491 0.504603 -1.890201 7.757560 1.002860 -2.307328 9.019126 1.178753 -1.173419 9.355393 0.593106'/>
				</IndexedFaceSet>
			</Shape>
			<Shape DEF='_IDX_15'>
				<Appearance DEF='Material_16_IDX_16'>
					<Material diffuseColor='0.598146 0.742326 0.366868'/>
					
				</Appearance>
				<IndexedFaceSet solid="false" coordIndex='0 1 2 3 -1'>
					<Coordinate point='-0.789110 6.945699 0.423995 -1.552061 6.715028 0.842658 -1.890201 7.757560 1.002860 -0.961180 8.035491 0.504603'/>
				</IndexedFaceSet>
			</Shape>
			<Shape DEF='_IDX_16'>
				<Appearance DEF='Material_17_IDX_17'>
					<Material diffuseColor='0.584042 0.740261 0.379156'/>
					
				</Appearance>
				<IndexedFaceSet solid="false" coordIndex='0 1 2 3 -1'>
					<Coordinate point='-0.649705 6.046887 0.350020 -1.278186 5.854522 0.695639 -1.552061 6.715028 0.842658 -0.789110 6.945699 0.423995'/>
				</IndexedFaceSet>
			</Shape>
			<Shape DEF='_IDX_17'>
				<Appearance DEF='Material_18_IDX_18'>
					<Material diffuseColor='0.577292 0.739273 0.385036'/>
					
				</Appearance>
				<IndexedFaceSet solid="false" coordIndex='0 1 2 3 -1'>
					<Coordinate point='-0.649705 6.046887 0.350020 -1.278186 5.854522 0.695639 -1.278186 5.854522 0.695639 -0.649705 6.046887 0.350020'/>
				</IndexedFaceSet>
			</Shape>
			<Shape DEF='_IDX_18'>
				<Appearance DEF='Material_19_IDX_19'>
					<Material diffuseColor='0.572758 0.738609 0.388985'/>
					
				</Appearance>
				<IndexedFaceSet solid="false" coordIndex='0 1 2 3 -1'>
					<Coordinate point='-0.566248 5.501223 0.300335 -1.114296 5.331850 0.596892 -1.278186 5.854522 0.695639 -0.649705 6.046887 0.350020'/>
				</IndexedFaceSet>
			</Shape>
			<Shape DEF='_IDX_19'>
				<Appearance DEF='Material_20_IDX_20'>
					<Material diffuseColor='0.563912 0.737314 0.396692'/>
					
				</Appearance>
				<IndexedFaceSet solid="false" coordIndex='0 1 2 3 -1'>
					<Coordinate point='-0.494490 5.027783 0.253071 -0.973463 4.878281 0.502960 -1.114296 5.331850 0.596892 -0.566248 5.501223 0.300335'/>
				</IndexedFaceSet>
			</Shape>
			<Shape DEF='_IDX_20'>
				<Appearance DEF='Material_21_IDX_21'>
					<Material diffuseColor='0.555473 0.736078 0.404044'/>
					
				</Appearance>
				<IndexedFaceSet solid="false" coordIndex='0 1 2 3 -1'>
					<Coordinate point='-0.432701 4.618097 0.207849 -0.852314 4.485875 0.413083 -0.973463 4.878281 0.502960 -0.494490 5.027783 0.253071'/>
				</IndexedFaceSet>
			</Shape>
			<Shape DEF='_IDX_21'>
				<Appearance DEF='Material_22_IDX_22'>
					<Material diffuseColor='0.547374 0.734892 0.411100'/>
					
				</Appearance>
				<IndexedFaceSet solid="false" coordIndex='0 1 2 3 -1'>
					<Coordinate point='-0.379314 4.264802 0.164302 -0.747804 4.147771 0.326539 -0.852314 4.485875 0.413083 -0.432701 4.618097 0.207849'/>
				</IndexedFaceSet>
			</Shape>
			<Shape DEF='_IDX_22'>
				<Appearance DEF='Material_23_IDX_23'>
					<Material diffuseColor='0.539548 0.733746 0.417917'/>
					
				</Appearance>
				<IndexedFaceSet solid="false" coordIndex='0 1 2 3 -1'>
					<Coordinate point='-0.332865 3.961426 0.122081 -0.657110 3.858004 0.242627 -0.747804 4.147771 0.326539 -0.379314 4.264802 0.164302'/>
				</IndexedFaceSet>
			</Shape>
			<Shape DEF='_IDX_23'>
				<Appearance DEF='Material_24_IDX_24'>
					<Material diffuseColor='0.531933 0.732631 0.424551'/>
					
				</Appearance>
				<IndexedFaceSet solid="false" coordIndex='0 1 2 3 -1'>
					<Coordinate point='-0.291925 3.702176 0.080845 -0.577506 3.611325 0.160673 -0.657110 3.858004 0.242627 -0.332865 3.961426 0.122081'/>
				</IndexedFaceSet>
			</Shape>
			<Shape DEF='_IDX_24'>
				<Appearance DEF='Material_25_IDX_25'>
					<Material diffuseColor='0.524467 0.731538 0.431055'/>
					
				</Appearance>
				<IndexedFaceSet solid="false" coordIndex='0 1 2 3 -1'>
					<Coordinate point='-0.255009 3.481704 0.040260 -0.506213 3.403022 0.080014 -0.577506 3.611325 0.160673 -0.291925 3.702176 0.080845'/>
				</IndexedFaceSet>
			</Shape>
			<Shape DEF='_IDX_25'>
				<Appearance DEF='Material_26_IDX_26'>
					<Material diffuseColor='0.517090 0.730458 0.437482'/>
					
				</Appearance>
				<IndexedFaceSet solid="false" coordIndex='0 1 2 3 -1'>
					<Coordinate point='-0.220454 3.294843 -0.000000 -0.440190 3.228743 0.000000 -0.506213 3.403022 0.080014 -0.255009 3.481704 0.040260'/>
				</IndexedFaceSet>
			</Shape>
			<Shape DEF='_IDX_26'>
				<Appearance DEF='Material_27_IDX_27'>
					<Material diffuseColor='0.709936 0.741418 0.297069'/>
					
				</Appearance>
				<IndexedFaceSet solid="false" coordIndex='0 1 2 3 -1'>
					<Coordinate point='-2.307328 9.019126 1.178753 -3.363564 8.470840 1.749576 -4.112538 9.879983 2.038020 -2.821480 10.545449 1.373088'/>
				</IndexedFaceSet>
			</Shape>
			<Shape DEF='_IDX_27'>
				<Appearance DEF='Material_28_IDX_28'>
					<Material diffuseColor='0.681336 0.742865 0.313629'/>
					
				</Appearance>
				<IndexedFaceSet solid="false" coordIndex='0 1 2 3 -1'>
					<Coordinate point='-1.890201 7.757560 1.002860 -2.755982 7.304209 1.488506 -3.363564 8.470840 1.749576 -2.307328 9.019126 1.178753'/>
				</IndexedFaceSet>
			</Shape>
			<Shape DEF='_IDX_28'>
				<Appearance DEF='Material_29_IDX_29'>
					<Material diffuseColor='0.654981 0.743170 0.329710'/>
					
				</Appearance>
				<IndexedFaceSet solid="false" coordIndex='0 1 2 3 -1'>
					<Coordinate point='-1.552061 6.715028 0.842658 -2.263553 6.338552 1.250723 -2.755982 7.304209 1.488506 -1.890201 7.757560 1.002860'/>
				</IndexedFaceSet>
			</Shape>
			<Shape DEF='_IDX_29'>
				<Appearance DEF='Material_30_IDX_30'>
					<Material diffuseColor='0.630890 0.743449 0.344409'/>
					
				</Appearance>
				<IndexedFaceSet solid="false" coordIndex='0 1 2 3 -1'>
					<Coordinate point='-1.278186 5.854522 0.695639 -1.864880 5.540309 1.032509 -2.263553 6.338552 1.250723 -1.552061 6.715028 0.842658'/>
				</IndexedFaceSet>
			</Shape>
			<Shape DEF='_IDX_30'>
				<Appearance DEF='Material_31_IDX_31'>
					<Material diffuseColor='0.619361 0.743582 0.351443'/>
					
				</Appearance>
				<IndexedFaceSet solid="false" coordIndex='0 1 2 3 -1'>
					<Coordinate point='-1.278186 5.854522 0.695639 -1.864880 5.540309 1.032509 -1.864880 5.540309 1.032509 -1.278186 5.854522 0.695639'/>
				</IndexedFaceSet>
			</Shape>
			<Shape DEF='_IDX_31'>
				<Appearance DEF='Material_32_IDX_32'>
					<Material diffuseColor='0.611618 0.743672 0.356167'/>
					
				</Appearance>
				<IndexedFaceSet solid="false" coordIndex='0 1 2 3 -1'>
					<Coordinate point='-1.114296 5.331850 0.596892 -1.626471 5.054965 0.885944 -1.864880 5.540309 1.032509 -1.278186 5.854522 0.695639'/>
				</IndexedFaceSet>
			</Shape>
			<Shape DEF='_IDX_32'>
				<Appearance DEF='Material_33_IDX_33'>
					<Material diffuseColor='0.596870 0.742139 0.367980'/>
					
				</Appearance>
				<IndexedFaceSet solid="false" coordIndex='0 1 2 3 -1'>
					<Coordinate point='-0.973463 4.878281 0.502960 -1.421801 4.633603 0.746523 -1.626471 5.054965 0.885944 -1.114296 5.331850 0.596892'/>
				</IndexedFaceSet>
			</Shape>
			<Shape DEF='_IDX_33'>
				<Appearance DEF='Material_34_IDX_34'>
					<Material diffuseColor='0.582923 0.740097 0.380130'/>
					
				</Appearance>
				<IndexedFaceSet solid="false" coordIndex='0 1 2 3 -1'>
					<Coordinate point='-0.852314 4.485875 0.413083 -1.246011 4.269128 0.613123 -1.421801 4.633603 0.746523 -0.973463 4.878281 0.502960'/>
				</IndexedFaceSet>
			</Shape>
			<Shape DEF='_IDX_34'>
				<Appearance DEF='Material_35_IDX_35'>
					<Material diffuseColor='0.569537 0.738137 0.391792'/>
					
				</Appearance>
				<IndexedFaceSet solid="false" coordIndex='0 1 2 3 -1'>
					<Coordinate point='-0.747804 4.147771 0.326539 -1.094747 3.955475 0.484668 -1.246011 4.269128 0.613123 -0.852314 4.485875 0.413083'/>
				</IndexedFaceSet>
			</Shape>
			<Shape DEF='_IDX_35'>
				<Appearance DEF='Material_36_IDX_36'>
					<Material diffuseColor='0.556603 0.736243 0.403059'/>
					
				</Appearance>
				<IndexedFaceSet solid="false" coordIndex='0 1 2 3 -1'>
					<Coordinate point='-0.657110 3.858004 0.242627 -0.964015 3.687460 0.360122 -1.094747 3.955475 0.484668 -0.747804 4.147771 0.326539'/>
				</IndexedFaceSet>
			</Shape>
			<Shape DEF='_IDX_36'>
				<Appearance DEF='Material_37_IDX_37'>
					<Material diffuseColor='0.544018 0.734401 0.414023'/>
					
				</Appearance>
				<IndexedFaceSet solid="false" coordIndex='0 1 2 3 -1'>
					<Coordinate point='-0.577506 3.611325 0.160673 -0.850025 3.460651 0.238480 -0.964015 3.687460 0.360122 -0.657110 3.858004 0.242627'/>
				</IndexedFaceSet>
			</Shape>
			<Shape DEF='_IDX_37'>
				<Appearance DEF='Material_38_IDX_38'>
					<Material diffuseColor='0.531679 0.732594 0.424772'/>
					
				</Appearance>
				<IndexedFaceSet solid="false" coordIndex='0 1 2 3 -1'>
					<Coordinate point='-0.506213 3.403022 0.080014 -0.749009 3.271251 0.118761 -0.850025 3.460651 0.238480 -0.577506 3.611325 0.160673'/>
				</IndexedFaceSet>
			</Shape>
			<Shape DEF='_IDX_38'>
				<Appearance DEF='Material_39_IDX_39'>
					<Material diffuseColor='0.519488 0.730809 0.435393'/>
					
				</Appearance>
				<IndexedFaceSet solid="false" coordIndex='0 1 2 3 -1'>
					<Coordinate point='-0.440190 3.228743 0.000000 -0.656998 3.116020 0.000000 -0.749009 3.271251 0.118761 -0.506213 3.403022 0.080014'/>
				</IndexedFaceSet>
			</Shape>
			<Shape DEF='_IDX_39'>
				<Appearance DEF='Material_40_IDX_40'>
					<Material diffuseColor='0.780258 0.724580 0.266950'/>
					
				</Appearance>
				<IndexedFaceSet solid="false" coordIndex='0 1 2 3 -1'>
					<Coordinate point='-3.363564 8.470840 1.749576 -4.306609 7.728347 2.298398 -5.264586 8.979218 2.677323 -4.112538 9.879983 2.038020'/>
				</IndexedFaceSet>
			</Shape>
			<Shape DEF='_IDX_40'>
				<Appearance DEF='Material_41_IDX_41'>
					<Material diffuseColor='0.743372 0.733412 0.282748'/>
					
				</Appearance>
				<IndexedFaceSet solid="false" coordIndex='0 1 2 3 -1'>
					<Coordinate point='-2.755982 7.304209 1.488506 -3.529570 6.689898 1.955433 -4.306609 7.728347 2.298398 -3.363564 8.470840 1.749576'/>
				</IndexedFaceSet>
			</Shape>
			<Shape DEF='_IDX_41'>
				<Appearance DEF='Material_42_IDX_42'>
					<Material diffuseColor='0.709887 0.741430 0.297090'/>
					
				</Appearance>
				<IndexedFaceSet solid="false" coordIndex='0 1 2 3 -1'>
					<Coordinate point='-2.263553 6.338552 1.250723 -2.899971 5.827975 1.643061 -3.529570 6.689898 1.955433 -2.755982 7.304209 1.488506'/>
				</IndexedFaceSet>
			</Shape>
			<Shape DEF='_IDX_42'>
				<Appearance DEF='Material_43_IDX_43'>
					<Material diffuseColor='0.677011 0.742915 0.316268'/>
					
				</Appearance>
				<IndexedFaceSet solid="false" coordIndex='0 1 2 3 -1'>
					<Coordinate point='-1.864880 5.540309 1.032509 -2.390532 5.113656 1.356395 -2.899971 5.827975 1.643061 -2.263553 6.338552 1.250723'/>
				</IndexedFaceSet>
			</Shape>
			<Shape DEF='_IDX_43'>
				<Appearance DEF='Material_44_IDX_44'>
					<Material diffuseColor='0.661075 0.743100 0.325991'/>
					
				</Appearance>
				<IndexedFaceSet solid="false" coordIndex='0 1 2 3 -1'>
					<Coordinate point='-1.864880 5.540309 1.032509 -2.390532 5.113656 1.356395 -2.390532 5.113656 1.356395 -1.864880 5.540309 1.032509'/>
				</IndexedFaceSet>
			</Shape>
			<Shape DEF='_IDX_44'>
				<Appearance DEF='Material_45_IDX_45'>
					<Material diffuseColor='0.650371 0.743224 0.332522'/>
					
				</Appearance>
				<IndexedFaceSet solid="false" coordIndex='0 1 2 3 -1'>
					<Coordinate point='-1.626471 5.054965 0.885944 -2.086160 4.678536 1.163854 -2.390532 5.113656 1.356395 -1.864880 5.540309 1.032509'/>
				</IndexedFaceSet>
			</Shape>
			<Shape DEF='_IDX_45'>
				<Appearance DEF='Material_46_IDX_46'>
					<Material diffuseColor='0.629485 0.743465 0.345266'/>
					
				</Appearance>
				<IndexedFaceSet solid="false" coordIndex='0 1 2 3 -1'>
					<Coordinate point='-1.421801 4.633603 0.746523 -1.825198 4.300409 0.980699 -2.086160 4.678536 1.163854 -1.626471 5.054965 0.885944'/>
				</IndexedFaceSet>
			</Shape>
			<Shape DEF='_IDX_46'>
				<Appearance DEF='Material_47_IDX_47'>
					<Material diffuseColor='0.609561 0.743696 0.357423'/>
					
				</Appearance>
				<IndexedFaceSet solid="false" coordIndex='0 1 2 3 -1'>
					<Coordinate point='-1.246011 4.269128 0.613123 -1.601521 3.973289 0.805453 -1.825198 4.300409 0.980699 -1.421801 4.633603 0.746523'/>
				</IndexedFaceSet>
			</Shape>
			<Shape DEF='_IDX_47'>
				<Appearance DEF='Material_48_IDX_48'>
					<Material diffuseColor='0.590994 0.741279 0.373099'/>
					
				</Appearance>
				<IndexedFaceSet solid="false" coordIndex='0 1 2 3 -1'>
					<Coordinate point='-1.094747 3.955475 0.484668 -1.409688 3.692141 0.636703 -1.601521 3.973289 0.805453 -1.246011 4.269128 0.613123'/>
				</IndexedFaceSet>
			</Shape>
			<Shape DEF='_IDX_48'>
				<Appearance DEF='Material_49_IDX_49'>
					<Material diffuseColor='0.573116 0.738661 0.388674'/>
					
				</Appearance>
				<IndexedFaceSet solid="false" coordIndex='0 1 2 3 -1'>
					<Coordinate point='-0.964015 3.687460 0.360122 -1.244778 3.452766 0.473088 -1.409688 3.692141 0.636703 -1.094747 3.955475 0.484668'/>
				</IndexedFaceSet>
			</Shape>
			<Shape DEF='_IDX_49'>
				<Appearance DEF='Material_50_IDX_50'>
					<Material diffuseColor='0.555718 0.736114 0.403830'/>
					
				</Appearance>
				<IndexedFaceSet solid="false" coordIndex='0 1 2 3 -1'>
					<Coordinate point='-0.850025 3.460651 0.238480 -1.102213 3.251723 0.313288 -1.244778 3.452766 0.473088 -0.964015 3.687460 0.360122'/>
				</IndexedFaceSet>
			</Shape>
			<Shape DEF='_IDX_50'>
				<Appearance DEF='Material_51_IDX_51'>
					<Material diffuseColor='0.538662 0.733616 0.418689'/>
					
				</Appearance>
				<IndexedFaceSet solid="false" coordIndex='0 1 2 3 -1'>
					<Coordinate point='-0.749009 3.271251 0.118761 -0.977582 3.086274 0.156015 -1.102213 3.251723 0.313288 -0.850025 3.460651 0.238480'/>
				</IndexedFaceSet>
			</Shape>
			<Shape DEF='_IDX_51'>
				<Appearance DEF='Material_52_IDX_52'>
					<Material diffuseColor='0.521809 0.731149 0.433371'/>
					
				</Appearance>
				<IndexedFaceSet solid="false" coordIndex='0 1 2 3 -1'>
					<Coordinate point='-0.656998 3.116020 0.000000 -0.866434 2.954366 0.000000 -0.977582 3.086274 0.156015 -0.749009 3.271251 0.118761'/>
				</IndexedFaceSet>
			</Shape>
			<Shape DEF='_IDX_52'>
				<Appearance DEF='Material_53_IDX_53'>
					<Material diffuseColor='0.835254 0.691417 0.246507'/>
					
				</Appearance>
				<IndexedFaceSet solid="false" coordIndex='0 1 2 3 -1'>
					<Coordinate point='-4.306609 7.728347 2.298398 -5.104803 6.815737 2.818316 -6.238798 7.872774 3.282957 -5.264586 8.979218 2.677323'/>
				</IndexedFaceSet>
			</Shape>
			<Shape DEF='_IDX_53'>
				<Appearance DEF='Material_54_IDX_54'>
					<Material diffuseColor='0.799333 0.717663 0.259146'/>
					
				</Appearance>
				<IndexedFaceSet solid="false" coordIndex='0 1 2 3 -1'>
					<Coordinate point='-3.529570 6.689898 1.955433 -4.185116 5.934201 2.397769 -5.104803 6.815737 2.818316 -4.306609 7.728347 2.298398'/>
				</IndexedFaceSet>
			</Shape>
			<Shape DEF='_IDX_54'>
				<Appearance DEF='Material_55_IDX_55'>
					<Material diffuseColor='0.758432 0.729806 0.276298'/>
					
				</Appearance>
				<IndexedFaceSet solid="false" coordIndex='0 1 2 3 -1'>
					<Coordinate point='-2.899971 5.827975 1.643061 -3.440177 5.199164 2.014735 -4.185116 5.934201 2.397769 -3.529570 6.689898 1.955433'/>
				</IndexedFaceSet>
			</Shape>
			<Shape DEF='_IDX_55'>
				<Appearance DEF='Material_56_IDX_56'>
					<Material diffuseColor='0.719742 0.739070 0.292869'/>
					
				</Appearance>
				<IndexedFaceSet solid="false" coordIndex='0 1 2 3 -1'>
					<Coordinate point='-2.390532 5.113656 1.356395 -2.837821 4.587349 1.663223 -3.440177 5.199164 2.014735 -2.899971 5.827975 1.643061'/>
				</IndexedFaceSet>
			</Shape>
			<Shape DEF='_IDX_56'>
				<Appearance DEF='Material_57_IDX_57'>
					<Material diffuseColor='0.700892 0.742639 0.301697'/>
					
				</Appearance>
				<IndexedFaceSet solid="false" coordIndex='0 1 2 3 -1'>
					<Coordinate point='-2.390532 5.113656 1.356395 -2.837821 4.587349 1.663223 -2.837821 4.587349 1.663223 -2.390532 5.113656 1.356395'/>
				</IndexedFaceSet>
			</Shape>
			<Shape DEF='_IDX_57'>
				<Appearance DEF='Material_58_IDX_58'>
					<Material diffuseColor='0.687362 0.742796 0.309952'/>
					
				</Appearance>
				<IndexedFaceSet solid="false" coordIndex='0 1 2 3 -1'>
					<Coordinate point='-2.086160 4.678536 1.163854 -2.478327 4.213444 1.427128 -2.837821 4.587349 1.663223 -2.390532 5.113656 1.356395'/>
				</IndexedFaceSet>
			</Shape>
			<Shape DEF='_IDX_58'>
				<Appearance DEF='Material_59_IDX_59'>
					<Material diffuseColor='0.660962 0.743101 0.326060'/>
					
				</Appearance>
				<IndexedFaceSet solid="false" coordIndex='0 1 2 3 -1'>
					<Coordinate point='-1.825198 4.300409 0.980699 -2.170582 3.887857 1.202542 -2.478327 4.213444 1.427128 -2.086160 4.678536 1.163854'/>
				</IndexedFaceSet>
			</Shape>
			<Shape DEF='_IDX_59'>
				<Appearance DEF='Material_60_IDX_60'>
					<Material diffuseColor='0.635777 0.743393 0.341427'/>
					
				</Appearance>
				<IndexedFaceSet solid="false" coordIndex='0 1 2 3 -1'>
					<Coordinate point='-1.601521 3.973289 0.805453 -1.907461 3.605923 0.987654 -2.170582 3.887857 1.202542 -1.825198 4.300409 0.980699'/>
				</IndexedFaceSet>
			</Shape>
			<Shape DEF='_IDX_60'>
				<Appearance DEF='Material_61_IDX_61'>
					<Material diffuseColor='0.611604 0.743672 0.356176'/>
					
				</Appearance>
				<IndexedFaceSet solid="false" coordIndex='0 1 2 3 -1'>
					<Coordinate point='-1.409688 3.692141 0.636703 -1.682694 3.363805 0.780731 -1.907461 3.605923 0.987654 -1.601521 3.973289 0.805453'/>
				</IndexedFaceSet>
			</Shape>
			<Shape DEF='_IDX_61'>
				<Appearance DEF='Material_62_IDX_62'>
					<Material diffuseColor='0.588877 0.740969 0.374943'/>
					
				</Appearance>
				<IndexedFaceSet solid="false" coordIndex='0 1 2 3 -1'>
					<Coordinate point='-1.244778 3.452766 0.473088 -1.490693 3.158426 0.580105 -1.682694 3.363805 0.780731 -1.409688 3.692141 0.636703'/>
				</IndexedFaceSet>
			</Shape>
			<Shape DEF='_IDX_62'>
				<Appearance DEF='Material_63_IDX_63'>
					<Material diffuseColor='0.566887 0.737749 0.394101'/>
					
				</Appearance>
				<IndexedFaceSet solid="false" coordIndex='0 1 2 3 -1'>
					<Coordinate point='-1.102213 3.251723 0.313288 -1.326375 2.987425 0.384157 -1.490693 3.158426 0.580105 -1.244778 3.452766 0.473088'/>
				</IndexedFaceSet>
			</Shape>
			<Shape DEF='_IDX_63'>
				<Appearance DEF='Material_64_IDX_64'>
					<Material diffuseColor='0.545327 0.734592 0.412883'/>
					
				</Appearance>
				<IndexedFaceSet solid="false" coordIndex='0 1 2 3 -1'>
					<Coordinate point='-0.977582 3.086274 0.156015 -1.185004 2.849144 0.191307 -1.326375 2.987425 0.384157 -1.102213 3.251723 0.313288'/>
				</IndexedFaceSet>
			</Shape>
			<Shape DEF='_IDX_64'>
				<Appearance DEF='Material_65_IDX_65'>
					<Material diffuseColor='0.524025 0.731473 0.431440'/>
					
				</Appearance>
				<IndexedFaceSet solid="false" coordIndex='0 1 2 3 -1'>
					<Coordinate point='-0.866434 2.954366 0.000000 -1.062012 2.742658 0.000000 -1.185004 2.849144 0.191307 -0.977582 3.086274 0.156015'/>
				</IndexedFaceSet>
			</Shape>
			<Shape DEF='_IDX_65'>
				<Appearance DEF='Material_66_IDX_66'>
					<Material diffuseColor='0.874575 0.644827 0.230657'/>
					
				</Appearance>
				<IndexedFaceSet solid="false" coordIndex='0 1 2 3 -1'>
					<Coordinate point='-5.104803 6.815737 2.818316 -5.731437 5.762568 3.302792 -7.002459 6.596974 3.847306 -6.238798 7.872774 3.282957'/>
				</IndexedFaceSet>
			</Shape>
			<Shape DEF='_IDX_66'>
				<Appearance DEF='Material_67_IDX_67'>
					<Material diffuseColor='0.840883 0.687304 0.244526'/>
					
				</Appearance>
				<IndexedFaceSet solid="false" coordIndex='0 1 2 3 -1'>
					<Coordinate point='-4.185116 5.934201 2.397769 -4.700762 5.061161 2.809952 -5.731437 5.762568 3.302792 -5.104803 6.815737 2.818316'/>
				</IndexedFaceSet>
			</Shape>
			<Shape DEF='_IDX_67'>
				<Appearance DEF='Material_68_IDX_68'>
					<Material diffuseColor='0.801872 0.715807 0.258252'/>
					
				</Appearance>
				<IndexedFaceSet solid="false" coordIndex='0 1 2 3 -1'>
					<Coordinate point='-3.440177 5.199164 2.014735 -3.866222 4.471644 2.361074 -4.700762 5.061161 2.809952 -4.185116 5.934201 2.397769'/>
				</IndexedFaceSet>
			</Shape>
			<Shape DEF='_IDX_68'>
				<Appearance DEF='Material_69_IDX_69'>
					<Material diffuseColor='0.757769 0.729965 0.276582'/>
					
				</Appearance>
				<IndexedFaceSet solid="false" coordIndex='0 1 2 3 -1'>
					<Coordinate point='-2.837821 4.587349 1.663223 -3.191932 3.977185 1.949136 -3.866222 4.471644 2.361074 -3.440177 5.199164 2.014735'/>
				</IndexedFaceSet>
			</Shape>
			<Shape DEF='_IDX_69'>
				<Appearance DEF='Material_70_IDX_70'>
					<Material diffuseColor='0.735620 0.735268 0.286068'/>
					
				</Appearance>
				<IndexedFaceSet solid="false" coordIndex='0 1 2 3 -1'>
					<Coordinate point='-2.837821 4.587349 1.663223 -3.191932 3.977185 1.949136 -3.191932 3.977185 1.949136 -2.837821 4.587349 1.663223'/>
				</IndexedFaceSet>
			</Shape>
			<Shape DEF='_IDX_70'>
				<Appearance DEF='Material_71_IDX_71'>
					<Material diffuseColor='0.720743 0.738830 0.292440'/>
					
				</Appearance>
				<IndexedFaceSet solid="false" coordIndex='0 1 2 3 -1'>
					<Coordinate point='-2.478327 4.213444 1.427128 -2.790009 3.673186 1.672455 -3.191932 3.977185 1.949136 -2.837821 4.587349 1.663223'/>
				</IndexedFaceSet>
			</Shape>
			<Shape DEF='_IDX_71'>
				<Appearance DEF='Material_72_IDX_72'>
					<Material diffuseColor='0.690543 0.742759 0.308011'/>
					
				</Appearance>
				<IndexedFaceSet solid="false" coordIndex='0 1 2 3 -1'>
					<Coordinate point='-2.170582 3.887857 1.202542 -2.446549 3.407395 1.409262 -2.790009 3.673186 1.672455 -2.478327 4.213444 1.427128'/>
				</IndexedFaceSet>
			</Shape>
			<Shape DEF='_IDX_72'>
				<Appearance DEF='Material_73_IDX_73'>
					<Material diffuseColor='0.660415 0.743107 0.326394'/>
					
				</Appearance>
				<IndexedFaceSet solid="false" coordIndex='0 1 2 3 -1'>
					<Coordinate point='-1.907461 3.605923 0.987654 -2.153717 3.176614 1.157434 -2.446549 3.407395 1.409262 -2.170582 3.887857 1.202542'/>
				</IndexedFaceSet>
			</Shape>
			<Shape DEF='_IDX_73'>
				<Appearance DEF='Material_74_IDX_74'>
					<Material diffuseColor='0.631497 0.743442 0.344038'/>
					
				</Appearance>
				<IndexedFaceSet solid="false" coordIndex='0 1 2 3 -1'>
					<Coordinate point='-1.682694 3.363805 0.780731 -1.904691 2.978319 0.914941 -2.153717 3.176614 1.157434 -1.907461 3.605923 0.987654'/>
				</IndexedFaceSet>
			</Shape>
			<Shape DEF='_IDX_74'>
				<Appearance DEF='Material_75_IDX_75'>
					<Material diffuseColor='0.603690 0.743138 0.362039'/>
					
				</Appearance>
				<IndexedFaceSet solid="false" coordIndex='0 1 2 3 -1'>
					<Coordinate point='-1.490693 3.158426 0.580105 -1.693478 2.810621 0.679826 -1.904691 2.978319 0.914941 -1.682694 3.363805 0.780731'/>
				</IndexedFaceSet>
			</Shape>
			<Shape DEF='_IDX_75'>
				<Appearance DEF='Material_76_IDX_76'>
					<Material diffuseColor='0.577382 0.739286 0.384957'/>
					
				</Appearance>
				<IndexedFaceSet solid="false" coordIndex='0 1 2 3 -1'>
					<Coordinate point='-1.326375 2.987425 0.384157 -1.514755 2.672260 0.450194 -1.693478 2.810621 0.679826 -1.490693 3.158426 0.580105'/>
				</IndexedFaceSet>
			</Shape>
			<Shape DEF='_IDX_76'>
				<Appearance DEF='Material_77_IDX_77'>
					<Material diffuseColor='0.551591 0.735510 0.407426'/>
					
				</Appearance>
				<IndexedFaceSet solid="false" coordIndex='0 1 2 3 -1'>
					<Coordinate point='-1.185004 2.849144 0.191307 -1.363719 2.562617 0.224193 -1.514755 2.672260 0.450194 -1.326375 2.987425 0.384157'/>
				</IndexedFaceSet>
			</Shape>
			<Shape DEF='_IDX_77'>
				<Appearance DEF='Material_78_IDX_78'>
					<Material diffuseColor='0.526108 0.731778 0.429626'/>
					
				</Appearance>
				<IndexedFaceSet solid="false" coordIndex='0 1 2 3 -1'>
					<Coordinate point='-1.062012 2.742658 0.000000 -1.235951 2.481771 0.000000 -1.363719 2.562617 0.224193 -1.185004 2.849144 0.191307'/>
				</IndexedFaceSet>
			</Shape>
			<Shape DEF='_IDX_78'>
				<Appearance DEF='Material_79_IDX_79'>
					<Material diffuseColor='0.898979 0.587597 0.217628'/>
					
				</Appearance>
				<IndexedFaceSet solid="false" coordIndex='0 1 2 3 -1'>
					<Coordinate point='-5.731437 5.762568 3.302792 -6.165666 4.602868 3.745734 -7.530095 5.193601 4.363273 -7.002459 6.596974 3.847306'/>
				</IndexedFaceSet>
			</Shape>
			<Shape DEF='_IDX_79'>
				<Appearance DEF='Material_80_IDX_80'>
					<Material diffuseColor='0.872070 0.650702 0.231995'/>
					
				</Appearance>
				<IndexedFaceSet solid="false" coordIndex='0 1 2 3 -1'>
					<Coordinate point='-4.700762 5.061161 2.809952 -5.059389 4.098490 3.186798 -6.165666 4.602868 3.745734 -5.731437 5.762568 3.302792'/>
				</IndexedFaceSet>
			</Shape>
			<Shape DEF='_IDX_80'>
				<Appearance DEF='Material_81_IDX_81'>
					<Material diffuseColor='0.834328 0.692094 0.246833'/>
					
				</Appearance>
				<IndexedFaceSet solid="false" coordIndex='0 1 2 3 -1'>
					<Coordinate point='-3.866222 4.471644 2.361074 -4.163965 3.667967 2.677720 -5.059389 4.098490 3.186798 -4.700762 5.061161 2.809952'/>
				</IndexedFaceSet>
			</Shape>
			<Shape DEF='_IDX_81'>
				<Appearance DEF='Material_82_IDX_82'>
					<Material diffuseColor='0.792883 0.721557 0.261543'/>
					
				</Appearance>
				<IndexedFaceSet solid="false" coordIndex='0 1 2 3 -1'>
					<Coordinate point='-3.191932 3.977185 1.949136 -3.441079 3.301479 2.210537 -4.163965 3.667967 2.677720 -3.866222 4.471644 2.361074'/>
				</IndexedFaceSet>
			</Shape>
			<Shape DEF='_IDX_82'>
				<Appearance DEF='Material_83_IDX_83'>
					<Material diffuseColor='0.767378 0.727664 0.272467'/>
					
				</Appearance>
				<IndexedFaceSet solid="false" coordIndex='0 1 2 3 -1'>
					<Coordinate point='-3.191932 3.977185 1.949136 -3.441079 3.301479 2.210537 -3.441079 3.301479 2.210537 -3.191932 3.977185 1.949136'/>
				</IndexedFaceSet>
			</Shape>
			<Shape DEF='_IDX_83'>
				<Appearance DEF='Material_84_IDX_84'>
					<Material diffuseColor='0.750247 0.731766 0.279804'/>
					
				</Appearance>
				<IndexedFaceSet solid="false" coordIndex='0 1 2 3 -1'>
					<Coordinate point='-2.790009 3.673186 1.672455 -3.010774 3.073490 1.896750 -3.441079 3.301479 2.210537 -3.191932 3.977185 1.949136'/>
				</IndexedFaceSet>
			</Shape>
			<Shape DEF='_IDX_84'>
				<Appearance DEF='Material_85_IDX_85'>
					<Material diffuseColor='0.716821 0.739770 0.294120'/>
					
				</Appearance>
				<IndexedFaceSet solid="false" coordIndex='0 1 2 3 -1'>
					<Coordinate point='-2.446549 3.407395 1.409262 -2.643767 2.872468 1.598260 -3.010774 3.073490 1.896750 -2.790009 3.673186 1.672455'/>
				</IndexedFaceSet>
			</Shape>
			<Shape DEF='_IDX_85'>
				<Appearance DEF='Material_86_IDX_86'>
					<Material diffuseColor='0.683164 0.742844 0.312513'/>
					
				</Appearance>
				<IndexedFaceSet solid="false" coordIndex='0 1 2 3 -1'>
					<Coordinate point='-2.153717 3.176614 1.157434 -2.331825 2.696772 1.312659 -2.643767 2.872468 1.598260 -2.446549 3.407395 1.409262'/>
				</IndexedFaceSet>
			</Shape>
			<Shape DEF='_IDX_86'>
				<Appearance DEF='Material_87_IDX_87'>
					<Material diffuseColor='0.649865 0.743230 0.332831'/>
					
				</Appearance>
				<IndexedFaceSet solid="false" coordIndex='0 1 2 3 -1'>
					<Coordinate point='-1.904691 2.978319 0.914941 -2.067845 2.545245 1.037645 -2.331825 2.696772 1.312659 -2.153717 3.176614 1.157434'/>
				</IndexedFaceSet>
			</Shape>
			<Shape DEF='_IDX_87'>
				<Appearance DEF='Material_88_IDX_88'>
					<Material diffuseColor='0.617692 0.743602 0.352461'/>
					
				</Appearance>
				<IndexedFaceSet solid="false" coordIndex='0 1 2 3 -1'>
					<Coordinate point='-1.693478 2.810621 0.679826 -1.845686 2.417205 0.770999 -2.067845 2.545245 1.037645 -1.904691 2.978319 0.914941'/>
				</IndexedFaceSet>
			</Shape>
			<Shape DEF='_IDX_88'>
				<Appearance DEF='Material_89_IDX_89'>
					<Material diffuseColor='0.587074 0.740705 0.376514'/>
					
				</Appearance>
				<IndexedFaceSet solid="false" coordIndex='0 1 2 3 -1'>
					<Coordinate point='-1.514755 2.672260 0.450194 -1.660015 2.312465 0.510570 -1.845686 2.417205 0.770999 -1.693478 2.810621 0.679826'/>
				</IndexedFaceSet>
			</Shape>
			<Shape DEF='_IDX_89'>
				<Appearance DEF='Material_90_IDX_90'>
					<Material diffuseColor='0.557375 0.736356 0.402387'/>
					
				</Appearance>
				<IndexedFaceSet solid="false" coordIndex='0 1 2 3 -1'>
					<Coordinate point='-1.363719 2.562617 0.224193 -1.506176 2.231370 0.254260 -1.660015 2.312465 0.510570 -1.514755 2.672260 0.450194'/>
				</IndexedFaceSet>
			</Shape>
			<Shape DEF='_IDX_90'>
				<Appearance DEF='Material_91_IDX_91'>
					<Material diffuseColor='0.528030 0.732060 0.427951'/>
					
				</Appearance>
				<IndexedFaceSet solid="false" coordIndex='0 1 2 3 -1'>
					<Coordinate point='-1.235951 2.481771 0.000000 -1.380081 2.174859 0.000000 -1.506176 2.231370 0.254260 -1.363719 2.562617 0.224193'/>
				</IndexedFaceSet>
			</Shape>
			<Shape DEF='_IDX_91'>
				<Appearance DEF='Material_92_IDX_92'>
					<Material diffuseColor='0.901997 0.513976 0.203437'/>
					
				</Appearance>
				<IndexedFaceSet solid="false" coordIndex='0 1 2 3 -1'>
					<Coordinate point='-6.165666 4.602868 3.745734 -6.393238 3.373976 4.141571 -7.804354 3.708471 4.824369 -7.530095 5.193601 4.363273'/>
				</IndexedFaceSet>
			</Shape>
			<Shape DEF='_IDX_92'>
				<Appearance DEF='Material_93_IDX_93'>
					<Material diffuseColor='0.890940 0.606451 0.221921'/>
					
				</Appearance>
				<IndexedFaceSet solid="false" coordIndex='0 1 2 3 -1'>
					<Coordinate point='-5.059389 4.098490 3.186798 -5.249219 3.076638 3.523568 -6.393238 3.373976 4.141571 -6.165666 4.602868 3.745734'/>
				</IndexedFaceSet>
			</Shape>
			<Shape DEF='_IDX_93'>
				<Appearance DEF='Material_94_IDX_94'>
					<Material diffuseColor='0.863604 0.670555 0.236515'/>
					
				</Appearance>
				<IndexedFaceSet solid="false" coordIndex='0 1 2 3 -1'>
					<Coordinate point='-4.163965 3.667967 2.677720 -4.323574 2.812973 2.960693 -5.249219 3.076638 3.523568 -5.059389 4.098490 3.186798'/>
				</IndexedFaceSet>
			</Shape>
			<Shape DEF='_IDX_94'>
				<Appearance DEF='Material_95_IDX_95'>
					<Material diffuseColor='0.817732 0.704219 0.252672'/>
					
				</Appearance>
				<IndexedFaceSet solid="false" coordIndex='0 1 2 3 -1'>
					<Coordinate point='-3.441079 3.301479 2.210537 -3.576924 2.580487 2.444139 -4.323574 2.812973 2.960693 -4.163965 3.667967 2.677720'/>
				</IndexedFaceSet>
			</Shape>
			<Shape DEF='_IDX_95'>
				<Appearance DEF='Material_96_IDX_96'>
					<Material diffuseColor='0.795744 0.720285 0.260409'/>
					
				</Appearance>
				<IndexedFaceSet solid="false" coordIndex='0 1 2 3 -1'>
					<Coordinate point='-3.441079 3.301479 2.210537 -3.576924 2.580487 2.444139 -3.576924 2.580487 2.444139 -3.441079 3.301479 2.210537'/>
				</IndexedFaceSet>
			</Shape>
			<Shape DEF='_IDX_96'>
				<Appearance DEF='Material_97_IDX_97'>
					<Material diffuseColor='0.776931 0.725377 0.268375'/>
					
				</Appearance>
				<IndexedFaceSet solid="false" coordIndex='0 1 2 3 -1'>
					<Coordinate point='-3.010774 3.073490 1.896750 -3.133106 2.431837 2.097192 -3.576924 2.580487 2.444139 -3.441079 3.301479 2.210537'/>
				</IndexedFaceSet>
			</Shape>
			<Shape DEF='_IDX_97'>
				<Appearance DEF='Material_98_IDX_98'>
					<Material diffuseColor='0.739526 0.734333 0.284395'/>
					
				</Appearance>
				<IndexedFaceSet solid="false" coordIndex='0 1 2 3 -1'>
					<Coordinate point='-2.643767 2.872468 1.598260 -2.755352 2.298138 1.767158 -3.133106 2.431837 2.097192 -3.010774 3.073490 1.896750'/>
				</IndexedFaceSet>
			</Shape>
			<Shape DEF='_IDX_98'>
				<Appearance DEF='Material_99_IDX_99'>
					<Material diffuseColor='0.703739 0.742606 0.299959'/>
					
				</Appearance>
				<IndexedFaceSet solid="false" coordIndex='0 1 2 3 -1'>
					<Coordinate point='-2.331825 2.696772 1.312659 -2.435333 2.179338 1.451376 -2.755352 2.298138 1.767158 -2.643767 2.872468 1.598260'/>
				</IndexedFaceSet>
			</Shape>
			<Shape DEF='_IDX_99'>
				<Appearance DEF='Material_100_IDX_100'>
					<Material diffuseColor='0.666478 0.743037 0.322695'/>
					
				</Appearance>
				<IndexedFaceSet solid="false" coordIndex='0 1 2 3 -1'>
					<Coordinate point='-2.067845 2.545245 1.037645 -2.165941 2.075649 1.147299 -2.435333 2.179338 1.451376 -2.331825 2.696772 1.312659'/>
				</IndexedFaceSet>
			</Shape>
			<Shape DEF='_IDX_100'>
				<Appearance DEF='Material_101_IDX_101'>
					<Material diffuseColor='0.630476 0.743454 0.344661'/>
					
				</Appearance>
				<IndexedFaceSet solid="false" coordIndex='0 1 2 3 -1'>
					<Coordinate point='-1.845686 2.417205 0.770999 -1.941124 1.987570 0.852475 -2.165941 2.075649 1.147299 -2.067845 2.545245 1.037645'/>
				</IndexedFaceSet>
			</Shape>
			<Shape DEF='_IDX_101'>
				<Appearance DEF='Material_102_IDX_102'>
					<Material diffuseColor='0.595839 0.741988 0.368878'/>
					
				</Appearance>
				<IndexedFaceSet solid="false" coordIndex='0 1 2 3 -1'>
					<Coordinate point='-1.660015 2.312465 0.510570 -1.755742 1.915933 0.564526 -1.941124 1.987570 0.852475 -1.845686 2.417205 0.770999'/>
				</IndexedFaceSet>
			</Shape>
			<Shape DEF='_IDX_102'>
				<Appearance DEF='Material_103_IDX_103'>
					<Material diffuseColor='0.562606 0.737122 0.397830'/>
					
				</Appearance>
				<IndexedFaceSet solid="false" coordIndex='0 1 2 3 -1'>
					<Coordinate point='-1.506176 2.231370 0.254260 -1.605459 1.861949 0.281129 -1.755742 1.915933 0.564526 -1.660015 2.312465 0.510570'/>
				</IndexedFaceSet>
			</Shape>
			<Shape DEF='_IDX_103'>
				<Appearance DEF='Material_104_IDX_104'>
					<Material diffuseColor='0.529769 0.732314 0.426436'/>
					
				</Appearance>
				<IndexedFaceSet solid="false" coordIndex='0 1 2 3 -1'>
					<Coordinate point='-1.380081 2.174859 0.000000 -1.486643 1.827281 0.000000 -1.605459 1.861949 0.281129 -1.506176 2.231370 0.254260'/>
				</IndexedFaceSet>
			</Shape>
			<Shape DEF='_IDX_104'>
				<Appearance DEF='Material_105_IDX_105'>
					<Material diffuseColor='0.901536 0.445405 0.190335'/>
					
				</Appearance>
				<IndexedFaceSet solid="false" coordIndex='0 1 2 3 -1'>
					<Coordinate point='-6.393238 3.373976 4.141571 -6.406996 2.115282 4.485324 -7.816613 2.189867 5.224796 -7.804354 3.708471 4.824369'/>
				</IndexedFaceSet>
			</Shape>
			<Shape DEF='_IDX_105'>
				<Appearance DEF='Material_106_IDX_106'>
					<Material diffuseColor='0.901336 0.560273 0.212249'/>
					
				</Appearance>
				<IndexedFaceSet solid="false" coordIndex='0 1 2 3 -1'>
					<Coordinate point='-5.249219 3.076638 3.523568 -5.264234 2.027772 3.816027 -6.406996 2.115282 4.485324 -6.393238 3.373976 4.141571'/>
				</IndexedFaceSet>
			</Shape>
			<Shape DEF='_IDX_106'>
				<Appearance DEF='Material_107_IDX_107'>
					<Material diffuseColor='0.877679 0.637548 0.229000'/>
					
				</Appearance>
				<IndexedFaceSet solid="false" coordIndex='0 1 2 3 -1'>
					<Coordinate point='-4.323574 2.812973 2.960693 -4.339887 1.932970 3.206433 -5.264234 2.027772 3.816027 -5.249219 3.076638 3.523568'/>
				</IndexedFaceSet>
			</Shape>
			<Shape DEF='_IDX_107'>
				<Appearance DEF='Material_108_IDX_108'>
					<Material diffuseColor='0.839306 0.688457 0.245081'/>
					
				</Appearance>
				<IndexedFaceSet solid="false" coordIndex='0 1 2 3 -1'>
					<Coordinate point='-3.576924 2.580487 2.444139 -3.594900 1.835756 2.647005 -4.339887 1.932970 3.206433 -4.323574 2.812973 2.960693'/>
				</IndexedFaceSet>
			</Shape>
			<Shape DEF='_IDX_108'>
				<Appearance DEF='Material_109_IDX_109'>
					<Material diffuseColor='0.815256 0.706029 0.253543'/>
					
				</Appearance>
				<IndexedFaceSet solid="false" coordIndex='0 1 2 3 -1'>
					<Coordinate point='-3.576924 2.580487 2.444139 -3.594900 1.835756 2.647005 -3.594900 1.835756 2.647005 -3.576924 2.580487 2.444139'/>
				</IndexedFaceSet>
			</Shape>
			<Shape DEF='_IDX_109'>
				<Appearance DEF='Material_110_IDX_110'>
					<Material diffuseColor='0.799102 0.717831 0.259227'/>
					
				</Appearance>
				<IndexedFaceSet solid="false" coordIndex='0 1 2 3 -1'>
					<Coordinate point='-3.133106 2.431837 2.097192 -3.152718 1.766913 2.271261 -3.594900 1.835756 2.647005 -3.576924 2.580487 2.444139'/>
				</IndexedFaceSet>
			</Shape>
			<Shape DEF='_IDX_110'>
				<Appearance DEF='Material_111_IDX_111'>
					<Material diffuseColor='0.759547 0.729539 0.275820'/>
					
				</Appearance>
				<IndexedFaceSet solid="false" coordIndex='0 1 2 3 -1'>
					<Coordinate point='-2.755352 2.298138 1.767158 -2.777161 1.700623 1.913834 -3.152718 1.766913 2.271261 -3.133106 2.431837 2.097192'/>
				</IndexedFaceSet>
			</Shape>
			<Shape DEF='_IDX_111'>
				<Appearance DEF='Material_112_IDX_112'>
					<Material diffuseColor='0.720519 0.738884 0.292536'/>
					
				</Appearance>
				<IndexedFaceSet solid="false" coordIndex='0 1 2 3 -1'>
					<Coordinate point='-2.435333 2.179338 1.451376 -2.460112 1.638398 1.571842 -2.777161 1.700623 1.913834 -2.755352 2.298138 1.767158'/>
				</IndexedFaceSet>
			</Shape>
			<Shape DEF='_IDX_112'>
				<Appearance DEF='Material_113_IDX_113'>
					<Material diffuseColor='0.681126 0.742868 0.313757'/>
					
				</Appearance>
				<IndexedFaceSet solid="false" coordIndex='0 1 2 3 -1'>
					<Coordinate point='-2.165941 2.075649 1.147299 -2.194715 1.581776 1.242526 -2.460112 1.638398 1.571842 -2.435333 2.179338 1.451376'/>
				</IndexedFaceSet>
			</Shape>
			<Shape DEF='_IDX_113'>
				<Appearance DEF='Material_114_IDX_114'>
					<Material diffuseColor='0.641748 0.743323 0.337783'/>
					
				</Appearance>
				<IndexedFaceSet solid="false" coordIndex='0 1 2 3 -1'>
					<Coordinate point='-1.941124 1.987570 0.852475 -1.975226 1.532381 0.923231 -2.194715 1.581776 1.242526 -2.165941 2.075649 1.147299'/>
				</IndexedFaceSet>
			</Shape>
			<Shape DEF='_IDX_114'>
				<Appearance DEF='Material_115_IDX_115'>
					<Material diffuseColor='0.603568 0.743120 0.362145'/>
					
				</Appearance>
				<IndexedFaceSet solid="false" coordIndex='0 1 2 3 -1'>
					<Coordinate point='-1.755742 1.915933 0.564526 -1.796882 1.491976 0.611382 -1.975226 1.532381 0.923231 -1.941124 1.987570 0.852475'/>
				</IndexedFaceSet>
			</Shape>
			<Shape DEF='_IDX_115'>
				<Appearance DEF='Material_116_IDX_116'>
					<Material diffuseColor='0.567218 0.737798 0.393812'/>
					
				</Appearance>
				<IndexedFaceSet solid="false" coordIndex='0 1 2 3 -1'>
					<Coordinate point='-1.605459 1.861949 0.281129 -1.655802 1.462534 0.304463 -1.796882 1.491976 0.611382 -1.755742 1.915933 0.564526'/>
				</IndexedFaceSet>
			</Shape>
			<Shape DEF='_IDX_116'>
				<Appearance DEF='Material_117_IDX_117'>
					<Material diffuseColor='0.531303 0.732539 0.425100'/>
					
				</Appearance>
				<IndexedFaceSet solid="false" coordIndex='0 1 2 3 -1'>
					<Coordinate point='-1.486643 1.827281 0.000000 -1.548910 1.446311 0.000000 -1.655802 1.462534 0.304463 -1.605459 1.861949 0.281129'/>
				</IndexedFaceSet>
			</Shape>
			<Shape DEF='_IDX_117'>
				<Appearance DEF='Material_118_IDX_118'>
					<Material diffuseColor='0.890577 0.374218 0.176372'/>
					
				</Appearance>
				<IndexedFaceSet solid="false" coordIndex='0 1 2 3 -1'>
					<Coordinate point='-6.406996 2.115282 4.485324 -6.207137 0.866877 4.772673 -7.567283 0.686883 5.559518 -7.816613 2.189867 5.224796'/>
				</IndexedFaceSet>
			</Shape>
			<Shape DEF='_IDX_118'>
				<Appearance DEF='Material_119_IDX_119'>
					<Material diffuseColor='0.902032 0.511488 0.202963'/>
					
				</Appearance>
				<IndexedFaceSet solid="false" coordIndex='0 1 2 3 -1'>
					<Coordinate point='-5.264234 2.027772 3.816027 -5.104404 0.984692 4.060498 -6.207137 0.866877 4.772673 -6.406996 2.115282 4.485324'/>
				</IndexedFaceSet>
			</Shape>
			<Shape DEF='_IDX_119'>
				<Appearance DEF='Material_120_IDX_120'>
					<Material diffuseColor='0.889689 0.609383 0.222588'/>
					
				</Appearance>
				<IndexedFaceSet solid="false" coordIndex='0 1 2 3 -1'>
					<Coordinate point='-4.339887 1.932970 3.206433 -4.212617 1.054850 3.411850 -5.104404 0.984692 4.060498 -5.264234 2.027772 3.816027'/>
				</IndexedFaceSet>
			</Shape>
			<Shape DEF='_IDX_120'>
				<Appearance DEF='Material_121_IDX_121'>
					<Material diffuseColor='0.857715 0.675006 0.238604'/>
					
				</Appearance>
				<IndexedFaceSet solid="false" coordIndex='0 1 2 3 -1'>
					<Coordinate point='-3.594900 1.835756 2.647005 -3.494411 1.089406 2.816583 -4.212617 1.054850 3.411850 -4.339887 1.932970 3.206433'/>
				</IndexedFaceSet>
			</Shape>
			<Shape DEF='_IDX_121'>
				<Appearance DEF='Material_122_IDX_122'>
					<Material diffuseColor='0.831906 0.693864 0.247685'/>
					
				</Appearance>
				<IndexedFaceSet solid="false" coordIndex='0 1 2 3 -1'>
					<Coordinate point='-3.594900 1.835756 2.647005 -3.494411 1.089406 2.816583 -3.494411 1.089406 2.816583 -3.594900 1.835756 2.647005'/>
				</IndexedFaceSet>
			</Shape>
			<Shape DEF='_IDX_122'>
				<Appearance DEF='Material_123_IDX_123'>
					<Material diffuseColor='0.814570 0.706530 0.253784'/>
					
				</Appearance>
				<IndexedFaceSet solid="false" coordIndex='0 1 2 3 -1'>
					<Coordinate point='-3.152718 1.766913 2.271261 -3.068740 1.097993 2.416767 -3.494411 1.089406 2.816583 -3.594900 1.835756 2.647005'/>
				</IndexedFaceSet>
			</Shape>
			<Shape DEF='_IDX_123'>
				<Appearance DEF='Material_124_IDX_124'>
					<Material diffuseColor='0.776631 0.725448 0.268503'/>
					
				</Appearance>
				<IndexedFaceSet solid="false" coordIndex='0 1 2 3 -1'>
					<Coordinate point='-2.777161 1.700623 1.913834 -2.708002 1.096769 2.036442 -3.068740 1.097993 2.416767 -3.152718 1.766913 2.271261'/>
				</IndexedFaceSet>
			</Shape>
			<Shape DEF='_IDX_124'>
				<Appearance DEF='Material_125_IDX_125'>
					<Material diffuseColor='0.734748 0.735477 0.286442'/>
					
				</Appearance>
				<IndexedFaceSet solid="false" coordIndex='0 1 2 3 -1'>
					<Coordinate point='-2.460112 1.638398 1.571842 -2.404577 1.088731 1.672541 -2.708002 1.096769 2.036442 -2.777161 1.700623 1.913834'/>
				</IndexedFaceSet>
			</Shape>
			<Shape DEF='_IDX_125'>
				<Appearance DEF='Material_126_IDX_126'>
					<Material diffuseColor='0.693625 0.742723 0.306130'/>
					
				</Appearance>
				<IndexedFaceSet solid="false" coordIndex='0 1 2 3 -1'>
					<Coordinate point='-2.194715 1.581776 1.242526 -2.152106 1.076663 1.322128 -2.404577 1.088731 1.672541 -2.460112 1.638398 1.571842'/>
				</IndexedFaceSet>
			</Shape>
			<Shape DEF='_IDX_126'>
				<Appearance DEF='Material_127_IDX_127'>
					<Material diffuseColor='0.651367 0.743212 0.331914'/>
					
				</Appearance>
				<IndexedFaceSet solid="false" coordIndex='0 1 2 3 -1'>
					<Coordinate point='-1.975226 1.532381 0.923231 -1.945351 1.063217 0.982377 -2.152106 1.076663 1.322128 -2.194715 1.581776 1.242526'/>
				</IndexedFaceSet>
			</Shape>
			<Shape DEF='_IDX_127'>
				<Appearance DEF='Material_128_IDX_128'>
					<Material diffuseColor='0.610247 0.743688 0.357004'/>
					
				</Appearance>
				<IndexedFaceSet solid="false" coordIndex='0 1 2 3 -1'>
					<Coordinate point='-1.796882 1.491976 0.611382 -1.780084 1.050987 0.650550 -1.945351 1.063217 0.982377 -1.975226 1.532381 0.923231'/>
				</IndexedFaceSet>
			</Shape>
			<Shape DEF='_IDX_128'>
				<Appearance DEF='Material_129_IDX_129'>
					<Material diffuseColor='0.571154 0.738374 0.390383'/>
					
				</Appearance>
				<IndexedFaceSet solid="false" coordIndex='0 1 2 3 -1'>
					<Coordinate point='-1.655802 1.462534 0.304463 -1.652995 1.042593 0.323968 -1.780084 1.050987 0.650550 -1.796882 1.491976 0.611382'/>
				</IndexedFaceSet>
			</Shape>
			<Shape DEF='_IDX_129'>
				<Appearance DEF='Material_130_IDX_130'>
					<Material diffuseColor='0.532611 0.732730 0.423961'/>
					
				</Appearance>
				<IndexedFaceSet solid="false" coordIndex='0 1 2 3 -1'>
					<Coordinate point='-1.548910 1.446311 0.000000 -1.561635 1.040754 -0.000000 -1.652995 1.042593 0.323968 -1.655802 1.462534 0.304463'/>
				</IndexedFaceSet>
			</Shape>
			<Shape DEF='_IDX_130'>
				<Appearance DEF='Material_131_IDX_131'>
					<Material diffuseColor='0.881641 0.316164 0.164984'/>
					
				</Appearance>
				<IndexedFaceSet solid="false" coordIndex='0 1 2 3 -1'>
					<Coordinate point='-6.207137 0.866877 4.772673 -5.801223 -0.331807 5.000002 -7.065806 -0.752253 5.824326 -7.567283 0.686883 5.559518'/>
				</IndexedFaceSet>
			</Shape>
			<Shape DEF='_IDX_131'>
				<Appearance DEF='Material_132_IDX_132'>
					<Material diffuseColor='0.902600 0.471703 0.195391'/>
					
				</Appearance>
				<IndexedFaceSet solid="false" coordIndex='0 1 2 3 -1'>
					<Coordinate point='-5.104404 0.984692 4.060498 -4.775716 -0.020289 4.253905 -5.801223 -0.331807 5.000002 -6.207137 0.866877 4.772673'/>
				</IndexedFaceSet>
			</Shape>
			<Shape DEF='_IDX_132'>
				<Appearance DEF='Material_133_IDX_133'>
					<Material diffuseColor='0.899484 0.586414 0.217359'/>
					
				</Appearance>
				<IndexedFaceSet solid="false" coordIndex='0 1 2 3 -1'>
					<Coordinate point='-4.212617 1.054850 3.411850 -3.946398 0.205183 3.574362 -4.775716 -0.020289 4.253905 -5.104404 0.984692 4.060498'/>
				</IndexedFaceSet>
			</Shape>
			<Shape DEF='_IDX_133'>
				<Appearance DEF='Material_134_IDX_134'>
					<Material diffuseColor='0.868524 0.659018 0.233888'/>
					
				</Appearance>
				<IndexedFaceSet solid="false" coordIndex='0 1 2 3 -1'>
					<Coordinate point='-3.494411 1.089406 2.816583 -3.278894 0.363391 2.950741 -3.946398 0.205183 3.574362 -4.212617 1.054850 3.411850'/>
				</IndexedFaceSet>
			</Shape>
			<Shape DEF='_IDX_134'>
				<Appearance DEF='Material_135_IDX_135'>
					<Material diffuseColor='0.845484 0.683943 0.242907'/>
					
				</Appearance>
				<IndexedFaceSet solid="false" coordIndex='0 1 2 3 -1'>
					<Coordinate point='-3.494411 1.089406 2.816583 -3.278894 0.363391 2.950741 -3.278894 0.363391 2.950741 -3.494411 1.089406 2.816583'/>
				</IndexedFaceSet>
			</Shape>
			<Shape DEF='_IDX_135'>
				<Appearance DEF='Material_136_IDX_136'>
					<Material diffuseColor='0.827185 0.697313 0.249346'/>
					
				</Appearance>
				<IndexedFaceSet solid="false" coordIndex='0 1 2 3 -1'>
					<Coordinate point='-3.068740 1.097993 2.416767 -2.883810 0.444300 2.531882 -3.278894 0.363391 2.950741 -3.494411 1.089406 2.816583'/>
				</IndexedFaceSet>
			</Shape>
			<Shape DEF='_IDX_136'>
				<Appearance DEF='Material_137_IDX_137'>
					<Material diffuseColor='0.790564 0.722112 0.262536'/>
					
				</Appearance>
				<IndexedFaceSet solid="false" coordIndex='0 1 2 3 -1'>
					<Coordinate point='-2.708002 1.096769 2.036442 -2.549739 0.503488 2.133441 -2.883810 0.444300 2.531882 -3.068740 1.097993 2.416767'/>
				</IndexedFaceSet>
			</Shape>
			<Shape DEF='_IDX_137'>
				<Appearance DEF='Material_138_IDX_138'>
					<Material diffuseColor='0.746352 0.732699 0.281472'/>
					
				</Appearance>
				<IndexedFaceSet solid="false" coordIndex='0 1 2 3 -1'>
					<Coordinate point='-2.404577 1.088731 1.672541 -2.269823 0.545314 1.752206 -2.549739 0.503488 2.133441 -2.708002 1.096769 2.036442'/>
				</IndexedFaceSet>
			</Shape>
			<Shape DEF='_IDX_138'>
				<Appearance DEF='Material_139_IDX_139'>
					<Material diffuseColor='0.703819 0.742605 0.299911'/>
					
				</Appearance>
				<IndexedFaceSet solid="false" coordIndex='0 1 2 3 -1'>
					<Coordinate point='-2.152106 1.076663 1.322128 -2.038421 0.573684 1.385103 -2.269823 0.545314 1.752206 -2.404577 1.088731 1.672541'/>
				</IndexedFaceSet>
			</Shape>
			<Shape DEF='_IDX_139'>
				<Appearance DEF='Material_140_IDX_140'>
					<Material diffuseColor='0.659211 0.743121 0.327128'/>
					
				</Appearance>
				<IndexedFaceSet solid="false" coordIndex='0 1 2 3 -1'>
					<Coordinate point='-1.945351 1.063217 0.982377 -1.850979 0.592159 1.029169 -2.038421 0.573684 1.385103 -2.152106 1.076663 1.322128'/>
				</IndexedFaceSet>
			</Shape>
			<Shape DEF='_IDX_140'>
				<Appearance DEF='Material_141_IDX_141'>
					<Material diffuseColor='0.615805 0.743624 0.353613'/>
					
				</Appearance>
				<IndexedFaceSet solid="false" coordIndex='0 1 2 3 -1'>
					<Coordinate point='-1.780084 1.050987 0.650550 -1.703936 0.604043 0.681536 -1.850979 0.592159 1.029169 -1.945351 1.063217 0.982377'/>
				</IndexedFaceSet>
			</Shape>
			<Shape DEF='_IDX_141'>
				<Appearance DEF='Material_142_IDX_142'>
					<Material diffuseColor='0.574364 0.738844 0.387587'/>
					
				</Appearance>
				<IndexedFaceSet solid="false" coordIndex='0 1 2 3 -1'>
					<Coordinate point='-1.652995 1.042593 0.323968 -1.594651 0.612473 0.339400 -1.703936 0.604043 0.681536 -1.780084 1.050987 0.650550'/>
				</IndexedFaceSet>
			</Shape>
			<Shape DEF='_IDX_142'>
				<Appearance DEF='Material_143_IDX_143'>
					<Material diffuseColor='0.533678 0.732887 0.423031'/>
					
				</Appearance>
				<IndexedFaceSet solid="false" coordIndex='0 1 2 3 -1'>
					<Coordinate point='-1.561635 1.040754 -0.000000 -1.521357 0.620509 -0.000000 -1.594651 0.612473 0.339400 -1.652995 1.042593 0.323968'/>
				</IndexedFaceSet>
			</Shape>
			<Shape DEF='_IDX_143'>
				<Appearance DEF='Material_144_IDX_144'>
					<Material diffuseColor='0.875366 0.271794 0.156736'/>
					
				</Appearance>
				<IndexedFaceSet solid="false" coordIndex='0 1 2 3 -1'>
					<Coordinate point='-5.801223 -0.331807 5.000002 -5.203938 -1.443347 5.164454 -6.330337 -2.081831 6.015890 -7.065806 -0.752253 5.824326'/>
				</IndexedFaceSet>
			</Shape>
			<Shape DEF='_IDX_144'>
				<Appearance DEF='Material_145_IDX_145'>
					<Material diffuseColor='0.900444 0.438313 0.188944'/>
					
				</Appearance>
				<IndexedFaceSet solid="false" coordIndex='0 1 2 3 -1'>
					<Coordinate point='-4.775716 -0.020289 4.253905 -4.289986 -0.956439 4.393817 -5.203938 -1.443347 5.164454 -5.801223 -0.331807 5.000002'/>
				</IndexedFaceSet>
			</Shape>
			<Shape DEF='_IDX_145'>
				<Appearance DEF='Material_146_IDX_146'>
					<Material diffuseColor='0.901305 0.562464 0.212666'/>
					
				</Appearance>
				<IndexedFaceSet solid="false" coordIndex='0 1 2 3 -1'>
					<Coordinate point='-3.946398 0.205183 3.574362 -3.550653 -0.590683 3.691924 -4.289986 -0.956439 4.393817 -4.775716 -0.020289 4.253905'/>
				</IndexedFaceSet>
			</Shape>
			<Shape DEF='_IDX_146'>
				<Appearance DEF='Material_147_IDX_147'>
					<Material diffuseColor='0.874739 0.644444 0.230570'/>
					
				</Appearance>
				<IndexedFaceSet solid="false" coordIndex='0 1 2 3 -1'>
					<Coordinate point='-3.278894 0.363391 2.950741 -2.955741 -0.321246 3.047792 -3.550653 -0.590683 3.691924 -3.946398 0.205183 3.574362'/>
				</IndexedFaceSet>
			</Shape>
			<Shape DEF='_IDX_147'>
				<Appearance DEF='Material_148_IDX_148'>
					<Material diffuseColor='0.855820 0.676391 0.239271'/>
					
				</Appearance>
				<IndexedFaceSet solid="false" coordIndex='0 1 2 3 -1'>
					<Coordinate point='-3.278894 0.363391 2.950741 -2.955741 -0.321246 3.047792 -2.955741 -0.321246 3.047792 -3.278894 0.363391 2.950741'/>
				</IndexedFaceSet>
			</Shape>
			<Shape DEF='_IDX_148'>
				<Appearance DEF='Material_149_IDX_149'>
					<Material diffuseColor='0.836787 0.690297 0.245967'/>
					
				</Appearance>
				<IndexedFaceSet solid="false" coordIndex='0 1 2 3 -1'>
					<Coordinate point='-2.883810 0.444300 2.531882 -2.604030 -0.175651 2.615156 -2.955741 -0.321246 3.047792 -3.278894 0.363391 2.950741'/>
				</IndexedFaceSet>
			</Shape>
			<Shape DEF='_IDX_149'>
				<Appearance DEF='Material_150_IDX_150'>
					<Material diffuseColor='0.799650 0.717431 0.259034'/>
					
				</Appearance>
				<IndexedFaceSet solid="false" coordIndex='0 1 2 3 -1'>
					<Coordinate point='-2.549739 0.503488 2.133441 -2.307287 -0.062819 2.203610 -2.604030 -0.175651 2.615156 -2.883810 0.444300 2.531882'/>
				</IndexedFaceSet>
			</Shape>
			<Shape DEF='_IDX_150'>
				<Appearance DEF='Material_151_IDX_151'>
					<Material diffuseColor='0.755185 0.730583 0.277689'/>
					
				</Appearance>
				<IndexedFaceSet solid="false" coordIndex='0 1 2 3 -1'>
					<Coordinate point='-2.269823 0.545314 1.752206 -2.059654 0.022798 1.809837 -2.307287 -0.062819 2.203610 -2.549739 0.503488 2.133441'/>
				</IndexedFaceSet>
			</Shape>
			<Shape DEF='_IDX_151'>
				<Appearance DEF='Material_152_IDX_152'>
					<Material diffuseColor='0.711049 0.741152 0.296592'/>
					
				</Appearance>
				<IndexedFaceSet solid="false" coordIndex='0 1 2 3 -1'>
					<Coordinate point='-2.038421 0.573684 1.385103 -1.856400 0.086078 1.430659 -2.059654 0.022798 1.809837 -2.269823 0.545314 1.752206'/>
				</IndexedFaceSet>
			</Shape>
			<Shape DEF='_IDX_152'>
				<Appearance DEF='Material_153_IDX_153'>
					<Material diffuseColor='0.665183 0.743052 0.323485'/>
					
				</Appearance>
				<IndexedFaceSet solid="false" coordIndex='0 1 2 3 -1'>
					<Coordinate point='-1.850979 0.592159 1.029169 -1.693807 0.131342 1.063019 -1.856400 0.086078 1.430659 -2.038421 0.573684 1.385103'/>
				</IndexedFaceSet>
			</Shape>
			<Shape DEF='_IDX_153'>
				<Appearance DEF='Material_154_IDX_154'>
					<Material diffuseColor='0.620036 0.743575 0.351031'/>
					
				</Appearance>
				<IndexedFaceSet solid="false" coordIndex='0 1 2 3 -1'>
					<Coordinate point='-1.703936 0.604043 0.681536 -1.569097 0.162465 0.703952 -1.693807 0.131342 1.063019 -1.850979 0.592159 1.029169'/>
				</IndexedFaceSet>
			</Shape>
			<Shape DEF='_IDX_154'>
				<Appearance DEF='Material_155_IDX_155'>
					<Material diffuseColor='0.576807 0.739202 0.385458'/>
					
				</Appearance>
				<IndexedFaceSet solid="false" coordIndex='0 1 2 3 -1'>
					<Coordinate point='-1.594651 0.612473 0.339400 -1.480373 0.182971 0.350562 -1.569097 0.162465 0.703952 -1.703936 0.604043 0.681536'/>
				</IndexedFaceSet>
			</Shape>
			<Shape DEF='_IDX_155'>
				<Appearance DEF='Material_156_IDX_156'>
					<Material diffuseColor='0.534490 0.733006 0.422323'/>
					
				</Appearance>
				<IndexedFaceSet solid="false" coordIndex='0 1 2 3 -1'>
					<Coordinate point='-1.521357 0.620509 -0.000000 -1.426582 0.196127 -0.000000 -1.480373 0.182971 0.350562 -1.594651 0.612473 0.339400'/>
				</IndexedFaceSet>
			</Shape>
			<Shape DEF='_IDX_156'>
				<Appearance DEF='Material_157_IDX_157'>
					<Material diffuseColor='0.871523 0.241771 0.151484'/>
					
				</Appearance>
				<IndexedFaceSet solid="false" coordIndex='0 1 2 3 -1'>
					<Coordinate point='-5.203938 -1.443347 5.164454 -4.436599 -2.433598 5.263959 -5.387133 -3.260218 6.131800 -6.330337 -2.081831 6.015890'/>
				</IndexedFaceSet>
			</Shape>
			<Shape DEF='_IDX_157'>
				<Appearance DEF='Material_158_IDX_158'>
					<Material diffuseColor='0.896526 0.412859 0.183951'/>
					
				</Appearance>
				<IndexedFaceSet solid="false" coordIndex='0 1 2 3 -1'>
					<Coordinate point='-4.289986 -0.956439 4.393817 -3.664487 -1.795653 4.478475 -4.436599 -2.433598 5.263959 -5.203938 -1.443347 5.164454'/>
				</IndexedFaceSet>
			</Shape>
			<Shape DEF='_IDX_158'>
				<Appearance DEF='Material_159_IDX_159'>
					<Material diffuseColor='0.901551 0.545204 0.209381'/>
					
				</Appearance>
				<IndexedFaceSet solid="false" coordIndex='0 1 2 3 -1'>
					<Coordinate point='-3.550653 -0.590683 3.691924 -3.039316 -1.309487 3.763057 -3.664487 -1.795653 4.478475 -4.289986 -0.956439 4.393817'/>
				</IndexedFaceSet>
			</Shape>
			<Shape DEF='_IDX_159'>
				<Appearance DEF='Material_160_IDX_160'>
					<Material diffuseColor='0.878926 0.634625 0.228335'/>
					
				</Appearance>
				<IndexedFaceSet solid="false" coordIndex='0 1 2 3 -1'>
					<Coordinate point='-2.955741 -0.321246 3.047792 -2.536094 -0.945097 3.106514 -3.039316 -1.309487 3.763057 -3.550653 -0.590683 3.691924'/>
				</IndexedFaceSet>
			</Shape>
			<Shape DEF='_IDX_160'>
				<Appearance DEF='Material_161_IDX_161'>
					<Material diffuseColor='0.862784 0.671303 0.236820'/>
					
				</Appearance>
				<IndexedFaceSet solid="false" coordIndex='0 1 2 3 -1'>
					<Coordinate point='-2.955741 -0.321246 3.047792 -2.536094 -0.945097 3.106514 -2.536094 -0.945097 3.106514 -2.955741 -0.321246 3.047792'/>
				</IndexedFaceSet>
			</Shape>
			<Shape DEF='_IDX_161'>
				<Appearance DEF='Material_162_IDX_162'>
					<Material diffuseColor='0.843257 0.685570 0.243691'/>
					
				</Appearance>
				<IndexedFaceSet solid="false" coordIndex='0 1 2 3 -1'>
					<Coordinate point='-2.604030 -0.175651 2.615156 -2.238807 -0.744691 2.665543 -2.536094 -0.945097 3.106514 -2.955741 -0.321246 3.047792'/>
				</IndexedFaceSet>
			</Shape>
			<Shape DEF='_IDX_162'>
				<Appearance DEF='Material_163_IDX_163'>
					<Material diffuseColor='0.805155 0.713409 0.257097'/>
					
				</Appearance>
				<IndexedFaceSet solid="false" coordIndex='0 1 2 3 -1'>
					<Coordinate point='-2.307287 -0.062819 2.203610 -1.988495 -0.586842 2.246068 -2.238807 -0.744691 2.665543 -2.604030 -0.175651 2.615156'/>
				</IndexedFaceSet>
			</Shape>
			<Shape DEF='_IDX_163'>
				<Appearance DEF='Material_164_IDX_164'>
					<Material diffuseColor='0.761136 0.729158 0.275140'/>
					
				</Appearance>
				<IndexedFaceSet solid="false" coordIndex='0 1 2 3 -1'>
					<Coordinate point='-2.059654 0.022798 1.809837 -1.780505 -0.465012 1.844708 -1.988495 -0.586842 2.246068 -2.307287 -0.062819 2.203610'/>
				</IndexedFaceSet>
			</Shape>
			<Shape DEF='_IDX_164'>
				<Appearance DEF='Material_165_IDX_165'>
					<Material diffuseColor='0.715855 0.740001 0.294534'/>
					
				</Appearance>
				<IndexedFaceSet solid="false" coordIndex='0 1 2 3 -1'>
					<Coordinate point='-1.856400 0.086078 1.430659 -1.611176 -0.373537 1.458224 -1.780505 -0.465012 1.844708 -2.059654 0.022798 1.809837'/>
				</IndexedFaceSet>
			</Shape>
			<Shape DEF='_IDX_165'>
				<Appearance DEF='Material_166_IDX_166'>
					<Material diffuseColor='0.669206 0.743006 0.321030'/>
					
				</Appearance>
				<IndexedFaceSet solid="false" coordIndex='0 1 2 3 -1'>
					<Coordinate point='-1.693807 0.131342 1.063019 -1.477753 -0.307502 1.083501 -1.611176 -0.373537 1.458224 -1.856400 0.086078 1.430659'/>
				</IndexedFaceSet>
			</Shape>
			<Shape DEF='_IDX_166'>
				<Appearance DEF='Material_167_IDX_167'>
					<Material diffuseColor='0.622887 0.743542 0.349292'/>
					
				</Appearance>
				<IndexedFaceSet solid="false" coordIndex='0 1 2 3 -1'>
					<Coordinate point='-1.569097 0.162465 0.703952 -1.378330 -0.262616 0.717516 -1.477753 -0.307502 1.083501 -1.693807 0.131342 1.063019'/>
				</IndexedFaceSet>
			</Shape>
			<Shape DEF='_IDX_167'>
				<Appearance DEF='Material_168_IDX_168'>
					<Material diffuseColor='0.578453 0.739443 0.384024'/>
					
				</Appearance>
				<IndexedFaceSet solid="false" coordIndex='0 1 2 3 -1'>
					<Coordinate point='-1.480373 0.182971 0.350562 -1.311805 -0.235107 0.357317 -1.378330 -0.262616 0.717516 -1.569097 0.162465 0.703952'/>
				</IndexedFaceSet>
			</Shape>
			<Shape DEF='_IDX_168'>
				<Appearance DEF='Material_169_IDX_169'>
					<Material diffuseColor='0.535038 0.733086 0.421847'/>
					
				</Appearance>
				<IndexedFaceSet solid="false" coordIndex='0 1 2 3 -1'>
					<Coordinate point='-1.426582 0.196127 -0.000000 -1.277861 -0.221635 -0.000000 -1.311805 -0.235107 0.357317 -1.480373 0.182971 0.350562'/>
				</IndexedFaceSet>
			</Shape>
			<Shape DEF='_IDX_169'>
				<Appearance DEF='Material_170_IDX_170'>
					<Material diffuseColor='0.869590 0.226664 0.148842'/>
					
				</Appearance>
				<IndexedFaceSet solid="false" coordIndex='0 1 2 3 -1'>
					<Coordinate point='-4.436599 -2.433598 5.263959 -3.526448 -3.272860 5.297267 -4.269657 -4.251279 6.170599 -5.387133 -3.260218 6.131800'/>
				</IndexedFaceSet>
			</Shape>
			<Shape DEF='_IDX_170'>
				<Appearance DEF='Material_171_IDX_171'>
					<Material diffuseColor='0.894554 0.400051 0.181439'/>
					
				</Appearance>
				<IndexedFaceSet solid="false" coordIndex='0 1 2 3 -1'>
					<Coordinate point='-3.664487 -1.795653 4.478475 -2.921383 -2.513411 4.506813 -3.526448 -3.272860 5.297267 -4.436599 -2.433598 5.263959'/>
				</IndexedFaceSet>
			</Shape>
			<Shape DEF='_IDX_171'>
				<Appearance DEF='Material_172_IDX_172'>
					<Material diffuseColor='0.901675 0.536519 0.207728'/>
					
				</Appearance>
				<IndexedFaceSet solid="false" coordIndex='0 1 2 3 -1'>
					<Coordinate point='-3.039316 -1.309487 3.763057 -2.430382 -1.930853 3.786868 -2.921383 -2.513411 4.506813 -3.664487 -1.795653 4.478475'/>
				</IndexedFaceSet>
			</Shape>
			<Shape DEF='_IDX_172'>
				<Appearance DEF='Material_173_IDX_173'>
					<Material diffuseColor='0.881032 0.629684 0.227210'/>
					
				</Appearance>
				<IndexedFaceSet solid="false" coordIndex='0 1 2 3 -1'>
					<Coordinate point='-2.536094 -0.945097 3.106514 -2.034503 -1.491053 3.126171 -2.430382 -1.930853 3.786868 -3.039316 -1.309487 3.763057'/>
				</IndexedFaceSet>
			</Shape>
			<Shape DEF='_IDX_173'>
				<Appearance DEF='Material_174_IDX_174'>
					<Material diffuseColor='0.865021 0.667232 0.235758'/>
					
				</Appearance>
				<IndexedFaceSet solid="false" coordIndex='0 1 2 3 -1'>
					<Coordinate point='-2.536094 -0.945097 3.106514 -2.034503 -1.491053 3.126171 -2.034503 -1.491053 3.126171 -2.536094 -0.945097 3.106514'/>
				</IndexedFaceSet>
			</Shape>
			<Shape DEF='_IDX_174'>
				<Appearance DEF='Material_175_IDX_175'>
					<Material diffuseColor='0.846512 0.683192 0.242546'/>
					
				</Appearance>
				<IndexedFaceSet solid="false" coordIndex='0 1 2 3 -1'>
					<Coordinate point='-2.238807 -0.744691 2.665543 -1.800574 -1.247598 2.682409 -2.034503 -1.491053 3.126171 -2.536094 -0.945097 3.106514'/>
				</IndexedFaceSet>
			</Shape>
			<Shape DEF='_IDX_175'>
				<Appearance DEF='Material_176_IDX_176'>
					<Material diffuseColor='0.807925 0.711385 0.256123'/>
					
				</Appearance>
				<IndexedFaceSet solid="false" coordIndex='0 1 2 3 -1'>
					<Coordinate point='-1.988495 -0.586842 2.246068 -1.603925 -1.054895 2.260280 -1.800574 -1.247598 2.682409 -2.238807 -0.744691 2.665543'/>
				</IndexedFaceSet>
			</Shape>
			<Shape DEF='_IDX_176'>
				<Appearance DEF='Material_177_IDX_177'>
					<Material diffuseColor='0.764131 0.728441 0.273857'/>
					
				</Appearance>
				<IndexedFaceSet solid="false" coordIndex='0 1 2 3 -1'>
					<Coordinate point='-1.780505 -0.465012 1.844708 -1.441269 -0.905651 1.856380 -1.603925 -1.054895 2.260280 -1.988495 -0.586842 2.246068'/>
				</IndexedFaceSet>
			</Shape>
			<Shape DEF='_IDX_177'>
				<Appearance DEF='Material_178_IDX_178'>
					<Material diffuseColor='0.718272 0.739422 0.293499'/>
					
				</Appearance>
				<IndexedFaceSet solid="false" coordIndex='0 1 2 3 -1'>
					<Coordinate point='-1.611176 -0.373537 1.458224 -1.310146 -0.793624 1.467451 -1.441269 -0.905651 1.856380 -1.780505 -0.465012 1.844708'/>
				</IndexedFaceSet>
			</Shape>
			<Shape DEF='_IDX_178'>
				<Appearance DEF='Material_179_IDX_179'>
					<Material diffuseColor='0.671230 0.742982 0.319795'/>
					
				</Appearance>
				<IndexedFaceSet solid="false" coordIndex='0 1 2 3 -1'>
					<Coordinate point='-1.477753 -0.307502 1.083501 -1.208859 -0.713486 1.090357 -1.310146 -0.793624 1.467451 -1.611176 -0.373537 1.458224'/>
				</IndexedFaceSet>
			</Shape>
			<Shape DEF='_IDX_179'>
				<Appearance DEF='Material_180_IDX_180'>
					<Material diffuseColor='0.624321 0.743525 0.348417'/>
					
				</Appearance>
				<IndexedFaceSet solid="false" coordIndex='0 1 2 3 -1'>
					<Coordinate point='-1.378330 -0.262616 0.717516 -1.136436 -0.660692 0.722056 -1.208859 -0.713486 1.090357 -1.477753 -0.307502 1.083501'/>
				</IndexedFaceSet>
			</Shape>
			<Shape DEF='_IDX_180'>
				<Appearance DEF='Material_181_IDX_181'>
					<Material diffuseColor='0.579282 0.739564 0.383303'/>
					
				</Appearance>
				<IndexedFaceSet solid="false" coordIndex='0 1 2 3 -1'>
					<Coordinate point='-1.311805 -0.235107 0.357317 -1.092605 -0.631376 0.359578 -1.136436 -0.660692 0.722056 -1.378330 -0.262616 0.717516'/>
				</IndexedFaceSet>
			</Shape>
			<Shape DEF='_IDX_181'>
				<Appearance DEF='Material_182_IDX_182'>
					<Material diffuseColor='0.535313 0.733126 0.421607'/>
					
				</Appearance>
				<IndexedFaceSet solid="false" coordIndex='0 1 2 3 -1'>
					<Coordinate point='-1.277861 -0.221635 -0.000000 -1.077785 -0.622249 -0.000000 -1.092605 -0.631376 0.359578 -1.311805 -0.235107 0.357317'/>
				</IndexedFaceSet>
			</Shape>
			<Shape DEF='_IDX_182'>
				<Appearance USE='Material_170_IDX_170'/>
				<IndexedFaceSet solid="false" coordIndex='0 1 2 3 -1'>
					<Coordinate point='-3.526448 -3.272860 5.297267 -2.505736 -3.936876 5.263959 -3.017434 -5.025595 6.131800 -4.269657 -4.251279 6.170599'/>
				</IndexedFaceSet>
			</Shape>
			<Shape DEF='_IDX_183'>
				<Appearance USE='Material_171_IDX_171'/>
				<IndexedFaceSet solid="false" coordIndex='0 1 2 3 -1'>
					<Coordinate point='-2.921383 -2.513411 4.506813 -2.086999 -3.089608 4.478475 -2.505736 -3.936876 5.263959 -3.526448 -3.272860 5.297267'/>
				</IndexedFaceSet>
			</Shape>
			<Shape DEF='_IDX_184'>
				<Appearance USE='Material_172_IDX_172'/>
				<IndexedFaceSet solid="false" coordIndex='0 1 2 3 -1'>
					<Coordinate point='-2.430382 -1.930853 3.786868 -1.745334 -2.437981 3.763057 -2.086999 -3.089608 4.478475 -2.921383 -2.513411 4.506813'/>
				</IndexedFaceSet>
			</Shape>
			<Shape DEF='_IDX_185'>
				<Appearance USE='Material_173_IDX_173'/>
				<IndexedFaceSet solid="false" coordIndex='0 1 2 3 -1'>
					<Coordinate point='-2.034503 -1.491053 3.126171 -1.468472 -1.944907 3.106514 -1.745334 -2.437981 3.763057 -2.430382 -1.930853 3.786868'/>
				</IndexedFaceSet>
			</Shape>
			<Shape DEF='_IDX_186'>
				<Appearance USE='Material_174_IDX_174'/>
				<IndexedFaceSet solid="false" coordIndex='0 1 2 3 -1'>
					<Coordinate point='-2.034503 -1.491053 3.126171 -1.468472 -1.944907 3.106514 -1.468472 -1.944907 3.106514 -2.034503 -1.491053 3.126171'/>
				</IndexedFaceSet>
			</Shape>
			<Shape DEF='_IDX_187'>
				<Appearance DEF='Material_183_IDX_183'>
					<Material diffuseColor='0.846512 0.683192 0.242546'/>
					
				</Appearance>
				<IndexedFaceSet solid="false" coordIndex='0 1 2 3 -1'>
					<Coordinate point='-1.800574 -1.247598 2.682409 -1.304408 -1.671633 2.665543 -1.468472 -1.944907 3.106514 -2.034503 -1.491053 3.126171'/>
				</IndexedFaceSet>
			</Shape>
			<Shape DEF='_IDX_188'>
				<Appearance USE='Material_176_IDX_176'/>
				<IndexedFaceSet solid="false" coordIndex='0 1 2 3 -1'>
					<Coordinate point='-1.603925 -1.054895 2.260280 -1.166529 -1.455416 2.246068 -1.304408 -1.671633 2.665543 -1.800574 -1.247598 2.682409'/>
				</IndexedFaceSet>
			</Shape>
			<Shape DEF='_IDX_189'>
				<Appearance USE='Material_177_IDX_177'/>
				<IndexedFaceSet solid="false" coordIndex='0 1 2 3 -1'>
					<Coordinate point='-1.441269 -0.905651 1.856380 -1.053033 -1.288458 1.844708 -1.166529 -1.455416 2.246068 -1.603925 -1.054895 2.260280'/>
				</IndexedFaceSet>
			</Shape>
			<Shape DEF='_IDX_190'>
				<Appearance USE='Material_178_IDX_178'/>
				<IndexedFaceSet solid="false" coordIndex='0 1 2 3 -1'>
					<Coordinate point='-1.310146 -0.793624 1.467451 -0.962752 -1.164163 1.458224 -1.053033 -1.288458 1.844708 -1.441269 -0.905651 1.856380'/>
				</IndexedFaceSet>
			</Shape>
			<Shape DEF='_IDX_191'>
				<Appearance USE='Material_179_IDX_179'/>
				<IndexedFaceSet solid="false" coordIndex='0 1 2 3 -1'>
					<Coordinate point='-1.208859 -0.713486 1.090357 -0.895111 -1.076982 1.083501 -0.962752 -1.164163 1.458224 -1.310146 -0.793624 1.467451'/>
				</IndexedFaceSet>
			</Shape>
			<Shape DEF='_IDX_192'>
				<Appearance USE='Material_180_IDX_180'/>
				<IndexedFaceSet solid="false" coordIndex='0 1 2 3 -1'>
					<Coordinate point='-1.136436 -0.660692 0.722056 -0.850112 -1.022290 0.717516 -0.895111 -1.076982 1.083501 -1.208859 -0.713486 1.090357'/>
				</IndexedFaceSet>
			</Shape>
			<Shape DEF='_IDX_193'>
				<Appearance USE='Material_181_IDX_181'/>
				<IndexedFaceSet solid="false" coordIndex='0 1 2 3 -1'>
					<Coordinate point='-1.092605 -0.631376 0.359578 -0.828322 -0.996272 0.357317 -0.850112 -1.022290 0.717516 -1.136436 -0.660692 0.722056'/>
				</IndexedFaceSet>
			</Shape>
			<Shape DEF='_IDX_194'>
				<Appearance USE='Material_182_IDX_182'/>
				<IndexedFaceSet solid="false" coordIndex='0 1 2 3 -1'>
					<Coordinate point='-1.077785 -0.622249 -0.000000 -0.830881 -0.995828 -0.000000 -0.828322 -0.996272 0.357317 -1.092605 -0.631376 0.359578'/>
				</IndexedFaceSet>
			</Shape>
			<Shape DEF='_IDX_195'>
				<Appearance USE='Material_157_IDX_157'/>
				<IndexedFaceSet solid="false" coordIndex='0 1 2 3 -1'>
					<Coordinate point='-2.505736 -3.936876 5.263959 -1.410635 -4.407647 5.164454 -1.674706 -5.561448 6.015890 -3.017434 -5.025595 6.131800'/>
				</IndexedFaceSet>
			</Shape>
			<Shape DEF='_IDX_196'>
				<Appearance USE='Material_158_IDX_158'/>
				<IndexedFaceSet solid="false" coordIndex='0 1 2 3 -1'>
					<Coordinate point='-2.086999 -3.089608 4.478475 -1.190958 -3.509229 4.393817 -1.410635 -4.407647 5.164454 -2.505736 -3.936876 5.263959'/>
				</IndexedFaceSet>
			</Shape>
			<Shape DEF='_IDX_197'>
				<Appearance USE='Material_159_IDX_159'/>
				<IndexedFaceSet solid="false" coordIndex='0 1 2 3 -1'>
					<Coordinate point='-1.745334 -2.437981 3.763057 -1.008454 -2.818227 3.691924 -1.190958 -3.509229 4.393817 -2.086999 -3.089608 4.478475'/>
				</IndexedFaceSet>
			</Shape>
			<Shape DEF='_IDX_198'>
				<Appearance USE='Material_160_IDX_160'/>
				<IndexedFaceSet solid="false" coordIndex='0 1 2 3 -1'>
					<Coordinate point='-1.468472 -1.944907 3.106514 -0.857910 -2.295846 3.047792 -1.008454 -2.818227 3.691924 -1.745334 -2.437981 3.763057'/>
				</IndexedFaceSet>
			</Shape>
			<Shape DEF='_IDX_199'>
				<Appearance USE='Material_161_IDX_161'/>
				<IndexedFaceSet solid="false" coordIndex='0 1 2 3 -1'>
					<Coordinate point='-1.468472 -1.944907 3.106514 -0.857910 -2.295846 3.047792 -0.857910 -2.295846 3.047792 -1.468472 -1.944907 3.106514'/>
				</IndexedFaceSet>
			</Shape>
			<Shape DEF='_IDX_200'>
				<Appearance USE='Material_162_IDX_162'/>
				<IndexedFaceSet solid="false" coordIndex='0 1 2 3 -1'>
					<Coordinate point='-1.304408 -1.671633 2.665543 -0.767565 -2.007002 2.615156 -0.857910 -2.295846 3.047792 -1.468472 -1.944907 3.106514'/>
				</IndexedFaceSet>
			</Shape>
			<Shape DEF='_IDX_201'>
				<Appearance USE='Material_163_IDX_163'/>
				<IndexedFaceSet solid="false" coordIndex='0 1 2 3 -1'>
					<Coordinate point='-1.166529 -1.455416 2.246068 -0.691256 -1.779390 2.203610 -0.767565 -2.007002 2.615156 -1.304408 -1.671633 2.665543'/>
				</IndexedFaceSet>
			</Shape>
			<Shape DEF='_IDX_202'>
				<Appearance USE='Material_164_IDX_164'/>
				<IndexedFaceSet solid="false" coordIndex='0 1 2 3 -1'>
					<Coordinate point='-1.053033 -1.288458 1.844708 -0.628736 -1.604976 1.809837 -0.691256 -1.779390 2.203610 -1.166529 -1.455416 2.246068'/>
				</IndexedFaceSet>
			</Shape>
			<Shape DEF='_IDX_203'>
				<Appearance USE='Material_165_IDX_165'/>
				<IndexedFaceSet solid="false" coordIndex='0 1 2 3 -1'>
					<Coordinate point='-0.962752 -1.164163 1.458224 -0.580183 -1.477034 1.430659 -0.628736 -1.604976 1.809837 -1.053033 -1.288458 1.844708'/>
				</IndexedFaceSet>
			</Shape>
			<Shape DEF='_IDX_204'>
				<Appearance USE='Material_166_IDX_166'/>
				<IndexedFaceSet solid="false" coordIndex='0 1 2 3 -1'>
					<Coordinate point='-0.895111 -1.076982 1.083501 -0.546183 -1.389999 1.063019 -0.580183 -1.477034 1.430659 -0.962752 -1.164163 1.458224'/>
				</IndexedFaceSet>
			</Shape>
			<Shape DEF='_IDX_205'>
				<Appearance USE='Material_167_IDX_167'/>
				<IndexedFaceSet solid="false" coordIndex='0 1 2 3 -1'>
					<Coordinate point='-0.850112 -1.022290 0.717516 -0.527724 -1.339335 0.703952 -0.546183 -1.389999 1.063019 -0.895111 -1.076982 1.083501'/>
				</IndexedFaceSet>
			</Shape>
			<Shape DEF='_IDX_206'>
				<Appearance USE='Material_168_IDX_168'/>
				<IndexedFaceSet solid="false" coordIndex='0 1 2 3 -1'>
					<Coordinate point='-0.828322 -0.996272 0.357317 -0.526205 -1.321433 0.350562 -0.527724 -1.339335 0.703952 -0.850112 -1.022290 0.717516'/>
				</IndexedFaceSet>
			</Shape>
			<Shape DEF='_IDX_207'>
				<Appearance USE='Material_169_IDX_169'/>
				<IndexedFaceSet solid="false" coordIndex='0 1 2 3 -1'>
					<Coordinate point='-0.830881 -0.995828 -0.000000 -0.543449 -1.333504 0.000000 -0.526205 -1.321433 0.350562 -0.828322 -0.996272 0.357317'/>
				</IndexedFaceSet>
			</Shape>
			<Shape DEF='_IDX_208'>
				<Appearance DEF='Material_184_IDX_184'>
					<Material diffuseColor='0.875366 0.271794 0.156736'/>
					
				</Appearance>
				<IndexedFaceSet solid="false" coordIndex='0 1 2 3 -1'>
					<Coordinate point='-1.410635 -4.407647 5.164454 -0.280033 -4.674008 5.000002 -0.288918 -5.845528 5.824326 -1.674706 -5.561448 6.015890'/>
				</IndexedFaceSet>
			</Shape>
			<Shape DEF='_IDX_209'>
				<Appearance DEF='Material_185_IDX_185'>
					<Material diffuseColor='0.900444 0.438313 0.188944'/>
					
				</Appearance>
				<IndexedFaceSet solid="false" coordIndex='0 1 2 3 -1'>
					<Coordinate point='-1.190958 -3.509229 4.393817 -0.265210 -3.762843 4.253905 -0.280033 -4.674008 5.000002 -1.410635 -4.407647 5.164454'/>
				</IndexedFaceSet>
			</Shape>
			<Shape DEF='_IDX_210'>
				<Appearance DEF='Material_186_IDX_186'>
					<Material diffuseColor='0.901305 0.562464 0.212666'/>
					
				</Appearance>
				<IndexedFaceSet solid="false" coordIndex='0 1 2 3 -1'>
					<Coordinate point='-1.008454 -2.818227 3.691924 -0.246049 -3.063529 3.574362 -0.265210 -3.762843 4.253905 -1.190958 -3.509229 4.393817'/>
				</IndexedFaceSet>
			</Shape>
			<Shape DEF='_IDX_211'>
				<Appearance USE='Material_147_IDX_147'/>
				<IndexedFaceSet solid="false" coordIndex='0 1 2 3 -1'>
					<Coordinate point='-0.857910 -2.295846 3.047792 -0.224508 -2.536843 2.950741 -0.246049 -3.063529 3.574362 -1.008454 -2.818227 3.691924'/>
				</IndexedFaceSet>
			</Shape>
			<Shape DEF='_IDX_212'>
				<Appearance USE='Material_148_IDX_148'/>
				<IndexedFaceSet solid="false" coordIndex='0 1 2 3 -1'>
					<Coordinate point='-0.857910 -2.295846 3.047792 -0.224508 -2.536843 2.950741 -0.224508 -2.536843 2.950741 -0.857910 -2.295846 3.047792'/>
				</IndexedFaceSet>
			</Shape>
			<Shape DEF='_IDX_213'>
				<Appearance USE='Material_149_IDX_149'/>
				<IndexedFaceSet solid="false" coordIndex='0 1 2 3 -1'>
					<Coordinate point='-0.767565 -2.007002 2.615156 -0.208947 -2.247217 2.531882 -0.224508 -2.536843 2.950741 -0.857910 -2.295846 3.047792'/>
				</IndexedFaceSet>
			</Shape>
			<Shape DEF='_IDX_214'>
				<Appearance USE='Material_150_IDX_150'/>
				<IndexedFaceSet solid="false" coordIndex='0 1 2 3 -1'>
					<Coordinate point='-0.691256 -1.779390 2.203610 -0.194583 -2.020703 2.133441 -0.208947 -2.247217 2.531882 -0.767565 -2.007002 2.615156'/>
				</IndexedFaceSet>
			</Shape>
			<Shape DEF='_IDX_215'>
				<Appearance USE='Material_151_IDX_151'/>
				<IndexedFaceSet solid="false" coordIndex='0 1 2 3 -1'>
					<Coordinate point='-0.628736 -1.604976 1.809837 -0.182758 -1.849290 1.752206 -0.194583 -2.020703 2.133441 -0.691256 -1.779390 2.203610'/>
				</IndexedFaceSet>
			</Shape>
			<Shape DEF='_IDX_216'>
				<Appearance DEF='Material_187_IDX_187'>
					<Material diffuseColor='0.711049 0.741152 0.296592'/>
					
				</Appearance>
				<IndexedFaceSet solid="false" coordIndex='0 1 2 3 -1'>
					<Coordinate point='-0.580183 -1.477034 1.430659 -0.175018 -1.726353 1.385103 -0.182758 -1.849290 1.752206 -0.628736 -1.604976 1.809837'/>
				</IndexedFaceSet>
			</Shape>
			<Shape DEF='_IDX_217'>
				<Appearance USE='Material_153_IDX_153'/>
				<IndexedFaceSet solid="false" coordIndex='0 1 2 3 -1'>
					<Coordinate point='-0.546183 -1.389999 1.063019 -0.173114 -1.646507 1.029169 -0.175018 -1.726353 1.385103 -0.580183 -1.477034 1.430659'/>
				</IndexedFaceSet>
			</Shape>
			<Shape DEF='_IDX_218'>
				<Appearance USE='Material_154_IDX_154'/>
				<IndexedFaceSet solid="false" coordIndex='0 1 2 3 -1'>
					<Coordinate point='-0.527724 -1.339335 0.703952 -0.179018 -1.605483 0.681536 -0.173114 -1.646507 1.029169 -0.546183 -1.389999 1.063019'/>
				</IndexedFaceSet>
			</Shape>
			<Shape DEF='_IDX_219'>
				<Appearance USE='Material_155_IDX_155'/>
				<IndexedFaceSet solid="false" coordIndex='0 1 2 3 -1'>
					<Coordinate point='-0.526205 -1.321433 0.350562 -0.194931 -1.600021 0.339400 -0.179018 -1.605483 0.681536 -0.527724 -1.339335 0.703952'/>
				</IndexedFaceSet>
			</Shape>
			<Shape DEF='_IDX_220'>
				<Appearance USE='Material_156_IDX_156'/>
				<IndexedFaceSet solid="false" coordIndex='0 1 2 3 -1'>
					<Coordinate point='-0.543449 -1.333504 0.000000 -0.223311 -1.627773 -0.000000 -0.194931 -1.600021 0.339400 -0.526205 -1.321433 0.350562'/>
				</IndexedFaceSet>
			</Shape>
			<Shape DEF='_IDX_221'>
				<Appearance USE='Material_131_IDX_131'/>
				<IndexedFaceSet solid="false" coordIndex='0 1 2 3 -1'>
					<Coordinate point='-0.280033 -4.674008 5.000002 0.845771 -4.731964 4.772673 1.090906 -5.873326 5.559518 -0.288918 -5.845528 5.824326'/>
				</IndexedFaceSet>
			</Shape>
			<Shape DEF='_IDX_222'>
				<Appearance USE='Material_132_IDX_132'/>
				<IndexedFaceSet solid="false" coordIndex='0 1 2 3 -1'>
					<Coordinate point='-0.265210 -3.762843 4.253905 0.656999 -3.846891 4.060498 0.845771 -4.731964 4.772673 -0.280033 -4.674008 5.000002'/>
				</IndexedFaceSet>
			</Shape>
			<Shape DEF='_IDX_223'>
				<Appearance USE='Material_133_IDX_133'/>
				<IndexedFaceSet solid="false" coordIndex='0 1 2 3 -1'>
					<Coordinate point='-0.246049 -3.063529 3.574362 0.514369 -3.170676 3.411850 0.656999 -3.846891 4.060498 -0.265210 -3.762843 4.253905'/>
				</IndexedFaceSet>
			</Shape>
			<Shape DEF='_IDX_224'>
				<Appearance DEF='Material_188_IDX_188'>
					<Material diffuseColor='0.868524 0.659018 0.233888'/>
					
				</Appearance>
				<IndexedFaceSet solid="false" coordIndex='0 1 2 3 -1'>
					<Coordinate point='-0.224508 -2.536843 2.950741 0.408914 -2.664918 2.816583 0.514369 -3.170676 3.411850 -0.246049 -3.063529 3.574362'/>
				</IndexedFaceSet>
			</Shape>
			<Shape DEF='_IDX_225'>
				<Appearance DEF='Material_189_IDX_189'>
					<Material diffuseColor='0.845484 0.683943 0.242907'/>
					
				</Appearance>
				<IndexedFaceSet solid="false" coordIndex='0 1 2 3 -1'>
					<Coordinate point='-0.224508 -2.536843 2.950741 0.408914 -2.664918 2.816583 0.408914 -2.664918 2.816583 -0.224508 -2.536843 2.950741'/>
				</IndexedFaceSet>
			</Shape>
			<Shape DEF='_IDX_226'>
				<Appearance USE='Material_136_IDX_136'/>
				<IndexedFaceSet solid="false" coordIndex='0 1 2 3 -1'>
					<Coordinate point='-0.208947 -2.247217 2.531882 0.351476 -2.389366 2.416767 0.408914 -2.664918 2.816583 -0.224508 -2.536843 2.950741'/>
				</IndexedFaceSet>
			</Shape>
			<Shape DEF='_IDX_227'>
				<Appearance USE='Material_137_IDX_137'/>
				<IndexedFaceSet solid="false" coordIndex='0 1 2 3 -1'>
					<Coordinate point='-0.194583 -2.020703 2.133441 0.305987 -2.176404 2.036442 0.351476 -2.389366 2.416767 -0.208947 -2.247217 2.531882'/>
				</IndexedFaceSet>
			</Shape>
			<Shape DEF='_IDX_228'>
				<Appearance USE='Material_138_IDX_138'/>
				<IndexedFaceSet solid="false" coordIndex='0 1 2 3 -1'>
					<Coordinate point='-0.182758 -1.849290 1.752206 0.269530 -2.018297 1.672541 0.305987 -2.176404 2.036442 -0.194583 -2.020703 2.133441'/>
				</IndexedFaceSet>
			</Shape>
			<Shape DEF='_IDX_229'>
				<Appearance USE='Material_139_IDX_139'/>
				<IndexedFaceSet solid="false" coordIndex='0 1 2 3 -1'>
					<Coordinate point='-0.175018 -1.726353 1.385103 0.239195 -1.908736 1.322128 0.269530 -2.018297 1.672541 -0.182758 -1.849290 1.752206'/>
				</IndexedFaceSet>
			</Shape>
			<Shape DEF='_IDX_230'>
				<Appearance USE='Material_140_IDX_140'/>
				<IndexedFaceSet solid="false" coordIndex='0 1 2 3 -1'>
					<Coordinate point='-0.173114 -1.646507 1.029169 0.212073 -1.842710 0.982377 0.239195 -1.908736 1.322128 -0.175018 -1.726353 1.385103'/>
				</IndexedFaceSet>
			</Shape>
			<Shape DEF='_IDX_231'>
				<Appearance USE='Material_141_IDX_141'/>
				<IndexedFaceSet solid="false" coordIndex='0 1 2 3 -1'>
					<Coordinate point='-0.179018 -1.605483 0.681536 0.185235 -1.816387 0.650550 0.212073 -1.842710 0.982377 -0.173114 -1.646507 1.029169'/>
				</IndexedFaceSet>
			</Shape>
			<Shape DEF='_IDX_232'>
				<Appearance USE='Material_142_IDX_142'/>
				<IndexedFaceSet solid="false" coordIndex='0 1 2 3 -1'>
					<Coordinate point='-0.194931 -1.600021 0.339400 0.155720 -1.827005 0.323968 0.185235 -1.816387 0.650550 -0.179018 -1.605483 0.681536'/>
				</IndexedFaceSet>
			</Shape>
			<Shape DEF='_IDX_233'>
				<Appearance USE='Material_143_IDX_143'/>
				<IndexedFaceSet solid="false" coordIndex='0 1 2 3 -1'>
					<Coordinate point='-0.223311 -1.627773 -0.000000 0.120493 -1.872777 0.000000 0.155720 -1.827005 0.323968 -0.194931 -1.600021 0.339400'/>
				</IndexedFaceSet>
			</Shape>
			<Shape DEF='_IDX_234'>
				<Appearance USE='Material_118_IDX_118'/>
				<IndexedFaceSet solid="false" coordIndex='0 1 2 3 -1'>
					<Coordinate point='0.845771 -4.731964 4.772673 1.926400 -4.584751 4.485324 2.415836 -5.649215 5.224796 1.090906 -5.873326 5.559518'/>
				</IndexedFaceSet>
			</Shape>
			<Shape DEF='_IDX_235'>
				<Appearance USE='Material_119_IDX_119'/>
				<IndexedFaceSet solid="false" coordIndex='0 1 2 3 -1'>
					<Coordinate point='0.656999 -3.846891 4.060498 1.542183 -3.763750 3.816027 1.926400 -4.584751 4.485324 0.845771 -4.731964 4.772673'/>
				</IndexedFaceSet>
			</Shape>
			<Shape DEF='_IDX_236'>
				<Appearance DEF='Material_190_IDX_190'>
					<Material diffuseColor='0.889689 0.609383 0.222588'/>
					
				</Appearance>
				<IndexedFaceSet solid="false" coordIndex='0 1 2 3 -1'>
					<Coordinate point='0.514369 -3.170676 3.411850 1.244915 -3.141403 3.206433 1.542183 -3.763750 3.816027 0.656999 -3.846891 4.060498'/>
				</IndexedFaceSet>
			</Shape>
			<Shape DEF='_IDX_237'>
				<Appearance USE='Material_121_IDX_121'/>
				<IndexedFaceSet solid="false" coordIndex='0 1 2 3 -1'>
					<Coordinate point='0.408914 -2.664918 2.816583 1.019082 -2.681272 2.647005 1.244915 -3.141403 3.206433 0.514369 -3.170676 3.411850'/>
				</IndexedFaceSet>
			</Shape>
			<Shape DEF='_IDX_238'>
				<Appearance USE='Material_122_IDX_122'/>
				<IndexedFaceSet solid="false" coordIndex='0 1 2 3 -1'>
					<Coordinate point='0.408914 -2.664918 2.816583 1.019082 -2.681272 2.647005 1.019082 -2.681272 2.647005 0.408914 -2.664918 2.816583'/>
				</IndexedFaceSet>
			</Shape>
			<Shape DEF='_IDX_239'>
				<Appearance USE='Material_123_IDX_123'/>
				<IndexedFaceSet solid="false" coordIndex='0 1 2 3 -1'>
					<Coordinate point='0.351476 -2.389366 2.416767 0.893244 -2.434270 2.271261 1.019082 -2.681272 2.647005 0.408914 -2.664918 2.816583'/>
				</IndexedFaceSet>
			</Shape>
			<Shape DEF='_IDX_240'>
				<Appearance USE='Material_124_IDX_124'/>
				<IndexedFaceSet solid="false" coordIndex='0 1 2 3 -1'>
					<Coordinate point='0.305987 -2.176404 2.036442 0.792455 -2.246896 1.913834 0.893244 -2.434270 2.271261 0.351476 -2.389366 2.416767'/>
				</IndexedFaceSet>
			</Shape>
			<Shape DEF='_IDX_241'>
				<Appearance DEF='Material_191_IDX_191'>
					<Material diffuseColor='0.734748 0.735477 0.286442'/>
					
				</Appearance>
				<IndexedFaceSet solid="false" coordIndex='0 1 2 3 -1'>
					<Coordinate point='0.269530 -2.018297 1.672541 0.712252 -2.111906 1.571842 0.792455 -2.246896 1.913834 0.305987 -2.176404 2.036442'/>
				</IndexedFaceSet>
			</Shape>
			<Shape DEF='_IDX_242'>
				<Appearance USE='Material_126_IDX_126'/>
				<IndexedFaceSet solid="false" coordIndex='0 1 2 3 -1'>
					<Coordinate point='0.239195 -1.908736 1.322128 0.648385 -2.023509 1.242526 0.712252 -2.111906 1.571842 0.269530 -2.018297 1.672541'/>
				</IndexedFaceSet>
			</Shape>
			<Shape DEF='_IDX_243'>
				<Appearance USE='Material_127_IDX_127'/>
				<IndexedFaceSet solid="false" coordIndex='0 1 2 3 -1'>
					<Coordinate point='0.212073 -1.842710 0.982377 0.596803 -1.977254 0.923231 0.648385 -2.023509 1.242526 0.239195 -1.908736 1.322128'/>
				</IndexedFaceSet>
			</Shape>
			<Shape DEF='_IDX_244'>
				<Appearance USE='Material_128_IDX_128'/>
				<IndexedFaceSet solid="false" coordIndex='0 1 2 3 -1'>
					<Coordinate point='0.185235 -1.816387 0.650550 0.553651 -1.969913 0.611382 0.596803 -1.977254 0.923231 0.212073 -1.842710 0.982377'/>
				</IndexedFaceSet>
			</Shape>
			<Shape DEF='_IDX_245'>
				<Appearance USE='Material_129_IDX_129'/>
				<IndexedFaceSet solid="false" coordIndex='0 1 2 3 -1'>
					<Coordinate point='0.155720 -1.827005 0.323968 0.515254 -1.999375 0.304463 0.553651 -1.969913 0.611382 0.185235 -1.816387 0.650550'/>
				</IndexedFaceSet>
			</Shape>
			<Shape DEF='_IDX_246'>
				<Appearance USE='Material_130_IDX_130'/>
				<IndexedFaceSet solid="false" coordIndex='0 1 2 3 -1'>
					<Coordinate point='0.120493 -1.872777 0.000000 0.478079 -2.064535 0.000000 0.515254 -1.999375 0.304463 0.155720 -1.827005 0.323968'/>
				</IndexedFaceSet>
			</Shape>
			<Shape DEF='_IDX_247'>
				<Appearance USE='Material_105_IDX_105'/>
				<IndexedFaceSet solid="false" coordIndex='0 1 2 3 -1'>
					<Coordinate point='1.926400 -4.584751 4.485324 2.922732 -4.242600 4.141571 3.638725 -5.186180 4.824369 2.415836 -5.649215 5.224796'/>
				</IndexedFaceSet>
			</Shape>
			<Shape DEF='_IDX_248'>
				<Appearance USE='Material_106_IDX_106'/>
				<IndexedFaceSet solid="false" coordIndex='0 1 2 3 -1'>
					<Coordinate point='1.542183 -3.763750 3.816027 2.357643 -3.521562 3.523568 2.922732 -4.242600 4.141571 1.926400 -4.584751 4.485324'/>
				</IndexedFaceSet>
			</Shape>
			<Shape DEF='_IDX_249'>
				<Appearance USE='Material_107_IDX_107'/>
				<IndexedFaceSet solid="false" coordIndex='0 1 2 3 -1'>
					<Coordinate point='1.244915 -3.141403 3.206433 1.918119 -2.982293 2.960693 2.357643 -3.521562 3.523568 1.542183 -3.763750 3.816027'/>
				</IndexedFaceSet>
			</Shape>
			<Shape DEF='_IDX_250'>
				<Appearance USE='Material_108_IDX_108'/>
				<IndexedFaceSet solid="false" coordIndex='0 1 2 3 -1'>
					<Coordinate point='1.019082 -2.681272 2.647005 1.582885 -2.591290 2.444139 1.918119 -2.982293 2.960693 1.244915 -3.141403 3.206433'/>
				</IndexedFaceSet>
			</Shape>
			<Shape DEF='_IDX_251'>
				<Appearance USE='Material_109_IDX_109'/>
				<IndexedFaceSet solid="false" coordIndex='0 1 2 3 -1'>
					<Coordinate point='1.019082 -2.681272 2.647005 1.582885 -2.591290 2.444139 1.582885 -2.591290 2.444139 1.019082 -2.681272 2.647005'/>
				</IndexedFaceSet>
			</Shape>
			<Shape DEF='_IDX_252'>
				<Appearance DEF='Material_192_IDX_192'>
					<Material diffuseColor='0.799102 0.717831 0.259227'/>
					
				</Appearance>
				<IndexedFaceSet solid="false" coordIndex='0 1 2 3 -1'>
					<Coordinate point='0.893244 -2.434270 2.271261 1.395964 -2.386554 2.097192 1.582885 -2.591290 2.444139 1.019082 -2.681272 2.647005'/>
				</IndexedFaceSet>
			</Shape>
			<Shape DEF='_IDX_253'>
				<Appearance DEF='Material_193_IDX_193'>
					<Material diffuseColor='0.759547 0.729539 0.275820'/>
					
				</Appearance>
				<IndexedFaceSet solid="false" coordIndex='0 1 2 3 -1'>
					<Coordinate point='0.792455 -2.246896 1.913834 1.246833 -2.236048 1.767158 1.395964 -2.386554 2.097192 0.893244 -2.434270 2.271261'/>
				</IndexedFaceSet>
			</Shape>
			<Shape DEF='_IDX_254'>
				<Appearance USE='Material_112_IDX_112'/>
				<IndexedFaceSet solid="false" coordIndex='0 1 2 3 -1'>
					<Coordinate point='0.712252 -2.111906 1.571842 1.129526 -2.133185 1.451376 1.246833 -2.236048 1.767158 0.792455 -2.246896 1.913834'/>
				</IndexedFaceSet>
			</Shape>
			<Shape DEF='_IDX_255'>
				<Appearance USE='Material_113_IDX_113'/>
				<IndexedFaceSet solid="false" coordIndex='0 1 2 3 -1'>
					<Coordinate point='0.648385 -2.023509 1.242526 1.038451 -2.072865 1.147299 1.129526 -2.133185 1.451376 0.712252 -2.111906 1.571842'/>
				</IndexedFaceSet>
			</Shape>
			<Shape DEF='_IDX_256'>
				<Appearance USE='Material_114_IDX_114'/>
				<IndexedFaceSet solid="false" coordIndex='0 1 2 3 -1'>
					<Coordinate point='0.596803 -1.977254 0.923231 0.968425 -2.051380 0.852475 1.038451 -2.072865 1.147299 0.648385 -2.023509 1.242526'/>
				</IndexedFaceSet>
			</Shape>
			<Shape DEF='_IDX_257'>
				<Appearance USE='Material_115_IDX_115'/>
				<IndexedFaceSet solid="false" coordIndex='0 1 2 3 -1'>
					<Coordinate point='0.553651 -1.969913 0.611382 0.914689 -2.066290 0.564526 0.968425 -2.051380 0.852475 0.596803 -1.977254 0.923231'/>
				</IndexedFaceSet>
			</Shape>
			<Shape DEF='_IDX_258'>
				<Appearance USE='Material_116_IDX_116'/>
				<IndexedFaceSet solid="false" coordIndex='0 1 2 3 -1'>
					<Coordinate point='0.515254 -1.999375 0.304463 0.872910 -2.116292 0.281129 0.914689 -2.066290 0.564526 0.553651 -1.969913 0.611382'/>
				</IndexedFaceSet>
			</Shape>
			<Shape DEF='_IDX_259'>
				<Appearance USE='Material_117_IDX_117'/>
				<IndexedFaceSet solid="false" coordIndex='0 1 2 3 -1'>
					<Coordinate point='0.478079 -2.064535 0.000000 0.839141 -2.201096 0.000000 0.872910 -2.116292 0.281129 0.515254 -1.999375 0.304463'/>
				</IndexedFaceSet>
			</Shape>
			<Shape DEF='_IDX_260'>
				<Appearance USE='Material_92_IDX_92'/>
				<IndexedFaceSet solid="false" coordIndex='0 1 2 3 -1'>
					<Coordinate point='2.922732 -4.242600 4.141571 3.798190 -3.722208 3.745734 4.715858 -4.505210 4.363273 3.638725 -5.186180 4.824369'/>
				</IndexedFaceSet>
			</Shape>
			<Shape DEF='_IDX_261'>
				<Appearance USE='Material_93_IDX_93'/>
				<IndexedFaceSet solid="false" coordIndex='0 1 2 3 -1'>
					<Coordinate point='2.357643 -3.521562 3.523568 3.072423 -3.133794 3.186798 3.798190 -3.722208 3.745734 2.922732 -4.242600 4.141571'/>
				</IndexedFaceSet>
			</Shape>
			<Shape DEF='_IDX_262'>
				<Appearance DEF='Material_194_IDX_194'>
					<Material diffuseColor='0.863604 0.670555 0.236515'/>
					
				</Appearance>
				<IndexedFaceSet solid="false" coordIndex='0 1 2 3 -1'>
					<Coordinate point='1.918119 -2.982293 2.960693 2.507605 -2.704492 2.677720 3.072423 -3.133794 3.186798 2.357643 -3.521562 3.523568'/>
				</IndexedFaceSet>
			</Shape>
			<Shape DEF='_IDX_263'>
				<Appearance USE='Material_95_IDX_95'/>
				<IndexedFaceSet solid="false" coordIndex='0 1 2 3 -1'>
					<Coordinate point='1.582885 -2.591290 2.444139 2.077893 -2.404426 2.210537 2.507605 -2.704492 2.677720 1.918119 -2.982293 2.960693'/>
				</IndexedFaceSet>
			</Shape>
			<Shape DEF='_IDX_264'>
				<Appearance USE='Material_96_IDX_96'/>
				<IndexedFaceSet solid="false" coordIndex='0 1 2 3 -1'>
					<Coordinate point='1.582885 -2.591290 2.444139 2.077893 -2.404426 2.210537 2.077893 -2.404426 2.210537 1.582885 -2.591290 2.444139'/>
				</IndexedFaceSet>
			</Shape>
			<Shape DEF='_IDX_265'>
				<Appearance USE='Material_97_IDX_97'/>
				<IndexedFaceSet solid="false" coordIndex='0 1 2 3 -1'>
					<Coordinate point='1.395964 -2.386554 2.097192 1.839779 -2.254648 1.896750 2.077893 -2.404426 2.210537 1.582885 -2.591290 2.444139'/>
				</IndexedFaceSet>
			</Shape>
			<Shape DEF='_IDX_266'>
				<Appearance USE='Material_98_IDX_98'/>
				<IndexedFaceSet solid="false" coordIndex='0 1 2 3 -1'>
					<Coordinate point='1.246833 -2.236048 1.767158 1.651627 -2.151278 1.598260 1.839779 -2.254648 1.896750 1.395964 -2.386554 2.097192'/>
				</IndexedFaceSet>
			</Shape>
			<Shape DEF='_IDX_267'>
				<Appearance DEF='Material_195_IDX_195'>
					<Material diffuseColor='0.703739 0.742606 0.299959'/>
					
				</Appearance>
				<IndexedFaceSet solid="false" coordIndex='0 1 2 3 -1'>
					<Coordinate point='1.129526 -2.133185 1.451376 1.505958 -2.088477 1.312659 1.651627 -2.151278 1.598260 1.246833 -2.236048 1.767158'/>
				</IndexedFaceSet>
			</Shape>
			<Shape DEF='_IDX_268'>
				<Appearance USE='Material_100_IDX_100'/>
				<IndexedFaceSet solid="false" coordIndex='0 1 2 3 -1'>
					<Coordinate point='1.038451 -2.072865 1.147299 1.395785 -2.061985 1.037645 1.505958 -2.088477 1.312659 1.129526 -2.133185 1.451376'/>
				</IndexedFaceSet>
			</Shape>
			<Shape DEF='_IDX_269'>
				<Appearance USE='Material_101_IDX_101'/>
				<IndexedFaceSet solid="false" coordIndex='0 1 2 3 -1'>
					<Coordinate point='0.968425 -2.051380 0.852475 1.314745 -2.069036 0.770999 1.395785 -2.061985 1.037645 1.038451 -2.072865 1.147299'/>
				</IndexedFaceSet>
			</Shape>
			<Shape DEF='_IDX_270'>
				<Appearance USE='Material_102_IDX_102'/>
				<IndexedFaceSet solid="false" coordIndex='0 1 2 3 -1'>
					<Coordinate point='0.914689 -2.066290 0.564526 1.257181 -2.108190 0.510570 1.314745 -2.069036 0.770999 0.968425 -2.051380 0.852475'/>
				</IndexedFaceSet>
			</Shape>
			<Shape DEF='_IDX_271'>
				<Appearance USE='Material_103_IDX_103'/>
				<IndexedFaceSet solid="false" coordIndex='0 1 2 3 -1'>
					<Coordinate point='0.872910 -2.116292 0.281129 1.218162 -2.179152 0.254260 1.257181 -2.108190 0.510570 0.914689 -2.066290 0.564526'/>
				</IndexedFaceSet>
			</Shape>
			<Shape DEF='_IDX_272'>
				<Appearance USE='Material_104_IDX_104'/>
				<IndexedFaceSet solid="false" coordIndex='0 1 2 3 -1'>
					<Coordinate point='0.839141 -2.201096 0.000000 1.193434 -2.282599 0.000000 1.218162 -2.179152 0.254260 0.872910 -2.116292 0.281129'/>
				</IndexedFaceSet>
			</Shape>
			<Shape DEF='_IDX_273'>
				<Appearance DEF='Material_196_IDX_196'>
					<Material diffuseColor='0.898979 0.587597 0.217628'/>
					
				</Appearance>
				<IndexedFaceSet solid="false" coordIndex='0 1 2 3 -1'>
					<Coordinate point='3.798190 -3.722208 3.745734 4.519960 -3.045872 3.302792 5.608541 -3.634363 3.847306 4.715858 -4.505210 4.363273'/>
				</IndexedFaceSet>
			</Shape>
			<Shape DEF='_IDX_274'>
				<Appearance USE='Material_80_IDX_80'/>
				<IndexedFaceSet solid="false" coordIndex='0 1 2 3 -1'>
					<Coordinate point='3.072423 -3.133794 3.186798 3.658143 -2.618488 2.809952 4.519960 -3.045872 3.302792 3.798190 -3.722208 3.745734'/>
				</IndexedFaceSet>
			</Shape>
			<Shape DEF='_IDX_275'>
				<Appearance DEF='Material_197_IDX_197'>
					<Material diffuseColor='0.834328 0.692094 0.246833'/>
					
				</Appearance>
				<IndexedFaceSet solid="false" coordIndex='0 1 2 3 -1'>
					<Coordinate point='2.507605 -2.704492 2.677720 2.988580 -2.323182 2.361074 3.658143 -2.618488 2.809952 3.072423 -3.133794 3.186798'/>
				</IndexedFaceSet>
			</Shape>
			<Shape DEF='_IDX_276'>
				<Appearance USE='Material_82_IDX_82'/>
				<IndexedFaceSet solid="false" coordIndex='0 1 2 3 -1'>
					<Coordinate point='2.077893 -2.404426 2.210537 2.482666 -2.133998 1.949136 2.988580 -2.323182 2.361074 2.507605 -2.704492 2.677720'/>
				</IndexedFaceSet>
			</Shape>
			<Shape DEF='_IDX_277'>
				<Appearance USE='Material_83_IDX_83'/>
				<IndexedFaceSet solid="false" coordIndex='0 1 2 3 -1'>
					<Coordinate point='2.077893 -2.404426 2.210537 2.482666 -2.133998 1.949136 2.482666 -2.133998 1.949136 2.077893 -2.404426 2.210537'/>
				</IndexedFaceSet>
			</Shape>
			<Shape DEF='_IDX_278'>
				<Appearance USE='Material_84_IDX_84'/>
				<IndexedFaceSet solid="false" coordIndex='0 1 2 3 -1'>
					<Coordinate point='1.839779 -2.254648 1.896750 2.205679 -2.050777 1.672455 2.482666 -2.133998 1.949136 2.077893 -2.404426 2.210537'/>
				</IndexedFaceSet>
			</Shape>
			<Shape DEF='_IDX_279'>
				<Appearance USE='Material_85_IDX_85'/>
				<IndexedFaceSet solid="false" coordIndex='0 1 2 3 -1'>
					<Coordinate point='1.651627 -2.151278 1.598260 1.990229 -2.003673 1.409262 2.205679 -2.050777 1.672455 1.839779 -2.254648 1.896750'/>
				</IndexedFaceSet>
			</Shape>
			<Shape DEF='_IDX_280'>
				<Appearance USE='Material_86_IDX_86'/>
				<IndexedFaceSet solid="false" coordIndex='0 1 2 3 -1'>
					<Coordinate point='1.505958 -2.088477 1.312659 1.827153 -1.987557 1.157434 1.990229 -2.003673 1.409262 1.651627 -2.151278 1.598260'/>
				</IndexedFaceSet>
			</Shape>
			<Shape DEF='_IDX_281'>
				<Appearance USE='Material_87_IDX_87'/>
				<IndexedFaceSet solid="false" coordIndex='0 1 2 3 -1'>
					<Coordinate point='1.395785 -2.061985 1.037645 1.707853 -1.999158 0.914941 1.827153 -1.987557 1.157434 1.505958 -2.088477 1.312659'/>
				</IndexedFaceSet>
			</Shape>
			<Shape DEF='_IDX_282'>
				<Appearance DEF='Material_198_IDX_198'>
					<Material diffuseColor='0.617692 0.743602 0.352461'/>
					
				</Appearance>
				<IndexedFaceSet solid="false" coordIndex='0 1 2 3 -1'>
					<Coordinate point='1.314745 -2.069036 0.770999 1.624641 -2.036923 0.679826 1.707853 -1.999158 0.914941 1.395785 -2.061985 1.037645'/>
				</IndexedFaceSet>
			</Shape>
			<Shape DEF='_IDX_283'>
				<Appearance USE='Material_89_IDX_89'/>
				<IndexedFaceSet solid="false" coordIndex='0 1 2 3 -1'>
					<Coordinate point='1.257181 -2.108190 0.510570 1.570934 -2.100726 0.450194 1.624641 -2.036923 0.679826 1.314745 -2.069036 0.770999'/>
				</IndexedFaceSet>
			</Shape>
			<Shape DEF='_IDX_284'>
				<Appearance USE='Material_90_IDX_90'/>
				<IndexedFaceSet solid="false" coordIndex='0 1 2 3 -1'>
					<Coordinate point='1.218162 -2.179152 0.254260 1.541287 -2.191551 0.224193 1.570934 -2.100726 0.450194 1.257181 -2.108190 0.510570'/>
				</IndexedFaceSet>
			</Shape>
			<Shape DEF='_IDX_285'>
				<Appearance USE='Material_91_IDX_91'/>
				<IndexedFaceSet solid="false" coordIndex='0 1 2 3 -1'>
					<Coordinate point='1.193434 -2.282599 0.000000 1.531292 -2.311235 0.000000 1.541287 -2.191551 0.224193 1.218162 -2.179152 0.254260'/>
				</IndexedFaceSet>
			</Shape>
			<Shape DEF='_IDX_286'>
				<Appearance USE='Material_66_IDX_66'/>
				<IndexedFaceSet solid="false" coordIndex='0 1 2 3 -1'>
					<Coordinate point='4.519960 -3.045872 3.302792 5.060186 -2.240263 2.818316 6.284645 -2.607527 3.282957 5.608541 -3.634363 3.847306'/>
				</IndexedFaceSet>
			</Shape>
			<Shape DEF='_IDX_287'>
				<Appearance DEF='Material_199_IDX_199'>
					<Material diffuseColor='0.840883 0.687304 0.244526'/>
					
				</Appearance>
				<IndexedFaceSet solid="false" coordIndex='0 1 2 3 -1'>
					<Coordinate point='3.658143 -2.618488 2.809952 4.089684 -1.997104 2.397769 5.060186 -2.240263 2.818316 4.519960 -3.045872 3.302792'/>
				</IndexedFaceSet>
			</Shape>
			<Shape DEF='_IDX_288'>
				<Appearance DEF='Material_200_IDX_200'>
					<Material diffuseColor='0.801872 0.715807 0.258252'/>
					
				</Appearance>
				<IndexedFaceSet solid="false" coordIndex='0 1 2 3 -1'>
					<Coordinate point='2.988580 -2.323182 2.361074 3.337978 -1.856741 2.014735 4.089684 -1.997104 2.397769 3.658143 -2.618488 2.809952'/>
				</IndexedFaceSet>
			</Shape>
			<Shape DEF='_IDX_289'>
				<Appearance USE='Material_69_IDX_69'/>
				<IndexedFaceSet solid="false" coordIndex='0 1 2 3 -1'>
					<Coordinate point='2.482666 -2.133998 1.949136 2.776645 -1.796917 1.663223 3.337978 -1.856741 2.014735 2.988580 -2.323182 2.361074'/>
				</IndexedFaceSet>
			</Shape>
			<Shape DEF='_IDX_290'>
				<Appearance USE='Material_70_IDX_70'/>
				<IndexedFaceSet solid="false" coordIndex='0 1 2 3 -1'>
					<Coordinate point='2.482666 -2.133998 1.949136 2.776645 -1.796917 1.663223 2.776645 -1.796917 1.663223 2.482666 -2.133998 1.949136'/>
				</IndexedFaceSet>
			</Shape>
			<Shape DEF='_IDX_291'>
				<Appearance USE='Material_71_IDX_71'/>
				<IndexedFaceSet solid="false" coordIndex='0 1 2 3 -1'>
					<Coordinate point='2.205679 -2.050777 1.672455 2.475524 -1.791084 1.427128 2.776645 -1.796917 1.663223 2.482666 -2.133998 1.949136'/>
				</IndexedFaceSet>
			</Shape>
			<Shape DEF='_IDX_292'>
				<Appearance USE='Material_72_IDX_72'/>
				<IndexedFaceSet solid="false" coordIndex='0 1 2 3 -1'>
					<Coordinate point='1.990229 -2.003673 1.409262 2.247213 -1.808298 1.202542 2.475524 -1.791084 1.427128 2.205679 -2.050777 1.672455'/>
				</IndexedFaceSet>
			</Shape>
			<Shape DEF='_IDX_293'>
				<Appearance USE='Material_73_IDX_73'/>
				<IndexedFaceSet solid="false" coordIndex='0 1 2 3 -1'>
					<Coordinate point='1.827153 -1.987557 1.157434 2.080280 -1.843928 0.987654 2.247213 -1.808298 1.202542 1.990229 -2.003673 1.409262'/>
				</IndexedFaceSet>
			</Shape>
			<Shape DEF='_IDX_294'>
				<Appearance DEF='Material_201_IDX_201'>
					<Material diffuseColor='0.631497 0.743442 0.344038'/>
					
				</Appearance>
				<IndexedFaceSet solid="false" coordIndex='0 1 2 3 -1'>
					<Coordinate point='1.707853 -1.999158 0.914941 1.963934 -1.895939 0.780731 2.080280 -1.843928 0.987654 1.827153 -1.987557 1.157434'/>
				</IndexedFaceSet>
			</Shape>
			<Shape DEF='_IDX_295'>
				<Appearance DEF='Material_202_IDX_202'>
					<Material diffuseColor='0.603690 0.743138 0.362039'/>
					
				</Appearance>
				<IndexedFaceSet solid="false" coordIndex='0 1 2 3 -1'>
					<Coordinate point='1.624641 -2.036923 0.679826 1.888837 -1.964502 0.580105 1.963934 -1.895939 0.780731 1.707853 -1.999158 0.914941'/>
				</IndexedFaceSet>
			</Shape>
			<Shape DEF='_IDX_296'>
				<Appearance USE='Material_76_IDX_76'/>
				<IndexedFaceSet solid="false" coordIndex='0 1 2 3 -1'>
					<Coordinate point='1.570934 -2.100726 0.450194 1.847456 -2.051333 0.384157 1.888837 -1.964502 0.580105 1.624641 -2.036923 0.679826'/>
				</IndexedFaceSet>
			</Shape>
			<Shape DEF='_IDX_297'>
				<Appearance DEF='Material_203_IDX_203'>
					<Material diffuseColor='0.551591 0.735510 0.407426'/>
					
				</Appearance>
				<IndexedFaceSet solid="false" coordIndex='0 1 2 3 -1'>
					<Coordinate point='1.541287 -2.191551 0.224193 1.834007 -2.159100 0.191307 1.847456 -2.051333 0.384157 1.570934 -2.100726 0.450194'/>
				</IndexedFaceSet>
			</Shape>
			<Shape DEF='_IDX_298'>
				<Appearance USE='Material_78_IDX_78'/>
				<IndexedFaceSet solid="false" coordIndex='0 1 2 3 -1'>
					<Coordinate point='1.531292 -2.311235 0.000000 1.844197 -2.291043 0.000000 1.834007 -2.159100 0.191307 1.541287 -2.191551 0.224193'/>
				</IndexedFaceSet>
			</Shape>
			<Shape DEF='_IDX_299'>
				<Appearance DEF='Material_204_IDX_204'>
					<Material diffuseColor='0.835254 0.691417 0.246507'/>
					
				</Appearance>
				<IndexedFaceSet solid="false" coordIndex='0 1 2 3 -1'>
					<Coordinate point='5.060186 -2.240263 2.818316 5.397271 -1.334828 2.298398 6.720164 -1.462970 2.677323 6.284645 -2.607527 3.282957'/>
				</IndexedFaceSet>
			</Shape>
			<Shape DEF='_IDX_300'>
				<Appearance DEF='Material_205_IDX_205'>
					<Material diffuseColor='0.799333 0.717663 0.259146'/>
					
				</Appearance>
				<IndexedFaceSet solid="false" coordIndex='0 1 2 3 -1'>
					<Coordinate point='4.089684 -1.997104 2.397769 4.345799 -1.292715 1.955433 5.397271 -1.334828 2.298398 5.060186 -2.240263 2.818316'/>
				</IndexedFaceSet>
			</Shape>
			<Shape DEF='_IDX_301'>
				<Appearance USE='Material_55_IDX_55'/>
				<IndexedFaceSet solid="false" coordIndex='0 1 2 3 -1'>
					<Coordinate point='3.337978 -1.856741 2.014735 3.534007 -1.325311 1.643061 4.345799 -1.292715 1.955433 4.089684 -1.997104 2.397769'/>
				</IndexedFaceSet>
			</Shape>
			<Shape DEF='_IDX_302'>
				<Appearance DEF='Material_206_IDX_206'>
					<Material diffuseColor='0.719742 0.739070 0.292869'/>
					
				</Appearance>
				<IndexedFaceSet solid="false" coordIndex='0 1 2 3 -1'>
					<Coordinate point='2.776645 -1.796917 1.663223 2.939211 -1.413465 1.356395 3.534007 -1.325311 1.643061 3.337978 -1.856741 2.014735'/>
				</IndexedFaceSet>
			</Shape>
			<Shape DEF='_IDX_303'>
				<Appearance USE='Material_57_IDX_57'/>
				<IndexedFaceSet solid="false" coordIndex='0 1 2 3 -1'>
					<Coordinate point='2.776645 -1.796917 1.663223 2.939211 -1.413465 1.356395 2.939211 -1.413465 1.356395 2.776645 -1.796917 1.663223'/>
				</IndexedFaceSet>
			</Shape>
			<Shape DEF='_IDX_304'>
				<Appearance USE='Material_58_IDX_58'/>
				<IndexedFaceSet solid="false" coordIndex='0 1 2 3 -1'>
					<Coordinate point='2.475524 -1.791084 1.427128 2.631500 -1.496208 1.163854 2.939211 -1.413465 1.356395 2.776645 -1.796917 1.663223'/>
				</IndexedFaceSet>
			</Shape>
			<Shape DEF='_IDX_305'>
				<Appearance USE='Material_59_IDX_59'/>
				<IndexedFaceSet solid="false" coordIndex='0 1 2 3 -1'>
					<Coordinate point='2.247213 -1.808298 1.202542 2.408550 -1.585068 0.980699 2.631500 -1.496208 1.163854 2.475524 -1.791084 1.427128'/>
				</IndexedFaceSet>
			</Shape>
			<Shape DEF='_IDX_306'>
				<Appearance USE='Material_60_IDX_60'/>
				<IndexedFaceSet solid="false" coordIndex='0 1 2 3 -1'>
					<Coordinate point='2.080280 -1.843928 0.987654 2.254909 -1.675467 0.805453 2.408550 -1.585068 0.980699 2.247213 -1.808298 1.202542'/>
				</IndexedFaceSet>
			</Shape>
			<Shape DEF='_IDX_307'>
				<Appearance DEF='Material_207_IDX_207'>
					<Material diffuseColor='0.611604 0.743672 0.356176'/>
					
				</Appearance>
				<IndexedFaceSet solid="false" coordIndex='0 1 2 3 -1'>
					<Coordinate point='1.963934 -1.895939 0.780731 2.156209 -1.767371 0.636703 2.254909 -1.675467 0.805453 2.080280 -1.843928 0.987654'/>
				</IndexedFaceSet>
			</Shape>
			<Shape DEF='_IDX_308'>
				<Appearance DEF='Material_208_IDX_208'>
					<Material diffuseColor='0.588877 0.740969 0.374943'/>
					
				</Appearance>
				<IndexedFaceSet solid="false" coordIndex='0 1 2 3 -1'>
					<Coordinate point='1.888837 -1.964502 0.580105 2.100964 -1.863847 0.473088 2.156209 -1.767371 0.636703 1.963934 -1.895939 0.780731'/>
				</IndexedFaceSet>
			</Shape>
			<Shape DEF='_IDX_309'>
				<Appearance USE='Material_63_IDX_63'/>
				<IndexedFaceSet solid="false" coordIndex='0 1 2 3 -1'>
					<Coordinate point='1.847456 -2.051333 0.384157 2.080848 -1.969416 0.313288 2.100964 -1.863847 0.473088 1.888837 -1.964502 0.580105'/>
				</IndexedFaceSet>
			</Shape>
			<Shape DEF='_IDX_310'>
				<Appearance USE='Material_64_IDX_64'/>
				<IndexedFaceSet solid="false" coordIndex='0 1 2 3 -1'>
					<Coordinate point='1.834007 -2.159100 0.191307 2.090197 -2.089009 0.156015 2.080848 -1.969416 0.313288 1.847456 -2.051333 0.384157'/>
				</IndexedFaceSet>
			</Shape>
			<Shape DEF='_IDX_311'>
				<Appearance USE='Material_65_IDX_65'/>
				<IndexedFaceSet solid="false" coordIndex='0 1 2 3 -1'>
					<Coordinate point='1.844197 -2.291043 0.000000 2.125330 -2.227522 0.000000 2.090197 -2.089009 0.156015 1.834007 -2.159100 0.191307'/>
				</IndexedFaceSet>
			</Shape>
			<Shape DEF='_IDX_312'>
				<Appearance USE='Material_40_IDX_40'/>
				<IndexedFaceSet solid="false" coordIndex='0 1 2 3 -1'>
					<Coordinate point='5.397271 -1.334828 2.298398 5.517675 -0.359899 1.749576 6.900875 -0.241917 2.038020 6.720164 -1.462970 2.677323'/>
				</IndexedFaceSet>
			</Shape>
			<Shape DEF='_IDX_313'>
				<Appearance DEF='Material_209_IDX_209'>
					<Material diffuseColor='0.743372 0.733412 0.282748'/>
					
				</Appearance>
				<IndexedFaceSet solid="false" coordIndex='0 1 2 3 -1'>
					<Coordinate point='4.345799 -1.292715 1.955433 4.410101 -0.527080 1.488506 5.517675 -0.359899 1.749576 5.397271 -1.334828 2.298398'/>
				</IndexedFaceSet>
			</Shape>
			<Shape DEF='_IDX_314'>
				<Appearance USE='Material_42_IDX_42'/>
				<IndexedFaceSet solid="false" coordIndex='0 1 2 3 -1'>
					<Coordinate point='3.534007 -1.325311 1.643061 3.554630 -0.747876 1.250723 4.410101 -0.527080 1.488506 4.345799 -1.292715 1.955433'/>
				</IndexedFaceSet>
			</Shape>
			<Shape DEF='_IDX_315'>
				<Appearance USE='Material_43_IDX_43'/>
				<IndexedFaceSet solid="false" coordIndex='0 1 2 3 -1'>
					<Coordinate point='2.939211 -1.413465 1.356395 2.946603 -1.007280 1.032509 3.554630 -0.747876 1.250723 3.534007 -1.325311 1.643061'/>
				</IndexedFaceSet>
			</Shape>
			<Shape DEF='_IDX_316'>
				<Appearance USE='Material_44_IDX_44'/>
				<IndexedFaceSet solid="false" coordIndex='0 1 2 3 -1'>
					<Coordinate point='2.939211 -1.413465 1.356395 2.946603 -1.007280 1.032509 2.946603 -1.007280 1.032509 2.939211 -1.413465 1.356395'/>
				</IndexedFaceSet>
			</Shape>
			<Shape DEF='_IDX_317'>
				<Appearance USE='Material_45_IDX_45'/>
				<IndexedFaceSet solid="false" coordIndex='0 1 2 3 -1'>
					<Coordinate point='2.631500 -1.496208 1.163854 2.654416 -1.193367 0.885944 2.946603 -1.007280 1.032509 2.939211 -1.413465 1.356395'/>
				</IndexedFaceSet>
			</Shape>
			<Shape DEF='_IDX_318'>
				<Appearance USE='Material_46_IDX_46'/>
				<IndexedFaceSet solid="false" coordIndex='0 1 2 3 -1'>
					<Coordinate point='2.408550 -1.585068 0.980699 2.462089 -1.361069 0.746523 2.654416 -1.193367 0.885944 2.631500 -1.496208 1.163854'/>
				</IndexedFaceSet>
			</Shape>
			<Shape DEF='_IDX_319'>
				<Appearance USE='Material_47_IDX_47'/>
				<IndexedFaceSet solid="false" coordIndex='0 1 2 3 -1'>
					<Coordinate point='2.254909 -1.675467 0.805453 2.344781 -1.505684 0.613123 2.462089 -1.361069 0.746523 2.408550 -1.585068 0.980699'/>
				</IndexedFaceSet>
			</Shape>
			<Shape DEF='_IDX_320'>
				<Appearance USE='Material_48_IDX_48'/>
				<IndexedFaceSet solid="false" coordIndex='0 1 2 3 -1'>
					<Coordinate point='2.156209 -1.767371 0.636703 2.281712 -1.632102 0.484668 2.344781 -1.505684 0.613123 2.254909 -1.675467 0.805453'/>
				</IndexedFaceSet>
			</Shape>
			<Shape DEF='_IDX_321'>
				<Appearance USE='Material_49_IDX_49'/>
				<IndexedFaceSet solid="false" coordIndex='0 1 2 3 -1'>
					<Coordinate point='2.100964 -1.863847 0.473088 2.259107 -1.749089 0.360122 2.281712 -1.632102 0.484668 2.156209 -1.767371 0.636703'/>
				</IndexedFaceSet>
			</Shape>
			<Shape DEF='_IDX_322'>
				<Appearance USE='Material_50_IDX_50'/>
				<IndexedFaceSet solid="false" coordIndex='0 1 2 3 -1'>
					<Coordinate point='2.080848 -1.969416 0.313288 2.268869 -1.865560 0.238480 2.259107 -1.749089 0.360122 2.100964 -1.863847 0.473088'/>
				</IndexedFaceSet>
			</Shape>
			<Shape DEF='_IDX_323'>
				<Appearance USE='Material_51_IDX_51'/>
				<IndexedFaceSet solid="false" coordIndex='0 1 2 3 -1'>
					<Coordinate point='2.090197 -2.089009 0.156015 2.306577 -1.989316 0.118761 2.268869 -1.865560 0.238480 2.080848 -1.969416 0.313288'/>
				</IndexedFaceSet>
			</Shape>
			<Shape DEF='_IDX_324'>
				<Appearance USE='Material_52_IDX_52'/>
				<IndexedFaceSet solid="false" coordIndex='0 1 2 3 -1'>
					<Coordinate point='2.125330 -2.227522 0.000000 2.370045 -2.126971 0.000000 2.306577 -1.989316 0.118761 2.090197 -2.089009 0.156015'/>
				</IndexedFaceSet>
			</Shape>
			<Shape DEF='_IDX_325'>
				<Appearance USE='Material_27_IDX_27'/>
				<IndexedFaceSet solid="false" coordIndex='0 1 2 3 -1'>
					<Coordinate point='5.517675 -0.359899 1.749576 5.418911 0.654781 1.178753 6.824070 1.012368 1.373088 6.900875 -0.241917 2.038020'/>
				</IndexedFaceSet>
			</Shape>
			<Shape DEF='_IDX_326'>
				<Appearance DEF='Material_210_IDX_210'>
					<Material diffuseColor='0.681336 0.742865 0.313629'/>
					
				</Appearance>
				<IndexedFaceSet solid="false" coordIndex='0 1 2 3 -1'>
					<Coordinate point='4.410101 -0.527080 1.488506 4.274275 0.283975 1.002860 5.418911 0.654781 1.178753 5.517675 -0.359899 1.749576'/>
				</IndexedFaceSet>
			</Shape>
			<Shape DEF='_IDX_327'>
				<Appearance USE='Material_29_IDX_29'/>
				<IndexedFaceSet solid="false" coordIndex='0 1 2 3 -1'>
					<Coordinate point='3.554630 -0.747876 1.250723 3.374598 -0.134421 0.842658 4.274275 0.283975 1.002860 4.410101 -0.527080 1.488506'/>
				</IndexedFaceSet>
			</Shape>
			<Shape DEF='_IDX_328'>
				<Appearance DEF='Material_211_IDX_211'>
					<Material diffuseColor='0.630890 0.743449 0.344409'/>
					
				</Appearance>
				<IndexedFaceSet solid="false" coordIndex='0 1 2 3 -1'>
					<Coordinate point='2.946603 -1.007280 1.032509 2.762142 -0.606129 0.695639 3.374598 -0.134421 0.842658 3.554630 -0.747876 1.250723'/>
				</IndexedFaceSet>
			</Shape>
			<Shape DEF='_IDX_329'>
				<Appearance DEF='Material_212_IDX_212'>
					<Material diffuseColor='0.619361 0.743582 0.351443'/>
					
				</Appearance>
				<IndexedFaceSet solid="false" coordIndex='0 1 2 3 -1'>
					<Coordinate point='2.946603 -1.007280 1.032509 2.762142 -0.606129 0.695639 2.762142 -0.606129 0.695639 2.946603 -1.007280 1.032509'/>
				</IndexedFaceSet>
			</Shape>
			<Shape DEF='_IDX_330'>
				<Appearance DEF='Material_213_IDX_213'>
					<Material diffuseColor='0.611618 0.743672 0.356167'/>
					
				</Appearance>
				<IndexedFaceSet solid="false" coordIndex='0 1 2 3 -1'>
					<Coordinate point='2.654416 -1.193367 0.885944 2.519580 -0.923843 0.596892 2.762142 -0.606129 0.695639 2.946603 -1.007280 1.032509'/>
				</IndexedFaceSet>
			</Shape>
			<Shape DEF='_IDX_331'>
				<Appearance USE='Material_33_IDX_33'/>
				<IndexedFaceSet solid="false" coordIndex='0 1 2 3 -1'>
					<Coordinate point='2.462089 -1.361069 0.746523 2.400363 -1.176534 0.502960 2.519580 -0.923843 0.596892 2.654416 -1.193367 0.885944'/>
				</IndexedFaceSet>
			</Shape>
			<Shape DEF='_IDX_332'>
				<Appearance USE='Material_34_IDX_34'/>
				<IndexedFaceSet solid="false" coordIndex='0 1 2 3 -1'>
					<Coordinate point='2.344781 -1.505684 0.613123 2.352515 -1.365410 0.413083 2.400363 -1.176534 0.502960 2.462089 -1.361069 0.746523'/>
				</IndexedFaceSet>
			</Shape>
			<Shape DEF='_IDX_333'>
				<Appearance USE='Material_35_IDX_35'/>
				<IndexedFaceSet solid="false" coordIndex='0 1 2 3 -1'>
					<Coordinate point='2.281712 -1.632102 0.484668 2.345912 -1.511453 0.326539 2.352515 -1.365410 0.413083 2.344781 -1.505684 0.613123'/>
				</IndexedFaceSet>
			</Shape>
			<Shape DEF='_IDX_334'>
				<Appearance USE='Material_36_IDX_36'/>
				<IndexedFaceSet solid="false" coordIndex='0 1 2 3 -1'>
					<Coordinate point='2.259107 -1.749089 0.360122 2.367871 -1.634697 0.242627 2.345912 -1.511453 0.326539 2.281712 -1.632102 0.484668'/>
				</IndexedFaceSet>
			</Shape>
			<Shape DEF='_IDX_335'>
				<Appearance USE='Material_37_IDX_37'/>
				<IndexedFaceSet solid="false" coordIndex='0 1 2 3 -1'>
					<Coordinate point='2.268869 -1.865560 0.238480 2.413945 -1.749913 0.160673 2.367871 -1.634697 0.242627 2.259107 -1.749089 0.360122'/>
				</IndexedFaceSet>
			</Shape>
			<Shape DEF='_IDX_336'>
				<Appearance USE='Material_38_IDX_38'/>
				<IndexedFaceSet solid="false" coordIndex='0 1 2 3 -1'>
					<Coordinate point='2.306577 -1.989316 0.118761 2.483161 -1.867618 0.080014 2.413945 -1.749913 0.160673 2.268869 -1.865560 0.238480'/>
				</IndexedFaceSet>
			</Shape>
			<Shape DEF='_IDX_337'>
				<Appearance USE='Material_39_IDX_39'/>
				<IndexedFaceSet solid="false" coordIndex='0 1 2 3 -1'>
					<Coordinate point='2.370045 -2.126971 0.000000 2.576069 -1.995572 0.000000 2.483161 -1.867618 0.080014 2.306577 -1.989316 0.118761'/>
				</IndexedFaceSet>
			</Shape>
			<Shape DEF='_IDX_338'>
				<Appearance DEF='Material_214_IDX_214'>
					<Material diffuseColor='0.631342 0.743444 0.344133'/>
					
				</Appearance>
				<IndexedFaceSet solid="false" coordIndex='0 1 2 3 -1'>
					<Coordinate point='5.418911 0.654781 1.178753 5.113871 1.678867 0.593106 6.499730 2.254346 0.690888 6.824070 1.012368 1.373088'/>
				</IndexedFaceSet>
			</Shape>
			<Shape DEF='_IDX_339'>
				<Appearance DEF='Material_215_IDX_215'>
					<Material diffuseColor='0.613775 0.743647 0.354851'/>
					
				</Appearance>
				<IndexedFaceSet solid="false" coordIndex='0 1 2 3 -1'>
					<Coordinate point='4.274275 0.283975 1.002860 3.949142 1.134427 0.504603 5.113871 1.678867 0.593106 5.418911 0.654781 1.178753'/>
				</IndexedFaceSet>
			</Shape>
			<Shape DEF='_IDX_340'>
				<Appearance USE='Material_16_IDX_16'/>
				<IndexedFaceSet solid="false" coordIndex='0 1 2 3 -1'>
					<Coordinate point='3.374598 -0.134421 0.842658 2.967764 0.540356 0.423995 3.949142 1.134427 0.504603 4.274275 0.283975 1.002860'/>
				</IndexedFaceSet>
			</Shape>
			<Shape DEF='_IDX_341'>
				<Appearance USE='Material_17_IDX_17'/>
				<IndexedFaceSet solid="false" coordIndex='0 1 2 3 -1'>
					<Coordinate point='2.762142 -0.606129 0.695639 2.293854 -0.245623 0.350020 2.967764 0.540356 0.423995 3.374598 -0.134421 0.842658'/>
				</IndexedFaceSet>
			</Shape>
			<Shape DEF='_IDX_342'>
				<Appearance USE='Material_18_IDX_18'/>
				<IndexedFaceSet solid="false" coordIndex='0 1 2 3 -1'>
					<Coordinate point='2.762142 -0.606129 0.695639 2.293854 -0.245623 0.350020 2.293854 -0.245623 0.350020 2.762142 -0.606129 0.695639'/>
				</IndexedFaceSet>
			</Shape>
			<Shape DEF='_IDX_343'>
				<Appearance USE='Material_19_IDX_19'/>
				<IndexedFaceSet solid="false" coordIndex='0 1 2 3 -1'>
					<Coordinate point='2.519580 -0.923843 0.596892 2.192017 -0.775707 0.300335 2.293854 -0.245623 0.350020 2.762142 -0.606129 0.695639'/>
				</IndexedFaceSet>
			</Shape>
			<Shape DEF='_IDX_344'>
				<Appearance DEF='Material_216_IDX_216'>
					<Material diffuseColor='0.563912 0.737314 0.396692'/>
					
				</Appearance>
				<IndexedFaceSet solid="false" coordIndex='0 1 2 3 -1'>
					<Coordinate point='2.400363 -1.176534 0.502960 2.236982 -1.096684 0.253071 2.192017 -0.775707 0.300335 2.519580 -0.923843 0.596892'/>
				</IndexedFaceSet>
			</Shape>
			<Shape DEF='_IDX_345'>
				<Appearance USE='Material_21_IDX_21'/>
				<IndexedFaceSet solid="false" coordIndex='0 1 2 3 -1'>
					<Coordinate point='2.352515 -1.365410 0.413083 2.301457 -1.290660 0.207849 2.236982 -1.096684 0.253071 2.400363 -1.176534 0.502960'/>
				</IndexedFaceSet>
			</Shape>
			<Shape DEF='_IDX_346'>
				<Appearance DEF='Material_217_IDX_217'>
					<Material diffuseColor='0.547374 0.734892 0.411100'/>
					
				</Appearance>
				<IndexedFaceSet solid="false" coordIndex='0 1 2 3 -1'>
					<Coordinate point='2.345912 -1.511453 0.326539 2.367910 -1.424454 0.164302 2.301457 -1.290660 0.207849 2.352515 -1.365410 0.413083'/>
				</IndexedFaceSet>
			</Shape>
			<Shape DEF='_IDX_347'>
				<Appearance USE='Material_23_IDX_23'/>
				<IndexedFaceSet solid="false" coordIndex='0 1 2 3 -1'>
					<Coordinate point='2.367871 -1.634697 0.242627 2.439968 -1.531432 0.122081 2.367910 -1.424454 0.164302 2.345912 -1.511453 0.326539'/>
				</IndexedFaceSet>
			</Shape>
			<Shape DEF='_IDX_348'>
				<Appearance USE='Material_24_IDX_24'/>
				<IndexedFaceSet solid="false" coordIndex='0 1 2 3 -1'>
					<Coordinate point='2.413945 -1.749913 0.160673 2.523316 -1.629490 0.080845 2.439968 -1.531432 0.122081 2.367871 -1.634697 0.242627'/>
				</IndexedFaceSet>
			</Shape>
			<Shape DEF='_IDX_349'>
				<Appearance USE='Material_25_IDX_25'/>
				<IndexedFaceSet solid="false" coordIndex='0 1 2 3 -1'>
					<Coordinate point='2.483161 -1.867618 0.080014 2.622970 -1.729384 0.040260 2.523316 -1.629490 0.080845 2.413945 -1.749913 0.160673'/>
				</IndexedFaceSet>
			</Shape>
			<Shape DEF='_IDX_350'>
				<Appearance USE='Material_26_IDX_26'/>
				<IndexedFaceSet solid="false" coordIndex='0 1 2 3 -1'>
					<Coordinate point='2.576069 -1.995572 0.000000 2.743182 -1.838325 -0.000000 2.622970 -1.729384 0.040260 2.483161 -1.867618 0.080014'/>
				</IndexedFaceSet>
			</Shape>
			<Shape DEF='_IDX_351'>
				<Appearance USE='Material_1_IDX_1'/>
				<IndexedFaceSet solid="false" coordIndex='0 1 2 3 -1'>
					<Coordinate point='5.113871 1.678867 0.593106 4.632362 2.674506 -0.000000 5.949481 3.434944 -0.000000 6.499730 2.254346 0.690888'/>
				</IndexedFaceSet>
			</Shape>
			<Shape DEF='_IDX_352'>
				<Appearance USE='Material_2_IDX_2'/>
				<IndexedFaceSet solid="false" coordIndex='0 1 2 3 -1'>
					<Coordinate point='3.949142 1.134427 0.504603 3.485733 2.012499 0.000000 4.632362 2.674506 -0.000000 5.113871 1.678867 0.593106'/>
				</IndexedFaceSet>
			</Shape>
			<Shape DEF='_IDX_353'>
				<Appearance USE='Material_3_IDX_3'/>
				<IndexedFaceSet solid="false" coordIndex='0 1 2 3 -1'>
					<Coordinate point='2.967764 0.540356 0.423995 2.398398 1.384726 0.000000 3.485733 2.012499 0.000000 3.949142 1.134427 0.504603'/>
				</IndexedFaceSet>
			</Shape>
			<Shape DEF='_IDX_354'>
				<Appearance DEF='Material_218_IDX_218'>
					<Material diffuseColor='0.537058 0.733382 0.420087'/>
					
				</Appearance>
				<IndexedFaceSet solid="false" coordIndex='0 1 2 3 -1'>
					<Coordinate point='2.293854 -0.245623 0.350020 0.000024 0.000011 0.000000 2.398398 1.384726 0.000000 2.967764 0.540356 0.423995'/>
				</IndexedFaceSet>
			</Shape>
			<Shape DEF='_IDX_355'>
				<Appearance USE='Material_5_IDX_5'/>
				<IndexedFaceSet solid="false" coordIndex='0 1 2 3 -1'>
					<Coordinate point='2.293854 -0.245623 0.350020 0.000024 0.000011 0.000000 0.000024 0.000011 0.000000 2.293854 -0.245623 0.350020'/>
				</IndexedFaceSet>
			</Shape>
			<Shape DEF='_IDX_356'>
				<Appearance DEF='Material_219_IDX_219'>
					<Material diffuseColor='0.533281 0.732828 0.423377'/>
					
				</Appearance>
				<IndexedFaceSet solid="false" coordIndex='0 1 2 3 -1'>
					<Coordinate point='2.192017 -0.775707 0.300335 1.747221 -1.008748 0.000000 0.000024 0.000011 0.000000 2.293854 -0.245623 0.350020'/>
				</IndexedFaceSet>
			</Shape>
			<Shape DEF='_IDX_357'>
				<Appearance USE='Material_7_IDX_7'/>
				<IndexedFaceSet solid="false" coordIndex='0 1 2 3 -1'>
					<Coordinate point='2.236982 -1.096684 0.253071 2.069000 -1.194527 -0.000000 1.747221 -1.008748 0.000000 2.192017 -0.775707 0.300335'/>
				</IndexedFaceSet>
			</Shape>
			<Shape DEF='_IDX_358'>
				<Appearance USE='Material_8_IDX_8'/>
				<IndexedFaceSet solid="false" coordIndex='0 1 2 3 -1'>
					<Coordinate point='2.301457 -1.290660 0.207849 2.250894 -1.299544 -0.000000 2.069000 -1.194527 -0.000000 2.236982 -1.096684 0.253071'/>
				</IndexedFaceSet>
			</Shape>
			<Shape DEF='_IDX_359'>
				<Appearance USE='Material_9_IDX_9'/>
				<IndexedFaceSet solid="false" coordIndex='0 1 2 3 -1'>
					<Coordinate point='2.367910 -1.424454 0.164302 2.381279 -1.374821 -0.000000 2.250894 -1.299544 -0.000000 2.301457 -1.290660 0.207849'/>
				</IndexedFaceSet>
			</Shape>
			<Shape DEF='_IDX_360'>
				<Appearance USE='Material_10_IDX_10'/>
				<IndexedFaceSet solid="false" coordIndex='0 1 2 3 -1'>
					<Coordinate point='2.439968 -1.531432 0.122081 2.494115 -1.439968 0.000000 2.381279 -1.374821 -0.000000 2.367910 -1.424454 0.164302'/>
				</IndexedFaceSet>
			</Shape>
			<Shape DEF='_IDX_361'>
				<Appearance USE='Material_11_IDX_11'/>
				<IndexedFaceSet solid="false" coordIndex='0 1 2 3 -1'>
					<Coordinate point='2.523316 -1.629490 0.080845 2.606953 -1.505115 0.000000 2.494115 -1.439968 0.000000 2.439968 -1.531432 0.122081'/>
				</IndexedFaceSet>
			</Shape>
			<Shape DEF='_IDX_362'>
				<Appearance USE='Material_12_IDX_12'/>
				<IndexedFaceSet solid="false" coordIndex='0 1 2 3 -1'>
					<Coordinate point='2.622970 -1.729384 0.040260 2.730511 -1.576451 0.000000 2.606953 -1.505115 0.000000 2.523316 -1.629490 0.080845'/>
				</IndexedFaceSet>
			</Shape>
			<Shape DEF='_IDX_363'>
				<Appearance USE='Material_13_IDX_13'/>
				<IndexedFaceSet solid="false" coordIndex='0 1 2 3 -1'>
					<Coordinate point='2.743182 -1.838325 -0.000000 2.872223 -1.658268 0.000000 2.730511 -1.576451 0.000000 2.622970 -1.729384 0.040260'/>
				</IndexedFaceSet>
			</Shape>
			<Shape DEF='_IDX_364'>
				<Appearance DEF='Material_220_IDX_220'>
					<Material diffuseColor='0.512326 0.729554 0.441982'/>
					
				</Appearance>
				<IndexedFaceSet solid="false" coordIndex='0 1 2 3 -1'>
					<Coordinate point='3.037878 -1.753920 -0.000000 2.887740 -1.961697 -0.040260 2.743191 -1.838340 0.000000 2.872232 -1.658284 0.000000'/>
				</IndexedFaceSet>
			</Shape>
			<Shape DEF='_IDX_365'>
				<Appearance DEF='Material_221_IDX_221'>
					<Material diffuseColor='0.510136 0.728818 0.444593'/>
					
				</Appearance>
				<IndexedFaceSet solid="false" coordIndex='0 1 2 3 -1'>
					<Coordinate point='3.232456 -1.866259 -0.000000 3.060216 -2.103902 -0.080845 2.887740 -1.961697 -0.040260 3.037878 -1.753920 -0.000000'/>
				</IndexedFaceSet>
			</Shape>
			<Shape DEF='_IDX_366'>
				<Appearance DEF='Material_222_IDX_222'>
					<Material diffuseColor='0.507920 0.728074 0.447235'/>
					
				</Appearance>
				<IndexedFaceSet solid="false" coordIndex='0 1 2 3 -1'>
					<Coordinate point='3.460702 -1.998037 -0.000000 3.264263 -2.268983 -0.122081 3.060216 -2.103902 -0.080845 3.232456 -1.866259 -0.000000'/>
				</IndexedFaceSet>
			</Shape>
			<Shape DEF='_IDX_367'>
				<Appearance DEF='Material_223_IDX_223'>
					<Material diffuseColor='0.505659 0.727314 0.449931'/>
					
				</Appearance>
				<IndexedFaceSet solid="false" coordIndex='0 1 2 3 -1'>
					<Coordinate point='3.727446 -2.152042 0.000000 3.503769 -2.460896 -0.164302 3.264263 -2.268983 -0.122081 3.460702 -1.998037 -0.000000'/>
				</IndexedFaceSet>
			</Shape>
			<Shape DEF='_IDX_368'>
				<Appearance DEF='Material_224_IDX_224'>
					<Material diffuseColor='0.503336 0.726534 0.452701'/>
					
				</Appearance>
				<IndexedFaceSet solid="false" coordIndex='0 1 2 3 -1'>
					<Coordinate point='4.037872 -2.331266 0.000000 3.783038 -2.683779 -0.207849 3.503769 -2.460896 -0.164302 3.727446 -2.152042 0.000000'/>
				</IndexedFaceSet>
			</Shape>
			<Shape DEF='_IDX_369'>
				<Appearance DEF='Material_225_IDX_225'>
					<Material diffuseColor='0.500932 0.725726 0.455567'/>
					
				</Appearance>
				<IndexedFaceSet solid="false" coordIndex='0 1 2 3 -1'>
					<Coordinate point='4.397736 -2.539034 0.000000 4.106943 -2.942132 -0.253071 3.783038 -2.683779 -0.207849 4.037872 -2.331266 0.000000'/>
				</IndexedFaceSet>
			</Shape>
			<Shape DEF='_IDX_370'>
				<Appearance DEF='Material_226_IDX_226'>
					<Material diffuseColor='0.498426 0.724885 0.458554'/>
					
				</Appearance>
				<IndexedFaceSet solid="false" coordIndex='0 1 2 3 -1'>
					<Coordinate point='4.813564 -2.779112 -0.000000 4.481075 -3.240997 -0.300335 4.106943 -2.942132 -0.253071 4.397736 -2.539034 0.000000'/>
				</IndexedFaceSet>
			</Shape>
			<Shape DEF='_IDX_371'>
				<Appearance DEF='Material_227_IDX_227'>
					<Material diffuseColor='0.495800 0.724003 0.461685'/>
					
				</Appearance>
				<IndexedFaceSet solid="false" coordIndex='0 1 2 3 -1'>
					<Coordinate point='5.292847 -3.055827 -0.000000 4.911905 -3.586105 -0.350020 4.481075 -3.240997 -0.300335 4.813564 -2.779112 -0.000000'/>
				</IndexedFaceSet>
			</Shape>
			<Shape DEF='_IDX_372'>
				<Appearance DEF='Material_228_IDX_228'>
					<Material diffuseColor='0.494454 0.723551 0.463290'/>
					
				</Appearance>
				<IndexedFaceSet solid="false" coordIndex='0 1 2 3 -1'>
					<Coordinate point='5.292847 -3.055827 -0.000000 4.911905 -3.586105 -0.350020 4.911905 -3.586105 -0.350020 5.292847 -3.055827 -0.000000'/>
				</IndexedFaceSet>
			</Shape>
			<Shape DEF='_IDX_373'>
				<Appearance DEF='Material_229_IDX_229'>
					<Material diffuseColor='0.492450 0.722878 0.465679'/>
					
				</Appearance>
				<IndexedFaceSet solid="false" coordIndex='0 1 2 3 -1'>
					<Coordinate point='6.082438 -3.511698 -0.000000 5.620597 -4.156239 -0.423995 4.911905 -3.586105 -0.350020 5.292847 -3.055827 -0.000000'/>
				</IndexedFaceSet>
			</Shape>
			<Shape DEF='_IDX_374'>
				<Appearance DEF='Material_230_IDX_230'>
					<Material diffuseColor='0.488263 0.721471 0.470671'/>
					
				</Appearance>
				<IndexedFaceSet solid="false" coordIndex='0 1 2 3 -1'>
					<Coordinate point='7.040034 -4.064566 -0.000000 6.478349 -4.850152 -0.504603 5.620597 -4.156239 -0.423995 6.082438 -3.511698 -0.000000'/>
				</IndexedFaceSet>
			</Shape>
			<Shape DEF='_IDX_375'>
				<Appearance DEF='Material_231_IDX_231'>
					<Material diffuseColor='0.483682 0.719933 0.476132'/>
					
				</Appearance>
				<IndexedFaceSet solid="false" coordIndex='0 1 2 3 -1'>
					<Coordinate point='8.200144 -4.734355 0.000000 7.515299 -5.693907 -0.593106 6.478349 -4.850152 -0.504603 7.040034 -4.064566 -0.000000'/>
				</IndexedFaceSet>
			</Shape>
			<Shape DEF='_IDX_376'>
				<Appearance DEF='Material_232_IDX_232'>
					<Material diffuseColor='0.478636 0.718238 0.482148'/>
					
				</Appearance>
				<IndexedFaceSet solid="false" coordIndex='0 1 2 3 -1'>
					<Coordinate point='9.605351 -5.545652 0.000000 8.768683 -6.719608 -0.690888 7.515299 -5.693907 -0.593106 8.200144 -4.734355 0.000000'/>
				</IndexedFaceSet>
			</Shape>
			<Shape DEF='_IDX_377'>
				<Appearance DEF='Material_233_IDX_233'>
					<Material diffuseColor='0.510159 0.728826 0.444566'/>
					
				</Appearance>
				<IndexedFaceSet solid="false" coordIndex='0 1 2 3 -1'>
					<Coordinate point='2.887740 -1.961697 -0.040260 2.693997 -2.139905 -0.080014 2.576078 -1.995587 -0.000000 2.743191 -1.838340 0.000000'/>
				</IndexedFaceSet>
			</Shape>
			<Shape DEF='_IDX_378'>
				<Appearance DEF='Material_234_IDX_234'>
					<Material diffuseColor='0.503617 0.726628 0.452366'/>
					
				</Appearance>
				<IndexedFaceSet solid="false" coordIndex='0 1 2 3 -1'>
					<Coordinate point='3.060216 -2.103902 -0.080845 2.838746 -2.305798 -0.160673 2.693997 -2.139905 -0.080014 2.887740 -1.961697 -0.040260'/>
				</IndexedFaceSet>
			</Shape>
			<Shape DEF='_IDX_379'>
				<Appearance DEF='Material_235_IDX_235'>
					<Material diffuseColor='0.496995 0.724404 0.460260'/>
					
				</Appearance>
				<IndexedFaceSet solid="false" coordIndex='0 1 2 3 -1'>
					<Coordinate point='3.264263 -2.268983 -0.122081 3.012575 -2.498076 -0.242627 2.838746 -2.305798 -0.160673 3.060216 -2.103902 -0.080845'/>
				</IndexedFaceSet>
			</Shape>
			<Shape DEF='_IDX_380'>
				<Appearance DEF='Material_236_IDX_236'>
					<Material diffuseColor='0.490242 0.722136 0.468312'/>
					
				</Appearance>
				<IndexedFaceSet solid="false" coordIndex='0 1 2 3 -1'>
					<Coordinate point='3.503769 -2.460896 -0.164302 3.218173 -2.721503 -0.326539 3.012575 -2.498076 -0.242627 3.264263 -2.268983 -0.122081'/>
				</IndexedFaceSet>
			</Shape>
			<Shape DEF='_IDX_381'>
				<Appearance DEF='Material_237_IDX_237'>
					<Material diffuseColor='0.483301 0.719805 0.476586'/>
					
				</Appearance>
				<IndexedFaceSet solid="false" coordIndex='0 1 2 3 -1'>
					<Coordinate point='3.783038 -2.683779 -0.207849 3.458724 -2.981063 -0.413083 3.218173 -2.721503 -0.326539 3.503769 -2.460896 -0.164302'/>
				</IndexedFaceSet>
			</Shape>
			<Shape DEF='_IDX_382'>
				<Appearance DEF='Material_238_IDX_238'>
					<Material diffuseColor='0.476118 0.717392 0.485151'/>
					
				</Appearance>
				<IndexedFaceSet solid="false" coordIndex='0 1 2 3 -1'>
					<Coordinate point='4.106943 -2.942132 -0.253071 3.737984 -3.282185 -0.502960 3.458724 -2.981063 -0.413083 3.783038 -2.683779 -0.207849'/>
				</IndexedFaceSet>
			</Shape>
			<Shape DEF='_IDX_383'>
				<Appearance DEF='Material_239_IDX_239'>
					<Material diffuseColor='0.468633 0.714878 0.494074'/>
					
				</Appearance>
				<IndexedFaceSet solid="false" coordIndex='0 1 2 3 -1'>
					<Coordinate point='4.481075 -3.240997 -0.300335 4.060370 -3.630934 -0.596892 3.737984 -3.282185 -0.502960 4.106943 -2.942132 -0.253071'/>
				</IndexedFaceSet>
			</Shape>
			<Shape DEF='_IDX_384'>
				<Appearance DEF='Material_240_IDX_240'>
					<Material diffuseColor='0.460788 0.712243 0.503427'/>
					
				</Appearance>
				<IndexedFaceSet solid="false" coordIndex='0 1 2 3 -1'>
					<Coordinate point='4.911905 -3.586105 -0.350020 4.431072 -4.034203 -0.695639 4.060370 -3.630934 -0.596892 4.481075 -3.240997 -0.300335'/>
				</IndexedFaceSet>
			</Shape>
			<Shape DEF='_IDX_385'>
				<Appearance DEF='Material_241_IDX_241'>
					<Material diffuseColor='0.456767 0.710893 0.508221'/>
					
				</Appearance>
				<IndexedFaceSet solid="false" coordIndex='0 1 2 3 -1'>
					<Coordinate point='4.911905 -3.586105 -0.350020 4.431072 -4.034203 -0.695639 4.431072 -4.034203 -0.695639 4.911905 -3.586105 -0.350020'/>
				</IndexedFaceSet>
			</Shape>
			<Shape DEF='_IDX_386'>
				<Appearance DEF='Material_242_IDX_242'>
					<Material diffuseColor='0.450781 0.708882 0.515357'/>
					
				</Appearance>
				<IndexedFaceSet solid="false" coordIndex='0 1 2 3 -1'>
					<Coordinate point='5.620597 -4.156239 -0.423995 5.039354 -4.701638 -0.842658 4.431072 -4.034203 -0.695639 4.911905 -3.586105 -0.350020'/>
				</IndexedFaceSet>
			</Shape>
			<Shape DEF='_IDX_387'>
				<Appearance DEF='Material_243_IDX_243'>
					<Material diffuseColor='0.438271 0.704680 0.530271'/>
					
				</Appearance>
				<IndexedFaceSet solid="false" coordIndex='0 1 2 3 -1'>
					<Coordinate point='6.478349 -4.850152 -0.504603 5.773144 -5.515742 -1.002860 5.039354 -4.701638 -0.842658 5.620597 -4.156239 -0.423995'/>
				</IndexedFaceSet>
			</Shape>
			<Shape DEF='_IDX_388'>
				<Appearance DEF='Material_244_IDX_244'>
					<Material diffuseColor='0.425480 0.698951 0.546947'/>
					
				</Appearance>
				<IndexedFaceSet solid="false" coordIndex='0 1 2 3 -1'>
					<Coordinate point='7.515299 -5.693907 -0.593106 6.657128 -6.507768 -1.178753 5.773144 -5.515742 -1.002860 6.478349 -4.850152 -0.504603'/>
				</IndexedFaceSet>
			</Shape>
			<Shape DEF='_IDX_389'>
				<Appearance DEF='Material_245_IDX_245'>
					<Material diffuseColor='0.412969 0.690637 0.565954'/>
					
				</Appearance>
				<IndexedFaceSet solid="false" coordIndex='0 1 2 3 -1'>
					<Coordinate point='8.768683 -6.719608 -0.690888 7.721887 -7.716197 -1.373088 6.657128 -6.507768 -1.178753 7.515299 -5.693907 -0.593106'/>
				</IndexedFaceSet>
			</Shape>
			<Shape DEF='_IDX_390'>
				<Appearance DEF='Material_246_IDX_246'>
					<Material diffuseColor='0.508033 0.728112 0.447101'/>
					
				</Appearance>
				<IndexedFaceSet solid="false" coordIndex='0 1 2 3 -1'>
					<Coordinate point='2.693997 -2.139905 -0.080014 2.458482 -2.284287 -0.118761 2.370054 -2.126987 -0.000000 2.576078 -1.995587 -0.000000'/>
				</IndexedFaceSet>
			</Shape>
			<Shape DEF='_IDX_391'>
				<Appearance DEF='Material_247_IDX_247'>
					<Material diffuseColor='0.497220 0.724480 0.459992'/>
					
				</Appearance>
				<IndexedFaceSet solid="false" coordIndex='0 1 2 3 -1'>
					<Coordinate point='2.838746 -2.305798 -0.160673 2.571999 -2.466468 -0.238480 2.458482 -2.284287 -0.118761 2.693997 -2.139905 -0.080014'/>
				</IndexedFaceSet>
			</Shape>
			<Shape DEF='_IDX_392'>
				<Appearance DEF='Material_248_IDX_248'>
					<Material diffuseColor='0.486277 0.720804 0.473038'/>
					
				</Appearance>
				<IndexedFaceSet solid="false" coordIndex='0 1 2 3 -1'>
					<Coordinate point='3.012575 -2.498076 -0.242627 2.711427 -2.678591 -0.360122 2.571999 -2.466468 -0.238480 2.838746 -2.305798 -0.160673'/>
				</IndexedFaceSet>
			</Shape>
			<Shape DEF='_IDX_393'>
				<Appearance DEF='Material_249_IDX_249'>
					<Material diffuseColor='0.475116 0.717055 0.486345'/>
					
				</Appearance>
				<IndexedFaceSet solid="false" coordIndex='0 1 2 3 -1'>
					<Coordinate point='3.218173 -2.721503 -0.326539 2.878168 -2.925816 -0.484668 2.711427 -2.678591 -0.360122 3.012575 -2.498076 -0.242627'/>
				</IndexedFaceSet>
			</Shape>
			<Shape DEF='_IDX_394'>
				<Appearance DEF='Material_250_IDX_250'>
					<Material diffuseColor='0.463645 0.713203 0.500021'/>
					
				</Appearance>
				<IndexedFaceSet solid="false" coordIndex='0 1 2 3 -1'>
					<Coordinate point='3.458724 -2.981063 -0.413083 3.074167 -3.213641 -0.613123 2.878168 -2.925816 -0.484668 3.218173 -2.721503 -0.326539'/>
				</IndexedFaceSet>
			</Shape>
			<Shape DEF='_IDX_395'>
				<Appearance DEF='Material_251_IDX_251'>
					<Material diffuseColor='0.451773 0.709215 0.514175'/>
					
				</Appearance>
				<IndexedFaceSet solid="false" coordIndex='0 1 2 3 -1'>
					<Coordinate point='3.737984 -3.282185 -0.502960 3.301917 -3.548117 -0.746523 3.074167 -3.213641 -0.613123 3.458724 -2.981063 -0.413083'/>
				</IndexedFaceSet>
			</Shape>
			<Shape DEF='_IDX_396'>
				<Appearance DEF='Material_252_IDX_252'>
					<Material diffuseColor='0.439404 0.705061 0.528922'/>
					
				</Appearance>
				<IndexedFaceSet solid="false" coordIndex='0 1 2 3 -1'>
					<Coordinate point='4.060370 -3.630934 -0.596892 3.564492 -3.936047 -0.885944 3.301917 -3.548117 -0.746523 3.737984 -3.282185 -0.502960'/>
				</IndexedFaceSet>
			</Shape>
			<Shape DEF='_IDX_397'>
				<Appearance DEF='Material_253_IDX_253'>
					<Material diffuseColor='0.427016 0.699971 0.544613'/>
					
				</Appearance>
				<IndexedFaceSet solid="false" coordIndex='0 1 2 3 -1'>
					<Coordinate point='4.431072 -4.034203 -0.695639 3.865609 -4.385188 -1.032509 3.564492 -3.936047 -0.885944 4.060370 -3.630934 -0.596892'/>
				</IndexedFaceSet>
			</Shape>
			<Shape DEF='_IDX_398'>
				<Appearance DEF='Material_254_IDX_254'>
					<Material diffuseColor='0.421501 0.696307 0.552991'/>
					
				</Appearance>
				<IndexedFaceSet solid="false" coordIndex='0 1 2 3 -1'>
					<Coordinate point='4.431072 -4.034203 -0.695639 3.865609 -4.385188 -1.032509 3.865609 -4.385188 -1.032509 4.431072 -4.034203 -0.695639'/>
				</IndexedFaceSet>
			</Shape>
			<Shape DEF='_IDX_399'>
				<Appearance DEF='Material_255_IDX_255'>
					<Material diffuseColor='0.413291 0.690851 0.565465'/>
					
				</Appearance>
				<IndexedFaceSet solid="false" coordIndex='0 1 2 3 -1'>
					<Coordinate point='5.039354 -4.701638 -0.842658 4.357571 -5.129570 -1.250723 3.865609 -4.385188 -1.032509 4.431072 -4.034203 -0.695639'/>
				</IndexedFaceSet>
			</Shape>
			<Shape DEF='_IDX_400'>
				<Appearance DEF='Material_256_IDX_256'>
					<Material diffuseColor='0.396132 0.679449 0.591531'/>
					
				</Appearance>
				<IndexedFaceSet solid="false" coordIndex='0 1 2 3 -1'>
					<Coordinate point='5.773144 -5.515742 -1.002860 4.947639 -6.038855 -1.488506 4.357571 -5.129570 -1.250723 5.039354 -4.701638 -0.842658'/>
				</IndexedFaceSet>
			</Shape>
			<Shape DEF='_IDX_401'>
				<Appearance DEF='Material_257_IDX_257'>
					<Material diffuseColor='0.377361 0.666976 0.620047'/>
					
				</Appearance>
				<IndexedFaceSet solid="false" coordIndex='0 1 2 3 -1'>
					<Coordinate point='6.657128 -6.507768 -1.178753 5.654181 -7.148352 -1.749576 4.947639 -6.038855 -1.488506 5.773144 -5.515742 -1.002860'/>
				</IndexedFaceSet>
			</Shape>
			<Shape DEF='_IDX_402'>
				<Appearance DEF='Material_258_IDX_258'>
					<Material diffuseColor='0.357494 0.651918 0.650835'/>
					
				</Appearance>
				<IndexedFaceSet solid="false" coordIndex='0 1 2 3 -1'>
					<Coordinate point='7.721887 -7.716197 -1.373088 6.500047 -8.501554 -2.038020 5.654181 -7.148352 -1.749576 6.657128 -6.507768 -1.178753'/>
				</IndexedFaceSet>
			</Shape>
			<Shape DEF='_IDX_403'>
				<Appearance DEF='Material_259_IDX_259'>
					<Material diffuseColor='0.505974 0.727420 0.449556'/>
					
				</Appearance>
				<IndexedFaceSet solid="false" coordIndex='0 1 2 3 -1'>
					<Coordinate point='2.458482 -2.284287 -0.118761 2.184001 -2.389748 -0.156015 2.125339 -2.227537 -0.000000 2.370054 -2.126987 -0.000000'/>
				</IndexedFaceSet>
			</Shape>
			<Shape DEF='_IDX_404'>
				<Appearance DEF='Material_260_IDX_260'>
					<Material diffuseColor='0.491027 0.722400 0.467375'/>
					
				</Appearance>
				<IndexedFaceSet solid="false" coordIndex='0 1 2 3 -1'>
					<Coordinate point='2.571999 -2.466468 -0.238480 2.264969 -2.580406 -0.313288 2.184001 -2.389748 -0.156015 2.458482 -2.284287 -0.118761'/>
				</IndexedFaceSet>
			</Shape>
			<Shape DEF='_IDX_405'>
				<Appearance DEF='Material_261_IDX_261'>
					<Material diffuseColor='0.475901 0.717319 0.485410'/>
					
				</Appearance>
				<IndexedFaceSet solid="false" coordIndex='0 1 2 3 -1'>
					<Coordinate point='2.711427 -2.678591 -0.360122 2.367794 -2.804392 -0.473088 2.264969 -2.580406 -0.313288 2.571999 -2.466468 -0.238480'/>
				</IndexedFaceSet>
			</Shape>
			<Shape DEF='_IDX_406'>
				<Appearance DEF='Material_262_IDX_262'>
					<Material diffuseColor='0.460471 0.712137 0.503805'/>
					
				</Appearance>
				<IndexedFaceSet solid="false" coordIndex='0 1 2 3 -1'>
					<Coordinate point='2.878168 -2.925816 -0.484668 2.492643 -3.066896 -0.636703 2.367794 -2.804392 -0.473088 2.711427 -2.678591 -0.360122'/>
				</IndexedFaceSet>
			</Shape>
			<Shape DEF='_IDX_407'>
				<Appearance DEF='Material_263_IDX_263'>
					<Material diffuseColor='0.444615 0.706811 0.522709'/>
					
				</Appearance>
				<IndexedFaceSet solid="false" coordIndex='0 1 2 3 -1'>
					<Coordinate point='3.074167 -3.213641 -0.613123 2.640209 -3.373602 -0.805453 2.492643 -3.066896 -0.636703 2.878168 -2.925816 -0.484668'/>
				</IndexedFaceSet>
			</Shape>
			<Shape DEF='_IDX_408'>
				<Appearance DEF='Material_264_IDX_264'>
					<Material diffuseColor='0.428482 0.700945 0.542387'/>
					
				</Appearance>
				<IndexedFaceSet solid="false" coordIndex='0 1 2 3 -1'>
					<Coordinate point='3.301917 -3.548117 -0.746523 2.811665 -3.730872 -0.980699 2.640209 -3.373602 -0.805453 3.074167 -3.213641 -0.613123'/>
				</IndexedFaceSet>
			</Shape>
			<Shape DEF='_IDX_409'>
				<Appearance DEF='Material_265_IDX_265'>
					<Material diffuseColor='0.414291 0.691516 0.563945'/>
					
				</Appearance>
				<IndexedFaceSet solid="false" coordIndex='0 1 2 3 -1'>
					<Coordinate point='3.564492 -3.936047 -0.885944 3.008651 -4.145936 -1.163854 2.811665 -3.730872 -0.980699 3.301917 -3.548117 -0.746523'/>
				</IndexedFaceSet>
			</Shape>
			<Shape DEF='_IDX_410'>
				<Appearance DEF='Material_266_IDX_266'>
					<Material diffuseColor='0.399416 0.681631 0.586543'/>
					
				</Appearance>
				<IndexedFaceSet solid="false" coordIndex='0 1 2 3 -1'>
					<Coordinate point='3.865609 -4.385188 -1.032509 3.233289 -4.627090 -1.356395 3.008651 -4.145936 -1.163854 3.564492 -3.936047 -0.885944'/>
				</IndexedFaceSet>
			</Shape>
			<Shape DEF='_IDX_411'>
				<Appearance DEF='Material_267_IDX_267'>
					<Material diffuseColor='0.391792 0.676565 0.598125'/>
					
				</Appearance>
				<IndexedFaceSet solid="false" coordIndex='0 1 2 3 -1'>
					<Coordinate point='3.865609 -4.385188 -1.032509 3.233289 -4.627090 -1.356395 3.233289 -4.627090 -1.356395 3.865609 -4.385188 -1.032509'/>
				</IndexedFaceSet>
			</Shape>
			<Shape DEF='_IDX_412'>
				<Appearance DEF='Material_268_IDX_268'>
					<Material diffuseColor='0.380442 0.669023 0.615368'/>
					
				</Appearance>
				<IndexedFaceSet solid="false" coordIndex='0 1 2 3 -1'>
					<Coordinate point='4.357571 -5.129570 -1.250723 3.597189 -5.425436 -1.643061 3.233289 -4.627090 -1.356395 3.865609 -4.385188 -1.032509'/>
				</IndexedFaceSet>
			</Shape>
			<Shape DEF='_IDX_413'>
				<Appearance DEF='Material_269_IDX_269'>
					<Material diffuseColor='0.357525 0.651957 0.650782'/>
					
				</Appearance>
				<IndexedFaceSet solid="false" coordIndex='0 1 2 3 -1'>
					<Coordinate point='4.947639 -6.038855 -1.488506 4.028836 -6.401646 -1.955433 3.597189 -5.425436 -1.643061 4.357571 -5.129570 -1.250723'/>
				</IndexedFaceSet>
			</Shape>
			<Shape DEF='_IDX_414'>
				<Appearance DEF='Material_270_IDX_270'>
					<Material diffuseColor='0.337114 0.625702 0.685937'/>
					
				</Appearance>
				<IndexedFaceSet solid="false" coordIndex='0 1 2 3 -1'>
					<Coordinate point='5.654181 -7.148352 -1.749576 4.539640 -7.593806 -2.298398 4.028836 -6.401646 -1.955433 4.947639 -6.038855 -1.488506'/>
				</IndexedFaceSet>
			</Shape>
			<Shape DEF='_IDX_415'>
				<Appearance DEF='Material_271_IDX_271'>
					<Material diffuseColor='0.314630 0.596780 0.724663'/>
					
				</Appearance>
				<IndexedFaceSet solid="false" coordIndex='0 1 2 3 -1'>
					<Coordinate point='6.500047 -8.501554 -2.038020 5.143938 -9.048874 -2.677323 4.539640 -7.593806 -2.298398 5.654181 -7.148352 -1.749576'/>
				</IndexedFaceSet>
			</Shape>
			<Shape DEF='_IDX_416'>
				<Appearance DEF='Material_272_IDX_272'>
					<Material diffuseColor='0.504009 0.726760 0.451899'/>
					
				</Appearance>
				<IndexedFaceSet solid="false" coordIndex='0 1 2 3 -1'>
					<Coordinate point='2.184001 -2.389748 -0.156015 1.874929 -2.450815 -0.191307 1.844206 -2.291059 -0.000000 2.125339 -2.227537 -0.000000'/>
				</IndexedFaceSet>
			</Shape>
			<Shape DEF='_IDX_417'>
				<Appearance DEF='Material_273_IDX_273'>
					<Material diffuseColor='0.485116 0.720414 0.474422'/>
					
				</Appearance>
				<IndexedFaceSet solid="false" coordIndex='0 1 2 3 -1'>
					<Coordinate point='2.264969 -2.580406 -0.313288 1.923998 -2.642388 -0.384157 1.874929 -2.450815 -0.191307 2.184001 -2.389748 -0.156015'/>
				</IndexedFaceSet>
			</Shape>
			<Shape DEF='_IDX_418'>
				<Appearance DEF='Material_274_IDX_274'>
					<Material diffuseColor='0.465995 0.713992 0.497218'/>
					
				</Appearance>
				<IndexedFaceSet solid="false" coordIndex='0 1 2 3 -1'>
					<Coordinate point='2.367794 -2.804392 -0.473088 1.989931 -2.870191 -0.580105 1.923998 -2.642388 -0.384157 2.264969 -2.580406 -0.313288'/>
				</IndexedFaceSet>
			</Shape>
			<Shape DEF='_IDX_419'>
				<Appearance DEF='Material_275_IDX_275'>
					<Material diffuseColor='0.446492 0.707442 0.520470'/>
					
				</Appearance>
				<IndexedFaceSet solid="false" coordIndex='0 1 2 3 -1'>
					<Coordinate point='2.492643 -3.066896 -0.636703 2.071793 -3.139158 -0.780731 1.989931 -2.870191 -0.580105 2.367794 -2.804392 -0.473088'/>
				</IndexedFaceSet>
			</Shape>
			<Shape DEF='_IDX_420'>
				<Appearance DEF='Material_276_IDX_276'>
					<Material diffuseColor='0.427026 0.699978 0.544598'/>
					
				</Appearance>
				<IndexedFaceSet solid="false" coordIndex='0 1 2 3 -1'>
					<Coordinate point='2.640209 -3.373602 -0.805453 2.169090 -3.454871 -0.987654 2.071793 -3.139158 -0.780731 2.492643 -3.066896 -0.636703'/>
				</IndexedFaceSet>
			</Shape>
			<Shape DEF='_IDX_421'>
				<Appearance DEF='Material_277_IDX_277'>
					<Material diffuseColor='0.409810 0.688538 0.570753'/>
					
				</Appearance>
				<IndexedFaceSet solid="false" coordIndex='0 1 2 3 -1'>
					<Coordinate point='2.811665 -3.730872 -0.980699 2.281692 -3.823708 -1.202542 2.169090 -3.454871 -0.987654 2.640209 -3.373602 -0.805453'/>
				</IndexedFaceSet>
			</Shape>
			<Shape DEF='_IDX_422'>
				<Appearance DEF='Material_278_IDX_278'>
					<Material diffuseColor='0.391873 0.676619 0.598002'/>
					
				</Appearance>
				<IndexedFaceSet solid="false" coordIndex='0 1 2 3 -1'>
					<Coordinate point='3.008651 -4.145936 -1.163854 2.409786 -4.253016 -1.427128 2.281692 -3.823708 -1.202542 2.811665 -3.730872 -0.980699'/>
				</IndexedFaceSet>
			</Shape>
			<Shape DEF='_IDX_423'>
				<Appearance DEF='Material_279_IDX_279'>
					<Material diffuseColor='0.373070 0.664125 0.626567'/>
					
				</Appearance>
				<IndexedFaceSet solid="false" coordIndex='0 1 2 3 -1'>
					<Coordinate point='3.233289 -4.627090 -1.356395 2.553850 -4.751299 -1.663223 2.409786 -4.253016 -1.427128 3.008651 -4.145936 -1.163854'/>
				</IndexedFaceSet>
			</Shape>
			<Shape DEF='_IDX_424'>
				<Appearance DEF='Material_280_IDX_280'>
					<Material diffuseColor='0.363433 0.657721 0.641206'/>
					
				</Appearance>
				<IndexedFaceSet solid="false" coordIndex='0 1 2 3 -1'>
					<Coordinate point='3.233289 -4.627090 -1.356395 2.553850 -4.751299 -1.663223 2.553850 -4.751299 -1.663223 3.233289 -4.627090 -1.356395'/>
				</IndexedFaceSet>
			</Shape>
			<Shape DEF='_IDX_425'>
				<Appearance DEF='Material_281_IDX_281'>
					<Material diffuseColor='0.351517 0.644230 0.661129'/>
					
				</Appearance>
				<IndexedFaceSet solid="false" coordIndex='0 1 2 3 -1'>
					<Coordinate point='3.597189 -5.425436 -1.643061 2.782519 -5.578863 -2.014735 2.553850 -4.751299 -1.663223 3.233289 -4.627090 -1.356395'/>
				</IndexedFaceSet>
			</Shape>
			<Shape DEF='_IDX_426'>
				<Appearance DEF='Material_282_IDX_282'>
					<Material diffuseColor='0.327934 0.613894 0.701748'/>
					
				</Appearance>
				<IndexedFaceSet solid="false" coordIndex='0 1 2 3 -1'>
					<Coordinate point='4.028836 -6.401646 -1.955433 3.046610 -6.591517 -2.397769 2.782519 -5.578863 -2.014735 3.597189 -5.425436 -1.643061'/>
				</IndexedFaceSet>
			</Shape>
			<Shape DEF='_IDX_427'>
				<Appearance DEF='Material_283_IDX_283'>
					<Material diffuseColor='0.303158 0.578714 0.744027'/>
					
				</Appearance>
				<IndexedFaceSet solid="false" coordIndex='0 1 2 3 -1'>
					<Coordinate point='4.539640 -7.593806 -2.298398 3.350199 -7.828758 -2.818316 3.046610 -6.591517 -2.397769 4.028836 -6.401646 -1.955433'/>
				</IndexedFaceSet>
			</Shape>
			<Shape DEF='_IDX_428'>
				<Appearance DEF='Material_284_IDX_284'>
					<Material diffuseColor='0.282429 0.527193 0.776771'/>
					
				</Appearance>
				<IndexedFaceSet solid="false" coordIndex='0 1 2 3 -1'>
					<Coordinate point='5.143938 -9.048874 -2.677323 3.698623 -9.339344 -3.282957 3.350199 -7.828758 -2.818316 4.539640 -7.593806 -2.298398'/>
				</IndexedFaceSet>
			</Shape>
			<Shape DEF='_IDX_429'>
				<Appearance DEF='Material_285_IDX_285'>
					<Material diffuseColor='0.502162 0.726140 0.454100'/>
					
				</Appearance>
				<IndexedFaceSet solid="false" coordIndex='0 1 2 3 -1'>
					<Coordinate point='1.874929 -2.450815 -0.191307 1.537432 -2.462324 -0.224193 1.531301 -2.311250 -0.000000 1.844206 -2.291059 -0.000000'/>
				</IndexedFaceSet>
			</Shape>
			<Shape DEF='_IDX_430'>
				<Appearance DEF='Material_286_IDX_286'>
					<Material diffuseColor='0.479561 0.718548 0.481046'/>
					
				</Appearance>
				<IndexedFaceSet solid="false" coordIndex='0 1 2 3 -1'>
					<Coordinate point='1.923998 -2.642388 -0.384157 1.556867 -2.647946 -0.450194 1.537432 -2.462324 -0.224193 1.874929 -2.450815 -0.191307'/>
				</IndexedFaceSet>
			</Shape>
			<Shape DEF='_IDX_431'>
				<Appearance DEF='Material_287_IDX_287'>
					<Material diffuseColor='0.456687 0.710866 0.508316'/>
					
				</Appearance>
				<IndexedFaceSet solid="false" coordIndex='0 1 2 3 -1'>
					<Coordinate point='1.989931 -2.870191 -0.580105 1.587330 -2.871906 -0.679826 1.556867 -2.647946 -0.450194 1.923998 -2.642388 -0.384157'/>
				</IndexedFaceSet>
			</Shape>
			<Shape DEF='_IDX_432'>
				<Appearance DEF='Material_288_IDX_288'>
					<Material diffuseColor='0.433355 0.703029 0.536132'/>
					
				</Appearance>
				<IndexedFaceSet solid="false" coordIndex='0 1 2 3 -1'>
					<Coordinate point='2.071793 -3.139158 -0.780731 1.626954 -3.138670 -0.914941 1.587330 -2.871906 -0.679826 1.989931 -2.870191 -0.580105'/>
				</IndexedFaceSet>
			</Shape>
			<Shape DEF='_IDX_433'>
				<Appearance DEF='Material_289_IDX_289'>
					<Material diffuseColor='0.412858 0.690563 0.566122'/>
					
				</Appearance>
				<IndexedFaceSet solid="false" coordIndex='0 1 2 3 -1'>
					<Coordinate point='2.169090 -3.454871 -0.987654 1.674170 -3.453480 -1.157434 1.626954 -3.138670 -0.914941 2.071793 -3.139158 -0.780731'/>
				</IndexedFaceSet>
			</Shape>
			<Shape DEF='_IDX_434'>
				<Appearance DEF='Material_290_IDX_290'>
					<Material diffuseColor='0.392262 0.676878 0.597410'/>
					
				</Appearance>
				<IndexedFaceSet solid="false" coordIndex='0 1 2 3 -1'>
					<Coordinate point='2.281692 -3.823708 -1.202542 1.727616 -3.822471 -1.409262 1.674170 -3.453480 -1.157434 2.169090 -3.454871 -0.987654'/>
				</IndexedFaceSet>
			</Shape>
			<Shape DEF='_IDX_435'>
				<Appearance DEF='Material_291_IDX_291'>
					<Material diffuseColor='0.370804 0.662619 0.630009'/>
					
				</Appearance>
				<IndexedFaceSet solid="false" coordIndex='0 1 2 3 -1'>
					<Coordinate point='2.409786 -4.253016 -1.427128 1.786068 -4.252812 -1.672455 1.727616 -3.822471 -1.409262 2.281692 -3.823708 -1.202542'/>
				</IndexedFaceSet>
			</Shape>
			<Shape DEF='_IDX_436'>
				<Appearance DEF='Material_292_IDX_292'>
					<Material diffuseColor='0.350907 0.643445 0.662181'/>
					
				</Appearance>
				<IndexedFaceSet solid="false" coordIndex='0 1 2 3 -1'>
					<Coordinate point='2.553850 -4.751299 -1.663223 1.848377 -4.752887 -1.949136 1.786068 -4.252812 -1.672455 2.409786 -4.253016 -1.427128'/>
				</IndexedFaceSet>
			</Shape>
			<Shape DEF='_IDX_437'>
				<Appearance DEF='Material_293_IDX_293'>
					<Material diffuseColor='0.341839 0.631780 0.677799'/>
					
				</Appearance>
				<IndexedFaceSet solid="false" coordIndex='0 1 2 3 -1'>
					<Coordinate point='2.553850 -4.751299 -1.663223 1.848377 -4.752887 -1.949136 1.848377 -4.752887 -1.949136 2.553850 -4.751299 -1.663223'/>
				</IndexedFaceSet>
			</Shape>
			<Shape DEF='_IDX_438'>
				<Appearance DEF='Material_294_IDX_294'>
					<Material diffuseColor='0.328338 0.614413 0.701053'/>
					
				</Appearance>
				<IndexedFaceSet solid="false" coordIndex='0 1 2 3 -1'>
					<Coordinate point='2.782519 -5.578863 -2.014735 1.939446 -5.584068 -2.361074 1.848377 -4.752887 -1.949136 2.553850 -4.751299 -1.663223'/>
				</IndexedFaceSet>
			</Shape>
			<Shape DEF='_IDX_439'>
				<Appearance DEF='Material_295_IDX_295'>
					<Material diffuseColor='0.301693 0.575072 0.746341'/>
					
				</Appearance>
				<IndexedFaceSet solid="false" coordIndex='0 1 2 3 -1'>
					<Coordinate point='3.046610 -6.591517 -2.397769 2.032713 -6.601560 -2.809952 1.939446 -5.584068 -2.361074 2.782519 -5.578863 -2.014735'/>
				</IndexedFaceSet>
			</Shape>
			<Shape DEF='_IDX_440'>
				<Appearance DEF='Material_296_IDX_296'>
					<Material diffuseColor='0.279180 0.519119 0.781902'/>
					
				</Appearance>
				<IndexedFaceSet solid="false" coordIndex='0 1 2 3 -1'>
					<Coordinate point='3.350199 -7.828758 -2.818316 2.124812 -7.844854 -3.302792 2.032713 -6.601560 -2.809952 3.046610 -6.591517 -2.397769'/>
				</IndexedFaceSet>
			</Shape>
			<Shape DEF='_IDX_441'>
				<Appearance DEF='Material_297_IDX_297'>
					<Material diffuseColor='0.259620 0.449664 0.806528'/>
					
				</Appearance>
				<IndexedFaceSet solid="false" coordIndex='0 1 2 3 -1'>
					<Coordinate point='3.698623 -9.339344 -3.282957 2.211918 -9.362794 -3.847306 2.124812 -7.844854 -3.302792 3.350199 -7.828758 -2.818316'/>
				</IndexedFaceSet>
			</Shape>
			<Shape DEF='_IDX_442'>
				<Appearance DEF='Material_298_IDX_298'>
					<Material diffuseColor='0.500457 0.725567 0.456134'/>
					
				</Appearance>
				<IndexedFaceSet solid="false" coordIndex='0 1 2 3 -1'>
					<Coordinate point='1.537432 -2.462324 -0.224193 1.179335 -2.420072 -0.254260 1.193442 -2.282614 -0.000000 1.531301 -2.311250 -0.000000'/>
				</IndexedFaceSet>
			</Shape>
			<Shape DEF='_IDX_443'>
				<Appearance DEF='Material_299_IDX_299'>
					<Material diffuseColor='0.474431 0.716826 0.487161'/>
					
				</Appearance>
				<IndexedFaceSet solid="false" coordIndex='0 1 2 3 -1'>
					<Coordinate point='1.556867 -2.647946 -0.450194 1.172646 -2.593848 -0.510570 1.179335 -2.420072 -0.254260 1.537432 -2.462324 -0.224193'/>
				</IndexedFaceSet>
			</Shape>
			<Shape DEF='_IDX_444'>
				<Appearance DEF='Material_300_IDX_300'>
					<Material diffuseColor='0.448092 0.707979 0.518564'/>
					
				</Appearance>
				<IndexedFaceSet solid="false" coordIndex='0 1 2 3 -1'>
					<Coordinate point='1.587330 -2.871906 -0.679826 1.170518 -2.807014 -0.770999 1.172646 -2.593848 -0.510570 1.556867 -2.647946 -0.450194'/>
				</IndexedFaceSet>
			</Shape>
			<Shape DEF='_IDX_445'>
				<Appearance DEF='Material_301_IDX_301'>
					<Material diffuseColor='0.422690 0.697097 0.551185'/>
					
				</Appearance>
				<IndexedFaceSet solid="false" coordIndex='0 1 2 3 -1'>
					<Coordinate point='1.626954 -3.138670 -0.914941 1.170325 -3.063429 -1.037645 1.170518 -2.807014 -0.770999 1.587330 -2.871906 -0.679826'/>
				</IndexedFaceSet>
			</Shape>
			<Shape DEF='_IDX_446'>
				<Appearance DEF='Material_302_IDX_302'>
					<Material diffuseColor='0.399776 0.681870 0.585996'/>
					
				</Appearance>
				<IndexedFaceSet solid="false" coordIndex='0 1 2 3 -1'>
					<Coordinate point='1.674170 -3.453480 -1.157434 1.169561 -3.367806 -1.312659 1.170325 -3.063429 -1.037645 1.626954 -3.138670 -0.914941'/>
				</IndexedFaceSet>
			</Shape>
			<Shape DEF='_IDX_447'>
				<Appearance DEF='Material_303_IDX_303'>
					<Material diffuseColor='0.376059 0.666111 0.622025'/>
					
				</Appearance>
				<IndexedFaceSet solid="false" coordIndex='0 1 2 3 -1'>
					<Coordinate point='1.727616 -3.822471 -1.409262 1.165746 -3.725803 -1.598260 1.169561 -3.367806 -1.312659 1.674170 -3.453480 -1.157434'/>
				</IndexedFaceSet>
			</Shape>
			<Shape DEF='_IDX_448'>
				<Appearance DEF='Material_304_IDX_304'>
					<Material diffuseColor='0.353298 0.646520 0.658062'/>
					
				</Appearance>
				<IndexedFaceSet solid="false" coordIndex='0 1 2 3 -1'>
					<Coordinate point='1.786068 -4.252812 -1.672455 1.156334 -4.144151 -1.896750 1.165746 -3.725803 -1.598260 1.727616 -3.822471 -1.409262'/>
				</IndexedFaceSet>
			</Shape>
			<Shape DEF='_IDX_449'>
				<Appearance DEF='Material_305_IDX_305'>
					<Material diffuseColor='0.332923 0.620311 0.693155'/>
					
				</Appearance>
				<IndexedFaceSet solid="false" coordIndex='0 1 2 3 -1'>
					<Coordinate point='1.848377 -4.752887 -1.949136 1.138625 -4.630802 -2.210537 1.156334 -4.144151 -1.896750 1.786068 -4.252812 -1.672455'/>
				</IndexedFaceSet>
			</Shape>
			<Shape DEF='_IDX_450'>
				<Appearance DEF='Material_306_IDX_306'>
					<Material diffuseColor='0.322481 0.606880 0.711140'/>
					
				</Appearance>
				<IndexedFaceSet solid="false" coordIndex='0 1 2 3 -1'>
					<Coordinate point='1.848377 -4.752887 -1.949136 1.138625 -4.630802 -2.210537 1.138625 -4.630802 -2.210537 1.848377 -4.752887 -1.949136'/>
				</IndexedFaceSet>
			</Shape>
			<Shape DEF='_IDX_451'>
				<Appearance DEF='Material_307_IDX_307'>
					<Material diffuseColor='0.306935 0.586881 0.737917'/>
					
				</Appearance>
				<IndexedFaceSet solid="false" coordIndex='0 1 2 3 -1'>
					<Coordinate point='1.939446 -5.584068 -2.361074 1.094570 -5.440083 -2.677720 1.138625 -4.630802 -2.210537 1.848377 -4.752887 -1.949136'/>
				</IndexedFaceSet>
			</Shape>
			<Shape DEF='_IDX_452'>
				<Appearance DEF='Material_308_IDX_308'>
					<Material diffuseColor='0.282964 0.528522 0.775926'/>
					
				</Appearance>
				<IndexedFaceSet solid="false" coordIndex='0 1 2 3 -1'>
					<Coordinate point='2.032713 -6.601560 -2.809952 1.019702 -6.430804 -3.186798 1.094570 -5.440083 -2.677720 1.939446 -5.584068 -2.361074'/>
				</IndexedFaceSet>
			</Shape>
			<Shape DEF='_IDX_453'>
				<Appearance DEF='Material_309_IDX_309'>
					<Material diffuseColor='0.261092 0.458042 0.805622'/>
					
				</Appearance>
				<IndexedFaceSet solid="false" coordIndex='0 1 2 3 -1'>
					<Coordinate point='2.124812 -7.844854 -3.302792 0.903368 -7.641057 -3.745734 1.019702 -6.430804 -3.186798 2.032713 -6.601560 -2.809952'/>
				</IndexedFaceSet>
			</Shape>
			<Shape DEF='_IDX_454'>
				<Appearance DEF='Material_310_IDX_310'>
					<Material diffuseColor='0.245276 0.368047 0.815349'/>
					
				</Appearance>
				<IndexedFaceSet solid="false" coordIndex='0 1 2 3 -1'>
					<Coordinate point='2.211918 -9.362794 -3.847306 0.732743 -9.118053 -4.363273 0.903368 -7.641057 -3.745734 2.124812 -7.844854 -3.302792'/>
				</IndexedFaceSet>
			</Shape>
			<Shape DEF='_IDX_455'>
				<Appearance DEF='Material_311_IDX_311'>
					<Material diffuseColor='0.498914 0.725049 0.457972'/>
					
				</Appearance>
				<IndexedFaceSet solid="false" coordIndex='0 1 2 3 -1'>
					<Coordinate point='1.179335 -2.420072 -0.254260 0.809766 -2.321343 -0.281129 0.839150 -2.201111 -0.000000 1.193442 -2.282614 -0.000000'/>
				</IndexedFaceSet>
			</Shape>
			<Shape DEF='_IDX_456'>
				<Appearance DEF='Material_312_IDX_312'>
					<Material diffuseColor='0.469792 0.715267 0.492692'/>
					
				</Appearance>
				<IndexedFaceSet solid="false" coordIndex='0 1 2 3 -1'>
					<Coordinate point='1.172646 -2.593848 -0.510570 0.781376 -2.478484 -0.564526 0.809766 -2.321343 -0.281129 1.179335 -2.420072 -0.254260'/>
				</IndexedFaceSet>
			</Shape>
			<Shape DEF='_IDX_457'>
				<Appearance DEF='Material_313_IDX_313'>
					<Material diffuseColor='0.440318 0.705368 0.527832'/>
					
				</Appearance>
				<IndexedFaceSet solid="false" coordIndex='0 1 2 3 -1'>
					<Coordinate point='1.170518 -2.807014 -0.770999 0.750725 -2.674848 -0.852475 0.781376 -2.478484 -0.564526 1.172646 -2.593848 -0.510570'/>
				</IndexedFaceSet>
			</Shape>
			<Shape DEF='_IDX_458'>
				<Appearance DEF='Material_314_IDX_314'>
					<Material diffuseColor='0.413585 0.691047 0.565017'/>
					
				</Appearance>
				<IndexedFaceSet solid="false" coordIndex='0 1 2 3 -1'>
					<Coordinate point='1.170325 -3.063429 -1.037645 0.714594 -2.913584 -1.147299 0.750725 -2.674848 -0.852475 1.170518 -2.807014 -0.770999'/>
				</IndexedFaceSet>
			</Shape>
			<Shape DEF='_IDX_459'>
				<Appearance DEF='Material_315_IDX_315'>
					<Material diffuseColor='0.387944 0.674008 0.603970'/>
					
				</Appearance>
				<IndexedFaceSet solid="false" coordIndex='0 1 2 3 -1'>
					<Coordinate point='1.169561 -3.367806 -1.312659 0.669696 -3.198730 -1.451376 0.714594 -2.913584 -1.147299 1.170325 -3.063429 -1.037645'/>
				</IndexedFaceSet>
			</Shape>
			<Shape DEF='_IDX_460'>
				<Appearance DEF='Material_316_IDX_316'>
					<Material diffuseColor='0.361405 0.656374 0.644287'/>
					
				</Appearance>
				<IndexedFaceSet solid="false" coordIndex='0 1 2 3 -1'>
					<Coordinate point='1.165746 -3.725803 -1.598260 0.612570 -3.535275 -1.767158 0.669696 -3.198730 -1.451376 1.169561 -3.367806 -1.312659'/>
				</IndexedFaceSet>
			</Shape>
			<Shape DEF='_IDX_461'>
				<Appearance DEF='Material_317_IDX_317'>
					<Material diffuseColor='0.339458 0.628717 0.681900'/>
					
				</Appearance>
				<IndexedFaceSet solid="false" coordIndex='0 1 2 3 -1'>
					<Coordinate point='1.156334 -4.144151 -1.896750 0.539480 -3.929268 -2.097192 0.612570 -3.535275 -1.767158 1.165746 -3.725803 -1.598260'/>
				</IndexedFaceSet>
			</Shape>
			<Shape DEF='_IDX_462'>
				<Appearance DEF='Material_318_IDX_318'>
					<Material diffuseColor='0.316658 0.599389 0.721169'/>
					
				</Appearance>
				<IndexedFaceSet solid="false" coordIndex='0 1 2 3 -1'>
					<Coordinate point='1.138625 -4.630802 -2.210537 0.446306 -4.387950 -2.444139 0.539480 -3.929268 -2.097192 1.156334 -4.144151 -1.896750'/>
				</IndexedFaceSet>
			</Shape>
			<Shape DEF='_IDX_463'>
				<Appearance DEF='Material_319_IDX_319'>
					<Material diffuseColor='0.305230 0.583861 0.740755'/>
					
				</Appearance>
				<IndexedFaceSet solid="false" coordIndex='0 1 2 3 -1'>
					<Coordinate point='1.138625 -4.630802 -2.210537 0.446306 -4.387950 -2.444139 0.446306 -4.387950 -2.444139 1.138625 -4.630802 -2.210537'/>
				</IndexedFaceSet>
			</Shape>
			<Shape DEF='_IDX_464'>
				<Appearance DEF='Material_320_IDX_320'>
					<Material diffuseColor='0.292540 0.552324 0.760799'/>
					
				</Appearance>
				<IndexedFaceSet solid="false" coordIndex='0 1 2 3 -1'>
					<Coordinate point='1.094570 -5.440083 -2.677720 0.274319 -5.150812 -2.960693 0.446306 -4.387950 -2.444139 1.138625 -4.630802 -2.210537'/>
				</IndexedFaceSet>
			</Shape>
			<Shape DEF='_IDX_465'>
				<Appearance DEF='Material_321_IDX_321'>
					<Material diffuseColor='0.266068 0.486356 0.802562'/>
					
				</Appearance>
				<IndexedFaceSet solid="false" coordIndex='0 1 2 3 -1'>
					<Coordinate point='1.019702 -6.430804 -3.186798 0.039837 -6.084276 -3.523568 0.274319 -5.150812 -2.960693 1.094570 -5.440083 -2.677720'/>
				</IndexedFaceSet>
			</Shape>
			<Shape DEF='_IDX_466'>
				<Appearance DEF='Material_322_IDX_322'>
					<Material diffuseColor='0.250001 0.394935 0.812443'/>
					
				</Appearance>
				<IndexedFaceSet solid="false" coordIndex='0 1 2 3 -1'>
					<Coordinate point='0.903368 -7.641057 -3.745734 -0.274669 -7.223694 -4.141571 0.039837 -6.084276 -3.523568 1.019702 -6.430804 -3.186798'/>
				</IndexedFaceSet>
			</Shape>
			<Shape DEF='_IDX_467'>
				<Appearance DEF='Material_323_IDX_323'>
					<Material diffuseColor='0.247632 0.288655 0.791009'/>
					
				</Appearance>
				<IndexedFaceSet solid="false" coordIndex='0 1 2 3 -1'>
					<Coordinate point='0.732743 -9.118053 -4.363273 -0.690547 -8.613005 -4.824369 -0.274669 -7.223694 -4.141571 0.903368 -7.641057 -3.745734'/>
				</IndexedFaceSet>
			</Shape>
			<Shape DEF='_IDX_468'>
				<Appearance DEF='Material_324_IDX_324'>
					<Material diffuseColor='0.497554 0.724592 0.459594'/>
					
				</Appearance>
				<IndexedFaceSet solid="false" coordIndex='0 1 2 3 -1'>
					<Coordinate point='0.809766 -2.321343 -0.281129 0.438691 -2.165234 -0.304463 0.478088 -2.064551 -0.000000 0.839150 -2.201111 -0.000000'/>
				</IndexedFaceSet>
			</Shape>
			<Shape DEF='_IDX_469'>
				<Appearance DEF='Material_325_IDX_325'>
					<Material diffuseColor='0.465701 0.713893 0.497569'/>
					
				</Appearance>
				<IndexedFaceSet solid="false" coordIndex='0 1 2 3 -1'>
					<Coordinate point='0.781376 -2.478484 -0.564526 0.393648 -2.302134 -0.611382 0.438691 -2.165234 -0.304463 0.809766 -2.321343 -0.281129'/>
				</IndexedFaceSet>
			</Shape>
			<Shape DEF='_IDX_470'>
				<Appearance DEF='Material_326_IDX_326'>
					<Material diffuseColor='0.433463 0.703065 0.536004'/>
					
				</Appearance>
				<IndexedFaceSet solid="false" coordIndex='0 1 2 3 -1'>
					<Coordinate point='0.750725 -2.674848 -0.852475 0.339468 -2.476786 -0.923231 0.393648 -2.302134 -0.611382 0.781376 -2.478484 -0.564526'/>
				</IndexedFaceSet>
			</Shape>
			<Shape DEF='_IDX_471'>
				<Appearance DEF='Material_327_IDX_327'>
					<Material diffuseColor='0.405557 0.685712 0.577214'/>
					
				</Appearance>
				<IndexedFaceSet solid="false" coordIndex='0 1 2 3 -1'>
					<Coordinate point='0.714594 -2.913584 -1.147299 0.272501 -2.691567 -1.242526 0.339468 -2.476786 -0.923231 0.750725 -2.674848 -0.852475'/>
				</IndexedFaceSet>
			</Shape>
			<Shape DEF='_IDX_472'>
				<Appearance DEF='Material_328_IDX_328'>
					<Material diffuseColor='0.377511 0.667076 0.619820'/>
					
				</Appearance>
				<IndexedFaceSet solid="false" coordIndex='0 1 2 3 -1'>
					<Coordinate point='0.669696 -3.198730 -1.451376 0.188838 -2.949718 -1.571842 0.272501 -2.691567 -1.242526 0.714594 -2.913584 -1.147299'/>
				</IndexedFaceSet>
			</Shape>
			<Shape DEF='_IDX_473'>
				<Appearance DEF='Material_329_IDX_329'>
					<Material diffuseColor='0.351044 0.643620 0.661945'/>
					
				</Appearance>
				<IndexedFaceSet solid="false" coordIndex='0 1 2 3 -1'>
					<Coordinate point='0.612570 -3.535275 -1.767158 0.084202 -3.255404 -1.913834 0.188838 -2.949718 -1.571842 0.669696 -3.198730 -1.451376'/>
				</IndexedFaceSet>
			</Shape>
			<Shape DEF='_IDX_474'>
				<Appearance DEF='Material_330_IDX_330'>
					<Material diffuseColor='0.327254 0.613019 0.702919'/>
					
				</Appearance>
				<IndexedFaceSet solid="false" coordIndex='0 1 2 3 -1'>
					<Coordinate point='0.539480 -3.929268 -2.097192 -0.046167 -3.613790 -2.271261 0.084202 -3.255404 -1.913834 0.612570 -3.535275 -1.767158'/>
				</IndexedFaceSet>
			</Shape>
			<Shape DEF='_IDX_475'>
				<Appearance DEF='Material_331_IDX_331'>
					<Material diffuseColor='0.303292 0.579045 0.743816'/>
					
				</Appearance>
				<IndexedFaceSet solid="false" coordIndex='0 1 2 3 -1'>
					<Coordinate point='0.446306 -4.387950 -2.444139 -0.207639 -4.031153 -2.647005 -0.046167 -3.613790 -2.271261 0.539480 -3.929268 -2.097192'/>
				</IndexedFaceSet>
			</Shape>
			<Shape DEF='_IDX_476'>
				<Appearance DEF='Material_332_IDX_332'>
					<Material diffuseColor='0.293970 0.555876 0.758541'/>
					
				</Appearance>
				<IndexedFaceSet solid="false" coordIndex='0 1 2 3 -1'>
					<Coordinate point='0.446306 -4.387950 -2.444139 -0.207639 -4.031153 -2.647005 -0.207639 -4.031153 -2.647005 0.446306 -4.387950 -2.444139'/>
				</IndexedFaceSet>
			</Shape>
			<Shape DEF='_IDX_477'>
				<Appearance DEF='Material_333_IDX_333'>
					<Material diffuseColor='0.280091 0.521381 0.780464'/>
					
				</Appearance>
				<IndexedFaceSet solid="false" coordIndex='0 1 2 3 -1'>
					<Coordinate point='0.274319 -5.150812 -2.960693 -0.495942 -4.724937 -3.206433 -0.207639 -4.031153 -2.647005 0.446306 -4.387950 -2.444139'/>
				</IndexedFaceSet>
			</Shape>
			<Shape DEF='_IDX_478'>
				<Appearance DEF='Material_334_IDX_334'>
					<Material diffuseColor='0.257795 0.439284 0.807650'/>
					
				</Appearance>
				<IndexedFaceSet solid="false" coordIndex='0 1 2 3 -1'>
					<Coordinate point='0.039837 -6.084276 -3.523568 -0.876014 -5.572846 -3.816027 -0.495942 -4.724937 -3.206433 0.274319 -5.150812 -2.960693'/>
				</IndexedFaceSet>
			</Shape>
			<Shape DEF='_IDX_479'>
				<Appearance DEF='Material_335_IDX_335'>
					<Material diffuseColor='0.245244 0.337464 0.807870'/>
					
				</Appearance>
				<IndexedFaceSet solid="false" coordIndex='0 1 2 3 -1'>
					<Coordinate point='-0.274669 -7.223694 -4.141571 -1.371610 -6.606262 -4.485324 -0.876014 -5.572846 -3.816027 0.039837 -6.084276 -3.523568'/>
				</IndexedFaceSet>
			</Shape>
			<Shape DEF='_IDX_480'>
				<Appearance DEF='Material_336_IDX_336'>
					<Material diffuseColor='0.253940 0.219646 0.763579'/>
					
				</Appearance>
				<IndexedFaceSet solid="false" coordIndex='0 1 2 3 -1'>
					<Coordinate point='-0.690547 -8.613005 -4.824369 -2.011826 -7.864319 -5.224796 -1.371610 -6.606262 -4.485324 -0.274669 -7.223694 -4.141571'/>
				</IndexedFaceSet>
			</Shape>
			<Shape DEF='_IDX_481'>
				<Appearance DEF='Material_337_IDX_337'>
					<Material diffuseColor='0.496394 0.724202 0.460977'/>
					
				</Appearance>
				<IndexedFaceSet solid="false" coordIndex='0 1 2 3 -1'>
					<Coordinate point='0.438691 -2.165234 -0.304463 0.076415 -1.952832 -0.323968 0.120502 -1.872793 0.000000 0.478088 -2.064551 -0.000000'/>
				</IndexedFaceSet>
			</Shape>
			<Shape DEF='_IDX_482'>
				<Appearance DEF='Material_338_IDX_338'>
					<Material diffuseColor='0.462211 0.712721 0.501731'/>
					
				</Appearance>
				<IndexedFaceSet solid="false" coordIndex='0 1 2 3 -1'>
					<Coordinate point='0.393648 -2.302134 -0.611382 0.020140 -2.067091 -0.650550 0.076415 -1.952832 -0.323968 0.438691 -2.165234 -0.304463'/>
				</IndexedFaceSet>
			</Shape>
			<Shape DEF='_IDX_483'>
				<Appearance DEF='Material_339_IDX_339'>
					<Material diffuseColor='0.427993 0.700620 0.543130'/>
					
				</Appearance>
				<IndexedFaceSet solid="false" coordIndex='0 1 2 3 -1'>
					<Coordinate point='0.339468 -2.476786 -0.923231 -0.051903 -2.216332 -0.982377 0.020140 -2.067091 -0.650550 0.393648 -2.302134 -0.611382'/>
				</IndexedFaceSet>
			</Shape>
			<Shape DEF='_IDX_484'>
				<Appearance DEF='Material_340_IDX_340'>
					<Material diffuseColor='0.398706 0.681160 0.587621'/>
					
				</Appearance>
				<IndexedFaceSet solid="false" coordIndex='0 1 2 3 -1'>
					<Coordinate point='0.272501 -2.691567 -1.242526 -0.143635 -2.402110 -1.322128 -0.051903 -2.216332 -0.982377 0.339468 -2.476786 -0.923231'/>
				</IndexedFaceSet>
			</Shape>
			<Shape DEF='_IDX_485'>
				<Appearance DEF='Material_341_IDX_341'>
					<Material diffuseColor='0.368608 0.661160 0.633344'/>
					
				</Appearance>
				<IndexedFaceSet solid="false" coordIndex='0 1 2 3 -1'>
					<Coordinate point='0.188838 -2.949718 -1.571842 -0.259420 -2.626790 -1.672541 -0.143635 -2.402110 -1.322128 0.272501 -2.691567 -1.242526'/>
				</IndexedFaceSet>
			</Shape>
			<Shape DEF='_IDX_486'>
				<Appearance DEF='Material_342_IDX_342'>
					<Material diffuseColor='0.342370 0.632464 0.676883'/>
					
				</Appearance>
				<IndexedFaceSet solid="false" coordIndex='0 1 2 3 -1'>
					<Coordinate point='0.084202 -3.255404 -1.913834 -0.404171 -2.893583 -2.036442 -0.259420 -2.626790 -1.672541 0.188838 -2.949718 -1.571842'/>
				</IndexedFaceSet>
			</Shape>
			<Shape DEF='_IDX_487'>
				<Appearance DEF='Material_343_IDX_343'>
					<Material diffuseColor='0.316841 0.599624 0.720855'/>
					
				</Appearance>
				<IndexedFaceSet solid="false" coordIndex='0 1 2 3 -1'>
					<Coordinate point='-0.046167 -3.613790 -2.271261 -0.583480 -3.206603 -2.416767 -0.404171 -2.893583 -2.036442 0.084202 -3.255404 -1.913834'/>
				</IndexedFaceSet>
			</Shape>
			<Shape DEF='_IDX_488'>
				<Appearance DEF='Material_344_IDX_344'>
					<Material diffuseColor='0.294365 0.556859 0.757916'/>
					
				</Appearance>
				<IndexedFaceSet solid="false" coordIndex='0 1 2 3 -1'>
					<Coordinate point='-0.207639 -4.031153 -2.647005 -0.803752 -3.570952 -2.816583 -0.583480 -3.206603 -2.416767 -0.046167 -3.613790 -2.271261'/>
				</IndexedFaceSet>
			</Shape>
			<Shape DEF='_IDX_489'>
				<Appearance DEF='Material_345_IDX_345'>
					<Material diffuseColor='0.284361 0.531996 0.773718'/>
					
				</Appearance>
				<IndexedFaceSet solid="false" coordIndex='0 1 2 3 -1'>
					<Coordinate point='-0.207639 -4.031153 -2.647005 -0.803752 -3.570952 -2.816583 -0.803752 -3.570952 -2.816583 -0.207639 -4.031153 -2.647005'/>
				</IndexedFaceSet>
			</Shape>
			<Shape DEF='_IDX_490'>
				<Appearance DEF='Material_346_IDX_346'>
					<Material diffuseColor='0.269467 0.494978 0.797245'/>
					
				</Appearance>
				<IndexedFaceSet solid="false" coordIndex='0 1 2 3 -1'>
					<Coordinate point='-0.495942 -4.724937 -3.206433 -1.192782 -4.175659 -3.411850 -0.803752 -3.570952 -2.816583 -0.207639 -4.031153 -2.647005'/>
				</IndexedFaceSet>
			</Shape>
			<Shape DEF='_IDX_491'>
				<Appearance DEF='Material_347_IDX_347'>
					<Material diffuseColor='0.250736 0.399117 0.811991'/>
					
				</Appearance>
				<IndexedFaceSet solid="false" coordIndex='0 1 2 3 -1'>
					<Coordinate point='-0.876014 -5.572846 -3.816027 -1.699434 -4.912890 -4.060498 -1.192782 -4.175659 -3.411850 -0.495942 -4.724937 -3.206433'/>
				</IndexedFaceSet>
			</Shape>
			<Shape DEF='_IDX_492'>
				<Appearance DEF='Material_348_IDX_348'>
					<Material diffuseColor='0.247760 0.286032 0.790102'/>
					
				</Appearance>
				<IndexedFaceSet solid="false" coordIndex='0 1 2 3 -1'>
					<Coordinate point='-1.371610 -6.606262 -4.485324 -2.352831 -5.808977 -4.772673 -1.699434 -4.912890 -4.060498 -0.876014 -5.572846 -3.816027'/>
				</IndexedFaceSet>
			</Shape>
			<Shape DEF='_IDX_493'>
				<Appearance DEF='Material_349_IDX_349'>
					<Material diffuseColor='0.280657 0.171907 0.717222'/>
					
				</Appearance>
				<IndexedFaceSet solid="false" coordIndex='0 1 2 3 -1'>
					<Coordinate point='-2.011826 -7.864319 -5.224796 -3.188784 -6.896901 -5.559518 -2.352831 -5.808977 -4.772673 -1.371610 -6.606262 -4.485324'/>
				</IndexedFaceSet>
			</Shape>
			<Shape DEF='_IDX_494'>
				<Appearance DEF='Material_350_IDX_350'>
					<Material diffuseColor='0.495448 0.723884 0.462105'/>
					
				</Appearance>
				<IndexedFaceSet solid="false" coordIndex='0 1 2 3 -1'>
					<Coordinate point='0.076415 -1.952832 -0.323968 -0.266908 -1.687245 -0.339400 -0.223302 -1.627789 0.000000 0.120502 -1.872793 0.000000'/>
				</IndexedFaceSet>
			</Shape>
			<Shape DEF='_IDX_495'>
				<Appearance DEF='Material_351_IDX_351'>
					<Material diffuseColor='0.459364 0.711765 0.505125'/>
					
				</Appearance>
				<IndexedFaceSet solid="false" coordIndex='0 1 2 3 -1'>
					<Coordinate point='0.020140 -2.067091 -0.650550 -0.328852 -1.777673 -0.681536 -0.266908 -1.687245 -0.339400 0.076415 -1.952832 -0.323968'/>
				</IndexedFaceSet>
			</Shape>
			<Shape DEF='_IDX_496'>
				<Appearance DEF='Material_352_IDX_352'>
					<Material diffuseColor='0.424034 0.697990 0.549144'/>
					
				</Appearance>
				<IndexedFaceSet solid="false" coordIndex='0 1 2 3 -1'>
					<Coordinate point='-0.051903 -2.216332 -0.982377 -0.412665 -1.899074 -1.029169 -0.328852 -1.777673 -0.681536 0.020140 -2.067091 -0.650550'/>
				</IndexedFaceSet>
			</Shape>
			<Shape DEF='_IDX_497'>
				<Appearance DEF='Material_353_IDX_353'>
					<Material diffuseColor='0.393119 0.677447 0.596108'/>
					
				</Appearance>
				<IndexedFaceSet solid="false" coordIndex='0 1 2 3 -1'>
					<Coordinate point='-0.143635 -2.402110 -1.322128 -0.522385 -2.052166 -1.385103 -0.412665 -1.899074 -1.029169 -0.051903 -2.216332 -0.982377'/>
				</IndexedFaceSet>
			</Shape>
			<Shape DEF='_IDX_498'>
				<Appearance DEF='Material_354_IDX_354'>
					<Material diffuseColor='0.361348 0.656336 0.644373'/>
					
				</Appearance>
				<IndexedFaceSet solid="false" coordIndex='0 1 2 3 -1'>
					<Coordinate point='-0.259420 -2.626790 -1.672541 -0.662656 -2.238382 -1.752206 -0.522385 -2.052166 -1.385103 -0.143635 -2.402110 -1.322128'/>
				</IndexedFaceSet>
			</Shape>
			<Shape DEF='_IDX_499'>
				<Appearance DEF='Material_355_IDX_355'>
					<Material diffuseColor='0.335297 0.623365 0.689066'/>
					
				</Appearance>
				<IndexedFaceSet solid="false" coordIndex='0 1 2 3 -1'>
					<Coordinate point='-0.404171 -2.893583 -2.036442 -0.838835 -2.459883 -2.133441 -0.662656 -2.238382 -1.752206 -0.259420 -2.626790 -1.672541'/>
				</IndexedFaceSet>
			</Shape>
			<Shape DEF='_IDX_500'>
				<Appearance DEF='Material_356_IDX_356'>
					<Material diffuseColor='0.308348 0.588700 0.735482'/>
					
				</Appearance>
				<IndexedFaceSet solid="false" coordIndex='0 1 2 3 -1'>
					<Coordinate point='-0.583480 -3.206603 -2.416767 -1.057130 -2.719602 -2.531882 -0.838835 -2.459883 -2.133441 -0.404171 -2.893583 -2.036442'/>
				</IndexedFaceSet>
			</Shape>
			<Shape DEF='_IDX_501'>
				<Appearance DEF='Material_357_IDX_357'>
					<Material diffuseColor='0.287086 0.538767 0.769415'/>
					
				</Appearance>
				<IndexedFaceSet solid="false" coordIndex='0 1 2 3 -1'>
					<Coordinate point='-0.803752 -3.570952 -2.816583 -1.324741 -3.021301 -2.950741 -1.057130 -2.719602 -2.531882 -0.583480 -3.206603 -2.416767'/>
				</IndexedFaceSet>
			</Shape>
			<Shape DEF='_IDX_502'>
				<Appearance DEF='Material_358_IDX_358'>
					<Material diffuseColor='0.276526 0.512521 0.786095'/>
					
				</Appearance>
				<IndexedFaceSet solid="false" coordIndex='0 1 2 3 -1'>
					<Coordinate point='-0.803752 -3.570952 -2.816583 -1.324741 -3.021301 -2.950741 -1.324741 -3.021301 -2.950741 -0.803752 -3.570952 -2.816583'/>
				</IndexedFaceSet>
			</Shape>
			<Shape DEF='_IDX_503'>
				<Appearance DEF='Material_359_IDX_359'>
					<Material diffuseColor='0.263176 0.469902 0.804341'/>
					
				</Appearance>
				<IndexedFaceSet solid="false" coordIndex='0 1 2 3 -1'>
					<Coordinate point='-1.192782 -4.175659 -3.411850 -1.795505 -3.520272 -3.574362 -1.324741 -3.021301 -2.950741 -0.803752 -3.570952 -2.816583'/>
				</IndexedFaceSet>
			</Shape>
			<Shape DEF='_IDX_504'>
				<Appearance DEF='Material_360_IDX_360'>
					<Material diffuseColor='0.244979 0.366359 0.815531'/>
					
				</Appearance>
				<IndexedFaceSet solid="false" coordIndex='0 1 2 3 -1'>
					<Coordinate point='-1.699434 -4.912890 -4.060498 -2.405429 -4.125746 -4.253905 -1.795505 -3.520272 -3.574362 -1.192782 -4.175659 -3.411850'/>
				</IndexedFaceSet>
			</Shape>
			<Shape DEF='_IDX_505'>
				<Appearance DEF='Material_361_IDX_361'>
					<Material diffuseColor='0.249813 0.244088 0.775613'/>
					
				</Appearance>
				<IndexedFaceSet solid="false" coordIndex='0 1 2 3 -1'>
					<Coordinate point='-2.352831 -5.808977 -4.772673 -3.187965 -4.858103 -5.000002 -2.405429 -4.125746 -4.253905 -1.699434 -4.912890 -4.060498'/>
				</IndexedFaceSet>
			</Shape>
			<Shape DEF='_IDX_506'>
				<Appearance DEF='Material_362_IDX_362'>
					<Material diffuseColor='0.302445 0.132975 0.679418'/>
					
				</Appearance>
				<IndexedFaceSet solid="false" coordIndex='0 1 2 3 -1'>
					<Coordinate point='-3.188784 -6.896901 -5.559518 -4.184373 -5.743041 -5.824326 -3.187965 -4.858103 -5.000002 -2.352831 -5.808977 -4.772673'/>
				</IndexedFaceSet>
			</Shape>
			<Shape DEF='_IDX_507'>
				<Appearance DEF='Material_363_IDX_363'>
					<Material diffuseColor='0.494727 0.723643 0.462964'/>
					
				</Appearance>
				<IndexedFaceSet solid="false" coordIndex='0 1 2 3 -1'>
					<Coordinate point='-0.266908 -1.687245 -0.339400 -0.581729 -1.373526 -0.350562 -0.543440 -1.333520 0.000000 -0.223302 -1.627789 0.000000'/>
				</IndexedFaceSet>
			</Shape>
			<Shape DEF='_IDX_508'>
				<Appearance DEF='Material_364_IDX_364'>
					<Material diffuseColor='0.457197 0.711037 0.507708'/>
					
				</Appearance>
				<IndexedFaceSet solid="false" coordIndex='0 1 2 3 -1'>
					<Coordinate point='-0.328852 -1.777673 -0.681536 -0.643850 -1.440110 -0.703952 -0.581729 -1.373526 -0.350562 -0.266908 -1.687245 -0.339400'/>
				</IndexedFaceSet>
			</Shape>
			<Shape DEF='_IDX_509'>
				<Appearance DEF='Material_365_IDX_365'>
					<Material diffuseColor='0.421021 0.695987 0.553722'/>
					
				</Appearance>
				<IndexedFaceSet solid="false" coordIndex='0 1 2 3 -1'>
					<Coordinate point='-0.412665 -1.899074 -1.029169 -0.733158 -1.532551 -1.063019 -0.643850 -1.440110 -0.703952 -0.328852 -1.777673 -0.681536'/>
				</IndexedFaceSet>
			</Shape>
			<Shape DEF='_IDX_510'>
				<Appearance DEF='Material_366_IDX_366'>
					<Material diffuseColor='0.388866 0.674621 0.602569'/>
					
				</Appearance>
				<IndexedFaceSet solid="false" coordIndex='0 1 2 3 -1'>
					<Coordinate point='-0.522385 -2.052166 -1.385103 -0.853655 -1.650728 -1.430659 -0.733158 -1.532551 -1.063019 -0.412665 -1.899074 -1.029169'/>
				</IndexedFaceSet>
			</Shape>
			<Shape DEF='_IDX_511'>
				<Appearance DEF='Material_367_IDX_367'>
					<Material diffuseColor='0.356816 0.651046 0.652003'/>
					
				</Appearance>
				<IndexedFaceSet solid="false" coordIndex='0 1 2 3 -1'>
					<Coordinate point='-0.662656 -2.238382 -1.752206 -1.010084 -1.795112 -1.809837 -0.853655 -1.650728 -1.430659 -0.522385 -2.052166 -1.385103'/>
				</IndexedFaceSet>
			</Shape>
			<Shape DEF='_IDX_512'>
				<Appearance DEF='Material_368_IDX_368'>
					<Material diffuseColor='0.329913 0.616439 0.698340'/>
					
				</Appearance>
				<IndexedFaceSet solid="false" coordIndex='0 1 2 3 -1'>
					<Coordinate point='-0.838835 -2.459883 -2.133441 -1.208047 -1.966759 -2.203610 -1.010084 -1.795112 -1.809837 -0.662656 -2.238382 -1.752206'/>
				</IndexedFaceSet>
			</Shape>
			<Shape DEF='_IDX_513'>
				<Appearance DEF='Material_369_IDX_369'>
					<Material diffuseColor='0.302976 0.578260 0.744315'/>
					
				</Appearance>
				<IndexedFaceSet solid="false" coordIndex='0 1 2 3 -1'>
					<Coordinate point='-1.057130 -2.719602 -2.531882 -1.454133 -2.167331 -2.615156 -1.208047 -1.966759 -2.203610 -0.838835 -2.459883 -2.133441'/>
				</IndexedFaceSet>
			</Shape>
			<Shape DEF='_IDX_514'>
				<Appearance DEF='Material_370_IDX_370'>
					<Material diffuseColor='0.281544 0.524994 0.778168'/>
					
				</Appearance>
				<IndexedFaceSet solid="false" coordIndex='0 1 2 3 -1'>
					<Coordinate point='-1.324741 -3.021301 -2.950741 -1.756078 -2.399123 -3.047792 -1.454133 -2.167331 -2.615156 -1.057130 -2.719602 -2.531882'/>
				</IndexedFaceSet>
			</Shape>
			<Shape DEF='_IDX_515'>
				<Appearance DEF='Material_371_IDX_371'>
					<Material diffuseColor='0.270561 0.497697 0.795517'/>
					
				</Appearance>
				<IndexedFaceSet solid="false" coordIndex='0 1 2 3 -1'>
					<Coordinate point='-1.324741 -3.021301 -2.950741 -1.756078 -2.399123 -3.047792 -1.756078 -2.399123 -3.047792 -1.324741 -3.021301 -2.950741'/>
				</IndexedFaceSet>
			</Shape>
			<Shape DEF='_IDX_516'>
				<Appearance DEF='Material_372_IDX_372'>
					<Material diffuseColor='0.259523 0.449118 0.806587'/>
					
				</Appearance>
				<IndexedFaceSet solid="false" coordIndex='0 1 2 3 -1'>
					<Coordinate point='-1.795505 -3.520272 -3.574362 -2.286873 -2.779614 -3.691924 -1.756078 -2.399123 -3.047792 -1.324741 -3.021301 -2.950741'/>
				</IndexedFaceSet>
			</Shape>
			<Shape DEF='_IDX_517'>
				<Appearance DEF='Material_373_IDX_373'>
					<Material diffuseColor='0.245130 0.339775 0.808668'/>
					
				</Appearance>
				<IndexedFaceSet solid="false" coordIndex='0 1 2 3 -1'>
					<Coordinate point='-2.405429 -4.125746 -4.253905 -2.973294 -3.237017 -4.393817 -2.286873 -2.779614 -3.691924 -1.795505 -3.520272 -3.574362'/>
				</IndexedFaceSet>
			</Shape>
			<Shape DEF='_IDX_518'>
				<Appearance DEF='Material_374_IDX_374'>
					<Material diffuseColor='0.256602 0.214890 0.758960'/>
					
				</Appearance>
				<IndexedFaceSet solid="false" coordIndex='0 1 2 3 -1'>
					<Coordinate point='-3.187965 -4.858103 -5.000002 -3.851943 -3.785069 -5.164454 -2.973294 -3.237017 -4.393817 -2.405429 -4.125746 -4.253905'/>
				</IndexedFaceSet>
			</Shape>
			<Shape DEF='_IDX_519'>
				<Appearance DEF='Material_375_IDX_375'>
					<Material diffuseColor='0.332243 0.116416 0.646311'/>
					
				</Appearance>
				<IndexedFaceSet solid="false" coordIndex='0 1 2 3 -1'>
					<Coordinate point='-4.184373 -5.743041 -5.824326 -4.968087 -4.441317 -6.015890 -3.851943 -3.785069 -5.164454 -3.187965 -4.858103 -5.000002'/>
				</IndexedFaceSet>
			</Shape>
			<Shape DEF='_IDX_520'>
				<Appearance DEF='Material_376_IDX_376'>
					<Material diffuseColor='0.494242 0.723480 0.463543'/>
					
				</Appearance>
				<IndexedFaceSet solid="false" coordIndex='0 1 2 3 -1'>
					<Coordinate point='-0.581729 -1.373526 -0.350562 -0.859511 -1.018503 -0.357317 -0.830872 -0.995843 0.000000 -0.543440 -1.333520 0.000000'/>
				</IndexedFaceSet>
			</Shape>
			<Shape DEF='_IDX_521'>
				<Appearance DEF='Material_377_IDX_377'>
					<Material diffuseColor='0.455737 0.710547 0.509449'/>
					
				</Appearance>
				<IndexedFaceSet solid="false" coordIndex='0 1 2 3 -1'>
					<Coordinate point='-0.643850 -1.440110 -0.703952 -0.916597 -1.062361 -0.717516 -0.859511 -1.018503 -0.357317 -0.581729 -1.373526 -0.350562'/>
				</IndexedFaceSet>
			</Shape>
			<Shape DEF='_IDX_522'>
				<Appearance DEF='Material_378_IDX_378'>
					<Material diffuseColor='0.418990 0.694638 0.556806'/>
					
				</Appearance>
				<IndexedFaceSet solid="false" coordIndex='0 1 2 3 -1'>
					<Coordinate point='-0.733158 -1.532551 -1.063019 -1.005181 -1.126020 -1.083501 -0.916597 -1.062361 -0.717516 -0.643850 -1.440110 -0.703952'/>
				</IndexedFaceSet>
			</Shape>
			<Shape DEF='_IDX_523'>
				<Appearance DEF='Material_379_IDX_379'>
					<Material diffuseColor='0.386001 0.672717 0.606922'/>
					
				</Appearance>
				<IndexedFaceSet solid="false" coordIndex='0 1 2 3 -1'>
					<Coordinate point='-0.853655 -1.650728 -1.430659 -1.129081 -1.208550 -1.458224 -1.005181 -1.126020 -1.083501 -0.733158 -1.532551 -1.063019'/>
				</IndexedFaceSet>
			</Shape>
			<Shape DEF='_IDX_524'>
				<Appearance DEF='Material_380_IDX_380'>
					<Material diffuseColor='0.353887 0.647278 0.657048'/>
					
				</Appearance>
				<IndexedFaceSet solid="false" coordIndex='0 1 2 3 -1'>
					<Coordinate point='-1.010084 -1.795112 -1.809837 -1.292964 -1.309457 -1.844708 -1.129081 -1.208550 -1.458224 -0.853655 -1.650728 -1.430659'/>
				</IndexedFaceSet>
			</Shape>
			<Shape DEF='_IDX_525'>
				<Appearance DEF='Material_381_IDX_381'>
					<Material diffuseColor='0.326285 0.611773 0.704588'/>
					
				</Appearance>
				<IndexedFaceSet solid="false" coordIndex='0 1 2 3 -1'>
					<Coordinate point='-1.208047 -1.966759 -2.203610 -1.502468 -1.428666 -2.246068 -1.292964 -1.309457 -1.844708 -1.010084 -1.795112 -1.809837'/>
				</IndexedFaceSet>
			</Shape>
			<Shape DEF='_IDX_526'>
				<Appearance DEF='Material_382_IDX_382'>
					<Material diffuseColor='0.299799 0.570364 0.749334'/>
					
				</Appearance>
				<IndexedFaceSet solid="false" coordIndex='0 1 2 3 -1'>
					<Coordinate point='-1.454133 -2.167331 -2.615156 -1.764325 -1.566519 -2.665543 -1.502468 -1.428666 -2.246068 -1.208047 -1.966759 -2.203610'/>
				</IndexedFaceSet>
			</Shape>
			<Shape DEF='_IDX_527'>
				<Appearance DEF='Material_383_IDX_383'>
					<Material diffuseColor='0.277811 0.515715 0.784065'/>
					
				</Appearance>
				<IndexedFaceSet solid="false" coordIndex='0 1 2 3 -1'>
					<Coordinate point='-1.756078 -2.399123 -3.047792 -2.086525 -1.723773 -3.106514 -1.764325 -1.566519 -2.665543 -1.454133 -2.167331 -2.615156'/>
				</IndexedFaceSet>
			</Shape>
			<Shape DEF='_IDX_528'>
				<Appearance DEF='Material_384_IDX_384'>
					<Material diffuseColor='0.266542 0.487709 0.801865'/>
					
				</Appearance>
				<IndexedFaceSet solid="false" coordIndex='0 1 2 3 -1'>
					<Coordinate point='-1.756078 -2.399123 -3.047792 -2.086525 -1.723773 -3.106514 -2.086525 -1.723773 -3.106514 -1.756078 -2.399123 -3.047792'/>
				</IndexedFaceSet>
			</Shape>
			<Shape DEF='_IDX_529'>
				<Appearance DEF='Material_385_IDX_385'>
					<Material diffuseColor='0.257063 0.435114 0.808100'/>
					
				</Appearance>
				<IndexedFaceSet solid="false" coordIndex='0 1 2 3 -1'>
					<Coordinate point='-2.286873 -2.779614 -3.691924 -2.653708 -1.977381 -3.763057 -2.086525 -1.723773 -3.106514 -1.756078 -2.399123 -3.047792'/>
				</IndexedFaceSet>
			</Shape>
			<Shape DEF='_IDX_530'>
				<Appearance DEF='Material_386_IDX_386'>
					<Material diffuseColor='0.246021 0.321578 0.802382'/>
					
				</Appearance>
				<IndexedFaceSet solid="false" coordIndex='0 1 2 3 -1'>
					<Coordinate point='-2.973294 -3.237017 -4.393817 -3.387325 -2.275712 -4.478475 -2.653708 -1.977381 -3.763057 -2.286873 -2.779614 -3.691924'/>
				</IndexedFaceSet>
			</Shape>
			<Shape DEF='_IDX_531'>
				<Appearance DEF='Material_387_IDX_387'>
					<Material diffuseColor='0.266155 0.197820 0.742385'/>
					
				</Appearance>
				<IndexedFaceSet solid="false" coordIndex='0 1 2 3 -1'>
					<Coordinate point='-3.851943 -3.785069 -5.164454 -4.325857 -2.625408 -5.263959 -3.387325 -2.275712 -4.478475 -2.973294 -3.237017 -4.393817'/>
				</IndexedFaceSet>
			</Shape>
			<Shape DEF='_IDX_532'>
				<Appearance DEF='Material_388_IDX_388'>
					<Material diffuseColor='0.361942 0.114783 0.620853'/>
					
				</Appearance>
				<IndexedFaceSet solid="false" coordIndex='0 1 2 3 -1'>
					<Coordinate point='-4.968087 -4.441317 -6.015890 -5.516998 -3.035285 -6.131800 -4.325857 -2.625408 -5.263959 -3.851943 -3.785069 -5.164454'/>
				</IndexedFaceSet>
			</Shape>
			<Shape DEF='_IDX_533'>
				<Appearance DEF='Material_389_IDX_389'>
					<Material diffuseColor='0.493998 0.723397 0.463834'/>
					
				</Appearance>
				<IndexedFaceSet solid="false" coordIndex='0 1 2 3 -1'>
					<Coordinate point='-0.859511 -1.018503 -0.357317 -1.093090 -0.630536 -0.359578 -1.077776 -0.622264 0.000000 -0.830872 -0.995843 0.000000'/>
				</IndexedFaceSet>
			</Shape>
			<Shape DEF='_IDX_534'>
				<Appearance DEF='Material_390_IDX_390'>
					<Material diffuseColor='0.455002 0.710300 0.510325'/>
					
				</Appearance>
				<IndexedFaceSet solid="false" coordIndex='0 1 2 3 -1'>
					<Coordinate point='-0.916597 -1.062361 -0.717516 -1.140394 -0.653836 -0.722056 -1.093090 -0.630536 -0.359578 -0.859511 -1.018503 -0.357317'/>
				</IndexedFaceSet>
			</Shape>
			<Shape DEF='_IDX_535'>
				<Appearance DEF='Material_391_IDX_391'>
					<Material diffuseColor='0.417969 0.693960 0.558358'/>
					
				</Appearance>
				<IndexedFaceSet solid="false" coordIndex='0 1 2 3 -1'>
					<Coordinate point='-1.005181 -1.126020 -1.083501 -1.222326 -0.690159 -1.090357 -1.140394 -0.653836 -0.722056 -0.916597 -1.062361 -0.717516'/>
				</IndexedFaceSet>
			</Shape>
			<Shape DEF='_IDX_536'>
				<Appearance DEF='Material_392_IDX_392'>
					<Material diffuseColor='0.384559 0.671759 0.609112'/>
					
				</Appearance>
				<IndexedFaceSet solid="false" coordIndex='0 1 2 3 -1'>
					<Coordinate point='-1.129081 -1.208550 -1.458224 -1.342372 -0.737807 -1.467451 -1.222326 -0.690159 -1.090357 -1.005181 -1.126020 -1.083501'/>
				</IndexedFaceSet>
			</Shape>
			<Shape DEF='_IDX_537'>
				<Appearance DEF='Material_393_IDX_393'>
					<Material diffuseColor='0.352413 0.645382 0.659586'/>
					
				</Appearance>
				<IndexedFaceSet solid="false" coordIndex='0 1 2 3 -1'>
					<Coordinate point='-1.292964 -1.309457 -1.844708 -1.504951 -0.795350 -1.856380 -1.342372 -0.737807 -1.467451 -1.129081 -1.208550 -1.458224'/>
				</IndexedFaceSet>
			</Shape>
			<Shape DEF='_IDX_538'>
				<Appearance DEF='Material_394_IDX_394'>
					<Material diffuseColor='0.324460 0.609425 0.707731'/>
					
				</Appearance>
				<IndexedFaceSet solid="false" coordIndex='0 1 2 3 -1'>
					<Coordinate point='-1.502468 -1.428666 -2.246068 -1.715528 -0.861592 -2.260280 -1.504951 -0.795350 -1.856380 -1.292964 -1.309457 -1.844708'/>
				</IndexedFaceSet>
			</Shape>
			<Shape DEF='_IDX_539'>
				<Appearance DEF='Material_395_IDX_395'>
					<Material diffuseColor='0.298200 0.566391 0.751858'/>
					
				</Appearance>
				<IndexedFaceSet solid="false" coordIndex='0 1 2 3 -1'>
					<Coordinate point='-1.764325 -1.566519 -2.665543 -1.980739 -0.935544 -2.682409 -1.715528 -0.861592 -2.260280 -1.502468 -1.428666 -2.246068'/>
				</IndexedFaceSet>
			</Shape>
			<Shape DEF='_IDX_540'>
				<Appearance DEF='Material_396_IDX_396'>
					<Material diffuseColor='0.275932 0.511047 0.787033'/>
					
				</Appearance>
				<IndexedFaceSet solid="false" coordIndex='0 1 2 3 -1'>
					<Coordinate point='-2.086525 -1.723773 -3.106514 -2.308542 -1.016405 -3.126171 -1.980739 -0.935544 -2.682409 -1.764325 -1.566519 -2.665543'/>
				</IndexedFaceSet>
			</Shape>
			<Shape DEF='_IDX_541'>
				<Appearance DEF='Material_397_IDX_397'>
					<Material diffuseColor='0.265235 0.481616 0.803075'/>
					
				</Appearance>
				<IndexedFaceSet solid="false" coordIndex='0 1 2 3 -1'>
					<Coordinate point='-2.086525 -1.723773 -3.106514 -2.308542 -1.016405 -3.126171 -2.308542 -1.016405 -3.126171 -2.086525 -1.723773 -3.106514'/>
				</IndexedFaceSet>
			</Shape>
			<Shape DEF='_IDX_542'>
				<Appearance DEF='Material_398_IDX_398'>
					<Material diffuseColor='0.255824 0.428068 0.808862'/>
					
				</Appearance>
				<IndexedFaceSet solid="false" coordIndex='0 1 2 3 -1'>
					<Coordinate point='-2.653708 -1.977381 -3.763057 -2.887358 -1.139346 -3.786868 -2.308542 -1.016405 -3.126171 -2.086525 -1.723773 -3.106514'/>
				</IndexedFaceSet>
			</Shape>
			<Shape DEF='_IDX_543'>
				<Appearance DEF='Material_399_IDX_399'>
					<Material diffuseColor='0.246469 0.312422 0.799219'/>
					
				</Appearance>
				<IndexedFaceSet solid="false" coordIndex='0 1 2 3 -1'>
					<Coordinate point='-3.387325 -2.275712 -4.478475 -3.637369 -1.273287 -4.506813 -2.887358 -1.139346 -3.786868 -2.653708 -1.977381 -3.763057'/>
				</IndexedFaceSet>
			</Shape>
			<Shape DEF='_IDX_544'>
				<Appearance DEF='Material_400_IDX_400'>
					<Material diffuseColor='0.270961 0.189231 0.734045'/>
					
				</Appearance>
				<IndexedFaceSet solid="false" coordIndex='0 1 2 3 -1'>
					<Coordinate point='-4.325857 -2.625408 -5.263959 -4.597604 -1.417564 -5.297267 -3.637369 -1.273287 -4.506813 -3.387325 -2.275712 -4.478475'/>
				</IndexedFaceSet>
			</Shape>
			<Shape DEF='_IDX_545'>
				<Appearance DEF='Material_401_IDX_401'>
					<Material diffuseColor='0.376885 0.113962 0.608044'/>
					
				</Appearance>
				<IndexedFaceSet solid="false" coordIndex='0 1 2 3 -1'>
					<Coordinate point='-5.516998 -3.035285 -6.131800 -5.816544 -1.571992 -6.170599 -4.597604 -1.417564 -5.297267 -4.325857 -2.625408 -5.263959'/>
				</IndexedFaceSet>
			</Shape>
			<Shape DEF='_IDX_546'>
				<Appearance USE='Material_389_IDX_389'/>
				<IndexedFaceSet solid="false" coordIndex='0 1 2 3 -1'>
					<Coordinate point='-1.093090 -0.630536 -0.359578 -1.276958 -0.219212 -0.357317 -1.277852 -0.221650 0.000000 -1.077776 -0.622264 0.000000'/>
				</IndexedFaceSet>
			</Shape>
			<Shape DEF='_IDX_547'>
				<Appearance USE='Material_390_IDX_390'/>
				<IndexedFaceSet solid="false" coordIndex='0 1 2 3 -1'>
					<Coordinate point='-1.140394 -0.653836 -0.722056 -1.310385 -0.225074 -0.717516 -1.276958 -0.219212 -0.357317 -1.093090 -0.630536 -0.359578'/>
				</IndexedFaceSet>
			</Shape>
			<Shape DEF='_IDX_548'>
				<Appearance USE='Material_391_IDX_391'/>
				<IndexedFaceSet solid="false" coordIndex='0 1 2 3 -1'>
					<Coordinate point='-1.222326 -0.690159 -1.090357 -1.380249 -0.236698 -1.083501 -1.310385 -0.225074 -0.717516 -1.140394 -0.653836 -0.722056'/>
				</IndexedFaceSet>
			</Shape>
			<Shape DEF='_IDX_549'>
				<Appearance USE='Material_392_IDX_392'/>
				<IndexedFaceSet solid="false" coordIndex='0 1 2 3 -1'>
					<Coordinate point='-1.342372 -0.737807 -1.467451 -1.489570 -0.251686 -1.458224 -1.380249 -0.236698 -1.083501 -1.222326 -0.690159 -1.090357'/>
				</IndexedFaceSet>
			</Shape>
			<Shape DEF='_IDX_550'>
				<Appearance DEF='Material_402_IDX_402'>
					<Material diffuseColor='0.352413 0.645382 0.659586'/>
					
				</Appearance>
				<IndexedFaceSet solid="false" coordIndex='0 1 2 3 -1'>
					<Coordinate point='-1.504951 -0.795350 -1.856380 -1.642354 -0.267725 -1.844708 -1.489570 -0.251686 -1.458224 -1.342372 -0.737807 -1.467451'/>
				</IndexedFaceSet>
			</Shape>
			<Shape DEF='_IDX_551'>
				<Appearance USE='Material_394_IDX_394'/>
				<IndexedFaceSet solid="false" coordIndex='0 1 2 3 -1'>
					<Coordinate point='-1.715528 -0.861592 -2.260280 -1.843692 -0.282536 -2.246068 -1.642354 -0.267725 -1.844708 -1.504951 -0.795350 -1.856380'/>
				</IndexedFaceSet>
			</Shape>
			<Shape DEF='_IDX_552'>
				<Appearance DEF='Material_403_IDX_403'>
					<Material diffuseColor='0.298200 0.566391 0.751858'/>
					
				</Appearance>
				<IndexedFaceSet solid="false" coordIndex='0 1 2 3 -1'>
					<Coordinate point='-1.980739 -0.935544 -2.682409 -2.099881 -0.293834 -2.665543 -1.843692 -0.282536 -2.246068 -1.715528 -0.861592 -2.260280'/>
				</IndexedFaceSet>
			</Shape>
			<Shape DEF='_IDX_553'>
				<Appearance USE='Material_396_IDX_396'/>
				<IndexedFaceSet solid="false" coordIndex='0 1 2 3 -1'>
					<Coordinate point='-2.308542 -1.016405 -3.126171 -2.418575 -0.299281 -3.106514 -2.099881 -0.293834 -2.665543 -1.980739 -0.935544 -2.682409'/>
				</IndexedFaceSet>
			</Shape>
			<Shape DEF='_IDX_554'>
				<Appearance USE='Material_397_IDX_397'/>
				<IndexedFaceSet solid="false" coordIndex='0 1 2 3 -1'>
					<Coordinate point='-2.308542 -1.016405 -3.126171 -2.418575 -0.299281 -3.106514 -2.418575 -0.299281 -3.106514 -2.308542 -1.016405 -3.126171'/>
				</IndexedFaceSet>
			</Shape>
			<Shape DEF='_IDX_555'>
				<Appearance USE='Material_398_IDX_398'/>
				<IndexedFaceSet solid="false" coordIndex='0 1 2 3 -1'>
					<Coordinate point='-2.887358 -1.139346 -3.786868 -2.984020 -0.292513 -3.763057 -2.418575 -0.299281 -3.106514 -2.308542 -1.016405 -3.126171'/>
				</IndexedFaceSet>
			</Shape>
			<Shape DEF='_IDX_556'>
				<Appearance USE='Material_399_IDX_399'/>
				<IndexedFaceSet solid="false" coordIndex='0 1 2 3 -1'>
					<Coordinate point='-3.637369 -1.273287 -4.506813 -3.719178 -0.262591 -4.478475 -2.984020 -0.292513 -3.763057 -2.887358 -1.139346 -3.786868'/>
				</IndexedFaceSet>
			</Shape>
			<Shape DEF='_IDX_557'>
				<Appearance USE='Material_400_IDX_400'/>
				<IndexedFaceSet solid="false" coordIndex='0 1 2 3 -1'>
					<Coordinate point='-4.597604 -1.417564 -5.297267 -4.662303 -0.201593 -5.263959 -3.719178 -0.262591 -4.478475 -3.637369 -1.273287 -4.506813'/>
				</IndexedFaceSet>
			</Shape>
			<Shape DEF='_IDX_558'>
				<Appearance DEF='Material_404_IDX_404'>
					<Material diffuseColor='0.376885 0.113962 0.608044'/>
					
				</Appearance>
				<IndexedFaceSet solid="false" coordIndex='0 1 2 3 -1'>
					<Coordinate point='-5.816544 -1.571992 -6.170599 -5.861010 -0.100377 -6.131800 -4.662303 -0.201593 -5.263959 -4.597604 -1.417564 -5.297267'/>
				</IndexedFaceSet>
			</Shape>
			<Shape DEF='_IDX_559'>
				<Appearance USE='Material_376_IDX_376'/>
				<IndexedFaceSet solid="false" coordIndex='0 1 2 3 -1'>
					<Coordinate point='-1.276958 -0.219212 -0.357317 -1.407497 0.205010 -0.350562 -1.426573 0.196112 0.000000 -1.277852 -0.221650 0.000000'/>
				</IndexedFaceSet>
			</Shape>
			<Shape DEF='_IDX_560'>
				<Appearance USE='Material_377_IDX_377'/>
				<IndexedFaceSet solid="false" coordIndex='0 1 2 3 -1'>
					<Coordinate point='-1.310385 -0.225074 -0.717516 -1.423761 0.212645 -0.703952 -1.407497 0.205010 -0.350562 -1.276958 -0.219212 -0.357317'/>
				</IndexedFaceSet>
			</Shape>
			<Shape DEF='_IDX_561'>
				<Appearance DEF='Material_405_IDX_405'>
					<Material diffuseColor='0.418990 0.694638 0.556806'/>
					
				</Appearance>
				<IndexedFaceSet solid="false" coordIndex='0 1 2 3 -1'>
					<Coordinate point='-1.380249 -0.236698 -1.083501 -1.476865 0.221991 -1.063019 -1.423761 0.212645 -0.703952 -1.310385 -0.225074 -0.717516'/>
				</IndexedFaceSet>
			</Shape>
			<Shape DEF='_IDX_562'>
				<Appearance USE='Material_379_IDX_379'/>
				<IndexedFaceSet solid="false" coordIndex='0 1 2 3 -1'>
					<Coordinate point='-1.489570 -0.251686 -1.458224 -1.569241 0.236064 -1.430659 -1.476865 0.221991 -1.063019 -1.380249 -0.236698 -1.083501'/>
				</IndexedFaceSet>
			</Shape>
			<Shape DEF='_IDX_563'>
				<Appearance USE='Material_380_IDX_380'/>
				<IndexedFaceSet solid="false" coordIndex='0 1 2 3 -1'>
					<Coordinate point='-1.642354 -0.267725 -1.844708 -1.704318 0.257987 -1.809837 -1.569241 0.236064 -1.430659 -1.489570 -0.251686 -1.458224'/>
				</IndexedFaceSet>
			</Shape>
			<Shape DEF='_IDX_564'>
				<Appearance USE='Material_381_IDX_381'/>
				<IndexedFaceSet solid="false" coordIndex='0 1 2 3 -1'>
					<Coordinate point='-1.843692 -0.282536 -2.246068 -1.886625 0.291050 -2.203610 -1.704318 0.257987 -1.809837 -1.642354 -0.267725 -1.844708'/>
				</IndexedFaceSet>
			</Shape>
			<Shape DEF='_IDX_565'>
				<Appearance USE='Material_382_IDX_382'/>
				<IndexedFaceSet solid="false" coordIndex='0 1 2 3 -1'>
					<Coordinate point='-2.099881 -0.293834 -2.665543 -2.121897 0.338770 -2.615156 -1.886625 0.291050 -2.203610 -1.843692 -0.282536 -2.246068'/>
				</IndexedFaceSet>
			</Shape>
			<Shape DEF='_IDX_566'>
				<Appearance USE='Material_383_IDX_383'/>
				<IndexedFaceSet solid="false" coordIndex='0 1 2 3 -1'>
					<Coordinate point='-2.418575 -0.299281 -3.106514 -2.417215 0.404951 -3.047792 -2.121897 0.338770 -2.615156 -2.099881 -0.293834 -2.665543'/>
				</IndexedFaceSet>
			</Shape>
			<Shape DEF='_IDX_567'>
				<Appearance USE='Material_384_IDX_384'/>
				<IndexedFaceSet solid="false" coordIndex='0 1 2 3 -1'>
					<Coordinate point='-2.418575 -0.299281 -3.106514 -2.417215 0.404951 -3.047792 -2.417215 0.404951 -3.047792 -2.418575 -0.299281 -3.106514'/>
				</IndexedFaceSet>
			</Shape>
			<Shape DEF='_IDX_568'>
				<Appearance USE='Material_385_IDX_385'/>
				<IndexedFaceSet solid="false" coordIndex='0 1 2 3 -1'>
					<Coordinate point='-2.984020 -0.292513 -3.763057 -2.944883 0.535767 -3.691924 -2.417215 0.404951 -3.047792 -2.418575 -0.299281 -3.106514'/>
				</IndexedFaceSet>
			</Shape>
			<Shape DEF='_IDX_569'>
				<Appearance USE='Material_386_IDX_386'/>
				<IndexedFaceSet solid="false" coordIndex='0 1 2 3 -1'>
					<Coordinate point='-3.719178 -0.262591 -4.478475 -3.634561 0.723215 -4.393817 -2.944883 0.535767 -3.691924 -2.984020 -0.292513 -3.763057'/>
				</IndexedFaceSet>
			</Shape>
			<Shape DEF='_IDX_570'>
				<Appearance USE='Material_387_IDX_387'/>
				<IndexedFaceSet solid="false" coordIndex='0 1 2 3 -1'>
					<Coordinate point='-4.662303 -0.201593 -5.263959 -4.522452 0.982177 -5.164454 -3.634561 0.723215 -4.393817 -3.719178 -0.262591 -4.478475'/>
				</IndexedFaceSet>
			</Shape>
			<Shape DEF='_IDX_571'>
				<Appearance USE='Material_388_IDX_388'/>
				<IndexedFaceSet solid="false" coordIndex='0 1 2 3 -1'>
					<Coordinate point='-5.861010 -0.100377 -6.131800 -5.653708 1.330386 -6.015890 -4.522452 0.982177 -5.164454 -4.662303 -0.201593 -5.263959'/>
				</IndexedFaceSet>
			</Shape>
			<Shape DEF='_IDX_572'>
				<Appearance USE='Material_363_IDX_363'/>
				<IndexedFaceSet solid="false" coordIndex='0 1 2 3 -1'>
					<Coordinate point='-1.407497 0.205010 -0.350562 -1.483124 0.631195 -0.339400 -1.521348 0.620494 0.000000 -1.426573 0.196112 0.000000'/>
				</IndexedFaceSet>
			</Shape>
			<Shape DEF='_IDX_573'>
				<Appearance USE='Material_364_IDX_364'/>
				<IndexedFaceSet solid="false" coordIndex='0 1 2 3 -1'>
					<Coordinate point='-1.423761 0.212645 -0.703952 -1.479898 0.647707 -0.681536 -1.483124 0.631195 -0.339400 -1.407497 0.205010 -0.350562'/>
				</IndexedFaceSet>
			</Shape>
			<Shape DEF='_IDX_574'>
				<Appearance USE='Material_365_IDX_365'/>
				<IndexedFaceSet solid="false" coordIndex='0 1 2 3 -1'>
					<Coordinate point='-1.476865 0.221991 -1.063019 -1.512474 0.673332 -1.029169 -1.479898 0.647707 -0.681536 -1.423761 0.212645 -0.703952'/>
				</IndexedFaceSet>
			</Shape>
			<Shape DEF='_IDX_575'>
				<Appearance DEF='Material_406_IDX_406'>
					<Material diffuseColor='0.388866 0.674621 0.602569'/>
					
				</Appearance>
				<IndexedFaceSet solid="false" coordIndex='0 1 2 3 -1'>
					<Coordinate point='-1.569241 0.236064 -1.430659 -1.582575 0.711607 -1.385103 -1.512474 0.673332 -1.029169 -1.476865 0.221991 -1.063019'/>
				</IndexedFaceSet>
			</Shape>
			<Shape DEF='_IDX_576'>
				<Appearance DEF='Material_407_IDX_407'>
					<Material diffuseColor='0.356816 0.651046 0.652003'/>
					
				</Appearance>
				<IndexedFaceSet solid="false" coordIndex='0 1 2 3 -1'>
					<Coordinate point='-1.704318 0.257987 -1.809837 -1.692911 0.766372 -1.752206 -1.582575 0.711607 -1.385103 -1.569241 0.236064 -1.430659'/>
				</IndexedFaceSet>
			</Shape>
			<Shape DEF='_IDX_577'>
				<Appearance USE='Material_368_IDX_368'/>
				<IndexedFaceSet solid="false" coordIndex='0 1 2 3 -1'>
					<Coordinate point='-1.886625 0.291050 -2.203610 -1.847271 0.841837 -2.133441 -1.692911 0.766372 -1.752206 -1.704318 0.257987 -1.809837'/>
				</IndexedFaceSet>
			</Shape>
			<Shape DEF='_IDX_578'>
				<Appearance USE='Material_369_IDX_369'/>
				<IndexedFaceSet solid="false" coordIndex='0 1 2 3 -1'>
					<Coordinate point='-2.121897 0.338770 -2.615156 -2.050621 0.942655 -2.531882 -1.847271 0.841837 -2.133441 -1.886625 0.291050 -2.203610'/>
				</IndexedFaceSet>
			</Shape>
			<Shape DEF='_IDX_579'>
				<Appearance USE='Material_370_IDX_370'/>
				<IndexedFaceSet solid="false" coordIndex='0 1 2 3 -1'>
					<Coordinate point='-2.417215 0.404951 -3.047792 -2.309225 1.073991 -2.950741 -2.050621 0.942655 -2.531882 -2.121897 0.338770 -2.615156'/>
				</IndexedFaceSet>
			</Shape>
			<Shape DEF='_IDX_580'>
				<Appearance DEF='Material_408_IDX_408'>
					<Material diffuseColor='0.270561 0.497697 0.795517'/>
					
				</Appearance>
				<IndexedFaceSet solid="false" coordIndex='0 1 2 3 -1'>
					<Coordinate point='-2.417215 0.404951 -3.047792 -2.309225 1.073991 -2.950741 -2.309225 1.073991 -2.950741 -2.417215 0.404951 -3.047792'/>
				</IndexedFaceSet>
			</Shape>
			<Shape DEF='_IDX_581'>
				<Appearance USE='Material_372_IDX_372'/>
				<IndexedFaceSet solid="false" coordIndex='0 1 2 3 -1'>
					<Coordinate point='-2.944883 0.535767 -3.691924 -2.776118 1.318679 -3.574362 -2.309225 1.073991 -2.950741 -2.417215 0.404951 -3.047792'/>
				</IndexedFaceSet>
			</Shape>
			<Shape DEF='_IDX_582'>
				<Appearance DEF='Material_409_IDX_409'>
					<Material diffuseColor='0.245130 0.339775 0.808668'/>
					
				</Appearance>
				<IndexedFaceSet solid="false" coordIndex='0 1 2 3 -1'>
					<Coordinate point='-3.634561 0.723215 -4.393817 -3.391323 1.651743 -4.253905 -2.776118 1.318679 -3.574362 -2.944883 0.535767 -3.691924'/>
				</IndexedFaceSet>
			</Shape>
			<Shape DEF='_IDX_583'>
				<Appearance USE='Material_374_IDX_374'/>
				<IndexedFaceSet solid="false" coordIndex='0 1 2 3 -1'>
					<Coordinate point='-4.522452 0.982177 -5.164454 -4.187826 2.094488 -5.000002 -3.391323 1.651743 -4.253905 -3.634561 0.723215 -4.393817'/>
				</IndexedFaceSet>
			</Shape>
			<Shape DEF='_IDX_584'>
				<Appearance USE='Material_375_IDX_375'/>
				<IndexedFaceSet solid="false" coordIndex='0 1 2 3 -1'>
					<Coordinate point='-5.653708 1.330386 -6.015890 -5.206834 2.672554 -5.824326 -4.187826 2.094488 -5.000002 -4.522452 0.982177 -5.164454'/>
				</IndexedFaceSet>
			</Shape>
			<Shape DEF='_IDX_585'>
				<Appearance USE='Material_350_IDX_350'/>
				<IndexedFaceSet solid="false" coordIndex='0 1 2 3 -1'>
					<Coordinate point='-1.483124 0.631195 -0.339400 -1.504373 1.048360 -0.323968 -1.561626 1.040739 -0.000000 -1.521348 0.620494 0.000000'/>
				</IndexedFaceSet>
			</Shape>
			<Shape DEF='_IDX_586'>
				<Appearance USE='Material_351_IDX_351'/>
				<IndexedFaceSet solid="false" coordIndex='0 1 2 3 -1'>
					<Coordinate point='-1.479898 0.647707 -0.681536 -1.480420 1.068612 -0.650550 -1.504373 1.048360 -0.323968 -1.483124 0.631195 -0.339400'/>
				</IndexedFaceSet>
			</Shape>
			<Shape DEF='_IDX_587'>
				<Appearance USE='Material_352_IDX_352'/>
				<IndexedFaceSet solid="false" coordIndex='0 1 2 3 -1'>
					<Coordinate point='-1.512474 0.673332 -1.029169 -1.489798 1.105015 -0.982377 -1.480420 1.068612 -0.650550 -1.479898 0.647707 -0.681536'/>
				</IndexedFaceSet>
			</Shape>
			<Shape DEF='_IDX_588'>
				<Appearance USE='Material_353_IDX_353'/>
				<IndexedFaceSet solid="false" coordIndex='0 1 2 3 -1'>
					<Coordinate point='-1.582575 0.711607 -1.385103 -1.533417 1.161517 -1.322128 -1.489798 1.105015 -0.982377 -1.512474 0.673332 -1.029169'/>
				</IndexedFaceSet>
			</Shape>
			<Shape DEF='_IDX_589'>
				<Appearance DEF='Material_410_IDX_410'>
					<Material diffuseColor='0.361348 0.656336 0.644373'/>
					
				</Appearance>
				<IndexedFaceSet solid="false" coordIndex='0 1 2 3 -1'>
					<Coordinate point='-1.692911 0.766372 -1.752206 -1.613132 1.242568 -1.672541 -1.533417 1.161517 -1.322128 -1.582575 0.711607 -1.385103'/>
				</IndexedFaceSet>
			</Shape>
			<Shape DEF='_IDX_590'>
				<Appearance USE='Material_355_IDX_355'/>
				<IndexedFaceSet solid="false" coordIndex='0 1 2 3 -1'>
					<Coordinate point='-1.847271 0.841837 -2.133441 -1.731827 1.353195 -2.036442 -1.613132 1.242568 -1.672541 -1.692911 0.766372 -1.752206'/>
				</IndexedFaceSet>
			</Shape>
			<Shape DEF='_IDX_591'>
				<Appearance USE='Material_356_IDX_356'/>
				<IndexedFaceSet solid="false" coordIndex='0 1 2 3 -1'>
					<Coordinate point='-2.050621 0.942655 -2.531882 -1.893514 1.499070 -2.416767 -1.731827 1.353195 -2.036442 -1.847271 0.841837 -2.133441'/>
				</IndexedFaceSet>
			</Shape>
			<Shape DEF='_IDX_592'>
				<Appearance DEF='Material_411_IDX_411'>
					<Material diffuseColor='0.287086 0.538767 0.769415'/>
					
				</Appearance>
				<IndexedFaceSet solid="false" coordIndex='0 1 2 3 -1'>
					<Coordinate point='-2.309225 1.073991 -2.950741 -2.103430 1.686589 -2.816583 -1.893514 1.499070 -2.416767 -2.050621 0.942655 -2.531882'/>
				</IndexedFaceSet>
			</Shape>
			<Shape DEF='_IDX_593'>
				<Appearance USE='Material_358_IDX_358'/>
				<IndexedFaceSet solid="false" coordIndex='0 1 2 3 -1'>
					<Coordinate point='-2.309225 1.073991 -2.950741 -2.103430 1.686589 -2.816583 -2.103430 1.686589 -2.816583 -2.309225 1.073991 -2.950741'/>
				</IndexedFaceSet>
			</Shape>
			<Shape DEF='_IDX_594'>
				<Appearance DEF='Material_412_IDX_412'>
					<Material diffuseColor='0.263176 0.469902 0.804341'/>
					
				</Appearance>
				<IndexedFaceSet solid="false" coordIndex='0 1 2 3 -1'>
					<Coordinate point='-2.776118 1.318679 -3.574362 -2.488702 2.030794 -3.411850 -2.103430 1.686589 -2.816583 -2.309225 1.073991 -2.950741'/>
				</IndexedFaceSet>
			</Shape>
			<Shape DEF='_IDX_595'>
				<Appearance DEF='Material_413_IDX_413'>
					<Material diffuseColor='0.244979 0.366359 0.815531'/>
					
				</Appearance>
				<IndexedFaceSet solid="false" coordIndex='0 1 2 3 -1'>
					<Coordinate point='-3.391323 1.651743 -4.253905 -3.003006 2.492424 -4.060498 -2.488702 2.030794 -3.411850 -2.776118 1.318679 -3.574362'/>
				</IndexedFaceSet>
			</Shape>
			<Shape DEF='_IDX_596'>
				<Appearance USE='Material_361_IDX_361'/>
				<IndexedFaceSet solid="false" coordIndex='0 1 2 3 -1'>
					<Coordinate point='-4.187826 2.094488 -5.000002 -3.675116 3.098441 -4.772673 -3.003006 2.492424 -4.060498 -3.391323 1.651743 -4.253905'/>
				</IndexedFaceSet>
			</Shape>
			<Shape DEF='_IDX_597'>
				<Appearance DEF='Material_414_IDX_414'>
					<Material diffuseColor='0.302445 0.132975 0.679418'/>
					
				</Appearance>
				<IndexedFaceSet solid="false" coordIndex='0 1 2 3 -1'>
					<Coordinate point='-5.206834 2.672554 -5.824326 -4.540997 3.881415 -5.559518 -3.675116 3.098441 -4.772673 -4.187826 2.094488 -5.000002'/>
				</IndexedFaceSet>
			</Shape>
			<Shape DEF='_IDX_598'>
				<Appearance USE='Material_337_IDX_337'/>
				<IndexedFaceSet solid="false" coordIndex='0 1 2 3 -1'>
					<Coordinate point='-1.504373 1.048360 -0.323968 -1.473883 1.445910 -0.304463 -1.548901 1.446296 0.000000 -1.561626 1.040739 -0.000000'/>
				</IndexedFaceSet>
			</Shape>
			<Shape DEF='_IDX_599'>
				<Appearance USE='Material_338_IDX_338'/>
				<IndexedFaceSet solid="false" coordIndex='0 1 2 3 -1'>
					<Coordinate point='-1.480420 1.068612 -0.650550 -1.429170 1.464432 -0.611382 -1.473883 1.445910 -0.304463 -1.504373 1.048360 -0.323968'/>
				</IndexedFaceSet>
			</Shape>
			<Shape DEF='_IDX_600'>
				<Appearance USE='Material_339_IDX_339'/>
				<IndexedFaceSet solid="false" coordIndex='0 1 2 3 -1'>
					<Coordinate point='-1.489798 1.105015 -0.982377 -1.413951 1.505473 -0.923231 -1.429170 1.464432 -0.611382 -1.480420 1.068612 -0.650550'/>
				</IndexedFaceSet>
			</Shape>
			<Shape DEF='_IDX_601'>
				<Appearance USE='Material_340_IDX_340'/>
				<IndexedFaceSet solid="false" coordIndex='0 1 2 3 -1'>
					<Coordinate point='-1.533417 1.161517 -1.322128 -1.428218 1.573272 -1.242526 -1.413951 1.505473 -0.923231 -1.489798 1.105015 -0.982377'/>
				</IndexedFaceSet>
			</Shape>
			<Shape DEF='_IDX_602'>
				<Appearance USE='Material_341_IDX_341'/>
				<IndexedFaceSet solid="false" coordIndex='0 1 2 3 -1'>
					<Coordinate point='-1.613132 1.242568 -1.672541 -1.472839 1.672781 -1.571842 -1.428218 1.573272 -1.242526 -1.533417 1.161517 -1.322128'/>
				</IndexedFaceSet>
			</Shape>
			<Shape DEF='_IDX_603'>
				<Appearance USE='Material_342_IDX_342'/>
				<IndexedFaceSet solid="false" coordIndex='0 1 2 3 -1'>
					<Coordinate point='-1.731827 1.353195 -2.036442 -1.549642 1.809734 -1.913834 -1.472839 1.672781 -1.571842 -1.613132 1.242568 -1.672541'/>
				</IndexedFaceSet>
			</Shape>
			<Shape DEF='_IDX_604'>
				<Appearance USE='Material_343_IDX_343'/>
				<IndexedFaceSet solid="false" coordIndex='0 1 2 3 -1'>
					<Coordinate point='-1.893514 1.499070 -2.416767 -1.661518 1.990707 -2.271261 -1.549642 1.809734 -1.913834 -1.731827 1.353195 -2.036442'/>
				</IndexedFaceSet>
			</Shape>
			<Shape DEF='_IDX_605'>
				<Appearance USE='Material_344_IDX_344'/>
				<IndexedFaceSet solid="false" coordIndex='0 1 2 3 -1'>
					<Coordinate point='-2.103430 1.686589 -2.816583 -1.812509 2.223187 -2.647005 -1.661518 1.990707 -2.271261 -1.893514 1.499070 -2.416767'/>
				</IndexedFaceSet>
			</Shape>
			<Shape DEF='_IDX_606'>
				<Appearance DEF='Material_415_IDX_415'>
					<Material diffuseColor='0.284361 0.531996 0.773718'/>
					
				</Appearance>
				<IndexedFaceSet solid="false" coordIndex='0 1 2 3 -1'>
					<Coordinate point='-2.103430 1.686589 -2.816583 -1.812509 2.223187 -2.647005 -1.812509 2.223187 -2.647005 -2.103430 1.686589 -2.816583'/>
				</IndexedFaceSet>
			</Shape>
			<Shape DEF='_IDX_607'>
				<Appearance DEF='Material_416_IDX_416'>
					<Material diffuseColor='0.269467 0.494978 0.797245'/>
					
				</Appearance>
				<IndexedFaceSet solid="false" coordIndex='0 1 2 3 -1'>
					<Coordinate point='-2.488702 2.030794 -3.411850 -2.098077 2.648830 -3.206433 -1.812509 2.223187 -2.647005 -2.103430 1.686589 -2.816583'/>
				</IndexedFaceSet>
			</Shape>
			<Shape DEF='_IDX_608'>
				<Appearance USE='Material_347_IDX_347'/>
				<IndexedFaceSet solid="false" coordIndex='0 1 2 3 -1'>
					<Coordinate point='-3.003006 2.492424 -4.060498 -2.488412 3.217445 -3.816027 -2.098077 2.648830 -3.206433 -2.488702 2.030794 -3.411850'/>
				</IndexedFaceSet>
			</Shape>
			<Shape DEF='_IDX_609'>
				<Appearance USE='Material_348_IDX_348'/>
				<IndexedFaceSet solid="false" coordIndex='0 1 2 3 -1'>
					<Coordinate point='-3.675116 3.098441 -4.772673 -3.007311 3.960686 -4.485324 -2.488412 3.217445 -3.816027 -3.003006 2.492424 -4.060498'/>
				</IndexedFaceSet>
			</Shape>
			<Shape DEF='_IDX_610'>
				<Appearance USE='Material_349_IDX_349'/>
				<IndexedFaceSet solid="false" coordIndex='0 1 2 3 -1'>
					<Coordinate point='-4.540997 3.881415 -5.559518 -3.684446 4.916783 -5.224796 -3.007311 3.960686 -4.485324 -3.675116 3.098441 -4.772673'/>
				</IndexedFaceSet>
			</Shape>
			<Shape DEF='_IDX_611'>
				<Appearance USE='Material_324_IDX_324'/>
				<IndexedFaceSet solid="false" coordIndex='0 1 2 3 -1'>
					<Coordinate point='-1.473883 1.445910 -0.304463 -1.396308 1.814108 -0.281129 -1.486634 1.827265 -0.000000 -1.548901 1.446296 0.000000'/>
				</IndexedFaceSet>
			</Shape>
			<Shape DEF='_IDX_612'>
				<Appearance USE='Material_325_IDX_325'/>
				<IndexedFaceSet solid="false" coordIndex='0 1 2 3 -1'>
					<Coordinate point='-1.429170 1.464432 -0.611382 -1.332116 1.825289 -0.564526 -1.396308 1.814108 -0.281129 -1.473883 1.445910 -0.304463'/>
				</IndexedFaceSet>
			</Shape>
			<Shape DEF='_IDX_613'>
				<Appearance USE='Material_326_IDX_326'/>
				<IndexedFaceSet solid="false" coordIndex='0 1 2 3 -1'>
					<Coordinate point='-1.413951 1.505473 -0.923231 -1.292335 1.864371 -0.852475 -1.332116 1.825289 -0.564526 -1.429170 1.464432 -0.611382'/>
				</IndexedFaceSet>
			</Shape>
			<Shape DEF='_IDX_614'>
				<Appearance DEF='Material_417_IDX_417'>
					<Material diffuseColor='0.405557 0.685712 0.577214'/>
					
				</Appearance>
				<IndexedFaceSet solid="false" coordIndex='0 1 2 3 -1'>
					<Coordinate point='-1.428218 1.573272 -1.242526 -1.275929 1.935758 -1.147299 -1.292335 1.864371 -0.852475 -1.413951 1.505473 -0.923231'/>
				</IndexedFaceSet>
			</Shape>
			<Shape DEF='_IDX_615'>
				<Appearance USE='Material_328_IDX_328'/>
				<IndexedFaceSet solid="false" coordIndex='0 1 2 3 -1'>
					<Coordinate point='-1.472839 1.672781 -1.571842 -1.282630 2.044790 -1.451376 -1.275929 1.935758 -1.147299 -1.428218 1.573272 -1.242526'/>
				</IndexedFaceSet>
			</Shape>
			<Shape DEF='_IDX_616'>
				<Appearance DEF='Material_418_IDX_418'>
					<Material diffuseColor='0.351044 0.643620 0.661945'/>
					
				</Appearance>
				<IndexedFaceSet solid="false" coordIndex='0 1 2 3 -1'>
					<Coordinate point='-1.549642 1.809734 -1.913834 -1.313058 2.197813 -1.767158 -1.282630 2.044790 -1.451376 -1.472839 1.672781 -1.571842'/>
				</IndexedFaceSet>
			</Shape>
			<Shape DEF='_IDX_617'>
				<Appearance USE='Material_330_IDX_330'/>
				<IndexedFaceSet solid="false" coordIndex='0 1 2 3 -1'>
					<Coordinate point='-1.661518 1.990707 -2.271261 -1.368834 2.402218 -2.097192 -1.313058 2.197813 -1.767158 -1.549642 1.809734 -1.913834'/>
				</IndexedFaceSet>
			</Shape>
			<Shape DEF='_IDX_618'>
				<Appearance USE='Material_331_IDX_331'/>
				<IndexedFaceSet solid="false" coordIndex='0 1 2 3 -1'>
					<Coordinate point='-1.812509 2.223187 -2.647005 -1.452680 2.666463 -2.444139 -1.368834 2.402218 -2.097192 -1.661518 1.990707 -2.271261'/>
				</IndexedFaceSet>
			</Shape>
			<Shape DEF='_IDX_619'>
				<Appearance USE='Material_332_IDX_332'/>
				<IndexedFaceSet solid="false" coordIndex='0 1 2 3 -1'>
					<Coordinate point='-1.812509 2.223187 -2.647005 -1.452680 2.666463 -2.444139 -1.452680 2.666463 -2.444139 -1.812509 2.223187 -2.647005'/>
				</IndexedFaceSet>
			</Shape>
			<Shape DEF='_IDX_620'>
				<Appearance USE='Material_333_IDX_333'/>
				<IndexedFaceSet solid="false" coordIndex='0 1 2 3 -1'>
					<Coordinate point='-2.098077 2.648830 -3.206433 -1.623682 3.152287 -2.960693 -1.452680 2.666463 -2.444139 -1.812509 2.223187 -2.647005'/>
				</IndexedFaceSet>
			</Shape>
			<Shape DEF='_IDX_621'>
				<Appearance USE='Material_334_IDX_334'/>
				<IndexedFaceSet solid="false" coordIndex='0 1 2 3 -1'>
					<Coordinate point='-2.488412 3.217445 -3.816027 -1.870941 3.802560 -3.523568 -1.623682 3.152287 -2.960693 -2.098077 2.648830 -3.206433'/>
				</IndexedFaceSet>
			</Shape>
			<Shape DEF='_IDX_622'>
				<Appearance USE='Material_335_IDX_335'/>
				<IndexedFaceSet solid="false" coordIndex='0 1 2 3 -1'>
					<Coordinate point='-3.007311 3.960686 -4.485324 -2.212833 4.652461 -4.141571 -1.870941 3.802560 -3.523568 -2.488412 3.217445 -3.816027'/>
				</IndexedFaceSet>
			</Shape>
			<Shape DEF='_IDX_623'>
				<Appearance USE='Material_336_IDX_336'/>
				<IndexedFaceSet solid="false" coordIndex='0 1 2 3 -1'>
					<Coordinate point='-3.684446 4.916783 -5.224796 -2.672001 5.744318 -4.824369 -2.212833 4.652461 -4.141571 -3.007311 3.960686 -4.485324'/>
				</IndexedFaceSet>
			</Shape>
			<Shape DEF='_IDX_624'>
				<Appearance USE='Material_311_IDX_311'/>
				<IndexedFaceSet solid="false" coordIndex='0 1 2 3 -1'>
					<Coordinate point='-1.396308 1.814108 -0.281129 -1.278120 2.144535 -0.254260 -1.380072 2.174843 -0.000000 -1.486634 1.827265 -0.000000'/>
				</IndexedFaceSet>
			</Shape>
			<Shape DEF='_IDX_625'>
				<Appearance USE='Material_312_IDX_312'/>
				<IndexedFaceSet solid="false" coordIndex='0 1 2 3 -1'>
					<Coordinate point='-1.332116 1.825289 -0.564526 -1.197156 2.142845 -0.510570 -1.278120 2.144535 -0.254260 -1.396308 1.814108 -0.281129'/>
				</IndexedFaceSet>
			</Shape>
			<Shape DEF='_IDX_626'>
				<Appearance USE='Material_313_IDX_313'/>
				<IndexedFaceSet solid="false" coordIndex='0 1 2 3 -1'>
					<Coordinate point='-1.292335 1.864371 -0.852475 -1.134465 2.173120 -0.770999 -1.197156 2.142845 -0.510570 -1.332116 1.825289 -0.564526'/>
				</IndexedFaceSet>
			</Shape>
			<Shape DEF='_IDX_627'>
				<Appearance USE='Material_314_IDX_314'/>
				<IndexedFaceSet solid="false" coordIndex='0 1 2 3 -1'>
					<Coordinate point='-1.275929 1.935758 -1.147299 -1.087839 2.239778 -1.037645 -1.134465 2.173120 -0.770999 -1.292335 1.864371 -0.852475'/>
				</IndexedFaceSet>
			</Shape>
			<Shape DEF='_IDX_628'>
				<Appearance USE='Material_315_IDX_315'/>
				<IndexedFaceSet solid="false" coordIndex='0 1 2 3 -1'>
					<Coordinate point='-1.282630 2.044790 -1.451376 -1.055696 2.348436 -1.312659 -1.087839 2.239778 -1.037645 -1.275929 1.935758 -1.147299'/>
				</IndexedFaceSet>
			</Shape>
			<Shape DEF='_IDX_629'>
				<Appearance DEF='Material_419_IDX_419'>
					<Material diffuseColor='0.361405 0.656374 0.644287'/>
					
				</Appearance>
				<IndexedFaceSet solid="false" coordIndex='0 1 2 3 -1'>
					<Coordinate point='-1.313058 2.197813 -1.767158 -1.037248 2.505990 -1.598260 -1.055696 2.348436 -1.312659 -1.282630 2.044790 -1.451376'/>
				</IndexedFaceSet>
			</Shape>
			<Shape DEF='_IDX_630'>
				<Appearance DEF='Material_420_IDX_420'>
					<Material diffuseColor='0.339458 0.628717 0.681900'/>
					
				</Appearance>
				<IndexedFaceSet solid="false" coordIndex='0 1 2 3 -1'>
					<Coordinate point='-1.368834 2.402218 -2.097192 -1.032693 2.720619 -1.896750 -1.037248 2.505990 -1.598260 -1.313058 2.197813 -1.767158'/>
				</IndexedFaceSet>
			</Shape>
			<Shape DEF='_IDX_631'>
				<Appearance USE='Material_318_IDX_318'/>
				<IndexedFaceSet solid="false" coordIndex='0 1 2 3 -1'>
					<Coordinate point='-1.452680 2.666463 -2.444139 -1.043347 3.001722 -2.210537 -1.032693 2.720619 -1.896750 -1.368834 2.402218 -2.097192'/>
				</IndexedFaceSet>
			</Shape>
			<Shape DEF='_IDX_632'>
				<Appearance USE='Material_319_IDX_319'/>
				<IndexedFaceSet solid="false" coordIndex='0 1 2 3 -1'>
					<Coordinate point='-1.452680 2.666463 -2.444139 -1.043347 3.001722 -2.210537 -1.043347 3.001722 -2.210537 -1.452680 2.666463 -2.444139'/>
				</IndexedFaceSet>
			</Shape>
			<Shape DEF='_IDX_633'>
				<Appearance USE='Material_320_IDX_320'/>
				<IndexedFaceSet solid="false" coordIndex='0 1 2 3 -1'>
					<Coordinate point='-1.623682 3.152287 -2.960693 -1.088356 3.523896 -2.677720 -1.043347 3.001722 -2.210537 -1.452680 2.666463 -2.444139'/>
				</IndexedFaceSet>
			</Shape>
			<Shape DEF='_IDX_634'>
				<Appearance DEF='Material_421_IDX_421'>
					<Material diffuseColor='0.266068 0.486356 0.802562'/>
					
				</Appearance>
				<IndexedFaceSet solid="false" coordIndex='0 1 2 3 -1'>
					<Coordinate point='-1.870941 3.802560 -3.523568 -1.177733 4.227693 -3.186798 -1.088356 3.523896 -2.677720 -1.623682 3.152287 -2.960693'/>
				</IndexedFaceSet>
			</Shape>
			<Shape DEF='_IDX_635'>
				<Appearance DEF='Material_422_IDX_422'>
					<Material diffuseColor='0.250001 0.394935 0.812443'/>
					
				</Appearance>
				<IndexedFaceSet solid="false" coordIndex='0 1 2 3 -1'>
					<Coordinate point='-2.212833 4.652461 -4.141571 -1.324432 5.150433 -3.745734 -1.177733 4.227693 -3.186798 -1.870941 3.802560 -3.523568'/>
				</IndexedFaceSet>
			</Shape>
			<Shape DEF='_IDX_636'>
				<Appearance USE='Material_323_IDX_323'/>
				<IndexedFaceSet solid="false" coordIndex='0 1 2 3 -1'>
					<Coordinate point='-2.672001 5.744318 -4.824369 -1.543697 6.336658 -4.363273 -1.324432 5.150433 -3.745734 -2.212833 4.652461 -4.141571'/>
				</IndexedFaceSet>
			</Shape>
			<Shape DEF='_IDX_637'>
				<Appearance USE='Material_298_IDX_298'/>
				<IndexedFaceSet solid="false" coordIndex='0 1 2 3 -1'>
					<Coordinate point='-1.278120 2.144535 -0.254260 -1.127296 2.430569 -0.224193 -1.235942 2.481755 -0.000000 -1.380072 2.174843 -0.000000'/>
				</IndexedFaceSet>
			</Shape>
			<Shape DEF='_IDX_638'>
				<Appearance USE='Material_299_IDX_299'/>
				<IndexedFaceSet solid="false" coordIndex='0 1 2 3 -1'>
					<Coordinate point='-1.197156 2.142845 -0.510570 -1.033815 2.410832 -0.450194 -1.127296 2.430569 -0.224193 -1.278120 2.144535 -0.254260'/>
				</IndexedFaceSet>
			</Shape>
			<Shape DEF='_IDX_639'>
				<Appearance USE='Material_300_IDX_300'/>
				<IndexedFaceSet solid="false" coordIndex='0 1 2 3 -1'>
					<Coordinate point='-1.134465 2.173120 -0.770999 -0.951706 2.425442 -0.679826 -1.033815 2.410832 -0.450194 -1.197156 2.142845 -0.510570'/>
				</IndexedFaceSet>
			</Shape>
			<Shape DEF='_IDX_640'>
				<Appearance DEF='Material_423_IDX_423'>
					<Material diffuseColor='0.422690 0.697097 0.551185'/>
					
				</Appearance>
				<IndexedFaceSet solid="false" coordIndex='0 1 2 3 -1'>
					<Coordinate point='-1.087839 2.239778 -1.037645 -0.877395 2.478623 -0.914941 -0.951706 2.425442 -0.679826 -1.134465 2.173120 -0.770999'/>
				</IndexedFaceSet>
			</Shape>
			<Shape DEF='_IDX_641'>
				<Appearance USE='Material_302_IDX_302'/>
				<IndexedFaceSet solid="false" coordIndex='0 1 2 3 -1'>
					<Coordinate point='-1.055696 2.348436 -1.312659 -0.807699 2.576139 -1.157434 -0.877395 2.478623 -0.914941 -1.087839 2.239778 -1.037645'/>
				</IndexedFaceSet>
			</Shape>
			<Shape DEF='_IDX_642'>
				<Appearance USE='Material_303_IDX_303'/>
				<IndexedFaceSet solid="false" coordIndex='0 1 2 3 -1'>
					<Coordinate point='-1.037248 2.505990 -1.598260 -0.740117 2.725425 -1.409262 -0.807699 2.576139 -1.157434 -1.055696 2.348436 -1.312659'/>
				</IndexedFaceSet>
			</Shape>
			<Shape DEF='_IDX_643'>
				<Appearance DEF='Material_424_IDX_424'>
					<Material diffuseColor='0.353298 0.646520 0.658062'/>
					
				</Appearance>
				<IndexedFaceSet solid="false" coordIndex='0 1 2 3 -1'>
					<Coordinate point='-1.032693 2.720619 -1.896750 -0.673186 2.935563 -1.672455 -0.740117 2.725425 -1.409262 -1.037248 2.505990 -1.598260'/>
				</IndexedFaceSet>
			</Shape>
			<Shape DEF='_IDX_644'>
				<Appearance USE='Material_305_IDX_305'/>
				<IndexedFaceSet solid="false" coordIndex='0 1 2 3 -1'>
					<Coordinate point='-1.043347 3.001722 -2.210537 -0.606763 3.217050 -1.949136 -0.673186 2.935563 -1.672455 -1.032693 2.720619 -1.896750'/>
				</IndexedFaceSet>
			</Shape>
			<Shape DEF='_IDX_645'>
				<Appearance USE='Material_306_IDX_306'/>
				<IndexedFaceSet solid="false" coordIndex='0 1 2 3 -1'>
					<Coordinate point='-1.043347 3.001722 -2.210537 -0.606763 3.217050 -1.949136 -0.606763 3.217050 -1.949136 -1.043347 3.001722 -2.210537'/>
				</IndexedFaceSet>
			</Shape>
			<Shape DEF='_IDX_646'>
				<Appearance USE='Material_307_IDX_307'/>
				<IndexedFaceSet solid="false" coordIndex='0 1 2 3 -1'>
					<Coordinate point='-1.088356 3.523896 -2.677720 -0.517645 3.749778 -2.361074 -0.606763 3.217050 -1.949136 -1.043347 3.001722 -2.210537'/>
				</IndexedFaceSet>
			</Shape>
			<Shape DEF='_IDX_647'>
				<Appearance DEF='Material_425_IDX_425'>
					<Material diffuseColor='0.282964 0.528522 0.775926'/>
					
				</Appearance>
				<IndexedFaceSet solid="false" coordIndex='0 1 2 3 -1'>
					<Coordinate point='-1.177733 4.227693 -3.186798 -0.438605 4.477288 -2.809952 -0.517645 3.749778 -2.361074 -1.088356 3.523896 -2.677720'/>
				</IndexedFaceSet>
			</Shape>
			<Shape DEF='_IDX_648'>
				<Appearance DEF='Material_426_IDX_426'>
					<Material diffuseColor='0.261092 0.458042 0.805622'/>
					
				</Appearance>
				<IndexedFaceSet solid="false" coordIndex='0 1 2 3 -1'>
					<Coordinate point='-1.324432 5.150433 -3.745734 -0.377822 5.437336 -3.302792 -0.438605 4.477288 -2.809952 -1.177733 4.227693 -3.186798'/>
				</IndexedFaceSet>
			</Shape>
			<Shape DEF='_IDX_649'>
				<Appearance USE='Material_310_IDX_310'/>
				<IndexedFaceSet solid="false" coordIndex='0 1 2 3 -1'>
					<Coordinate point='-1.543697 6.336658 -4.363273 -0.343181 6.674320 -3.847306 -0.377822 5.437336 -3.302792 -1.324432 5.150433 -3.745734'/>
				</IndexedFaceSet>
			</Shape>
			<Shape DEF='_IDX_650'>
				<Appearance USE='Material_285_IDX_285'/>
				<IndexedFaceSet solid="false" coordIndex='0 1 2 3 -1'>
					<Coordinate point='-1.127296 2.430569 -0.224193 -0.952832 2.667847 -0.191307 -1.062003 2.742643 -0.000000 -1.235942 2.481755 -0.000000'/>
				</IndexedFaceSet>
			</Shape>
			<Shape DEF='_IDX_651'>
				<Appearance DEF='Material_427_IDX_427'>
					<Material diffuseColor='0.479561 0.718548 0.481046'/>
					
				</Appearance>
				<IndexedFaceSet solid="false" coordIndex='0 1 2 3 -1'>
					<Coordinate point='-1.033815 2.410832 -0.450194 -0.852778 2.625611 -0.384157 -0.952832 2.667847 -0.191307 -1.127296 2.430569 -0.224193'/>
				</IndexedFaceSet>
			</Shape>
			<Shape DEF='_IDX_652'>
				<Appearance USE='Material_287_IDX_287'/>
				<IndexedFaceSet solid="false" coordIndex='0 1 2 3 -1'>
					<Coordinate point='-0.951706 2.425442 -0.679826 -0.756890 2.618032 -0.580105 -0.852778 2.625611 -0.384157 -1.033815 2.410832 -0.450194'/>
				</IndexedFaceSet>
			</Shape>
			<Shape DEF='_IDX_653'>
				<Appearance DEF='Material_428_IDX_428'>
					<Material diffuseColor='0.433355 0.703029 0.536132'/>
					
				</Appearance>
				<IndexedFaceSet solid="false" coordIndex='0 1 2 3 -1'>
					<Coordinate point='-0.877395 2.478623 -0.914941 -0.659964 2.648786 -0.780731 -0.756890 2.618032 -0.580105 -0.951706 2.425442 -0.679826'/>
				</IndexedFaceSet>
			</Shape>
			<Shape DEF='_IDX_654'>
				<Appearance DEF='Material_429_IDX_429'>
					<Material diffuseColor='0.412858 0.690563 0.566122'/>
					
				</Appearance>
				<IndexedFaceSet solid="false" coordIndex='0 1 2 3 -1'>
					<Coordinate point='-0.807699 2.576139 -1.157434 -0.556749 2.723539 -0.987654 -0.659964 2.648786 -0.780731 -0.877395 2.478623 -0.914941'/>
				</IndexedFaceSet>
			</Shape>
			<Shape DEF='_IDX_655'>
				<Appearance USE='Material_290_IDX_290'/>
				<IndexedFaceSet solid="false" coordIndex='0 1 2 3 -1'>
					<Coordinate point='-0.740117 2.725425 -1.409262 -0.442425 2.850292 -1.202542 -0.556749 2.723539 -0.987654 -0.807699 2.576139 -1.157434'/>
				</IndexedFaceSet>
			</Shape>
			<Shape DEF='_IDX_656'>
				<Appearance DEF='Material_430_IDX_430'>
					<Material diffuseColor='0.370804 0.662619 0.630009'/>
					
				</Appearance>
				<IndexedFaceSet solid="false" coordIndex='0 1 2 3 -1'>
					<Coordinate point='-0.673186 2.935563 -1.672455 -0.313362 3.039409 -1.427128 -0.442425 2.850292 -1.202542 -0.740117 2.725425 -1.409262'/>
				</IndexedFaceSet>
			</Shape>
			<Shape DEF='_IDX_657'>
				<Appearance DEF='Material_431_IDX_431'>
					<Material diffuseColor='0.350907 0.643445 0.662181'/>
					
				</Appearance>
				<IndexedFaceSet solid="false" coordIndex='0 1 2 3 -1'>
					<Coordinate point='-0.606763 3.217050 -1.949136 -0.167853 3.303104 -1.663223 -0.313362 3.039409 -1.427128 -0.673186 2.935563 -1.672455'/>
				</IndexedFaceSet>
			</Shape>
			<Shape DEF='_IDX_658'>
				<Appearance USE='Material_293_IDX_293'/>
				<IndexedFaceSet solid="false" coordIndex='0 1 2 3 -1'>
					<Coordinate point='-0.606763 3.217050 -1.949136 -0.167853 3.303104 -1.663223 -0.167853 3.303104 -1.663223 -0.606763 3.217050 -1.949136'/>
				</IndexedFaceSet>
			</Shape>
			<Shape DEF='_IDX_659'>
				<Appearance USE='Material_294_IDX_294'/>
				<IndexedFaceSet solid="false" coordIndex='0 1 2 3 -1'>
					<Coordinate point='-0.517645 3.749778 -2.361074 0.061004 3.819144 -2.014735 -0.167853 3.303104 -1.663223 -0.606763 3.217050 -1.949136'/>
				</IndexedFaceSet>
			</Shape>
			<Shape DEF='_IDX_660'>
				<Appearance DEF='Material_432_IDX_432'>
					<Material diffuseColor='0.301693 0.575072 0.746341'/>
					
				</Appearance>
				<IndexedFaceSet solid="false" coordIndex='0 1 2 3 -1'>
					<Coordinate point='-0.438605 4.477288 -2.809952 0.315299 4.540322 -2.397769 0.061004 3.819144 -2.014735 -0.517645 3.749778 -2.361074'/>
				</IndexedFaceSet>
			</Shape>
			<Shape DEF='_IDX_661'>
				<Appearance DEF='Material_433_IDX_433'>
					<Material diffuseColor='0.279180 0.519119 0.781902'/>
					
				</Appearance>
				<IndexedFaceSet solid="false" coordIndex='0 1 2 3 -1'>
					<Coordinate point='-0.377822 5.437336 -3.302792 0.589968 5.502381 -2.818316 0.315299 4.540322 -2.397769 -0.438605 4.477288 -2.809952'/>
				</IndexedFaceSet>
			</Shape>
			<Shape DEF='_IDX_662'>
				<Appearance DEF='Material_434_IDX_434'>
					<Material diffuseColor='0.259620 0.449664 0.806528'/>
					
				</Appearance>
				<IndexedFaceSet solid="false" coordIndex='0 1 2 3 -1'>
					<Coordinate point='-0.343181 6.674320 -3.847306 0.884138 6.746426 -3.282957 0.589968 5.502381 -2.818316 -0.377822 5.437336 -3.302792'/>
				</IndexedFaceSet>
			</Shape>
			<Shape DEF='_IDX_663'>
				<Appearance USE='Material_272_IDX_272'/>
				<IndexedFaceSet solid="false" coordIndex='0 1 2 3 -1'>
					<Coordinate point='-0.952832 2.667847 -0.191307 -0.764036 2.854668 -0.156015 -0.866425 2.954350 -0.000000 -1.062003 2.742643 -0.000000'/>
				</IndexedFaceSet>
			</Shape>
			<Shape DEF='_IDX_664'>
				<Appearance USE='Material_273_IDX_273'/>
				<IndexedFaceSet solid="false" coordIndex='0 1 2 3 -1'>
					<Coordinate point='-0.852778 2.625611 -0.384157 -0.665140 2.786775 -0.313288 -0.764036 2.854668 -0.156015 -0.952832 2.667847 -0.191307'/>
				</IndexedFaceSet>
			</Shape>
			<Shape DEF='_IDX_665'>
				<Appearance USE='Material_274_IDX_274'/>
				<IndexedFaceSet solid="false" coordIndex='0 1 2 3 -1'>
					<Coordinate point='-0.756890 2.618032 -0.580105 -0.563657 2.751411 -0.473088 -0.665140 2.786775 -0.313288 -0.852778 2.625611 -0.384157'/>
				</IndexedFaceSet>
			</Shape>
			<Shape DEF='_IDX_666'>
				<Appearance DEF='Material_435_IDX_435'>
					<Material diffuseColor='0.446492 0.707442 0.520470'/>
					
				</Appearance>
				<IndexedFaceSet solid="false" coordIndex='0 1 2 3 -1'>
					<Coordinate point='-0.659964 2.648786 -0.780731 -0.452484 2.751018 -0.636703 -0.563657 2.751411 -0.473088 -0.756890 2.618032 -0.580105'/>
				</IndexedFaceSet>
			</Shape>
			<Shape DEF='_IDX_667'>
				<Appearance DEF='Material_436_IDX_436'>
					<Material diffuseColor='0.427026 0.699978 0.544598'/>
					
				</Appearance>
				<IndexedFaceSet solid="false" coordIndex='0 1 2 3 -1'>
					<Coordinate point='-0.556749 2.723539 -0.987654 -0.323543 2.790541 -0.805453 -0.452484 2.751018 -0.636703 -0.659964 2.648786 -0.780731'/>
				</IndexedFaceSet>
			</Shape>
			<Shape DEF='_IDX_668'>
				<Appearance USE='Material_277_IDX_277'/>
				<IndexedFaceSet solid="false" coordIndex='0 1 2 3 -1'>
					<Coordinate point='-0.442425 2.850292 -1.202542 -0.168434 2.878400 -0.980699 -0.323543 2.790541 -0.805453 -0.556749 2.723539 -0.987654'/>
				</IndexedFaceSet>
			</Shape>
			<Shape DEF='_IDX_669'>
				<Appearance DEF='Material_437_IDX_437'>
					<Material diffuseColor='0.391873 0.676619 0.598002'/>
					
				</Appearance>
				<IndexedFaceSet solid="false" coordIndex='0 1 2 3 -1'>
					<Coordinate point='-0.313362 3.039409 -1.427128 0.019996 3.027049 -1.163854 -0.168434 2.878400 -0.980699 -0.442425 2.850292 -1.202542'/>
				</IndexedFaceSet>
			</Shape>
			<Shape DEF='_IDX_670'>
				<Appearance DEF='Material_438_IDX_438'>
					<Material diffuseColor='0.373070 0.664125 0.626567'/>
					
				</Appearance>
				<IndexedFaceSet solid="false" coordIndex='0 1 2 3 -1'>
					<Coordinate point='-0.167853 3.303104 -1.663223 0.245509 3.252163 -1.356395 0.019996 3.027049 -1.163854 -0.313362 3.039409 -1.427128'/>
				</IndexedFaceSet>
			</Shape>
			<Shape DEF='_IDX_671'>
				<Appearance USE='Material_280_IDX_280'/>
				<IndexedFaceSet solid="false" coordIndex='0 1 2 3 -1'>
					<Coordinate point='-0.167853 3.303104 -1.663223 0.245509 3.252163 -1.356395 0.245509 3.252163 -1.356395 -0.167853 3.303104 -1.663223'/>
				</IndexedFaceSet>
			</Shape>
			<Shape DEF='_IDX_672'>
				<Appearance DEF='Material_439_IDX_439'>
					<Material diffuseColor='0.351517 0.644230 0.661129'/>
					
				</Appearance>
				<IndexedFaceSet solid="false" coordIndex='0 1 2 3 -1'>
					<Coordinate point='0.061004 3.819144 -2.014735 0.619250 3.723195 -1.643061 0.245509 3.252163 -1.356395 -0.167853 3.303104 -1.663223'/>
				</IndexedFaceSet>
			</Shape>
			<Shape DEF='_IDX_673'>
				<Appearance USE='Material_282_IDX_282'/>
				<IndexedFaceSet solid="false" coordIndex='0 1 2 3 -1'>
					<Coordinate point='0.315299 4.540322 -2.397769 1.053376 4.409930 -1.955433 0.619250 3.723195 -1.643061 0.061004 3.819144 -2.014735'/>
				</IndexedFaceSet>
			</Shape>
			<Shape DEF='_IDX_674'>
				<Appearance DEF='Material_440_IDX_440'>
					<Material diffuseColor='0.303158 0.578714 0.744027'/>
					
				</Appearance>
				<IndexedFaceSet solid="false" coordIndex='0 1 2 3 -1'>
					<Coordinate point='0.589968 5.502381 -2.818316 1.542641 5.341588 -2.298398 1.053376 4.409930 -1.955433 0.315299 4.540322 -2.397769'/>
				</IndexedFaceSet>
			</Shape>
			<Shape DEF='_IDX_675'>
				<Appearance DEF='Material_441_IDX_441'>
					<Material diffuseColor='0.282429 0.527193 0.776771'/>
					
				</Appearance>
				<IndexedFaceSet solid="false" coordIndex='0 1 2 3 -1'>
					<Coordinate point='0.884138 6.746426 -3.282957 2.093113 6.551318 -2.677323 1.542641 5.341588 -2.298398 0.589968 5.502381 -2.818316'/>
				</IndexedFaceSet>
			</Shape>
			<Shape DEF='_IDX_676'>
				<Appearance USE='Material_259_IDX_259'/>
				<IndexedFaceSet solid="false" coordIndex='0 1 2 3 -1'>
					<Coordinate point='-0.764036 2.854668 -0.156015 -0.569509 2.992213 -0.118761 -0.656989 3.116005 -0.000000 -0.866425 2.954350 -0.000000'/>
				</IndexedFaceSet>
			</Shape>
			<Shape DEF='_IDX_677'>
				<Appearance USE='Material_260_IDX_260'/>
				<IndexedFaceSet solid="false" coordIndex='0 1 2 3 -1'>
					<Coordinate point='-0.665140 2.786775 -0.313288 -0.481188 2.897678 -0.238480 -0.569509 2.992213 -0.118761 -0.764036 2.854668 -0.156015'/>
				</IndexedFaceSet>
			</Shape>
			<Shape DEF='_IDX_678'>
				<Appearance USE='Material_261_IDX_261'/>
				<IndexedFaceSet solid="false" coordIndex='0 1 2 3 -1'>
					<Coordinate point='-0.563657 2.751411 -0.473088 -0.385202 2.830988 -0.360122 -0.481188 2.897678 -0.238480 -0.665140 2.786775 -0.313288'/>
				</IndexedFaceSet>
			</Shape>
			<Shape DEF='_IDX_679'>
				<Appearance DEF='Material_442_IDX_442'>
					<Material diffuseColor='0.460471 0.712137 0.503805'/>
					
				</Appearance>
				<IndexedFaceSet solid="false" coordIndex='0 1 2 3 -1'>
					<Coordinate point='-0.452484 2.751018 -0.636703 -0.272586 2.792072 -0.484668 -0.385202 2.830988 -0.360122 -0.563657 2.751411 -0.473088'/>
				</IndexedFaceSet>
			</Shape>
			<Shape DEF='_IDX_680'>
				<Appearance USE='Material_263_IDX_263'/>
				<IndexedFaceSet solid="false" coordIndex='0 1 2 3 -1'>
					<Coordinate point='-0.323543 2.790541 -0.805453 -0.131571 2.783482 -0.613123 -0.272586 2.792072 -0.484668 -0.452484 2.751018 -0.636703'/>
				</IndexedFaceSet>
			</Shape>
			<Shape DEF='_IDX_681'>
				<Appearance USE='Material_264_IDX_264'/>
				<IndexedFaceSet solid="false" coordIndex='0 1 2 3 -1'>
					<Coordinate point='-0.168434 2.878400 -0.980699 0.052324 2.812766 -0.746523 -0.131571 2.783482 -0.613123 -0.323543 2.790541 -0.805453'/>
				</IndexedFaceSet>
			</Shape>
			<Shape DEF='_IDX_682'>
				<Appearance USE='Material_265_IDX_265'/>
				<IndexedFaceSet solid="false" coordIndex='0 1 2 3 -1'>
					<Coordinate point='0.019996 3.027049 -1.163854 0.293722 2.895475 -0.885944 0.052324 2.812766 -0.746523 -0.168434 2.878400 -0.980699'/>
				</IndexedFaceSet>
			</Shape>
			<Shape DEF='_IDX_683'>
				<Appearance USE='Material_266_IDX_266'/>
				<IndexedFaceSet solid="false" coordIndex='0 1 2 3 -1'>
					<Coordinate point='0.245509 3.252163 -1.356395 0.600971 3.055473 -1.032509 0.293722 2.895475 -0.885944 0.019996 3.027049 -1.163854'/>
				</IndexedFaceSet>
			</Shape>
			<Shape DEF='_IDX_684'>
				<Appearance USE='Material_267_IDX_267'/>
				<IndexedFaceSet solid="false" coordIndex='0 1 2 3 -1'>
					<Coordinate point='0.245509 3.252163 -1.356395 0.600971 3.055473 -1.032509 0.600971 3.055473 -1.032509 0.245509 3.252163 -1.356395'/>
				</IndexedFaceSet>
			</Shape>
			<Shape DEF='_IDX_685'>
				<Appearance USE='Material_268_IDX_268'/>
				<IndexedFaceSet solid="false" coordIndex='0 1 2 3 -1'>
					<Coordinate point='0.619250 3.723195 -1.643061 1.129636 3.452338 -1.250723 0.600971 3.055473 -1.032509 0.245509 3.252163 -1.356395'/>
				</IndexedFaceSet>
			</Shape>
			<Shape DEF='_IDX_686'>
				<Appearance USE='Material_269_IDX_269'/>
				<IndexedFaceSet solid="false" coordIndex='0 1 2 3 -1'>
					<Coordinate point='1.053376 4.409930 -1.955433 1.748586 4.082799 -1.488506 1.129636 3.452338 -1.250723 0.619250 3.723195 -1.643061'/>
				</IndexedFaceSet>
			</Shape>
			<Shape DEF='_IDX_687'>
				<Appearance DEF='Material_443_IDX_443'>
					<Material diffuseColor='0.337114 0.625702 0.685937'/>
					
				</Appearance>
				<IndexedFaceSet solid="false" coordIndex='0 1 2 3 -1'>
					<Coordinate point='1.542641 5.341588 -2.298398 2.447156 4.958396 -1.749576 1.748586 4.082799 -1.488506 1.053376 4.409930 -1.955433'/>
				</IndexedFaceSet>
			</Shape>
			<Shape DEF='_IDX_688'>
				<Appearance DEF='Material_444_IDX_444'>
					<Material diffuseColor='0.314630 0.596780 0.724663'/>
					
				</Appearance>
				<IndexedFaceSet solid="false" coordIndex='0 1 2 3 -1'>
					<Coordinate point='2.093113 6.551318 -2.677323 3.240931 6.097292 -2.038020 2.447156 4.958396 -1.749576 1.542641 5.341588 -2.298398'/>
				</IndexedFaceSet>
			</Shape>
			<Shape DEF='_IDX_689'>
				<Appearance USE='Material_246_IDX_246'/>
				<IndexedFaceSet solid="false" coordIndex='0 1 2 3 -1'>
					<Coordinate point='-0.569509 2.992213 -0.118761 -0.375824 3.084290 -0.080014 -0.440181 3.228727 -0.000000 -0.656989 3.116005 -0.000000'/>
				</IndexedFaceSet>
			</Shape>
			<Shape DEF='_IDX_690'>
				<Appearance USE='Material_247_IDX_247'/>
				<IndexedFaceSet solid="false" coordIndex='0 1 2 3 -1'>
					<Coordinate point='-0.481188 2.897678 -0.238480 -0.308497 2.965494 -0.160673 -0.375824 3.084290 -0.080014 -0.569509 2.992213 -0.118761'/>
				</IndexedFaceSet>
			</Shape>
			<Shape DEF='_IDX_691'>
				<Appearance USE='Material_248_IDX_248'/>
				<IndexedFaceSet solid="false" coordIndex='0 1 2 3 -1'>
					<Coordinate point='-0.385202 2.830988 -0.360122 -0.231754 2.867985 -0.242627 -0.308497 2.965494 -0.160673 -0.481188 2.897678 -0.238480'/>
				</IndexedFaceSet>
			</Shape>
			<Shape DEF='_IDX_692'>
				<Appearance USE='Material_249_IDX_249'/>
				<IndexedFaceSet solid="false" coordIndex='0 1 2 3 -1'>
					<Coordinate point='-0.272586 2.792072 -0.484668 -0.136001 2.787346 -0.326539 -0.231754 2.867985 -0.242627 -0.385202 2.830988 -0.360122'/>
				</IndexedFaceSet>
			</Shape>
			<Shape DEF='_IDX_693'>
				<Appearance USE='Material_250_IDX_250'/>
				<IndexedFaceSet solid="false" coordIndex='0 1 2 3 -1'>
					<Coordinate point='-0.131571 2.783482 -0.613123 -0.006222 2.720043 -0.413083 -0.136001 2.787346 -0.326539 -0.272586 2.792072 -0.484668'/>
				</IndexedFaceSet>
			</Shape>
			<Shape DEF='_IDX_694'>
				<Appearance USE='Material_251_IDX_251'/>
				<IndexedFaceSet solid="false" coordIndex='0 1 2 3 -1'>
					<Coordinate point='0.052324 2.812766 -0.746523 0.181273 2.667042 -0.502960 -0.006222 2.720043 -0.413083 -0.131571 2.783482 -0.613123'/>
				</IndexedFaceSet>
			</Shape>
			<Shape DEF='_IDX_695'>
				<Appearance USE='Material_252_IDX_252'/>
				<IndexedFaceSet solid="false" coordIndex='0 1 2 3 -1'>
					<Coordinate point='0.293722 2.895475 -0.885944 0.459719 2.643942 -0.596892 0.181273 2.667042 -0.502960 0.052324 2.812766 -0.746523'/>
				</IndexedFaceSet>
			</Shape>
			<Shape DEF='_IDX_696'>
				<Appearance DEF='Material_445_IDX_445'>
					<Material diffuseColor='0.427016 0.699971 0.544613'/>
					
				</Appearance>
				<IndexedFaceSet solid="false" coordIndex='0 1 2 3 -1'>
					<Coordinate point='0.600971 3.055473 -1.032509 0.856148 2.695149 -0.695639 0.459719 2.643942 -0.596892 0.293722 2.895475 -0.885944'/>
				</IndexedFaceSet>
			</Shape>
			<Shape DEF='_IDX_697'>
				<Appearance DEF='Material_446_IDX_446'>
					<Material diffuseColor='0.421501 0.696307 0.552991'/>
					
				</Appearance>
				<IndexedFaceSet solid="false" coordIndex='0 1 2 3 -1'>
					<Coordinate point='0.600971 3.055473 -1.032509 0.856148 2.695149 -0.695639 0.856148 2.695149 -0.695639 0.600971 3.055473 -1.032509'/>
				</IndexedFaceSet>
			</Shape>
			<Shape DEF='_IDX_698'>
				<Appearance DEF='Material_447_IDX_447'>
					<Material diffuseColor='0.413291 0.690851 0.565465'/>
					
				</Appearance>
				<IndexedFaceSet solid="false" coordIndex='0 1 2 3 -1'>
					<Coordinate point='1.129636 3.452338 -1.250723 1.570886 2.989698 -0.842658 0.856148 2.695149 -0.695639 0.600971 3.055473 -1.032509'/>
				</IndexedFaceSet>
			</Shape>
			<Shape DEF='_IDX_699'>
				<Appearance USE='Material_256_IDX_256'/>
				<IndexedFaceSet solid="false" coordIndex='0 1 2 3 -1'>
					<Coordinate point='1.748586 4.082799 -1.488506 2.383067 3.559643 -1.002860 1.570886 2.989698 -0.842658 1.129636 3.452338 -1.250723'/>
				</IndexedFaceSet>
			</Shape>
			<Shape DEF='_IDX_700'>
				<Appearance DEF='Material_448_IDX_448'>
					<Material diffuseColor='0.377361 0.666976 0.620047'/>
					
				</Appearance>
				<IndexedFaceSet solid="false" coordIndex='0 1 2 3 -1'>
					<Coordinate point='2.447156 4.958396 -1.749576 3.276513 4.365524 -1.178753 2.383067 3.559643 -1.002860 1.748586 4.082799 -1.488506'/>
				</IndexedFaceSet>
			</Shape>
			<Shape DEF='_IDX_701'>
				<Appearance DEF='Material_449_IDX_449'>
					<Material diffuseColor='0.357494 0.651918 0.650835'/>
					
				</Appearance>
				<IndexedFaceSet solid="false" coordIndex='0 1 2 3 -1'>
					<Coordinate point='3.240931 6.097292 -2.038020 4.288772 5.403634 -1.373088 3.276513 4.365524 -1.178753 2.447156 4.958396 -1.749576'/>
				</IndexedFaceSet>
			</Shape>
			<Shape DEF='_IDX_702'>
				<Appearance USE='Material_233_IDX_233'/>
				<IndexedFaceSet solid="false" coordIndex='0 1 2 3 -1'>
					<Coordinate point='-0.375824 3.084290 -0.080014 -0.186206 3.136251 -0.040260 -0.220445 3.294828 0.000000 -0.440181 3.228727 -0.000000'/>
				</IndexedFaceSet>
			</Shape>
			<Shape DEF='_IDX_703'>
				<Appearance USE='Material_234_IDX_234'/>
				<IndexedFaceSet solid="false" coordIndex='0 1 2 3 -1'>
					<Coordinate point='-0.308497 2.965494 -0.160673 -0.149522 3.000001 -0.080845 -0.186206 3.136251 -0.040260 -0.375824 3.084290 -0.080014'/>
				</IndexedFaceSet>
			</Shape>
			<Shape DEF='_IDX_704'>
				<Appearance USE='Material_235_IDX_235'/>
				<IndexedFaceSet solid="false" coordIndex='0 1 2 3 -1'>
					<Coordinate point='-0.231754 2.867985 -0.242627 -0.106275 2.878790 -0.122081 -0.149522 3.000001 -0.080845 -0.308497 2.965494 -0.160673'/>
				</IndexedFaceSet>
			</Shape>
			<Shape DEF='_IDX_705'>
				<Appearance USE='Material_236_IDX_236'/>
				<IndexedFaceSet solid="false" coordIndex='0 1 2 3 -1'>
					<Coordinate point='-0.136001 2.787346 -0.326539 -0.049659 2.762897 -0.164302 -0.106275 2.878790 -0.122081 -0.231754 2.867985 -0.242627'/>
				</IndexedFaceSet>
			</Shape>
			<Shape DEF='_IDX_706'>
				<Appearance DEF='Material_450_IDX_450'>
					<Material diffuseColor='0.483301 0.719805 0.476586'/>
					
				</Appearance>
				<IndexedFaceSet solid="false" coordIndex='0 1 2 3 -1'>
					<Coordinate point='-0.006222 2.720043 -0.413083 0.032984 2.638451 -0.207849 -0.049659 2.762897 -0.164302 -0.136001 2.787346 -0.326539'/>
				</IndexedFaceSet>
			</Shape>
			<Shape DEF='_IDX_707'>
				<Appearance USE='Material_238_IDX_238'/>
				<IndexedFaceSet solid="false" coordIndex='0 1 2 3 -1'>
					<Coordinate point='0.181273 2.667042 -0.502960 0.168735 2.485626 -0.253071 0.032984 2.638451 -0.207849 -0.006222 2.720043 -0.413083'/>
				</IndexedFaceSet>
			</Shape>
			<Shape DEF='_IDX_708'>
				<Appearance DEF='Material_451_IDX_451'>
					<Material diffuseColor='0.468633 0.714878 0.494074'/>
					
				</Appearance>
				<IndexedFaceSet solid="false" coordIndex='0 1 2 3 -1'>
					<Coordinate point='0.459719 2.643942 -0.596892 0.424226 2.286196 -0.300335 0.168735 2.485626 -0.253071 0.181273 2.667042 -0.502960'/>
				</IndexedFaceSet>
			</Shape>
			<Shape DEF='_IDX_709'>
				<Appearance DEF='Material_452_IDX_452'>
					<Material diffuseColor='0.460788 0.712243 0.503427'/>
					
				</Appearance>
				<IndexedFaceSet solid="false" coordIndex='0 1 2 3 -1'>
					<Coordinate point='0.856148 2.695149 -0.695639 0.934212 2.109347 -0.350020 0.424226 2.286196 -0.300335 0.459719 2.643942 -0.596892'/>
				</IndexedFaceSet>
			</Shape>
			<Shape DEF='_IDX_710'>
				<Appearance USE='Material_241_IDX_241'/>
				<IndexedFaceSet solid="false" coordIndex='0 1 2 3 -1'>
					<Coordinate point='0.856148 2.695149 -0.695639 0.934212 2.109347 -0.350020 0.934212 2.109347 -0.350020 0.856148 2.695149 -0.695639'/>
				</IndexedFaceSet>
			</Shape>
			<Shape DEF='_IDX_711'>
				<Appearance USE='Material_242_IDX_242'/>
				<IndexedFaceSet solid="false" coordIndex='0 1 2 3 -1'>
					<Coordinate point='1.570886 2.989698 -0.842658 1.951844 2.299981 -0.423995 0.934212 2.109347 -0.350020 0.856148 2.695149 -0.695639'/>
				</IndexedFaceSet>
			</Shape>
			<Shape DEF='_IDX_712'>
				<Appearance USE='Material_243_IDX_243'/>
				<IndexedFaceSet solid="false" coordIndex='0 1 2 3 -1'>
					<Coordinate point='2.383067 3.559643 -1.002860 2.957013 2.852844 -0.504603 1.951844 2.299981 -0.423995 1.570886 2.989698 -0.842658'/>
				</IndexedFaceSet>
			</Shape>
			<Shape DEF='_IDX_713'>
				<Appearance DEF='Material_453_IDX_453'>
					<Material diffuseColor='0.425480 0.698951 0.546947'/>
					
				</Appearance>
				<IndexedFaceSet solid="false" coordIndex='0 1 2 3 -1'>
					<Coordinate point='3.276513 4.365524 -1.178753 4.010877 3.589308 -0.593106 2.957013 2.852844 -0.504603 2.383067 3.559643 -1.002860'/>
				</IndexedFaceSet>
			</Shape>
			<Shape DEF='_IDX_714'>
				<Appearance DEF='Material_454_IDX_454'>
					<Material diffuseColor='0.412969 0.690637 0.565954'/>
					
				</Appearance>
				<IndexedFaceSet solid="false" coordIndex='0 1 2 3 -1'>
					<Coordinate point='4.288772 5.403634 -1.373088 5.202186 4.501758 -0.690888 4.010877 3.589308 -0.593106 3.276513 4.365524 -1.178753'/>
				</IndexedFaceSet>
			</Shape>
			<Shape DEF='_IDX_715'>
				<Appearance USE='Material_220_IDX_220'/>
				<IndexedFaceSet solid="false" coordIndex='0 1 2 3 -1'>
					<Coordinate point='-0.186206 3.136251 -0.040260 0.000009 3.152918 0.000000 0.000009 3.316552 0.000000 -0.220445 3.294828 0.000000'/>
				</IndexedFaceSet>
			</Shape>
			<Shape DEF='_IDX_716'>
				<Appearance USE='Material_221_IDX_221'/>
				<IndexedFaceSet solid="false" coordIndex='0 1 2 3 -1'>
					<Coordinate point='-0.149522 3.000001 -0.080845 0.000009 3.010245 0.000000 0.000009 3.152918 0.000000 -0.186206 3.136251 -0.040260'/>
				</IndexedFaceSet>
			</Shape>
			<Shape DEF='_IDX_717'>
				<Appearance USE='Material_222_IDX_222'/>
				<IndexedFaceSet solid="false" coordIndex='0 1 2 3 -1'>
					<Coordinate point='-0.106275 2.878790 -0.122081 0.000009 2.879951 -0.000000 0.000009 3.010245 0.000000 -0.149522 3.000001 -0.080845'/>
				</IndexedFaceSet>
			</Shape>
			<Shape DEF='_IDX_718'>
				<Appearance DEF='Material_455_IDX_455'>
					<Material diffuseColor='0.505659 0.727314 0.449931'/>
					
				</Appearance>
				<IndexedFaceSet solid="false" coordIndex='0 1 2 3 -1'>
					<Coordinate point='-0.049659 2.762897 -0.164302 0.000009 2.749658 0.000000 0.000009 2.879951 -0.000000 -0.106275 2.878790 -0.122081'/>
				</IndexedFaceSet>
			</Shape>
			<Shape DEF='_IDX_719'>
				<Appearance USE='Material_224_IDX_224'/>
				<IndexedFaceSet solid="false" coordIndex='0 1 2 3 -1'>
					<Coordinate point='0.032984 2.638451 -0.207849 0.000009 2.599103 0.000000 0.000009 2.749658 0.000000 -0.049659 2.762897 -0.164302'/>
				</IndexedFaceSet>
			</Shape>
			<Shape DEF='_IDX_720'>
				<Appearance USE='Material_225_IDX_225'/>
				<IndexedFaceSet solid="false" coordIndex='0 1 2 3 -1'>
					<Coordinate point='0.168735 2.485626 -0.253071 0.000009 2.389070 0.000000 0.000009 2.599103 0.000000 0.032984 2.638451 -0.207849'/>
				</IndexedFaceSet>
			</Shape>
			<Shape DEF='_IDX_721'>
				<Appearance USE='Material_226_IDX_226'/>
				<IndexedFaceSet solid="false" coordIndex='0 1 2 3 -1'>
					<Coordinate point='0.424226 2.286196 -0.300335 0.000009 2.017512 -0.000000 0.000009 2.389070 0.000000 0.168735 2.485626 -0.253071'/>
				</IndexedFaceSet>
			</Shape>
			<Shape DEF='_IDX_722'>
				<Appearance DEF='Material_456_IDX_456'>
					<Material diffuseColor='0.495800 0.724003 0.461685'/>
					
				</Appearance>
				<IndexedFaceSet solid="false" coordIndex='0 1 2 3 -1'>
					<Coordinate point='0.934212 2.109347 -0.350020 0.000022 0.000015 -0.000000 0.000009 2.017512 -0.000000 0.424226 2.286196 -0.300335'/>
				</IndexedFaceSet>
			</Shape>
			<Shape DEF='_IDX_723'>
				<Appearance USE='Material_228_IDX_228'/>
				<IndexedFaceSet solid="false" coordIndex='0 1 2 3 -1'>
					<Coordinate point='0.934212 2.109347 -0.350020 0.000022 0.000015 -0.000000 0.000022 0.000015 -0.000000 0.934212 2.109347 -0.350020'/>
				</IndexedFaceSet>
			</Shape>
			<Shape DEF='_IDX_724'>
				<Appearance DEF='Material_457_IDX_457'>
					<Material diffuseColor='0.492450 0.722878 0.465679'/>
					
				</Appearance>
				<IndexedFaceSet solid="false" coordIndex='0 1 2 3 -1'>
					<Coordinate point='1.951844 2.299981 -0.423995 2.398407 1.384711 -0.000000 0.000022 0.000015 -0.000000 0.934212 2.109347 -0.350020'/>
				</IndexedFaceSet>
			</Shape>
			<Shape DEF='_IDX_725'>
				<Appearance DEF='Material_458_IDX_458'>
					<Material diffuseColor='0.488263 0.721471 0.470671'/>
					
				</Appearance>
				<IndexedFaceSet solid="false" coordIndex='0 1 2 3 -1'>
					<Coordinate point='2.957013 2.852844 -0.504603 3.485742 2.012484 -0.000000 2.398407 1.384711 -0.000000 1.951844 2.299981 -0.423995'/>
				</IndexedFaceSet>
			</Shape>
			<Shape DEF='_IDX_726'>
				<Appearance USE='Material_231_IDX_231'/>
				<IndexedFaceSet solid="false" coordIndex='0 1 2 3 -1'>
					<Coordinate point='4.010877 3.589308 -0.593106 4.632371 2.674491 0.000000 3.485742 2.012484 -0.000000 2.957013 2.852844 -0.504603'/>
				</IndexedFaceSet>
			</Shape>
			<Shape DEF='_IDX_727'>
				<Appearance USE='Material_232_IDX_232'/>
				<IndexedFaceSet solid="false" coordIndex='0 1 2 3 -1'>
					<Coordinate point='5.202186 4.501758 -0.690888 5.949489 3.434929 0.000000 4.632371 2.674491 0.000000 4.010877 3.589308 -0.593106'/>
				</IndexedFaceSet>
			</Shape>
			<Shape DEF='_IDX_728'>
				<Appearance USE='Material_220_IDX_220'/>
				<IndexedFaceSet solid="false" coordIndex='0 1 2 3 -1'>
					<Coordinate point='-3.037878 -1.753920 -0.000000 -3.142749 -1.520008 -0.040260 -2.963645 -1.456503 0.000000 -2.872232 -1.658284 0.000000'/>
				</IndexedFaceSet>
			</Shape>
			<Shape DEF='_IDX_729'>
				<Appearance USE='Material_221_IDX_221'/>
				<IndexedFaceSet solid="false" coordIndex='0 1 2 3 -1'>
					<Coordinate point='-3.232456 -1.866259 -0.000000 -3.352141 -1.598274 -0.080845 -3.142749 -1.520008 -0.040260 -3.037878 -1.753920 -0.000000'/>
				</IndexedFaceSet>
			</Shape>
			<Shape DEF='_IDX_730'>
				<Appearance USE='Material_222_IDX_222'/>
				<IndexedFaceSet solid="false" coordIndex='0 1 2 3 -1'>
					<Coordinate point='-3.460702 -1.998037 -0.000000 -3.597128 -1.692443 -0.122081 -3.352141 -1.598274 -0.080845 -3.232456 -1.866259 -0.000000'/>
				</IndexedFaceSet>
			</Shape>
			<Shape DEF='_IDX_731'>
				<Appearance USE='Material_223_IDX_223'/>
				<IndexedFaceSet solid="false" coordIndex='0 1 2 3 -1'>
					<Coordinate point='-3.727446 -2.152042 0.000000 -3.883084 -1.803905 -0.164302 -3.597128 -1.692443 -0.122081 -3.460702 -1.998037 -0.000000'/>
				</IndexedFaceSet>
			</Shape>
			<Shape DEF='_IDX_732'>
				<Appearance USE='Material_224_IDX_224'/>
				<IndexedFaceSet solid="false" coordIndex='0 1 2 3 -1'>
					<Coordinate point='-4.037872 -2.331266 0.000000 -4.215740 -1.934318 -0.207849 -3.883084 -1.803905 -0.164302 -3.727446 -2.152042 0.000000'/>
				</IndexedFaceSet>
			</Shape>
			<Shape DEF='_IDX_733'>
				<Appearance USE='Material_225_IDX_225'/>
				<IndexedFaceSet solid="false" coordIndex='0 1 2 3 -1'>
					<Coordinate point='-4.397736 -2.539034 0.000000 -4.601433 -2.085650 -0.253071 -4.215740 -1.934318 -0.207849 -4.037872 -2.331266 0.000000'/>
				</IndexedFaceSet>
			</Shape>
			<Shape DEF='_IDX_734'>
				<Appearance USE='Material_226_IDX_226'/>
				<IndexedFaceSet solid="false" coordIndex='0 1 2 3 -1'>
					<Coordinate point='-4.813564 -2.779112 -0.000000 -5.047323 -2.260226 -0.300335 -4.601433 -2.085650 -0.253071 -4.397736 -2.539034 0.000000'/>
				</IndexedFaceSet>
			</Shape>
			<Shape DEF='_IDX_735'>
				<Appearance USE='Material_227_IDX_227'/>
				<IndexedFaceSet solid="false" coordIndex='0 1 2 3 -1'>
					<Coordinate point='-5.292847 -3.055827 -0.000000 -5.561610 -2.460783 -0.350020 -5.047323 -2.260226 -0.300335 -4.813564 -2.779112 -0.000000'/>
				</IndexedFaceSet>
			</Shape>
			<Shape DEF='_IDX_736'>
				<Appearance USE='Material_228_IDX_228'/>
				<IndexedFaceSet solid="false" coordIndex='0 1 2 3 -1'>
					<Coordinate point='-5.292847 -3.055827 -0.000000 -5.561610 -2.460783 -0.350020 -5.561610 -2.460783 -0.350020 -5.292847 -3.055827 -0.000000'/>
				</IndexedFaceSet>
			</Shape>
			<Shape DEF='_IDX_737'>
				<Appearance USE='Material_229_IDX_229'/>
				<IndexedFaceSet solid="false" coordIndex='0 1 2 3 -1'>
					<Coordinate point='-6.082438 -3.511698 -0.000000 -6.409707 -2.789461 -0.423995 -5.561610 -2.460783 -0.350020 -5.292847 -3.055827 -0.000000'/>
				</IndexedFaceSet>
			</Shape>
			<Shape DEF='_IDX_738'>
				<Appearance USE='Material_230_IDX_230'/>
				<IndexedFaceSet solid="false" coordIndex='0 1 2 3 -1'>
					<Coordinate point='-7.040034 -4.064566 -0.000000 -7.439530 -3.185339 -0.504603 -6.409707 -2.789461 -0.423995 -6.082438 -3.511698 -0.000000'/>
				</IndexedFaceSet>
			</Shape>
			<Shape DEF='_IDX_739'>
				<Appearance USE='Material_231_IDX_231'/>
				<IndexedFaceSet solid="false" coordIndex='0 1 2 3 -1'>
					<Coordinate point='-8.200144 -4.734355 0.000000 -8.688718 -3.661486 -0.593106 -7.439530 -3.185339 -0.504603 -7.040034 -4.064566 -0.000000'/>
				</IndexedFaceSet>
			</Shape>
			<Shape DEF='_IDX_740'>
				<Appearance USE='Material_232_IDX_232'/>
				<IndexedFaceSet solid="false" coordIndex='0 1 2 3 -1'>
					<Coordinate point='-9.605351 -5.545652 0.000000 -10.203693 -4.234099 -0.690888 -8.688718 -3.661486 -0.593106 -8.200144 -4.734355 0.000000'/>
				</IndexedFaceSet>
			</Shape>
			<Shape DEF='_IDX_741'>
				<Appearance USE='Material_233_IDX_233'/>
				<IndexedFaceSet solid="false" coordIndex='0 1 2 3 -1'>
					<Coordinate point='-3.142749 -1.520008 -0.040260 -3.200210 -1.263117 -0.080014 -3.016268 -1.233155 -0.000000 -2.963645 -1.456503 0.000000'/>
				</IndexedFaceSet>
			</Shape>
			<Shape DEF='_IDX_742'>
				<Appearance USE='Material_234_IDX_234'/>
				<IndexedFaceSet solid="false" coordIndex='0 1 2 3 -1'>
					<Coordinate point='-3.352141 -1.598274 -0.080845 -3.416252 -1.305528 -0.160673 -3.200210 -1.263117 -0.080014 -3.142749 -1.520008 -0.040260'/>
				</IndexedFaceSet>
			</Shape>
			<Shape DEF='_IDX_743'>
				<Appearance USE='Material_235_IDX_235'/>
				<IndexedFaceSet solid="false" coordIndex='0 1 2 3 -1'>
					<Coordinate point='-3.597128 -1.692443 -0.122081 -3.669685 -1.359929 -0.242627 -3.416252 -1.305528 -0.160673 -3.352141 -1.598274 -0.080845'/>
				</IndexedFaceSet>
			</Shape>
			<Shape DEF='_IDX_744'>
				<Appearance USE='Material_236_IDX_236'/>
				<IndexedFaceSet solid="false" coordIndex='0 1 2 3 -1'>
					<Coordinate point='-3.883084 -1.803905 -0.164302 -3.965977 -1.426268 -0.326539 -3.669685 -1.359929 -0.242627 -3.597128 -1.692443 -0.122081'/>
				</IndexedFaceSet>
			</Shape>
			<Shape DEF='_IDX_745'>
				<Appearance USE='Material_237_IDX_237'/>
				<IndexedFaceSet solid="false" coordIndex='0 1 2 3 -1'>
					<Coordinate point='-4.215740 -1.934318 -0.207849 -4.311038 -1.504812 -0.413083 -3.965977 -1.426268 -0.326539 -3.883084 -1.803905 -0.164302'/>
				</IndexedFaceSet>
			</Shape>
			<Shape DEF='_IDX_746'>
				<Appearance USE='Material_238_IDX_238'/>
				<IndexedFaceSet solid="false" coordIndex='0 1 2 3 -1'>
					<Coordinate point='-4.601433 -2.085650 -0.253071 -4.711447 -1.596097 -0.502960 -4.311038 -1.504812 -0.413083 -4.215740 -1.934318 -0.207849'/>
				</IndexedFaceSet>
			</Shape>
			<Shape DEF='_IDX_747'>
				<Appearance USE='Material_239_IDX_239'/>
				<IndexedFaceSet solid="false" coordIndex='0 1 2 3 -1'>
					<Coordinate point='-5.047323 -2.260226 -0.300335 -5.174665 -1.700917 -0.596892 -4.711447 -1.596097 -0.502960 -4.601433 -2.085650 -0.253071'/>
				</IndexedFaceSet>
			</Shape>
			<Shape DEF='_IDX_748'>
				<Appearance USE='Material_240_IDX_240'/>
				<IndexedFaceSet solid="false" coordIndex='0 1 2 3 -1'>
					<Coordinate point='-5.561610 -2.460783 -0.350020 -5.709258 -1.820319 -0.695639 -5.174665 -1.700917 -0.596892 -5.047323 -2.260226 -0.300335'/>
				</IndexedFaceSet>
			</Shape>
			<Shape DEF='_IDX_749'>
				<Appearance USE='Material_241_IDX_241'/>
				<IndexedFaceSet solid="false" coordIndex='0 1 2 3 -1'>
					<Coordinate point='-5.561610 -2.460783 -0.350020 -5.709258 -1.820319 -0.695639 -5.709258 -1.820319 -0.695639 -5.561610 -2.460783 -0.350020'/>
				</IndexedFaceSet>
			</Shape>
			<Shape DEF='_IDX_750'>
				<Appearance USE='Material_242_IDX_242'/>
				<IndexedFaceSet solid="false" coordIndex='0 1 2 3 -1'>
					<Coordinate point='-6.409707 -2.789461 -0.423995 -6.591415 -2.013390 -0.842658 -5.709258 -1.820319 -0.695639 -5.561610 -2.460783 -0.350020'/>
				</IndexedFaceSet>
			</Shape>
			<Shape DEF='_IDX_751'>
				<Appearance USE='Material_243_IDX_243'/>
				<IndexedFaceSet solid="false" coordIndex='0 1 2 3 -1'>
					<Coordinate point='-7.439530 -3.185339 -0.504603 -7.663345 -2.241818 -1.002860 -6.591415 -2.013390 -0.842658 -6.409707 -2.789461 -0.423995'/>
				</IndexedFaceSet>
			</Shape>
			<Shape DEF='_IDX_752'>
				<Appearance USE='Material_244_IDX_244'/>
				<IndexedFaceSet solid="false" coordIndex='0 1 2 3 -1'>
					<Coordinate point='-8.688718 -3.661486 -0.593106 -8.964457 -2.511358 -1.178753 -7.663345 -2.241818 -1.002860 -7.439530 -3.185339 -0.504603'/>
				</IndexedFaceSet>
			</Shape>
			<Shape DEF='_IDX_753'>
				<Appearance USE='Material_245_IDX_245'/>
				<IndexedFaceSet solid="false" coordIndex='0 1 2 3 -1'>
					<Coordinate point='-10.203693 -4.234099 -0.690888 -10.543366 -2.829252 -1.373088 -8.964457 -2.511358 -1.178753 -8.688718 -3.661486 -0.593106'/>
				</IndexedFaceSet>
			</Shape>
			<Shape DEF='_IDX_754'>
				<Appearance USE='Material_246_IDX_246'/>
				<IndexedFaceSet solid="false" coordIndex='0 1 2 3 -1'>
					<Coordinate point='-3.200210 -1.263117 -0.080014 -3.207491 -0.986964 -0.118761 -3.027052 -0.989034 -0.000000 -3.016268 -1.233155 -0.000000'/>
				</IndexedFaceSet>
			</Shape>
			<Shape DEF='_IDX_755'>
				<Appearance USE='Material_247_IDX_247'/>
				<IndexedFaceSet solid="false" coordIndex='0 1 2 3 -1'>
					<Coordinate point='-3.416252 -1.305528 -0.160673 -3.422024 -0.994182 -0.238480 -3.207491 -0.986964 -0.118761 -3.200210 -1.263117 -0.080014'/>
				</IndexedFaceSet>
			</Shape>
			<Shape DEF='_IDX_756'>
				<Appearance USE='Material_248_IDX_248'/>
				<IndexedFaceSet solid="false" coordIndex='0 1 2 3 -1'>
					<Coordinate point='-3.669685 -1.359929 -0.242627 -3.675442 -1.008869 -0.360122 -3.422024 -0.994182 -0.238480 -3.416252 -1.305528 -0.160673'/>
				</IndexedFaceSet>
			</Shape>
			<Shape DEF='_IDX_757'>
				<Appearance USE='Material_249_IDX_249'/>
				<IndexedFaceSet solid="false" coordIndex='0 1 2 3 -1'>
					<Coordinate point='-3.965977 -1.426268 -0.326539 -3.972915 -1.029659 -0.484668 -3.675442 -1.008869 -0.360122 -3.669685 -1.359929 -0.242627'/>
				</IndexedFaceSet>
			</Shape>
			<Shape DEF='_IDX_758'>
				<Appearance USE='Material_250_IDX_250'/>
				<IndexedFaceSet solid="false" coordIndex='0 1 2 3 -1'>
					<Coordinate point='-4.311038 -1.504812 -0.413083 -4.320179 -1.055486 -0.613123 -3.972915 -1.029659 -0.484668 -3.965977 -1.426268 -0.326539'/>
				</IndexedFaceSet>
			</Shape>
			<Shape DEF='_IDX_759'>
				<Appearance USE='Material_251_IDX_251'/>
				<IndexedFaceSet solid="false" coordIndex='0 1 2 3 -1'>
					<Coordinate point='-4.711447 -1.596097 -0.502960 -4.723718 -1.085485 -0.746523 -4.320179 -1.055486 -0.613123 -4.311038 -1.504812 -0.413083'/>
				</IndexedFaceSet>
			</Shape>
			<Shape DEF='_IDX_760'>
				<Appearance USE='Material_252_IDX_252'/>
				<IndexedFaceSet solid="false" coordIndex='0 1 2 3 -1'>
					<Coordinate point='-5.174665 -1.700917 -0.596892 -5.190963 -1.118917 -0.885944 -4.723718 -1.085485 -0.746523 -4.711447 -1.596097 -0.502960'/>
				</IndexedFaceSet>
			</Shape>
			<Shape DEF='_IDX_761'>
				<Appearance USE='Material_253_IDX_253'/>
				<IndexedFaceSet solid="false" coordIndex='0 1 2 3 -1'>
					<Coordinate point='-5.709258 -1.820319 -0.695639 -5.730489 -1.155121 -1.032509 -5.190963 -1.118917 -0.885944 -5.174665 -1.700917 -0.596892'/>
				</IndexedFaceSet>
			</Shape>
			<Shape DEF='_IDX_762'>
				<Appearance USE='Material_254_IDX_254'/>
				<IndexedFaceSet solid="false" coordIndex='0 1 2 3 -1'>
					<Coordinate point='-5.709258 -1.820319 -0.695639 -5.730489 -1.155121 -1.032509 -5.730489 -1.155121 -1.032509 -5.709258 -1.820319 -0.695639'/>
				</IndexedFaceSet>
			</Shape>
			<Shape DEF='_IDX_763'>
				<Appearance USE='Material_255_IDX_255'/>
				<IndexedFaceSet solid="false" coordIndex='0 1 2 3 -1'>
					<Coordinate point='-6.591415 -2.013390 -0.842658 -6.621123 -1.208982 -1.250723 -5.730489 -1.155121 -1.032509 -5.709258 -1.820319 -0.695639'/>
				</IndexedFaceSet>
			</Shape>
			<Shape DEF='_IDX_764'>
				<Appearance USE='Material_256_IDX_256'/>
				<IndexedFaceSet solid="false" coordIndex='0 1 2 3 -1'>
					<Coordinate point='-7.663345 -2.241818 -1.002860 -7.703621 -1.265354 -1.488506 -6.621123 -1.208982 -1.250723 -6.591415 -2.013390 -0.842658'/>
				</IndexedFaceSet>
			</Shape>
			<Shape DEF='_IDX_765'>
				<Appearance USE='Material_257_IDX_257'/>
				<IndexedFaceSet solid="false" coordIndex='0 1 2 3 -1'>
					<Coordinate point='-8.964457 -2.511358 -1.178753 -9.017745 -1.322488 -1.749576 -7.703621 -1.265354 -1.488506 -7.663345 -2.241818 -1.002860'/>
				</IndexedFaceSet>
			</Shape>
			<Shape DEF='_IDX_766'>
				<Appearance USE='Material_258_IDX_258'/>
				<IndexedFaceSet solid="false" coordIndex='0 1 2 3 -1'>
					<Coordinate point='-10.543366 -2.829252 -1.373088 -10.612585 -1.378429 -2.038020 -9.017745 -1.322488 -1.749576 -8.964457 -2.511358 -1.178753'/>
				</IndexedFaceSet>
			</Shape>
			<Shape DEF='_IDX_767'>
				<Appearance USE='Material_259_IDX_259'/>
				<IndexedFaceSet solid="false" coordIndex='0 1 2 3 -1'>
					<Coordinate point='-3.207491 -0.986964 -0.118761 -3.161582 -0.696526 -0.156015 -2.991773 -0.726829 -0.000000 -3.027052 -0.989034 -0.000000'/>
				</IndexedFaceSet>
			</Shape>
			<Shape DEF='_IDX_768'>
				<Appearance USE='Material_260_IDX_260'/>
				<IndexedFaceSet solid="false" coordIndex='0 1 2 3 -1'>
					<Coordinate point='-3.422024 -0.994182 -0.238480 -3.367181 -0.671318 -0.313288 -3.161582 -0.696526 -0.156015 -3.207491 -0.986964 -0.118761'/>
				</IndexedFaceSet>
			</Shape>
			<Shape DEF='_IDX_769'>
				<Appearance USE='Material_261_IDX_261'/>
				<IndexedFaceSet solid="false" coordIndex='0 1 2 3 -1'>
					<Coordinate point='-3.675442 -1.008869 -0.360122 -3.612571 -0.648374 -0.473088 -3.367181 -0.671318 -0.313288 -3.422024 -0.994182 -0.238480'/>
				</IndexedFaceSet>
			</Shape>
			<Shape DEF='_IDX_770'>
				<Appearance USE='Material_262_IDX_262'/>
				<IndexedFaceSet solid="false" coordIndex='0 1 2 3 -1'>
					<Coordinate point='-3.972915 -1.029659 -0.484668 -3.902332 -0.625244 -0.636703 -3.612571 -0.648374 -0.473088 -3.675442 -1.008869 -0.360122'/>
				</IndexedFaceSet>
			</Shape>
			<Shape DEF='_IDX_771'>
				<Appearance USE='Material_263_IDX_263'/>
				<IndexedFaceSet solid="false" coordIndex='0 1 2 3 -1'>
					<Coordinate point='-4.320179 -1.055486 -0.613123 -4.241730 -0.599687 -0.805453 -3.902332 -0.625244 -0.636703 -3.972915 -1.029659 -0.484668'/>
				</IndexedFaceSet>
			</Shape>
			<Shape DEF='_IDX_772'>
				<Appearance USE='Material_264_IDX_264'/>
				<IndexedFaceSet solid="false" coordIndex='0 1 2 3 -1'>
					<Coordinate point='-4.723718 -1.085485 -0.746523 -4.636863 -0.569537 -0.980699 -4.241730 -0.599687 -0.805453 -4.320179 -1.055486 -0.613123'/>
				</IndexedFaceSet>
			</Shape>
			<Shape DEF='_IDX_773'>
				<Appearance USE='Material_265_IDX_265'/>
				<IndexedFaceSet solid="false" coordIndex='0 1 2 3 -1'>
					<Coordinate point='-5.190963 -1.118917 -0.885944 -5.094811 -0.532600 -1.163854 -4.636863 -0.569537 -0.980699 -4.723718 -1.085485 -0.746523'/>
				</IndexedFaceSet>
			</Shape>
			<Shape DEF='_IDX_774'>
				<Appearance USE='Material_266_IDX_266'/>
				<IndexedFaceSet solid="false" coordIndex='0 1 2 3 -1'>
					<Coordinate point='-5.730489 -1.155121 -1.032509 -5.623822 -0.486566 -1.356395 -5.094811 -0.532600 -1.163854 -5.190963 -1.118917 -0.885944'/>
				</IndexedFaceSet>
			</Shape>
			<Shape DEF='_IDX_775'>
				<Appearance USE='Material_267_IDX_267'/>
				<IndexedFaceSet solid="false" coordIndex='0 1 2 3 -1'>
					<Coordinate point='-5.730489 -1.155121 -1.032509 -5.623822 -0.486566 -1.356395 -5.623822 -0.486566 -1.356395 -5.730489 -1.155121 -1.032509'/>
				</IndexedFaceSet>
			</Shape>
			<Shape DEF='_IDX_776'>
				<Appearance USE='Material_268_IDX_268'/>
				<IndexedFaceSet solid="false" coordIndex='0 1 2 3 -1'>
					<Coordinate point='-6.621123 -1.208982 -1.250723 -6.497159 -0.402539 -1.643061 -5.623822 -0.486566 -1.356395 -5.730489 -1.155121 -1.032509'/>
				</IndexedFaceSet>
			</Shape>
			<Shape DEF='_IDX_777'>
				<Appearance USE='Material_269_IDX_269'/>
				<IndexedFaceSet solid="false" coordIndex='0 1 2 3 -1'>
					<Coordinate point='-7.703621 -1.265354 -1.488506 -7.558406 -0.288252 -1.955433 -6.497159 -0.402539 -1.643061 -6.621123 -1.208982 -1.250723'/>
				</IndexedFaceSet>
			</Shape>
			<Shape DEF='_IDX_778'>
				<Appearance USE='Material_270_IDX_270'/>
				<IndexedFaceSet solid="false" coordIndex='0 1 2 3 -1'>
					<Coordinate point='-9.017745 -1.322488 -1.749576 -8.846249 -0.134541 -2.298398 -7.558406 -0.288252 -1.955433 -7.703621 -1.265354 -1.488506'/>
				</IndexedFaceSet>
			</Shape>
			<Shape DEF='_IDX_779'>
				<Appearance USE='Material_271_IDX_271'/>
				<IndexedFaceSet solid="false" coordIndex='0 1 2 3 -1'>
					<Coordinate point='-10.612585 -1.378429 -2.038020 -10.408524 0.069656 -2.677323 -8.846249 -0.134541 -2.298398 -9.017745 -1.322488 -1.749576'/>
				</IndexedFaceSet>
			</Shape>
			<Shape DEF='_IDX_780'>
				<Appearance USE='Material_272_IDX_272'/>
				<IndexedFaceSet solid="false" coordIndex='0 1 2 3 -1'>
					<Coordinate point='-3.161582 -0.696526 -0.156015 -3.059933 -0.398328 -0.191307 -2.906218 -0.451600 -0.000000 -2.991773 -0.726829 -0.000000'/>
				</IndexedFaceSet>
			</Shape>
			<Shape DEF='_IDX_781'>
				<Appearance USE='Material_273_IDX_273'/>
				<IndexedFaceSet solid="false" coordIndex='0 1 2 3 -1'>
					<Coordinate point='-3.367181 -0.671318 -0.313288 -3.250374 -0.345038 -0.384157 -3.059933 -0.398328 -0.191307 -3.161582 -0.696526 -0.156015'/>
				</IndexedFaceSet>
			</Shape>
			<Shape DEF='_IDX_782'>
				<Appearance USE='Material_274_IDX_274'/>
				<IndexedFaceSet solid="false" coordIndex='0 1 2 3 -1'>
					<Coordinate point='-3.612571 -0.648374 -0.473088 -3.480624 -0.288235 -0.580105 -3.250374 -0.345038 -0.384157 -3.367181 -0.671318 -0.313288'/>
				</IndexedFaceSet>
			</Shape>
			<Shape DEF='_IDX_783'>
				<Appearance USE='Material_275_IDX_275'/>
				<IndexedFaceSet solid="false" coordIndex='0 1 2 3 -1'>
					<Coordinate point='-3.902332 -0.625244 -0.636703 -3.754488 -0.224646 -0.780731 -3.480624 -0.288235 -0.580105 -3.612571 -0.648374 -0.473088'/>
				</IndexedFaceSet>
			</Shape>
			<Shape DEF='_IDX_784'>
				<Appearance USE='Material_276_IDX_276'/>
				<IndexedFaceSet solid="false" coordIndex='0 1 2 3 -1'>
					<Coordinate point='-4.241730 -0.599687 -0.805453 -4.076551 -0.151052 -0.987654 -3.754488 -0.224646 -0.780731 -3.902332 -0.625244 -0.636703'/>
				</IndexedFaceSet>
			</Shape>
			<Shape DEF='_IDX_785'>
				<Appearance USE='Material_277_IDX_277'/>
				<IndexedFaceSet solid="false" coordIndex='0 1 2 3 -1'>
					<Coordinate point='-4.636863 -0.569537 -0.980699 -4.452274 -0.064149 -1.202542 -4.076551 -0.151052 -0.987654 -4.241730 -0.599687 -0.805453'/>
				</IndexedFaceSet>
			</Shape>
			<Shape DEF='_IDX_786'>
				<Appearance USE='Material_278_IDX_278'/>
				<IndexedFaceSet solid="false" coordIndex='0 1 2 3 -1'>
					<Coordinate point='-5.094811 -0.532600 -1.163854 -4.888113 0.039572 -1.427128 -4.452274 -0.064149 -1.202542 -4.636863 -0.569537 -0.980699'/>
				</IndexedFaceSet>
			</Shape>
			<Shape DEF='_IDX_787'>
				<Appearance USE='Material_279_IDX_279'/>
				<IndexedFaceSet solid="false" coordIndex='0 1 2 3 -1'>
					<Coordinate point='-5.623822 -0.486566 -1.356395 -5.391671 0.163950 -1.663223 -4.888113 0.039572 -1.427128 -5.094811 -0.532600 -1.163854'/>
				</IndexedFaceSet>
			</Shape>
			<Shape DEF='_IDX_788'>
				<Appearance USE='Material_280_IDX_280'/>
				<IndexedFaceSet solid="false" coordIndex='0 1 2 3 -1'>
					<Coordinate point='-5.623822 -0.486566 -1.356395 -5.391671 0.163950 -1.663223 -5.391671 0.163950 -1.663223 -5.623822 -0.486566 -1.356395'/>
				</IndexedFaceSet>
			</Shape>
			<Shape DEF='_IDX_789'>
				<Appearance USE='Material_281_IDX_281'/>
				<IndexedFaceSet solid="false" coordIndex='0 1 2 3 -1'>
					<Coordinate point='-6.497159 -0.402539 -1.643061 -6.222696 0.379699 -2.014735 -5.391671 0.163950 -1.663223 -5.623822 -0.486566 -1.356395'/>
				</IndexedFaceSet>
			</Shape>
			<Shape DEF='_IDX_790'>
				<Appearance USE='Material_282_IDX_282'/>
				<IndexedFaceSet solid="false" coordIndex='0 1 2 3 -1'>
					<Coordinate point='-7.558406 -0.288252 -1.955433 -7.231727 0.657317 -2.397769 -6.222696 0.379699 -2.014735 -6.497159 -0.402539 -1.643061'/>
				</IndexedFaceSet>
			</Shape>
			<Shape DEF='_IDX_791'>
				<Appearance USE='Material_283_IDX_283'/>
				<IndexedFaceSet solid="false" coordIndex='0 1 2 3 -1'>
					<Coordinate point='-8.846249 -0.134541 -2.298398 -8.455003 1.013021 -2.818316 -7.231727 0.657317 -2.397769 -7.558406 -0.288252 -1.955433'/>
				</IndexedFaceSet>
			</Shape>
			<Shape DEF='_IDX_792'>
				<Appearance USE='Material_284_IDX_284'/>
				<IndexedFaceSet solid="false" coordIndex='0 1 2 3 -1'>
					<Coordinate point='-10.408524 0.069656 -2.677323 -9.937421 1.466570 -3.282957 -8.455003 1.013021 -2.818316 -8.846249 -0.134541 -2.298398'/>
				</IndexedFaceSet>
			</Shape>
			<Shape DEF='_IDX_793'>
				<Appearance USE='Material_285_IDX_285'/>
				<IndexedFaceSet solid="false" coordIndex='0 1 2 3 -1'>
					<Coordinate point='-3.059933 -0.398328 -0.191307 -2.901151 -0.100294 -0.224193 -2.767252 -0.170521 -0.000000 -2.906218 -0.451600 -0.000000'/>
				</IndexedFaceSet>
			</Shape>
			<Shape DEF='_IDX_794'>
				<Appearance USE='Material_286_IDX_286'/>
				<IndexedFaceSet solid="false" coordIndex='0 1 2 3 -1'>
					<Coordinate point='-3.250374 -0.345038 -0.384157 -3.071623 -0.024314 -0.450194 -2.901151 -0.100294 -0.224193 -3.059933 -0.398328 -0.191307'/>
				</IndexedFaceSet>
			</Shape>
			<Shape DEF='_IDX_795'>
				<Appearance USE='Material_287_IDX_287'/>
				<IndexedFaceSet solid="false" coordIndex='0 1 2 3 -1'>
					<Coordinate point='-3.480624 -0.288235 -0.580105 -3.280808 0.061284 -0.679826 -3.071623 -0.024314 -0.450194 -3.250374 -0.345038 -0.384157'/>
				</IndexedFaceSet>
			</Shape>
			<Shape DEF='_IDX_796'>
				<Appearance USE='Material_288_IDX_288'/>
				<IndexedFaceSet solid="false" coordIndex='0 1 2 3 -1'>
					<Coordinate point='-3.754488 -0.224646 -0.780731 -3.531645 0.160351 -0.914941 -3.280808 0.061284 -0.679826 -3.480624 -0.288235 -0.580105'/>
				</IndexedFaceSet>
			</Shape>
			<Shape DEF='_IDX_797'>
				<Appearance USE='Material_289_IDX_289'/>
				<IndexedFaceSet solid="false" coordIndex='0 1 2 3 -1'>
					<Coordinate point='-4.076551 -0.151052 -0.987654 -3.827887 0.276867 -1.157434 -3.531645 0.160351 -0.914941 -3.754488 -0.224646 -0.780731'/>
				</IndexedFaceSet>
			</Shape>
			<Shape DEF='_IDX_798'>
				<Appearance USE='Material_290_IDX_290'/>
				<IndexedFaceSet solid="false" coordIndex='0 1 2 3 -1'>
					<Coordinate point='-4.452274 -0.064149 -1.202542 -4.174165 0.415076 -1.409262 -3.827887 0.276867 -1.157434 -4.076551 -0.151052 -0.987654'/>
				</IndexedFaceSet>
			</Shape>
			<Shape DEF='_IDX_799'>
				<Appearance USE='Material_291_IDX_291'/>
				<IndexedFaceSet solid="false" coordIndex='0 1 2 3 -1'>
					<Coordinate point='-4.888113 0.039572 -1.427128 -4.576077 0.579626 -1.672455 -4.174165 0.415076 -1.409262 -4.452274 -0.064149 -1.202542'/>
				</IndexedFaceSet>
			</Shape>
			<Shape DEF='_IDX_800'>
				<Appearance USE='Material_292_IDX_292'/>
				<IndexedFaceSet solid="false" coordIndex='0 1 2 3 -1'>
					<Coordinate point='-5.391671 0.163950 -1.663223 -5.040309 0.775702 -1.949136 -4.576077 0.579626 -1.672455 -4.888113 0.039572 -1.427128'/>
				</IndexedFaceSet>
			</Shape>
			<Shape DEF='_IDX_801'>
				<Appearance USE='Material_293_IDX_293'/>
				<IndexedFaceSet solid="false" coordIndex='0 1 2 3 -1'>
					<Coordinate point='-5.391671 0.163950 -1.663223 -5.040309 0.775702 -1.949136 -5.040309 0.775702 -1.949136 -5.391671 0.163950 -1.663223'/>
				</IndexedFaceSet>
			</Shape>
			<Shape DEF='_IDX_802'>
				<Appearance USE='Material_294_IDX_294'/>
				<IndexedFaceSet solid="false" coordIndex='0 1 2 3 -1'>
					<Coordinate point='-6.222696 0.379699 -2.014735 -5.805668 1.112425 -2.361074 -5.040309 0.775702 -1.949136 -5.391671 0.163950 -1.663223'/>
				</IndexedFaceSet>
			</Shape>
			<Shape DEF='_IDX_803'>
				<Appearance USE='Material_295_IDX_295'/>
				<IndexedFaceSet solid="false" coordIndex='0 1 2 3 -1'>
					<Coordinate point='-7.231727 0.657317 -2.397769 -6.733475 1.540399 -2.809952 -5.805668 1.112425 -2.361074 -6.222696 0.379699 -2.014735'/>
				</IndexedFaceSet>
			</Shape>
			<Shape DEF='_IDX_804'>
				<Appearance USE='Material_296_IDX_296'/>
				<IndexedFaceSet solid="false" coordIndex='0 1 2 3 -1'>
					<Coordinate point='-8.455003 1.013021 -2.818316 -7.856249 2.082286 -3.302792 -6.733475 1.540399 -2.809952 -7.231727 0.657317 -2.397769'/>
				</IndexedFaceSet>
			</Shape>
			<Shape DEF='_IDX_805'>
				<Appearance USE='Material_297_IDX_297'/>
				<IndexedFaceSet solid="false" coordIndex='0 1 2 3 -1'>
					<Coordinate point='-9.937421 1.466570 -3.282957 -9.214376 2.765820 -3.847306 -7.856249 2.082286 -3.302792 -8.455003 1.013021 -2.818316'/>
				</IndexedFaceSet>
			</Shape>
			<Shape DEF='_IDX_806'>
				<Appearance USE='Material_298_IDX_298'/>
				<IndexedFaceSet solid="false" coordIndex='0 1 2 3 -1'>
					<Coordinate point='-2.901151 -0.100294 -0.224193 -2.685512 0.188702 -0.254260 -2.573524 0.107756 -0.000000 -2.767252 -0.170521 -0.000000'/>
				</IndexedFaceSet>
			</Shape>
			<Shape DEF='_IDX_807'>
				<Appearance USE='Material_299_IDX_299'/>
				<IndexedFaceSet solid="false" coordIndex='0 1 2 3 -1'>
					<Coordinate point='-3.071623 -0.024314 -0.450194 -2.832661 0.281383 -0.510570 -2.685512 0.188702 -0.254260 -2.901151 -0.100294 -0.224193'/>
				</IndexedFaceSet>
			</Shape>
			<Shape DEF='_IDX_808'>
				<Appearance USE='Material_300_IDX_300'/>
				<IndexedFaceSet solid="false" coordIndex='0 1 2 3 -1'>
					<Coordinate point='-3.280808 0.061284 -0.679826 -3.016204 0.389808 -0.770999 -2.832661 0.281383 -0.510570 -3.071623 -0.024314 -0.450194'/>
				</IndexedFaceSet>
			</Shape>
			<Shape DEF='_IDX_809'>
				<Appearance USE='Material_301_IDX_301'/>
				<IndexedFaceSet solid="false" coordIndex='0 1 2 3 -1'>
					<Coordinate point='-3.531645 0.160351 -0.914941 -3.238169 0.518183 -1.037645 -3.016204 0.389808 -0.770999 -3.280808 0.061284 -0.679826'/>
				</IndexedFaceSet>
			</Shape>
			<Shape DEF='_IDX_810'>
				<Appearance USE='Material_302_IDX_302'/>
				<IndexedFaceSet solid="false" coordIndex='0 1 2 3 -1'>
					<Coordinate point='-3.827887 0.276867 -1.157434 -3.501386 0.671033 -1.312659 -3.238169 0.518183 -1.037645 -3.531645 0.160351 -0.914941'/>
				</IndexedFaceSet>
			</Shape>
			<Shape DEF='_IDX_811'>
				<Appearance USE='Material_303_IDX_303'/>
				<IndexedFaceSet solid="false" coordIndex='0 1 2 3 -1'>
					<Coordinate point='-4.174165 0.415076 -1.409262 -3.809514 0.853336 -1.598260 -3.501386 0.671033 -1.312659 -3.827887 0.276867 -1.157434'/>
				</IndexedFaceSet>
			</Shape>
			<Shape DEF='_IDX_812'>
				<Appearance USE='Material_304_IDX_304'/>
				<IndexedFaceSet solid="false" coordIndex='0 1 2 3 -1'>
					<Coordinate point='-4.576077 0.579626 -1.672455 -4.167107 1.070662 -1.896750 -3.809514 0.853336 -1.598260 -4.174165 0.415076 -1.409262'/>
				</IndexedFaceSet>
			</Shape>
			<Shape DEF='_IDX_813'>
				<Appearance USE='Material_305_IDX_305'/>
				<IndexedFaceSet solid="false" coordIndex='0 1 2 3 -1'>
					<Coordinate point='-5.040309 0.775702 -1.949136 -4.579704 1.329323 -2.210537 -4.167107 1.070662 -1.896750 -4.576077 0.579626 -1.672455'/>
				</IndexedFaceSet>
			</Shape>
			<Shape DEF='_IDX_814'>
				<Appearance USE='Material_306_IDX_306'/>
				<IndexedFaceSet solid="false" coordIndex='0 1 2 3 -1'>
					<Coordinate point='-5.040309 0.775702 -1.949136 -4.579704 1.329323 -2.210537 -4.579704 1.329323 -2.210537 -5.040309 0.775702 -1.949136'/>
				</IndexedFaceSet>
			</Shape>
			<Shape DEF='_IDX_815'>
				<Appearance USE='Material_307_IDX_307'/>
				<IndexedFaceSet solid="false" coordIndex='0 1 2 3 -1'>
					<Coordinate point='-5.805668 1.112425 -2.361074 -5.258535 1.772116 -2.677720 -4.579704 1.329323 -2.210537 -5.040309 0.775702 -1.949136'/>
				</IndexedFaceSet>
			</Shape>
			<Shape DEF='_IDX_816'>
				<Appearance USE='Material_308_IDX_308'/>
				<IndexedFaceSet solid="false" coordIndex='0 1 2 3 -1'>
					<Coordinate point='-6.733475 1.540399 -2.809952 -6.079091 2.332315 -3.186798 -5.258535 1.772116 -2.677720 -5.805668 1.112425 -2.361074'/>
				</IndexedFaceSet>
			</Shape>
			<Shape DEF='_IDX_817'>
				<Appearance USE='Material_309_IDX_309'/>
				<IndexedFaceSet solid="false" coordIndex='0 1 2 3 -1'>
					<Coordinate point='-7.856249 2.082286 -3.302792 -7.069033 3.038189 -3.745734 -6.079091 2.332315 -3.186798 -6.733475 1.540399 -2.809952'/>
				</IndexedFaceSet>
			</Shape>
			<Shape DEF='_IDX_818'>
				<Appearance USE='Material_310_IDX_310'/>
				<IndexedFaceSet solid="false" coordIndex='0 1 2 3 -1'>
					<Coordinate point='-9.214376 2.765820 -3.847306 -8.262837 3.924453 -4.363273 -7.069033 3.038189 -3.745734 -7.856249 2.082286 -3.302792'/>
				</IndexedFaceSet>
			</Shape>
			<Shape DEF='_IDX_819'>
				<Appearance USE='Material_311_IDX_311'/>
				<IndexedFaceSet solid="false" coordIndex='0 1 2 3 -1'>
					<Coordinate point='-2.685512 0.188702 -0.254260 -2.415225 0.459393 -0.281129 -2.325793 0.373830 -0.000000 -2.573524 0.107756 -0.000000'/>
				</IndexedFaceSet>
			</Shape>
			<Shape DEF='_IDX_820'>
				<Appearance USE='Material_312_IDX_312'/>
				<IndexedFaceSet solid="false" coordIndex='0 1 2 3 -1'>
					<Coordinate point='-2.832661 0.281383 -0.510570 -2.537118 0.562551 -0.564526 -2.415225 0.459393 -0.281129 -2.685512 0.188702 -0.254260'/>
				</IndexedFaceSet>
			</Shape>
			<Shape DEF='_IDX_821'>
				<Appearance USE='Material_313_IDX_313'/>
				<IndexedFaceSet solid="false" coordIndex='0 1 2 3 -1'>
					<Coordinate point='-3.016204 0.389808 -0.770999 -2.691848 0.687277 -0.852475 -2.537118 0.562551 -0.564526 -2.832661 0.281383 -0.510570'/>
				</IndexedFaceSet>
			</Shape>
			<Shape DEF='_IDX_822'>
				<Appearance USE='Material_314_IDX_314'/>
				<IndexedFaceSet solid="false" coordIndex='0 1 2 3 -1'>
					<Coordinate point='-3.238169 0.518183 -1.037645 -2.880535 0.837936 -1.147299 -2.691848 0.687277 -0.852475 -3.016204 0.389808 -0.770999'/>
				</IndexedFaceSet>
			</Shape>
			<Shape DEF='_IDX_823'>
				<Appearance USE='Material_315_IDX_315'/>
				<IndexedFaceSet solid="false" coordIndex='0 1 2 3 -1'>
					<Coordinate point='-3.501386 0.671033 -1.312659 -3.105029 1.019391 -1.451376 -2.880535 0.837936 -1.147299 -3.238169 0.518183 -1.037645'/>
				</IndexedFaceSet>
			</Shape>
			<Shape DEF='_IDX_824'>
				<Appearance USE='Material_316_IDX_316'/>
				<IndexedFaceSet solid="false" coordIndex='0 1 2 3 -1'>
					<Coordinate point='-3.809514 0.853336 -1.598260 -3.367922 1.237136 -1.767158 -3.105029 1.019391 -1.451376 -3.501386 0.671033 -1.312659'/>
				</IndexedFaceSet>
			</Shape>
			<Shape DEF='_IDX_825'>
				<Appearance USE='Material_317_IDX_317'/>
				<IndexedFaceSet solid="false" coordIndex='0 1 2 3 -1'>
					<Coordinate point='-4.167107 1.070662 -1.896750 -3.672586 1.497431 -2.097192 -3.367922 1.237136 -1.767158 -3.809514 0.853336 -1.598260'/>
				</IndexedFaceSet>
			</Shape>
			<Shape DEF='_IDX_826'>
				<Appearance USE='Material_318_IDX_318'/>
				<IndexedFaceSet solid="false" coordIndex='0 1 2 3 -1'>
					<Coordinate point='-4.579704 1.329323 -2.210537 -4.023230 1.807463 -2.444139 -3.672586 1.497431 -2.097192 -4.167107 1.070662 -1.896750'/>
				</IndexedFaceSet>
			</Shape>
			<Shape DEF='_IDX_827'>
				<Appearance USE='Material_319_IDX_319'/>
				<IndexedFaceSet solid="false" coordIndex='0 1 2 3 -1'>
					<Coordinate point='-4.579704 1.329323 -2.210537 -4.023230 1.807463 -2.444139 -4.023230 1.807463 -2.444139 -4.579704 1.329323 -2.210537'/>
				</IndexedFaceSet>
			</Shape>
			<Shape DEF='_IDX_828'>
				<Appearance USE='Material_320_IDX_320'/>
				<IndexedFaceSet solid="false" coordIndex='0 1 2 3 -1'>
					<Coordinate point='-5.258535 1.772116 -2.677720 -4.597893 2.337839 -2.960693 -4.023230 1.807463 -2.444139 -4.579704 1.329323 -2.210537'/>
				</IndexedFaceSet>
			</Shape>
			<Shape DEF='_IDX_829'>
				<Appearance USE='Material_321_IDX_321'/>
				<IndexedFaceSet solid="false" coordIndex='0 1 2 3 -1'>
					<Coordinate point='-6.079091 2.332315 -3.186798 -5.289055 3.007638 -3.523568 -4.597893 2.337839 -2.960693 -5.258535 1.772116 -2.677720'/>
				</IndexedFaceSet>
			</Shape>
			<Shape DEF='_IDX_830'>
				<Appearance USE='Material_322_IDX_322'/>
				<IndexedFaceSet solid="false" coordIndex='0 1 2 3 -1'>
					<Coordinate point='-7.069033 3.038189 -3.745734 -6.118568 3.849718 -4.141571 -5.289055 3.007638 -3.523568 -6.079091 2.332315 -3.186798'/>
				</IndexedFaceSet>
			</Shape>
			<Shape DEF='_IDX_831'>
				<Appearance USE='Material_323_IDX_323'/>
				<IndexedFaceSet solid="false" coordIndex='0 1 2 3 -1'>
					<Coordinate point='-8.262837 3.924453 -4.363273 -7.113807 4.904533 -4.824369 -6.118568 3.849718 -4.141571 -7.069033 3.038189 -3.745734'/>
				</IndexedFaceSet>
			</Shape>
			<Shape DEF='_IDX_832'>
				<Appearance USE='Material_324_IDX_324'/>
				<IndexedFaceSet solid="false" coordIndex='0 1 2 3 -1'>
					<Coordinate point='-2.415225 0.459393 -0.281129 -2.094493 0.702699 -0.304463 -2.026997 0.618239 -0.000000 -2.325793 0.373830 -0.000000'/>
				</IndexedFaceSet>
			</Shape>
			<Shape DEF='_IDX_833'>
				<Appearance USE='Material_325_IDX_325'/>
				<IndexedFaceSet solid="false" coordIndex='0 1 2 3 -1'>
					<Coordinate point='-2.537118 0.562551 -0.564526 -2.190530 0.810158 -0.611382 -2.094493 0.702699 -0.304463 -2.415225 0.459393 -0.281129'/>
				</IndexedFaceSet>
			</Shape>
			<Shape DEF='_IDX_834'>
				<Appearance USE='Material_326_IDX_326'/>
				<IndexedFaceSet solid="false" coordIndex='0 1 2 3 -1'>
					<Coordinate point='-2.691848 0.687277 -0.852475 -2.314694 0.944406 -0.923231 -2.190530 0.810158 -0.611382 -2.537118 0.562551 -0.564526'/>
				</IndexedFaceSet>
			</Shape>
			<Shape DEF='_IDX_835'>
				<Appearance USE='Material_327_IDX_327'/>
				<IndexedFaceSet solid="false" coordIndex='0 1 2 3 -1'>
					<Coordinate point='-2.880535 0.837936 -1.147299 -2.467216 1.109791 -1.242526 -2.314694 0.944406 -0.923231 -2.691848 0.687277 -0.852475'/>
				</IndexedFaceSet>
			</Shape>
			<Shape DEF='_IDX_836'>
				<Appearance USE='Material_328_IDX_328'/>
				<IndexedFaceSet solid="false" coordIndex='0 1 2 3 -1'>
					<Coordinate point='-3.105029 1.019391 -1.451376 -2.648950 1.311321 -1.571842 -2.467216 1.109791 -1.242526 -2.880535 0.837936 -1.147299'/>
				</IndexedFaceSet>
			</Shape>
			<Shape DEF='_IDX_837'>
				<Appearance USE='Material_329_IDX_329'/>
				<IndexedFaceSet solid="false" coordIndex='0 1 2 3 -1'>
					<Coordinate point='-3.367922 1.237136 -1.767158 -2.861363 1.554781 -1.913834 -2.648950 1.311321 -1.571842 -3.105029 1.019391 -1.451376'/>
				</IndexedFaceSet>
			</Shape>
			<Shape DEF='_IDX_838'>
				<Appearance USE='Material_330_IDX_330'/>
				<IndexedFaceSet solid="false" coordIndex='0 1 2 3 -1'>
					<Coordinate point='-3.672586 1.497431 -2.097192 -3.106550 1.846877 -2.271261 -2.861363 1.554781 -1.913834 -3.367922 1.237136 -1.767158'/>
				</IndexedFaceSet>
			</Shape>
			<Shape DEF='_IDX_839'>
				<Appearance USE='Material_331_IDX_331'/>
				<IndexedFaceSet solid="false" coordIndex='0 1 2 3 -1'>
					<Coordinate point='-4.023230 1.807463 -2.444139 -3.387262 2.195397 -2.647005 -3.106550 1.846877 -2.271261 -3.672586 1.497431 -2.097192'/>
				</IndexedFaceSet>
			</Shape>
			<Shape DEF='_IDX_840'>
				<Appearance USE='Material_332_IDX_332'/>
				<IndexedFaceSet solid="false" coordIndex='0 1 2 3 -1'>
					<Coordinate point='-4.023230 1.807463 -2.444139 -3.387262 2.195397 -2.647005 -3.387262 2.195397 -2.647005 -4.023230 1.807463 -2.444139'/>
				</IndexedFaceSet>
			</Shape>
			<Shape DEF='_IDX_841'>
				<Appearance USE='Material_333_IDX_333'/>
				<IndexedFaceSet solid="false" coordIndex='0 1 2 3 -1'>
					<Coordinate point='-4.597893 2.337839 -2.960693 -3.843945 2.791968 -3.206433 -3.387262 2.195397 -2.647005 -4.023230 1.807463 -2.444139'/>
				</IndexedFaceSet>
			</Shape>
			<Shape DEF='_IDX_842'>
				<Appearance USE='Material_334_IDX_334'/>
				<IndexedFaceSet solid="false" coordIndex='0 1 2 3 -1'>
					<Coordinate point='-5.289055 3.007638 -3.523568 -4.388219 3.545074 -3.816027 -3.843945 2.791968 -3.206433 -4.597893 2.337839 -2.960693'/>
				</IndexedFaceSet>
			</Shape>
			<Shape DEF='_IDX_843'>
				<Appearance USE='Material_335_IDX_335'/>
				<IndexedFaceSet solid="false" coordIndex='0 1 2 3 -1'>
					<Coordinate point='-6.118568 3.849718 -4.141571 -5.035386 4.490980 -4.485324 -4.388219 3.545074 -3.816027 -5.289055 3.007638 -3.523568'/>
				</IndexedFaceSet>
			</Shape>
			<Shape DEF='_IDX_844'>
				<Appearance USE='Material_336_IDX_336'/>
				<IndexedFaceSet solid="false" coordIndex='0 1 2 3 -1'>
					<Coordinate point='-7.113807 4.904533 -4.824369 -5.804787 5.674452 -5.224796 -5.035386 4.490980 -4.485324 -6.118568 3.849718 -4.141571'/>
				</IndexedFaceSet>
			</Shape>
			<Shape DEF='_IDX_845'>
				<Appearance USE='Material_337_IDX_337'/>
				<IndexedFaceSet solid="false" coordIndex='0 1 2 3 -1'>
					<Coordinate point='-2.094493 0.702699 -0.304463 -1.729409 0.910239 -0.323968 -1.682137 0.832039 0.000000 -2.026997 0.618239 -0.000000'/>
				</IndexedFaceSet>
			</Shape>
			<Shape DEF='_IDX_846'>
				<Appearance USE='Material_338_IDX_338'/>
				<IndexedFaceSet solid="false" coordIndex='0 1 2 3 -1'>
					<Coordinate point='-2.190530 0.810158 -0.611382 -1.800224 1.016104 -0.650550 -1.729409 0.910239 -0.323968 -2.094493 0.702699 -0.304463'/>
				</IndexedFaceSet>
			</Shape>
			<Shape DEF='_IDX_847'>
				<Appearance USE='Material_339_IDX_339'/>
				<IndexedFaceSet solid="false" coordIndex='0 1 2 3 -1'>
					<Coordinate point='-2.314694 0.944406 -0.923231 -1.893448 1.153115 -0.982377 -1.800224 1.016104 -0.650550 -2.190530 0.810158 -0.611382'/>
				</IndexedFaceSet>
			</Shape>
			<Shape DEF='_IDX_848'>
				<Appearance USE='Material_340_IDX_340'/>
				<IndexedFaceSet solid="false" coordIndex='0 1 2 3 -1'>
					<Coordinate point='-2.467216 1.109791 -1.242526 -2.008470 1.325447 -1.322128 -1.893448 1.153115 -0.982377 -2.314694 0.944406 -0.923231'/>
				</IndexedFaceSet>
			</Shape>
			<Shape DEF='_IDX_849'>
				<Appearance USE='Material_341_IDX_341'/>
				<IndexedFaceSet solid="false" coordIndex='0 1 2 3 -1'>
					<Coordinate point='-2.648950 1.311321 -1.571842 -2.145157 1.538059 -1.672541 -2.008470 1.325447 -1.322128 -2.467216 1.109791 -1.242526'/>
				</IndexedFaceSet>
			</Shape>
			<Shape DEF='_IDX_850'>
				<Appearance USE='Material_342_IDX_342'/>
				<IndexedFaceSet solid="false" coordIndex='0 1 2 3 -1'>
					<Coordinate point='-2.861363 1.554781 -1.913834 -2.303831 1.796814 -2.036442 -2.145157 1.538059 -1.672541 -2.648950 1.311321 -1.571842'/>
				</IndexedFaceSet>
			</Shape>
			<Shape DEF='_IDX_851'>
				<Appearance USE='Material_343_IDX_343'/>
				<IndexedFaceSet solid="false" coordIndex='0 1 2 3 -1'>
					<Coordinate point='-3.106550 1.846877 -2.271261 -2.485260 2.108610 -2.416767 -2.303831 1.796814 -2.036442 -2.861363 1.554781 -1.913834'/>
				</IndexedFaceSet>
			</Shape>
			<Shape DEF='_IDX_852'>
				<Appearance USE='Material_344_IDX_344'/>
				<IndexedFaceSet solid="false" coordIndex='0 1 2 3 -1'>
					<Coordinate point='-3.387262 2.195397 -2.647005 -2.690659 2.481546 -2.816583 -2.485260 2.108610 -2.416767 -3.106550 1.846877 -2.271261'/>
				</IndexedFaceSet>
			</Shape>
			<Shape DEF='_IDX_853'>
				<Appearance USE='Material_345_IDX_345'/>
				<IndexedFaceSet solid="false" coordIndex='0 1 2 3 -1'>
					<Coordinate point='-3.387262 2.195397 -2.647005 -2.690659 2.481546 -2.816583 -2.690659 2.481546 -2.816583 -3.387262 2.195397 -2.647005'/>
				</IndexedFaceSet>
			</Shape>
			<Shape DEF='_IDX_854'>
				<Appearance USE='Material_346_IDX_346'/>
				<IndexedFaceSet solid="false" coordIndex='0 1 2 3 -1'>
					<Coordinate point='-3.843945 2.791968 -3.206433 -3.019835 3.120809 -3.411850 -2.690659 2.481546 -2.816583 -3.387262 2.195397 -2.647005'/>
				</IndexedFaceSet>
			</Shape>
			<Shape DEF='_IDX_855'>
				<Appearance USE='Material_347_IDX_347'/>
				<IndexedFaceSet solid="false" coordIndex='0 1 2 3 -1'>
					<Coordinate point='-4.388219 3.545074 -3.816027 -3.404970 3.928198 -4.060498 -3.019835 3.120809 -3.411850 -3.843945 2.791968 -3.206433'/>
				</IndexedFaceSet>
			</Shape>
			<Shape DEF='_IDX_856'>
				<Appearance USE='Material_348_IDX_348'/>
				<IndexedFaceSet solid="false" coordIndex='0 1 2 3 -1'>
					<Coordinate point='-5.035386 4.490980 -4.485324 -3.854306 4.942100 -4.772673 -3.404970 3.928198 -4.060498 -4.388219 3.545074 -3.816027'/>
				</IndexedFaceSet>
			</Shape>
			<Shape DEF='_IDX_857'>
				<Appearance USE='Material_349_IDX_349'/>
				<IndexedFaceSet solid="false" coordIndex='0 1 2 3 -1'>
					<Coordinate point='-5.804787 5.674452 -5.224796 -4.378500 6.210018 -5.559518 -3.854306 4.942100 -4.772673 -5.035386 4.490980 -4.485324'/>
				</IndexedFaceSet>
			</Shape>
			<Shape DEF='_IDX_858'>
				<Appearance USE='Material_350_IDX_350'/>
				<IndexedFaceSet solid="false" coordIndex='0 1 2 3 -1'>
					<Coordinate point='-1.729409 0.910239 -0.323968 -1.327743 1.074772 -0.339400 -1.298055 1.007280 0.000000 -1.682137 0.832039 0.000000'/>
				</IndexedFaceSet>
			</Shape>
			<Shape DEF='_IDX_859'>
				<Appearance USE='Material_351_IDX_351'/>
				<IndexedFaceSet solid="false" coordIndex='0 1 2 3 -1'>
					<Coordinate point='-1.800224 1.016104 -0.650550 -1.375084 1.173630 -0.681536 -1.327743 1.074772 -0.339400 -1.729409 0.910239 -0.323968'/>
				</IndexedFaceSet>
			</Shape>
			<Shape DEF='_IDX_860'>
				<Appearance USE='Material_352_IDX_352'/>
				<IndexedFaceSet solid="false" coordIndex='0 1 2 3 -1'>
					<Coordinate point='-1.893448 1.153115 -0.982377 -1.438314 1.306915 -1.029169 -1.375084 1.173630 -0.681536 -1.800224 1.016104 -0.650550'/>
				</IndexedFaceSet>
			</Shape>
			<Shape DEF='_IDX_861'>
				<Appearance USE='Material_353_IDX_353'/>
				<IndexedFaceSet solid="false" coordIndex='0 1 2 3 -1'>
					<Coordinate point='-2.008470 1.325447 -1.322128 -1.516036 1.478482 -1.385103 -1.438314 1.306915 -1.029169 -1.893448 1.153115 -0.982377'/>
				</IndexedFaceSet>
			</Shape>
			<Shape DEF='_IDX_862'>
				<Appearance USE='Material_354_IDX_354'/>
				<IndexedFaceSet solid="false" coordIndex='0 1 2 3 -1'>
					<Coordinate point='-2.145157 1.538059 -1.672541 -1.607167 1.693068 -1.752206 -1.516036 1.478482 -1.385103 -2.008470 1.325447 -1.322128'/>
				</IndexedFaceSet>
			</Shape>
			<Shape DEF='_IDX_863'>
				<Appearance USE='Material_355_IDX_355'/>
				<IndexedFaceSet solid="false" coordIndex='0 1 2 3 -1'>
					<Coordinate point='-2.303831 1.796814 -2.036442 -1.710903 1.956394 -2.133441 -1.607167 1.693068 -1.752206 -2.145157 1.538059 -1.672541'/>
				</IndexedFaceSet>
			</Shape>
			<Shape DEF='_IDX_864'>
				<Appearance USE='Material_356_IDX_356'/>
				<IndexedFaceSet solid="false" coordIndex='0 1 2 3 -1'>
					<Coordinate point='-2.485260 2.108610 -2.416767 -1.826680 2.275302 -2.531882 -1.710903 1.956394 -2.133441 -2.303831 1.796814 -2.036442'/>
				</IndexedFaceSet>
			</Shape>
			<Shape DEF='_IDX_865'>
				<Appearance USE='Material_357_IDX_357'/>
				<IndexedFaceSet solid="false" coordIndex='0 1 2 3 -1'>
					<Coordinate point='-2.690659 2.481546 -2.816583 -1.954153 2.657910 -2.950741 -1.826680 2.275302 -2.531882 -2.485260 2.108610 -2.416767'/>
				</IndexedFaceSet>
			</Shape>
			<Shape DEF='_IDX_866'>
				<Appearance USE='Material_358_IDX_358'/>
				<IndexedFaceSet solid="false" coordIndex='0 1 2 3 -1'>
					<Coordinate point='-2.690659 2.481546 -2.816583 -1.954153 2.657910 -2.950741 -1.954153 2.657910 -2.950741 -2.690659 2.481546 -2.816583'/>
				</IndexedFaceSet>
			</Shape>
			<Shape DEF='_IDX_867'>
				<Appearance USE='Material_359_IDX_359'/>
				<IndexedFaceSet solid="false" coordIndex='0 1 2 3 -1'>
					<Coordinate point='-3.019835 3.120809 -3.411850 -2.150892 3.315089 -3.574362 -1.954153 2.657910 -2.950741 -2.690659 2.481546 -2.816583'/>
				</IndexedFaceSet>
			</Shape>
			<Shape DEF='_IDX_868'>
				<Appearance USE='Material_360_IDX_360'/>
				<IndexedFaceSet solid="false" coordIndex='0 1 2 3 -1'>
					<Coordinate point='-3.404970 3.928198 -4.060498 -2.370287 4.146036 -4.253905 -2.150892 3.315089 -3.574362 -3.019835 3.120809 -3.411850'/>
				</IndexedFaceSet>
			</Shape>
			<Shape DEF='_IDX_869'>
				<Appearance USE='Material_361_IDX_361'/>
				<IndexedFaceSet solid="false" coordIndex='0 1 2 3 -1'>
					<Coordinate point='-3.854306 4.942100 -4.772673 -2.613258 5.189910 -5.000002 -2.370287 4.146036 -4.253905 -3.404970 3.928198 -4.060498'/>
				</IndexedFaceSet>
			</Shape>
			<Shape DEF='_IDX_870'>
				<Appearance USE='Material_362_IDX_362'/>
				<IndexedFaceSet solid="false" coordIndex='0 1 2 3 -1'>
					<Coordinate point='-4.378500 6.210018 -5.559518 -2.881433 6.495294 -5.824326 -2.613258 5.189910 -5.000002 -3.854306 4.942100 -4.772673'/>
				</IndexedFaceSet>
			</Shape>
			<Shape DEF='_IDX_871'>
				<Appearance USE='Material_363_IDX_363'/>
				<IndexedFaceSet solid="false" coordIndex='0 1 2 3 -1'>
					<Coordinate point='-1.327743 1.074772 -0.339400 -0.898644 1.190555 -0.350562 -0.883142 1.137393 0.000000 -1.298055 1.007280 0.000000'/>
				</IndexedFaceSet>
			</Shape>
			<Shape DEF='_IDX_872'>
				<Appearance USE='Material_364_IDX_364'/>
				<IndexedFaceSet solid="false" coordIndex='0 1 2 3 -1'>
					<Coordinate point='-1.375084 1.173630 -0.681536 -0.925247 1.277646 -0.703952 -0.898644 1.190555 -0.350562 -1.327743 1.074772 -0.339400'/>
				</IndexedFaceSet>
			</Shape>
			<Shape DEF='_IDX_873'>
				<Appearance USE='Material_365_IDX_365'/>
				<IndexedFaceSet solid="false" coordIndex='0 1 2 3 -1'>
					<Coordinate point='-1.438314 1.306915 -1.029169 -0.960649 1.401209 -1.063019 -0.925247 1.277646 -0.703952 -1.375084 1.173630 -0.681536'/>
				</IndexedFaceSet>
			</Shape>
			<Shape DEF='_IDX_874'>
				<Appearance USE='Material_366_IDX_366'/>
				<IndexedFaceSet solid="false" coordIndex='0 1 2 3 -1'>
					<Coordinate point='-1.516036 1.478482 -1.385103 -1.002745 1.564651 -1.430659 -0.960649 1.401209 -1.063019 -1.438314 1.306915 -1.029169'/>
				</IndexedFaceSet>
			</Shape>
			<Shape DEF='_IDX_875'>
				<Appearance USE='Material_367_IDX_367'/>
				<IndexedFaceSet solid="false" coordIndex='0 1 2 3 -1'>
					<Coordinate point='-1.607167 1.693068 -1.752206 -1.049571 1.772314 -1.809837 -1.002745 1.564651 -1.430659 -1.516036 1.478482 -1.385103'/>
				</IndexedFaceSet>
			</Shape>
			<Shape DEF='_IDX_876'>
				<Appearance USE='Material_368_IDX_368'/>
				<IndexedFaceSet solid="false" coordIndex='0 1 2 3 -1'>
					<Coordinate point='-1.710903 1.956394 -2.133441 -1.099240 2.029579 -2.203610 -1.049571 1.772314 -1.809837 -1.607167 1.693068 -1.752206'/>
				</IndexedFaceSet>
			</Shape>
			<Shape DEF='_IDX_877'>
				<Appearance USE='Material_369_IDX_369'/>
				<IndexedFaceSet solid="false" coordIndex='0 1 2 3 -1'>
					<Coordinate point='-1.826680 2.275302 -2.531882 -1.149897 2.342982 -2.615156 -1.099240 2.029579 -2.203610 -1.710903 1.956394 -2.133441'/>
				</IndexedFaceSet>
			</Shape>
			<Shape DEF='_IDX_878'>
				<Appearance USE='Material_370_IDX_370'/>
				<IndexedFaceSet solid="false" coordIndex='0 1 2 3 -1'>
					<Coordinate point='-1.954153 2.657910 -2.950741 -1.199663 2.720370 -3.047792 -1.149897 2.342982 -2.615156 -1.826680 2.275302 -2.531882'/>
				</IndexedFaceSet>
			</Shape>
			<Shape DEF='_IDX_879'>
				<Appearance USE='Material_371_IDX_371'/>
				<IndexedFaceSet solid="false" coordIndex='0 1 2 3 -1'>
					<Coordinate point='-1.954153 2.657910 -2.950741 -1.199663 2.720370 -3.047792 -1.199663 2.720370 -3.047792 -1.954153 2.657910 -2.950741'/>
				</IndexedFaceSet>
			</Shape>
			<Shape DEF='_IDX_880'>
				<Appearance USE='Material_372_IDX_372'/>
				<IndexedFaceSet solid="false" coordIndex='0 1 2 3 -1'>
					<Coordinate point='-2.150892 3.315089 -3.574362 -1.263780 3.370297 -3.691924 -1.199663 2.720370 -3.047792 -1.954153 2.657910 -2.950741'/>
				</IndexedFaceSet>
			</Shape>
			<Shape DEF='_IDX_881'>
				<Appearance USE='Material_373_IDX_373'/>
				<IndexedFaceSet solid="false" coordIndex='0 1 2 3 -1'>
					<Coordinate point='-2.370287 4.146036 -4.253905 -1.316692 4.193456 -4.393817 -1.263780 3.370297 -3.691924 -2.150892 3.315089 -3.574362'/>
				</IndexedFaceSet>
			</Shape>
			<Shape DEF='_IDX_882'>
				<Appearance USE='Material_374_IDX_374'/>
				<IndexedFaceSet solid="false" coordIndex='0 1 2 3 -1'>
					<Coordinate point='-2.613258 5.189910 -5.000002 -1.351994 5.228415 -5.164454 -1.316692 4.193456 -4.393817 -2.370287 4.146036 -4.253905'/>
				</IndexedFaceSet>
			</Shape>
			<Shape DEF='_IDX_883'>
				<Appearance USE='Material_375_IDX_375'/>
				<IndexedFaceSet solid="false" coordIndex='0 1 2 3 -1'>
					<Coordinate point='-2.881433 6.495294 -5.824326 -1.362250 6.523148 -6.015890 -1.351994 5.228415 -5.164454 -2.613258 5.189910 -5.000002'/>
				</IndexedFaceSet>
			</Shape>
			<Shape DEF='_IDX_884'>
				<Appearance USE='Material_376_IDX_376'/>
				<IndexedFaceSet solid="false" coordIndex='0 1 2 3 -1'>
					<Coordinate point='-0.898644 1.190555 -0.350562 -0.452293 1.253610 -0.357317 -0.446989 1.217478 0.000000 -0.883142 1.137393 0.000000'/>
				</IndexedFaceSet>
			</Shape>
			<Shape DEF='_IDX_885'>
				<Appearance USE='Material_377_IDX_377'/>
				<IndexedFaceSet solid="false" coordIndex='0 1 2 3 -1'>
					<Coordinate point='-0.925247 1.277646 -0.703952 -0.461733 1.324977 -0.717516 -0.452293 1.253610 -0.357317 -0.898644 1.190555 -0.350562'/>
				</IndexedFaceSet>
			</Shape>
			<Shape DEF='_IDX_886'>
				<Appearance USE='Material_378_IDX_378'/>
				<IndexedFaceSet solid="false" coordIndex='0 1 2 3 -1'>
					<Coordinate point='-0.960649 1.401209 -1.063019 -0.472572 1.433523 -1.083501 -0.461733 1.324977 -0.717516 -0.925247 1.277646 -0.703952'/>
				</IndexedFaceSet>
			</Shape>
			<Shape DEF='_IDX_887'>
				<Appearance USE='Material_379_IDX_379'/>
				<IndexedFaceSet solid="false" coordIndex='0 1 2 3 -1'>
					<Coordinate point='-1.002745 1.564651 -1.430659 -0.482095 1.582088 -1.458224 -0.472572 1.433523 -1.083501 -0.960649 1.401209 -1.063019'/>
				</IndexedFaceSet>
			</Shape>
			<Shape DEF='_IDX_888'>
				<Appearance USE='Material_380_IDX_380'/>
				<IndexedFaceSet solid="false" coordIndex='0 1 2 3 -1'>
					<Coordinate point='-1.049571 1.772314 -1.809837 -0.487541 1.774468 -1.844708 -0.482095 1.582088 -1.458224 -1.002745 1.564651 -1.430659'/>
				</IndexedFaceSet>
			</Shape>
			<Shape DEF='_IDX_889'>
				<Appearance USE='Material_381_IDX_381'/>
				<IndexedFaceSet solid="false" coordIndex='0 1 2 3 -1'>
					<Coordinate point='-1.099240 2.029579 -2.203610 -0.486027 2.015508 -2.246068 -0.487541 1.774468 -1.844708 -1.049571 1.772314 -1.809837'/>
				</IndexedFaceSet>
			</Shape>
			<Shape DEF='_IDX_890'>
				<Appearance USE='Material_382_IDX_382'/>
				<IndexedFaceSet solid="false" coordIndex='0 1 2 3 -1'>
					<Coordinate point='-1.149897 2.342982 -2.615156 -0.474482 2.311210 -2.665543 -0.486027 2.015508 -2.246068 -1.099240 2.029579 -2.203610'/>
				</IndexedFaceSet>
			</Shape>
			<Shape DEF='_IDX_891'>
				<Appearance USE='Material_383_IDX_383'/>
				<IndexedFaceSet solid="false" coordIndex='0 1 2 3 -1'>
					<Coordinate point='-1.199663 2.720370 -3.047792 -0.449569 2.668870 -3.106514 -0.474482 2.311210 -2.665543 -1.149897 2.342982 -2.615156'/>
				</IndexedFaceSet>
			</Shape>
			<Shape DEF='_IDX_892'>
				<Appearance USE='Material_384_IDX_384'/>
				<IndexedFaceSet solid="false" coordIndex='0 1 2 3 -1'>
					<Coordinate point='-1.199663 2.720370 -3.047792 -0.449569 2.668870 -3.106514 -0.449569 2.668870 -3.106514 -1.199663 2.720370 -3.047792'/>
				</IndexedFaceSet>
			</Shape>
			<Shape DEF='_IDX_893'>
				<Appearance USE='Material_385_IDX_385'/>
				<IndexedFaceSet solid="false" coordIndex='0 1 2 3 -1'>
					<Coordinate point='-1.263780 3.370297 -3.691924 -0.385609 3.286869 -3.763057 -0.449569 2.668870 -3.106514 -1.199663 2.720370 -3.047792'/>
				</IndexedFaceSet>
			</Shape>
			<Shape DEF='_IDX_894'>
				<Appearance USE='Material_386_IDX_386'/>
				<IndexedFaceSet solid="false" coordIndex='0 1 2 3 -1'>
					<Coordinate point='-1.316692 4.193456 -4.393817 -0.277162 4.071365 -4.478475 -0.385609 3.286869 -3.763057 -1.263780 3.370297 -3.691924'/>
				</IndexedFaceSet>
			</Shape>
			<Shape DEF='_IDX_895'>
				<Appearance USE='Material_387_IDX_387'/>
				<IndexedFaceSet solid="false" coordIndex='0 1 2 3 -1'>
					<Coordinate point='-1.351994 5.228415 -5.164454 -0.110742 5.059006 -5.263959 -0.277162 4.071365 -4.478475 -1.316692 4.193456 -4.393817'/>
				</IndexedFaceSet>
			</Shape>
			<Shape DEF='_IDX_896'>
				<Appearance USE='Material_388_IDX_388'/>
				<IndexedFaceSet solid="false" coordIndex='0 1 2 3 -1'>
					<Coordinate point='-1.362250 6.523148 -6.015890 0.129865 6.295503 -6.131800 -0.110742 5.059006 -5.263959 -1.351994 5.228415 -5.164454'/>
				</IndexedFaceSet>
			</Shape>
			<Shape DEF='_IDX_897'>
				<Appearance USE='Material_389_IDX_389'/>
				<IndexedFaceSet solid="false" coordIndex='0 1 2 3 -1'>
					<Coordinate point='-0.452293 1.253610 -0.357317 0.000485 1.261911 -0.359578 -0.000009 1.244513 0.000000 -0.446989 1.217478 0.000000'/>
				</IndexedFaceSet>
			</Shape>
			<Shape DEF='_IDX_898'>
				<Appearance USE='Material_390_IDX_390'/>
				<IndexedFaceSet solid="false" coordIndex='0 1 2 3 -1'>
					<Coordinate point='-0.461733 1.324977 -0.717516 0.003958 1.314529 -0.722056 0.000485 1.261911 -0.359578 -0.452293 1.253610 -0.357317'/>
				</IndexedFaceSet>
			</Shape>
			<Shape DEF='_IDX_899'>
				<Appearance USE='Material_391_IDX_391'/>
				<IndexedFaceSet solid="false" coordIndex='0 1 2 3 -1'>
					<Coordinate point='-0.472572 1.433523 -1.083501 0.013468 1.403646 -1.090357 0.003958 1.314529 -0.722056 -0.461733 1.324977 -0.717516'/>
				</IndexedFaceSet>
			</Shape>
			<Shape DEF='_IDX_900'>
				<Appearance USE='Material_392_IDX_392'/>
				<IndexedFaceSet solid="false" coordIndex='0 1 2 3 -1'>
					<Coordinate point='-0.482095 1.582088 -1.458224 0.032226 1.531432 -1.467451 0.013468 1.403646 -1.090357 -0.472572 1.433523 -1.083501'/>
				</IndexedFaceSet>
			</Shape>
			<Shape DEF='_IDX_901'>
				<Appearance USE='Material_393_IDX_393'/>
				<IndexedFaceSet solid="false" coordIndex='0 1 2 3 -1'>
					<Coordinate point='-0.487541 1.774468 -1.844708 0.063682 1.701001 -1.856380 0.032226 1.531432 -1.467451 -0.482095 1.582088 -1.458224'/>
				</IndexedFaceSet>
			</Shape>
			<Shape DEF='_IDX_902'>
				<Appearance USE='Material_394_IDX_394'/>
				<IndexedFaceSet solid="false" coordIndex='0 1 2 3 -1'>
					<Coordinate point='-0.486027 2.015508 -2.246068 0.111604 1.916487 -2.260280 0.063682 1.701001 -1.856380 -0.487541 1.774468 -1.844708'/>
				</IndexedFaceSet>
			</Shape>
			<Shape DEF='_IDX_903'>
				<Appearance USE='Material_395_IDX_395'/>
				<IndexedFaceSet solid="false" coordIndex='0 1 2 3 -1'>
					<Coordinate point='-0.474482 2.311210 -2.665543 0.180165 2.183142 -2.682409 0.111604 1.916487 -2.260280 -0.486027 2.015508 -2.246068'/>
				</IndexedFaceSet>
			</Shape>
			<Shape DEF='_IDX_904'>
				<Appearance USE='Material_396_IDX_396'/>
				<IndexedFaceSet solid="false" coordIndex='0 1 2 3 -1'>
					<Coordinate point='-0.449569 2.668870 -3.106514 0.274038 2.507458 -3.126171 0.180165 2.183142 -2.682409 -0.474482 2.311210 -2.665543'/>
				</IndexedFaceSet>
			</Shape>
			<Shape DEF='_IDX_905'>
				<Appearance USE='Material_397_IDX_397'/>
				<IndexedFaceSet solid="false" coordIndex='0 1 2 3 -1'>
					<Coordinate point='-0.449569 2.668870 -3.106514 0.274038 2.507458 -3.126171 0.274038 2.507458 -3.126171 -0.449569 2.668870 -3.106514'/>
				</IndexedFaceSet>
			</Shape>
			<Shape DEF='_IDX_906'>
				<Appearance USE='Material_398_IDX_398'/>
				<IndexedFaceSet solid="false" coordIndex='0 1 2 3 -1'>
					<Coordinate point='-0.385609 3.286869 -3.763057 0.456977 3.070199 -3.786868 0.274038 2.507458 -3.126171 -0.449569 2.668870 -3.106514'/>
				</IndexedFaceSet>
			</Shape>
			<Shape DEF='_IDX_907'>
				<Appearance USE='Material_399_IDX_399'/>
				<IndexedFaceSet solid="false" coordIndex='0 1 2 3 -1'>
					<Coordinate point='-0.277162 4.071365 -4.478475 0.715986 3.786697 -4.506813 0.456977 3.070199 -3.786868 -0.385609 3.286869 -3.763057'/>
				</IndexedFaceSet>
			</Shape>
			<Shape DEF='_IDX_908'>
				<Appearance USE='Material_400_IDX_400'/>
				<IndexedFaceSet solid="false" coordIndex='0 1 2 3 -1'>
					<Coordinate point='-0.110742 5.059006 -5.263959 1.071155 4.690423 -5.297267 0.715986 3.786697 -4.506813 -0.277162 4.071365 -4.478475'/>
				</IndexedFaceSet>
			</Shape>
			<Shape DEF='_IDX_909'>
				<Appearance USE='Material_401_IDX_401'/>
				<IndexedFaceSet solid="false" coordIndex='0 1 2 3 -1'>
					<Coordinate point='0.129865 6.295503 -6.131800 1.546887 5.823270 -6.170599 1.071155 4.690423 -5.297267 -0.110742 5.059006 -5.263959'/>
				</IndexedFaceSet>
			</Shape>
			<Shape DEF='_IDX_910'>
				<Appearance USE='Material_389_IDX_389'/>
				<IndexedFaceSet solid="false" coordIndex='0 1 2 3 -1'>
					<Coordinate point='0.000485 1.261911 -0.359578 0.448636 1.215484 -0.357317 0.446971 1.217478 0.000000 -0.000009 1.244513 0.000000'/>
				</IndexedFaceSet>
			</Shape>
			<Shape DEF='_IDX_911'>
				<Appearance USE='Material_390_IDX_390'/>
				<IndexedFaceSet solid="false" coordIndex='0 1 2 3 -1'>
					<Coordinate point='0.003958 1.314529 -0.722056 0.460273 1.247363 -0.717516 0.448636 1.215484 -0.357317 0.000485 1.261911 -0.359578'/>
				</IndexedFaceSet>
			</Shape>
			<Shape DEF='_IDX_912'>
				<Appearance USE='Material_391_IDX_391'/>
				<IndexedFaceSet solid="false" coordIndex='0 1 2 3 -1'>
					<Coordinate point='0.013468 1.403646 -1.090357 0.485138 1.313679 -1.083501 0.460273 1.247363 -0.717516 0.003958 1.314529 -0.722056'/>
				</IndexedFaceSet>
			</Shape>
			<Shape DEF='_IDX_913'>
				<Appearance USE='Material_392_IDX_392'/>
				<IndexedFaceSet solid="false" coordIndex='0 1 2 3 -1'>
					<Coordinate point='0.032226 1.531432 -1.467451 0.526819 1.415849 -1.458224 0.485138 1.313679 -1.083501 0.013468 1.403646 -1.090357'/>
				</IndexedFaceSet>
			</Shape>
			<Shape DEF='_IDX_914'>
				<Appearance USE='Material_402_IDX_402'/>
				<IndexedFaceSet solid="false" coordIndex='0 1 2 3 -1'>
					<Coordinate point='0.063682 1.701001 -1.856380 0.589321 1.556183 -1.844708 0.526819 1.415849 -1.458224 0.032226 1.531432 -1.467451'/>
				</IndexedFaceSet>
			</Shape>
			<Shape DEF='_IDX_915'>
				<Appearance USE='Material_394_IDX_394'/>
				<IndexedFaceSet solid="false" coordIndex='0 1 2 3 -1'>
					<Coordinate point='0.111604 1.916487 -2.260280 0.677163 1.737952 -2.246068 0.589321 1.556183 -1.844708 0.063682 1.701001 -1.856380'/>
				</IndexedFaceSet>
			</Shape>
			<Shape DEF='_IDX_916'>
				<Appearance USE='Material_403_IDX_403'/>
				<IndexedFaceSet solid="false" coordIndex='0 1 2 3 -1'>
					<Coordinate point='0.180165 2.183142 -2.682409 0.795473 1.965467 -2.665543 0.677163 1.737952 -2.246068 0.111604 1.916487 -2.260280'/>
				</IndexedFaceSet>
			</Shape>
			<Shape DEF='_IDX_917'>
				<Appearance USE='Material_396_IDX_396'/>
				<IndexedFaceSet solid="false" coordIndex='0 1 2 3 -1'>
					<Coordinate point='0.274038 2.507458 -3.126171 0.950102 2.244188 -3.106514 0.795473 1.965467 -2.665543 0.180165 2.183142 -2.682409'/>
				</IndexedFaceSet>
			</Shape>
			<Shape DEF='_IDX_918'>
				<Appearance USE='Material_397_IDX_397'/>
				<IndexedFaceSet solid="false" coordIndex='0 1 2 3 -1'>
					<Coordinate point='0.274038 2.507458 -3.126171 0.950102 2.244188 -3.106514 0.950102 2.244188 -3.106514 0.274038 2.507458 -3.126171'/>
				</IndexedFaceSet>
			</Shape>
			<Shape DEF='_IDX_919'>
				<Appearance USE='Material_398_IDX_398'/>
				<IndexedFaceSet solid="false" coordIndex='0 1 2 3 -1'>
					<Coordinate point='0.456977 3.070199 -3.786868 1.238686 2.730494 -3.763057 0.950102 2.244188 -3.106514 0.274038 2.507458 -3.126171'/>
				</IndexedFaceSet>
			</Shape>
			<Shape DEF='_IDX_920'>
				<Appearance USE='Material_399_IDX_399'/>
				<IndexedFaceSet solid="false" coordIndex='0 1 2 3 -1'>
					<Coordinate point='0.715986 3.786697 -4.506813 1.632179 3.352198 -4.478475 1.238686 2.730494 -3.763057 0.456977 3.070199 -3.786868'/>
				</IndexedFaceSet>
			</Shape>
			<Shape DEF='_IDX_921'>
				<Appearance USE='Material_400_IDX_400'/>
				<IndexedFaceSet solid="false" coordIndex='0 1 2 3 -1'>
					<Coordinate point='1.071155 4.690423 -5.297267 2.156567 4.138469 -5.263959 1.632179 3.352198 -4.478475 0.715986 3.786697 -4.506813'/>
				</IndexedFaceSet>
			</Shape>
			<Shape DEF='_IDX_922'>
				<Appearance USE='Material_404_IDX_404'/>
				<IndexedFaceSet solid="false" coordIndex='0 1 2 3 -1'>
					<Coordinate point='1.546887 5.823270 -6.170599 2.843576 5.125972 -6.131800 2.156567 4.138469 -5.263959 1.071155 4.690423 -5.297267'/>
				</IndexedFaceSet>
			</Shape>
			<Shape DEF='_IDX_923'>
				<Appearance USE='Material_376_IDX_376'/>
				<IndexedFaceSet solid="false" coordIndex='0 1 2 3 -1'>
					<Coordinate point='0.448636 1.215484 -0.357317 0.881292 1.116423 -0.350562 0.883124 1.137393 0.000000 0.446971 1.217478 0.000000'/>
				</IndexedFaceSet>
			</Shape>
			<Shape DEF='_IDX_924'>
				<Appearance USE='Material_377_IDX_377'/>
				<IndexedFaceSet solid="false" coordIndex='0 1 2 3 -1'>
					<Coordinate point='0.460273 1.247363 -0.717516 0.896036 1.126690 -0.703952 0.881292 1.116423 -0.350562 0.448636 1.215484 -0.357317'/>
				</IndexedFaceSet>
			</Shape>
			<Shape DEF='_IDX_925'>
				<Appearance USE='Material_405_IDX_405'/>
				<IndexedFaceSet solid="false" coordIndex='0 1 2 3 -1'>
					<Coordinate point='0.485138 1.313679 -1.083501 0.930683 1.168007 -1.063019 0.896036 1.126690 -0.703952 0.460273 1.247363 -0.717516'/>
				</IndexedFaceSet>
			</Shape>
			<Shape DEF='_IDX_926'>
				<Appearance USE='Material_379_IDX_379'/>
				<IndexedFaceSet solid="false" coordIndex='0 1 2 3 -1'>
					<Coordinate point='0.526819 1.415849 -1.458224 0.989058 1.240971 -1.430659 0.930683 1.168007 -1.063019 0.485138 1.313679 -1.083501'/>
				</IndexedFaceSet>
			</Shape>
			<Shape DEF='_IDX_927'>
				<Appearance USE='Material_380_IDX_380'/>
				<IndexedFaceSet solid="false" coordIndex='0 1 2 3 -1'>
					<Coordinate point='0.589321 1.556183 -1.844708 1.075582 1.346990 -1.809837 0.989058 1.240971 -1.430659 0.526819 1.415849 -1.458224'/>
				</IndexedFaceSet>
			</Shape>
			<Shape DEF='_IDX_928'>
				<Appearance USE='Material_381_IDX_381'/>
				<IndexedFaceSet solid="false" coordIndex='0 1 2 3 -1'>
					<Coordinate point='0.677163 1.737952 -2.246068 1.195369 1.488340 -2.203610 1.075582 1.346990 -1.809837 0.589321 1.556183 -1.844708'/>
				</IndexedFaceSet>
			</Shape>
			<Shape DEF='_IDX_929'>
				<Appearance USE='Material_382_IDX_382'/>
				<IndexedFaceSet solid="false" coordIndex='0 1 2 3 -1'>
					<Coordinate point='0.795473 1.965467 -2.665543 1.354332 1.668232 -2.615156 1.195369 1.488340 -2.203610 0.677163 1.737952 -2.246068'/>
				</IndexedFaceSet>
			</Shape>
			<Shape DEF='_IDX_930'>
				<Appearance USE='Material_383_IDX_383'/>
				<IndexedFaceSet solid="false" coordIndex='0 1 2 3 -1'>
					<Coordinate point='0.950102 2.244188 -3.106514 1.559306 1.890894 -3.047792 1.354332 1.668232 -2.615156 0.795473 1.965467 -2.665543'/>
				</IndexedFaceSet>
			</Shape>
			<Shape DEF='_IDX_931'>
				<Appearance USE='Material_384_IDX_384'/>
				<IndexedFaceSet solid="false" coordIndex='0 1 2 3 -1'>
					<Coordinate point='0.950102 2.244188 -3.106514 1.559306 1.890894 -3.047792 1.559306 1.890894 -3.047792 0.950102 2.244188 -3.106514'/>
				</IndexedFaceSet>
			</Shape>
			<Shape DEF='_IDX_932'>
				<Appearance USE='Material_385_IDX_385'/>
				<IndexedFaceSet solid="false" coordIndex='0 1 2 3 -1'>
					<Coordinate point='1.238686 2.730494 -3.763057 1.936429 2.282460 -3.691924 1.559306 1.890894 -3.047792 0.950102 2.244188 -3.106514'/>
				</IndexedFaceSet>
			</Shape>
			<Shape DEF='_IDX_933'>
				<Appearance USE='Material_386_IDX_386'/>
				<IndexedFaceSet solid="false" coordIndex='0 1 2 3 -1'>
					<Coordinate point='1.632179 3.352198 -4.478475 2.443602 2.786015 -4.393817 1.936429 2.282460 -3.691924 1.238686 2.730494 -3.763057'/>
				</IndexedFaceSet>
			</Shape>
			<Shape DEF='_IDX_934'>
				<Appearance USE='Material_387_IDX_387'/>
				<IndexedFaceSet solid="false" coordIndex='0 1 2 3 -1'>
					<Coordinate point='2.156567 4.138469 -5.263959 3.111817 3.425469 -5.164454 2.443602 2.786015 -4.393817 1.632179 3.352198 -4.478475'/>
				</IndexedFaceSet>
			</Shape>
			<Shape DEF='_IDX_935'>
				<Appearance USE='Material_388_IDX_388'/>
				<IndexedFaceSet solid="false" coordIndex='0 1 2 3 -1'>
					<Coordinate point='2.843576 5.125972 -6.131800 3.979002 4.231062 -6.015890 3.111817 3.425469 -5.164454 2.156567 4.138469 -5.263959'/>
				</IndexedFaceSet>
			</Shape>
			<Shape DEF='_IDX_936'>
				<Appearance USE='Material_363_IDX_363'/>
				<IndexedFaceSet solid="false" coordIndex='0 1 2 3 -1'>
					<Coordinate point='0.881292 1.116423 -0.350562 1.288193 0.968825 -0.339400 1.298037 1.007280 0.000000 0.883124 1.137393 0.000000'/>
				</IndexedFaceSet>
			</Shape>
			<Shape DEF='_IDX_937'>
				<Appearance USE='Material_364_IDX_364'/>
				<IndexedFaceSet solid="false" coordIndex='0 1 2 3 -1'>
					<Coordinate point='0.896036 1.126690 -0.703952 1.300880 0.957776 -0.681536 1.288193 0.968825 -0.339400 0.881292 1.116423 -0.350562'/>
				</IndexedFaceSet>
			</Shape>
			<Shape DEF='_IDX_938'>
				<Appearance USE='Material_365_IDX_365'/>
				<IndexedFaceSet solid="false" coordIndex='0 1 2 3 -1'>
					<Coordinate point='0.930683 1.168007 -1.063019 1.339360 0.973175 -1.029169 1.300880 0.957776 -0.681536 0.896036 1.126690 -0.703952'/>
				</IndexedFaceSet>
			</Shape>
			<Shape DEF='_IDX_939'>
				<Appearance USE='Material_406_IDX_406'/>
				<IndexedFaceSet solid="false" coordIndex='0 1 2 3 -1'>
					<Coordinate point='0.989058 1.240971 -1.430659 1.407557 1.014746 -1.385103 1.339360 0.973175 -1.029169 0.930683 1.168007 -1.063019'/>
				</IndexedFaceSet>
			</Shape>
			<Shape DEF='_IDX_940'>
				<Appearance USE='Material_407_IDX_407'/>
				<IndexedFaceSet solid="false" coordIndex='0 1 2 3 -1'>
					<Coordinate point='1.075582 1.346990 -1.809837 1.510153 1.082918 -1.752206 1.407557 1.014746 -1.385103 0.989058 1.240971 -1.430659'/>
				</IndexedFaceSet>
			</Shape>
			<Shape DEF='_IDX_941'>
				<Appearance USE='Material_368_IDX_368'/>
				<IndexedFaceSet solid="false" coordIndex='0 1 2 3 -1'>
					<Coordinate point='1.195369 1.488340 -2.203610 1.652688 1.178865 -2.133441 1.510153 1.082918 -1.752206 1.075582 1.346990 -1.809837'/>
				</IndexedFaceSet>
			</Shape>
			<Shape DEF='_IDX_942'>
				<Appearance USE='Material_369_IDX_369'/>
				<IndexedFaceSet solid="false" coordIndex='0 1 2 3 -1'>
					<Coordinate point='1.354332 1.668232 -2.615156 1.841674 1.304562 -2.531882 1.652688 1.178865 -2.133441 1.195369 1.488340 -2.203610'/>
				</IndexedFaceSet>
			</Shape>
			<Shape DEF='_IDX_943'>
				<Appearance USE='Material_370_IDX_370'/>
				<IndexedFaceSet solid="false" coordIndex='0 1 2 3 -1'>
					<Coordinate point='1.559306 1.890894 -3.047792 2.084716 1.462851 -2.950741 1.841674 1.304562 -2.531882 1.354332 1.668232 -2.615156'/>
				</IndexedFaceSet>
			</Shape>
			<Shape DEF='_IDX_944'>
				<Appearance USE='Material_408_IDX_408'/>
				<IndexedFaceSet solid="false" coordIndex='0 1 2 3 -1'>
					<Coordinate point='1.559306 1.890894 -3.047792 2.084716 1.462851 -2.950741 2.084716 1.462851 -2.950741 1.559306 1.890894 -3.047792'/>
				</IndexedFaceSet>
			</Shape>
			<Shape DEF='_IDX_945'>
				<Appearance USE='Material_372_IDX_372'/>
				<IndexedFaceSet solid="false" coordIndex='0 1 2 3 -1'>
					<Coordinate point='1.936429 2.282460 -3.691924 2.530069 1.744849 -3.574362 2.084716 1.462851 -2.950741 1.559306 1.890894 -3.047792'/>
				</IndexedFaceSet>
			</Shape>
			<Shape DEF='_IDX_946'>
				<Appearance USE='Material_409_IDX_409'/>
				<IndexedFaceSet solid="false" coordIndex='0 1 2 3 -1'>
					<Coordinate point='2.443602 2.786015 -4.393817 3.126113 2.111100 -4.253905 2.530069 1.744849 -3.574362 1.936429 2.282460 -3.691924'/>
				</IndexedFaceSet>
			</Shape>
			<Shape DEF='_IDX_947'>
				<Appearance USE='Material_374_IDX_374'/>
				<IndexedFaceSet solid="false" coordIndex='0 1 2 3 -1'>
					<Coordinate point='3.111817 3.425469 -5.164454 3.907793 2.579520 -5.000002 3.126113 2.111100 -4.253905 2.443602 2.786015 -4.393817'/>
				</IndexedFaceSet>
			</Shape>
			<Shape DEF='_IDX_948'>
				<Appearance USE='Material_375_IDX_375'/>
				<IndexedFaceSet solid="false" coordIndex='0 1 2 3 -1'>
					<Coordinate point='3.979002 4.231062 -6.015890 4.917916 3.172974 -5.824326 3.907793 2.579520 -5.000002 3.111817 3.425469 -5.164454'/>
				</IndexedFaceSet>
			</Shape>
			<Shape DEF='_IDX_949'>
				<Appearance USE='Material_350_IDX_350'/>
				<IndexedFaceSet solid="false" coordIndex='0 1 2 3 -1'>
					<Coordinate point='1.288193 0.968825 -0.339400 1.660093 0.778645 -0.323968 1.682119 0.832039 -0.000000 1.298037 1.007280 0.000000'/>
				</IndexedFaceSet>
			</Shape>
			<Shape DEF='_IDX_950'>
				<Appearance USE='Material_351_IDX_351'/>
				<IndexedFaceSet solid="false" coordIndex='0 1 2 3 -1'>
					<Coordinate point='1.300880 0.957776 -0.681536 1.665655 0.747775 -0.650550 1.660093 0.778645 -0.323968 1.288193 0.968825 -0.339400'/>
				</IndexedFaceSet>
			</Shape>
			<Shape DEF='_IDX_951'>
				<Appearance USE='Material_352_IDX_352'/>
				<IndexedFaceSet solid="false" coordIndex='0 1 2 3 -1'>
					<Coordinate point='1.339360 0.973175 -1.029169 1.701870 0.737695 -0.982377 1.665655 0.747775 -0.650550 1.300880 0.957776 -0.681536'/>
				</IndexedFaceSet>
			</Shape>
			<Shape DEF='_IDX_952'>
				<Appearance USE='Material_353_IDX_353'/>
				<IndexedFaceSet solid="false" coordIndex='0 1 2 3 -1'>
					<Coordinate point='1.407557 1.014746 -1.385103 1.772611 0.747219 -1.322128 1.701870 0.737695 -0.982377 1.339360 0.973175 -1.029169'/>
				</IndexedFaceSet>
			</Shape>
			<Shape DEF='_IDX_953'>
				<Appearance USE='Material_410_IDX_410'/>
				<IndexedFaceSet solid="false" coordIndex='0 1 2 3 -1'>
					<Coordinate point='1.510153 1.082918 -1.752206 1.882661 0.775729 -1.672541 1.772611 0.747219 -1.322128 1.407557 1.014746 -1.385103'/>
				</IndexedFaceSet>
			</Shape>
			<Shape DEF='_IDX_954'>
				<Appearance USE='Material_355_IDX_355'/>
				<IndexedFaceSet solid="false" coordIndex='0 1 2 3 -1'>
					<Coordinate point='1.652688 1.178865 -2.133441 2.037815 0.823209 -2.036442 1.882661 0.775729 -1.672541 1.510153 1.082918 -1.752206'/>
				</IndexedFaceSet>
			</Shape>
			<Shape DEF='_IDX_955'>
				<Appearance USE='Material_356_IDX_356'/>
				<IndexedFaceSet solid="false" coordIndex='0 1 2 3 -1'>
					<Coordinate point='1.841674 1.304562 -2.531882 2.244990 0.890296 -2.416767 2.037815 0.823209 -2.036442 1.652688 1.178865 -2.133441'/>
				</IndexedFaceSet>
			</Shape>
			<Shape DEF='_IDX_956'>
				<Appearance USE='Material_411_IDX_411'/>
				<IndexedFaceSet solid="false" coordIndex='0 1 2 3 -1'>
					<Coordinate point='2.084716 1.462851 -2.950741 2.512344 0.978329 -2.816583 2.244990 0.890296 -2.416767 1.841674 1.304562 -2.531882'/>
				</IndexedFaceSet>
			</Shape>
			<Shape DEF='_IDX_957'>
				<Appearance USE='Material_358_IDX_358'/>
				<IndexedFaceSet solid="false" coordIndex='0 1 2 3 -1'>
					<Coordinate point='2.084716 1.462851 -2.950741 2.512344 0.978329 -2.816583 2.512344 0.978329 -2.816583 2.084716 1.462851 -2.950741'/>
				</IndexedFaceSet>
			</Shape>
			<Shape DEF='_IDX_958'>
				<Appearance USE='Material_412_IDX_412'/>
				<IndexedFaceSet solid="false" coordIndex='0 1 2 3 -1'>
					<Coordinate point='2.530069 1.744849 -3.574362 3.003071 1.139882 -3.411850 2.512344 0.978329 -2.816583 2.084716 1.462851 -2.950741'/>
				</IndexedFaceSet>
			</Shape>
			<Shape DEF='_IDX_959'>
				<Appearance USE='Material_413_IDX_413'/>
				<IndexedFaceSet solid="false" coordIndex='0 1 2 3 -1'>
					<Coordinate point='3.126113 2.111100 -4.253905 3.660005 1.354468 -4.060498 3.003071 1.139882 -3.411850 2.530069 1.744849 -3.574362'/>
				</IndexedFaceSet>
			</Shape>
			<Shape DEF='_IDX_960'>
				<Appearance USE='Material_361_IDX_361'/>
				<IndexedFaceSet solid="false" coordIndex='0 1 2 3 -1'>
					<Coordinate point='3.907793 2.579520 -5.000002 4.520886 1.633523 -4.772673 3.660005 1.354468 -4.060498 3.126113 2.111100 -4.253905'/>
				</IndexedFaceSet>
			</Shape>
			<Shape DEF='_IDX_961'>
				<Appearance USE='Material_414_IDX_414'/>
				<IndexedFaceSet solid="false" coordIndex='0 1 2 3 -1'>
					<Coordinate point='4.917916 3.172974 -5.824326 5.631903 1.991911 -5.559518 4.520886 1.633523 -4.772673 3.907793 2.579520 -5.000002'/>
				</IndexedFaceSet>
			</Shape>
			<Shape DEF='_IDX_962'>
				<Appearance USE='Material_337_IDX_337'/>
				<IndexedFaceSet solid="false" coordIndex='0 1 2 3 -1'>
					<Coordinate point='1.660093 0.778645 -0.323968 1.989137 0.553465 -0.304463 2.026979 0.618239 0.000000 1.682119 0.832039 -0.000000'/>
				</IndexedFaceSet>
			</Shape>
			<Shape DEF='_IDX_963'>
				<Appearance USE='Material_338_IDX_338'/>
				<IndexedFaceSet solid="false" coordIndex='0 1 2 3 -1'>
					<Coordinate point='1.665655 0.747775 -0.650550 1.982821 0.505481 -0.611382 1.989137 0.553465 -0.304463 1.660093 0.778645 -0.323968'/>
				</IndexedFaceSet>
			</Shape>
			<Shape DEF='_IDX_964'>
				<Appearance USE='Material_339_IDX_339'/>
				<IndexedFaceSet solid="false" coordIndex='0 1 2 3 -1'>
					<Coordinate point='1.701870 0.737695 -0.982377 2.010753 0.471781 -0.923231 1.982821 0.505481 -0.611382 1.665655 0.747775 -0.650550'/>
				</IndexedFaceSet>
			</Shape>
			<Shape DEF='_IDX_965'>
				<Appearance USE='Material_340_IDX_340'/>
				<IndexedFaceSet solid="false" coordIndex='0 1 2 3 -1'>
					<Coordinate point='1.772611 0.747219 -1.322128 2.076603 0.450237 -1.242526 2.010753 0.471781 -0.923231 1.701870 0.737695 -0.982377'/>
				</IndexedFaceSet>
			</Shape>
			<Shape DEF='_IDX_966'>
				<Appearance USE='Material_341_IDX_341'/>
				<IndexedFaceSet solid="false" coordIndex='0 1 2 3 -1'>
					<Coordinate point='1.882661 0.775729 -1.672541 2.185091 0.439125 -1.571842 2.076603 0.450237 -1.242526 1.772611 0.747219 -1.322128'/>
				</IndexedFaceSet>
			</Shape>
			<Shape DEF='_IDX_967'>
				<Appearance USE='Material_342_IDX_342'/>
				<IndexedFaceSet solid="false" coordIndex='0 1 2 3 -1'>
					<Coordinate point='2.037815 0.823209 -2.036442 2.342096 0.437162 -1.913834 2.185091 0.439125 -1.571842 1.882661 0.775729 -1.672541'/>
				</IndexedFaceSet>
			</Shape>
			<Shape DEF='_IDX_968'>
				<Appearance USE='Material_343_IDX_343'/>
				<IndexedFaceSet solid="false" coordIndex='0 1 2 3 -1'>
					<Coordinate point='2.244990 0.890296 -2.416767 2.554762 0.443563 -2.271261 2.342096 0.437162 -1.913834 2.037815 0.823209 -2.036442'/>
				</IndexedFaceSet>
			</Shape>
			<Shape DEF='_IDX_969'>
				<Appearance USE='Material_344_IDX_344'/>
				<IndexedFaceSet solid="false" coordIndex='0 1 2 3 -1'>
					<Coordinate point='2.512344 0.978329 -2.816583 2.831591 0.458086 -2.647005 2.554762 0.443563 -2.271261 2.244990 0.890296 -2.416767'/>
				</IndexedFaceSet>
			</Shape>
			<Shape DEF='_IDX_970'>
				<Appearance USE='Material_415_IDX_415'/>
				<IndexedFaceSet solid="false" coordIndex='0 1 2 3 -1'>
					<Coordinate point='2.512344 0.978329 -2.816583 2.831591 0.458086 -2.647005 2.831591 0.458086 -2.647005 2.512344 0.978329 -2.816583'/>
				</IndexedFaceSet>
			</Shape>
			<Shape DEF='_IDX_971'>
				<Appearance USE='Material_416_IDX_416'/>
				<IndexedFaceSet solid="false" coordIndex='0 1 2 3 -1'>
					<Coordinate point='3.003071 1.139882 -3.411850 3.342992 0.492573 -3.206433 2.831591 0.458086 -2.647005 2.512344 0.978329 -2.816583'/>
				</IndexedFaceSet>
			</Shape>
			<Shape DEF='_IDX_972'>
				<Appearance USE='Material_347_IDX_347'/>
				<IndexedFaceSet solid="false" coordIndex='0 1 2 3 -1'>
					<Coordinate point='3.660005 1.354468 -4.060498 4.030595 0.546305 -3.816027 3.342992 0.492573 -3.206433 3.003071 1.139882 -3.411850'/>
				</IndexedFaceSet>
			</Shape>
			<Shape DEF='_IDX_973'>
				<Appearance USE='Material_348_IDX_348'/>
				<IndexedFaceSet solid="false" coordIndex='0 1 2 3 -1'>
					<Coordinate point='4.520886 1.633523 -4.772673 4.933710 0.624064 -4.485324 4.030595 0.546305 -3.816027 3.660005 1.354468 -4.060498'/>
				</IndexedFaceSet>
			</Shape>
			<Shape DEF='_IDX_974'>
				<Appearance USE='Material_349_IDX_349'/>
				<IndexedFaceSet solid="false" coordIndex='0 1 2 3 -1'>
					<Coordinate point='5.631903 1.991911 -5.559518 6.100282 0.732432 -5.224796 4.933710 0.624064 -4.485324 4.520886 1.633523 -4.772673'/>
				</IndexedFaceSet>
			</Shape>
			<Shape DEF='_IDX_975'>
				<Appearance USE='Material_324_IDX_324'/>
				<IndexedFaceSet solid="false" coordIndex='0 1 2 3 -1'>
					<Coordinate point='1.989137 0.553465 -0.304463 2.269218 0.302184 -0.281129 2.325775 0.373830 -0.000000 2.026979 0.618239 0.000000'/>
				</IndexedFaceSet>
			</Shape>
			<Shape DEF='_IDX_976'>
				<Appearance USE='Material_325_IDX_325'/>
				<IndexedFaceSet solid="false" coordIndex='0 1 2 3 -1'>
					<Coordinate point='1.982821 0.505481 -0.611382 2.246804 0.241001 -0.564526 2.269218 0.302184 -0.281129 1.989137 0.553465 -0.304463'/>
				</IndexedFaceSet>
			</Shape>
			<Shape DEF='_IDX_977'>
				<Appearance USE='Material_326_IDX_326'/>
				<IndexedFaceSet solid="false" coordIndex='0 1 2 3 -1'>
					<Coordinate point='2.010753 0.471781 -0.923231 2.260760 0.187010 -0.852475 2.246804 0.241001 -0.564526 1.982821 0.505481 -0.611382'/>
				</IndexedFaceSet>
			</Shape>
			<Shape DEF='_IDX_978'>
				<Appearance USE='Material_417_IDX_417'/>
				<IndexedFaceSet solid="false" coordIndex='0 1 2 3 -1'>
					<Coordinate point='2.076603 0.450237 -1.242526 2.314380 0.137108 -1.147299 2.260760 0.187010 -0.852475 2.010753 0.471781 -0.923231'/>
				</IndexedFaceSet>
			</Shape>
			<Shape DEF='_IDX_979'>
				<Appearance USE='Material_328_IDX_328'/>
				<IndexedFaceSet solid="false" coordIndex='0 1 2 3 -1'>
					<Coordinate point='2.185091 0.439125 -1.571842 2.412155 0.088395 -1.451376 2.314380 0.137108 -1.147299 2.076603 0.450237 -1.242526'/>
				</IndexedFaceSet>
			</Shape>
			<Shape DEF='_IDX_980'>
				<Appearance USE='Material_418_IDX_418'/>
				<IndexedFaceSet solid="false" coordIndex='0 1 2 3 -1'>
					<Coordinate point='2.342096 0.437162 -1.913834 2.559891 0.038235 -1.767158 2.412155 0.088395 -1.451376 2.185091 0.439125 -1.571842'/>
				</IndexedFaceSet>
			</Shape>
			<Shape DEF='_IDX_981'>
				<Appearance USE='Material_330_IDX_330'/>
				<IndexedFaceSet solid="false" coordIndex='0 1 2 3 -1'>
					<Coordinate point='2.554762 0.443563 -2.271261 2.764799 -0.015664 -2.097192 2.559891 0.038235 -1.767158 2.342096 0.437162 -1.913834'/>
				</IndexedFaceSet>
			</Shape>
			<Shape DEF='_IDX_982'>
				<Appearance USE='Material_331_IDX_331'/>
				<IndexedFaceSet solid="false" coordIndex='0 1 2 3 -1'>
					<Coordinate point='2.831591 0.458086 -2.647005 3.035565 -0.075174 -2.444139 2.764799 -0.015664 -2.097192 2.554762 0.443563 -2.271261'/>
				</IndexedFaceSet>
			</Shape>
			<Shape DEF='_IDX_983'>
				<Appearance USE='Material_332_IDX_332'/>
				<IndexedFaceSet solid="false" coordIndex='0 1 2 3 -1'>
					<Coordinate point='2.831591 0.458086 -2.647005 3.035565 -0.075174 -2.444139 3.035565 -0.075174 -2.444139 2.831591 0.458086 -2.647005'/>
				</IndexedFaceSet>
			</Shape>
			<Shape DEF='_IDX_984'>
				<Appearance USE='Material_333_IDX_333'/>
				<IndexedFaceSet solid="false" coordIndex='0 1 2 3 -1'>
					<Coordinate point='3.342992 0.492573 -3.206433 3.541801 -0.169993 -2.960693 3.035565 -0.075174 -2.444139 2.831591 0.458086 -2.647005'/>
				</IndexedFaceSet>
			</Shape>
			<Shape DEF='_IDX_985'>
				<Appearance USE='Material_334_IDX_334'/>
				<IndexedFaceSet solid="false" coordIndex='0 1 2 3 -1'>
					<Coordinate point='4.030595 0.546305 -3.816027 4.228584 -0.280998 -3.523568 3.541801 -0.169993 -2.960693 3.342992 0.492573 -3.206433'/>
				</IndexedFaceSet>
			</Shape>
			<Shape DEF='_IDX_986'>
				<Appearance USE='Material_335_IDX_335'/>
				<IndexedFaceSet solid="false" coordIndex='0 1 2 3 -1'>
					<Coordinate point='4.933710 0.624064 -4.485324 5.135565 -0.409861 -4.141571 4.228584 -0.280998 -3.523568 4.030595 0.546305 -3.816027'/>
				</IndexedFaceSet>
			</Shape>
			<Shape DEF='_IDX_987'>
				<Appearance USE='Material_336_IDX_336'/>
				<IndexedFaceSet solid="false" coordIndex='0 1 2 3 -1'>
					<Coordinate point='6.100282 0.732432 -5.224796 6.310726 -0.558138 -4.824369 5.135565 -0.409861 -4.141571 4.933710 0.624064 -4.485324'/>
				</IndexedFaceSet>
			</Shape>
			<Shape DEF='_IDX_988'>
				<Appearance USE='Material_311_IDX_311'/>
				<IndexedFaceSet solid="false" coordIndex='0 1 2 3 -1'>
					<Coordinate point='2.269218 0.302184 -0.281129 2.496282 0.034617 -0.254260 2.573505 0.107756 -0.000000 2.325775 0.373830 -0.000000'/>
				</IndexedFaceSet>
			</Shape>
			<Shape DEF='_IDX_989'>
				<Appearance USE='Material_312_IDX_312'/>
				<IndexedFaceSet solid="false" coordIndex='0 1 2 3 -1'>
					<Coordinate point='2.246804 0.241001 -0.564526 2.454336 -0.034655 -0.510570 2.496282 0.034617 -0.254260 2.269218 0.302184 -0.281129'/>
				</IndexedFaceSet>
			</Shape>
			<Shape DEF='_IDX_990'>
				<Appearance USE='Material_313_IDX_313'/>
				<IndexedFaceSet solid="false" coordIndex='0 1 2 3 -1'>
					<Coordinate point='2.260760 0.187010 -0.852475 2.449210 -0.104084 -0.770999 2.454336 -0.034655 -0.510570 2.246804 0.241001 -0.564526'/>
				</IndexedFaceSet>
			</Shape>
			<Shape DEF='_IDX_991'>
				<Appearance USE='Material_314_IDX_314'/>
				<IndexedFaceSet solid="false" coordIndex='0 1 2 3 -1'>
					<Coordinate point='2.314380 0.137108 -1.147299 2.483624 -0.177792 -1.037645 2.449210 -0.104084 -0.770999 2.260760 0.187010 -0.852475'/>
				</IndexedFaceSet>
			</Shape>
			<Shape DEF='_IDX_992'>
				<Appearance USE='Material_315_IDX_315'/>
				<IndexedFaceSet solid="false" coordIndex='0 1 2 3 -1'>
					<Coordinate point='2.412155 0.088395 -1.451376 2.561653 -0.259959 -1.312659 2.483624 -0.177792 -1.037645 2.314380 0.137108 -1.147299'/>
				</IndexedFaceSet>
			</Shape>
			<Shape DEF='_IDX_993'>
				<Appearance USE='Material_419_IDX_419'/>
				<IndexedFaceSet solid="false" coordIndex='0 1 2 3 -1'>
					<Coordinate point='2.559891 0.038235 -1.767158 2.688875 -0.354712 -1.598260 2.561653 -0.259959 -1.312659 2.412155 0.088395 -1.451376'/>
				</IndexedFaceSet>
			</Shape>
			<Shape DEF='_IDX_994'>
				<Appearance USE='Material_420_IDX_420'/>
				<IndexedFaceSet solid="false" coordIndex='0 1 2 3 -1'>
					<Coordinate point='2.764799 -0.015664 -2.097192 2.872472 -0.465971 -1.896750 2.688875 -0.354712 -1.598260 2.559891 0.038235 -1.767158'/>
				</IndexedFaceSet>
			</Shape>
			<Shape DEF='_IDX_995'>
				<Appearance USE='Material_318_IDX_318'/>
				<IndexedFaceSet solid="false" coordIndex='0 1 2 3 -1'>
					<Coordinate point='3.035565 -0.075174 -2.444139 3.121241 -0.597295 -2.210537 2.872472 -0.465971 -1.896750 2.764799 -0.015664 -2.097192'/>
				</IndexedFaceSet>
			</Shape>
			<Shape DEF='_IDX_996'>
				<Appearance USE='Material_319_IDX_319'/>
				<IndexedFaceSet solid="false" coordIndex='0 1 2 3 -1'>
					<Coordinate point='3.035565 -0.075174 -2.444139 3.121241 -0.597295 -2.210537 3.121241 -0.597295 -2.210537 3.035565 -0.075174 -2.444139'/>
				</IndexedFaceSet>
			</Shape>
			<Shape DEF='_IDX_997'>
				<Appearance USE='Material_320_IDX_320'/>
				<IndexedFaceSet solid="false" coordIndex='0 1 2 3 -1'>
					<Coordinate point='3.541801 -0.169993 -2.960693 3.595962 -0.819404 -2.677720 3.121241 -0.597295 -2.210537 3.035565 -0.075174 -2.444139'/>
				</IndexedFaceSet>
			</Shape>
			<Shape DEF='_IDX_998'>
				<Appearance USE='Material_421_IDX_421'/>
				<IndexedFaceSet solid="false" coordIndex='0 1 2 3 -1'>
					<Coordinate point='4.228584 -0.280998 -3.523568 4.250156 -1.093900 -3.186798 3.595962 -0.819404 -2.677720 3.541801 -0.169993 -2.960693'/>
				</IndexedFaceSet>
			</Shape>
			<Shape DEF='_IDX_999'>
				<Appearance USE='Material_422_IDX_422'/>
				<IndexedFaceSet solid="false" coordIndex='0 1 2 3 -1'>
					<Coordinate point='5.135565 -0.409861 -4.141571 5.122622 -1.428225 -3.745734 4.250156 -1.093900 -3.186798 4.228584 -0.280998 -3.523568'/>
				</IndexedFaceSet>
			</Shape>
			<Shape DEF='_IDX_1000'>
				<Appearance USE='Material_323_IDX_323'/>
				<IndexedFaceSet solid="false" coordIndex='0 1 2 3 -1'>
					<Coordinate point='6.310726 -0.558138 -4.824369 6.259555 -1.831448 -4.363273 5.122622 -1.428225 -3.745734 5.135565 -0.409861 -4.141571'/>
				</IndexedFaceSet>
			</Shape>
			<Shape DEF='_IDX_1001'>
				<Appearance USE='Material_298_IDX_298'/>
				<IndexedFaceSet solid="false" coordIndex='0 1 2 3 -1'>
					<Coordinate point='2.496282 0.034617 -0.254260 2.668582 -0.239018 -0.224193 2.767234 -0.170521 -0.000000 2.573505 0.107756 -0.000000'/>
				</IndexedFaceSet>
			</Shape>
			<Shape DEF='_IDX_1002'>
				<Appearance USE='Material_299_IDX_299'/>
				<IndexedFaceSet solid="false" coordIndex='0 1 2 3 -1'>
					<Coordinate point='2.454336 -0.034655 -0.510570 2.604749 -0.310106 -0.450194 2.668582 -0.239018 -0.224193 2.496282 0.034617 -0.254260'/>
				</IndexedFaceSet>
			</Shape>
			<Shape DEF='_IDX_1003'>
				<Appearance USE='Material_300_IDX_300'/>
				<IndexedFaceSet solid="false" coordIndex='0 1 2 3 -1'>
					<Coordinate point='2.449210 -0.104084 -0.770999 2.576347 -0.388519 -0.679826 2.604749 -0.310106 -0.450194 2.454336 -0.034655 -0.510570'/>
				</IndexedFaceSet>
			</Shape>
			<Shape DEF='_IDX_1004'>
				<Appearance USE='Material_423_IDX_423'/>
				<IndexedFaceSet solid="false" coordIndex='0 1 2 3 -1'>
					<Coordinate point='2.483624 -0.177792 -1.037645 2.585248 -0.479465 -0.914941 2.576347 -0.388519 -0.679826 2.449210 -0.104084 -0.770999'/>
				</IndexedFaceSet>
			</Shape>
			<Shape DEF='_IDX_1005'>
				<Appearance USE='Material_302_IDX_302'/>
				<IndexedFaceSet solid="false" coordIndex='0 1 2 3 -1'>
					<Coordinate point='2.561653 -0.259959 -1.312659 2.634851 -0.588582 -1.157434 2.585248 -0.479465 -0.914941 2.483624 -0.177792 -1.037645'/>
				</IndexedFaceSet>
			</Shape>
			<Shape DEF='_IDX_1006'>
				<Appearance USE='Material_303_IDX_303'/>
				<IndexedFaceSet solid="false" coordIndex='0 1 2 3 -1'>
					<Coordinate point='2.688875 -0.354712 -1.598260 2.730346 -0.721753 -1.409262 2.634851 -0.588582 -1.157434 2.561653 -0.259959 -1.312659'/>
				</IndexedFaceSet>
			</Shape>
			<Shape DEF='_IDX_1007'>
				<Appearance USE='Material_424_IDX_424'/>
				<IndexedFaceSet solid="false" coordIndex='0 1 2 3 -1'>
					<Coordinate point='2.872472 -0.465971 -1.896750 2.878865 -0.884785 -1.672455 2.730346 -0.721753 -1.409262 2.688875 -0.354712 -1.598260'/>
				</IndexedFaceSet>
			</Shape>
			<Shape DEF='_IDX_1008'>
				<Appearance USE='Material_305_IDX_305'/>
				<IndexedFaceSet solid="false" coordIndex='0 1 2 3 -1'>
					<Coordinate point='3.121241 -0.597295 -2.210537 3.089429 -1.083053 -1.949136 2.878865 -0.884785 -1.672455 2.872472 -0.465971 -1.896750'/>
				</IndexedFaceSet>
			</Shape>
			<Shape DEF='_IDX_1009'>
				<Appearance USE='Material_306_IDX_306'/>
				<IndexedFaceSet solid="false" coordIndex='0 1 2 3 -1'>
					<Coordinate point='3.121241 -0.597295 -2.210537 3.089429 -1.083053 -1.949136 3.089429 -1.083053 -1.949136 3.121241 -0.597295 -2.210537'/>
				</IndexedFaceSet>
			</Shape>
			<Shape DEF='_IDX_1010'>
				<Appearance USE='Material_307_IDX_307'/>
				<IndexedFaceSet solid="false" coordIndex='0 1 2 3 -1'>
					<Coordinate point='3.595962 -0.819404 -2.677720 3.506225 -1.426595 -2.361074 3.089429 -1.083053 -1.949136 3.121241 -0.597295 -2.210537'/>
				</IndexedFaceSet>
			</Shape>
			<Shape DEF='_IDX_1011'>
				<Appearance USE='Material_425_IDX_425'/>
				<IndexedFaceSet solid="false" coordIndex='0 1 2 3 -1'>
					<Coordinate point='4.250156 -1.093900 -3.186798 4.096748 -1.858801 -2.809952 3.506225 -1.426595 -2.361074 3.595962 -0.819404 -2.677720'/>
				</IndexedFaceSet>
			</Shape>
			<Shape DEF='_IDX_1012'>
				<Appearance USE='Material_426_IDX_426'/>
				<IndexedFaceSet solid="false" coordIndex='0 1 2 3 -1'>
					<Coordinate point='5.122622 -1.428225 -3.745734 4.897782 -2.391464 -3.302792 4.096748 -1.858801 -2.809952 4.250156 -1.093900 -3.186798'/>
				</IndexedFaceSet>
			</Shape>
			<Shape DEF='_IDX_1013'>
				<Appearance USE='Material_310_IDX_310'/>
				<IndexedFaceSet solid="false" coordIndex='0 1 2 3 -1'>
					<Coordinate point='6.259555 -1.831448 -4.363273 5.951721 -3.039957 -3.847306 4.897782 -2.391464 -3.302792 5.122622 -1.428225 -3.745734'/>
				</IndexedFaceSet>
			</Shape>
			<Shape DEF='_IDX_1014'>
				<Appearance USE='Material_285_IDX_285'/>
				<IndexedFaceSet solid="false" coordIndex='0 1 2 3 -1'>
					<Coordinate point='2.668582 -0.239018 -0.224193 2.786839 -0.508747 -0.191307 2.906200 -0.451600 -0.000000 2.767234 -0.170521 -0.000000'/>
				</IndexedFaceSet>
			</Shape>
			<Shape DEF='_IDX_1015'>
				<Appearance USE='Material_427_IDX_427'/>
				<IndexedFaceSet solid="false" coordIndex='0 1 2 3 -1'>
					<Coordinate point='2.604749 -0.310106 -0.450194 2.700235 -0.574278 -0.384157 2.786839 -0.508747 -0.191307 2.668582 -0.239018 -0.224193'/>
				</IndexedFaceSet>
			</Shape>
			<Shape DEF='_IDX_1016'>
				<Appearance USE='Material_287_IDX_287'/>
				<IndexedFaceSet solid="false" coordIndex='0 1 2 3 -1'>
					<Coordinate point='2.576347 -0.388519 -0.679826 2.645727 -0.653530 -0.580105 2.700235 -0.574278 -0.384157 2.604749 -0.310106 -0.450194'/>
				</IndexedFaceSet>
			</Shape>
			<Shape DEF='_IDX_1017'>
				<Appearance USE='Material_428_IDX_428'/>
				<IndexedFaceSet solid="false" coordIndex='0 1 2 3 -1'>
					<Coordinate point='2.585248 -0.479465 -0.914941 2.623898 -0.752847 -0.780731 2.645727 -0.653530 -0.580105 2.576347 -0.388519 -0.679826'/>
				</IndexedFaceSet>
			</Shape>
			<Shape DEF='_IDX_1018'>
				<Appearance USE='Material_429_IDX_429'/>
				<IndexedFaceSet solid="false" coordIndex='0 1 2 3 -1'>
					<Coordinate point='2.634851 -0.588582 -1.157434 2.637029 -0.879611 -0.987654 2.623898 -0.752847 -0.780731 2.585248 -0.479465 -0.914941'/>
				</IndexedFaceSet>
			</Shape>
			<Shape DEF='_IDX_1019'>
				<Appearance USE='Material_290_IDX_290'/>
				<IndexedFaceSet solid="false" coordIndex='0 1 2 3 -1'>
					<Coordinate point='2.730346 -0.721753 -1.409262 2.689638 -1.041994 -1.202542 2.637029 -0.879611 -0.987654 2.634851 -0.588582 -1.157434'/>
				</IndexedFaceSet>
			</Shape>
			<Shape DEF='_IDX_1020'>
				<Appearance USE='Material_430_IDX_430'/>
				<IndexedFaceSet solid="false" coordIndex='0 1 2 3 -1'>
					<Coordinate point='2.878865 -0.884785 -1.672455 2.788886 -1.248325 -1.427128 2.689638 -1.041994 -1.202542 2.730346 -0.721753 -1.409262'/>
				</IndexedFaceSet>
			</Shape>
			<Shape DEF='_IDX_1021'>
				<Appearance USE='Material_431_IDX_431'/>
				<IndexedFaceSet solid="false" coordIndex='0 1 2 3 -1'>
					<Coordinate point='3.089429 -1.083053 -1.949136 2.944499 -1.506187 -1.663223 2.788886 -1.248325 -1.427128 2.878865 -0.884785 -1.672455'/>
				</IndexedFaceSet>
			</Shape>
			<Shape DEF='_IDX_1022'>
				<Appearance USE='Material_293_IDX_293'/>
				<IndexedFaceSet solid="false" coordIndex='0 1 2 3 -1'>
					<Coordinate point='3.089429 -1.083053 -1.949136 2.944499 -1.506187 -1.663223 2.944499 -1.506187 -1.663223 3.089429 -1.083053 -1.949136'/>
				</IndexedFaceSet>
			</Shape>
			<Shape DEF='_IDX_1023'>
				<Appearance USE='Material_294_IDX_294'/>
				<IndexedFaceSet solid="false" coordIndex='0 1 2 3 -1'>
					<Coordinate point='3.506225 -1.426595 -2.361074 3.276974 -1.962403 -2.014735 2.944499 -1.506187 -1.663223 3.089429 -1.083053 -1.949136'/>
				</IndexedFaceSet>
			</Shape>
			<Shape DEF='_IDX_1024'>
				<Appearance USE='Material_432_IDX_432'/>
				<IndexedFaceSet solid="false" coordIndex='0 1 2 3 -1'>
					<Coordinate point='4.096748 -1.858801 -2.809952 3.774384 -2.543218 -2.397769 3.276974 -1.962403 -2.014735 3.506225 -1.426595 -2.361074'/>
				</IndexedFaceSet>
			</Shape>
			<Shape DEF='_IDX_1025'>
				<Appearance USE='Material_433_IDX_433'/>
				<IndexedFaceSet solid="false" coordIndex='0 1 2 3 -1'>
					<Coordinate point='4.897782 -2.391464 -3.302792 4.470218 -3.262118 -2.818316 3.774384 -2.543218 -2.397769 4.096748 -1.858801 -2.809952'/>
				</IndexedFaceSet>
			</Shape>
			<Shape DEF='_IDX_1026'>
				<Appearance USE='Material_434_IDX_434'/>
				<IndexedFaceSet solid="false" coordIndex='0 1 2 3 -1'>
					<Coordinate point='5.951721 -3.039957 -3.847306 5.400507 -4.138899 -3.282957 4.470218 -3.262118 -2.818316 4.897782 -2.391464 -3.302792'/>
				</IndexedFaceSet>
			</Shape>
			<Shape DEF='_IDX_1027'>
				<Appearance USE='Material_272_IDX_272'/>
				<IndexedFaceSet solid="false" coordIndex='0 1 2 3 -1'>
					<Coordinate point='2.786839 -0.508747 -0.191307 2.854233 -0.765659 -0.156015 2.991755 -0.726829 -0.000000 2.906200 -0.451600 -0.000000'/>
				</IndexedFaceSet>
			</Shape>
			<Shape DEF='_IDX_1028'>
				<Appearance USE='Material_273_IDX_273'/>
				<IndexedFaceSet solid="false" coordIndex='0 1 2 3 -1'>
					<Coordinate point='2.700235 -0.574278 -0.384157 2.745988 -0.817359 -0.313288 2.854233 -0.765659 -0.156015 2.786839 -0.508747 -0.191307'/>
				</IndexedFaceSet>
			</Shape>
			<Shape DEF='_IDX_1029'>
				<Appearance USE='Material_274_IDX_274'/>
				<IndexedFaceSet solid="false" coordIndex='0 1 2 3 -1'>
					<Coordinate point='2.645727 -0.653530 -0.580105 2.664621 -0.887564 -0.473088 2.745988 -0.817359 -0.313288 2.700235 -0.574278 -0.384157'/>
				</IndexedFaceSet>
			</Shape>
			<Shape DEF='_IDX_1030'>
				<Appearance USE='Material_435_IDX_435'/>
				<IndexedFaceSet solid="false" coordIndex='0 1 2 3 -1'>
					<Coordinate point='2.623898 -0.752847 -0.780731 2.608693 -0.983646 -0.636703 2.664621 -0.887564 -0.473088 2.645727 -0.653530 -0.580105'/>
				</IndexedFaceSet>
			</Shape>
			<Shape DEF='_IDX_1031'>
				<Appearance USE='Material_436_IDX_436'/>
				<IndexedFaceSet solid="false" coordIndex='0 1 2 3 -1'>
					<Coordinate point='2.637029 -0.879611 -0.987654 2.578451 -1.115075 -0.805453 2.608693 -0.983646 -0.636703 2.623898 -0.752847 -0.780731'/>
				</IndexedFaceSet>
			</Shape>
			<Shape DEF='_IDX_1032'>
				<Appearance USE='Material_277_IDX_277'/>
				<IndexedFaceSet solid="false" coordIndex='0 1 2 3 -1'>
					<Coordinate point='2.689638 -1.041994 -1.202542 2.576984 -1.293332 -0.980699 2.578451 -1.115075 -0.805453 2.637029 -0.879611 -0.987654'/>
				</IndexedFaceSet>
			</Shape>
			<Shape DEF='_IDX_1033'>
				<Appearance USE='Material_437_IDX_437'/>
				<IndexedFaceSet solid="false" coordIndex='0 1 2 3 -1'>
					<Coordinate point='2.788886 -1.248325 -1.427128 2.611504 -1.530841 -1.163854 2.576984 -1.293332 -0.980699 2.689638 -1.041994 -1.202542'/>
				</IndexedFaceSet>
			</Shape>
			<Shape DEF='_IDX_1034'>
				<Appearance USE='Material_438_IDX_438'/>
				<IndexedFaceSet solid="false" coordIndex='0 1 2 3 -1'>
					<Coordinate point='2.944499 -1.506187 -1.663223 2.693702 -1.838699 -1.356395 2.611504 -1.530841 -1.163854 2.788886 -1.248325 -1.427128'/>
				</IndexedFaceSet>
			</Shape>
			<Shape DEF='_IDX_1035'>
				<Appearance USE='Material_280_IDX_280'/>
				<IndexedFaceSet solid="false" coordIndex='0 1 2 3 -1'>
					<Coordinate point='2.944499 -1.506187 -1.663223 2.693702 -1.838699 -1.356395 2.693702 -1.838699 -1.356395 2.944499 -1.506187 -1.663223'/>
				</IndexedFaceSet>
			</Shape>
			<Shape DEF='_IDX_1036'>
				<Appearance USE='Material_439_IDX_439'/>
				<IndexedFaceSet solid="false" coordIndex='0 1 2 3 -1'>
					<Coordinate point='3.276974 -1.962403 -2.014735 2.914757 -2.397884 -1.643061 2.693702 -1.838699 -1.356395 2.944499 -1.506187 -1.663223'/>
				</IndexedFaceSet>
			</Shape>
			<Shape DEF='_IDX_1037'>
				<Appearance USE='Material_282_IDX_282'/>
				<IndexedFaceSet solid="false" coordIndex='0 1 2 3 -1'>
					<Coordinate point='3.774384 -2.543218 -2.397769 3.292424 -3.117215 -1.955433 2.914757 -2.397884 -1.643061 3.276974 -1.962403 -2.014735'/>
				</IndexedFaceSet>
			</Shape>
			<Shape DEF='_IDX_1038'>
				<Appearance USE='Material_440_IDX_440'/>
				<IndexedFaceSet solid="false" coordIndex='0 1 2 3 -1'>
					<Coordinate point='4.470218 -3.262118 -2.818316 3.854630 -4.006760 -2.298398 3.292424 -3.117215 -1.955433 3.774384 -2.543218 -2.397769'/>
				</IndexedFaceSet>
			</Shape>
			<Shape DEF='_IDX_1039'>
				<Appearance USE='Material_441_IDX_441'/>
				<IndexedFaceSet solid="false" coordIndex='0 1 2 3 -1'>
					<Coordinate point='5.400507 -4.138899 -3.282957 4.627051 -5.088348 -2.677323 3.854630 -4.006760 -2.298398 4.470218 -3.262118 -2.818316'/>
				</IndexedFaceSet>
			</Shape>
			<Shape DEF='_IDX_1040'>
				<Appearance USE='Material_259_IDX_259'/>
				<IndexedFaceSet solid="false" coordIndex='0 1 2 3 -1'>
					<Coordinate point='2.854233 -0.765659 -0.156015 2.876086 -1.002897 -0.118761 3.027034 -0.989034 -0.000000 2.991755 -0.726829 -0.000000'/>
				</IndexedFaceSet>
			</Shape>
			<Shape DEF='_IDX_1041'>
				<Appearance USE='Material_260_IDX_260'/>
				<IndexedFaceSet solid="false" coordIndex='0 1 2 3 -1'>
					<Coordinate point='2.745988 -0.817359 -0.313288 2.750057 -1.032118 -0.238480 2.876086 -1.002897 -0.118761 2.854233 -0.765659 -0.156015'/>
				</IndexedFaceSet>
			</Shape>
			<Shape DEF='_IDX_1042'>
				<Appearance USE='Material_261_IDX_261'/>
				<IndexedFaceSet solid="false" coordIndex='0 1 2 3 -1'>
					<Coordinate point='2.664621 -0.887564 -0.473088 2.644309 -1.081900 -0.360122 2.750057 -1.032118 -0.238480 2.745988 -0.817359 -0.313288'/>
				</IndexedFaceSet>
			</Shape>
			<Shape DEF='_IDX_1043'>
				<Appearance USE='Material_442_IDX_442'/>
				<IndexedFaceSet solid="false" coordIndex='0 1 2 3 -1'>
					<Coordinate point='2.608693 -0.983646 -0.636703 2.554298 -1.159970 -0.484668 2.644309 -1.081900 -0.360122 2.664621 -0.887564 -0.473088'/>
				</IndexedFaceSet>
			</Shape>
			<Shape DEF='_IDX_1044'>
				<Appearance USE='Material_263_IDX_263'/>
				<IndexedFaceSet solid="false" coordIndex='0 1 2 3 -1'>
					<Coordinate point='2.578451 -1.115075 -0.805453 2.476351 -1.277798 -0.613123 2.554298 -1.159970 -0.484668 2.608693 -0.983646 -0.636703'/>
				</IndexedFaceSet>
			</Shape>
			<Shape DEF='_IDX_1045'>
				<Appearance USE='Material_264_IDX_264'/>
				<IndexedFaceSet solid="false" coordIndex='0 1 2 3 -1'>
					<Coordinate point='2.576984 -1.293332 -0.980699 2.409765 -1.451697 -0.746523 2.476351 -1.277798 -0.613123 2.578451 -1.115075 -0.805453'/>
				</IndexedFaceSet>
			</Shape>
			<Shape DEF='_IDX_1046'>
				<Appearance USE='Material_265_IDX_265'/>
				<IndexedFaceSet solid="false" coordIndex='0 1 2 3 -1'>
					<Coordinate point='2.611504 -1.530841 -1.163854 2.360694 -1.702108 -0.885944 2.409765 -1.451697 -0.746523 2.576984 -1.293332 -0.980699'/>
				</IndexedFaceSet>
			</Shape>
			<Shape DEF='_IDX_1047'>
				<Appearance USE='Material_266_IDX_266'/>
				<IndexedFaceSet solid="false" coordIndex='0 1 2 3 -1'>
					<Coordinate point='2.693702 -1.838699 -1.356395 2.345632 -2.048193 -1.032509 2.360694 -1.702108 -0.885944 2.611504 -1.530841 -1.163854'/>
				</IndexedFaceSet>
			</Shape>
			<Shape DEF='_IDX_1048'>
				<Appearance USE='Material_267_IDX_267'/>
				<IndexedFaceSet solid="false" coordIndex='0 1 2 3 -1'>
					<Coordinate point='2.693702 -1.838699 -1.356395 2.345632 -2.048193 -1.032509 2.345632 -2.048193 -1.032509 2.693702 -1.838699 -1.356395'/>
				</IndexedFaceSet>
			</Shape>
			<Shape DEF='_IDX_1049'>
				<Appearance USE='Material_268_IDX_268'/>
				<IndexedFaceSet solid="false" coordIndex='0 1 2 3 -1'>
					<Coordinate point='2.914757 -2.397884 -1.643061 2.424994 -2.704462 -1.250723 2.345632 -2.048193 -1.032509 2.693702 -1.838699 -1.356395'/>
				</IndexedFaceSet>
			</Shape>
			<Shape DEF='_IDX_1050'>
				<Appearance USE='Material_269_IDX_269'/>
				<IndexedFaceSet solid="false" coordIndex='0 1 2 3 -1'>
					<Coordinate point='3.292424 -3.117215 -1.955433 2.661515 -3.555719 -1.488506 2.424994 -2.704462 -1.250723 2.914757 -2.397884 -1.643061'/>
				</IndexedFaceSet>
			</Shape>
			<Shape DEF='_IDX_1051'>
				<Appearance USE='Material_443_IDX_443'/>
				<IndexedFaceSet solid="false" coordIndex='0 1 2 3 -1'>
					<Coordinate point='3.854630 -4.006760 -2.298398 3.070519 -4.598497 -1.749576 2.661515 -3.555719 -1.488506 3.292424 -3.117215 -1.955433'/>
				</IndexedFaceSet>
			</Shape>
			<Shape DEF='_IDX_1052'>
				<Appearance USE='Material_444_IDX_444'/>
				<IndexedFaceSet solid="false" coordIndex='0 1 2 3 -1'>
					<Coordinate point='4.627051 -5.088348 -2.677323 3.659944 -5.855374 -2.038020 3.070519 -4.598497 -1.749576 3.854630 -4.006760 -2.298398'/>
				</IndexedFaceSet>
			</Shape>
			<Shape DEF='_IDX_1053'>
				<Appearance USE='Material_246_IDX_246'/>
				<IndexedFaceSet solid="false" coordIndex='0 1 2 3 -1'>
					<Coordinate point='2.876086 -1.002897 -0.118761 2.858985 -1.216672 -0.080014 3.016250 -1.233155 -0.000000 3.027034 -0.989034 -0.000000'/>
				</IndexedFaceSet>
			</Shape>
			<Shape DEF='_IDX_1054'>
				<Appearance USE='Material_247_IDX_247'/>
				<IndexedFaceSet solid="false" coordIndex='0 1 2 3 -1'>
					<Coordinate point='2.750057 -1.032118 -0.238480 2.722442 -1.215581 -0.160673 2.858985 -1.216672 -0.080014 2.876086 -1.002897 -0.118761'/>
				</IndexedFaceSet>
			</Shape>
			<Shape DEF='_IDX_1055'>
				<Appearance USE='Material_248_IDX_248'/>
				<IndexedFaceSet solid="false" coordIndex='0 1 2 3 -1'>
					<Coordinate point='2.644309 -1.081900 -0.360122 2.599625 -1.233288 -0.242627 2.722442 -1.215581 -0.160673 2.750057 -1.032118 -0.238480'/>
				</IndexedFaceSet>
			</Shape>
			<Shape DEF='_IDX_1056'>
				<Appearance USE='Material_249_IDX_249'/>
				<IndexedFaceSet solid="false" coordIndex='0 1 2 3 -1'>
					<Coordinate point='2.554298 -1.159970 -0.484668 2.481913 -1.275893 -0.326539 2.599625 -1.233288 -0.242627 2.644309 -1.081900 -0.360122'/>
				</IndexedFaceSet>
			</Shape>
			<Shape DEF='_IDX_1057'>
				<Appearance USE='Material_250_IDX_250'/>
				<IndexedFaceSet solid="false" coordIndex='0 1 2 3 -1'>
					<Coordinate point='2.476351 -1.277798 -0.613123 2.358737 -1.354633 -0.413083 2.481913 -1.275893 -0.326539 2.554298 -1.159970 -0.484668'/>
				</IndexedFaceSet>
			</Shape>
			<Shape DEF='_IDX_1058'>
				<Appearance USE='Material_251_IDX_251'/>
				<IndexedFaceSet solid="false" coordIndex='0 1 2 3 -1'>
					<Coordinate point='2.409765 -1.451697 -0.746523 2.219090 -1.490509 -0.502960 2.358737 -1.354633 -0.413083 2.476351 -1.277798 -0.613123'/>
				</IndexedFaceSet>
			</Shape>
			<Shape DEF='_IDX_1059'>
				<Appearance USE='Material_252_IDX_252'/>
				<IndexedFaceSet solid="false" coordIndex='0 1 2 3 -1'>
					<Coordinate point='2.360694 -1.702108 -0.885944 2.059861 -1.720099 -0.596892 2.219090 -1.490509 -0.502960 2.409765 -1.451697 -0.746523'/>
				</IndexedFaceSet>
			</Shape>
			<Shape DEF='_IDX_1060'>
				<Appearance USE='Material_445_IDX_445'/>
				<IndexedFaceSet solid="false" coordIndex='0 1 2 3 -1'>
					<Coordinate point='2.345632 -2.048193 -1.032509 1.905994 -2.089020 -0.695639 2.059861 -1.720099 -0.596892 2.360694 -1.702108 -0.885944'/>
				</IndexedFaceSet>
			</Shape>
			<Shape DEF='_IDX_1061'>
				<Appearance USE='Material_446_IDX_446'/>
				<IndexedFaceSet solid="false" coordIndex='0 1 2 3 -1'>
					<Coordinate point='2.345632 -2.048193 -1.032509 1.905994 -2.089020 -0.695639 1.905994 -2.089020 -0.695639 2.345632 -2.048193 -1.032509'/>
				</IndexedFaceSet>
			</Shape>
			<Shape DEF='_IDX_1062'>
				<Appearance USE='Material_447_IDX_447'/>
				<IndexedFaceSet solid="false" coordIndex='0 1 2 3 -1'>
					<Coordinate point='2.424994 -2.704462 -1.250723 1.803711 -2.855277 -0.842658 1.905994 -2.089020 -0.695639 2.345632 -2.048193 -1.032509'/>
				</IndexedFaceSet>
			</Shape>
			<Shape DEF='_IDX_1063'>
				<Appearance USE='Material_256_IDX_256'/>
				<IndexedFaceSet solid="false" coordIndex='0 1 2 3 -1'>
					<Coordinate point='2.661515 -3.555719 -1.488506 1.891207 -3.843618 -1.002860 1.803711 -2.855277 -0.842658 2.424994 -2.704462 -1.250723'/>
				</IndexedFaceSet>
			</Shape>
			<Shape DEF='_IDX_1064'>
				<Appearance USE='Material_448_IDX_448'/>
				<IndexedFaceSet solid="false" coordIndex='0 1 2 3 -1'>
					<Coordinate point='3.070519 -4.598497 -1.749576 2.142399 -5.020305 -1.178753 1.891207 -3.843618 -1.002860 2.661515 -3.555719 -1.488506'/>
				</IndexedFaceSet>
			</Shape>
			<Shape DEF='_IDX_1065'>
				<Appearance USE='Material_449_IDX_449'/>
				<IndexedFaceSet solid="false" coordIndex='0 1 2 3 -1'>
					<Coordinate point='3.659944 -5.855374 -2.038020 2.535298 -6.416002 -1.373088 2.142399 -5.020305 -1.178753 3.070519 -4.598497 -1.749576'/>
				</IndexedFaceSet>
			</Shape>
			<Shape DEF='_IDX_1066'>
				<Appearance USE='Material_233_IDX_233'/>
				<IndexedFaceSet solid="false" coordIndex='0 1 2 3 -1'>
					<Coordinate point='2.858985 -1.216672 -0.080014 2.809176 -1.406867 -0.040260 2.963627 -1.456503 0.000000 3.016250 -1.233155 -0.000000'/>
				</IndexedFaceSet>
			</Shape>
			<Shape DEF='_IDX_1067'>
				<Appearance USE='Material_234_IDX_234'/>
				<IndexedFaceSet solid="false" coordIndex='0 1 2 3 -1'>
					<Coordinate point='2.722442 -1.215581 -0.160673 2.672838 -1.370511 -0.080845 2.809176 -1.406867 -0.040260 2.858985 -1.216672 -0.080014'/>
				</IndexedFaceSet>
			</Shape>
			<Shape DEF='_IDX_1068'>
				<Appearance USE='Material_235_IDX_235'/>
				<IndexedFaceSet solid="false" coordIndex='0 1 2 3 -1'>
					<Coordinate point='2.599625 -1.233288 -0.242627 2.546243 -1.347358 -0.122081 2.672838 -1.370511 -0.080845 2.722442 -1.215581 -0.160673'/>
				</IndexedFaceSet>
			</Shape>
			<Shape DEF='_IDX_1069'>
				<Appearance USE='Material_236_IDX_236'/>
				<IndexedFaceSet solid="false" coordIndex='0 1 2 3 -1'>
					<Coordinate point='2.481913 -1.275893 -0.326539 2.417568 -1.338443 -0.164302 2.546243 -1.347358 -0.122081 2.599625 -1.233288 -0.242627'/>
				</IndexedFaceSet>
			</Shape>
			<Shape DEF='_IDX_1070'>
				<Appearance USE='Material_450_IDX_450'/>
				<IndexedFaceSet solid="false" coordIndex='0 1 2 3 -1'>
					<Coordinate point='2.358737 -1.354633 -0.413083 2.268473 -1.347790 -0.207849 2.417568 -1.338443 -0.164302 2.481913 -1.275893 -0.326539'/>
				</IndexedFaceSet>
			</Shape>
			<Shape DEF='_IDX_1071'>
				<Appearance USE='Material_238_IDX_238'/>
				<IndexedFaceSet solid="false" coordIndex='0 1 2 3 -1'>
					<Coordinate point='2.219090 -1.490509 -0.502960 2.068247 -1.388941 -0.253071 2.268473 -1.347790 -0.207849 2.358737 -1.354633 -0.413083'/>
				</IndexedFaceSet>
			</Shape>
			<Shape DEF='_IDX_1072'>
				<Appearance USE='Material_451_IDX_451'/>
				<IndexedFaceSet solid="false" coordIndex='0 1 2 3 -1'>
					<Coordinate point='2.059861 -1.720099 -0.596892 1.767791 -1.510489 -0.300335 2.068247 -1.388941 -0.253071 2.219090 -1.490509 -0.502960'/>
				</IndexedFaceSet>
			</Shape>
			<Shape DEF='_IDX_1073'>
				<Appearance USE='Material_452_IDX_452'/>
				<IndexedFaceSet solid="false" coordIndex='0 1 2 3 -1'>
					<Coordinate point='1.905994 -2.089020 -0.695639 1.359643 -1.863725 -0.350020 1.767791 -1.510489 -0.300335 2.059861 -1.720099 -0.596892'/>
				</IndexedFaceSet>
			</Shape>
			<Shape DEF='_IDX_1074'>
				<Appearance USE='Material_241_IDX_241'/>
				<IndexedFaceSet solid="false" coordIndex='0 1 2 3 -1'>
					<Coordinate point='1.905994 -2.089020 -0.695639 1.359643 -1.863725 -0.350020 1.359643 -1.863725 -0.350020 1.905994 -2.089020 -0.695639'/>
				</IndexedFaceSet>
			</Shape>
			<Shape DEF='_IDX_1075'>
				<Appearance USE='Material_242_IDX_242'/>
				<IndexedFaceSet solid="false" coordIndex='0 1 2 3 -1'>
					<Coordinate point='1.803711 -2.855277 -0.842658 1.015920 -2.840337 -0.423995 1.359643 -1.863725 -0.350020 1.905994 -2.089020 -0.695639'/>
				</IndexedFaceSet>
			</Shape>
			<Shape DEF='_IDX_1076'>
				<Appearance USE='Material_243_IDX_243'/>
				<IndexedFaceSet solid="false" coordIndex='0 1 2 3 -1'>
					<Coordinate point='1.891207 -3.843618 -1.002860 0.992129 -3.987271 -0.504603 1.015920 -2.840337 -0.423995 1.803711 -2.855277 -0.842658'/>
				</IndexedFaceSet>
			</Shape>
			<Shape DEF='_IDX_1077'>
				<Appearance USE='Material_453_IDX_453'/>
				<IndexedFaceSet solid="false" coordIndex='0 1 2 3 -1'>
					<Coordinate point='2.142399 -5.020305 -1.178753 1.102993 -5.268176 -0.593106 0.992129 -3.987271 -0.504603 1.891207 -3.843618 -1.002860'/>
				</IndexedFaceSet>
			</Shape>
			<Shape DEF='_IDX_1078'>
				<Appearance USE='Material_454_IDX_454'/>
				<IndexedFaceSet solid="false" coordIndex='0 1 2 3 -1'>
					<Coordinate point='2.535298 -6.416002 -1.373088 1.297544 -6.756104 -0.690888 1.102993 -5.268176 -0.593106 2.142399 -5.020305 -1.178753'/>
				</IndexedFaceSet>
			</Shape>
			<Shape DEF='_IDX_1079'>
				<Appearance USE='Material_220_IDX_220'/>
				<IndexedFaceSet solid="false" coordIndex='0 1 2 3 -1'>
					<Coordinate point='2.809176 -1.406867 -0.040260 2.730502 -1.576467 0.000000 2.872214 -1.658284 0.000000 2.963627 -1.456503 0.000000'/>
				</IndexedFaceSet>
			</Shape>
			<Shape DEF='_IDX_1080'>
				<Appearance USE='Material_221_IDX_221'/>
				<IndexedFaceSet solid="false" coordIndex='0 1 2 3 -1'>
					<Coordinate point='2.672838 -1.370511 -0.080845 2.606944 -1.505130 0.000000 2.730502 -1.576467 0.000000 2.809176 -1.406867 -0.040260'/>
				</IndexedFaceSet>
			</Shape>
			<Shape DEF='_IDX_1081'>
				<Appearance USE='Material_222_IDX_222'/>
				<IndexedFaceSet solid="false" coordIndex='0 1 2 3 -1'>
					<Coordinate point='2.546243 -1.347358 -0.122081 2.494106 -1.439983 -0.000000 2.606944 -1.505130 0.000000 2.672838 -1.370511 -0.080845'/>
				</IndexedFaceSet>
			</Shape>
			<Shape DEF='_IDX_1082'>
				<Appearance USE='Material_455_IDX_455'/>
				<IndexedFaceSet solid="false" coordIndex='0 1 2 3 -1'>
					<Coordinate point='2.417568 -1.338443 -0.164302 2.381269 -1.374837 0.000000 2.494106 -1.439983 -0.000000 2.546243 -1.347358 -0.122081'/>
				</IndexedFaceSet>
			</Shape>
			<Shape DEF='_IDX_1083'>
				<Appearance USE='Material_224_IDX_224'/>
				<IndexedFaceSet solid="false" coordIndex='0 1 2 3 -1'>
					<Coordinate point='2.268473 -1.347790 -0.207849 2.250885 -1.299559 0.000000 2.381269 -1.374837 0.000000 2.417568 -1.338443 -0.164302'/>
				</IndexedFaceSet>
			</Shape>
			<Shape DEF='_IDX_1084'>
				<Appearance USE='Material_225_IDX_225'/>
				<IndexedFaceSet solid="false" coordIndex='0 1 2 3 -1'>
					<Coordinate point='2.068247 -1.388941 -0.253071 2.068990 -1.194543 0.000000 2.250885 -1.299559 0.000000 2.268473 -1.347790 -0.207849'/>
				</IndexedFaceSet>
			</Shape>
			<Shape DEF='_IDX_1085'>
				<Appearance USE='Material_226_IDX_226'/>
				<IndexedFaceSet solid="false" coordIndex='0 1 2 3 -1'>
					<Coordinate point='1.767791 -1.510489 -0.300335 1.747212 -1.008764 -0.000000 2.068990 -1.194543 0.000000 2.068247 -1.388941 -0.253071'/>
				</IndexedFaceSet>
			</Shape>
			<Shape DEF='_IDX_1086'>
				<Appearance USE='Material_456_IDX_456'/>
				<IndexedFaceSet solid="false" coordIndex='0 1 2 3 -1'>
					<Coordinate point='1.359643 -1.863725 -0.350020 0.000002 -0.000027 -0.000000 1.747212 -1.008764 -0.000000 1.767791 -1.510489 -0.300335'/>
				</IndexedFaceSet>
			</Shape>
			<Shape DEF='_IDX_1087'>
				<Appearance USE='Material_228_IDX_228'/>
				<IndexedFaceSet solid="false" coordIndex='0 1 2 3 -1'>
					<Coordinate point='1.359643 -1.863725 -0.350020 0.000002 -0.000027 -0.000000 0.000002 -0.000027 -0.000000 1.359643 -1.863725 -0.350020'/>
				</IndexedFaceSet>
			</Shape>
			<Shape DEF='_IDX_1088'>
				<Appearance USE='Material_457_IDX_457'/>
				<IndexedFaceSet solid="false" coordIndex='0 1 2 3 -1'>
					<Coordinate point='1.015920 -2.840337 -0.423995 -0.000009 -2.769437 -0.000000 0.000002 -0.000027 -0.000000 1.359643 -1.863725 -0.350020'/>
				</IndexedFaceSet>
			</Shape>
			<Shape DEF='_IDX_1089'>
				<Appearance USE='Material_458_IDX_458'/>
				<IndexedFaceSet solid="false" coordIndex='0 1 2 3 -1'>
					<Coordinate point='0.992129 -3.987271 -0.504603 -0.000009 -4.024982 -0.000000 -0.000009 -2.769437 -0.000000 1.015920 -2.840337 -0.423995'/>
				</IndexedFaceSet>
			</Shape>
			<Shape DEF='_IDX_1090'>
				<Appearance USE='Material_231_IDX_231'/>
				<IndexedFaceSet solid="false" coordIndex='0 1 2 3 -1'>
					<Coordinate point='1.102993 -5.268176 -0.593106 -0.000009 -5.348997 0.000000 -0.000009 -4.024982 -0.000000 0.992129 -3.987271 -0.504603'/>
				</IndexedFaceSet>
			</Shape>
			<Shape DEF='_IDX_1091'>
				<Appearance USE='Material_232_IDX_232'/>
				<IndexedFaceSet solid="false" coordIndex='0 1 2 3 -1'>
					<Coordinate point='1.297544 -6.756104 -0.690888 -0.000009 -6.869874 0.000000 -0.000009 -5.348997 0.000000 1.102993 -5.268176 -0.593106'/>
				</IndexedFaceSet>
			</Shape>
			<Shape DEF='_IDX_1092'>
				<Appearance USE='Material_232_IDX_232'/>
				<IndexedFaceSet solid="false" coordIndex='0 1 2 3 -1'>
					<Coordinate point='-0.000000 9.468711 0.000000 1.173419 9.355393 -0.593106 1.435009 10.953707 -0.690888 0.000000 11.091305 0.000000'/>
				</IndexedFaceSet>
			</Shape>
			<Shape DEF='_IDX_1093'>
				<Appearance USE='Material_231_IDX_231'/>
				<IndexedFaceSet solid="false" coordIndex='0 1 2 3 -1'>
					<Coordinate point='-0.000000 8.129131 -0.000000 0.961180 8.035491 -0.504603 1.173419 9.355393 -0.593106 -0.000000 9.468711 0.000000'/>
				</IndexedFaceSet>
			</Shape>
			<Shape DEF='_IDX_1094'>
				<Appearance USE='Material_230_IDX_230'/>
				<IndexedFaceSet solid="false" coordIndex='0 1 2 3 -1'>
					<Coordinate point='0.000000 7.023395 -0.000000 0.789110 6.945699 -0.423995 0.961180 8.035491 -0.504603 -0.000000 8.129131 -0.000000'/>
				</IndexedFaceSet>
			</Shape>
			<Shape DEF='_IDX_1095'>
				<Appearance USE='Material_229_IDX_229'/>
				<IndexedFaceSet solid="false" coordIndex='0 1 2 3 -1'>
					<Coordinate point='-0.000000 6.111654 -0.000000 0.649705 6.046887 -0.350020 0.789110 6.945699 -0.423995 0.000000 7.023395 -0.000000'/>
				</IndexedFaceSet>
			</Shape>
			<Shape DEF='_IDX_1096'>
				<Appearance USE='Material_228_IDX_228'/>
				<IndexedFaceSet solid="false" coordIndex='0 1 2 3 -1'>
					<Coordinate point='-0.000000 6.111654 -0.000000 0.649705 6.046887 -0.350020 0.649705 6.046887 -0.350020 -0.000000 6.111654 -0.000000'/>
				</IndexedFaceSet>
			</Shape>
			<Shape DEF='_IDX_1097'>
				<Appearance USE='Material_227_IDX_227'/>
				<IndexedFaceSet solid="false" coordIndex='0 1 2 3 -1'>
					<Coordinate point='-0.000000 5.558225 -0.000000 0.566248 5.501223 -0.300335 0.649705 6.046887 -0.350020 -0.000000 6.111654 -0.000000'/>
				</IndexedFaceSet>
			</Shape>
			<Shape DEF='_IDX_1098'>
				<Appearance USE='Material_226_IDX_226'/>
				<IndexedFaceSet solid="false" coordIndex='0 1 2 3 -1'>
					<Coordinate point='0.000000 5.078068 0.000000 0.494490 5.027783 -0.253071 0.566248 5.501223 -0.300335 -0.000000 5.558225 -0.000000'/>
				</IndexedFaceSet>
			</Shape>
			<Shape DEF='_IDX_1099'>
				<Appearance USE='Material_225_IDX_225'/>
				<IndexedFaceSet solid="false" coordIndex='0 1 2 3 -1'>
					<Coordinate point='0.000000 4.662533 0.000000 0.432701 4.618097 -0.207849 0.494490 5.027783 -0.253071 0.000000 5.078068 0.000000'/>
				</IndexedFaceSet>
			</Shape>
			<Shape DEF='_IDX_1100'>
				<Appearance USE='Material_224_IDX_224'/>
				<IndexedFaceSet solid="false" coordIndex='0 1 2 3 -1'>
					<Coordinate point='-0.000000 4.304084 0.000000 0.379314 4.264802 -0.164302 0.432701 4.618097 -0.207849 0.000000 4.662533 0.000000'/>
				</IndexedFaceSet>
			</Shape>
			<Shape DEF='_IDX_1101'>
				<Appearance USE='Material_223_IDX_223'/>
				<IndexedFaceSet solid="false" coordIndex='0 1 2 3 -1'>
					<Coordinate point='0.000000 3.996075 -0.000000 0.332865 3.961426 -0.122081 0.379314 4.264802 -0.164302 -0.000000 4.304084 0.000000'/>
				</IndexedFaceSet>
			</Shape>
			<Shape DEF='_IDX_1102'>
				<Appearance USE='Material_222_IDX_222'/>
				<IndexedFaceSet solid="false" coordIndex='0 1 2 3 -1'>
					<Coordinate point='0.000000 3.732518 -0.000000 0.291925 3.702176 -0.080845 0.332865 3.961426 -0.122081 0.000000 3.996075 -0.000000'/>
				</IndexedFaceSet>
			</Shape>
			<Shape DEF='_IDX_1103'>
				<Appearance USE='Material_221_IDX_221'/>
				<IndexedFaceSet solid="false" coordIndex='0 1 2 3 -1'>
					<Coordinate point='-0.000000 3.507840 -0.000000 0.255009 3.481704 -0.040260 0.291925 3.702176 -0.080845 0.000000 3.732518 -0.000000'/>
				</IndexedFaceSet>
			</Shape>
			<Shape DEF='_IDX_1104'>
				<Appearance USE='Material_220_IDX_220'/>
				<IndexedFaceSet solid="false" coordIndex='0 1 2 3 -1'>
					<Coordinate point='0.000000 3.316568 0.000000 0.220454 3.294843 0.000000 0.255009 3.481704 -0.040260 -0.000000 3.507840 -0.000000'/>
				</IndexedFaceSet>
			</Shape>
			<Shape DEF='_IDX_1105'>
				<Appearance USE='Material_245_IDX_245'/>
				<IndexedFaceSet solid="false" coordIndex='0 1 2 3 -1'>
					<Coordinate point='1.173419 9.355393 -0.593106 2.307328 9.019126 -1.178753 2.821480 10.545449 -1.373088 1.435009 10.953707 -0.690888'/>
				</IndexedFaceSet>
			</Shape>
			<Shape DEF='_IDX_1106'>
				<Appearance USE='Material_244_IDX_244'/>
				<IndexedFaceSet solid="false" coordIndex='0 1 2 3 -1'>
					<Coordinate point='0.961180 8.035491 -0.504603 1.890201 7.757560 -1.002860 2.307328 9.019126 -1.178753 1.173419 9.355393 -0.593106'/>
				</IndexedFaceSet>
			</Shape>
			<Shape DEF='_IDX_1107'>
				<Appearance USE='Material_243_IDX_243'/>
				<IndexedFaceSet solid="false" coordIndex='0 1 2 3 -1'>
					<Coordinate point='0.789110 6.945699 -0.423995 1.552061 6.715028 -0.842658 1.890201 7.757560 -1.002860 0.961180 8.035491 -0.504603'/>
				</IndexedFaceSet>
			</Shape>
			<Shape DEF='_IDX_1108'>
				<Appearance USE='Material_242_IDX_242'/>
				<IndexedFaceSet solid="false" coordIndex='0 1 2 3 -1'>
					<Coordinate point='0.649705 6.046887 -0.350020 1.278186 5.854522 -0.695639 1.552061 6.715028 -0.842658 0.789110 6.945699 -0.423995'/>
				</IndexedFaceSet>
			</Shape>
			<Shape DEF='_IDX_1109'>
				<Appearance USE='Material_241_IDX_241'/>
				<IndexedFaceSet solid="false" coordIndex='0 1 2 3 -1'>
					<Coordinate point='0.649705 6.046887 -0.350020 1.278186 5.854522 -0.695639 1.278186 5.854522 -0.695639 0.649705 6.046887 -0.350020'/>
				</IndexedFaceSet>
			</Shape>
			<Shape DEF='_IDX_1110'>
				<Appearance USE='Material_240_IDX_240'/>
				<IndexedFaceSet solid="false" coordIndex='0 1 2 3 -1'>
					<Coordinate point='0.566248 5.501223 -0.300335 1.114296 5.331850 -0.596892 1.278186 5.854522 -0.695639 0.649705 6.046887 -0.350020'/>
				</IndexedFaceSet>
			</Shape>
			<Shape DEF='_IDX_1111'>
				<Appearance USE='Material_239_IDX_239'/>
				<IndexedFaceSet solid="false" coordIndex='0 1 2 3 -1'>
					<Coordinate point='0.494490 5.027783 -0.253071 0.973463 4.878281 -0.502960 1.114296 5.331850 -0.596892 0.566248 5.501223 -0.300335'/>
				</IndexedFaceSet>
			</Shape>
			<Shape DEF='_IDX_1112'>
				<Appearance USE='Material_238_IDX_238'/>
				<IndexedFaceSet solid="false" coordIndex='0 1 2 3 -1'>
					<Coordinate point='0.432701 4.618097 -0.207849 0.852314 4.485875 -0.413083 0.973463 4.878281 -0.502960 0.494490 5.027783 -0.253071'/>
				</IndexedFaceSet>
			</Shape>
			<Shape DEF='_IDX_1113'>
				<Appearance USE='Material_237_IDX_237'/>
				<IndexedFaceSet solid="false" coordIndex='0 1 2 3 -1'>
					<Coordinate point='0.379314 4.264802 -0.164302 0.747804 4.147771 -0.326539 0.852314 4.485875 -0.413083 0.432701 4.618097 -0.207849'/>
				</IndexedFaceSet>
			</Shape>
			<Shape DEF='_IDX_1114'>
				<Appearance USE='Material_236_IDX_236'/>
				<IndexedFaceSet solid="false" coordIndex='0 1 2 3 -1'>
					<Coordinate point='0.332865 3.961426 -0.122081 0.657110 3.858004 -0.242627 0.747804 4.147771 -0.326539 0.379314 4.264802 -0.164302'/>
				</IndexedFaceSet>
			</Shape>
			<Shape DEF='_IDX_1115'>
				<Appearance USE='Material_235_IDX_235'/>
				<IndexedFaceSet solid="false" coordIndex='0 1 2 3 -1'>
					<Coordinate point='0.291925 3.702176 -0.080845 0.577506 3.611325 -0.160673 0.657110 3.858004 -0.242627 0.332865 3.961426 -0.122081'/>
				</IndexedFaceSet>
			</Shape>
			<Shape DEF='_IDX_1116'>
				<Appearance USE='Material_234_IDX_234'/>
				<IndexedFaceSet solid="false" coordIndex='0 1 2 3 -1'>
					<Coordinate point='0.255009 3.481704 -0.040260 0.506213 3.403022 -0.080014 0.577506 3.611325 -0.160673 0.291925 3.702176 -0.080845'/>
				</IndexedFaceSet>
			</Shape>
			<Shape DEF='_IDX_1117'>
				<Appearance USE='Material_233_IDX_233'/>
				<IndexedFaceSet solid="false" coordIndex='0 1 2 3 -1'>
					<Coordinate point='0.220454 3.294843 0.000000 0.440190 3.228743 -0.000000 0.506213 3.403022 -0.080014 0.255009 3.481704 -0.040260'/>
				</IndexedFaceSet>
			</Shape>
			<Shape DEF='_IDX_1118'>
				<Appearance USE='Material_258_IDX_258'/>
				<IndexedFaceSet solid="false" coordIndex='0 1 2 3 -1'>
					<Coordinate point='2.307328 9.019126 -1.178753 3.363564 8.470840 -1.749576 4.112538 9.879983 -2.038020 2.821480 10.545449 -1.373088'/>
				</IndexedFaceSet>
			</Shape>
			<Shape DEF='_IDX_1119'>
				<Appearance USE='Material_257_IDX_257'/>
				<IndexedFaceSet solid="false" coordIndex='0 1 2 3 -1'>
					<Coordinate point='1.890201 7.757560 -1.002860 2.755982 7.304209 -1.488506 3.363564 8.470840 -1.749576 2.307328 9.019126 -1.178753'/>
				</IndexedFaceSet>
			</Shape>
			<Shape DEF='_IDX_1120'>
				<Appearance USE='Material_256_IDX_256'/>
				<IndexedFaceSet solid="false" coordIndex='0 1 2 3 -1'>
					<Coordinate point='1.552061 6.715028 -0.842658 2.263553 6.338552 -1.250723 2.755982 7.304209 -1.488506 1.890201 7.757560 -1.002860'/>
				</IndexedFaceSet>
			</Shape>
			<Shape DEF='_IDX_1121'>
				<Appearance USE='Material_255_IDX_255'/>
				<IndexedFaceSet solid="false" coordIndex='0 1 2 3 -1'>
					<Coordinate point='1.278186 5.854522 -0.695639 1.864880 5.540309 -1.032509 2.263553 6.338552 -1.250723 1.552061 6.715028 -0.842658'/>
				</IndexedFaceSet>
			</Shape>
			<Shape DEF='_IDX_1122'>
				<Appearance USE='Material_254_IDX_254'/>
				<IndexedFaceSet solid="false" coordIndex='0 1 2 3 -1'>
					<Coordinate point='1.278186 5.854522 -0.695639 1.864880 5.540309 -1.032509 1.864880 5.540309 -1.032509 1.278186 5.854522 -0.695639'/>
				</IndexedFaceSet>
			</Shape>
			<Shape DEF='_IDX_1123'>
				<Appearance USE='Material_253_IDX_253'/>
				<IndexedFaceSet solid="false" coordIndex='0 1 2 3 -1'>
					<Coordinate point='1.114296 5.331850 -0.596892 1.626471 5.054965 -0.885944 1.864880 5.540309 -1.032509 1.278186 5.854522 -0.695639'/>
				</IndexedFaceSet>
			</Shape>
			<Shape DEF='_IDX_1124'>
				<Appearance USE='Material_252_IDX_252'/>
				<IndexedFaceSet solid="false" coordIndex='0 1 2 3 -1'>
					<Coordinate point='0.973463 4.878281 -0.502960 1.421801 4.633603 -0.746523 1.626471 5.054965 -0.885944 1.114296 5.331850 -0.596892'/>
				</IndexedFaceSet>
			</Shape>
			<Shape DEF='_IDX_1125'>
				<Appearance USE='Material_251_IDX_251'/>
				<IndexedFaceSet solid="false" coordIndex='0 1 2 3 -1'>
					<Coordinate point='0.852314 4.485875 -0.413083 1.246011 4.269128 -0.613123 1.421801 4.633603 -0.746523 0.973463 4.878281 -0.502960'/>
				</IndexedFaceSet>
			</Shape>
			<Shape DEF='_IDX_1126'>
				<Appearance USE='Material_250_IDX_250'/>
				<IndexedFaceSet solid="false" coordIndex='0 1 2 3 -1'>
					<Coordinate point='0.747804 4.147771 -0.326539 1.094747 3.955475 -0.484668 1.246011 4.269128 -0.613123 0.852314 4.485875 -0.413083'/>
				</IndexedFaceSet>
			</Shape>
			<Shape DEF='_IDX_1127'>
				<Appearance USE='Material_249_IDX_249'/>
				<IndexedFaceSet solid="false" coordIndex='0 1 2 3 -1'>
					<Coordinate point='0.657110 3.858004 -0.242627 0.964015 3.687460 -0.360122 1.094747 3.955475 -0.484668 0.747804 4.147771 -0.326539'/>
				</IndexedFaceSet>
			</Shape>
			<Shape DEF='_IDX_1128'>
				<Appearance USE='Material_248_IDX_248'/>
				<IndexedFaceSet solid="false" coordIndex='0 1 2 3 -1'>
					<Coordinate point='0.577506 3.611325 -0.160673 0.850025 3.460651 -0.238480 0.964015 3.687460 -0.360122 0.657110 3.858004 -0.242627'/>
				</IndexedFaceSet>
			</Shape>
			<Shape DEF='_IDX_1129'>
				<Appearance USE='Material_247_IDX_247'/>
				<IndexedFaceSet solid="false" coordIndex='0 1 2 3 -1'>
					<Coordinate point='0.506213 3.403022 -0.080014 0.749009 3.271251 -0.118761 0.850025 3.460651 -0.238480 0.577506 3.611325 -0.160673'/>
				</IndexedFaceSet>
			</Shape>
			<Shape DEF='_IDX_1130'>
				<Appearance USE='Material_246_IDX_246'/>
				<IndexedFaceSet solid="false" coordIndex='0 1 2 3 -1'>
					<Coordinate point='0.440190 3.228743 -0.000000 0.656998 3.116020 -0.000000 0.749009 3.271251 -0.118761 0.506213 3.403022 -0.080014'/>
				</IndexedFaceSet>
			</Shape>
			<Shape DEF='_IDX_1131'>
				<Appearance USE='Material_271_IDX_271'/>
				<IndexedFaceSet solid="false" coordIndex='0 1 2 3 -1'>
					<Coordinate point='3.363564 8.470840 -1.749576 4.306609 7.728347 -2.298398 5.264586 8.979218 -2.677323 4.112538 9.879983 -2.038020'/>
				</IndexedFaceSet>
			</Shape>
			<Shape DEF='_IDX_1132'>
				<Appearance USE='Material_270_IDX_270'/>
				<IndexedFaceSet solid="false" coordIndex='0 1 2 3 -1'>
					<Coordinate point='2.755982 7.304209 -1.488506 3.529570 6.689898 -1.955433 4.306609 7.728347 -2.298398 3.363564 8.470840 -1.749576'/>
				</IndexedFaceSet>
			</Shape>
			<Shape DEF='_IDX_1133'>
				<Appearance USE='Material_269_IDX_269'/>
				<IndexedFaceSet solid="false" coordIndex='0 1 2 3 -1'>
					<Coordinate point='2.263553 6.338552 -1.250723 2.899971 5.827975 -1.643061 3.529570 6.689898 -1.955433 2.755982 7.304209 -1.488506'/>
				</IndexedFaceSet>
			</Shape>
			<Shape DEF='_IDX_1134'>
				<Appearance USE='Material_268_IDX_268'/>
				<IndexedFaceSet solid="false" coordIndex='0 1 2 3 -1'>
					<Coordinate point='1.864880 5.540309 -1.032509 2.390532 5.113656 -1.356395 2.899971 5.827975 -1.643061 2.263553 6.338552 -1.250723'/>
				</IndexedFaceSet>
			</Shape>
			<Shape DEF='_IDX_1135'>
				<Appearance USE='Material_267_IDX_267'/>
				<IndexedFaceSet solid="false" coordIndex='0 1 2 3 -1'>
					<Coordinate point='1.864880 5.540309 -1.032509 2.390532 5.113656 -1.356395 2.390532 5.113656 -1.356395 1.864880 5.540309 -1.032509'/>
				</IndexedFaceSet>
			</Shape>
			<Shape DEF='_IDX_1136'>
				<Appearance USE='Material_266_IDX_266'/>
				<IndexedFaceSet solid="false" coordIndex='0 1 2 3 -1'>
					<Coordinate point='1.626471 5.054965 -0.885944 2.086160 4.678536 -1.163854 2.390532 5.113656 -1.356395 1.864880 5.540309 -1.032509'/>
				</IndexedFaceSet>
			</Shape>
			<Shape DEF='_IDX_1137'>
				<Appearance USE='Material_265_IDX_265'/>
				<IndexedFaceSet solid="false" coordIndex='0 1 2 3 -1'>
					<Coordinate point='1.421801 4.633603 -0.746523 1.825198 4.300409 -0.980699 2.086160 4.678536 -1.163854 1.626471 5.054965 -0.885944'/>
				</IndexedFaceSet>
			</Shape>
			<Shape DEF='_IDX_1138'>
				<Appearance USE='Material_264_IDX_264'/>
				<IndexedFaceSet solid="false" coordIndex='0 1 2 3 -1'>
					<Coordinate point='1.246011 4.269128 -0.613123 1.601521 3.973289 -0.805453 1.825198 4.300409 -0.980699 1.421801 4.633603 -0.746523'/>
				</IndexedFaceSet>
			</Shape>
			<Shape DEF='_IDX_1139'>
				<Appearance USE='Material_263_IDX_263'/>
				<IndexedFaceSet solid="false" coordIndex='0 1 2 3 -1'>
					<Coordinate point='1.094747 3.955475 -0.484668 1.409688 3.692141 -0.636703 1.601521 3.973289 -0.805453 1.246011 4.269128 -0.613123'/>
				</IndexedFaceSet>
			</Shape>
			<Shape DEF='_IDX_1140'>
				<Appearance USE='Material_262_IDX_262'/>
				<IndexedFaceSet solid="false" coordIndex='0 1 2 3 -1'>
					<Coordinate point='0.964015 3.687460 -0.360122 1.244778 3.452766 -0.473088 1.409688 3.692141 -0.636703 1.094747 3.955475 -0.484668'/>
				</IndexedFaceSet>
			</Shape>
			<Shape DEF='_IDX_1141'>
				<Appearance USE='Material_261_IDX_261'/>
				<IndexedFaceSet solid="false" coordIndex='0 1 2 3 -1'>
					<Coordinate point='0.850025 3.460651 -0.238480 1.102213 3.251723 -0.313288 1.244778 3.452766 -0.473088 0.964015 3.687460 -0.360122'/>
				</IndexedFaceSet>
			</Shape>
			<Shape DEF='_IDX_1142'>
				<Appearance USE='Material_260_IDX_260'/>
				<IndexedFaceSet solid="false" coordIndex='0 1 2 3 -1'>
					<Coordinate point='0.749009 3.271251 -0.118761 0.977582 3.086274 -0.156015 1.102213 3.251723 -0.313288 0.850025 3.460651 -0.238480'/>
				</IndexedFaceSet>
			</Shape>
			<Shape DEF='_IDX_1143'>
				<Appearance USE='Material_259_IDX_259'/>
				<IndexedFaceSet solid="false" coordIndex='0 1 2 3 -1'>
					<Coordinate point='0.656998 3.116020 -0.000000 0.866434 2.954366 -0.000000 0.977582 3.086274 -0.156015 0.749009 3.271251 -0.118761'/>
				</IndexedFaceSet>
			</Shape>
			<Shape DEF='_IDX_1144'>
				<Appearance USE='Material_284_IDX_284'/>
				<IndexedFaceSet solid="false" coordIndex='0 1 2 3 -1'>
					<Coordinate point='4.306609 7.728347 -2.298398 5.104803 6.815737 -2.818316 6.238798 7.872774 -3.282957 5.264586 8.979218 -2.677323'/>
				</IndexedFaceSet>
			</Shape>
			<Shape DEF='_IDX_1145'>
				<Appearance USE='Material_283_IDX_283'/>
				<IndexedFaceSet solid="false" coordIndex='0 1 2 3 -1'>
					<Coordinate point='3.529570 6.689898 -1.955433 4.185116 5.934201 -2.397769 5.104803 6.815737 -2.818316 4.306609 7.728347 -2.298398'/>
				</IndexedFaceSet>
			</Shape>
			<Shape DEF='_IDX_1146'>
				<Appearance USE='Material_282_IDX_282'/>
				<IndexedFaceSet solid="false" coordIndex='0 1 2 3 -1'>
					<Coordinate point='2.899971 5.827975 -1.643061 3.440177 5.199164 -2.014735 4.185116 5.934201 -2.397769 3.529570 6.689898 -1.955433'/>
				</IndexedFaceSet>
			</Shape>
			<Shape DEF='_IDX_1147'>
				<Appearance USE='Material_281_IDX_281'/>
				<IndexedFaceSet solid="false" coordIndex='0 1 2 3 -1'>
					<Coordinate point='2.390532 5.113656 -1.356395 2.837821 4.587349 -1.663223 3.440177 5.199164 -2.014735 2.899971 5.827975 -1.643061'/>
				</IndexedFaceSet>
			</Shape>
			<Shape DEF='_IDX_1148'>
				<Appearance USE='Material_280_IDX_280'/>
				<IndexedFaceSet solid="false" coordIndex='0 1 2 3 -1'>
					<Coordinate point='2.390532 5.113656 -1.356395 2.837821 4.587349 -1.663223 2.837821 4.587349 -1.663223 2.390532 5.113656 -1.356395'/>
				</IndexedFaceSet>
			</Shape>
			<Shape DEF='_IDX_1149'>
				<Appearance USE='Material_279_IDX_279'/>
				<IndexedFaceSet solid="false" coordIndex='0 1 2 3 -1'>
					<Coordinate point='2.086160 4.678536 -1.163854 2.478327 4.213444 -1.427128 2.837821 4.587349 -1.663223 2.390532 5.113656 -1.356395'/>
				</IndexedFaceSet>
			</Shape>
			<Shape DEF='_IDX_1150'>
				<Appearance USE='Material_437_IDX_437'/>
				<IndexedFaceSet solid="false" coordIndex='0 1 2 3 -1'>
					<Coordinate point='1.825198 4.300409 -0.980699 2.170582 3.887857 -1.202542 2.478327 4.213444 -1.427128 2.086160 4.678536 -1.163854'/>
				</IndexedFaceSet>
			</Shape>
			<Shape DEF='_IDX_1151'>
				<Appearance USE='Material_277_IDX_277'/>
				<IndexedFaceSet solid="false" coordIndex='0 1 2 3 -1'>
					<Coordinate point='1.601521 3.973289 -0.805453 1.907461 3.605923 -0.987654 2.170582 3.887857 -1.202542 1.825198 4.300409 -0.980699'/>
				</IndexedFaceSet>
			</Shape>
			<Shape DEF='_IDX_1152'>
				<Appearance USE='Material_276_IDX_276'/>
				<IndexedFaceSet solid="false" coordIndex='0 1 2 3 -1'>
					<Coordinate point='1.409688 3.692141 -0.636703 1.682694 3.363805 -0.780731 1.907461 3.605923 -0.987654 1.601521 3.973289 -0.805453'/>
				</IndexedFaceSet>
			</Shape>
			<Shape DEF='_IDX_1153'>
				<Appearance USE='Material_275_IDX_275'/>
				<IndexedFaceSet solid="false" coordIndex='0 1 2 3 -1'>
					<Coordinate point='1.244778 3.452766 -0.473088 1.490693 3.158426 -0.580105 1.682694 3.363805 -0.780731 1.409688 3.692141 -0.636703'/>
				</IndexedFaceSet>
			</Shape>
			<Shape DEF='_IDX_1154'>
				<Appearance USE='Material_274_IDX_274'/>
				<IndexedFaceSet solid="false" coordIndex='0 1 2 3 -1'>
					<Coordinate point='1.102213 3.251723 -0.313288 1.326375 2.987425 -0.384157 1.490693 3.158426 -0.580105 1.244778 3.452766 -0.473088'/>
				</IndexedFaceSet>
			</Shape>
			<Shape DEF='_IDX_1155'>
				<Appearance USE='Material_273_IDX_273'/>
				<IndexedFaceSet solid="false" coordIndex='0 1 2 3 -1'>
					<Coordinate point='0.977582 3.086274 -0.156015 1.185004 2.849144 -0.191307 1.326375 2.987425 -0.384157 1.102213 3.251723 -0.313288'/>
				</IndexedFaceSet>
			</Shape>
			<Shape DEF='_IDX_1156'>
				<Appearance USE='Material_272_IDX_272'/>
				<IndexedFaceSet solid="false" coordIndex='0 1 2 3 -1'>
					<Coordinate point='0.866434 2.954366 -0.000000 1.062012 2.742658 -0.000000 1.185004 2.849144 -0.191307 0.977582 3.086274 -0.156015'/>
				</IndexedFaceSet>
			</Shape>
			<Shape DEF='_IDX_1157'>
				<Appearance USE='Material_297_IDX_297'/>
				<IndexedFaceSet solid="false" coordIndex='0 1 2 3 -1'>
					<Coordinate point='5.104803 6.815737 -2.818316 5.731437 5.762568 -3.302792 7.002459 6.596974 -3.847306 6.238798 7.872774 -3.282957'/>
				</IndexedFaceSet>
			</Shape>
			<Shape DEF='_IDX_1158'>
				<Appearance USE='Material_296_IDX_296'/>
				<IndexedFaceSet solid="false" coordIndex='0 1 2 3 -1'>
					<Coordinate point='4.185116 5.934201 -2.397769 4.700762 5.061161 -2.809952 5.731437 5.762568 -3.302792 5.104803 6.815737 -2.818316'/>
				</IndexedFaceSet>
			</Shape>
			<Shape DEF='_IDX_1159'>
				<Appearance USE='Material_295_IDX_295'/>
				<IndexedFaceSet solid="false" coordIndex='0 1 2 3 -1'>
					<Coordinate point='3.440177 5.199164 -2.014735 3.866222 4.471644 -2.361074 4.700762 5.061161 -2.809952 4.185116 5.934201 -2.397769'/>
				</IndexedFaceSet>
			</Shape>
			<Shape DEF='_IDX_1160'>
				<Appearance USE='Material_294_IDX_294'/>
				<IndexedFaceSet solid="false" coordIndex='0 1 2 3 -1'>
					<Coordinate point='2.837821 4.587349 -1.663223 3.191932 3.977185 -1.949136 3.866222 4.471644 -2.361074 3.440177 5.199164 -2.014735'/>
				</IndexedFaceSet>
			</Shape>
			<Shape DEF='_IDX_1161'>
				<Appearance USE='Material_293_IDX_293'/>
				<IndexedFaceSet solid="false" coordIndex='0 1 2 3 -1'>
					<Coordinate point='2.837821 4.587349 -1.663223 3.191932 3.977185 -1.949136 3.191932 3.977185 -1.949136 2.837821 4.587349 -1.663223'/>
				</IndexedFaceSet>
			</Shape>
			<Shape DEF='_IDX_1162'>
				<Appearance USE='Material_292_IDX_292'/>
				<IndexedFaceSet solid="false" coordIndex='0 1 2 3 -1'>
					<Coordinate point='2.478327 4.213444 -1.427128 2.790009 3.673186 -1.672455 3.191932 3.977185 -1.949136 2.837821 4.587349 -1.663223'/>
				</IndexedFaceSet>
			</Shape>
			<Shape DEF='_IDX_1163'>
				<Appearance USE='Material_430_IDX_430'/>
				<IndexedFaceSet solid="false" coordIndex='0 1 2 3 -1'>
					<Coordinate point='2.170582 3.887857 -1.202542 2.446549 3.407395 -1.409262 2.790009 3.673186 -1.672455 2.478327 4.213444 -1.427128'/>
				</IndexedFaceSet>
			</Shape>
			<Shape DEF='_IDX_1164'>
				<Appearance USE='Material_290_IDX_290'/>
				<IndexedFaceSet solid="false" coordIndex='0 1 2 3 -1'>
					<Coordinate point='1.907461 3.605923 -0.987654 2.153717 3.176614 -1.157434 2.446549 3.407395 -1.409262 2.170582 3.887857 -1.202542'/>
				</IndexedFaceSet>
			</Shape>
			<Shape DEF='_IDX_1165'>
				<Appearance USE='Material_289_IDX_289'/>
				<IndexedFaceSet solid="false" coordIndex='0 1 2 3 -1'>
					<Coordinate point='1.682694 3.363805 -0.780731 1.904691 2.978319 -0.914941 2.153717 3.176614 -1.157434 1.907461 3.605923 -0.987654'/>
				</IndexedFaceSet>
			</Shape>
			<Shape DEF='_IDX_1166'>
				<Appearance USE='Material_288_IDX_288'/>
				<IndexedFaceSet solid="false" coordIndex='0 1 2 3 -1'>
					<Coordinate point='1.490693 3.158426 -0.580105 1.693478 2.810621 -0.679826 1.904691 2.978319 -0.914941 1.682694 3.363805 -0.780731'/>
				</IndexedFaceSet>
			</Shape>
			<Shape DEF='_IDX_1167'>
				<Appearance USE='Material_287_IDX_287'/>
				<IndexedFaceSet solid="false" coordIndex='0 1 2 3 -1'>
					<Coordinate point='1.326375 2.987425 -0.384157 1.514755 2.672260 -0.450194 1.693478 2.810621 -0.679826 1.490693 3.158426 -0.580105'/>
				</IndexedFaceSet>
			</Shape>
			<Shape DEF='_IDX_1168'>
				<Appearance USE='Material_286_IDX_286'/>
				<IndexedFaceSet solid="false" coordIndex='0 1 2 3 -1'>
					<Coordinate point='1.185004 2.849144 -0.191307 1.363719 2.562617 -0.224193 1.514755 2.672260 -0.450194 1.326375 2.987425 -0.384157'/>
				</IndexedFaceSet>
			</Shape>
			<Shape DEF='_IDX_1169'>
				<Appearance USE='Material_285_IDX_285'/>
				<IndexedFaceSet solid="false" coordIndex='0 1 2 3 -1'>
					<Coordinate point='1.062012 2.742658 -0.000000 1.235951 2.481771 -0.000000 1.363719 2.562617 -0.224193 1.185004 2.849144 -0.191307'/>
				</IndexedFaceSet>
			</Shape>
			<Shape DEF='_IDX_1170'>
				<Appearance DEF='Material_459_IDX_459'>
					<Material diffuseColor='0.245276 0.368047 0.815349'/>
					
				</Appearance>
				<IndexedFaceSet solid="false" coordIndex='0 1 2 3 -1'>
					<Coordinate point='5.731437 5.762568 -3.302792 6.165666 4.602868 -3.745734 7.530095 5.193601 -4.363273 7.002459 6.596974 -3.847306'/>
				</IndexedFaceSet>
			</Shape>
			<Shape DEF='_IDX_1171'>
				<Appearance USE='Material_309_IDX_309'/>
				<IndexedFaceSet solid="false" coordIndex='0 1 2 3 -1'>
					<Coordinate point='4.700762 5.061161 -2.809952 5.059389 4.098490 -3.186798 6.165666 4.602868 -3.745734 5.731437 5.762568 -3.302792'/>
				</IndexedFaceSet>
			</Shape>
			<Shape DEF='_IDX_1172'>
				<Appearance USE='Material_308_IDX_308'/>
				<IndexedFaceSet solid="false" coordIndex='0 1 2 3 -1'>
					<Coordinate point='3.866222 4.471644 -2.361074 4.163965 3.667967 -2.677720 5.059389 4.098490 -3.186798 4.700762 5.061161 -2.809952'/>
				</IndexedFaceSet>
			</Shape>
			<Shape DEF='_IDX_1173'>
				<Appearance USE='Material_307_IDX_307'/>
				<IndexedFaceSet solid="false" coordIndex='0 1 2 3 -1'>
					<Coordinate point='3.191932 3.977185 -1.949136 3.441079 3.301479 -2.210537 4.163965 3.667967 -2.677720 3.866222 4.471644 -2.361074'/>
				</IndexedFaceSet>
			</Shape>
			<Shape DEF='_IDX_1174'>
				<Appearance USE='Material_306_IDX_306'/>
				<IndexedFaceSet solid="false" coordIndex='0 1 2 3 -1'>
					<Coordinate point='3.191932 3.977185 -1.949136 3.441079 3.301479 -2.210537 3.441079 3.301479 -2.210537 3.191932 3.977185 -1.949136'/>
				</IndexedFaceSet>
			</Shape>
			<Shape DEF='_IDX_1175'>
				<Appearance USE='Material_305_IDX_305'/>
				<IndexedFaceSet solid="false" coordIndex='0 1 2 3 -1'>
					<Coordinate point='2.790009 3.673186 -1.672455 3.010774 3.073490 -1.896750 3.441079 3.301479 -2.210537 3.191932 3.977185 -1.949136'/>
				</IndexedFaceSet>
			</Shape>
			<Shape DEF='_IDX_1176'>
				<Appearance USE='Material_304_IDX_304'/>
				<IndexedFaceSet solid="false" coordIndex='0 1 2 3 -1'>
					<Coordinate point='2.446549 3.407395 -1.409262 2.643767 2.872468 -1.598260 3.010774 3.073490 -1.896750 2.790009 3.673186 -1.672455'/>
				</IndexedFaceSet>
			</Shape>
			<Shape DEF='_IDX_1177'>
				<Appearance USE='Material_303_IDX_303'/>
				<IndexedFaceSet solid="false" coordIndex='0 1 2 3 -1'>
					<Coordinate point='2.153717 3.176614 -1.157434 2.331825 2.696772 -1.312659 2.643767 2.872468 -1.598260 2.446549 3.407395 -1.409262'/>
				</IndexedFaceSet>
			</Shape>
			<Shape DEF='_IDX_1178'>
				<Appearance USE='Material_302_IDX_302'/>
				<IndexedFaceSet solid="false" coordIndex='0 1 2 3 -1'>
					<Coordinate point='1.904691 2.978319 -0.914941 2.067845 2.545245 -1.037645 2.331825 2.696772 -1.312659 2.153717 3.176614 -1.157434'/>
				</IndexedFaceSet>
			</Shape>
			<Shape DEF='_IDX_1179'>
				<Appearance USE='Material_301_IDX_301'/>
				<IndexedFaceSet solid="false" coordIndex='0 1 2 3 -1'>
					<Coordinate point='1.693478 2.810621 -0.679826 1.845686 2.417205 -0.770999 2.067845 2.545245 -1.037645 1.904691 2.978319 -0.914941'/>
				</IndexedFaceSet>
			</Shape>
			<Shape DEF='_IDX_1180'>
				<Appearance USE='Material_300_IDX_300'/>
				<IndexedFaceSet solid="false" coordIndex='0 1 2 3 -1'>
					<Coordinate point='1.514755 2.672260 -0.450194 1.660015 2.312465 -0.510570 1.845686 2.417205 -0.770999 1.693478 2.810621 -0.679826'/>
				</IndexedFaceSet>
			</Shape>
			<Shape DEF='_IDX_1181'>
				<Appearance USE='Material_299_IDX_299'/>
				<IndexedFaceSet solid="false" coordIndex='0 1 2 3 -1'>
					<Coordinate point='1.363719 2.562617 -0.224193 1.506176 2.231370 -0.254260 1.660015 2.312465 -0.510570 1.514755 2.672260 -0.450194'/>
				</IndexedFaceSet>
			</Shape>
			<Shape DEF='_IDX_1182'>
				<Appearance USE='Material_298_IDX_298'/>
				<IndexedFaceSet solid="false" coordIndex='0 1 2 3 -1'>
					<Coordinate point='1.235951 2.481771 -0.000000 1.380081 2.174859 -0.000000 1.506176 2.231370 -0.254260 1.363719 2.562617 -0.224193'/>
				</IndexedFaceSet>
			</Shape>
			<Shape DEF='_IDX_1183'>
				<Appearance USE='Material_323_IDX_323'/>
				<IndexedFaceSet solid="false" coordIndex='0 1 2 3 -1'>
					<Coordinate point='6.165666 4.602868 -3.745734 6.393238 3.373976 -4.141571 7.804354 3.708471 -4.824369 7.530095 5.193601 -4.363273'/>
				</IndexedFaceSet>
			</Shape>
			<Shape DEF='_IDX_1184'>
				<Appearance USE='Material_322_IDX_322'/>
				<IndexedFaceSet solid="false" coordIndex='0 1 2 3 -1'>
					<Coordinate point='5.059389 4.098490 -3.186798 5.249219 3.076638 -3.523568 6.393238 3.373976 -4.141571 6.165666 4.602868 -3.745734'/>
				</IndexedFaceSet>
			</Shape>
			<Shape DEF='_IDX_1185'>
				<Appearance USE='Material_321_IDX_321'/>
				<IndexedFaceSet solid="false" coordIndex='0 1 2 3 -1'>
					<Coordinate point='4.163965 3.667967 -2.677720 4.323574 2.812973 -2.960693 5.249219 3.076638 -3.523568 5.059389 4.098490 -3.186798'/>
				</IndexedFaceSet>
			</Shape>
			<Shape DEF='_IDX_1186'>
				<Appearance USE='Material_320_IDX_320'/>
				<IndexedFaceSet solid="false" coordIndex='0 1 2 3 -1'>
					<Coordinate point='3.441079 3.301479 -2.210537 3.576924 2.580487 -2.444139 4.323574 2.812973 -2.960693 4.163965 3.667967 -2.677720'/>
				</IndexedFaceSet>
			</Shape>
			<Shape DEF='_IDX_1187'>
				<Appearance USE='Material_319_IDX_319'/>
				<IndexedFaceSet solid="false" coordIndex='0 1 2 3 -1'>
					<Coordinate point='3.441079 3.301479 -2.210537 3.576924 2.580487 -2.444139 3.576924 2.580487 -2.444139 3.441079 3.301479 -2.210537'/>
				</IndexedFaceSet>
			</Shape>
			<Shape DEF='_IDX_1188'>
				<Appearance USE='Material_318_IDX_318'/>
				<IndexedFaceSet solid="false" coordIndex='0 1 2 3 -1'>
					<Coordinate point='3.010774 3.073490 -1.896750 3.133106 2.431837 -2.097192 3.576924 2.580487 -2.444139 3.441079 3.301479 -2.210537'/>
				</IndexedFaceSet>
			</Shape>
			<Shape DEF='_IDX_1189'>
				<Appearance USE='Material_317_IDX_317'/>
				<IndexedFaceSet solid="false" coordIndex='0 1 2 3 -1'>
					<Coordinate point='2.643767 2.872468 -1.598260 2.755352 2.298138 -1.767158 3.133106 2.431837 -2.097192 3.010774 3.073490 -1.896750'/>
				</IndexedFaceSet>
			</Shape>
			<Shape DEF='_IDX_1190'>
				<Appearance USE='Material_316_IDX_316'/>
				<IndexedFaceSet solid="false" coordIndex='0 1 2 3 -1'>
					<Coordinate point='2.331825 2.696772 -1.312659 2.435333 2.179338 -1.451376 2.755352 2.298138 -1.767158 2.643767 2.872468 -1.598260'/>
				</IndexedFaceSet>
			</Shape>
			<Shape DEF='_IDX_1191'>
				<Appearance USE='Material_315_IDX_315'/>
				<IndexedFaceSet solid="false" coordIndex='0 1 2 3 -1'>
					<Coordinate point='2.067845 2.545245 -1.037645 2.165941 2.075649 -1.147299 2.435333 2.179338 -1.451376 2.331825 2.696772 -1.312659'/>
				</IndexedFaceSet>
			</Shape>
			<Shape DEF='_IDX_1192'>
				<Appearance USE='Material_314_IDX_314'/>
				<IndexedFaceSet solid="false" coordIndex='0 1 2 3 -1'>
					<Coordinate point='1.845686 2.417205 -0.770999 1.941124 1.987570 -0.852475 2.165941 2.075649 -1.147299 2.067845 2.545245 -1.037645'/>
				</IndexedFaceSet>
			</Shape>
			<Shape DEF='_IDX_1193'>
				<Appearance USE='Material_313_IDX_313'/>
				<IndexedFaceSet solid="false" coordIndex='0 1 2 3 -1'>
					<Coordinate point='1.660015 2.312465 -0.510570 1.755742 1.915933 -0.564526 1.941124 1.987570 -0.852475 1.845686 2.417205 -0.770999'/>
				</IndexedFaceSet>
			</Shape>
			<Shape DEF='_IDX_1194'>
				<Appearance USE='Material_312_IDX_312'/>
				<IndexedFaceSet solid="false" coordIndex='0 1 2 3 -1'>
					<Coordinate point='1.506176 2.231370 -0.254260 1.605459 1.861949 -0.281129 1.755742 1.915933 -0.564526 1.660015 2.312465 -0.510570'/>
				</IndexedFaceSet>
			</Shape>
			<Shape DEF='_IDX_1195'>
				<Appearance USE='Material_311_IDX_311'/>
				<IndexedFaceSet solid="false" coordIndex='0 1 2 3 -1'>
					<Coordinate point='1.380081 2.174859 -0.000000 1.486643 1.827281 -0.000000 1.605459 1.861949 -0.281129 1.506176 2.231370 -0.254260'/>
				</IndexedFaceSet>
			</Shape>
			<Shape DEF='_IDX_1196'>
				<Appearance USE='Material_336_IDX_336'/>
				<IndexedFaceSet solid="false" coordIndex='0 1 2 3 -1'>
					<Coordinate point='6.393238 3.373976 -4.141571 6.406996 2.115282 -4.485324 7.816613 2.189867 -5.224796 7.804354 3.708471 -4.824369'/>
				</IndexedFaceSet>
			</Shape>
			<Shape DEF='_IDX_1197'>
				<Appearance DEF='Material_460_IDX_460'>
					<Material diffuseColor='0.245244 0.337464 0.807870'/>
					
				</Appearance>
				<IndexedFaceSet solid="false" coordIndex='0 1 2 3 -1'>
					<Coordinate point='5.249219 3.076638 -3.523568 5.264234 2.027772 -3.816027 6.406996 2.115282 -4.485324 6.393238 3.373976 -4.141571'/>
				</IndexedFaceSet>
			</Shape>
			<Shape DEF='_IDX_1198'>
				<Appearance USE='Material_334_IDX_334'/>
				<IndexedFaceSet solid="false" coordIndex='0 1 2 3 -1'>
					<Coordinate point='4.323574 2.812973 -2.960693 4.339887 1.932970 -3.206433 5.264234 2.027772 -3.816027 5.249219 3.076638 -3.523568'/>
				</IndexedFaceSet>
			</Shape>
			<Shape DEF='_IDX_1199'>
				<Appearance USE='Material_333_IDX_333'/>
				<IndexedFaceSet solid="false" coordIndex='0 1 2 3 -1'>
					<Coordinate point='3.576924 2.580487 -2.444139 3.594900 1.835756 -2.647005 4.339887 1.932970 -3.206433 4.323574 2.812973 -2.960693'/>
				</IndexedFaceSet>
			</Shape>
			<Shape DEF='_IDX_1200'>
				<Appearance USE='Material_332_IDX_332'/>
				<IndexedFaceSet solid="false" coordIndex='0 1 2 3 -1'>
					<Coordinate point='3.576924 2.580487 -2.444139 3.594900 1.835756 -2.647005 3.594900 1.835756 -2.647005 3.576924 2.580487 -2.444139'/>
				</IndexedFaceSet>
			</Shape>
			<Shape DEF='_IDX_1201'>
				<Appearance USE='Material_331_IDX_331'/>
				<IndexedFaceSet solid="false" coordIndex='0 1 2 3 -1'>
					<Coordinate point='3.133106 2.431837 -2.097192 3.152718 1.766913 -2.271261 3.594900 1.835756 -2.647005 3.576924 2.580487 -2.444139'/>
				</IndexedFaceSet>
			</Shape>
			<Shape DEF='_IDX_1202'>
				<Appearance USE='Material_330_IDX_330'/>
				<IndexedFaceSet solid="false" coordIndex='0 1 2 3 -1'>
					<Coordinate point='2.755352 2.298138 -1.767158 2.777161 1.700623 -1.913834 3.152718 1.766913 -2.271261 3.133106 2.431837 -2.097192'/>
				</IndexedFaceSet>
			</Shape>
			<Shape DEF='_IDX_1203'>
				<Appearance USE='Material_329_IDX_329'/>
				<IndexedFaceSet solid="false" coordIndex='0 1 2 3 -1'>
					<Coordinate point='2.435333 2.179338 -1.451376 2.460112 1.638398 -1.571842 2.777161 1.700623 -1.913834 2.755352 2.298138 -1.767158'/>
				</IndexedFaceSet>
			</Shape>
			<Shape DEF='_IDX_1204'>
				<Appearance USE='Material_328_IDX_328'/>
				<IndexedFaceSet solid="false" coordIndex='0 1 2 3 -1'>
					<Coordinate point='2.165941 2.075649 -1.147299 2.194715 1.581776 -1.242526 2.460112 1.638398 -1.571842 2.435333 2.179338 -1.451376'/>
				</IndexedFaceSet>
			</Shape>
			<Shape DEF='_IDX_1205'>
				<Appearance USE='Material_327_IDX_327'/>
				<IndexedFaceSet solid="false" coordIndex='0 1 2 3 -1'>
					<Coordinate point='1.941124 1.987570 -0.852475 1.975226 1.532381 -0.923231 2.194715 1.581776 -1.242526 2.165941 2.075649 -1.147299'/>
				</IndexedFaceSet>
			</Shape>
			<Shape DEF='_IDX_1206'>
				<Appearance USE='Material_326_IDX_326'/>
				<IndexedFaceSet solid="false" coordIndex='0 1 2 3 -1'>
					<Coordinate point='1.755742 1.915933 -0.564526 1.796882 1.491976 -0.611382 1.975226 1.532381 -0.923231 1.941124 1.987570 -0.852475'/>
				</IndexedFaceSet>
			</Shape>
			<Shape DEF='_IDX_1207'>
				<Appearance USE='Material_325_IDX_325'/>
				<IndexedFaceSet solid="false" coordIndex='0 1 2 3 -1'>
					<Coordinate point='1.605459 1.861949 -0.281129 1.655802 1.462534 -0.304463 1.796882 1.491976 -0.611382 1.755742 1.915933 -0.564526'/>
				</IndexedFaceSet>
			</Shape>
			<Shape DEF='_IDX_1208'>
				<Appearance USE='Material_324_IDX_324'/>
				<IndexedFaceSet solid="false" coordIndex='0 1 2 3 -1'>
					<Coordinate point='1.486643 1.827281 -0.000000 1.548910 1.446311 -0.000000 1.655802 1.462534 -0.304463 1.605459 1.861949 -0.281129'/>
				</IndexedFaceSet>
			</Shape>
			<Shape DEF='_IDX_1209'>
				<Appearance DEF='Material_461_IDX_461'>
					<Material diffuseColor='0.280657 0.171907 0.717222'/>
					
				</Appearance>
				<IndexedFaceSet solid="false" coordIndex='0 1 2 3 -1'>
					<Coordinate point='6.406996 2.115282 -4.485324 6.207137 0.866877 -4.772673 7.567283 0.686883 -5.559518 7.816613 2.189867 -5.224796'/>
				</IndexedFaceSet>
			</Shape>
			<Shape DEF='_IDX_1210'>
				<Appearance USE='Material_348_IDX_348'/>
				<IndexedFaceSet solid="false" coordIndex='0 1 2 3 -1'>
					<Coordinate point='5.264234 2.027772 -3.816027 5.104404 0.984692 -4.060498 6.207137 0.866877 -4.772673 6.406996 2.115282 -4.485324'/>
				</IndexedFaceSet>
			</Shape>
			<Shape DEF='_IDX_1211'>
				<Appearance USE='Material_347_IDX_347'/>
				<IndexedFaceSet solid="false" coordIndex='0 1 2 3 -1'>
					<Coordinate point='4.339887 1.932970 -3.206433 4.212617 1.054850 -3.411850 5.104404 0.984692 -4.060498 5.264234 2.027772 -3.816027'/>
				</IndexedFaceSet>
			</Shape>
			<Shape DEF='_IDX_1212'>
				<Appearance USE='Material_416_IDX_416'/>
				<IndexedFaceSet solid="false" coordIndex='0 1 2 3 -1'>
					<Coordinate point='3.594900 1.835756 -2.647005 3.494411 1.089406 -2.816583 4.212617 1.054850 -3.411850 4.339887 1.932970 -3.206433'/>
				</IndexedFaceSet>
			</Shape>
			<Shape DEF='_IDX_1213'>
				<Appearance USE='Material_345_IDX_345'/>
				<IndexedFaceSet solid="false" coordIndex='0 1 2 3 -1'>
					<Coordinate point='3.594900 1.835756 -2.647005 3.494411 1.089406 -2.816583 3.494411 1.089406 -2.816583 3.594900 1.835756 -2.647005'/>
				</IndexedFaceSet>
			</Shape>
			<Shape DEF='_IDX_1214'>
				<Appearance DEF='Material_462_IDX_462'>
					<Material diffuseColor='0.294365 0.556859 0.757916'/>
					
				</Appearance>
				<IndexedFaceSet solid="false" coordIndex='0 1 2 3 -1'>
					<Coordinate point='3.152718 1.766913 -2.271261 3.068740 1.097993 -2.416767 3.494411 1.089406 -2.816583 3.594900 1.835756 -2.647005'/>
				</IndexedFaceSet>
			</Shape>
			<Shape DEF='_IDX_1215'>
				<Appearance USE='Material_343_IDX_343'/>
				<IndexedFaceSet solid="false" coordIndex='0 1 2 3 -1'>
					<Coordinate point='2.777161 1.700623 -1.913834 2.708002 1.096769 -2.036442 3.068740 1.097993 -2.416767 3.152718 1.766913 -2.271261'/>
				</IndexedFaceSet>
			</Shape>
			<Shape DEF='_IDX_1216'>
				<Appearance USE='Material_342_IDX_342'/>
				<IndexedFaceSet solid="false" coordIndex='0 1 2 3 -1'>
					<Coordinate point='2.460112 1.638398 -1.571842 2.404577 1.088731 -1.672541 2.708002 1.096769 -2.036442 2.777161 1.700623 -1.913834'/>
				</IndexedFaceSet>
			</Shape>
			<Shape DEF='_IDX_1217'>
				<Appearance USE='Material_341_IDX_341'/>
				<IndexedFaceSet solid="false" coordIndex='0 1 2 3 -1'>
					<Coordinate point='2.194715 1.581776 -1.242526 2.152106 1.076663 -1.322128 2.404577 1.088731 -1.672541 2.460112 1.638398 -1.571842'/>
				</IndexedFaceSet>
			</Shape>
			<Shape DEF='_IDX_1218'>
				<Appearance USE='Material_340_IDX_340'/>
				<IndexedFaceSet solid="false" coordIndex='0 1 2 3 -1'>
					<Coordinate point='1.975226 1.532381 -0.923231 1.945351 1.063217 -0.982377 2.152106 1.076663 -1.322128 2.194715 1.581776 -1.242526'/>
				</IndexedFaceSet>
			</Shape>
			<Shape DEF='_IDX_1219'>
				<Appearance USE='Material_339_IDX_339'/>
				<IndexedFaceSet solid="false" coordIndex='0 1 2 3 -1'>
					<Coordinate point='1.796882 1.491976 -0.611382 1.780084 1.050987 -0.650550 1.945351 1.063217 -0.982377 1.975226 1.532381 -0.923231'/>
				</IndexedFaceSet>
			</Shape>
			<Shape DEF='_IDX_1220'>
				<Appearance USE='Material_338_IDX_338'/>
				<IndexedFaceSet solid="false" coordIndex='0 1 2 3 -1'>
					<Coordinate point='1.655802 1.462534 -0.304463 1.652995 1.042593 -0.323968 1.780084 1.050987 -0.650550 1.796882 1.491976 -0.611382'/>
				</IndexedFaceSet>
			</Shape>
			<Shape DEF='_IDX_1221'>
				<Appearance USE='Material_337_IDX_337'/>
				<IndexedFaceSet solid="false" coordIndex='0 1 2 3 -1'>
					<Coordinate point='1.548910 1.446311 -0.000000 1.561635 1.040754 0.000000 1.652995 1.042593 -0.323968 1.655802 1.462534 -0.304463'/>
				</IndexedFaceSet>
			</Shape>
			<Shape DEF='_IDX_1222'>
				<Appearance DEF='Material_463_IDX_463'>
					<Material diffuseColor='0.302445 0.132975 0.679418'/>
					
				</Appearance>
				<IndexedFaceSet solid="false" coordIndex='0 1 2 3 -1'>
					<Coordinate point='6.207137 0.866877 -4.772673 5.801223 -0.331807 -5.000002 7.065806 -0.752253 -5.824326 7.567283 0.686883 -5.559518'/>
				</IndexedFaceSet>
			</Shape>
			<Shape DEF='_IDX_1223'>
				<Appearance USE='Material_361_IDX_361'/>
				<IndexedFaceSet solid="false" coordIndex='0 1 2 3 -1'>
					<Coordinate point='5.104404 0.984692 -4.060498 4.775716 -0.020289 -4.253905 5.801223 -0.331807 -5.000002 6.207137 0.866877 -4.772673'/>
				</IndexedFaceSet>
			</Shape>
			<Shape DEF='_IDX_1224'>
				<Appearance USE='Material_360_IDX_360'/>
				<IndexedFaceSet solid="false" coordIndex='0 1 2 3 -1'>
					<Coordinate point='4.212617 1.054850 -3.411850 3.946398 0.205183 -3.574362 4.775716 -0.020289 -4.253905 5.104404 0.984692 -4.060498'/>
				</IndexedFaceSet>
			</Shape>
			<Shape DEF='_IDX_1225'>
				<Appearance USE='Material_412_IDX_412'/>
				<IndexedFaceSet solid="false" coordIndex='0 1 2 3 -1'>
					<Coordinate point='3.494411 1.089406 -2.816583 3.278894 0.363391 -2.950741 3.946398 0.205183 -3.574362 4.212617 1.054850 -3.411850'/>
				</IndexedFaceSet>
			</Shape>
			<Shape DEF='_IDX_1226'>
				<Appearance USE='Material_358_IDX_358'/>
				<IndexedFaceSet solid="false" coordIndex='0 1 2 3 -1'>
					<Coordinate point='3.494411 1.089406 -2.816583 3.278894 0.363391 -2.950741 3.278894 0.363391 -2.950741 3.494411 1.089406 -2.816583'/>
				</IndexedFaceSet>
			</Shape>
			<Shape DEF='_IDX_1227'>
				<Appearance USE='Material_357_IDX_357'/>
				<IndexedFaceSet solid="false" coordIndex='0 1 2 3 -1'>
					<Coordinate point='3.068740 1.097993 -2.416767 2.883810 0.444300 -2.531882 3.278894 0.363391 -2.950741 3.494411 1.089406 -2.816583'/>
				</IndexedFaceSet>
			</Shape>
			<Shape DEF='_IDX_1228'>
				<Appearance USE='Material_356_IDX_356'/>
				<IndexedFaceSet solid="false" coordIndex='0 1 2 3 -1'>
					<Coordinate point='2.708002 1.096769 -2.036442 2.549739 0.503488 -2.133441 2.883810 0.444300 -2.531882 3.068740 1.097993 -2.416767'/>
				</IndexedFaceSet>
			</Shape>
			<Shape DEF='_IDX_1229'>
				<Appearance DEF='Material_464_IDX_464'>
					<Material diffuseColor='0.335297 0.623365 0.689066'/>
					
				</Appearance>
				<IndexedFaceSet solid="false" coordIndex='0 1 2 3 -1'>
					<Coordinate point='2.404577 1.088731 -1.672541 2.269823 0.545314 -1.752206 2.549739 0.503488 -2.133441 2.708002 1.096769 -2.036442'/>
				</IndexedFaceSet>
			</Shape>
			<Shape DEF='_IDX_1230'>
				<Appearance USE='Material_354_IDX_354'/>
				<IndexedFaceSet solid="false" coordIndex='0 1 2 3 -1'>
					<Coordinate point='2.152106 1.076663 -1.322128 2.038421 0.573684 -1.385103 2.269823 0.545314 -1.752206 2.404577 1.088731 -1.672541'/>
				</IndexedFaceSet>
			</Shape>
			<Shape DEF='_IDX_1231'>
				<Appearance USE='Material_353_IDX_353'/>
				<IndexedFaceSet solid="false" coordIndex='0 1 2 3 -1'>
					<Coordinate point='1.945351 1.063217 -0.982377 1.850979 0.592159 -1.029169 2.038421 0.573684 -1.385103 2.152106 1.076663 -1.322128'/>
				</IndexedFaceSet>
			</Shape>
			<Shape DEF='_IDX_1232'>
				<Appearance USE='Material_352_IDX_352'/>
				<IndexedFaceSet solid="false" coordIndex='0 1 2 3 -1'>
					<Coordinate point='1.780084 1.050987 -0.650550 1.703936 0.604043 -0.681536 1.850979 0.592159 -1.029169 1.945351 1.063217 -0.982377'/>
				</IndexedFaceSet>
			</Shape>
			<Shape DEF='_IDX_1233'>
				<Appearance USE='Material_351_IDX_351'/>
				<IndexedFaceSet solid="false" coordIndex='0 1 2 3 -1'>
					<Coordinate point='1.652995 1.042593 -0.323968 1.594651 0.612473 -0.339400 1.703936 0.604043 -0.681536 1.780084 1.050987 -0.650550'/>
				</IndexedFaceSet>
			</Shape>
			<Shape DEF='_IDX_1234'>
				<Appearance USE='Material_350_IDX_350'/>
				<IndexedFaceSet solid="false" coordIndex='0 1 2 3 -1'>
					<Coordinate point='1.561635 1.040754 0.000000 1.521357 0.620509 0.000000 1.594651 0.612473 -0.339400 1.652995 1.042593 -0.323968'/>
				</IndexedFaceSet>
			</Shape>
			<Shape DEF='_IDX_1235'>
				<Appearance DEF='Material_465_IDX_465'>
					<Material diffuseColor='0.332243 0.116416 0.646311'/>
					
				</Appearance>
				<IndexedFaceSet solid="false" coordIndex='0 1 2 3 -1'>
					<Coordinate point='5.801223 -0.331807 -5.000002 5.203938 -1.443347 -5.164454 6.330337 -2.081831 -6.015890 7.065806 -0.752253 -5.824326'/>
				</IndexedFaceSet>
			</Shape>
			<Shape DEF='_IDX_1236'>
				<Appearance DEF='Material_466_IDX_466'>
					<Material diffuseColor='0.256602 0.214890 0.758960'/>
					
				</Appearance>
				<IndexedFaceSet solid="false" coordIndex='0 1 2 3 -1'>
					<Coordinate point='4.775716 -0.020289 -4.253905 4.289986 -0.956439 -4.393817 5.203938 -1.443347 -5.164454 5.801223 -0.331807 -5.000002'/>
				</IndexedFaceSet>
			</Shape>
			<Shape DEF='_IDX_1237'>
				<Appearance USE='Material_373_IDX_373'/>
				<IndexedFaceSet solid="false" coordIndex='0 1 2 3 -1'>
					<Coordinate point='3.946398 0.205183 -3.574362 3.550653 -0.590683 -3.691924 4.289986 -0.956439 -4.393817 4.775716 -0.020289 -4.253905'/>
				</IndexedFaceSet>
			</Shape>
			<Shape DEF='_IDX_1238'>
				<Appearance USE='Material_372_IDX_372'/>
				<IndexedFaceSet solid="false" coordIndex='0 1 2 3 -1'>
					<Coordinate point='3.278894 0.363391 -2.950741 2.955741 -0.321246 -3.047792 3.550653 -0.590683 -3.691924 3.946398 0.205183 -3.574362'/>
				</IndexedFaceSet>
			</Shape>
			<Shape DEF='_IDX_1239'>
				<Appearance USE='Material_371_IDX_371'/>
				<IndexedFaceSet solid="false" coordIndex='0 1 2 3 -1'>
					<Coordinate point='3.278894 0.363391 -2.950741 2.955741 -0.321246 -3.047792 2.955741 -0.321246 -3.047792 3.278894 0.363391 -2.950741'/>
				</IndexedFaceSet>
			</Shape>
			<Shape DEF='_IDX_1240'>
				<Appearance USE='Material_370_IDX_370'/>
				<IndexedFaceSet solid="false" coordIndex='0 1 2 3 -1'>
					<Coordinate point='2.883810 0.444300 -2.531882 2.604030 -0.175651 -2.615156 2.955741 -0.321246 -3.047792 3.278894 0.363391 -2.950741'/>
				</IndexedFaceSet>
			</Shape>
			<Shape DEF='_IDX_1241'>
				<Appearance DEF='Material_467_IDX_467'>
					<Material diffuseColor='0.302976 0.578260 0.744315'/>
					
				</Appearance>
				<IndexedFaceSet solid="false" coordIndex='0 1 2 3 -1'>
					<Coordinate point='2.549739 0.503488 -2.133441 2.307287 -0.062819 -2.203610 2.604030 -0.175651 -2.615156 2.883810 0.444300 -2.531882'/>
				</IndexedFaceSet>
			</Shape>
			<Shape DEF='_IDX_1242'>
				<Appearance USE='Material_368_IDX_368'/>
				<IndexedFaceSet solid="false" coordIndex='0 1 2 3 -1'>
					<Coordinate point='2.269823 0.545314 -1.752206 2.059654 0.022798 -1.809837 2.307287 -0.062819 -2.203610 2.549739 0.503488 -2.133441'/>
				</IndexedFaceSet>
			</Shape>
			<Shape DEF='_IDX_1243'>
				<Appearance USE='Material_367_IDX_367'/>
				<IndexedFaceSet solid="false" coordIndex='0 1 2 3 -1'>
					<Coordinate point='2.038421 0.573684 -1.385103 1.856400 0.086078 -1.430659 2.059654 0.022798 -1.809837 2.269823 0.545314 -1.752206'/>
				</IndexedFaceSet>
			</Shape>
			<Shape DEF='_IDX_1244'>
				<Appearance USE='Material_366_IDX_366'/>
				<IndexedFaceSet solid="false" coordIndex='0 1 2 3 -1'>
					<Coordinate point='1.850979 0.592159 -1.029169 1.693807 0.131342 -1.063019 1.856400 0.086078 -1.430659 2.038421 0.573684 -1.385103'/>
				</IndexedFaceSet>
			</Shape>
			<Shape DEF='_IDX_1245'>
				<Appearance USE='Material_365_IDX_365'/>
				<IndexedFaceSet solid="false" coordIndex='0 1 2 3 -1'>
					<Coordinate point='1.703936 0.604043 -0.681536 1.569097 0.162465 -0.703952 1.693807 0.131342 -1.063019 1.850979 0.592159 -1.029169'/>
				</IndexedFaceSet>
			</Shape>
			<Shape DEF='_IDX_1246'>
				<Appearance USE='Material_364_IDX_364'/>
				<IndexedFaceSet solid="false" coordIndex='0 1 2 3 -1'>
					<Coordinate point='1.594651 0.612473 -0.339400 1.480373 0.182971 -0.350562 1.569097 0.162465 -0.703952 1.703936 0.604043 -0.681536'/>
				</IndexedFaceSet>
			</Shape>
			<Shape DEF='_IDX_1247'>
				<Appearance USE='Material_363_IDX_363'/>
				<IndexedFaceSet solid="false" coordIndex='0 1 2 3 -1'>
					<Coordinate point='1.521357 0.620509 0.000000 1.426582 0.196127 0.000000 1.480373 0.182971 -0.350562 1.594651 0.612473 -0.339400'/>
				</IndexedFaceSet>
			</Shape>
			<Shape DEF='_IDX_1248'>
				<Appearance USE='Material_388_IDX_388'/>
				<IndexedFaceSet solid="false" coordIndex='0 1 2 3 -1'>
					<Coordinate point='5.203938 -1.443347 -5.164454 4.436599 -2.433598 -5.263959 5.387133 -3.260218 -6.131800 6.330337 -2.081831 -6.015890'/>
				</IndexedFaceSet>
			</Shape>
			<Shape DEF='_IDX_1249'>
				<Appearance DEF='Material_468_IDX_468'>
					<Material diffuseColor='0.266155 0.197820 0.742385'/>
					
				</Appearance>
				<IndexedFaceSet solid="false" coordIndex='0 1 2 3 -1'>
					<Coordinate point='4.289986 -0.956439 -4.393817 3.664487 -1.795653 -4.478475 4.436599 -2.433598 -5.263959 5.203938 -1.443347 -5.164454'/>
				</IndexedFaceSet>
			</Shape>
			<Shape DEF='_IDX_1250'>
				<Appearance USE='Material_386_IDX_386'/>
				<IndexedFaceSet solid="false" coordIndex='0 1 2 3 -1'>
					<Coordinate point='3.550653 -0.590683 -3.691924 3.039316 -1.309487 -3.763057 3.664487 -1.795653 -4.478475 4.289986 -0.956439 -4.393817'/>
				</IndexedFaceSet>
			</Shape>
			<Shape DEF='_IDX_1251'>
				<Appearance DEF='Material_469_IDX_469'>
					<Material diffuseColor='0.257063 0.435114 0.808100'/>
					
				</Appearance>
				<IndexedFaceSet solid="false" coordIndex='0 1 2 3 -1'>
					<Coordinate point='2.955741 -0.321246 -3.047792 2.536094 -0.945097 -3.106514 3.039316 -1.309487 -3.763057 3.550653 -0.590683 -3.691924'/>
				</IndexedFaceSet>
			</Shape>
			<Shape DEF='_IDX_1252'>
				<Appearance USE='Material_384_IDX_384'/>
				<IndexedFaceSet solid="false" coordIndex='0 1 2 3 -1'>
					<Coordinate point='2.955741 -0.321246 -3.047792 2.536094 -0.945097 -3.106514 2.536094 -0.945097 -3.106514 2.955741 -0.321246 -3.047792'/>
				</IndexedFaceSet>
			</Shape>
			<Shape DEF='_IDX_1253'>
				<Appearance USE='Material_383_IDX_383'/>
				<IndexedFaceSet solid="false" coordIndex='0 1 2 3 -1'>
					<Coordinate point='2.604030 -0.175651 -2.615156 2.238807 -0.744691 -2.665543 2.536094 -0.945097 -3.106514 2.955741 -0.321246 -3.047792'/>
				</IndexedFaceSet>
			</Shape>
			<Shape DEF='_IDX_1254'>
				<Appearance USE='Material_382_IDX_382'/>
				<IndexedFaceSet solid="false" coordIndex='0 1 2 3 -1'>
					<Coordinate point='2.307287 -0.062819 -2.203610 1.988495 -0.586842 -2.246068 2.238807 -0.744691 -2.665543 2.604030 -0.175651 -2.615156'/>
				</IndexedFaceSet>
			</Shape>
			<Shape DEF='_IDX_1255'>
				<Appearance USE='Material_381_IDX_381'/>
				<IndexedFaceSet solid="false" coordIndex='0 1 2 3 -1'>
					<Coordinate point='2.059654 0.022798 -1.809837 1.780505 -0.465012 -1.844708 1.988495 -0.586842 -2.246068 2.307287 -0.062819 -2.203610'/>
				</IndexedFaceSet>
			</Shape>
			<Shape DEF='_IDX_1256'>
				<Appearance USE='Material_380_IDX_380'/>
				<IndexedFaceSet solid="false" coordIndex='0 1 2 3 -1'>
					<Coordinate point='1.856400 0.086078 -1.430659 1.611176 -0.373537 -1.458224 1.780505 -0.465012 -1.844708 2.059654 0.022798 -1.809837'/>
				</IndexedFaceSet>
			</Shape>
			<Shape DEF='_IDX_1257'>
				<Appearance USE='Material_379_IDX_379'/>
				<IndexedFaceSet solid="false" coordIndex='0 1 2 3 -1'>
					<Coordinate point='1.693807 0.131342 -1.063019 1.477753 -0.307502 -1.083501 1.611176 -0.373537 -1.458224 1.856400 0.086078 -1.430659'/>
				</IndexedFaceSet>
			</Shape>
			<Shape DEF='_IDX_1258'>
				<Appearance USE='Material_378_IDX_378'/>
				<IndexedFaceSet solid="false" coordIndex='0 1 2 3 -1'>
					<Coordinate point='1.569097 0.162465 -0.703952 1.378330 -0.262616 -0.717516 1.477753 -0.307502 -1.083501 1.693807 0.131342 -1.063019'/>
				</IndexedFaceSet>
			</Shape>
			<Shape DEF='_IDX_1259'>
				<Appearance USE='Material_377_IDX_377'/>
				<IndexedFaceSet solid="false" coordIndex='0 1 2 3 -1'>
					<Coordinate point='1.480373 0.182971 -0.350562 1.311805 -0.235107 -0.357317 1.378330 -0.262616 -0.717516 1.569097 0.162465 -0.703952'/>
				</IndexedFaceSet>
			</Shape>
			<Shape DEF='_IDX_1260'>
				<Appearance USE='Material_376_IDX_376'/>
				<IndexedFaceSet solid="false" coordIndex='0 1 2 3 -1'>
					<Coordinate point='1.426582 0.196127 0.000000 1.277861 -0.221635 0.000000 1.311805 -0.235107 -0.357317 1.480373 0.182971 -0.350562'/>
				</IndexedFaceSet>
			</Shape>
			<Shape DEF='_IDX_1261'>
				<Appearance USE='Material_401_IDX_401'/>
				<IndexedFaceSet solid="false" coordIndex='0 1 2 3 -1'>
					<Coordinate point='4.436599 -2.433598 -5.263959 3.526448 -3.272860 -5.297267 4.269657 -4.251279 -6.170599 5.387133 -3.260218 -6.131800'/>
				</IndexedFaceSet>
			</Shape>
			<Shape DEF='_IDX_1262'>
				<Appearance USE='Material_400_IDX_400'/>
				<IndexedFaceSet solid="false" coordIndex='0 1 2 3 -1'>
					<Coordinate point='3.664487 -1.795653 -4.478475 2.921383 -2.513411 -4.506813 3.526448 -3.272860 -5.297267 4.436599 -2.433598 -5.263959'/>
				</IndexedFaceSet>
			</Shape>
			<Shape DEF='_IDX_1263'>
				<Appearance USE='Material_399_IDX_399'/>
				<IndexedFaceSet solid="false" coordIndex='0 1 2 3 -1'>
					<Coordinate point='3.039316 -1.309487 -3.763057 2.430382 -1.930853 -3.786868 2.921383 -2.513411 -4.506813 3.664487 -1.795653 -4.478475'/>
				</IndexedFaceSet>
			</Shape>
			<Shape DEF='_IDX_1264'>
				<Appearance DEF='Material_470_IDX_470'>
					<Material diffuseColor='0.255824 0.428068 0.808862'/>
					
				</Appearance>
				<IndexedFaceSet solid="false" coordIndex='0 1 2 3 -1'>
					<Coordinate point='2.536094 -0.945097 -3.106514 2.034503 -1.491053 -3.126171 2.430382 -1.930853 -3.786868 3.039316 -1.309487 -3.763057'/>
				</IndexedFaceSet>
			</Shape>
			<Shape DEF='_IDX_1265'>
				<Appearance USE='Material_397_IDX_397'/>
				<IndexedFaceSet solid="false" coordIndex='0 1 2 3 -1'>
					<Coordinate point='2.536094 -0.945097 -3.106514 2.034503 -1.491053 -3.126171 2.034503 -1.491053 -3.126171 2.536094 -0.945097 -3.106514'/>
				</IndexedFaceSet>
			</Shape>
			<Shape DEF='_IDX_1266'>
				<Appearance USE='Material_396_IDX_396'/>
				<IndexedFaceSet solid="false" coordIndex='0 1 2 3 -1'>
					<Coordinate point='2.238807 -0.744691 -2.665543 1.800574 -1.247598 -2.682409 2.034503 -1.491053 -3.126171 2.536094 -0.945097 -3.106514'/>
				</IndexedFaceSet>
			</Shape>
			<Shape DEF='_IDX_1267'>
				<Appearance USE='Material_395_IDX_395'/>
				<IndexedFaceSet solid="false" coordIndex='0 1 2 3 -1'>
					<Coordinate point='1.988495 -0.586842 -2.246068 1.603925 -1.054895 -2.260280 1.800574 -1.247598 -2.682409 2.238807 -0.744691 -2.665543'/>
				</IndexedFaceSet>
			</Shape>
			<Shape DEF='_IDX_1268'>
				<Appearance USE='Material_394_IDX_394'/>
				<IndexedFaceSet solid="false" coordIndex='0 1 2 3 -1'>
					<Coordinate point='1.780505 -0.465012 -1.844708 1.441269 -0.905651 -1.856380 1.603925 -1.054895 -2.260280 1.988495 -0.586842 -2.246068'/>
				</IndexedFaceSet>
			</Shape>
			<Shape DEF='_IDX_1269'>
				<Appearance USE='Material_402_IDX_402'/>
				<IndexedFaceSet solid="false" coordIndex='0 1 2 3 -1'>
					<Coordinate point='1.611176 -0.373537 -1.458224 1.310146 -0.793624 -1.467451 1.441269 -0.905651 -1.856380 1.780505 -0.465012 -1.844708'/>
				</IndexedFaceSet>
			</Shape>
			<Shape DEF='_IDX_1270'>
				<Appearance DEF='Material_471_IDX_471'>
					<Material diffuseColor='0.384559 0.671759 0.609112'/>
					
				</Appearance>
				<IndexedFaceSet solid="false" coordIndex='0 1 2 3 -1'>
					<Coordinate point='1.477753 -0.307502 -1.083501 1.208859 -0.713486 -1.090357 1.310146 -0.793624 -1.467451 1.611176 -0.373537 -1.458224'/>
				</IndexedFaceSet>
			</Shape>
			<Shape DEF='_IDX_1271'>
				<Appearance USE='Material_391_IDX_391'/>
				<IndexedFaceSet solid="false" coordIndex='0 1 2 3 -1'>
					<Coordinate point='1.378330 -0.262616 -0.717516 1.136436 -0.660692 -0.722056 1.208859 -0.713486 -1.090357 1.477753 -0.307502 -1.083501'/>
				</IndexedFaceSet>
			</Shape>
			<Shape DEF='_IDX_1272'>
				<Appearance USE='Material_390_IDX_390'/>
				<IndexedFaceSet solid="false" coordIndex='0 1 2 3 -1'>
					<Coordinate point='1.311805 -0.235107 -0.357317 1.092605 -0.631376 -0.359578 1.136436 -0.660692 -0.722056 1.378330 -0.262616 -0.717516'/>
				</IndexedFaceSet>
			</Shape>
			<Shape DEF='_IDX_1273'>
				<Appearance USE='Material_389_IDX_389'/>
				<IndexedFaceSet solid="false" coordIndex='0 1 2 3 -1'>
					<Coordinate point='1.277861 -0.221635 0.000000 1.077785 -0.622249 0.000000 1.092605 -0.631376 -0.359578 1.311805 -0.235107 -0.357317'/>
				</IndexedFaceSet>
			</Shape>
			<Shape DEF='_IDX_1274'>
				<Appearance USE='Material_404_IDX_404'/>
				<IndexedFaceSet solid="false" coordIndex='0 1 2 3 -1'>
					<Coordinate point='3.526448 -3.272860 -5.297267 2.505736 -3.936876 -5.263959 3.017434 -5.025595 -6.131800 4.269657 -4.251279 -6.170599'/>
				</IndexedFaceSet>
			</Shape>
			<Shape DEF='_IDX_1275'>
				<Appearance USE='Material_400_IDX_400'/>
				<IndexedFaceSet solid="false" coordIndex='0 1 2 3 -1'>
					<Coordinate point='2.921383 -2.513411 -4.506813 2.086999 -3.089608 -4.478475 2.505736 -3.936876 -5.263959 3.526448 -3.272860 -5.297267'/>
				</IndexedFaceSet>
			</Shape>
			<Shape DEF='_IDX_1276'>
				<Appearance DEF='Material_472_IDX_472'>
					<Material diffuseColor='0.246469 0.312422 0.799219'/>
					
				</Appearance>
				<IndexedFaceSet solid="false" coordIndex='0 1 2 3 -1'>
					<Coordinate point='2.430382 -1.930853 -3.786868 1.745334 -2.437981 -3.763057 2.086999 -3.089608 -4.478475 2.921383 -2.513411 -4.506813'/>
				</IndexedFaceSet>
			</Shape>
			<Shape DEF='_IDX_1277'>
				<Appearance USE='Material_398_IDX_398'/>
				<IndexedFaceSet solid="false" coordIndex='0 1 2 3 -1'>
					<Coordinate point='2.034503 -1.491053 -3.126171 1.468472 -1.944907 -3.106514 1.745334 -2.437981 -3.763057 2.430382 -1.930853 -3.786868'/>
				</IndexedFaceSet>
			</Shape>
			<Shape DEF='_IDX_1278'>
				<Appearance USE='Material_397_IDX_397'/>
				<IndexedFaceSet solid="false" coordIndex='0 1 2 3 -1'>
					<Coordinate point='2.034503 -1.491053 -3.126171 1.468472 -1.944907 -3.106514 1.468472 -1.944907 -3.106514 2.034503 -1.491053 -3.126171'/>
				</IndexedFaceSet>
			</Shape>
			<Shape DEF='_IDX_1279'>
				<Appearance DEF='Material_473_IDX_473'>
					<Material diffuseColor='0.275932 0.511047 0.787033'/>
					
				</Appearance>
				<IndexedFaceSet solid="false" coordIndex='0 1 2 3 -1'>
					<Coordinate point='1.800574 -1.247598 -2.682409 1.304408 -1.671633 -2.665543 1.468472 -1.944907 -3.106514 2.034503 -1.491053 -3.126171'/>
				</IndexedFaceSet>
			</Shape>
			<Shape DEF='_IDX_1280'>
				<Appearance USE='Material_395_IDX_395'/>
				<IndexedFaceSet solid="false" coordIndex='0 1 2 3 -1'>
					<Coordinate point='1.603925 -1.054895 -2.260280 1.166529 -1.455416 -2.246068 1.304408 -1.671633 -2.665543 1.800574 -1.247598 -2.682409'/>
				</IndexedFaceSet>
			</Shape>
			<Shape DEF='_IDX_1281'>
				<Appearance USE='Material_394_IDX_394'/>
				<IndexedFaceSet solid="false" coordIndex='0 1 2 3 -1'>
					<Coordinate point='1.441269 -0.905651 -1.856380 1.053033 -1.288458 -1.844708 1.166529 -1.455416 -2.246068 1.603925 -1.054895 -2.260280'/>
				</IndexedFaceSet>
			</Shape>
			<Shape DEF='_IDX_1282'>
				<Appearance USE='Material_402_IDX_402'/>
				<IndexedFaceSet solid="false" coordIndex='0 1 2 3 -1'>
					<Coordinate point='1.310146 -0.793624 -1.467451 0.962752 -1.164163 -1.458224 1.053033 -1.288458 -1.844708 1.441269 -0.905651 -1.856380'/>
				</IndexedFaceSet>
			</Shape>
			<Shape DEF='_IDX_1283'>
				<Appearance USE='Material_471_IDX_471'/>
				<IndexedFaceSet solid="false" coordIndex='0 1 2 3 -1'>
					<Coordinate point='1.208859 -0.713486 -1.090357 0.895111 -1.076982 -1.083501 0.962752 -1.164163 -1.458224 1.310146 -0.793624 -1.467451'/>
				</IndexedFaceSet>
			</Shape>
			<Shape DEF='_IDX_1284'>
				<Appearance USE='Material_391_IDX_391'/>
				<IndexedFaceSet solid="false" coordIndex='0 1 2 3 -1'>
					<Coordinate point='1.136436 -0.660692 -0.722056 0.850112 -1.022290 -0.717516 0.895111 -1.076982 -1.083501 1.208859 -0.713486 -1.090357'/>
				</IndexedFaceSet>
			</Shape>
			<Shape DEF='_IDX_1285'>
				<Appearance USE='Material_390_IDX_390'/>
				<IndexedFaceSet solid="false" coordIndex='0 1 2 3 -1'>
					<Coordinate point='1.092605 -0.631376 -0.359578 0.828322 -0.996272 -0.357317 0.850112 -1.022290 -0.717516 1.136436 -0.660692 -0.722056'/>
				</IndexedFaceSet>
			</Shape>
			<Shape DEF='_IDX_1286'>
				<Appearance USE='Material_389_IDX_389'/>
				<IndexedFaceSet solid="false" coordIndex='0 1 2 3 -1'>
					<Coordinate point='1.077785 -0.622249 0.000000 0.830881 -0.995828 0.000000 0.828322 -0.996272 -0.357317 1.092605 -0.631376 -0.359578'/>
				</IndexedFaceSet>
			</Shape>
			<Shape DEF='_IDX_1287'>
				<Appearance USE='Material_388_IDX_388'/>
				<IndexedFaceSet solid="false" coordIndex='0 1 2 3 -1'>
					<Coordinate point='2.505736 -3.936876 -5.263959 1.410635 -4.407647 -5.164454 1.674706 -5.561448 -6.015890 3.017434 -5.025595 -6.131800'/>
				</IndexedFaceSet>
			</Shape>
			<Shape DEF='_IDX_1288'>
				<Appearance USE='Material_387_IDX_387'/>
				<IndexedFaceSet solid="false" coordIndex='0 1 2 3 -1'>
					<Coordinate point='2.086999 -3.089608 -4.478475 1.190958 -3.509229 -4.393817 1.410635 -4.407647 -5.164454 2.505736 -3.936876 -5.263959'/>
				</IndexedFaceSet>
			</Shape>
			<Shape DEF='_IDX_1289'>
				<Appearance USE='Material_386_IDX_386'/>
				<IndexedFaceSet solid="false" coordIndex='0 1 2 3 -1'>
					<Coordinate point='1.745334 -2.437981 -3.763057 1.008454 -2.818227 -3.691924 1.190958 -3.509229 -4.393817 2.086999 -3.089608 -4.478475'/>
				</IndexedFaceSet>
			</Shape>
			<Shape DEF='_IDX_1290'>
				<Appearance USE='Material_385_IDX_385'/>
				<IndexedFaceSet solid="false" coordIndex='0 1 2 3 -1'>
					<Coordinate point='1.468472 -1.944907 -3.106514 0.857910 -2.295846 -3.047792 1.008454 -2.818227 -3.691924 1.745334 -2.437981 -3.763057'/>
				</IndexedFaceSet>
			</Shape>
			<Shape DEF='_IDX_1291'>
				<Appearance USE='Material_384_IDX_384'/>
				<IndexedFaceSet solid="false" coordIndex='0 1 2 3 -1'>
					<Coordinate point='1.468472 -1.944907 -3.106514 0.857910 -2.295846 -3.047792 0.857910 -2.295846 -3.047792 1.468472 -1.944907 -3.106514'/>
				</IndexedFaceSet>
			</Shape>
			<Shape DEF='_IDX_1292'>
				<Appearance USE='Material_383_IDX_383'/>
				<IndexedFaceSet solid="false" coordIndex='0 1 2 3 -1'>
					<Coordinate point='1.304408 -1.671633 -2.665543 0.767565 -2.007002 -2.615156 0.857910 -2.295846 -3.047792 1.468472 -1.944907 -3.106514'/>
				</IndexedFaceSet>
			</Shape>
			<Shape DEF='_IDX_1293'>
				<Appearance USE='Material_382_IDX_382'/>
				<IndexedFaceSet solid="false" coordIndex='0 1 2 3 -1'>
					<Coordinate point='1.166529 -1.455416 -2.246068 0.691256 -1.779390 -2.203610 0.767565 -2.007002 -2.615156 1.304408 -1.671633 -2.665543'/>
				</IndexedFaceSet>
			</Shape>
			<Shape DEF='_IDX_1294'>
				<Appearance USE='Material_381_IDX_381'/>
				<IndexedFaceSet solid="false" coordIndex='0 1 2 3 -1'>
					<Coordinate point='1.053033 -1.288458 -1.844708 0.628736 -1.604976 -1.809837 0.691256 -1.779390 -2.203610 1.166529 -1.455416 -2.246068'/>
				</IndexedFaceSet>
			</Shape>
			<Shape DEF='_IDX_1295'>
				<Appearance USE='Material_380_IDX_380'/>
				<IndexedFaceSet solid="false" coordIndex='0 1 2 3 -1'>
					<Coordinate point='0.962752 -1.164163 -1.458224 0.580183 -1.477034 -1.430659 0.628736 -1.604976 -1.809837 1.053033 -1.288458 -1.844708'/>
				</IndexedFaceSet>
			</Shape>
			<Shape DEF='_IDX_1296'>
				<Appearance USE='Material_379_IDX_379'/>
				<IndexedFaceSet solid="false" coordIndex='0 1 2 3 -1'>
					<Coordinate point='0.895111 -1.076982 -1.083501 0.546183 -1.389999 -1.063019 0.580183 -1.477034 -1.430659 0.962752 -1.164163 -1.458224'/>
				</IndexedFaceSet>
			</Shape>
			<Shape DEF='_IDX_1297'>
				<Appearance USE='Material_378_IDX_378'/>
				<IndexedFaceSet solid="false" coordIndex='0 1 2 3 -1'>
					<Coordinate point='0.850112 -1.022290 -0.717516 0.527724 -1.339335 -0.703952 0.546183 -1.389999 -1.063019 0.895111 -1.076982 -1.083501'/>
				</IndexedFaceSet>
			</Shape>
			<Shape DEF='_IDX_1298'>
				<Appearance USE='Material_377_IDX_377'/>
				<IndexedFaceSet solid="false" coordIndex='0 1 2 3 -1'>
					<Coordinate point='0.828322 -0.996272 -0.357317 0.526205 -1.321433 -0.350562 0.527724 -1.339335 -0.703952 0.850112 -1.022290 -0.717516'/>
				</IndexedFaceSet>
			</Shape>
			<Shape DEF='_IDX_1299'>
				<Appearance USE='Material_376_IDX_376'/>
				<IndexedFaceSet solid="false" coordIndex='0 1 2 3 -1'>
					<Coordinate point='0.830881 -0.995828 0.000000 0.543449 -1.333504 0.000000 0.526205 -1.321433 -0.350562 0.828322 -0.996272 -0.357317'/>
				</IndexedFaceSet>
			</Shape>
			<Shape DEF='_IDX_1300'>
				<Appearance DEF='Material_474_IDX_474'>
					<Material diffuseColor='0.332243 0.116416 0.646311'/>
					
				</Appearance>
				<IndexedFaceSet solid="false" coordIndex='0 1 2 3 -1'>
					<Coordinate point='1.410635 -4.407647 -5.164454 0.280033 -4.674008 -5.000002 0.288918 -5.845528 -5.824326 1.674706 -5.561448 -6.015890'/>
				</IndexedFaceSet>
			</Shape>
			<Shape DEF='_IDX_1301'>
				<Appearance USE='Material_374_IDX_374'/>
				<IndexedFaceSet solid="false" coordIndex='0 1 2 3 -1'>
					<Coordinate point='1.190958 -3.509229 -4.393817 0.265210 -3.762843 -4.253905 0.280033 -4.674008 -5.000002 1.410635 -4.407647 -5.164454'/>
				</IndexedFaceSet>
			</Shape>
			<Shape DEF='_IDX_1302'>
				<Appearance DEF='Material_475_IDX_475'>
					<Material diffuseColor='0.245130 0.339775 0.808668'/>
					
				</Appearance>
				<IndexedFaceSet solid="false" coordIndex='0 1 2 3 -1'>
					<Coordinate point='1.008454 -2.818227 -3.691924 0.246049 -3.063529 -3.574362 0.265210 -3.762843 -4.253905 1.190958 -3.509229 -4.393817'/>
				</IndexedFaceSet>
			</Shape>
			<Shape DEF='_IDX_1303'>
				<Appearance USE='Material_372_IDX_372'/>
				<IndexedFaceSet solid="false" coordIndex='0 1 2 3 -1'>
					<Coordinate point='0.857910 -2.295846 -3.047792 0.224508 -2.536843 -2.950741 0.246049 -3.063529 -3.574362 1.008454 -2.818227 -3.691924'/>
				</IndexedFaceSet>
			</Shape>
			<Shape DEF='_IDX_1304'>
				<Appearance USE='Material_408_IDX_408'/>
				<IndexedFaceSet solid="false" coordIndex='0 1 2 3 -1'>
					<Coordinate point='0.857910 -2.295846 -3.047792 0.224508 -2.536843 -2.950741 0.224508 -2.536843 -2.950741 0.857910 -2.295846 -3.047792'/>
				</IndexedFaceSet>
			</Shape>
			<Shape DEF='_IDX_1305'>
				<Appearance USE='Material_370_IDX_370'/>
				<IndexedFaceSet solid="false" coordIndex='0 1 2 3 -1'>
					<Coordinate point='0.767565 -2.007002 -2.615156 0.208947 -2.247217 -2.531882 0.224508 -2.536843 -2.950741 0.857910 -2.295846 -3.047792'/>
				</IndexedFaceSet>
			</Shape>
			<Shape DEF='_IDX_1306'>
				<Appearance USE='Material_369_IDX_369'/>
				<IndexedFaceSet solid="false" coordIndex='0 1 2 3 -1'>
					<Coordinate point='0.691256 -1.779390 -2.203610 0.194583 -2.020703 -2.133441 0.208947 -2.247217 -2.531882 0.767565 -2.007002 -2.615156'/>
				</IndexedFaceSet>
			</Shape>
			<Shape DEF='_IDX_1307'>
				<Appearance USE='Material_368_IDX_368'/>
				<IndexedFaceSet solid="false" coordIndex='0 1 2 3 -1'>
					<Coordinate point='0.628736 -1.604976 -1.809837 0.182758 -1.849290 -1.752206 0.194583 -2.020703 -2.133441 0.691256 -1.779390 -2.203610'/>
				</IndexedFaceSet>
			</Shape>
			<Shape DEF='_IDX_1308'>
				<Appearance USE='Material_407_IDX_407'/>
				<IndexedFaceSet solid="false" coordIndex='0 1 2 3 -1'>
					<Coordinate point='0.580183 -1.477034 -1.430659 0.175018 -1.726353 -1.385103 0.182758 -1.849290 -1.752206 0.628736 -1.604976 -1.809837'/>
				</IndexedFaceSet>
			</Shape>
			<Shape DEF='_IDX_1309'>
				<Appearance USE='Material_406_IDX_406'/>
				<IndexedFaceSet solid="false" coordIndex='0 1 2 3 -1'>
					<Coordinate point='0.546183 -1.389999 -1.063019 0.173114 -1.646507 -1.029169 0.175018 -1.726353 -1.385103 0.580183 -1.477034 -1.430659'/>
				</IndexedFaceSet>
			</Shape>
			<Shape DEF='_IDX_1310'>
				<Appearance USE='Material_365_IDX_365'/>
				<IndexedFaceSet solid="false" coordIndex='0 1 2 3 -1'>
					<Coordinate point='0.527724 -1.339335 -0.703952 0.179018 -1.605483 -0.681536 0.173114 -1.646507 -1.029169 0.546183 -1.389999 -1.063019'/>
				</IndexedFaceSet>
			</Shape>
			<Shape DEF='_IDX_1311'>
				<Appearance USE='Material_364_IDX_364'/>
				<IndexedFaceSet solid="false" coordIndex='0 1 2 3 -1'>
					<Coordinate point='0.526205 -1.321433 -0.350562 0.194931 -1.600021 -0.339400 0.179018 -1.605483 -0.681536 0.527724 -1.339335 -0.703952'/>
				</IndexedFaceSet>
			</Shape>
			<Shape DEF='_IDX_1312'>
				<Appearance USE='Material_363_IDX_363'/>
				<IndexedFaceSet solid="false" coordIndex='0 1 2 3 -1'>
					<Coordinate point='0.543449 -1.333504 0.000000 0.223311 -1.627773 0.000000 0.194931 -1.600021 -0.339400 0.526205 -1.321433 -0.350562'/>
				</IndexedFaceSet>
			</Shape>
			<Shape DEF='_IDX_1313'>
				<Appearance USE='Material_463_IDX_463'/>
				<IndexedFaceSet solid="false" coordIndex='0 1 2 3 -1'>
					<Coordinate point='0.280033 -4.674008 -5.000002 -0.845771 -4.731964 -4.772673 -1.090906 -5.873326 -5.559518 0.288918 -5.845528 -5.824326'/>
				</IndexedFaceSet>
			</Shape>
			<Shape DEF='_IDX_1314'>
				<Appearance USE='Material_361_IDX_361'/>
				<IndexedFaceSet solid="false" coordIndex='0 1 2 3 -1'>
					<Coordinate point='0.265210 -3.762843 -4.253905 -0.656999 -3.846891 -4.060498 -0.845771 -4.731964 -4.772673 0.280033 -4.674008 -5.000002'/>
				</IndexedFaceSet>
			</Shape>
			<Shape DEF='_IDX_1315'>
				<Appearance USE='Material_360_IDX_360'/>
				<IndexedFaceSet solid="false" coordIndex='0 1 2 3 -1'>
					<Coordinate point='0.246049 -3.063529 -3.574362 -0.514369 -3.170676 -3.411850 -0.656999 -3.846891 -4.060498 0.265210 -3.762843 -4.253905'/>
				</IndexedFaceSet>
			</Shape>
			<Shape DEF='_IDX_1316'>
				<Appearance DEF='Material_476_IDX_476'>
					<Material diffuseColor='0.263176 0.469902 0.804341'/>
					
				</Appearance>
				<IndexedFaceSet solid="false" coordIndex='0 1 2 3 -1'>
					<Coordinate point='0.224508 -2.536843 -2.950741 -0.408914 -2.664918 -2.816583 -0.514369 -3.170676 -3.411850 0.246049 -3.063529 -3.574362'/>
				</IndexedFaceSet>
			</Shape>
			<Shape DEF='_IDX_1317'>
				<Appearance USE='Material_358_IDX_358'/>
				<IndexedFaceSet solid="false" coordIndex='0 1 2 3 -1'>
					<Coordinate point='0.224508 -2.536843 -2.950741 -0.408914 -2.664918 -2.816583 -0.408914 -2.664918 -2.816583 0.224508 -2.536843 -2.950741'/>
				</IndexedFaceSet>
			</Shape>
			<Shape DEF='_IDX_1318'>
				<Appearance USE='Material_411_IDX_411'/>
				<IndexedFaceSet solid="false" coordIndex='0 1 2 3 -1'>
					<Coordinate point='0.208947 -2.247217 -2.531882 -0.351476 -2.389366 -2.416767 -0.408914 -2.664918 -2.816583 0.224508 -2.536843 -2.950741'/>
				</IndexedFaceSet>
			</Shape>
			<Shape DEF='_IDX_1319'>
				<Appearance USE='Material_356_IDX_356'/>
				<IndexedFaceSet solid="false" coordIndex='0 1 2 3 -1'>
					<Coordinate point='0.194583 -2.020703 -2.133441 -0.305987 -2.176404 -2.036442 -0.351476 -2.389366 -2.416767 0.208947 -2.247217 -2.531882'/>
				</IndexedFaceSet>
			</Shape>
			<Shape DEF='_IDX_1320'>
				<Appearance USE='Material_355_IDX_355'/>
				<IndexedFaceSet solid="false" coordIndex='0 1 2 3 -1'>
					<Coordinate point='0.182758 -1.849290 -1.752206 -0.269530 -2.018297 -1.672541 -0.305987 -2.176404 -2.036442 0.194583 -2.020703 -2.133441'/>
				</IndexedFaceSet>
			</Shape>
			<Shape DEF='_IDX_1321'>
				<Appearance USE='Material_410_IDX_410'/>
				<IndexedFaceSet solid="false" coordIndex='0 1 2 3 -1'>
					<Coordinate point='0.175018 -1.726353 -1.385103 -0.239195 -1.908736 -1.322128 -0.269530 -2.018297 -1.672541 0.182758 -1.849290 -1.752206'/>
				</IndexedFaceSet>
			</Shape>
			<Shape DEF='_IDX_1322'>
				<Appearance USE='Material_353_IDX_353'/>
				<IndexedFaceSet solid="false" coordIndex='0 1 2 3 -1'>
					<Coordinate point='0.173114 -1.646507 -1.029169 -0.212073 -1.842710 -0.982377 -0.239195 -1.908736 -1.322128 0.175018 -1.726353 -1.385103'/>
				</IndexedFaceSet>
			</Shape>
			<Shape DEF='_IDX_1323'>
				<Appearance USE='Material_352_IDX_352'/>
				<IndexedFaceSet solid="false" coordIndex='0 1 2 3 -1'>
					<Coordinate point='0.179018 -1.605483 -0.681536 -0.185235 -1.816387 -0.650550 -0.212073 -1.842710 -0.982377 0.173114 -1.646507 -1.029169'/>
				</IndexedFaceSet>
			</Shape>
			<Shape DEF='_IDX_1324'>
				<Appearance USE='Material_351_IDX_351'/>
				<IndexedFaceSet solid="false" coordIndex='0 1 2 3 -1'>
					<Coordinate point='0.194931 -1.600021 -0.339400 -0.155720 -1.827005 -0.323968 -0.185235 -1.816387 -0.650550 0.179018 -1.605483 -0.681536'/>
				</IndexedFaceSet>
			</Shape>
			<Shape DEF='_IDX_1325'>
				<Appearance USE='Material_350_IDX_350'/>
				<IndexedFaceSet solid="false" coordIndex='0 1 2 3 -1'>
					<Coordinate point='0.223311 -1.627773 0.000000 -0.120493 -1.872777 -0.000000 -0.155720 -1.827005 -0.323968 0.194931 -1.600021 -0.339400'/>
				</IndexedFaceSet>
			</Shape>
			<Shape DEF='_IDX_1326'>
				<Appearance USE='Material_461_IDX_461'/>
				<IndexedFaceSet solid="false" coordIndex='0 1 2 3 -1'>
					<Coordinate point='-0.845771 -4.731964 -4.772673 -1.926400 -4.584751 -4.485324 -2.415836 -5.649215 -5.224796 -1.090906 -5.873326 -5.559518'/>
				</IndexedFaceSet>
			</Shape>
			<Shape DEF='_IDX_1327'>
				<Appearance USE='Material_348_IDX_348'/>
				<IndexedFaceSet solid="false" coordIndex='0 1 2 3 -1'>
					<Coordinate point='-0.656999 -3.846891 -4.060498 -1.542183 -3.763750 -3.816027 -1.926400 -4.584751 -4.485324 -0.845771 -4.731964 -4.772673'/>
				</IndexedFaceSet>
			</Shape>
			<Shape DEF='_IDX_1328'>
				<Appearance DEF='Material_477_IDX_477'>
					<Material diffuseColor='0.250736 0.399117 0.811991'/>
					
				</Appearance>
				<IndexedFaceSet solid="false" coordIndex='0 1 2 3 -1'>
					<Coordinate point='-0.514369 -3.170676 -3.411850 -1.244915 -3.141403 -3.206433 -1.542183 -3.763750 -3.816027 -0.656999 -3.846891 -4.060498'/>
				</IndexedFaceSet>
			</Shape>
			<Shape DEF='_IDX_1329'>
				<Appearance USE='Material_416_IDX_416'/>
				<IndexedFaceSet solid="false" coordIndex='0 1 2 3 -1'>
					<Coordinate point='-0.408914 -2.664918 -2.816583 -1.019082 -2.681272 -2.647005 -1.244915 -3.141403 -3.206433 -0.514369 -3.170676 -3.411850'/>
				</IndexedFaceSet>
			</Shape>
			<Shape DEF='_IDX_1330'>
				<Appearance USE='Material_415_IDX_415'/>
				<IndexedFaceSet solid="false" coordIndex='0 1 2 3 -1'>
					<Coordinate point='-0.408914 -2.664918 -2.816583 -1.019082 -2.681272 -2.647005 -1.019082 -2.681272 -2.647005 -0.408914 -2.664918 -2.816583'/>
				</IndexedFaceSet>
			</Shape>
			<Shape DEF='_IDX_1331'>
				<Appearance USE='Material_344_IDX_344'/>
				<IndexedFaceSet solid="false" coordIndex='0 1 2 3 -1'>
					<Coordinate point='-0.351476 -2.389366 -2.416767 -0.893244 -2.434270 -2.271261 -1.019082 -2.681272 -2.647005 -0.408914 -2.664918 -2.816583'/>
				</IndexedFaceSet>
			</Shape>
			<Shape DEF='_IDX_1332'>
				<Appearance USE='Material_343_IDX_343'/>
				<IndexedFaceSet solid="false" coordIndex='0 1 2 3 -1'>
					<Coordinate point='-0.305987 -2.176404 -2.036442 -0.792455 -2.246896 -1.913834 -0.893244 -2.434270 -2.271261 -0.351476 -2.389366 -2.416767'/>
				</IndexedFaceSet>
			</Shape>
			<Shape DEF='_IDX_1333'>
				<Appearance USE='Material_342_IDX_342'/>
				<IndexedFaceSet solid="false" coordIndex='0 1 2 3 -1'>
					<Coordinate point='-0.269530 -2.018297 -1.672541 -0.712252 -2.111906 -1.571842 -0.792455 -2.246896 -1.913834 -0.305987 -2.176404 -2.036442'/>
				</IndexedFaceSet>
			</Shape>
			<Shape DEF='_IDX_1334'>
				<Appearance USE='Material_341_IDX_341'/>
				<IndexedFaceSet solid="false" coordIndex='0 1 2 3 -1'>
					<Coordinate point='-0.239195 -1.908736 -1.322128 -0.648385 -2.023509 -1.242526 -0.712252 -2.111906 -1.571842 -0.269530 -2.018297 -1.672541'/>
				</IndexedFaceSet>
			</Shape>
			<Shape DEF='_IDX_1335'>
				<Appearance USE='Material_340_IDX_340'/>
				<IndexedFaceSet solid="false" coordIndex='0 1 2 3 -1'>
					<Coordinate point='-0.212073 -1.842710 -0.982377 -0.596803 -1.977254 -0.923231 -0.648385 -2.023509 -1.242526 -0.239195 -1.908736 -1.322128'/>
				</IndexedFaceSet>
			</Shape>
			<Shape DEF='_IDX_1336'>
				<Appearance USE='Material_339_IDX_339'/>
				<IndexedFaceSet solid="false" coordIndex='0 1 2 3 -1'>
					<Coordinate point='-0.185235 -1.816387 -0.650550 -0.553651 -1.969913 -0.611382 -0.596803 -1.977254 -0.923231 -0.212073 -1.842710 -0.982377'/>
				</IndexedFaceSet>
			</Shape>
			<Shape DEF='_IDX_1337'>
				<Appearance USE='Material_338_IDX_338'/>
				<IndexedFaceSet solid="false" coordIndex='0 1 2 3 -1'>
					<Coordinate point='-0.155720 -1.827005 -0.323968 -0.515254 -1.999375 -0.304463 -0.553651 -1.969913 -0.611382 -0.185235 -1.816387 -0.650550'/>
				</IndexedFaceSet>
			</Shape>
			<Shape DEF='_IDX_1338'>
				<Appearance USE='Material_337_IDX_337'/>
				<IndexedFaceSet solid="false" coordIndex='0 1 2 3 -1'>
					<Coordinate point='-0.120493 -1.872777 -0.000000 -0.478079 -2.064535 0.000000 -0.515254 -1.999375 -0.304463 -0.155720 -1.827005 -0.323968'/>
				</IndexedFaceSet>
			</Shape>
			<Shape DEF='_IDX_1339'>
				<Appearance USE='Material_336_IDX_336'/>
				<IndexedFaceSet solid="false" coordIndex='0 1 2 3 -1'>
					<Coordinate point='-1.926400 -4.584751 -4.485324 -2.922732 -4.242600 -4.141571 -3.638725 -5.186180 -4.824369 -2.415836 -5.649215 -5.224796'/>
				</IndexedFaceSet>
			</Shape>
			<Shape DEF='_IDX_1340'>
				<Appearance USE='Material_460_IDX_460'/>
				<IndexedFaceSet solid="false" coordIndex='0 1 2 3 -1'>
					<Coordinate point='-1.542183 -3.763750 -3.816027 -2.357643 -3.521562 -3.523568 -2.922732 -4.242600 -4.141571 -1.926400 -4.584751 -4.485324'/>
				</IndexedFaceSet>
			</Shape>
			<Shape DEF='_IDX_1341'>
				<Appearance USE='Material_334_IDX_334'/>
				<IndexedFaceSet solid="false" coordIndex='0 1 2 3 -1'>
					<Coordinate point='-1.244915 -3.141403 -3.206433 -1.918119 -2.982293 -2.960693 -2.357643 -3.521562 -3.523568 -1.542183 -3.763750 -3.816027'/>
				</IndexedFaceSet>
			</Shape>
			<Shape DEF='_IDX_1342'>
				<Appearance USE='Material_333_IDX_333'/>
				<IndexedFaceSet solid="false" coordIndex='0 1 2 3 -1'>
					<Coordinate point='-1.019082 -2.681272 -2.647005 -1.582885 -2.591290 -2.444139 -1.918119 -2.982293 -2.960693 -1.244915 -3.141403 -3.206433'/>
				</IndexedFaceSet>
			</Shape>
			<Shape DEF='_IDX_1343'>
				<Appearance USE='Material_332_IDX_332'/>
				<IndexedFaceSet solid="false" coordIndex='0 1 2 3 -1'>
					<Coordinate point='-1.019082 -2.681272 -2.647005 -1.582885 -2.591290 -2.444139 -1.582885 -2.591290 -2.444139 -1.019082 -2.681272 -2.647005'/>
				</IndexedFaceSet>
			</Shape>
			<Shape DEF='_IDX_1344'>
				<Appearance USE='Material_331_IDX_331'/>
				<IndexedFaceSet solid="false" coordIndex='0 1 2 3 -1'>
					<Coordinate point='-0.893244 -2.434270 -2.271261 -1.395964 -2.386554 -2.097192 -1.582885 -2.591290 -2.444139 -1.019082 -2.681272 -2.647005'/>
				</IndexedFaceSet>
			</Shape>
			<Shape DEF='_IDX_1345'>
				<Appearance DEF='Material_478_IDX_478'>
					<Material diffuseColor='0.327254 0.613019 0.702919'/>
					
				</Appearance>
				<IndexedFaceSet solid="false" coordIndex='0 1 2 3 -1'>
					<Coordinate point='-0.792455 -2.246896 -1.913834 -1.246833 -2.236048 -1.767158 -1.395964 -2.386554 -2.097192 -0.893244 -2.434270 -2.271261'/>
				</IndexedFaceSet>
			</Shape>
			<Shape DEF='_IDX_1346'>
				<Appearance USE='Material_329_IDX_329'/>
				<IndexedFaceSet solid="false" coordIndex='0 1 2 3 -1'>
					<Coordinate point='-0.712252 -2.111906 -1.571842 -1.129526 -2.133185 -1.451376 -1.246833 -2.236048 -1.767158 -0.792455 -2.246896 -1.913834'/>
				</IndexedFaceSet>
			</Shape>
			<Shape DEF='_IDX_1347'>
				<Appearance USE='Material_328_IDX_328'/>
				<IndexedFaceSet solid="false" coordIndex='0 1 2 3 -1'>
					<Coordinate point='-0.648385 -2.023509 -1.242526 -1.038451 -2.072865 -1.147299 -1.129526 -2.133185 -1.451376 -0.712252 -2.111906 -1.571842'/>
				</IndexedFaceSet>
			</Shape>
			<Shape DEF='_IDX_1348'>
				<Appearance USE='Material_417_IDX_417'/>
				<IndexedFaceSet solid="false" coordIndex='0 1 2 3 -1'>
					<Coordinate point='-0.596803 -1.977254 -0.923231 -0.968425 -2.051380 -0.852475 -1.038451 -2.072865 -1.147299 -0.648385 -2.023509 -1.242526'/>
				</IndexedFaceSet>
			</Shape>
			<Shape DEF='_IDX_1349'>
				<Appearance USE='Material_326_IDX_326'/>
				<IndexedFaceSet solid="false" coordIndex='0 1 2 3 -1'>
					<Coordinate point='-0.553651 -1.969913 -0.611382 -0.914689 -2.066290 -0.564526 -0.968425 -2.051380 -0.852475 -0.596803 -1.977254 -0.923231'/>
				</IndexedFaceSet>
			</Shape>
			<Shape DEF='_IDX_1350'>
				<Appearance USE='Material_325_IDX_325'/>
				<IndexedFaceSet solid="false" coordIndex='0 1 2 3 -1'>
					<Coordinate point='-0.515254 -1.999375 -0.304463 -0.872910 -2.116292 -0.281129 -0.914689 -2.066290 -0.564526 -0.553651 -1.969913 -0.611382'/>
				</IndexedFaceSet>
			</Shape>
			<Shape DEF='_IDX_1351'>
				<Appearance USE='Material_324_IDX_324'/>
				<IndexedFaceSet solid="false" coordIndex='0 1 2 3 -1'>
					<Coordinate point='-0.478079 -2.064535 0.000000 -0.839141 -2.201096 -0.000000 -0.872910 -2.116292 -0.281129 -0.515254 -1.999375 -0.304463'/>
				</IndexedFaceSet>
			</Shape>
			<Shape DEF='_IDX_1352'>
				<Appearance USE='Material_323_IDX_323'/>
				<IndexedFaceSet solid="false" coordIndex='0 1 2 3 -1'>
					<Coordinate point='-2.922732 -4.242600 -4.141571 -3.798190 -3.722208 -3.745734 -4.715858 -4.505210 -4.363273 -3.638725 -5.186180 -4.824369'/>
				</IndexedFaceSet>
			</Shape>
			<Shape DEF='_IDX_1353'>
				<Appearance USE='Material_422_IDX_422'/>
				<IndexedFaceSet solid="false" coordIndex='0 1 2 3 -1'>
					<Coordinate point='-2.357643 -3.521562 -3.523568 -3.072423 -3.133794 -3.186798 -3.798190 -3.722208 -3.745734 -2.922732 -4.242600 -4.141571'/>
				</IndexedFaceSet>
			</Shape>
			<Shape DEF='_IDX_1354'>
				<Appearance USE='Material_421_IDX_421'/>
				<IndexedFaceSet solid="false" coordIndex='0 1 2 3 -1'>
					<Coordinate point='-1.918119 -2.982293 -2.960693 -2.507605 -2.704492 -2.677720 -3.072423 -3.133794 -3.186798 -2.357643 -3.521562 -3.523568'/>
				</IndexedFaceSet>
			</Shape>
			<Shape DEF='_IDX_1355'>
				<Appearance USE='Material_320_IDX_320'/>
				<IndexedFaceSet solid="false" coordIndex='0 1 2 3 -1'>
					<Coordinate point='-1.582885 -2.591290 -2.444139 -2.077893 -2.404426 -2.210537 -2.507605 -2.704492 -2.677720 -1.918119 -2.982293 -2.960693'/>
				</IndexedFaceSet>
			</Shape>
			<Shape DEF='_IDX_1356'>
				<Appearance USE='Material_319_IDX_319'/>
				<IndexedFaceSet solid="false" coordIndex='0 1 2 3 -1'>
					<Coordinate point='-1.582885 -2.591290 -2.444139 -2.077893 -2.404426 -2.210537 -2.077893 -2.404426 -2.210537 -1.582885 -2.591290 -2.444139'/>
				</IndexedFaceSet>
			</Shape>
			<Shape DEF='_IDX_1357'>
				<Appearance USE='Material_318_IDX_318'/>
				<IndexedFaceSet solid="false" coordIndex='0 1 2 3 -1'>
					<Coordinate point='-1.395964 -2.386554 -2.097192 -1.839779 -2.254648 -1.896750 -2.077893 -2.404426 -2.210537 -1.582885 -2.591290 -2.444139'/>
				</IndexedFaceSet>
			</Shape>
			<Shape DEF='_IDX_1358'>
				<Appearance USE='Material_420_IDX_420'/>
				<IndexedFaceSet solid="false" coordIndex='0 1 2 3 -1'>
					<Coordinate point='-1.246833 -2.236048 -1.767158 -1.651627 -2.151278 -1.598260 -1.839779 -2.254648 -1.896750 -1.395964 -2.386554 -2.097192'/>
				</IndexedFaceSet>
			</Shape>
			<Shape DEF='_IDX_1359'>
				<Appearance USE='Material_419_IDX_419'/>
				<IndexedFaceSet solid="false" coordIndex='0 1 2 3 -1'>
					<Coordinate point='-1.129526 -2.133185 -1.451376 -1.505958 -2.088477 -1.312659 -1.651627 -2.151278 -1.598260 -1.246833 -2.236048 -1.767158'/>
				</IndexedFaceSet>
			</Shape>
			<Shape DEF='_IDX_1360'>
				<Appearance USE='Material_315_IDX_315'/>
				<IndexedFaceSet solid="false" coordIndex='0 1 2 3 -1'>
					<Coordinate point='-1.038451 -2.072865 -1.147299 -1.395785 -2.061985 -1.037645 -1.505958 -2.088477 -1.312659 -1.129526 -2.133185 -1.451376'/>
				</IndexedFaceSet>
			</Shape>
			<Shape DEF='_IDX_1361'>
				<Appearance USE='Material_314_IDX_314'/>
				<IndexedFaceSet solid="false" coordIndex='0 1 2 3 -1'>
					<Coordinate point='-0.968425 -2.051380 -0.852475 -1.314745 -2.069036 -0.770999 -1.395785 -2.061985 -1.037645 -1.038451 -2.072865 -1.147299'/>
				</IndexedFaceSet>
			</Shape>
			<Shape DEF='_IDX_1362'>
				<Appearance USE='Material_313_IDX_313'/>
				<IndexedFaceSet solid="false" coordIndex='0 1 2 3 -1'>
					<Coordinate point='-0.914689 -2.066290 -0.564526 -1.257181 -2.108190 -0.510570 -1.314745 -2.069036 -0.770999 -0.968425 -2.051380 -0.852475'/>
				</IndexedFaceSet>
			</Shape>
			<Shape DEF='_IDX_1363'>
				<Appearance USE='Material_312_IDX_312'/>
				<IndexedFaceSet solid="false" coordIndex='0 1 2 3 -1'>
					<Coordinate point='-0.872910 -2.116292 -0.281129 -1.218162 -2.179152 -0.254260 -1.257181 -2.108190 -0.510570 -0.914689 -2.066290 -0.564526'/>
				</IndexedFaceSet>
			</Shape>
			<Shape DEF='_IDX_1364'>
				<Appearance USE='Material_311_IDX_311'/>
				<IndexedFaceSet solid="false" coordIndex='0 1 2 3 -1'>
					<Coordinate point='-0.839141 -2.201096 -0.000000 -1.193434 -2.282599 -0.000000 -1.218162 -2.179152 -0.254260 -0.872910 -2.116292 -0.281129'/>
				</IndexedFaceSet>
			</Shape>
			<Shape DEF='_IDX_1365'>
				<Appearance USE='Material_310_IDX_310'/>
				<IndexedFaceSet solid="false" coordIndex='0 1 2 3 -1'>
					<Coordinate point='-3.798190 -3.722208 -3.745734 -4.519960 -3.045872 -3.302792 -5.608541 -3.634363 -3.847306 -4.715858 -4.505210 -4.363273'/>
				</IndexedFaceSet>
			</Shape>
			<Shape DEF='_IDX_1366'>
				<Appearance USE='Material_426_IDX_426'/>
				<IndexedFaceSet solid="false" coordIndex='0 1 2 3 -1'>
					<Coordinate point='-3.072423 -3.133794 -3.186798 -3.658143 -2.618488 -2.809952 -4.519960 -3.045872 -3.302792 -3.798190 -3.722208 -3.745734'/>
				</IndexedFaceSet>
			</Shape>
			<Shape DEF='_IDX_1367'>
				<Appearance USE='Material_425_IDX_425'/>
				<IndexedFaceSet solid="false" coordIndex='0 1 2 3 -1'>
					<Coordinate point='-2.507605 -2.704492 -2.677720 -2.988580 -2.323182 -2.361074 -3.658143 -2.618488 -2.809952 -3.072423 -3.133794 -3.186798'/>
				</IndexedFaceSet>
			</Shape>
			<Shape DEF='_IDX_1368'>
				<Appearance USE='Material_307_IDX_307'/>
				<IndexedFaceSet solid="false" coordIndex='0 1 2 3 -1'>
					<Coordinate point='-2.077893 -2.404426 -2.210537 -2.482666 -2.133998 -1.949136 -2.988580 -2.323182 -2.361074 -2.507605 -2.704492 -2.677720'/>
				</IndexedFaceSet>
			</Shape>
			<Shape DEF='_IDX_1369'>
				<Appearance USE='Material_306_IDX_306'/>
				<IndexedFaceSet solid="false" coordIndex='0 1 2 3 -1'>
					<Coordinate point='-2.077893 -2.404426 -2.210537 -2.482666 -2.133998 -1.949136 -2.482666 -2.133998 -1.949136 -2.077893 -2.404426 -2.210537'/>
				</IndexedFaceSet>
			</Shape>
			<Shape DEF='_IDX_1370'>
				<Appearance USE='Material_305_IDX_305'/>
				<IndexedFaceSet solid="false" coordIndex='0 1 2 3 -1'>
					<Coordinate point='-1.839779 -2.254648 -1.896750 -2.205679 -2.050777 -1.672455 -2.482666 -2.133998 -1.949136 -2.077893 -2.404426 -2.210537'/>
				</IndexedFaceSet>
			</Shape>
			<Shape DEF='_IDX_1371'>
				<Appearance USE='Material_424_IDX_424'/>
				<IndexedFaceSet solid="false" coordIndex='0 1 2 3 -1'>
					<Coordinate point='-1.651627 -2.151278 -1.598260 -1.990229 -2.003673 -1.409262 -2.205679 -2.050777 -1.672455 -1.839779 -2.254648 -1.896750'/>
				</IndexedFaceSet>
			</Shape>
			<Shape DEF='_IDX_1372'>
				<Appearance USE='Material_303_IDX_303'/>
				<IndexedFaceSet solid="false" coordIndex='0 1 2 3 -1'>
					<Coordinate point='-1.505958 -2.088477 -1.312659 -1.827153 -1.987557 -1.157434 -1.990229 -2.003673 -1.409262 -1.651627 -2.151278 -1.598260'/>
				</IndexedFaceSet>
			</Shape>
			<Shape DEF='_IDX_1373'>
				<Appearance USE='Material_302_IDX_302'/>
				<IndexedFaceSet solid="false" coordIndex='0 1 2 3 -1'>
					<Coordinate point='-1.395785 -2.061985 -1.037645 -1.707853 -1.999158 -0.914941 -1.827153 -1.987557 -1.157434 -1.505958 -2.088477 -1.312659'/>
				</IndexedFaceSet>
			</Shape>
			<Shape DEF='_IDX_1374'>
				<Appearance USE='Material_423_IDX_423'/>
				<IndexedFaceSet solid="false" coordIndex='0 1 2 3 -1'>
					<Coordinate point='-1.314745 -2.069036 -0.770999 -1.624641 -2.036923 -0.679826 -1.707853 -1.999158 -0.914941 -1.395785 -2.061985 -1.037645'/>
				</IndexedFaceSet>
			</Shape>
			<Shape DEF='_IDX_1375'>
				<Appearance USE='Material_300_IDX_300'/>
				<IndexedFaceSet solid="false" coordIndex='0 1 2 3 -1'>
					<Coordinate point='-1.257181 -2.108190 -0.510570 -1.570934 -2.100726 -0.450194 -1.624641 -2.036923 -0.679826 -1.314745 -2.069036 -0.770999'/>
				</IndexedFaceSet>
			</Shape>
			<Shape DEF='_IDX_1376'>
				<Appearance USE='Material_299_IDX_299'/>
				<IndexedFaceSet solid="false" coordIndex='0 1 2 3 -1'>
					<Coordinate point='-1.218162 -2.179152 -0.254260 -1.541287 -2.191551 -0.224193 -1.570934 -2.100726 -0.450194 -1.257181 -2.108190 -0.510570'/>
				</IndexedFaceSet>
			</Shape>
			<Shape DEF='_IDX_1377'>
				<Appearance USE='Material_298_IDX_298'/>
				<IndexedFaceSet solid="false" coordIndex='0 1 2 3 -1'>
					<Coordinate point='-1.193434 -2.282599 -0.000000 -1.531292 -2.311235 -0.000000 -1.541287 -2.191551 -0.224193 -1.218162 -2.179152 -0.254260'/>
				</IndexedFaceSet>
			</Shape>
			<Shape DEF='_IDX_1378'>
				<Appearance USE='Material_434_IDX_434'/>
				<IndexedFaceSet solid="false" coordIndex='0 1 2 3 -1'>
					<Coordinate point='-4.519960 -3.045872 -3.302792 -5.060186 -2.240263 -2.818316 -6.284645 -2.607527 -3.282957 -5.608541 -3.634363 -3.847306'/>
				</IndexedFaceSet>
			</Shape>
			<Shape DEF='_IDX_1379'>
				<Appearance USE='Material_433_IDX_433'/>
				<IndexedFaceSet solid="false" coordIndex='0 1 2 3 -1'>
					<Coordinate point='-3.658143 -2.618488 -2.809952 -4.089684 -1.997104 -2.397769 -5.060186 -2.240263 -2.818316 -4.519960 -3.045872 -3.302792'/>
				</IndexedFaceSet>
			</Shape>
			<Shape DEF='_IDX_1380'>
				<Appearance DEF='Material_479_IDX_479'>
					<Material diffuseColor='0.301693 0.575072 0.746341'/>
					
				</Appearance>
				<IndexedFaceSet solid="false" coordIndex='0 1 2 3 -1'>
					<Coordinate point='-2.988580 -2.323182 -2.361074 -3.337978 -1.856741 -2.014735 -4.089684 -1.997104 -2.397769 -3.658143 -2.618488 -2.809952'/>
				</IndexedFaceSet>
			</Shape>
			<Shape DEF='_IDX_1381'>
				<Appearance DEF='Material_480_IDX_480'>
					<Material diffuseColor='0.328338 0.614413 0.701053'/>
					
				</Appearance>
				<IndexedFaceSet solid="false" coordIndex='0 1 2 3 -1'>
					<Coordinate point='-2.482666 -2.133998 -1.949136 -2.776645 -1.796917 -1.663223 -3.337978 -1.856741 -2.014735 -2.988580 -2.323182 -2.361074'/>
				</IndexedFaceSet>
			</Shape>
			<Shape DEF='_IDX_1382'>
				<Appearance USE='Material_293_IDX_293'/>
				<IndexedFaceSet solid="false" coordIndex='0 1 2 3 -1'>
					<Coordinate point='-2.482666 -2.133998 -1.949136 -2.776645 -1.796917 -1.663223 -2.776645 -1.796917 -1.663223 -2.482666 -2.133998 -1.949136'/>
				</IndexedFaceSet>
			</Shape>
			<Shape DEF='_IDX_1383'>
				<Appearance USE='Material_292_IDX_292'/>
				<IndexedFaceSet solid="false" coordIndex='0 1 2 3 -1'>
					<Coordinate point='-2.205679 -2.050777 -1.672455 -2.475524 -1.791084 -1.427128 -2.776645 -1.796917 -1.663223 -2.482666 -2.133998 -1.949136'/>
				</IndexedFaceSet>
			</Shape>
			<Shape DEF='_IDX_1384'>
				<Appearance USE='Material_430_IDX_430'/>
				<IndexedFaceSet solid="false" coordIndex='0 1 2 3 -1'>
					<Coordinate point='-1.990229 -2.003673 -1.409262 -2.247213 -1.808298 -1.202542 -2.475524 -1.791084 -1.427128 -2.205679 -2.050777 -1.672455'/>
				</IndexedFaceSet>
			</Shape>
			<Shape DEF='_IDX_1385'>
				<Appearance USE='Material_290_IDX_290'/>
				<IndexedFaceSet solid="false" coordIndex='0 1 2 3 -1'>
					<Coordinate point='-1.827153 -1.987557 -1.157434 -2.080280 -1.843928 -0.987654 -2.247213 -1.808298 -1.202542 -1.990229 -2.003673 -1.409262'/>
				</IndexedFaceSet>
			</Shape>
			<Shape DEF='_IDX_1386'>
				<Appearance USE='Material_429_IDX_429'/>
				<IndexedFaceSet solid="false" coordIndex='0 1 2 3 -1'>
					<Coordinate point='-1.707853 -1.999158 -0.914941 -1.963934 -1.895939 -0.780731 -2.080280 -1.843928 -0.987654 -1.827153 -1.987557 -1.157434'/>
				</IndexedFaceSet>
			</Shape>
			<Shape DEF='_IDX_1387'>
				<Appearance USE='Material_428_IDX_428'/>
				<IndexedFaceSet solid="false" coordIndex='0 1 2 3 -1'>
					<Coordinate point='-1.624641 -2.036923 -0.679826 -1.888837 -1.964502 -0.580105 -1.963934 -1.895939 -0.780731 -1.707853 -1.999158 -0.914941'/>
				</IndexedFaceSet>
			</Shape>
			<Shape DEF='_IDX_1388'>
				<Appearance USE='Material_287_IDX_287'/>
				<IndexedFaceSet solid="false" coordIndex='0 1 2 3 -1'>
					<Coordinate point='-1.570934 -2.100726 -0.450194 -1.847456 -2.051333 -0.384157 -1.888837 -1.964502 -0.580105 -1.624641 -2.036923 -0.679826'/>
				</IndexedFaceSet>
			</Shape>
			<Shape DEF='_IDX_1389'>
				<Appearance USE='Material_427_IDX_427'/>
				<IndexedFaceSet solid="false" coordIndex='0 1 2 3 -1'>
					<Coordinate point='-1.541287 -2.191551 -0.224193 -1.834007 -2.159100 -0.191307 -1.847456 -2.051333 -0.384157 -1.570934 -2.100726 -0.450194'/>
				</IndexedFaceSet>
			</Shape>
			<Shape DEF='_IDX_1390'>
				<Appearance USE='Material_285_IDX_285'/>
				<IndexedFaceSet solid="false" coordIndex='0 1 2 3 -1'>
					<Coordinate point='-1.531292 -2.311235 -0.000000 -1.844197 -2.291043 -0.000000 -1.834007 -2.159100 -0.191307 -1.541287 -2.191551 -0.224193'/>
				</IndexedFaceSet>
			</Shape>
			<Shape DEF='_IDX_1391'>
				<Appearance USE='Material_441_IDX_441'/>
				<IndexedFaceSet solid="false" coordIndex='0 1 2 3 -1'>
					<Coordinate point='-5.060186 -2.240263 -2.818316 -5.397271 -1.334828 -2.298398 -6.720164 -1.462970 -2.677323 -6.284645 -2.607527 -3.282957'/>
				</IndexedFaceSet>
			</Shape>
			<Shape DEF='_IDX_1392'>
				<Appearance USE='Material_440_IDX_440'/>
				<IndexedFaceSet solid="false" coordIndex='0 1 2 3 -1'>
					<Coordinate point='-4.089684 -1.997104 -2.397769 -4.345799 -1.292715 -1.955433 -5.397271 -1.334828 -2.298398 -5.060186 -2.240263 -2.818316'/>
				</IndexedFaceSet>
			</Shape>
			<Shape DEF='_IDX_1393'>
				<Appearance USE='Material_282_IDX_282'/>
				<IndexedFaceSet solid="false" coordIndex='0 1 2 3 -1'>
					<Coordinate point='-3.337978 -1.856741 -2.014735 -3.534007 -1.325311 -1.643061 -4.345799 -1.292715 -1.955433 -4.089684 -1.997104 -2.397769'/>
				</IndexedFaceSet>
			</Shape>
			<Shape DEF='_IDX_1394'>
				<Appearance USE='Material_439_IDX_439'/>
				<IndexedFaceSet solid="false" coordIndex='0 1 2 3 -1'>
					<Coordinate point='-2.776645 -1.796917 -1.663223 -2.939211 -1.413465 -1.356395 -3.534007 -1.325311 -1.643061 -3.337978 -1.856741 -2.014735'/>
				</IndexedFaceSet>
			</Shape>
			<Shape DEF='_IDX_1395'>
				<Appearance USE='Material_280_IDX_280'/>
				<IndexedFaceSet solid="false" coordIndex='0 1 2 3 -1'>
					<Coordinate point='-2.776645 -1.796917 -1.663223 -2.939211 -1.413465 -1.356395 -2.939211 -1.413465 -1.356395 -2.776645 -1.796917 -1.663223'/>
				</IndexedFaceSet>
			</Shape>
			<Shape DEF='_IDX_1396'>
				<Appearance USE='Material_438_IDX_438'/>
				<IndexedFaceSet solid="false" coordIndex='0 1 2 3 -1'>
					<Coordinate point='-2.475524 -1.791084 -1.427128 -2.631500 -1.496208 -1.163854 -2.939211 -1.413465 -1.356395 -2.776645 -1.796917 -1.663223'/>
				</IndexedFaceSet>
			</Shape>
			<Shape DEF='_IDX_1397'>
				<Appearance USE='Material_437_IDX_437'/>
				<IndexedFaceSet solid="false" coordIndex='0 1 2 3 -1'>
					<Coordinate point='-2.247213 -1.808298 -1.202542 -2.408550 -1.585068 -0.980699 -2.631500 -1.496208 -1.163854 -2.475524 -1.791084 -1.427128'/>
				</IndexedFaceSet>
			</Shape>
			<Shape DEF='_IDX_1398'>
				<Appearance USE='Material_277_IDX_277'/>
				<IndexedFaceSet solid="false" coordIndex='0 1 2 3 -1'>
					<Coordinate point='-2.080280 -1.843928 -0.987654 -2.254909 -1.675467 -0.805453 -2.408550 -1.585068 -0.980699 -2.247213 -1.808298 -1.202542'/>
				</IndexedFaceSet>
			</Shape>
			<Shape DEF='_IDX_1399'>
				<Appearance USE='Material_436_IDX_436'/>
				<IndexedFaceSet solid="false" coordIndex='0 1 2 3 -1'>
					<Coordinate point='-1.963934 -1.895939 -0.780731 -2.156209 -1.767371 -0.636703 -2.254909 -1.675467 -0.805453 -2.080280 -1.843928 -0.987654'/>
				</IndexedFaceSet>
			</Shape>
			<Shape DEF='_IDX_1400'>
				<Appearance USE='Material_435_IDX_435'/>
				<IndexedFaceSet solid="false" coordIndex='0 1 2 3 -1'>
					<Coordinate point='-1.888837 -1.964502 -0.580105 -2.100964 -1.863847 -0.473088 -2.156209 -1.767371 -0.636703 -1.963934 -1.895939 -0.780731'/>
				</IndexedFaceSet>
			</Shape>
			<Shape DEF='_IDX_1401'>
				<Appearance USE='Material_274_IDX_274'/>
				<IndexedFaceSet solid="false" coordIndex='0 1 2 3 -1'>
					<Coordinate point='-1.847456 -2.051333 -0.384157 -2.080848 -1.969416 -0.313288 -2.100964 -1.863847 -0.473088 -1.888837 -1.964502 -0.580105'/>
				</IndexedFaceSet>
			</Shape>
			<Shape DEF='_IDX_1402'>
				<Appearance USE='Material_273_IDX_273'/>
				<IndexedFaceSet solid="false" coordIndex='0 1 2 3 -1'>
					<Coordinate point='-1.834007 -2.159100 -0.191307 -2.090197 -2.089009 -0.156015 -2.080848 -1.969416 -0.313288 -1.847456 -2.051333 -0.384157'/>
				</IndexedFaceSet>
			</Shape>
			<Shape DEF='_IDX_1403'>
				<Appearance USE='Material_272_IDX_272'/>
				<IndexedFaceSet solid="false" coordIndex='0 1 2 3 -1'>
					<Coordinate point='-1.844197 -2.291043 -0.000000 -2.125330 -2.227522 -0.000000 -2.090197 -2.089009 -0.156015 -1.834007 -2.159100 -0.191307'/>
				</IndexedFaceSet>
			</Shape>
			<Shape DEF='_IDX_1404'>
				<Appearance USE='Material_444_IDX_444'/>
				<IndexedFaceSet solid="false" coordIndex='0 1 2 3 -1'>
					<Coordinate point='-5.397271 -1.334828 -2.298398 -5.517675 -0.359899 -1.749576 -6.900875 -0.241917 -2.038020 -6.720164 -1.462970 -2.677323'/>
				</IndexedFaceSet>
			</Shape>
			<Shape DEF='_IDX_1405'>
				<Appearance USE='Material_443_IDX_443'/>
				<IndexedFaceSet solid="false" coordIndex='0 1 2 3 -1'>
					<Coordinate point='-4.345799 -1.292715 -1.955433 -4.410101 -0.527080 -1.488506 -5.517675 -0.359899 -1.749576 -5.397271 -1.334828 -2.298398'/>
				</IndexedFaceSet>
			</Shape>
			<Shape DEF='_IDX_1406'>
				<Appearance USE='Material_269_IDX_269'/>
				<IndexedFaceSet solid="false" coordIndex='0 1 2 3 -1'>
					<Coordinate point='-3.534007 -1.325311 -1.643061 -3.554630 -0.747876 -1.250723 -4.410101 -0.527080 -1.488506 -4.345799 -1.292715 -1.955433'/>
				</IndexedFaceSet>
			</Shape>
			<Shape DEF='_IDX_1407'>
				<Appearance USE='Material_268_IDX_268'/>
				<IndexedFaceSet solid="false" coordIndex='0 1 2 3 -1'>
					<Coordinate point='-2.939211 -1.413465 -1.356395 -2.946603 -1.007280 -1.032509 -3.554630 -0.747876 -1.250723 -3.534007 -1.325311 -1.643061'/>
				</IndexedFaceSet>
			</Shape>
			<Shape DEF='_IDX_1408'>
				<Appearance USE='Material_267_IDX_267'/>
				<IndexedFaceSet solid="false" coordIndex='0 1 2 3 -1'>
					<Coordinate point='-2.939211 -1.413465 -1.356395 -2.946603 -1.007280 -1.032509 -2.946603 -1.007280 -1.032509 -2.939211 -1.413465 -1.356395'/>
				</IndexedFaceSet>
			</Shape>
			<Shape DEF='_IDX_1409'>
				<Appearance USE='Material_266_IDX_266'/>
				<IndexedFaceSet solid="false" coordIndex='0 1 2 3 -1'>
					<Coordinate point='-2.631500 -1.496208 -1.163854 -2.654416 -1.193367 -0.885944 -2.946603 -1.007280 -1.032509 -2.939211 -1.413465 -1.356395'/>
				</IndexedFaceSet>
			</Shape>
			<Shape DEF='_IDX_1410'>
				<Appearance USE='Material_265_IDX_265'/>
				<IndexedFaceSet solid="false" coordIndex='0 1 2 3 -1'>
					<Coordinate point='-2.408550 -1.585068 -0.980699 -2.462089 -1.361069 -0.746523 -2.654416 -1.193367 -0.885944 -2.631500 -1.496208 -1.163854'/>
				</IndexedFaceSet>
			</Shape>
			<Shape DEF='_IDX_1411'>
				<Appearance USE='Material_264_IDX_264'/>
				<IndexedFaceSet solid="false" coordIndex='0 1 2 3 -1'>
					<Coordinate point='-2.254909 -1.675467 -0.805453 -2.344781 -1.505684 -0.613123 -2.462089 -1.361069 -0.746523 -2.408550 -1.585068 -0.980699'/>
				</IndexedFaceSet>
			</Shape>
			<Shape DEF='_IDX_1412'>
				<Appearance USE='Material_263_IDX_263'/>
				<IndexedFaceSet solid="false" coordIndex='0 1 2 3 -1'>
					<Coordinate point='-2.156209 -1.767371 -0.636703 -2.281712 -1.632102 -0.484668 -2.344781 -1.505684 -0.613123 -2.254909 -1.675467 -0.805453'/>
				</IndexedFaceSet>
			</Shape>
			<Shape DEF='_IDX_1413'>
				<Appearance USE='Material_442_IDX_442'/>
				<IndexedFaceSet solid="false" coordIndex='0 1 2 3 -1'>
					<Coordinate point='-2.100964 -1.863847 -0.473088 -2.259107 -1.749089 -0.360122 -2.281712 -1.632102 -0.484668 -2.156209 -1.767371 -0.636703'/>
				</IndexedFaceSet>
			</Shape>
			<Shape DEF='_IDX_1414'>
				<Appearance USE='Material_261_IDX_261'/>
				<IndexedFaceSet solid="false" coordIndex='0 1 2 3 -1'>
					<Coordinate point='-2.080848 -1.969416 -0.313288 -2.268869 -1.865560 -0.238480 -2.259107 -1.749089 -0.360122 -2.100964 -1.863847 -0.473088'/>
				</IndexedFaceSet>
			</Shape>
			<Shape DEF='_IDX_1415'>
				<Appearance USE='Material_260_IDX_260'/>
				<IndexedFaceSet solid="false" coordIndex='0 1 2 3 -1'>
					<Coordinate point='-2.090197 -2.089009 -0.156015 -2.306577 -1.989316 -0.118761 -2.268869 -1.865560 -0.238480 -2.080848 -1.969416 -0.313288'/>
				</IndexedFaceSet>
			</Shape>
			<Shape DEF='_IDX_1416'>
				<Appearance USE='Material_259_IDX_259'/>
				<IndexedFaceSet solid="false" coordIndex='0 1 2 3 -1'>
					<Coordinate point='-2.125330 -2.227522 -0.000000 -2.370045 -2.126971 -0.000000 -2.306577 -1.989316 -0.118761 -2.090197 -2.089009 -0.156015'/>
				</IndexedFaceSet>
			</Shape>
			<Shape DEF='_IDX_1417'>
				<Appearance USE='Material_449_IDX_449'/>
				<IndexedFaceSet solid="false" coordIndex='0 1 2 3 -1'>
					<Coordinate point='-5.517675 -0.359899 -1.749576 -5.418911 0.654781 -1.178753 -6.824070 1.012368 -1.373088 -6.900875 -0.241917 -2.038020'/>
				</IndexedFaceSet>
			</Shape>
			<Shape DEF='_IDX_1418'>
				<Appearance USE='Material_448_IDX_448'/>
				<IndexedFaceSet solid="false" coordIndex='0 1 2 3 -1'>
					<Coordinate point='-4.410101 -0.527080 -1.488506 -4.274275 0.283975 -1.002860 -5.418911 0.654781 -1.178753 -5.517675 -0.359899 -1.749576'/>
				</IndexedFaceSet>
			</Shape>
			<Shape DEF='_IDX_1419'>
				<Appearance USE='Material_256_IDX_256'/>
				<IndexedFaceSet solid="false" coordIndex='0 1 2 3 -1'>
					<Coordinate point='-3.554630 -0.747876 -1.250723 -3.374598 -0.134421 -0.842658 -4.274275 0.283975 -1.002860 -4.410101 -0.527080 -1.488506'/>
				</IndexedFaceSet>
			</Shape>
			<Shape DEF='_IDX_1420'>
				<Appearance USE='Material_447_IDX_447'/>
				<IndexedFaceSet solid="false" coordIndex='0 1 2 3 -1'>
					<Coordinate point='-2.946603 -1.007280 -1.032509 -2.762142 -0.606129 -0.695639 -3.374598 -0.134421 -0.842658 -3.554630 -0.747876 -1.250723'/>
				</IndexedFaceSet>
			</Shape>
			<Shape DEF='_IDX_1421'>
				<Appearance USE='Material_446_IDX_446'/>
				<IndexedFaceSet solid="false" coordIndex='0 1 2 3 -1'>
					<Coordinate point='-2.946603 -1.007280 -1.032509 -2.762142 -0.606129 -0.695639 -2.762142 -0.606129 -0.695639 -2.946603 -1.007280 -1.032509'/>
				</IndexedFaceSet>
			</Shape>
			<Shape DEF='_IDX_1422'>
				<Appearance USE='Material_445_IDX_445'/>
				<IndexedFaceSet solid="false" coordIndex='0 1 2 3 -1'>
					<Coordinate point='-2.654416 -1.193367 -0.885944 -2.519580 -0.923843 -0.596892 -2.762142 -0.606129 -0.695639 -2.946603 -1.007280 -1.032509'/>
				</IndexedFaceSet>
			</Shape>
			<Shape DEF='_IDX_1423'>
				<Appearance USE='Material_252_IDX_252'/>
				<IndexedFaceSet solid="false" coordIndex='0 1 2 3 -1'>
					<Coordinate point='-2.462089 -1.361069 -0.746523 -2.400363 -1.176534 -0.502960 -2.519580 -0.923843 -0.596892 -2.654416 -1.193367 -0.885944'/>
				</IndexedFaceSet>
			</Shape>
			<Shape DEF='_IDX_1424'>
				<Appearance USE='Material_251_IDX_251'/>
				<IndexedFaceSet solid="false" coordIndex='0 1 2 3 -1'>
					<Coordinate point='-2.344781 -1.505684 -0.613123 -2.352515 -1.365410 -0.413083 -2.400363 -1.176534 -0.502960 -2.462089 -1.361069 -0.746523'/>
				</IndexedFaceSet>
			</Shape>
			<Shape DEF='_IDX_1425'>
				<Appearance USE='Material_250_IDX_250'/>
				<IndexedFaceSet solid="false" coordIndex='0 1 2 3 -1'>
					<Coordinate point='-2.281712 -1.632102 -0.484668 -2.345912 -1.511453 -0.326539 -2.352515 -1.365410 -0.413083 -2.344781 -1.505684 -0.613123'/>
				</IndexedFaceSet>
			</Shape>
			<Shape DEF='_IDX_1426'>
				<Appearance USE='Material_249_IDX_249'/>
				<IndexedFaceSet solid="false" coordIndex='0 1 2 3 -1'>
					<Coordinate point='-2.259107 -1.749089 -0.360122 -2.367871 -1.634697 -0.242627 -2.345912 -1.511453 -0.326539 -2.281712 -1.632102 -0.484668'/>
				</IndexedFaceSet>
			</Shape>
			<Shape DEF='_IDX_1427'>
				<Appearance USE='Material_248_IDX_248'/>
				<IndexedFaceSet solid="false" coordIndex='0 1 2 3 -1'>
					<Coordinate point='-2.268869 -1.865560 -0.238480 -2.413945 -1.749913 -0.160673 -2.367871 -1.634697 -0.242627 -2.259107 -1.749089 -0.360122'/>
				</IndexedFaceSet>
			</Shape>
			<Shape DEF='_IDX_1428'>
				<Appearance USE='Material_247_IDX_247'/>
				<IndexedFaceSet solid="false" coordIndex='0 1 2 3 -1'>
					<Coordinate point='-2.306577 -1.989316 -0.118761 -2.483161 -1.867618 -0.080014 -2.413945 -1.749913 -0.160673 -2.268869 -1.865560 -0.238480'/>
				</IndexedFaceSet>
			</Shape>
			<Shape DEF='_IDX_1429'>
				<Appearance USE='Material_246_IDX_246'/>
				<IndexedFaceSet solid="false" coordIndex='0 1 2 3 -1'>
					<Coordinate point='-2.370045 -2.126971 -0.000000 -2.576069 -1.995572 -0.000000 -2.483161 -1.867618 -0.080014 -2.306577 -1.989316 -0.118761'/>
				</IndexedFaceSet>
			</Shape>
			<Shape DEF='_IDX_1430'>
				<Appearance USE='Material_454_IDX_454'/>
				<IndexedFaceSet solid="false" coordIndex='0 1 2 3 -1'>
					<Coordinate point='-5.418911 0.654781 -1.178753 -5.113871 1.678867 -0.593106 -6.499730 2.254346 -0.690888 -6.824070 1.012368 -1.373088'/>
				</IndexedFaceSet>
			</Shape>
			<Shape DEF='_IDX_1431'>
				<Appearance USE='Material_453_IDX_453'/>
				<IndexedFaceSet solid="false" coordIndex='0 1 2 3 -1'>
					<Coordinate point='-4.274275 0.283975 -1.002860 -3.949142 1.134427 -0.504603 -5.113871 1.678867 -0.593106 -5.418911 0.654781 -1.178753'/>
				</IndexedFaceSet>
			</Shape>
			<Shape DEF='_IDX_1432'>
				<Appearance USE='Material_243_IDX_243'/>
				<IndexedFaceSet solid="false" coordIndex='0 1 2 3 -1'>
					<Coordinate point='-3.374598 -0.134421 -0.842658 -2.967764 0.540356 -0.423995 -3.949142 1.134427 -0.504603 -4.274275 0.283975 -1.002860'/>
				</IndexedFaceSet>
			</Shape>
			<Shape DEF='_IDX_1433'>
				<Appearance USE='Material_242_IDX_242'/>
				<IndexedFaceSet solid="false" coordIndex='0 1 2 3 -1'>
					<Coordinate point='-2.762142 -0.606129 -0.695639 -2.293854 -0.245623 -0.350020 -2.967764 0.540356 -0.423995 -3.374598 -0.134421 -0.842658'/>
				</IndexedFaceSet>
			</Shape>
			<Shape DEF='_IDX_1434'>
				<Appearance USE='Material_241_IDX_241'/>
				<IndexedFaceSet solid="false" coordIndex='0 1 2 3 -1'>
					<Coordinate point='-2.762142 -0.606129 -0.695639 -2.293854 -0.245623 -0.350020 -2.293854 -0.245623 -0.350020 -2.762142 -0.606129 -0.695639'/>
				</IndexedFaceSet>
			</Shape>
			<Shape DEF='_IDX_1435'>
				<Appearance USE='Material_452_IDX_452'/>
				<IndexedFaceSet solid="false" coordIndex='0 1 2 3 -1'>
					<Coordinate point='-2.519580 -0.923843 -0.596892 -2.192017 -0.775707 -0.300335 -2.293854 -0.245623 -0.350020 -2.762142 -0.606129 -0.695639'/>
				</IndexedFaceSet>
			</Shape>
			<Shape DEF='_IDX_1436'>
				<Appearance USE='Material_451_IDX_451'/>
				<IndexedFaceSet solid="false" coordIndex='0 1 2 3 -1'>
					<Coordinate point='-2.400363 -1.176534 -0.502960 -2.236982 -1.096684 -0.253071 -2.192017 -0.775707 -0.300335 -2.519580 -0.923843 -0.596892'/>
				</IndexedFaceSet>
			</Shape>
			<Shape DEF='_IDX_1437'>
				<Appearance USE='Material_238_IDX_238'/>
				<IndexedFaceSet solid="false" coordIndex='0 1 2 3 -1'>
					<Coordinate point='-2.352515 -1.365410 -0.413083 -2.301457 -1.290660 -0.207849 -2.236982 -1.096684 -0.253071 -2.400363 -1.176534 -0.502960'/>
				</IndexedFaceSet>
			</Shape>
			<Shape DEF='_IDX_1438'>
				<Appearance USE='Material_450_IDX_450'/>
				<IndexedFaceSet solid="false" coordIndex='0 1 2 3 -1'>
					<Coordinate point='-2.345912 -1.511453 -0.326539 -2.367910 -1.424454 -0.164302 -2.301457 -1.290660 -0.207849 -2.352515 -1.365410 -0.413083'/>
				</IndexedFaceSet>
			</Shape>
			<Shape DEF='_IDX_1439'>
				<Appearance USE='Material_236_IDX_236'/>
				<IndexedFaceSet solid="false" coordIndex='0 1 2 3 -1'>
					<Coordinate point='-2.367871 -1.634697 -0.242627 -2.439968 -1.531432 -0.122081 -2.367910 -1.424454 -0.164302 -2.345912 -1.511453 -0.326539'/>
				</IndexedFaceSet>
			</Shape>
			<Shape DEF='_IDX_1440'>
				<Appearance USE='Material_235_IDX_235'/>
				<IndexedFaceSet solid="false" coordIndex='0 1 2 3 -1'>
					<Coordinate point='-2.413945 -1.749913 -0.160673 -2.523316 -1.629490 -0.080845 -2.439968 -1.531432 -0.122081 -2.367871 -1.634697 -0.242627'/>
				</IndexedFaceSet>
			</Shape>
			<Shape DEF='_IDX_1441'>
				<Appearance USE='Material_234_IDX_234'/>
				<IndexedFaceSet solid="false" coordIndex='0 1 2 3 -1'>
					<Coordinate point='-2.483161 -1.867618 -0.080014 -2.622970 -1.729384 -0.040260 -2.523316 -1.629490 -0.080845 -2.413945 -1.749913 -0.160673'/>
				</IndexedFaceSet>
			</Shape>
			<Shape DEF='_IDX_1442'>
				<Appearance USE='Material_233_IDX_233'/>
				<IndexedFaceSet solid="false" coordIndex='0 1 2 3 -1'>
					<Coordinate point='-2.576069 -1.995572 -0.000000 -2.743182 -1.838325 0.000000 -2.622970 -1.729384 -0.040260 -2.483161 -1.867618 -0.080014'/>
				</IndexedFaceSet>
			</Shape>
			<Shape DEF='_IDX_1443'>
				<Appearance USE='Material_232_IDX_232'/>
				<IndexedFaceSet solid="false" coordIndex='0 1 2 3 -1'>
					<Coordinate point='-5.113871 1.678867 -0.593106 -4.632362 2.674506 0.000000 -5.949481 3.434944 0.000000 -6.499730 2.254346 -0.690888'/>
				</IndexedFaceSet>
			</Shape>
			<Shape DEF='_IDX_1444'>
				<Appearance USE='Material_231_IDX_231'/>
				<IndexedFaceSet solid="false" coordIndex='0 1 2 3 -1'>
					<Coordinate point='-3.949142 1.134427 -0.504603 -3.485733 2.012499 -0.000000 -4.632362 2.674506 0.000000 -5.113871 1.678867 -0.593106'/>
				</IndexedFaceSet>
			</Shape>
			<Shape DEF='_IDX_1445'>
				<Appearance USE='Material_458_IDX_458'/>
				<IndexedFaceSet solid="false" coordIndex='0 1 2 3 -1'>
					<Coordinate point='-2.967764 0.540356 -0.423995 -2.398398 1.384726 -0.000000 -3.485733 2.012499 -0.000000 -3.949142 1.134427 -0.504603'/>
				</IndexedFaceSet>
			</Shape>
			<Shape DEF='_IDX_1446'>
				<Appearance USE='Material_457_IDX_457'/>
				<IndexedFaceSet solid="false" coordIndex='0 1 2 3 -1'>
					<Coordinate point='-2.293854 -0.245623 -0.350020 -0.000024 0.000011 -0.000000 -2.398398 1.384726 -0.000000 -2.967764 0.540356 -0.423995'/>
				</IndexedFaceSet>
			</Shape>
			<Shape DEF='_IDX_1447'>
				<Appearance USE='Material_228_IDX_228'/>
				<IndexedFaceSet solid="false" coordIndex='0 1 2 3 -1'>
					<Coordinate point='-2.293854 -0.245623 -0.350020 -0.000024 0.000011 -0.000000 -0.000024 0.000011 -0.000000 -2.293854 -0.245623 -0.350020'/>
				</IndexedFaceSet>
			</Shape>
			<Shape DEF='_IDX_1448'>
				<Appearance USE='Material_456_IDX_456'/>
				<IndexedFaceSet solid="false" coordIndex='0 1 2 3 -1'>
					<Coordinate point='-2.192017 -0.775707 -0.300335 -1.747221 -1.008748 -0.000000 -0.000024 0.000011 -0.000000 -2.293854 -0.245623 -0.350020'/>
				</IndexedFaceSet>
			</Shape>
			<Shape DEF='_IDX_1449'>
				<Appearance USE='Material_226_IDX_226'/>
				<IndexedFaceSet solid="false" coordIndex='0 1 2 3 -1'>
					<Coordinate point='-2.236982 -1.096684 -0.253071 -2.069000 -1.194527 0.000000 -1.747221 -1.008748 -0.000000 -2.192017 -0.775707 -0.300335'/>
				</IndexedFaceSet>
			</Shape>
			<Shape DEF='_IDX_1450'>
				<Appearance USE='Material_225_IDX_225'/>
				<IndexedFaceSet solid="false" coordIndex='0 1 2 3 -1'>
					<Coordinate point='-2.301457 -1.290660 -0.207849 -2.250894 -1.299544 0.000000 -2.069000 -1.194527 0.000000 -2.236982 -1.096684 -0.253071'/>
				</IndexedFaceSet>
			</Shape>
			<Shape DEF='_IDX_1451'>
				<Appearance USE='Material_224_IDX_224'/>
				<IndexedFaceSet solid="false" coordIndex='0 1 2 3 -1'>
					<Coordinate point='-2.367910 -1.424454 -0.164302 -2.381279 -1.374821 0.000000 -2.250894 -1.299544 0.000000 -2.301457 -1.290660 -0.207849'/>
				</IndexedFaceSet>
			</Shape>
			<Shape DEF='_IDX_1452'>
				<Appearance USE='Material_455_IDX_455'/>
				<IndexedFaceSet solid="false" coordIndex='0 1 2 3 -1'>
					<Coordinate point='-2.439968 -1.531432 -0.122081 -2.494115 -1.439968 -0.000000 -2.381279 -1.374821 0.000000 -2.367910 -1.424454 -0.164302'/>
				</IndexedFaceSet>
			</Shape>
			<Shape DEF='_IDX_1453'>
				<Appearance USE='Material_222_IDX_222'/>
				<IndexedFaceSet solid="false" coordIndex='0 1 2 3 -1'>
					<Coordinate point='-2.523316 -1.629490 -0.080845 -2.606953 -1.505115 0.000000 -2.494115 -1.439968 -0.000000 -2.439968 -1.531432 -0.122081'/>
				</IndexedFaceSet>
			</Shape>
			<Shape DEF='_IDX_1454'>
				<Appearance USE='Material_221_IDX_221'/>
				<IndexedFaceSet solid="false" coordIndex='0 1 2 3 -1'>
					<Coordinate point='-2.622970 -1.729384 -0.040260 -2.730511 -1.576451 0.000000 -2.606953 -1.505115 0.000000 -2.523316 -1.629490 -0.080845'/>
				</IndexedFaceSet>
			</Shape>
			<Shape DEF='_IDX_1455'>
				<Appearance USE='Material_220_IDX_220'/>
				<IndexedFaceSet solid="false" coordIndex='0 1 2 3 -1'>
					<Coordinate point='-2.743182 -1.838325 0.000000 -2.872223 -1.658268 0.000000 -2.730511 -1.576451 0.000000 -2.622970 -1.729384 -0.040260'/>
				</IndexedFaceSet>
			</Shape>
			<Shape DEF='_IDX_1456'>
				<Appearance USE='Material_13_IDX_13'/>
				<IndexedFaceSet solid="false" coordIndex='0 1 2 3 -1'>
					<Coordinate point='-3.037878 -1.753920 0.000000 -2.887740 -1.961697 0.040260 -2.743191 -1.838340 -0.000000 -2.872232 -1.658284 0.000000'/>
				</IndexedFaceSet>
			</Shape>
			<Shape DEF='_IDX_1457'>
				<Appearance USE='Material_12_IDX_12'/>
				<IndexedFaceSet solid="false" coordIndex='0 1 2 3 -1'>
					<Coordinate point='-3.232456 -1.866259 0.000000 -3.060216 -2.103902 0.080845 -2.887740 -1.961697 0.040260 -3.037878 -1.753920 0.000000'/>
				</IndexedFaceSet>
			</Shape>
			<Shape DEF='_IDX_1458'>
				<Appearance USE='Material_11_IDX_11'/>
				<IndexedFaceSet solid="false" coordIndex='0 1 2 3 -1'>
					<Coordinate point='-3.460702 -1.998037 0.000000 -3.264263 -2.268983 0.122081 -3.060216 -2.103902 0.080845 -3.232456 -1.866259 0.000000'/>
				</IndexedFaceSet>
			</Shape>
			<Shape DEF='_IDX_1459'>
				<Appearance USE='Material_10_IDX_10'/>
				<IndexedFaceSet solid="false" coordIndex='0 1 2 3 -1'>
					<Coordinate point='-3.727446 -2.152042 -0.000000 -3.503769 -2.460896 0.164302 -3.264263 -2.268983 0.122081 -3.460702 -1.998037 0.000000'/>
				</IndexedFaceSet>
			</Shape>
			<Shape DEF='_IDX_1460'>
				<Appearance USE='Material_9_IDX_9'/>
				<IndexedFaceSet solid="false" coordIndex='0 1 2 3 -1'>
					<Coordinate point='-4.037872 -2.331266 -0.000000 -3.783038 -2.683779 0.207849 -3.503769 -2.460896 0.164302 -3.727446 -2.152042 -0.000000'/>
				</IndexedFaceSet>
			</Shape>
			<Shape DEF='_IDX_1461'>
				<Appearance USE='Material_8_IDX_8'/>
				<IndexedFaceSet solid="false" coordIndex='0 1 2 3 -1'>
					<Coordinate point='-4.397736 -2.539034 -0.000000 -4.106943 -2.942132 0.253071 -3.783038 -2.683779 0.207849 -4.037872 -2.331266 -0.000000'/>
				</IndexedFaceSet>
			</Shape>
			<Shape DEF='_IDX_1462'>
				<Appearance USE='Material_7_IDX_7'/>
				<IndexedFaceSet solid="false" coordIndex='0 1 2 3 -1'>
					<Coordinate point='-4.813564 -2.779112 0.000000 -4.481075 -3.240997 0.300335 -4.106943 -2.942132 0.253071 -4.397736 -2.539034 -0.000000'/>
				</IndexedFaceSet>
			</Shape>
			<Shape DEF='_IDX_1463'>
				<Appearance USE='Material_6_IDX_6'/>
				<IndexedFaceSet solid="false" coordIndex='0 1 2 3 -1'>
					<Coordinate point='-5.292847 -3.055827 0.000000 -4.911905 -3.586105 0.350020 -4.481075 -3.240997 0.300335 -4.813564 -2.779112 0.000000'/>
				</IndexedFaceSet>
			</Shape>
			<Shape DEF='_IDX_1464'>
				<Appearance USE='Material_5_IDX_5'/>
				<IndexedFaceSet solid="false" coordIndex='0 1 2 3 -1'>
					<Coordinate point='-5.292847 -3.055827 0.000000 -4.911905 -3.586105 0.350020 -4.911905 -3.586105 0.350020 -5.292847 -3.055827 0.000000'/>
				</IndexedFaceSet>
			</Shape>
			<Shape DEF='_IDX_1465'>
				<Appearance USE='Material_4_IDX_4'/>
				<IndexedFaceSet solid="false" coordIndex='0 1 2 3 -1'>
					<Coordinate point='-6.082438 -3.511698 0.000000 -5.620597 -4.156239 0.423995 -4.911905 -3.586105 0.350020 -5.292847 -3.055827 0.000000'/>
				</IndexedFaceSet>
			</Shape>
			<Shape DEF='_IDX_1466'>
				<Appearance USE='Material_3_IDX_3'/>
				<IndexedFaceSet solid="false" coordIndex='0 1 2 3 -1'>
					<Coordinate point='-7.040034 -4.064566 0.000000 -6.478349 -4.850152 0.504603 -5.620597 -4.156239 0.423995 -6.082438 -3.511698 0.000000'/>
				</IndexedFaceSet>
			</Shape>
			<Shape DEF='_IDX_1467'>
				<Appearance USE='Material_2_IDX_2'/>
				<IndexedFaceSet solid="false" coordIndex='0 1 2 3 -1'>
					<Coordinate point='-8.200144 -4.734355 -0.000000 -7.515299 -5.693907 0.593106 -6.478349 -4.850152 0.504603 -7.040034 -4.064566 0.000000'/>
				</IndexedFaceSet>
			</Shape>
			<Shape DEF='_IDX_1468'>
				<Appearance USE='Material_1_IDX_1'/>
				<IndexedFaceSet solid="false" coordIndex='0 1 2 3 -1'>
					<Coordinate point='-9.605351 -5.545652 -0.000000 -8.768683 -6.719608 0.690888 -7.515299 -5.693907 0.593106 -8.200144 -4.734355 -0.000000'/>
				</IndexedFaceSet>
			</Shape>
			<Shape DEF='_IDX_1469'>
				<Appearance USE='Material_26_IDX_26'/>
				<IndexedFaceSet solid="false" coordIndex='0 1 2 3 -1'>
					<Coordinate point='-2.887740 -1.961697 0.040260 -2.693997 -2.139905 0.080014 -2.576078 -1.995587 0.000000 -2.743191 -1.838340 -0.000000'/>
				</IndexedFaceSet>
			</Shape>
			<Shape DEF='_IDX_1470'>
				<Appearance USE='Material_25_IDX_25'/>
				<IndexedFaceSet solid="false" coordIndex='0 1 2 3 -1'>
					<Coordinate point='-3.060216 -2.103902 0.080845 -2.838746 -2.305798 0.160673 -2.693997 -2.139905 0.080014 -2.887740 -1.961697 0.040260'/>
				</IndexedFaceSet>
			</Shape>
			<Shape DEF='_IDX_1471'>
				<Appearance USE='Material_24_IDX_24'/>
				<IndexedFaceSet solid="false" coordIndex='0 1 2 3 -1'>
					<Coordinate point='-3.264263 -2.268983 0.122081 -3.012575 -2.498076 0.242627 -2.838746 -2.305798 0.160673 -3.060216 -2.103902 0.080845'/>
				</IndexedFaceSet>
			</Shape>
			<Shape DEF='_IDX_1472'>
				<Appearance USE='Material_23_IDX_23'/>
				<IndexedFaceSet solid="false" coordIndex='0 1 2 3 -1'>
					<Coordinate point='-3.503769 -2.460896 0.164302 -3.218173 -2.721503 0.326539 -3.012575 -2.498076 0.242627 -3.264263 -2.268983 0.122081'/>
				</IndexedFaceSet>
			</Shape>
			<Shape DEF='_IDX_1473'>
				<Appearance USE='Material_22_IDX_22'/>
				<IndexedFaceSet solid="false" coordIndex='0 1 2 3 -1'>
					<Coordinate point='-3.783038 -2.683779 0.207849 -3.458724 -2.981063 0.413083 -3.218173 -2.721503 0.326539 -3.503769 -2.460896 0.164302'/>
				</IndexedFaceSet>
			</Shape>
			<Shape DEF='_IDX_1474'>
				<Appearance USE='Material_21_IDX_21'/>
				<IndexedFaceSet solid="false" coordIndex='0 1 2 3 -1'>
					<Coordinate point='-4.106943 -2.942132 0.253071 -3.737984 -3.282185 0.502960 -3.458724 -2.981063 0.413083 -3.783038 -2.683779 0.207849'/>
				</IndexedFaceSet>
			</Shape>
			<Shape DEF='_IDX_1475'>
				<Appearance USE='Material_20_IDX_20'/>
				<IndexedFaceSet solid="false" coordIndex='0 1 2 3 -1'>
					<Coordinate point='-4.481075 -3.240997 0.300335 -4.060370 -3.630934 0.596892 -3.737984 -3.282185 0.502960 -4.106943 -2.942132 0.253071'/>
				</IndexedFaceSet>
			</Shape>
			<Shape DEF='_IDX_1476'>
				<Appearance USE='Material_19_IDX_19'/>
				<IndexedFaceSet solid="false" coordIndex='0 1 2 3 -1'>
					<Coordinate point='-4.911905 -3.586105 0.350020 -4.431072 -4.034203 0.695639 -4.060370 -3.630934 0.596892 -4.481075 -3.240997 0.300335'/>
				</IndexedFaceSet>
			</Shape>
			<Shape DEF='_IDX_1477'>
				<Appearance USE='Material_18_IDX_18'/>
				<IndexedFaceSet solid="false" coordIndex='0 1 2 3 -1'>
					<Coordinate point='-4.911905 -3.586105 0.350020 -4.431072 -4.034203 0.695639 -4.431072 -4.034203 0.695639 -4.911905 -3.586105 0.350020'/>
				</IndexedFaceSet>
			</Shape>
			<Shape DEF='_IDX_1478'>
				<Appearance USE='Material_17_IDX_17'/>
				<IndexedFaceSet solid="false" coordIndex='0 1 2 3 -1'>
					<Coordinate point='-5.620597 -4.156239 0.423995 -5.039354 -4.701638 0.842658 -4.431072 -4.034203 0.695639 -4.911905 -3.586105 0.350020'/>
				</IndexedFaceSet>
			</Shape>
			<Shape DEF='_IDX_1479'>
				<Appearance USE='Material_16_IDX_16'/>
				<IndexedFaceSet solid="false" coordIndex='0 1 2 3 -1'>
					<Coordinate point='-6.478349 -4.850152 0.504603 -5.773144 -5.515742 1.002860 -5.039354 -4.701638 0.842658 -5.620597 -4.156239 0.423995'/>
				</IndexedFaceSet>
			</Shape>
			<Shape DEF='_IDX_1480'>
				<Appearance USE='Material_15_IDX_15'/>
				<IndexedFaceSet solid="false" coordIndex='0 1 2 3 -1'>
					<Coordinate point='-7.515299 -5.693907 0.593106 -6.657128 -6.507768 1.178753 -5.773144 -5.515742 1.002860 -6.478349 -4.850152 0.504603'/>
				</IndexedFaceSet>
			</Shape>
			<Shape DEF='_IDX_1481'>
				<Appearance USE='Material_14_IDX_14'/>
				<IndexedFaceSet solid="false" coordIndex='0 1 2 3 -1'>
					<Coordinate point='-8.768683 -6.719608 0.690888 -7.721887 -7.716197 1.373088 -6.657128 -6.507768 1.178753 -7.515299 -5.693907 0.593106'/>
				</IndexedFaceSet>
			</Shape>
			<Shape DEF='_IDX_1482'>
				<Appearance USE='Material_39_IDX_39'/>
				<IndexedFaceSet solid="false" coordIndex='0 1 2 3 -1'>
					<Coordinate point='-2.693997 -2.139905 0.080014 -2.458482 -2.284287 0.118761 -2.370054 -2.126987 0.000000 -2.576078 -1.995587 0.000000'/>
				</IndexedFaceSet>
			</Shape>
			<Shape DEF='_IDX_1483'>
				<Appearance USE='Material_38_IDX_38'/>
				<IndexedFaceSet solid="false" coordIndex='0 1 2 3 -1'>
					<Coordinate point='-2.838746 -2.305798 0.160673 -2.571999 -2.466468 0.238480 -2.458482 -2.284287 0.118761 -2.693997 -2.139905 0.080014'/>
				</IndexedFaceSet>
			</Shape>
			<Shape DEF='_IDX_1484'>
				<Appearance USE='Material_37_IDX_37'/>
				<IndexedFaceSet solid="false" coordIndex='0 1 2 3 -1'>
					<Coordinate point='-3.012575 -2.498076 0.242627 -2.711427 -2.678591 0.360122 -2.571999 -2.466468 0.238480 -2.838746 -2.305798 0.160673'/>
				</IndexedFaceSet>
			</Shape>
			<Shape DEF='_IDX_1485'>
				<Appearance USE='Material_36_IDX_36'/>
				<IndexedFaceSet solid="false" coordIndex='0 1 2 3 -1'>
					<Coordinate point='-3.218173 -2.721503 0.326539 -2.878168 -2.925816 0.484668 -2.711427 -2.678591 0.360122 -3.012575 -2.498076 0.242627'/>
				</IndexedFaceSet>
			</Shape>
			<Shape DEF='_IDX_1486'>
				<Appearance USE='Material_35_IDX_35'/>
				<IndexedFaceSet solid="false" coordIndex='0 1 2 3 -1'>
					<Coordinate point='-3.458724 -2.981063 0.413083 -3.074167 -3.213641 0.613123 -2.878168 -2.925816 0.484668 -3.218173 -2.721503 0.326539'/>
				</IndexedFaceSet>
			</Shape>
			<Shape DEF='_IDX_1487'>
				<Appearance USE='Material_34_IDX_34'/>
				<IndexedFaceSet solid="false" coordIndex='0 1 2 3 -1'>
					<Coordinate point='-3.737984 -3.282185 0.502960 -3.301917 -3.548117 0.746523 -3.074167 -3.213641 0.613123 -3.458724 -2.981063 0.413083'/>
				</IndexedFaceSet>
			</Shape>
			<Shape DEF='_IDX_1488'>
				<Appearance USE='Material_33_IDX_33'/>
				<IndexedFaceSet solid="false" coordIndex='0 1 2 3 -1'>
					<Coordinate point='-4.060370 -3.630934 0.596892 -3.564492 -3.936047 0.885944 -3.301917 -3.548117 0.746523 -3.737984 -3.282185 0.502960'/>
				</IndexedFaceSet>
			</Shape>
			<Shape DEF='_IDX_1489'>
				<Appearance USE='Material_32_IDX_32'/>
				<IndexedFaceSet solid="false" coordIndex='0 1 2 3 -1'>
					<Coordinate point='-4.431072 -4.034203 0.695639 -3.865609 -4.385188 1.032509 -3.564492 -3.936047 0.885944 -4.060370 -3.630934 0.596892'/>
				</IndexedFaceSet>
			</Shape>
			<Shape DEF='_IDX_1490'>
				<Appearance USE='Material_31_IDX_31'/>
				<IndexedFaceSet solid="false" coordIndex='0 1 2 3 -1'>
					<Coordinate point='-4.431072 -4.034203 0.695639 -3.865609 -4.385188 1.032509 -3.865609 -4.385188 1.032509 -4.431072 -4.034203 0.695639'/>
				</IndexedFaceSet>
			</Shape>
			<Shape DEF='_IDX_1491'>
				<Appearance USE='Material_30_IDX_30'/>
				<IndexedFaceSet solid="false" coordIndex='0 1 2 3 -1'>
					<Coordinate point='-5.039354 -4.701638 0.842658 -4.357571 -5.129570 1.250723 -3.865609 -4.385188 1.032509 -4.431072 -4.034203 0.695639'/>
				</IndexedFaceSet>
			</Shape>
			<Shape DEF='_IDX_1492'>
				<Appearance USE='Material_29_IDX_29'/>
				<IndexedFaceSet solid="false" coordIndex='0 1 2 3 -1'>
					<Coordinate point='-5.773144 -5.515742 1.002860 -4.947639 -6.038855 1.488506 -4.357571 -5.129570 1.250723 -5.039354 -4.701638 0.842658'/>
				</IndexedFaceSet>
			</Shape>
			<Shape DEF='_IDX_1493'>
				<Appearance USE='Material_28_IDX_28'/>
				<IndexedFaceSet solid="false" coordIndex='0 1 2 3 -1'>
					<Coordinate point='-6.657128 -6.507768 1.178753 -5.654181 -7.148352 1.749576 -4.947639 -6.038855 1.488506 -5.773144 -5.515742 1.002860'/>
				</IndexedFaceSet>
			</Shape>
			<Shape DEF='_IDX_1494'>
				<Appearance USE='Material_27_IDX_27'/>
				<IndexedFaceSet solid="false" coordIndex='0 1 2 3 -1'>
					<Coordinate point='-7.721887 -7.716197 1.373088 -6.500047 -8.501554 2.038020 -5.654181 -7.148352 1.749576 -6.657128 -6.507768 1.178753'/>
				</IndexedFaceSet>
			</Shape>
			<Shape DEF='_IDX_1495'>
				<Appearance USE='Material_52_IDX_52'/>
				<IndexedFaceSet solid="false" coordIndex='0 1 2 3 -1'>
					<Coordinate point='-2.458482 -2.284287 0.118761 -2.184001 -2.389748 0.156015 -2.125339 -2.227537 0.000000 -2.370054 -2.126987 0.000000'/>
				</IndexedFaceSet>
			</Shape>
			<Shape DEF='_IDX_1496'>
				<Appearance USE='Material_51_IDX_51'/>
				<IndexedFaceSet solid="false" coordIndex='0 1 2 3 -1'>
					<Coordinate point='-2.571999 -2.466468 0.238480 -2.264969 -2.580406 0.313288 -2.184001 -2.389748 0.156015 -2.458482 -2.284287 0.118761'/>
				</IndexedFaceSet>
			</Shape>
			<Shape DEF='_IDX_1497'>
				<Appearance USE='Material_50_IDX_50'/>
				<IndexedFaceSet solid="false" coordIndex='0 1 2 3 -1'>
					<Coordinate point='-2.711427 -2.678591 0.360122 -2.367794 -2.804392 0.473088 -2.264969 -2.580406 0.313288 -2.571999 -2.466468 0.238480'/>
				</IndexedFaceSet>
			</Shape>
			<Shape DEF='_IDX_1498'>
				<Appearance USE='Material_49_IDX_49'/>
				<IndexedFaceSet solid="false" coordIndex='0 1 2 3 -1'>
					<Coordinate point='-2.878168 -2.925816 0.484668 -2.492643 -3.066896 0.636703 -2.367794 -2.804392 0.473088 -2.711427 -2.678591 0.360122'/>
				</IndexedFaceSet>
			</Shape>
			<Shape DEF='_IDX_1499'>
				<Appearance USE='Material_48_IDX_48'/>
				<IndexedFaceSet solid="false" coordIndex='0 1 2 3 -1'>
					<Coordinate point='-3.074167 -3.213641 0.613123 -2.640209 -3.373602 0.805453 -2.492643 -3.066896 0.636703 -2.878168 -2.925816 0.484668'/>
				</IndexedFaceSet>
			</Shape>
			<Shape DEF='_IDX_1500'>
				<Appearance USE='Material_47_IDX_47'/>
				<IndexedFaceSet solid="false" coordIndex='0 1 2 3 -1'>
					<Coordinate point='-3.301917 -3.548117 0.746523 -2.811665 -3.730872 0.980699 -2.640209 -3.373602 0.805453 -3.074167 -3.213641 0.613123'/>
				</IndexedFaceSet>
			</Shape>
			<Shape DEF='_IDX_1501'>
				<Appearance USE='Material_46_IDX_46'/>
				<IndexedFaceSet solid="false" coordIndex='0 1 2 3 -1'>
					<Coordinate point='-3.564492 -3.936047 0.885944 -3.008651 -4.145936 1.163854 -2.811665 -3.730872 0.980699 -3.301917 -3.548117 0.746523'/>
				</IndexedFaceSet>
			</Shape>
			<Shape DEF='_IDX_1502'>
				<Appearance USE='Material_45_IDX_45'/>
				<IndexedFaceSet solid="false" coordIndex='0 1 2 3 -1'>
					<Coordinate point='-3.865609 -4.385188 1.032509 -3.233289 -4.627090 1.356395 -3.008651 -4.145936 1.163854 -3.564492 -3.936047 0.885944'/>
				</IndexedFaceSet>
			</Shape>
			<Shape DEF='_IDX_1503'>
				<Appearance USE='Material_44_IDX_44'/>
				<IndexedFaceSet solid="false" coordIndex='0 1 2 3 -1'>
					<Coordinate point='-3.865609 -4.385188 1.032509 -3.233289 -4.627090 1.356395 -3.233289 -4.627090 1.356395 -3.865609 -4.385188 1.032509'/>
				</IndexedFaceSet>
			</Shape>
			<Shape DEF='_IDX_1504'>
				<Appearance USE='Material_43_IDX_43'/>
				<IndexedFaceSet solid="false" coordIndex='0 1 2 3 -1'>
					<Coordinate point='-4.357571 -5.129570 1.250723 -3.597189 -5.425436 1.643061 -3.233289 -4.627090 1.356395 -3.865609 -4.385188 1.032509'/>
				</IndexedFaceSet>
			</Shape>
			<Shape DEF='_IDX_1505'>
				<Appearance USE='Material_42_IDX_42'/>
				<IndexedFaceSet solid="false" coordIndex='0 1 2 3 -1'>
					<Coordinate point='-4.947639 -6.038855 1.488506 -4.028836 -6.401646 1.955433 -3.597189 -5.425436 1.643061 -4.357571 -5.129570 1.250723'/>
				</IndexedFaceSet>
			</Shape>
			<Shape DEF='_IDX_1506'>
				<Appearance USE='Material_41_IDX_41'/>
				<IndexedFaceSet solid="false" coordIndex='0 1 2 3 -1'>
					<Coordinate point='-5.654181 -7.148352 1.749576 -4.539640 -7.593806 2.298398 -4.028836 -6.401646 1.955433 -4.947639 -6.038855 1.488506'/>
				</IndexedFaceSet>
			</Shape>
			<Shape DEF='_IDX_1507'>
				<Appearance USE='Material_40_IDX_40'/>
				<IndexedFaceSet solid="false" coordIndex='0 1 2 3 -1'>
					<Coordinate point='-6.500047 -8.501554 2.038020 -5.143938 -9.048874 2.677323 -4.539640 -7.593806 2.298398 -5.654181 -7.148352 1.749576'/>
				</IndexedFaceSet>
			</Shape>
			<Shape DEF='_IDX_1508'>
				<Appearance USE='Material_65_IDX_65'/>
				<IndexedFaceSet solid="false" coordIndex='0 1 2 3 -1'>
					<Coordinate point='-2.184001 -2.389748 0.156015 -1.874929 -2.450815 0.191307 -1.844206 -2.291059 0.000000 -2.125339 -2.227537 0.000000'/>
				</IndexedFaceSet>
			</Shape>
			<Shape DEF='_IDX_1509'>
				<Appearance USE='Material_64_IDX_64'/>
				<IndexedFaceSet solid="false" coordIndex='0 1 2 3 -1'>
					<Coordinate point='-2.264969 -2.580406 0.313288 -1.923998 -2.642388 0.384157 -1.874929 -2.450815 0.191307 -2.184001 -2.389748 0.156015'/>
				</IndexedFaceSet>
			</Shape>
			<Shape DEF='_IDX_1510'>
				<Appearance USE='Material_63_IDX_63'/>
				<IndexedFaceSet solid="false" coordIndex='0 1 2 3 -1'>
					<Coordinate point='-2.367794 -2.804392 0.473088 -1.989931 -2.870191 0.580105 -1.923998 -2.642388 0.384157 -2.264969 -2.580406 0.313288'/>
				</IndexedFaceSet>
			</Shape>
			<Shape DEF='_IDX_1511'>
				<Appearance USE='Material_62_IDX_62'/>
				<IndexedFaceSet solid="false" coordIndex='0 1 2 3 -1'>
					<Coordinate point='-2.492643 -3.066896 0.636703 -2.071793 -3.139158 0.780731 -1.989931 -2.870191 0.580105 -2.367794 -2.804392 0.473088'/>
				</IndexedFaceSet>
			</Shape>
			<Shape DEF='_IDX_1512'>
				<Appearance USE='Material_61_IDX_61'/>
				<IndexedFaceSet solid="false" coordIndex='0 1 2 3 -1'>
					<Coordinate point='-2.640209 -3.373602 0.805453 -2.169090 -3.454871 0.987654 -2.071793 -3.139158 0.780731 -2.492643 -3.066896 0.636703'/>
				</IndexedFaceSet>
			</Shape>
			<Shape DEF='_IDX_1513'>
				<Appearance USE='Material_60_IDX_60'/>
				<IndexedFaceSet solid="false" coordIndex='0 1 2 3 -1'>
					<Coordinate point='-2.811665 -3.730872 0.980699 -2.281692 -3.823708 1.202542 -2.169090 -3.454871 0.987654 -2.640209 -3.373602 0.805453'/>
				</IndexedFaceSet>
			</Shape>
			<Shape DEF='_IDX_1514'>
				<Appearance DEF='Material_481_IDX_481'>
					<Material diffuseColor='0.660962 0.743101 0.326060'/>
					
				</Appearance>
				<IndexedFaceSet solid="false" coordIndex='0 1 2 3 -1'>
					<Coordinate point='-3.008651 -4.145936 1.163854 -2.409786 -4.253016 1.427128 -2.281692 -3.823708 1.202542 -2.811665 -3.730872 0.980699'/>
				</IndexedFaceSet>
			</Shape>
			<Shape DEF='_IDX_1515'>
				<Appearance USE='Material_58_IDX_58'/>
				<IndexedFaceSet solid="false" coordIndex='0 1 2 3 -1'>
					<Coordinate point='-3.233289 -4.627090 1.356395 -2.553850 -4.751299 1.663223 -2.409786 -4.253016 1.427128 -3.008651 -4.145936 1.163854'/>
				</IndexedFaceSet>
			</Shape>
			<Shape DEF='_IDX_1516'>
				<Appearance USE='Material_57_IDX_57'/>
				<IndexedFaceSet solid="false" coordIndex='0 1 2 3 -1'>
					<Coordinate point='-3.233289 -4.627090 1.356395 -2.553850 -4.751299 1.663223 -2.553850 -4.751299 1.663223 -3.233289 -4.627090 1.356395'/>
				</IndexedFaceSet>
			</Shape>
			<Shape DEF='_IDX_1517'>
				<Appearance USE='Material_56_IDX_56'/>
				<IndexedFaceSet solid="false" coordIndex='0 1 2 3 -1'>
					<Coordinate point='-3.597189 -5.425436 1.643061 -2.782519 -5.578863 2.014735 -2.553850 -4.751299 1.663223 -3.233289 -4.627090 1.356395'/>
				</IndexedFaceSet>
			</Shape>
			<Shape DEF='_IDX_1518'>
				<Appearance USE='Material_55_IDX_55'/>
				<IndexedFaceSet solid="false" coordIndex='0 1 2 3 -1'>
					<Coordinate point='-4.028836 -6.401646 1.955433 -3.046610 -6.591517 2.397769 -2.782519 -5.578863 2.014735 -3.597189 -5.425436 1.643061'/>
				</IndexedFaceSet>
			</Shape>
			<Shape DEF='_IDX_1519'>
				<Appearance USE='Material_54_IDX_54'/>
				<IndexedFaceSet solid="false" coordIndex='0 1 2 3 -1'>
					<Coordinate point='-4.539640 -7.593806 2.298398 -3.350199 -7.828758 2.818316 -3.046610 -6.591517 2.397769 -4.028836 -6.401646 1.955433'/>
				</IndexedFaceSet>
			</Shape>
			<Shape DEF='_IDX_1520'>
				<Appearance USE='Material_53_IDX_53'/>
				<IndexedFaceSet solid="false" coordIndex='0 1 2 3 -1'>
					<Coordinate point='-5.143938 -9.048874 2.677323 -3.698623 -9.339344 3.282957 -3.350199 -7.828758 2.818316 -4.539640 -7.593806 2.298398'/>
				</IndexedFaceSet>
			</Shape>
			<Shape DEF='_IDX_1521'>
				<Appearance USE='Material_78_IDX_78'/>
				<IndexedFaceSet solid="false" coordIndex='0 1 2 3 -1'>
					<Coordinate point='-1.874929 -2.450815 0.191307 -1.537432 -2.462324 0.224193 -1.531301 -2.311250 0.000000 -1.844206 -2.291059 0.000000'/>
				</IndexedFaceSet>
			</Shape>
			<Shape DEF='_IDX_1522'>
				<Appearance USE='Material_77_IDX_77'/>
				<IndexedFaceSet solid="false" coordIndex='0 1 2 3 -1'>
					<Coordinate point='-1.923998 -2.642388 0.384157 -1.556867 -2.647946 0.450194 -1.537432 -2.462324 0.224193 -1.874929 -2.450815 0.191307'/>
				</IndexedFaceSet>
			</Shape>
			<Shape DEF='_IDX_1523'>
				<Appearance USE='Material_76_IDX_76'/>
				<IndexedFaceSet solid="false" coordIndex='0 1 2 3 -1'>
					<Coordinate point='-1.989931 -2.870191 0.580105 -1.587330 -2.871906 0.679826 -1.556867 -2.647946 0.450194 -1.923998 -2.642388 0.384157'/>
				</IndexedFaceSet>
			</Shape>
			<Shape DEF='_IDX_1524'>
				<Appearance USE='Material_75_IDX_75'/>
				<IndexedFaceSet solid="false" coordIndex='0 1 2 3 -1'>
					<Coordinate point='-2.071793 -3.139158 0.780731 -1.626954 -3.138670 0.914941 -1.587330 -2.871906 0.679826 -1.989931 -2.870191 0.580105'/>
				</IndexedFaceSet>
			</Shape>
			<Shape DEF='_IDX_1525'>
				<Appearance USE='Material_74_IDX_74'/>
				<IndexedFaceSet solid="false" coordIndex='0 1 2 3 -1'>
					<Coordinate point='-2.169090 -3.454871 0.987654 -1.674170 -3.453480 1.157434 -1.626954 -3.138670 0.914941 -2.071793 -3.139158 0.780731'/>
				</IndexedFaceSet>
			</Shape>
			<Shape DEF='_IDX_1526'>
				<Appearance USE='Material_73_IDX_73'/>
				<IndexedFaceSet solid="false" coordIndex='0 1 2 3 -1'>
					<Coordinate point='-2.281692 -3.823708 1.202542 -1.727616 -3.822471 1.409262 -1.674170 -3.453480 1.157434 -2.169090 -3.454871 0.987654'/>
				</IndexedFaceSet>
			</Shape>
			<Shape DEF='_IDX_1527'>
				<Appearance DEF='Material_482_IDX_482'>
					<Material diffuseColor='0.690543 0.742759 0.308011'/>
					
				</Appearance>
				<IndexedFaceSet solid="false" coordIndex='0 1 2 3 -1'>
					<Coordinate point='-2.409786 -4.253016 1.427128 -1.786068 -4.252812 1.672455 -1.727616 -3.822471 1.409262 -2.281692 -3.823708 1.202542'/>
				</IndexedFaceSet>
			</Shape>
			<Shape DEF='_IDX_1528'>
				<Appearance USE='Material_71_IDX_71'/>
				<IndexedFaceSet solid="false" coordIndex='0 1 2 3 -1'>
					<Coordinate point='-2.553850 -4.751299 1.663223 -1.848377 -4.752887 1.949136 -1.786068 -4.252812 1.672455 -2.409786 -4.253016 1.427128'/>
				</IndexedFaceSet>
			</Shape>
			<Shape DEF='_IDX_1529'>
				<Appearance USE='Material_70_IDX_70'/>
				<IndexedFaceSet solid="false" coordIndex='0 1 2 3 -1'>
					<Coordinate point='-2.553850 -4.751299 1.663223 -1.848377 -4.752887 1.949136 -1.848377 -4.752887 1.949136 -2.553850 -4.751299 1.663223'/>
				</IndexedFaceSet>
			</Shape>
			<Shape DEF='_IDX_1530'>
				<Appearance USE='Material_69_IDX_69'/>
				<IndexedFaceSet solid="false" coordIndex='0 1 2 3 -1'>
					<Coordinate point='-2.782519 -5.578863 2.014735 -1.939446 -5.584068 2.361074 -1.848377 -4.752887 1.949136 -2.553850 -4.751299 1.663223'/>
				</IndexedFaceSet>
			</Shape>
			<Shape DEF='_IDX_1531'>
				<Appearance USE='Material_68_IDX_68'/>
				<IndexedFaceSet solid="false" coordIndex='0 1 2 3 -1'>
					<Coordinate point='-3.046610 -6.591517 2.397769 -2.032713 -6.601560 2.809952 -1.939446 -5.584068 2.361074 -2.782519 -5.578863 2.014735'/>
				</IndexedFaceSet>
			</Shape>
			<Shape DEF='_IDX_1532'>
				<Appearance USE='Material_67_IDX_67'/>
				<IndexedFaceSet solid="false" coordIndex='0 1 2 3 -1'>
					<Coordinate point='-3.350199 -7.828758 2.818316 -2.124812 -7.844854 3.302792 -2.032713 -6.601560 2.809952 -3.046610 -6.591517 2.397769'/>
				</IndexedFaceSet>
			</Shape>
			<Shape DEF='_IDX_1533'>
				<Appearance USE='Material_66_IDX_66'/>
				<IndexedFaceSet solid="false" coordIndex='0 1 2 3 -1'>
					<Coordinate point='-3.698623 -9.339344 3.282957 -2.211918 -9.362794 3.847306 -2.124812 -7.844854 3.302792 -3.350199 -7.828758 2.818316'/>
				</IndexedFaceSet>
			</Shape>
			<Shape DEF='_IDX_1534'>
				<Appearance USE='Material_91_IDX_91'/>
				<IndexedFaceSet solid="false" coordIndex='0 1 2 3 -1'>
					<Coordinate point='-1.537432 -2.462324 0.224193 -1.179335 -2.420072 0.254260 -1.193442 -2.282614 0.000000 -1.531301 -2.311250 0.000000'/>
				</IndexedFaceSet>
			</Shape>
			<Shape DEF='_IDX_1535'>
				<Appearance USE='Material_90_IDX_90'/>
				<IndexedFaceSet solid="false" coordIndex='0 1 2 3 -1'>
					<Coordinate point='-1.556867 -2.647946 0.450194 -1.172646 -2.593848 0.510570 -1.179335 -2.420072 0.254260 -1.537432 -2.462324 0.224193'/>
				</IndexedFaceSet>
			</Shape>
			<Shape DEF='_IDX_1536'>
				<Appearance USE='Material_89_IDX_89'/>
				<IndexedFaceSet solid="false" coordIndex='0 1 2 3 -1'>
					<Coordinate point='-1.587330 -2.871906 0.679826 -1.170518 -2.807014 0.770999 -1.172646 -2.593848 0.510570 -1.556867 -2.647946 0.450194'/>
				</IndexedFaceSet>
			</Shape>
			<Shape DEF='_IDX_1537'>
				<Appearance USE='Material_88_IDX_88'/>
				<IndexedFaceSet solid="false" coordIndex='0 1 2 3 -1'>
					<Coordinate point='-1.626954 -3.138670 0.914941 -1.170325 -3.063429 1.037645 -1.170518 -2.807014 0.770999 -1.587330 -2.871906 0.679826'/>
				</IndexedFaceSet>
			</Shape>
			<Shape DEF='_IDX_1538'>
				<Appearance USE='Material_87_IDX_87'/>
				<IndexedFaceSet solid="false" coordIndex='0 1 2 3 -1'>
					<Coordinate point='-1.674170 -3.453480 1.157434 -1.169561 -3.367806 1.312659 -1.170325 -3.063429 1.037645 -1.626954 -3.138670 0.914941'/>
				</IndexedFaceSet>
			</Shape>
			<Shape DEF='_IDX_1539'>
				<Appearance USE='Material_86_IDX_86'/>
				<IndexedFaceSet solid="false" coordIndex='0 1 2 3 -1'>
					<Coordinate point='-1.727616 -3.822471 1.409262 -1.165746 -3.725803 1.598260 -1.169561 -3.367806 1.312659 -1.674170 -3.453480 1.157434'/>
				</IndexedFaceSet>
			</Shape>
			<Shape DEF='_IDX_1540'>
				<Appearance USE='Material_85_IDX_85'/>
				<IndexedFaceSet solid="false" coordIndex='0 1 2 3 -1'>
					<Coordinate point='-1.786068 -4.252812 1.672455 -1.156334 -4.144151 1.896750 -1.165746 -3.725803 1.598260 -1.727616 -3.822471 1.409262'/>
				</IndexedFaceSet>
			</Shape>
			<Shape DEF='_IDX_1541'>
				<Appearance USE='Material_84_IDX_84'/>
				<IndexedFaceSet solid="false" coordIndex='0 1 2 3 -1'>
					<Coordinate point='-1.848377 -4.752887 1.949136 -1.138625 -4.630802 2.210537 -1.156334 -4.144151 1.896750 -1.786068 -4.252812 1.672455'/>
				</IndexedFaceSet>
			</Shape>
			<Shape DEF='_IDX_1542'>
				<Appearance USE='Material_83_IDX_83'/>
				<IndexedFaceSet solid="false" coordIndex='0 1 2 3 -1'>
					<Coordinate point='-1.848377 -4.752887 1.949136 -1.138625 -4.630802 2.210537 -1.138625 -4.630802 2.210537 -1.848377 -4.752887 1.949136'/>
				</IndexedFaceSet>
			</Shape>
			<Shape DEF='_IDX_1543'>
				<Appearance USE='Material_82_IDX_82'/>
				<IndexedFaceSet solid="false" coordIndex='0 1 2 3 -1'>
					<Coordinate point='-1.939446 -5.584068 2.361074 -1.094570 -5.440083 2.677720 -1.138625 -4.630802 2.210537 -1.848377 -4.752887 1.949136'/>
				</IndexedFaceSet>
			</Shape>
			<Shape DEF='_IDX_1544'>
				<Appearance USE='Material_81_IDX_81'/>
				<IndexedFaceSet solid="false" coordIndex='0 1 2 3 -1'>
					<Coordinate point='-2.032713 -6.601560 2.809952 -1.019702 -6.430804 3.186798 -1.094570 -5.440083 2.677720 -1.939446 -5.584068 2.361074'/>
				</IndexedFaceSet>
			</Shape>
			<Shape DEF='_IDX_1545'>
				<Appearance USE='Material_80_IDX_80'/>
				<IndexedFaceSet solid="false" coordIndex='0 1 2 3 -1'>
					<Coordinate point='-2.124812 -7.844854 3.302792 -0.903368 -7.641057 3.745734 -1.019702 -6.430804 3.186798 -2.032713 -6.601560 2.809952'/>
				</IndexedFaceSet>
			</Shape>
			<Shape DEF='_IDX_1546'>
				<Appearance USE='Material_196_IDX_196'/>
				<IndexedFaceSet solid="false" coordIndex='0 1 2 3 -1'>
					<Coordinate point='-2.211918 -9.362794 3.847306 -0.732743 -9.118053 4.363273 -0.903368 -7.641057 3.745734 -2.124812 -7.844854 3.302792'/>
				</IndexedFaceSet>
			</Shape>
			<Shape DEF='_IDX_1547'>
				<Appearance USE='Material_104_IDX_104'/>
				<IndexedFaceSet solid="false" coordIndex='0 1 2 3 -1'>
					<Coordinate point='-1.179335 -2.420072 0.254260 -0.809766 -2.321343 0.281129 -0.839150 -2.201111 0.000000 -1.193442 -2.282614 0.000000'/>
				</IndexedFaceSet>
			</Shape>
			<Shape DEF='_IDX_1548'>
				<Appearance USE='Material_103_IDX_103'/>
				<IndexedFaceSet solid="false" coordIndex='0 1 2 3 -1'>
					<Coordinate point='-1.172646 -2.593848 0.510570 -0.781376 -2.478484 0.564526 -0.809766 -2.321343 0.281129 -1.179335 -2.420072 0.254260'/>
				</IndexedFaceSet>
			</Shape>
			<Shape DEF='_IDX_1549'>
				<Appearance USE='Material_102_IDX_102'/>
				<IndexedFaceSet solid="false" coordIndex='0 1 2 3 -1'>
					<Coordinate point='-1.170518 -2.807014 0.770999 -0.750725 -2.674848 0.852475 -0.781376 -2.478484 0.564526 -1.172646 -2.593848 0.510570'/>
				</IndexedFaceSet>
			</Shape>
			<Shape DEF='_IDX_1550'>
				<Appearance USE='Material_101_IDX_101'/>
				<IndexedFaceSet solid="false" coordIndex='0 1 2 3 -1'>
					<Coordinate point='-1.170325 -3.063429 1.037645 -0.714594 -2.913584 1.147299 -0.750725 -2.674848 0.852475 -1.170518 -2.807014 0.770999'/>
				</IndexedFaceSet>
			</Shape>
			<Shape DEF='_IDX_1551'>
				<Appearance USE='Material_100_IDX_100'/>
				<IndexedFaceSet solid="false" coordIndex='0 1 2 3 -1'>
					<Coordinate point='-1.169561 -3.367806 1.312659 -0.669696 -3.198730 1.451376 -0.714594 -2.913584 1.147299 -1.170325 -3.063429 1.037645'/>
				</IndexedFaceSet>
			</Shape>
			<Shape DEF='_IDX_1552'>
				<Appearance USE='Material_99_IDX_99'/>
				<IndexedFaceSet solid="false" coordIndex='0 1 2 3 -1'>
					<Coordinate point='-1.165746 -3.725803 1.598260 -0.612570 -3.535275 1.767158 -0.669696 -3.198730 1.451376 -1.169561 -3.367806 1.312659'/>
				</IndexedFaceSet>
			</Shape>
			<Shape DEF='_IDX_1553'>
				<Appearance USE='Material_98_IDX_98'/>
				<IndexedFaceSet solid="false" coordIndex='0 1 2 3 -1'>
					<Coordinate point='-1.156334 -4.144151 1.896750 -0.539480 -3.929268 2.097192 -0.612570 -3.535275 1.767158 -1.165746 -3.725803 1.598260'/>
				</IndexedFaceSet>
			</Shape>
			<Shape DEF='_IDX_1554'>
				<Appearance USE='Material_97_IDX_97'/>
				<IndexedFaceSet solid="false" coordIndex='0 1 2 3 -1'>
					<Coordinate point='-1.138625 -4.630802 2.210537 -0.446306 -4.387950 2.444139 -0.539480 -3.929268 2.097192 -1.156334 -4.144151 1.896750'/>
				</IndexedFaceSet>
			</Shape>
			<Shape DEF='_IDX_1555'>
				<Appearance USE='Material_96_IDX_96'/>
				<IndexedFaceSet solid="false" coordIndex='0 1 2 3 -1'>
					<Coordinate point='-1.138625 -4.630802 2.210537 -0.446306 -4.387950 2.444139 -0.446306 -4.387950 2.444139 -1.138625 -4.630802 2.210537'/>
				</IndexedFaceSet>
			</Shape>
			<Shape DEF='_IDX_1556'>
				<Appearance USE='Material_95_IDX_95'/>
				<IndexedFaceSet solid="false" coordIndex='0 1 2 3 -1'>
					<Coordinate point='-1.094570 -5.440083 2.677720 -0.274319 -5.150812 2.960693 -0.446306 -4.387950 2.444139 -1.138625 -4.630802 2.210537'/>
				</IndexedFaceSet>
			</Shape>
			<Shape DEF='_IDX_1557'>
				<Appearance USE='Material_94_IDX_94'/>
				<IndexedFaceSet solid="false" coordIndex='0 1 2 3 -1'>
					<Coordinate point='-1.019702 -6.430804 3.186798 -0.039837 -6.084276 3.523568 -0.274319 -5.150812 2.960693 -1.094570 -5.440083 2.677720'/>
				</IndexedFaceSet>
			</Shape>
			<Shape DEF='_IDX_1558'>
				<Appearance USE='Material_93_IDX_93'/>
				<IndexedFaceSet solid="false" coordIndex='0 1 2 3 -1'>
					<Coordinate point='-0.903368 -7.641057 3.745734 0.274669 -7.223694 4.141571 -0.039837 -6.084276 3.523568 -1.019702 -6.430804 3.186798'/>
				</IndexedFaceSet>
			</Shape>
			<Shape DEF='_IDX_1559'>
				<Appearance USE='Material_92_IDX_92'/>
				<IndexedFaceSet solid="false" coordIndex='0 1 2 3 -1'>
					<Coordinate point='-0.732743 -9.118053 4.363273 0.690547 -8.613005 4.824369 0.274669 -7.223694 4.141571 -0.903368 -7.641057 3.745734'/>
				</IndexedFaceSet>
			</Shape>
			<Shape DEF='_IDX_1560'>
				<Appearance USE='Material_117_IDX_117'/>
				<IndexedFaceSet solid="false" coordIndex='0 1 2 3 -1'>
					<Coordinate point='-0.809766 -2.321343 0.281129 -0.438691 -2.165234 0.304463 -0.478088 -2.064551 0.000000 -0.839150 -2.201111 0.000000'/>
				</IndexedFaceSet>
			</Shape>
			<Shape DEF='_IDX_1561'>
				<Appearance USE='Material_116_IDX_116'/>
				<IndexedFaceSet solid="false" coordIndex='0 1 2 3 -1'>
					<Coordinate point='-0.781376 -2.478484 0.564526 -0.393648 -2.302134 0.611382 -0.438691 -2.165234 0.304463 -0.809766 -2.321343 0.281129'/>
				</IndexedFaceSet>
			</Shape>
			<Shape DEF='_IDX_1562'>
				<Appearance USE='Material_115_IDX_115'/>
				<IndexedFaceSet solid="false" coordIndex='0 1 2 3 -1'>
					<Coordinate point='-0.750725 -2.674848 0.852475 -0.339468 -2.476786 0.923231 -0.393648 -2.302134 0.611382 -0.781376 -2.478484 0.564526'/>
				</IndexedFaceSet>
			</Shape>
			<Shape DEF='_IDX_1563'>
				<Appearance USE='Material_114_IDX_114'/>
				<IndexedFaceSet solid="false" coordIndex='0 1 2 3 -1'>
					<Coordinate point='-0.714594 -2.913584 1.147299 -0.272501 -2.691567 1.242526 -0.339468 -2.476786 0.923231 -0.750725 -2.674848 0.852475'/>
				</IndexedFaceSet>
			</Shape>
			<Shape DEF='_IDX_1564'>
				<Appearance USE='Material_113_IDX_113'/>
				<IndexedFaceSet solid="false" coordIndex='0 1 2 3 -1'>
					<Coordinate point='-0.669696 -3.198730 1.451376 -0.188838 -2.949718 1.571842 -0.272501 -2.691567 1.242526 -0.714594 -2.913584 1.147299'/>
				</IndexedFaceSet>
			</Shape>
			<Shape DEF='_IDX_1565'>
				<Appearance USE='Material_112_IDX_112'/>
				<IndexedFaceSet solid="false" coordIndex='0 1 2 3 -1'>
					<Coordinate point='-0.612570 -3.535275 1.767158 -0.084202 -3.255404 1.913834 -0.188838 -2.949718 1.571842 -0.669696 -3.198730 1.451376'/>
				</IndexedFaceSet>
			</Shape>
			<Shape DEF='_IDX_1566'>
				<Appearance USE='Material_111_IDX_111'/>
				<IndexedFaceSet solid="false" coordIndex='0 1 2 3 -1'>
					<Coordinate point='-0.539480 -3.929268 2.097192 0.046167 -3.613790 2.271261 -0.084202 -3.255404 1.913834 -0.612570 -3.535275 1.767158'/>
				</IndexedFaceSet>
			</Shape>
			<Shape DEF='_IDX_1567'>
				<Appearance USE='Material_192_IDX_192'/>
				<IndexedFaceSet solid="false" coordIndex='0 1 2 3 -1'>
					<Coordinate point='-0.446306 -4.387950 2.444139 0.207639 -4.031153 2.647005 0.046167 -3.613790 2.271261 -0.539480 -3.929268 2.097192'/>
				</IndexedFaceSet>
			</Shape>
			<Shape DEF='_IDX_1568'>
				<Appearance USE='Material_109_IDX_109'/>
				<IndexedFaceSet solid="false" coordIndex='0 1 2 3 -1'>
					<Coordinate point='-0.446306 -4.387950 2.444139 0.207639 -4.031153 2.647005 0.207639 -4.031153 2.647005 -0.446306 -4.387950 2.444139'/>
				</IndexedFaceSet>
			</Shape>
			<Shape DEF='_IDX_1569'>
				<Appearance USE='Material_108_IDX_108'/>
				<IndexedFaceSet solid="false" coordIndex='0 1 2 3 -1'>
					<Coordinate point='-0.274319 -5.150812 2.960693 0.495942 -4.724937 3.206433 0.207639 -4.031153 2.647005 -0.446306 -4.387950 2.444139'/>
				</IndexedFaceSet>
			</Shape>
			<Shape DEF='_IDX_1570'>
				<Appearance USE='Material_107_IDX_107'/>
				<IndexedFaceSet solid="false" coordIndex='0 1 2 3 -1'>
					<Coordinate point='-0.039837 -6.084276 3.523568 0.876014 -5.572846 3.816027 0.495942 -4.724937 3.206433 -0.274319 -5.150812 2.960693'/>
				</IndexedFaceSet>
			</Shape>
			<Shape DEF='_IDX_1571'>
				<Appearance USE='Material_106_IDX_106'/>
				<IndexedFaceSet solid="false" coordIndex='0 1 2 3 -1'>
					<Coordinate point='0.274669 -7.223694 4.141571 1.371610 -6.606262 4.485324 0.876014 -5.572846 3.816027 -0.039837 -6.084276 3.523568'/>
				</IndexedFaceSet>
			</Shape>
			<Shape DEF='_IDX_1572'>
				<Appearance USE='Material_105_IDX_105'/>
				<IndexedFaceSet solid="false" coordIndex='0 1 2 3 -1'>
					<Coordinate point='0.690547 -8.613005 4.824369 2.011826 -7.864319 5.224796 1.371610 -6.606262 4.485324 0.274669 -7.223694 4.141571'/>
				</IndexedFaceSet>
			</Shape>
			<Shape DEF='_IDX_1573'>
				<Appearance USE='Material_130_IDX_130'/>
				<IndexedFaceSet solid="false" coordIndex='0 1 2 3 -1'>
					<Coordinate point='-0.438691 -2.165234 0.304463 -0.076415 -1.952832 0.323968 -0.120502 -1.872793 -0.000000 -0.478088 -2.064551 0.000000'/>
				</IndexedFaceSet>
			</Shape>
			<Shape DEF='_IDX_1574'>
				<Appearance USE='Material_129_IDX_129'/>
				<IndexedFaceSet solid="false" coordIndex='0 1 2 3 -1'>
					<Coordinate point='-0.393648 -2.302134 0.611382 -0.020140 -2.067091 0.650550 -0.076415 -1.952832 0.323968 -0.438691 -2.165234 0.304463'/>
				</IndexedFaceSet>
			</Shape>
			<Shape DEF='_IDX_1575'>
				<Appearance USE='Material_128_IDX_128'/>
				<IndexedFaceSet solid="false" coordIndex='0 1 2 3 -1'>
					<Coordinate point='-0.339468 -2.476786 0.923231 0.051903 -2.216332 0.982377 -0.020140 -2.067091 0.650550 -0.393648 -2.302134 0.611382'/>
				</IndexedFaceSet>
			</Shape>
			<Shape DEF='_IDX_1576'>
				<Appearance USE='Material_127_IDX_127'/>
				<IndexedFaceSet solid="false" coordIndex='0 1 2 3 -1'>
					<Coordinate point='-0.272501 -2.691567 1.242526 0.143635 -2.402110 1.322128 0.051903 -2.216332 0.982377 -0.339468 -2.476786 0.923231'/>
				</IndexedFaceSet>
			</Shape>
			<Shape DEF='_IDX_1577'>
				<Appearance USE='Material_126_IDX_126'/>
				<IndexedFaceSet solid="false" coordIndex='0 1 2 3 -1'>
					<Coordinate point='-0.188838 -2.949718 1.571842 0.259420 -2.626790 1.672541 0.143635 -2.402110 1.322128 -0.272501 -2.691567 1.242526'/>
				</IndexedFaceSet>
			</Shape>
			<Shape DEF='_IDX_1578'>
				<Appearance USE='Material_191_IDX_191'/>
				<IndexedFaceSet solid="false" coordIndex='0 1 2 3 -1'>
					<Coordinate point='-0.084202 -3.255404 1.913834 0.404171 -2.893583 2.036442 0.259420 -2.626790 1.672541 -0.188838 -2.949718 1.571842'/>
				</IndexedFaceSet>
			</Shape>
			<Shape DEF='_IDX_1579'>
				<Appearance USE='Material_124_IDX_124'/>
				<IndexedFaceSet solid="false" coordIndex='0 1 2 3 -1'>
					<Coordinate point='0.046167 -3.613790 2.271261 0.583480 -3.206603 2.416767 0.404171 -2.893583 2.036442 -0.084202 -3.255404 1.913834'/>
				</IndexedFaceSet>
			</Shape>
			<Shape DEF='_IDX_1580'>
				<Appearance USE='Material_123_IDX_123'/>
				<IndexedFaceSet solid="false" coordIndex='0 1 2 3 -1'>
					<Coordinate point='0.207639 -4.031153 2.647005 0.803752 -3.570952 2.816583 0.583480 -3.206603 2.416767 0.046167 -3.613790 2.271261'/>
				</IndexedFaceSet>
			</Shape>
			<Shape DEF='_IDX_1581'>
				<Appearance USE='Material_122_IDX_122'/>
				<IndexedFaceSet solid="false" coordIndex='0 1 2 3 -1'>
					<Coordinate point='0.207639 -4.031153 2.647005 0.803752 -3.570952 2.816583 0.803752 -3.570952 2.816583 0.207639 -4.031153 2.647005'/>
				</IndexedFaceSet>
			</Shape>
			<Shape DEF='_IDX_1582'>
				<Appearance USE='Material_121_IDX_121'/>
				<IndexedFaceSet solid="false" coordIndex='0 1 2 3 -1'>
					<Coordinate point='0.495942 -4.724937 3.206433 1.192782 -4.175659 3.411850 0.803752 -3.570952 2.816583 0.207639 -4.031153 2.647005'/>
				</IndexedFaceSet>
			</Shape>
			<Shape DEF='_IDX_1583'>
				<Appearance USE='Material_120_IDX_120'/>
				<IndexedFaceSet solid="false" coordIndex='0 1 2 3 -1'>
					<Coordinate point='0.876014 -5.572846 3.816027 1.699434 -4.912890 4.060498 1.192782 -4.175659 3.411850 0.495942 -4.724937 3.206433'/>
				</IndexedFaceSet>
			</Shape>
			<Shape DEF='_IDX_1584'>
				<Appearance USE='Material_119_IDX_119'/>
				<IndexedFaceSet solid="false" coordIndex='0 1 2 3 -1'>
					<Coordinate point='1.371610 -6.606262 4.485324 2.352831 -5.808977 4.772673 1.699434 -4.912890 4.060498 0.876014 -5.572846 3.816027'/>
				</IndexedFaceSet>
			</Shape>
			<Shape DEF='_IDX_1585'>
				<Appearance USE='Material_118_IDX_118'/>
				<IndexedFaceSet solid="false" coordIndex='0 1 2 3 -1'>
					<Coordinate point='2.011826 -7.864319 5.224796 3.188784 -6.896901 5.559518 2.352831 -5.808977 4.772673 1.371610 -6.606262 4.485324'/>
				</IndexedFaceSet>
			</Shape>
			<Shape DEF='_IDX_1586'>
				<Appearance USE='Material_143_IDX_143'/>
				<IndexedFaceSet solid="false" coordIndex='0 1 2 3 -1'>
					<Coordinate point='-0.076415 -1.952832 0.323968 0.266908 -1.687245 0.339400 0.223302 -1.627789 -0.000000 -0.120502 -1.872793 -0.000000'/>
				</IndexedFaceSet>
			</Shape>
			<Shape DEF='_IDX_1587'>
				<Appearance USE='Material_142_IDX_142'/>
				<IndexedFaceSet solid="false" coordIndex='0 1 2 3 -1'>
					<Coordinate point='-0.020140 -2.067091 0.650550 0.328852 -1.777673 0.681536 0.266908 -1.687245 0.339400 -0.076415 -1.952832 0.323968'/>
				</IndexedFaceSet>
			</Shape>
			<Shape DEF='_IDX_1588'>
				<Appearance USE='Material_141_IDX_141'/>
				<IndexedFaceSet solid="false" coordIndex='0 1 2 3 -1'>
					<Coordinate point='0.051903 -2.216332 0.982377 0.412665 -1.899074 1.029169 0.328852 -1.777673 0.681536 -0.020140 -2.067091 0.650550'/>
				</IndexedFaceSet>
			</Shape>
			<Shape DEF='_IDX_1589'>
				<Appearance USE='Material_140_IDX_140'/>
				<IndexedFaceSet solid="false" coordIndex='0 1 2 3 -1'>
					<Coordinate point='0.143635 -2.402110 1.322128 0.522385 -2.052166 1.385103 0.412665 -1.899074 1.029169 0.051903 -2.216332 0.982377'/>
				</IndexedFaceSet>
			</Shape>
			<Shape DEF='_IDX_1590'>
				<Appearance USE='Material_139_IDX_139'/>
				<IndexedFaceSet solid="false" coordIndex='0 1 2 3 -1'>
					<Coordinate point='0.259420 -2.626790 1.672541 0.662656 -2.238382 1.752206 0.522385 -2.052166 1.385103 0.143635 -2.402110 1.322128'/>
				</IndexedFaceSet>
			</Shape>
			<Shape DEF='_IDX_1591'>
				<Appearance USE='Material_138_IDX_138'/>
				<IndexedFaceSet solid="false" coordIndex='0 1 2 3 -1'>
					<Coordinate point='0.404171 -2.893583 2.036442 0.838835 -2.459883 2.133441 0.662656 -2.238382 1.752206 0.259420 -2.626790 1.672541'/>
				</IndexedFaceSet>
			</Shape>
			<Shape DEF='_IDX_1592'>
				<Appearance USE='Material_137_IDX_137'/>
				<IndexedFaceSet solid="false" coordIndex='0 1 2 3 -1'>
					<Coordinate point='0.583480 -3.206603 2.416767 1.057130 -2.719602 2.531882 0.838835 -2.459883 2.133441 0.404171 -2.893583 2.036442'/>
				</IndexedFaceSet>
			</Shape>
			<Shape DEF='_IDX_1593'>
				<Appearance USE='Material_136_IDX_136'/>
				<IndexedFaceSet solid="false" coordIndex='0 1 2 3 -1'>
					<Coordinate point='0.803752 -3.570952 2.816583 1.324741 -3.021301 2.950741 1.057130 -2.719602 2.531882 0.583480 -3.206603 2.416767'/>
				</IndexedFaceSet>
			</Shape>
			<Shape DEF='_IDX_1594'>
				<Appearance USE='Material_135_IDX_135'/>
				<IndexedFaceSet solid="false" coordIndex='0 1 2 3 -1'>
					<Coordinate point='0.803752 -3.570952 2.816583 1.324741 -3.021301 2.950741 1.324741 -3.021301 2.950741 0.803752 -3.570952 2.816583'/>
				</IndexedFaceSet>
			</Shape>
			<Shape DEF='_IDX_1595'>
				<Appearance USE='Material_134_IDX_134'/>
				<IndexedFaceSet solid="false" coordIndex='0 1 2 3 -1'>
					<Coordinate point='1.192782 -4.175659 3.411850 1.795505 -3.520272 3.574362 1.324741 -3.021301 2.950741 0.803752 -3.570952 2.816583'/>
				</IndexedFaceSet>
			</Shape>
			<Shape DEF='_IDX_1596'>
				<Appearance USE='Material_133_IDX_133'/>
				<IndexedFaceSet solid="false" coordIndex='0 1 2 3 -1'>
					<Coordinate point='1.699434 -4.912890 4.060498 2.405429 -4.125746 4.253905 1.795505 -3.520272 3.574362 1.192782 -4.175659 3.411850'/>
				</IndexedFaceSet>
			</Shape>
			<Shape DEF='_IDX_1597'>
				<Appearance USE='Material_132_IDX_132'/>
				<IndexedFaceSet solid="false" coordIndex='0 1 2 3 -1'>
					<Coordinate point='2.352831 -5.808977 4.772673 3.187965 -4.858103 5.000002 2.405429 -4.125746 4.253905 1.699434 -4.912890 4.060498'/>
				</IndexedFaceSet>
			</Shape>
			<Shape DEF='_IDX_1598'>
				<Appearance DEF='Material_483_IDX_483'>
					<Material diffuseColor='0.881641 0.316164 0.164984'/>
					
				</Appearance>
				<IndexedFaceSet solid="false" coordIndex='0 1 2 3 -1'>
					<Coordinate point='3.188784 -6.896901 5.559518 4.184373 -5.743041 5.824326 3.187965 -4.858103 5.000002 2.352831 -5.808977 4.772673'/>
				</IndexedFaceSet>
			</Shape>
			<Shape DEF='_IDX_1599'>
				<Appearance USE='Material_156_IDX_156'/>
				<IndexedFaceSet solid="false" coordIndex='0 1 2 3 -1'>
					<Coordinate point='0.266908 -1.687245 0.339400 0.581729 -1.373526 0.350562 0.543440 -1.333520 -0.000000 0.223302 -1.627789 -0.000000'/>
				</IndexedFaceSet>
			</Shape>
			<Shape DEF='_IDX_1600'>
				<Appearance USE='Material_155_IDX_155'/>
				<IndexedFaceSet solid="false" coordIndex='0 1 2 3 -1'>
					<Coordinate point='0.328852 -1.777673 0.681536 0.643850 -1.440110 0.703952 0.581729 -1.373526 0.350562 0.266908 -1.687245 0.339400'/>
				</IndexedFaceSet>
			</Shape>
			<Shape DEF='_IDX_1601'>
				<Appearance USE='Material_154_IDX_154'/>
				<IndexedFaceSet solid="false" coordIndex='0 1 2 3 -1'>
					<Coordinate point='0.412665 -1.899074 1.029169 0.733158 -1.532551 1.063019 0.643850 -1.440110 0.703952 0.328852 -1.777673 0.681536'/>
				</IndexedFaceSet>
			</Shape>
			<Shape DEF='_IDX_1602'>
				<Appearance USE='Material_153_IDX_153'/>
				<IndexedFaceSet solid="false" coordIndex='0 1 2 3 -1'>
					<Coordinate point='0.522385 -2.052166 1.385103 0.853655 -1.650728 1.430659 0.733158 -1.532551 1.063019 0.412665 -1.899074 1.029169'/>
				</IndexedFaceSet>
			</Shape>
			<Shape DEF='_IDX_1603'>
				<Appearance USE='Material_152_IDX_152'/>
				<IndexedFaceSet solid="false" coordIndex='0 1 2 3 -1'>
					<Coordinate point='0.662656 -2.238382 1.752206 1.010084 -1.795112 1.809837 0.853655 -1.650728 1.430659 0.522385 -2.052166 1.385103'/>
				</IndexedFaceSet>
			</Shape>
			<Shape DEF='_IDX_1604'>
				<Appearance USE='Material_151_IDX_151'/>
				<IndexedFaceSet solid="false" coordIndex='0 1 2 3 -1'>
					<Coordinate point='0.838835 -2.459883 2.133441 1.208047 -1.966759 2.203610 1.010084 -1.795112 1.809837 0.662656 -2.238382 1.752206'/>
				</IndexedFaceSet>
			</Shape>
			<Shape DEF='_IDX_1605'>
				<Appearance USE='Material_150_IDX_150'/>
				<IndexedFaceSet solid="false" coordIndex='0 1 2 3 -1'>
					<Coordinate point='1.057130 -2.719602 2.531882 1.454133 -2.167331 2.615156 1.208047 -1.966759 2.203610 0.838835 -2.459883 2.133441'/>
				</IndexedFaceSet>
			</Shape>
			<Shape DEF='_IDX_1606'>
				<Appearance USE='Material_149_IDX_149'/>
				<IndexedFaceSet solid="false" coordIndex='0 1 2 3 -1'>
					<Coordinate point='1.324741 -3.021301 2.950741 1.756078 -2.399123 3.047792 1.454133 -2.167331 2.615156 1.057130 -2.719602 2.531882'/>
				</IndexedFaceSet>
			</Shape>
			<Shape DEF='_IDX_1607'>
				<Appearance USE='Material_148_IDX_148'/>
				<IndexedFaceSet solid="false" coordIndex='0 1 2 3 -1'>
					<Coordinate point='1.324741 -3.021301 2.950741 1.756078 -2.399123 3.047792 1.756078 -2.399123 3.047792 1.324741 -3.021301 2.950741'/>
				</IndexedFaceSet>
			</Shape>
			<Shape DEF='_IDX_1608'>
				<Appearance USE='Material_147_IDX_147'/>
				<IndexedFaceSet solid="false" coordIndex='0 1 2 3 -1'>
					<Coordinate point='1.795505 -3.520272 3.574362 2.286873 -2.779614 3.691924 1.756078 -2.399123 3.047792 1.324741 -3.021301 2.950741'/>
				</IndexedFaceSet>
			</Shape>
			<Shape DEF='_IDX_1609'>
				<Appearance USE='Material_146_IDX_146'/>
				<IndexedFaceSet solid="false" coordIndex='0 1 2 3 -1'>
					<Coordinate point='2.405429 -4.125746 4.253905 2.973294 -3.237017 4.393817 2.286873 -2.779614 3.691924 1.795505 -3.520272 3.574362'/>
				</IndexedFaceSet>
			</Shape>
			<Shape DEF='_IDX_1610'>
				<Appearance USE='Material_185_IDX_185'/>
				<IndexedFaceSet solid="false" coordIndex='0 1 2 3 -1'>
					<Coordinate point='3.187965 -4.858103 5.000002 3.851943 -3.785069 5.164454 2.973294 -3.237017 4.393817 2.405429 -4.125746 4.253905'/>
				</IndexedFaceSet>
			</Shape>
			<Shape DEF='_IDX_1611'>
				<Appearance USE='Material_184_IDX_184'/>
				<IndexedFaceSet solid="false" coordIndex='0 1 2 3 -1'>
					<Coordinate point='4.184373 -5.743041 5.824326 4.968087 -4.441317 6.015890 3.851943 -3.785069 5.164454 3.187965 -4.858103 5.000002'/>
				</IndexedFaceSet>
			</Shape>
			<Shape DEF='_IDX_1612'>
				<Appearance USE='Material_169_IDX_169'/>
				<IndexedFaceSet solid="false" coordIndex='0 1 2 3 -1'>
					<Coordinate point='0.581729 -1.373526 0.350562 0.859511 -1.018503 0.357317 0.830872 -0.995843 -0.000000 0.543440 -1.333520 -0.000000'/>
				</IndexedFaceSet>
			</Shape>
			<Shape DEF='_IDX_1613'>
				<Appearance USE='Material_168_IDX_168'/>
				<IndexedFaceSet solid="false" coordIndex='0 1 2 3 -1'>
					<Coordinate point='0.643850 -1.440110 0.703952 0.916597 -1.062361 0.717516 0.859511 -1.018503 0.357317 0.581729 -1.373526 0.350562'/>
				</IndexedFaceSet>
			</Shape>
			<Shape DEF='_IDX_1614'>
				<Appearance USE='Material_167_IDX_167'/>
				<IndexedFaceSet solid="false" coordIndex='0 1 2 3 -1'>
					<Coordinate point='0.733158 -1.532551 1.063019 1.005181 -1.126020 1.083501 0.916597 -1.062361 0.717516 0.643850 -1.440110 0.703952'/>
				</IndexedFaceSet>
			</Shape>
			<Shape DEF='_IDX_1615'>
				<Appearance USE='Material_166_IDX_166'/>
				<IndexedFaceSet solid="false" coordIndex='0 1 2 3 -1'>
					<Coordinate point='0.853655 -1.650728 1.430659 1.129081 -1.208550 1.458224 1.005181 -1.126020 1.083501 0.733158 -1.532551 1.063019'/>
				</IndexedFaceSet>
			</Shape>
			<Shape DEF='_IDX_1616'>
				<Appearance USE='Material_165_IDX_165'/>
				<IndexedFaceSet solid="false" coordIndex='0 1 2 3 -1'>
					<Coordinate point='1.010084 -1.795112 1.809837 1.292964 -1.309457 1.844708 1.129081 -1.208550 1.458224 0.853655 -1.650728 1.430659'/>
				</IndexedFaceSet>
			</Shape>
			<Shape DEF='_IDX_1617'>
				<Appearance USE='Material_164_IDX_164'/>
				<IndexedFaceSet solid="false" coordIndex='0 1 2 3 -1'>
					<Coordinate point='1.208047 -1.966759 2.203610 1.502468 -1.428666 2.246068 1.292964 -1.309457 1.844708 1.010084 -1.795112 1.809837'/>
				</IndexedFaceSet>
			</Shape>
			<Shape DEF='_IDX_1618'>
				<Appearance USE='Material_163_IDX_163'/>
				<IndexedFaceSet solid="false" coordIndex='0 1 2 3 -1'>
					<Coordinate point='1.454133 -2.167331 2.615156 1.764325 -1.566519 2.665543 1.502468 -1.428666 2.246068 1.208047 -1.966759 2.203610'/>
				</IndexedFaceSet>
			</Shape>
			<Shape DEF='_IDX_1619'>
				<Appearance USE='Material_162_IDX_162'/>
				<IndexedFaceSet solid="false" coordIndex='0 1 2 3 -1'>
					<Coordinate point='1.756078 -2.399123 3.047792 2.086525 -1.723773 3.106514 1.764325 -1.566519 2.665543 1.454133 -2.167331 2.615156'/>
				</IndexedFaceSet>
			</Shape>
			<Shape DEF='_IDX_1620'>
				<Appearance USE='Material_161_IDX_161'/>
				<IndexedFaceSet solid="false" coordIndex='0 1 2 3 -1'>
					<Coordinate point='1.756078 -2.399123 3.047792 2.086525 -1.723773 3.106514 2.086525 -1.723773 3.106514 1.756078 -2.399123 3.047792'/>
				</IndexedFaceSet>
			</Shape>
			<Shape DEF='_IDX_1621'>
				<Appearance USE='Material_160_IDX_160'/>
				<IndexedFaceSet solid="false" coordIndex='0 1 2 3 -1'>
					<Coordinate point='2.286873 -2.779614 3.691924 2.653708 -1.977381 3.763057 2.086525 -1.723773 3.106514 1.756078 -2.399123 3.047792'/>
				</IndexedFaceSet>
			</Shape>
			<Shape DEF='_IDX_1622'>
				<Appearance USE='Material_159_IDX_159'/>
				<IndexedFaceSet solid="false" coordIndex='0 1 2 3 -1'>
					<Coordinate point='2.973294 -3.237017 4.393817 3.387325 -2.275712 4.478475 2.653708 -1.977381 3.763057 2.286873 -2.779614 3.691924'/>
				</IndexedFaceSet>
			</Shape>
			<Shape DEF='_IDX_1623'>
				<Appearance USE='Material_158_IDX_158'/>
				<IndexedFaceSet solid="false" coordIndex='0 1 2 3 -1'>
					<Coordinate point='3.851943 -3.785069 5.164454 4.325857 -2.625408 5.263959 3.387325 -2.275712 4.478475 2.973294 -3.237017 4.393817'/>
				</IndexedFaceSet>
			</Shape>
			<Shape DEF='_IDX_1624'>
				<Appearance USE='Material_157_IDX_157'/>
				<IndexedFaceSet solid="false" coordIndex='0 1 2 3 -1'>
					<Coordinate point='4.968087 -4.441317 6.015890 5.516998 -3.035285 6.131800 4.325857 -2.625408 5.263959 3.851943 -3.785069 5.164454'/>
				</IndexedFaceSet>
			</Shape>
			<Shape DEF='_IDX_1625'>
				<Appearance USE='Material_182_IDX_182'/>
				<IndexedFaceSet solid="false" coordIndex='0 1 2 3 -1'>
					<Coordinate point='0.859511 -1.018503 0.357317 1.093090 -0.630536 0.359578 1.077776 -0.622264 -0.000000 0.830872 -0.995843 -0.000000'/>
				</IndexedFaceSet>
			</Shape>
			<Shape DEF='_IDX_1626'>
				<Appearance USE='Material_181_IDX_181'/>
				<IndexedFaceSet solid="false" coordIndex='0 1 2 3 -1'>
					<Coordinate point='0.916597 -1.062361 0.717516 1.140394 -0.653836 0.722056 1.093090 -0.630536 0.359578 0.859511 -1.018503 0.357317'/>
				</IndexedFaceSet>
			</Shape>
			<Shape DEF='_IDX_1627'>
				<Appearance USE='Material_180_IDX_180'/>
				<IndexedFaceSet solid="false" coordIndex='0 1 2 3 -1'>
					<Coordinate point='1.005181 -1.126020 1.083501 1.222326 -0.690159 1.090357 1.140394 -0.653836 0.722056 0.916597 -1.062361 0.717516'/>
				</IndexedFaceSet>
			</Shape>
			<Shape DEF='_IDX_1628'>
				<Appearance DEF='Material_484_IDX_484'>
					<Material diffuseColor='0.671230 0.742982 0.319795'/>
					
				</Appearance>
				<IndexedFaceSet solid="false" coordIndex='0 1 2 3 -1'>
					<Coordinate point='1.129081 -1.208550 1.458224 1.342372 -0.737807 1.467451 1.222326 -0.690159 1.090357 1.005181 -1.126020 1.083501'/>
				</IndexedFaceSet>
			</Shape>
			<Shape DEF='_IDX_1629'>
				<Appearance USE='Material_178_IDX_178'/>
				<IndexedFaceSet solid="false" coordIndex='0 1 2 3 -1'>
					<Coordinate point='1.292964 -1.309457 1.844708 1.504951 -0.795350 1.856380 1.342372 -0.737807 1.467451 1.129081 -1.208550 1.458224'/>
				</IndexedFaceSet>
			</Shape>
			<Shape DEF='_IDX_1630'>
				<Appearance USE='Material_177_IDX_177'/>
				<IndexedFaceSet solid="false" coordIndex='0 1 2 3 -1'>
					<Coordinate point='1.502468 -1.428666 2.246068 1.715528 -0.861592 2.260280 1.504951 -0.795350 1.856380 1.292964 -1.309457 1.844708'/>
				</IndexedFaceSet>
			</Shape>
			<Shape DEF='_IDX_1631'>
				<Appearance USE='Material_176_IDX_176'/>
				<IndexedFaceSet solid="false" coordIndex='0 1 2 3 -1'>
					<Coordinate point='1.764325 -1.566519 2.665543 1.980739 -0.935544 2.682409 1.715528 -0.861592 2.260280 1.502468 -1.428666 2.246068'/>
				</IndexedFaceSet>
			</Shape>
			<Shape DEF='_IDX_1632'>
				<Appearance USE='Material_175_IDX_175'/>
				<IndexedFaceSet solid="false" coordIndex='0 1 2 3 -1'>
					<Coordinate point='2.086525 -1.723773 3.106514 2.308542 -1.016405 3.126171 1.980739 -0.935544 2.682409 1.764325 -1.566519 2.665543'/>
				</IndexedFaceSet>
			</Shape>
			<Shape DEF='_IDX_1633'>
				<Appearance USE='Material_174_IDX_174'/>
				<IndexedFaceSet solid="false" coordIndex='0 1 2 3 -1'>
					<Coordinate point='2.086525 -1.723773 3.106514 2.308542 -1.016405 3.126171 2.308542 -1.016405 3.126171 2.086525 -1.723773 3.106514'/>
				</IndexedFaceSet>
			</Shape>
			<Shape DEF='_IDX_1634'>
				<Appearance USE='Material_173_IDX_173'/>
				<IndexedFaceSet solid="false" coordIndex='0 1 2 3 -1'>
					<Coordinate point='2.653708 -1.977381 3.763057 2.887358 -1.139346 3.786868 2.308542 -1.016405 3.126171 2.086525 -1.723773 3.106514'/>
				</IndexedFaceSet>
			</Shape>
			<Shape DEF='_IDX_1635'>
				<Appearance USE='Material_172_IDX_172'/>
				<IndexedFaceSet solid="false" coordIndex='0 1 2 3 -1'>
					<Coordinate point='3.387325 -2.275712 4.478475 3.637369 -1.273287 4.506813 2.887358 -1.139346 3.786868 2.653708 -1.977381 3.763057'/>
				</IndexedFaceSet>
			</Shape>
			<Shape DEF='_IDX_1636'>
				<Appearance USE='Material_171_IDX_171'/>
				<IndexedFaceSet solid="false" coordIndex='0 1 2 3 -1'>
					<Coordinate point='4.325857 -2.625408 5.263959 4.597604 -1.417564 5.297267 3.637369 -1.273287 4.506813 3.387325 -2.275712 4.478475'/>
				</IndexedFaceSet>
			</Shape>
			<Shape DEF='_IDX_1637'>
				<Appearance USE='Material_170_IDX_170'/>
				<IndexedFaceSet solid="false" coordIndex='0 1 2 3 -1'>
					<Coordinate point='5.516998 -3.035285 6.131800 5.816544 -1.571992 6.170599 4.597604 -1.417564 5.297267 4.325857 -2.625408 5.263959'/>
				</IndexedFaceSet>
			</Shape>
			<Shape DEF='_IDX_1638'>
				<Appearance USE='Material_182_IDX_182'/>
				<IndexedFaceSet solid="false" coordIndex='0 1 2 3 -1'>
					<Coordinate point='1.093090 -0.630536 0.359578 1.276958 -0.219212 0.357317 1.277852 -0.221650 -0.000000 1.077776 -0.622264 -0.000000'/>
				</IndexedFaceSet>
			</Shape>
			<Shape DEF='_IDX_1639'>
				<Appearance USE='Material_181_IDX_181'/>
				<IndexedFaceSet solid="false" coordIndex='0 1 2 3 -1'>
					<Coordinate point='1.140394 -0.653836 0.722056 1.310385 -0.225074 0.717516 1.276958 -0.219212 0.357317 1.093090 -0.630536 0.359578'/>
				</IndexedFaceSet>
			</Shape>
			<Shape DEF='_IDX_1640'>
				<Appearance USE='Material_180_IDX_180'/>
				<IndexedFaceSet solid="false" coordIndex='0 1 2 3 -1'>
					<Coordinate point='1.222326 -0.690159 1.090357 1.380249 -0.236698 1.083501 1.310385 -0.225074 0.717516 1.140394 -0.653836 0.722056'/>
				</IndexedFaceSet>
			</Shape>
			<Shape DEF='_IDX_1641'>
				<Appearance USE='Material_484_IDX_484'/>
				<IndexedFaceSet solid="false" coordIndex='0 1 2 3 -1'>
					<Coordinate point='1.342372 -0.737807 1.467451 1.489570 -0.251686 1.458224 1.380249 -0.236698 1.083501 1.222326 -0.690159 1.090357'/>
				</IndexedFaceSet>
			</Shape>
			<Shape DEF='_IDX_1642'>
				<Appearance USE='Material_178_IDX_178'/>
				<IndexedFaceSet solid="false" coordIndex='0 1 2 3 -1'>
					<Coordinate point='1.504951 -0.795350 1.856380 1.642354 -0.267725 1.844708 1.489570 -0.251686 1.458224 1.342372 -0.737807 1.467451'/>
				</IndexedFaceSet>
			</Shape>
			<Shape DEF='_IDX_1643'>
				<Appearance USE='Material_177_IDX_177'/>
				<IndexedFaceSet solid="false" coordIndex='0 1 2 3 -1'>
					<Coordinate point='1.715528 -0.861592 2.260280 1.843692 -0.282536 2.246068 1.642354 -0.267725 1.844708 1.504951 -0.795350 1.856380'/>
				</IndexedFaceSet>
			</Shape>
			<Shape DEF='_IDX_1644'>
				<Appearance DEF='Material_485_IDX_485'>
					<Material diffuseColor='0.807925 0.711385 0.256123'/>
					
				</Appearance>
				<IndexedFaceSet solid="false" coordIndex='0 1 2 3 -1'>
					<Coordinate point='1.980739 -0.935544 2.682409 2.099881 -0.293834 2.665543 1.843692 -0.282536 2.246068 1.715528 -0.861592 2.260280'/>
				</IndexedFaceSet>
			</Shape>
			<Shape DEF='_IDX_1645'>
				<Appearance USE='Material_175_IDX_175'/>
				<IndexedFaceSet solid="false" coordIndex='0 1 2 3 -1'>
					<Coordinate point='2.308542 -1.016405 3.126171 2.418575 -0.299281 3.106514 2.099881 -0.293834 2.665543 1.980739 -0.935544 2.682409'/>
				</IndexedFaceSet>
			</Shape>
			<Shape DEF='_IDX_1646'>
				<Appearance USE='Material_174_IDX_174'/>
				<IndexedFaceSet solid="false" coordIndex='0 1 2 3 -1'>
					<Coordinate point='2.308542 -1.016405 3.126171 2.418575 -0.299281 3.106514 2.418575 -0.299281 3.106514 2.308542 -1.016405 3.126171'/>
				</IndexedFaceSet>
			</Shape>
			<Shape DEF='_IDX_1647'>
				<Appearance USE='Material_173_IDX_173'/>
				<IndexedFaceSet solid="false" coordIndex='0 1 2 3 -1'>
					<Coordinate point='2.887358 -1.139346 3.786868 2.984020 -0.292513 3.763057 2.418575 -0.299281 3.106514 2.308542 -1.016405 3.126171'/>
				</IndexedFaceSet>
			</Shape>
			<Shape DEF='_IDX_1648'>
				<Appearance USE='Material_172_IDX_172'/>
				<IndexedFaceSet solid="false" coordIndex='0 1 2 3 -1'>
					<Coordinate point='3.637369 -1.273287 4.506813 3.719178 -0.262591 4.478475 2.984020 -0.292513 3.763057 2.887358 -1.139346 3.786868'/>
				</IndexedFaceSet>
			</Shape>
			<Shape DEF='_IDX_1649'>
				<Appearance USE='Material_171_IDX_171'/>
				<IndexedFaceSet solid="false" coordIndex='0 1 2 3 -1'>
					<Coordinate point='4.597604 -1.417564 5.297267 4.662303 -0.201593 5.263959 3.719178 -0.262591 4.478475 3.637369 -1.273287 4.506813'/>
				</IndexedFaceSet>
			</Shape>
			<Shape DEF='_IDX_1650'>
				<Appearance USE='Material_170_IDX_170'/>
				<IndexedFaceSet solid="false" coordIndex='0 1 2 3 -1'>
					<Coordinate point='5.816544 -1.571992 6.170599 5.861010 -0.100377 6.131800 4.662303 -0.201593 5.263959 4.597604 -1.417564 5.297267'/>
				</IndexedFaceSet>
			</Shape>
			<Shape DEF='_IDX_1651'>
				<Appearance USE='Material_169_IDX_169'/>
				<IndexedFaceSet solid="false" coordIndex='0 1 2 3 -1'>
					<Coordinate point='1.276958 -0.219212 0.357317 1.407497 0.205010 0.350562 1.426573 0.196112 0.000000 1.277852 -0.221650 -0.000000'/>
				</IndexedFaceSet>
			</Shape>
			<Shape DEF='_IDX_1652'>
				<Appearance USE='Material_168_IDX_168'/>
				<IndexedFaceSet solid="false" coordIndex='0 1 2 3 -1'>
					<Coordinate point='1.310385 -0.225074 0.717516 1.423761 0.212645 0.703952 1.407497 0.205010 0.350562 1.276958 -0.219212 0.357317'/>
				</IndexedFaceSet>
			</Shape>
			<Shape DEF='_IDX_1653'>
				<Appearance USE='Material_167_IDX_167'/>
				<IndexedFaceSet solid="false" coordIndex='0 1 2 3 -1'>
					<Coordinate point='1.380249 -0.236698 1.083501 1.476865 0.221991 1.063019 1.423761 0.212645 0.703952 1.310385 -0.225074 0.717516'/>
				</IndexedFaceSet>
			</Shape>
			<Shape DEF='_IDX_1654'>
				<Appearance USE='Material_166_IDX_166'/>
				<IndexedFaceSet solid="false" coordIndex='0 1 2 3 -1'>
					<Coordinate point='1.489570 -0.251686 1.458224 1.569241 0.236064 1.430659 1.476865 0.221991 1.063019 1.380249 -0.236698 1.083501'/>
				</IndexedFaceSet>
			</Shape>
			<Shape DEF='_IDX_1655'>
				<Appearance USE='Material_165_IDX_165'/>
				<IndexedFaceSet solid="false" coordIndex='0 1 2 3 -1'>
					<Coordinate point='1.642354 -0.267725 1.844708 1.704318 0.257987 1.809837 1.569241 0.236064 1.430659 1.489570 -0.251686 1.458224'/>
				</IndexedFaceSet>
			</Shape>
			<Shape DEF='_IDX_1656'>
				<Appearance USE='Material_164_IDX_164'/>
				<IndexedFaceSet solid="false" coordIndex='0 1 2 3 -1'>
					<Coordinate point='1.843692 -0.282536 2.246068 1.886625 0.291050 2.203610 1.704318 0.257987 1.809837 1.642354 -0.267725 1.844708'/>
				</IndexedFaceSet>
			</Shape>
			<Shape DEF='_IDX_1657'>
				<Appearance USE='Material_163_IDX_163'/>
				<IndexedFaceSet solid="false" coordIndex='0 1 2 3 -1'>
					<Coordinate point='2.099881 -0.293834 2.665543 2.121897 0.338770 2.615156 1.886625 0.291050 2.203610 1.843692 -0.282536 2.246068'/>
				</IndexedFaceSet>
			</Shape>
			<Shape DEF='_IDX_1658'>
				<Appearance USE='Material_162_IDX_162'/>
				<IndexedFaceSet solid="false" coordIndex='0 1 2 3 -1'>
					<Coordinate point='2.418575 -0.299281 3.106514 2.417215 0.404951 3.047792 2.121897 0.338770 2.615156 2.099881 -0.293834 2.665543'/>
				</IndexedFaceSet>
			</Shape>
			<Shape DEF='_IDX_1659'>
				<Appearance USE='Material_161_IDX_161'/>
				<IndexedFaceSet solid="false" coordIndex='0 1 2 3 -1'>
					<Coordinate point='2.418575 -0.299281 3.106514 2.417215 0.404951 3.047792 2.417215 0.404951 3.047792 2.418575 -0.299281 3.106514'/>
				</IndexedFaceSet>
			</Shape>
			<Shape DEF='_IDX_1660'>
				<Appearance USE='Material_160_IDX_160'/>
				<IndexedFaceSet solid="false" coordIndex='0 1 2 3 -1'>
					<Coordinate point='2.984020 -0.292513 3.763057 2.944883 0.535767 3.691924 2.417215 0.404951 3.047792 2.418575 -0.299281 3.106514'/>
				</IndexedFaceSet>
			</Shape>
			<Shape DEF='_IDX_1661'>
				<Appearance USE='Material_159_IDX_159'/>
				<IndexedFaceSet solid="false" coordIndex='0 1 2 3 -1'>
					<Coordinate point='3.719178 -0.262591 4.478475 3.634561 0.723215 4.393817 2.944883 0.535767 3.691924 2.984020 -0.292513 3.763057'/>
				</IndexedFaceSet>
			</Shape>
			<Shape DEF='_IDX_1662'>
				<Appearance USE='Material_158_IDX_158'/>
				<IndexedFaceSet solid="false" coordIndex='0 1 2 3 -1'>
					<Coordinate point='4.662303 -0.201593 5.263959 4.522452 0.982177 5.164454 3.634561 0.723215 4.393817 3.719178 -0.262591 4.478475'/>
				</IndexedFaceSet>
			</Shape>
			<Shape DEF='_IDX_1663'>
				<Appearance USE='Material_157_IDX_157'/>
				<IndexedFaceSet solid="false" coordIndex='0 1 2 3 -1'>
					<Coordinate point='5.861010 -0.100377 6.131800 5.653708 1.330386 6.015890 4.522452 0.982177 5.164454 4.662303 -0.201593 5.263959'/>
				</IndexedFaceSet>
			</Shape>
			<Shape DEF='_IDX_1664'>
				<Appearance USE='Material_156_IDX_156'/>
				<IndexedFaceSet solid="false" coordIndex='0 1 2 3 -1'>
					<Coordinate point='1.407497 0.205010 0.350562 1.483124 0.631195 0.339400 1.521348 0.620494 -0.000000 1.426573 0.196112 0.000000'/>
				</IndexedFaceSet>
			</Shape>
			<Shape DEF='_IDX_1665'>
				<Appearance USE='Material_155_IDX_155'/>
				<IndexedFaceSet solid="false" coordIndex='0 1 2 3 -1'>
					<Coordinate point='1.423761 0.212645 0.703952 1.479898 0.647707 0.681536 1.483124 0.631195 0.339400 1.407497 0.205010 0.350562'/>
				</IndexedFaceSet>
			</Shape>
			<Shape DEF='_IDX_1666'>
				<Appearance USE='Material_154_IDX_154'/>
				<IndexedFaceSet solid="false" coordIndex='0 1 2 3 -1'>
					<Coordinate point='1.476865 0.221991 1.063019 1.512474 0.673332 1.029169 1.479898 0.647707 0.681536 1.423761 0.212645 0.703952'/>
				</IndexedFaceSet>
			</Shape>
			<Shape DEF='_IDX_1667'>
				<Appearance USE='Material_153_IDX_153'/>
				<IndexedFaceSet solid="false" coordIndex='0 1 2 3 -1'>
					<Coordinate point='1.569241 0.236064 1.430659 1.582575 0.711607 1.385103 1.512474 0.673332 1.029169 1.476865 0.221991 1.063019'/>
				</IndexedFaceSet>
			</Shape>
			<Shape DEF='_IDX_1668'>
				<Appearance USE='Material_187_IDX_187'/>
				<IndexedFaceSet solid="false" coordIndex='0 1 2 3 -1'>
					<Coordinate point='1.704318 0.257987 1.809837 1.692911 0.766372 1.752206 1.582575 0.711607 1.385103 1.569241 0.236064 1.430659'/>
				</IndexedFaceSet>
			</Shape>
			<Shape DEF='_IDX_1669'>
				<Appearance USE='Material_151_IDX_151'/>
				<IndexedFaceSet solid="false" coordIndex='0 1 2 3 -1'>
					<Coordinate point='1.886625 0.291050 2.203610 1.847271 0.841837 2.133441 1.692911 0.766372 1.752206 1.704318 0.257987 1.809837'/>
				</IndexedFaceSet>
			</Shape>
			<Shape DEF='_IDX_1670'>
				<Appearance USE='Material_150_IDX_150'/>
				<IndexedFaceSet solid="false" coordIndex='0 1 2 3 -1'>
					<Coordinate point='2.121897 0.338770 2.615156 2.050621 0.942655 2.531882 1.847271 0.841837 2.133441 1.886625 0.291050 2.203610'/>
				</IndexedFaceSet>
			</Shape>
			<Shape DEF='_IDX_1671'>
				<Appearance USE='Material_149_IDX_149'/>
				<IndexedFaceSet solid="false" coordIndex='0 1 2 3 -1'>
					<Coordinate point='2.417215 0.404951 3.047792 2.309225 1.073991 2.950741 2.050621 0.942655 2.531882 2.121897 0.338770 2.615156'/>
				</IndexedFaceSet>
			</Shape>
			<Shape DEF='_IDX_1672'>
				<Appearance USE='Material_148_IDX_148'/>
				<IndexedFaceSet solid="false" coordIndex='0 1 2 3 -1'>
					<Coordinate point='2.417215 0.404951 3.047792 2.309225 1.073991 2.950741 2.309225 1.073991 2.950741 2.417215 0.404951 3.047792'/>
				</IndexedFaceSet>
			</Shape>
			<Shape DEF='_IDX_1673'>
				<Appearance USE='Material_147_IDX_147'/>
				<IndexedFaceSet solid="false" coordIndex='0 1 2 3 -1'>
					<Coordinate point='2.944883 0.535767 3.691924 2.776118 1.318679 3.574362 2.309225 1.073991 2.950741 2.417215 0.404951 3.047792'/>
				</IndexedFaceSet>
			</Shape>
			<Shape DEF='_IDX_1674'>
				<Appearance USE='Material_186_IDX_186'/>
				<IndexedFaceSet solid="false" coordIndex='0 1 2 3 -1'>
					<Coordinate point='3.634561 0.723215 4.393817 3.391323 1.651743 4.253905 2.776118 1.318679 3.574362 2.944883 0.535767 3.691924'/>
				</IndexedFaceSet>
			</Shape>
			<Shape DEF='_IDX_1675'>
				<Appearance USE='Material_185_IDX_185'/>
				<IndexedFaceSet solid="false" coordIndex='0 1 2 3 -1'>
					<Coordinate point='4.522452 0.982177 5.164454 4.187826 2.094488 5.000002 3.391323 1.651743 4.253905 3.634561 0.723215 4.393817'/>
				</IndexedFaceSet>
			</Shape>
			<Shape DEF='_IDX_1676'>
				<Appearance USE='Material_184_IDX_184'/>
				<IndexedFaceSet solid="false" coordIndex='0 1 2 3 -1'>
					<Coordinate point='5.653708 1.330386 6.015890 5.206834 2.672554 5.824326 4.187826 2.094488 5.000002 4.522452 0.982177 5.164454'/>
				</IndexedFaceSet>
			</Shape>
			<Shape DEF='_IDX_1677'>
				<Appearance USE='Material_143_IDX_143'/>
				<IndexedFaceSet solid="false" coordIndex='0 1 2 3 -1'>
					<Coordinate point='1.483124 0.631195 0.339400 1.504373 1.048360 0.323968 1.561626 1.040739 0.000000 1.521348 0.620494 -0.000000'/>
				</IndexedFaceSet>
			</Shape>
			<Shape DEF='_IDX_1678'>
				<Appearance USE='Material_142_IDX_142'/>
				<IndexedFaceSet solid="false" coordIndex='0 1 2 3 -1'>
					<Coordinate point='1.479898 0.647707 0.681536 1.480420 1.068612 0.650550 1.504373 1.048360 0.323968 1.483124 0.631195 0.339400'/>
				</IndexedFaceSet>
			</Shape>
			<Shape DEF='_IDX_1679'>
				<Appearance USE='Material_141_IDX_141'/>
				<IndexedFaceSet solid="false" coordIndex='0 1 2 3 -1'>
					<Coordinate point='1.512474 0.673332 1.029169 1.489798 1.105015 0.982377 1.480420 1.068612 0.650550 1.479898 0.647707 0.681536'/>
				</IndexedFaceSet>
			</Shape>
			<Shape DEF='_IDX_1680'>
				<Appearance USE='Material_140_IDX_140'/>
				<IndexedFaceSet solid="false" coordIndex='0 1 2 3 -1'>
					<Coordinate point='1.582575 0.711607 1.385103 1.533417 1.161517 1.322128 1.489798 1.105015 0.982377 1.512474 0.673332 1.029169'/>
				</IndexedFaceSet>
			</Shape>
			<Shape DEF='_IDX_1681'>
				<Appearance USE='Material_139_IDX_139'/>
				<IndexedFaceSet solid="false" coordIndex='0 1 2 3 -1'>
					<Coordinate point='1.692911 0.766372 1.752206 1.613132 1.242568 1.672541 1.533417 1.161517 1.322128 1.582575 0.711607 1.385103'/>
				</IndexedFaceSet>
			</Shape>
			<Shape DEF='_IDX_1682'>
				<Appearance USE='Material_138_IDX_138'/>
				<IndexedFaceSet solid="false" coordIndex='0 1 2 3 -1'>
					<Coordinate point='1.847271 0.841837 2.133441 1.731827 1.353195 2.036442 1.613132 1.242568 1.672541 1.692911 0.766372 1.752206'/>
				</IndexedFaceSet>
			</Shape>
			<Shape DEF='_IDX_1683'>
				<Appearance USE='Material_137_IDX_137'/>
				<IndexedFaceSet solid="false" coordIndex='0 1 2 3 -1'>
					<Coordinate point='2.050621 0.942655 2.531882 1.893514 1.499070 2.416767 1.731827 1.353195 2.036442 1.847271 0.841837 2.133441'/>
				</IndexedFaceSet>
			</Shape>
			<Shape DEF='_IDX_1684'>
				<Appearance USE='Material_136_IDX_136'/>
				<IndexedFaceSet solid="false" coordIndex='0 1 2 3 -1'>
					<Coordinate point='2.309225 1.073991 2.950741 2.103430 1.686589 2.816583 1.893514 1.499070 2.416767 2.050621 0.942655 2.531882'/>
				</IndexedFaceSet>
			</Shape>
			<Shape DEF='_IDX_1685'>
				<Appearance USE='Material_189_IDX_189'/>
				<IndexedFaceSet solid="false" coordIndex='0 1 2 3 -1'>
					<Coordinate point='2.309225 1.073991 2.950741 2.103430 1.686589 2.816583 2.103430 1.686589 2.816583 2.309225 1.073991 2.950741'/>
				</IndexedFaceSet>
			</Shape>
			<Shape DEF='_IDX_1686'>
				<Appearance USE='Material_188_IDX_188'/>
				<IndexedFaceSet solid="false" coordIndex='0 1 2 3 -1'>
					<Coordinate point='2.776118 1.318679 3.574362 2.488702 2.030794 3.411850 2.103430 1.686589 2.816583 2.309225 1.073991 2.950741'/>
				</IndexedFaceSet>
			</Shape>
			<Shape DEF='_IDX_1687'>
				<Appearance USE='Material_133_IDX_133'/>
				<IndexedFaceSet solid="false" coordIndex='0 1 2 3 -1'>
					<Coordinate point='3.391323 1.651743 4.253905 3.003006 2.492424 4.060498 2.488702 2.030794 3.411850 2.776118 1.318679 3.574362'/>
				</IndexedFaceSet>
			</Shape>
			<Shape DEF='_IDX_1688'>
				<Appearance USE='Material_132_IDX_132'/>
				<IndexedFaceSet solid="false" coordIndex='0 1 2 3 -1'>
					<Coordinate point='4.187826 2.094488 5.000002 3.675116 3.098441 4.772673 3.003006 2.492424 4.060498 3.391323 1.651743 4.253905'/>
				</IndexedFaceSet>
			</Shape>
			<Shape DEF='_IDX_1689'>
				<Appearance USE='Material_131_IDX_131'/>
				<IndexedFaceSet solid="false" coordIndex='0 1 2 3 -1'>
					<Coordinate point='5.206834 2.672554 5.824326 4.540997 3.881415 5.559518 3.675116 3.098441 4.772673 4.187826 2.094488 5.000002'/>
				</IndexedFaceSet>
			</Shape>
			<Shape DEF='_IDX_1690'>
				<Appearance USE='Material_130_IDX_130'/>
				<IndexedFaceSet solid="false" coordIndex='0 1 2 3 -1'>
					<Coordinate point='1.504373 1.048360 0.323968 1.473883 1.445910 0.304463 1.548901 1.446296 0.000000 1.561626 1.040739 0.000000'/>
				</IndexedFaceSet>
			</Shape>
			<Shape DEF='_IDX_1691'>
				<Appearance USE='Material_129_IDX_129'/>
				<IndexedFaceSet solid="false" coordIndex='0 1 2 3 -1'>
					<Coordinate point='1.480420 1.068612 0.650550 1.429170 1.464432 0.611382 1.473883 1.445910 0.304463 1.504373 1.048360 0.323968'/>
				</IndexedFaceSet>
			</Shape>
			<Shape DEF='_IDX_1692'>
				<Appearance USE='Material_128_IDX_128'/>
				<IndexedFaceSet solid="false" coordIndex='0 1 2 3 -1'>
					<Coordinate point='1.489798 1.105015 0.982377 1.413951 1.505473 0.923231 1.429170 1.464432 0.611382 1.480420 1.068612 0.650550'/>
				</IndexedFaceSet>
			</Shape>
			<Shape DEF='_IDX_1693'>
				<Appearance USE='Material_127_IDX_127'/>
				<IndexedFaceSet solid="false" coordIndex='0 1 2 3 -1'>
					<Coordinate point='1.533417 1.161517 1.322128 1.428218 1.573272 1.242526 1.413951 1.505473 0.923231 1.489798 1.105015 0.982377'/>
				</IndexedFaceSet>
			</Shape>
			<Shape DEF='_IDX_1694'>
				<Appearance USE='Material_126_IDX_126'/>
				<IndexedFaceSet solid="false" coordIndex='0 1 2 3 -1'>
					<Coordinate point='1.613132 1.242568 1.672541 1.472839 1.672781 1.571842 1.428218 1.573272 1.242526 1.533417 1.161517 1.322128'/>
				</IndexedFaceSet>
			</Shape>
			<Shape DEF='_IDX_1695'>
				<Appearance USE='Material_191_IDX_191'/>
				<IndexedFaceSet solid="false" coordIndex='0 1 2 3 -1'>
					<Coordinate point='1.731827 1.353195 2.036442 1.549642 1.809734 1.913834 1.472839 1.672781 1.571842 1.613132 1.242568 1.672541'/>
				</IndexedFaceSet>
			</Shape>
			<Shape DEF='_IDX_1696'>
				<Appearance USE='Material_124_IDX_124'/>
				<IndexedFaceSet solid="false" coordIndex='0 1 2 3 -1'>
					<Coordinate point='1.893514 1.499070 2.416767 1.661518 1.990707 2.271261 1.549642 1.809734 1.913834 1.731827 1.353195 2.036442'/>
				</IndexedFaceSet>
			</Shape>
			<Shape DEF='_IDX_1697'>
				<Appearance USE='Material_123_IDX_123'/>
				<IndexedFaceSet solid="false" coordIndex='0 1 2 3 -1'>
					<Coordinate point='2.103430 1.686589 2.816583 1.812509 2.223187 2.647005 1.661518 1.990707 2.271261 1.893514 1.499070 2.416767'/>
				</IndexedFaceSet>
			</Shape>
			<Shape DEF='_IDX_1698'>
				<Appearance USE='Material_122_IDX_122'/>
				<IndexedFaceSet solid="false" coordIndex='0 1 2 3 -1'>
					<Coordinate point='2.103430 1.686589 2.816583 1.812509 2.223187 2.647005 1.812509 2.223187 2.647005 2.103430 1.686589 2.816583'/>
				</IndexedFaceSet>
			</Shape>
			<Shape DEF='_IDX_1699'>
				<Appearance USE='Material_121_IDX_121'/>
				<IndexedFaceSet solid="false" coordIndex='0 1 2 3 -1'>
					<Coordinate point='2.488702 2.030794 3.411850 2.098077 2.648830 3.206433 1.812509 2.223187 2.647005 2.103430 1.686589 2.816583'/>
				</IndexedFaceSet>
			</Shape>
			<Shape DEF='_IDX_1700'>
				<Appearance USE='Material_120_IDX_120'/>
				<IndexedFaceSet solid="false" coordIndex='0 1 2 3 -1'>
					<Coordinate point='3.003006 2.492424 4.060498 2.488412 3.217445 3.816027 2.098077 2.648830 3.206433 2.488702 2.030794 3.411850'/>
				</IndexedFaceSet>
			</Shape>
			<Shape DEF='_IDX_1701'>
				<Appearance USE='Material_119_IDX_119'/>
				<IndexedFaceSet solid="false" coordIndex='0 1 2 3 -1'>
					<Coordinate point='3.675116 3.098441 4.772673 3.007311 3.960686 4.485324 2.488412 3.217445 3.816027 3.003006 2.492424 4.060498'/>
				</IndexedFaceSet>
			</Shape>
			<Shape DEF='_IDX_1702'>
				<Appearance USE='Material_118_IDX_118'/>
				<IndexedFaceSet solid="false" coordIndex='0 1 2 3 -1'>
					<Coordinate point='4.540997 3.881415 5.559518 3.684446 4.916783 5.224796 3.007311 3.960686 4.485324 3.675116 3.098441 4.772673'/>
				</IndexedFaceSet>
			</Shape>
			<Shape DEF='_IDX_1703'>
				<Appearance USE='Material_117_IDX_117'/>
				<IndexedFaceSet solid="false" coordIndex='0 1 2 3 -1'>
					<Coordinate point='1.473883 1.445910 0.304463 1.396308 1.814108 0.281129 1.486634 1.827265 0.000000 1.548901 1.446296 0.000000'/>
				</IndexedFaceSet>
			</Shape>
			<Shape DEF='_IDX_1704'>
				<Appearance USE='Material_116_IDX_116'/>
				<IndexedFaceSet solid="false" coordIndex='0 1 2 3 -1'>
					<Coordinate point='1.429170 1.464432 0.611382 1.332116 1.825289 0.564526 1.396308 1.814108 0.281129 1.473883 1.445910 0.304463'/>
				</IndexedFaceSet>
			</Shape>
			<Shape DEF='_IDX_1705'>
				<Appearance USE='Material_115_IDX_115'/>
				<IndexedFaceSet solid="false" coordIndex='0 1 2 3 -1'>
					<Coordinate point='1.413951 1.505473 0.923231 1.292335 1.864371 0.852475 1.332116 1.825289 0.564526 1.429170 1.464432 0.611382'/>
				</IndexedFaceSet>
			</Shape>
			<Shape DEF='_IDX_1706'>
				<Appearance USE='Material_114_IDX_114'/>
				<IndexedFaceSet solid="false" coordIndex='0 1 2 3 -1'>
					<Coordinate point='1.428218 1.573272 1.242526 1.275929 1.935758 1.147299 1.292335 1.864371 0.852475 1.413951 1.505473 0.923231'/>
				</IndexedFaceSet>
			</Shape>
			<Shape DEF='_IDX_1707'>
				<Appearance USE='Material_113_IDX_113'/>
				<IndexedFaceSet solid="false" coordIndex='0 1 2 3 -1'>
					<Coordinate point='1.472839 1.672781 1.571842 1.282630 2.044790 1.451376 1.275929 1.935758 1.147299 1.428218 1.573272 1.242526'/>
				</IndexedFaceSet>
			</Shape>
			<Shape DEF='_IDX_1708'>
				<Appearance USE='Material_112_IDX_112'/>
				<IndexedFaceSet solid="false" coordIndex='0 1 2 3 -1'>
					<Coordinate point='1.549642 1.809734 1.913834 1.313058 2.197813 1.767158 1.282630 2.044790 1.451376 1.472839 1.672781 1.571842'/>
				</IndexedFaceSet>
			</Shape>
			<Shape DEF='_IDX_1709'>
				<Appearance USE='Material_111_IDX_111'/>
				<IndexedFaceSet solid="false" coordIndex='0 1 2 3 -1'>
					<Coordinate point='1.661518 1.990707 2.271261 1.368834 2.402218 2.097192 1.313058 2.197813 1.767158 1.549642 1.809734 1.913834'/>
				</IndexedFaceSet>
			</Shape>
			<Shape DEF='_IDX_1710'>
				<Appearance USE='Material_192_IDX_192'/>
				<IndexedFaceSet solid="false" coordIndex='0 1 2 3 -1'>
					<Coordinate point='1.812509 2.223187 2.647005 1.452680 2.666463 2.444139 1.368834 2.402218 2.097192 1.661518 1.990707 2.271261'/>
				</IndexedFaceSet>
			</Shape>
			<Shape DEF='_IDX_1711'>
				<Appearance USE='Material_109_IDX_109'/>
				<IndexedFaceSet solid="false" coordIndex='0 1 2 3 -1'>
					<Coordinate point='1.812509 2.223187 2.647005 1.452680 2.666463 2.444139 1.452680 2.666463 2.444139 1.812509 2.223187 2.647005'/>
				</IndexedFaceSet>
			</Shape>
			<Shape DEF='_IDX_1712'>
				<Appearance USE='Material_108_IDX_108'/>
				<IndexedFaceSet solid="false" coordIndex='0 1 2 3 -1'>
					<Coordinate point='2.098077 2.648830 3.206433 1.623682 3.152287 2.960693 1.452680 2.666463 2.444139 1.812509 2.223187 2.647005'/>
				</IndexedFaceSet>
			</Shape>
			<Shape DEF='_IDX_1713'>
				<Appearance USE='Material_107_IDX_107'/>
				<IndexedFaceSet solid="false" coordIndex='0 1 2 3 -1'>
					<Coordinate point='2.488412 3.217445 3.816027 1.870941 3.802560 3.523568 1.623682 3.152287 2.960693 2.098077 2.648830 3.206433'/>
				</IndexedFaceSet>
			</Shape>
			<Shape DEF='_IDX_1714'>
				<Appearance USE='Material_106_IDX_106'/>
				<IndexedFaceSet solid="false" coordIndex='0 1 2 3 -1'>
					<Coordinate point='3.007311 3.960686 4.485324 2.212833 4.652461 4.141571 1.870941 3.802560 3.523568 2.488412 3.217445 3.816027'/>
				</IndexedFaceSet>
			</Shape>
			<Shape DEF='_IDX_1715'>
				<Appearance USE='Material_105_IDX_105'/>
				<IndexedFaceSet solid="false" coordIndex='0 1 2 3 -1'>
					<Coordinate point='3.684446 4.916783 5.224796 2.672001 5.744318 4.824369 2.212833 4.652461 4.141571 3.007311 3.960686 4.485324'/>
				</IndexedFaceSet>
			</Shape>
			<Shape DEF='_IDX_1716'>
				<Appearance USE='Material_104_IDX_104'/>
				<IndexedFaceSet solid="false" coordIndex='0 1 2 3 -1'>
					<Coordinate point='1.396308 1.814108 0.281129 1.278120 2.144535 0.254260 1.380072 2.174843 0.000000 1.486634 1.827265 0.000000'/>
				</IndexedFaceSet>
			</Shape>
			<Shape DEF='_IDX_1717'>
				<Appearance USE='Material_103_IDX_103'/>
				<IndexedFaceSet solid="false" coordIndex='0 1 2 3 -1'>
					<Coordinate point='1.332116 1.825289 0.564526 1.197156 2.142845 0.510570 1.278120 2.144535 0.254260 1.396308 1.814108 0.281129'/>
				</IndexedFaceSet>
			</Shape>
			<Shape DEF='_IDX_1718'>
				<Appearance USE='Material_102_IDX_102'/>
				<IndexedFaceSet solid="false" coordIndex='0 1 2 3 -1'>
					<Coordinate point='1.292335 1.864371 0.852475 1.134465 2.173120 0.770999 1.197156 2.142845 0.510570 1.332116 1.825289 0.564526'/>
				</IndexedFaceSet>
			</Shape>
			<Shape DEF='_IDX_1719'>
				<Appearance USE='Material_101_IDX_101'/>
				<IndexedFaceSet solid="false" coordIndex='0 1 2 3 -1'>
					<Coordinate point='1.275929 1.935758 1.147299 1.087839 2.239778 1.037645 1.134465 2.173120 0.770999 1.292335 1.864371 0.852475'/>
				</IndexedFaceSet>
			</Shape>
			<Shape DEF='_IDX_1720'>
				<Appearance USE='Material_100_IDX_100'/>
				<IndexedFaceSet solid="false" coordIndex='0 1 2 3 -1'>
					<Coordinate point='1.282630 2.044790 1.451376 1.055696 2.348436 1.312659 1.087839 2.239778 1.037645 1.275929 1.935758 1.147299'/>
				</IndexedFaceSet>
			</Shape>
			<Shape DEF='_IDX_1721'>
				<Appearance USE='Material_195_IDX_195'/>
				<IndexedFaceSet solid="false" coordIndex='0 1 2 3 -1'>
					<Coordinate point='1.313058 2.197813 1.767158 1.037248 2.505990 1.598260 1.055696 2.348436 1.312659 1.282630 2.044790 1.451376'/>
				</IndexedFaceSet>
			</Shape>
			<Shape DEF='_IDX_1722'>
				<Appearance USE='Material_98_IDX_98'/>
				<IndexedFaceSet solid="false" coordIndex='0 1 2 3 -1'>
					<Coordinate point='1.368834 2.402218 2.097192 1.032693 2.720619 1.896750 1.037248 2.505990 1.598260 1.313058 2.197813 1.767158'/>
				</IndexedFaceSet>
			</Shape>
			<Shape DEF='_IDX_1723'>
				<Appearance USE='Material_97_IDX_97'/>
				<IndexedFaceSet solid="false" coordIndex='0 1 2 3 -1'>
					<Coordinate point='1.452680 2.666463 2.444139 1.043347 3.001722 2.210537 1.032693 2.720619 1.896750 1.368834 2.402218 2.097192'/>
				</IndexedFaceSet>
			</Shape>
			<Shape DEF='_IDX_1724'>
				<Appearance USE='Material_96_IDX_96'/>
				<IndexedFaceSet solid="false" coordIndex='0 1 2 3 -1'>
					<Coordinate point='1.452680 2.666463 2.444139 1.043347 3.001722 2.210537 1.043347 3.001722 2.210537 1.452680 2.666463 2.444139'/>
				</IndexedFaceSet>
			</Shape>
			<Shape DEF='_IDX_1725'>
				<Appearance USE='Material_95_IDX_95'/>
				<IndexedFaceSet solid="false" coordIndex='0 1 2 3 -1'>
					<Coordinate point='1.623682 3.152287 2.960693 1.088356 3.523896 2.677720 1.043347 3.001722 2.210537 1.452680 2.666463 2.444139'/>
				</IndexedFaceSet>
			</Shape>
			<Shape DEF='_IDX_1726'>
				<Appearance USE='Material_194_IDX_194'/>
				<IndexedFaceSet solid="false" coordIndex='0 1 2 3 -1'>
					<Coordinate point='1.870941 3.802560 3.523568 1.177733 4.227693 3.186798 1.088356 3.523896 2.677720 1.623682 3.152287 2.960693'/>
				</IndexedFaceSet>
			</Shape>
			<Shape DEF='_IDX_1727'>
				<Appearance USE='Material_93_IDX_93'/>
				<IndexedFaceSet solid="false" coordIndex='0 1 2 3 -1'>
					<Coordinate point='2.212833 4.652461 4.141571 1.324432 5.150433 3.745734 1.177733 4.227693 3.186798 1.870941 3.802560 3.523568'/>
				</IndexedFaceSet>
			</Shape>
			<Shape DEF='_IDX_1728'>
				<Appearance USE='Material_92_IDX_92'/>
				<IndexedFaceSet solid="false" coordIndex='0 1 2 3 -1'>
					<Coordinate point='2.672001 5.744318 4.824369 1.543697 6.336658 4.363273 1.324432 5.150433 3.745734 2.212833 4.652461 4.141571'/>
				</IndexedFaceSet>
			</Shape>
			<Shape DEF='_IDX_1729'>
				<Appearance USE='Material_91_IDX_91'/>
				<IndexedFaceSet solid="false" coordIndex='0 1 2 3 -1'>
					<Coordinate point='1.278120 2.144535 0.254260 1.127296 2.430569 0.224193 1.235942 2.481755 0.000000 1.380072 2.174843 0.000000'/>
				</IndexedFaceSet>
			</Shape>
			<Shape DEF='_IDX_1730'>
				<Appearance USE='Material_90_IDX_90'/>
				<IndexedFaceSet solid="false" coordIndex='0 1 2 3 -1'>
					<Coordinate point='1.197156 2.142845 0.510570 1.033815 2.410832 0.450194 1.127296 2.430569 0.224193 1.278120 2.144535 0.254260'/>
				</IndexedFaceSet>
			</Shape>
			<Shape DEF='_IDX_1731'>
				<Appearance USE='Material_89_IDX_89'/>
				<IndexedFaceSet solid="false" coordIndex='0 1 2 3 -1'>
					<Coordinate point='1.134465 2.173120 0.770999 0.951706 2.425442 0.679826 1.033815 2.410832 0.450194 1.197156 2.142845 0.510570'/>
				</IndexedFaceSet>
			</Shape>
			<Shape DEF='_IDX_1732'>
				<Appearance USE='Material_198_IDX_198'/>
				<IndexedFaceSet solid="false" coordIndex='0 1 2 3 -1'>
					<Coordinate point='1.087839 2.239778 1.037645 0.877395 2.478623 0.914941 0.951706 2.425442 0.679826 1.134465 2.173120 0.770999'/>
				</IndexedFaceSet>
			</Shape>
			<Shape DEF='_IDX_1733'>
				<Appearance USE='Material_87_IDX_87'/>
				<IndexedFaceSet solid="false" coordIndex='0 1 2 3 -1'>
					<Coordinate point='1.055696 2.348436 1.312659 0.807699 2.576139 1.157434 0.877395 2.478623 0.914941 1.087839 2.239778 1.037645'/>
				</IndexedFaceSet>
			</Shape>
			<Shape DEF='_IDX_1734'>
				<Appearance DEF='Material_486_IDX_486'>
					<Material diffuseColor='0.683164 0.742844 0.312513'/>
					
				</Appearance>
				<IndexedFaceSet solid="false" coordIndex='0 1 2 3 -1'>
					<Coordinate point='1.037248 2.505990 1.598260 0.740117 2.725425 1.409262 0.807699 2.576139 1.157434 1.055696 2.348436 1.312659'/>
				</IndexedFaceSet>
			</Shape>
			<Shape DEF='_IDX_1735'>
				<Appearance USE='Material_85_IDX_85'/>
				<IndexedFaceSet solid="false" coordIndex='0 1 2 3 -1'>
					<Coordinate point='1.032693 2.720619 1.896750 0.673186 2.935563 1.672455 0.740117 2.725425 1.409262 1.037248 2.505990 1.598260'/>
				</IndexedFaceSet>
			</Shape>
			<Shape DEF='_IDX_1736'>
				<Appearance USE='Material_84_IDX_84'/>
				<IndexedFaceSet solid="false" coordIndex='0 1 2 3 -1'>
					<Coordinate point='1.043347 3.001722 2.210537 0.606763 3.217050 1.949136 0.673186 2.935563 1.672455 1.032693 2.720619 1.896750'/>
				</IndexedFaceSet>
			</Shape>
			<Shape DEF='_IDX_1737'>
				<Appearance USE='Material_83_IDX_83'/>
				<IndexedFaceSet solid="false" coordIndex='0 1 2 3 -1'>
					<Coordinate point='1.043347 3.001722 2.210537 0.606763 3.217050 1.949136 0.606763 3.217050 1.949136 1.043347 3.001722 2.210537'/>
				</IndexedFaceSet>
			</Shape>
			<Shape DEF='_IDX_1738'>
				<Appearance USE='Material_82_IDX_82'/>
				<IndexedFaceSet solid="false" coordIndex='0 1 2 3 -1'>
					<Coordinate point='1.088356 3.523896 2.677720 0.517645 3.749778 2.361074 0.606763 3.217050 1.949136 1.043347 3.001722 2.210537'/>
				</IndexedFaceSet>
			</Shape>
			<Shape DEF='_IDX_1739'>
				<Appearance USE='Material_197_IDX_197'/>
				<IndexedFaceSet solid="false" coordIndex='0 1 2 3 -1'>
					<Coordinate point='1.177733 4.227693 3.186798 0.438605 4.477288 2.809952 0.517645 3.749778 2.361074 1.088356 3.523896 2.677720'/>
				</IndexedFaceSet>
			</Shape>
			<Shape DEF='_IDX_1740'>
				<Appearance USE='Material_80_IDX_80'/>
				<IndexedFaceSet solid="false" coordIndex='0 1 2 3 -1'>
					<Coordinate point='1.324432 5.150433 3.745734 0.377822 5.437336 3.302792 0.438605 4.477288 2.809952 1.177733 4.227693 3.186798'/>
				</IndexedFaceSet>
			</Shape>
			<Shape DEF='_IDX_1741'>
				<Appearance USE='Material_196_IDX_196'/>
				<IndexedFaceSet solid="false" coordIndex='0 1 2 3 -1'>
					<Coordinate point='1.543697 6.336658 4.363273 0.343181 6.674320 3.847306 0.377822 5.437336 3.302792 1.324432 5.150433 3.745734'/>
				</IndexedFaceSet>
			</Shape>
			<Shape DEF='_IDX_1742'>
				<Appearance USE='Material_78_IDX_78'/>
				<IndexedFaceSet solid="false" coordIndex='0 1 2 3 -1'>
					<Coordinate point='1.127296 2.430569 0.224193 0.952832 2.667847 0.191307 1.062003 2.742643 0.000000 1.235942 2.481755 0.000000'/>
				</IndexedFaceSet>
			</Shape>
			<Shape DEF='_IDX_1743'>
				<Appearance USE='Material_203_IDX_203'/>
				<IndexedFaceSet solid="false" coordIndex='0 1 2 3 -1'>
					<Coordinate point='1.033815 2.410832 0.450194 0.852778 2.625611 0.384157 0.952832 2.667847 0.191307 1.127296 2.430569 0.224193'/>
				</IndexedFaceSet>
			</Shape>
			<Shape DEF='_IDX_1744'>
				<Appearance USE='Material_76_IDX_76'/>
				<IndexedFaceSet solid="false" coordIndex='0 1 2 3 -1'>
					<Coordinate point='0.951706 2.425442 0.679826 0.756890 2.618032 0.580105 0.852778 2.625611 0.384157 1.033815 2.410832 0.450194'/>
				</IndexedFaceSet>
			</Shape>
			<Shape DEF='_IDX_1745'>
				<Appearance USE='Material_202_IDX_202'/>
				<IndexedFaceSet solid="false" coordIndex='0 1 2 3 -1'>
					<Coordinate point='0.877395 2.478623 0.914941 0.659964 2.648786 0.780731 0.756890 2.618032 0.580105 0.951706 2.425442 0.679826'/>
				</IndexedFaceSet>
			</Shape>
			<Shape DEF='_IDX_1746'>
				<Appearance USE='Material_201_IDX_201'/>
				<IndexedFaceSet solid="false" coordIndex='0 1 2 3 -1'>
					<Coordinate point='0.807699 2.576139 1.157434 0.556749 2.723539 0.987654 0.659964 2.648786 0.780731 0.877395 2.478623 0.914941'/>
				</IndexedFaceSet>
			</Shape>
			<Shape DEF='_IDX_1747'>
				<Appearance USE='Material_73_IDX_73'/>
				<IndexedFaceSet solid="false" coordIndex='0 1 2 3 -1'>
					<Coordinate point='0.740117 2.725425 1.409262 0.442425 2.850292 1.202542 0.556749 2.723539 0.987654 0.807699 2.576139 1.157434'/>
				</IndexedFaceSet>
			</Shape>
			<Shape DEF='_IDX_1748'>
				<Appearance USE='Material_72_IDX_72'/>
				<IndexedFaceSet solid="false" coordIndex='0 1 2 3 -1'>
					<Coordinate point='0.673186 2.935563 1.672455 0.313362 3.039409 1.427128 0.442425 2.850292 1.202542 0.740117 2.725425 1.409262'/>
				</IndexedFaceSet>
			</Shape>
			<Shape DEF='_IDX_1749'>
				<Appearance DEF='Material_487_IDX_487'>
					<Material diffuseColor='0.720743 0.738830 0.292440'/>
					
				</Appearance>
				<IndexedFaceSet solid="false" coordIndex='0 1 2 3 -1'>
					<Coordinate point='0.606763 3.217050 1.949136 0.167853 3.303104 1.663223 0.313362 3.039409 1.427128 0.673186 2.935563 1.672455'/>
				</IndexedFaceSet>
			</Shape>
			<Shape DEF='_IDX_1750'>
				<Appearance USE='Material_70_IDX_70'/>
				<IndexedFaceSet solid="false" coordIndex='0 1 2 3 -1'>
					<Coordinate point='0.606763 3.217050 1.949136 0.167853 3.303104 1.663223 0.167853 3.303104 1.663223 0.606763 3.217050 1.949136'/>
				</IndexedFaceSet>
			</Shape>
			<Shape DEF='_IDX_1751'>
				<Appearance USE='Material_69_IDX_69'/>
				<IndexedFaceSet solid="false" coordIndex='0 1 2 3 -1'>
					<Coordinate point='0.517645 3.749778 2.361074 -0.061004 3.819144 2.014735 0.167853 3.303104 1.663223 0.606763 3.217050 1.949136'/>
				</IndexedFaceSet>
			</Shape>
			<Shape DEF='_IDX_1752'>
				<Appearance USE='Material_200_IDX_200'/>
				<IndexedFaceSet solid="false" coordIndex='0 1 2 3 -1'>
					<Coordinate point='0.438605 4.477288 2.809952 -0.315299 4.540322 2.397769 -0.061004 3.819144 2.014735 0.517645 3.749778 2.361074'/>
				</IndexedFaceSet>
			</Shape>
			<Shape DEF='_IDX_1753'>
				<Appearance USE='Material_199_IDX_199'/>
				<IndexedFaceSet solid="false" coordIndex='0 1 2 3 -1'>
					<Coordinate point='0.377822 5.437336 3.302792 -0.589968 5.502381 2.818316 -0.315299 4.540322 2.397769 0.438605 4.477288 2.809952'/>
				</IndexedFaceSet>
			</Shape>
			<Shape DEF='_IDX_1754'>
				<Appearance USE='Material_66_IDX_66'/>
				<IndexedFaceSet solid="false" coordIndex='0 1 2 3 -1'>
					<Coordinate point='0.343181 6.674320 3.847306 -0.884138 6.746426 3.282957 -0.589968 5.502381 2.818316 0.377822 5.437336 3.302792'/>
				</IndexedFaceSet>
			</Shape>
			<Shape DEF='_IDX_1755'>
				<Appearance USE='Material_65_IDX_65'/>
				<IndexedFaceSet solid="false" coordIndex='0 1 2 3 -1'>
					<Coordinate point='0.952832 2.667847 0.191307 0.764036 2.854668 0.156015 0.866425 2.954350 0.000000 1.062003 2.742643 0.000000'/>
				</IndexedFaceSet>
			</Shape>
			<Shape DEF='_IDX_1756'>
				<Appearance USE='Material_64_IDX_64'/>
				<IndexedFaceSet solid="false" coordIndex='0 1 2 3 -1'>
					<Coordinate point='0.852778 2.625611 0.384157 0.665140 2.786775 0.313288 0.764036 2.854668 0.156015 0.952832 2.667847 0.191307'/>
				</IndexedFaceSet>
			</Shape>
			<Shape DEF='_IDX_1757'>
				<Appearance USE='Material_63_IDX_63'/>
				<IndexedFaceSet solid="false" coordIndex='0 1 2 3 -1'>
					<Coordinate point='0.756890 2.618032 0.580105 0.563657 2.751411 0.473088 0.665140 2.786775 0.313288 0.852778 2.625611 0.384157'/>
				</IndexedFaceSet>
			</Shape>
			<Shape DEF='_IDX_1758'>
				<Appearance USE='Material_208_IDX_208'/>
				<IndexedFaceSet solid="false" coordIndex='0 1 2 3 -1'>
					<Coordinate point='0.659964 2.648786 0.780731 0.452484 2.751018 0.636703 0.563657 2.751411 0.473088 0.756890 2.618032 0.580105'/>
				</IndexedFaceSet>
			</Shape>
			<Shape DEF='_IDX_1759'>
				<Appearance USE='Material_207_IDX_207'/>
				<IndexedFaceSet solid="false" coordIndex='0 1 2 3 -1'>
					<Coordinate point='0.556749 2.723539 0.987654 0.323543 2.790541 0.805453 0.452484 2.751018 0.636703 0.659964 2.648786 0.780731'/>
				</IndexedFaceSet>
			</Shape>
			<Shape DEF='_IDX_1760'>
				<Appearance USE='Material_60_IDX_60'/>
				<IndexedFaceSet solid="false" coordIndex='0 1 2 3 -1'>
					<Coordinate point='0.442425 2.850292 1.202542 0.168434 2.878400 0.980699 0.323543 2.790541 0.805453 0.556749 2.723539 0.987654'/>
				</IndexedFaceSet>
			</Shape>
			<Shape DEF='_IDX_1761'>
				<Appearance USE='Material_59_IDX_59'/>
				<IndexedFaceSet solid="false" coordIndex='0 1 2 3 -1'>
					<Coordinate point='0.313362 3.039409 1.427128 -0.019996 3.027049 1.163854 0.168434 2.878400 0.980699 0.442425 2.850292 1.202542'/>
				</IndexedFaceSet>
			</Shape>
			<Shape DEF='_IDX_1762'>
				<Appearance USE='Material_58_IDX_58'/>
				<IndexedFaceSet solid="false" coordIndex='0 1 2 3 -1'>
					<Coordinate point='0.167853 3.303104 1.663223 -0.245509 3.252163 1.356395 -0.019996 3.027049 1.163854 0.313362 3.039409 1.427128'/>
				</IndexedFaceSet>
			</Shape>
			<Shape DEF='_IDX_1763'>
				<Appearance USE='Material_57_IDX_57'/>
				<IndexedFaceSet solid="false" coordIndex='0 1 2 3 -1'>
					<Coordinate point='0.167853 3.303104 1.663223 -0.245509 3.252163 1.356395 -0.245509 3.252163 1.356395 0.167853 3.303104 1.663223'/>
				</IndexedFaceSet>
			</Shape>
			<Shape DEF='_IDX_1764'>
				<Appearance USE='Material_206_IDX_206'/>
				<IndexedFaceSet solid="false" coordIndex='0 1 2 3 -1'>
					<Coordinate point='-0.061004 3.819144 2.014735 -0.619250 3.723195 1.643061 -0.245509 3.252163 1.356395 0.167853 3.303104 1.663223'/>
				</IndexedFaceSet>
			</Shape>
			<Shape DEF='_IDX_1765'>
				<Appearance USE='Material_55_IDX_55'/>
				<IndexedFaceSet solid="false" coordIndex='0 1 2 3 -1'>
					<Coordinate point='-0.315299 4.540322 2.397769 -1.053376 4.409930 1.955433 -0.619250 3.723195 1.643061 -0.061004 3.819144 2.014735'/>
				</IndexedFaceSet>
			</Shape>
			<Shape DEF='_IDX_1766'>
				<Appearance USE='Material_205_IDX_205'/>
				<IndexedFaceSet solid="false" coordIndex='0 1 2 3 -1'>
					<Coordinate point='-0.589968 5.502381 2.818316 -1.542641 5.341588 2.298398 -1.053376 4.409930 1.955433 -0.315299 4.540322 2.397769'/>
				</IndexedFaceSet>
			</Shape>
			<Shape DEF='_IDX_1767'>
				<Appearance USE='Material_204_IDX_204'/>
				<IndexedFaceSet solid="false" coordIndex='0 1 2 3 -1'>
					<Coordinate point='-0.884138 6.746426 3.282957 -2.093113 6.551318 2.677323 -1.542641 5.341588 2.298398 -0.589968 5.502381 2.818316'/>
				</IndexedFaceSet>
			</Shape>
			<Shape DEF='_IDX_1768'>
				<Appearance USE='Material_52_IDX_52'/>
				<IndexedFaceSet solid="false" coordIndex='0 1 2 3 -1'>
					<Coordinate point='0.764036 2.854668 0.156015 0.569509 2.992213 0.118761 0.656989 3.116005 0.000000 0.866425 2.954350 0.000000'/>
				</IndexedFaceSet>
			</Shape>
			<Shape DEF='_IDX_1769'>
				<Appearance USE='Material_51_IDX_51'/>
				<IndexedFaceSet solid="false" coordIndex='0 1 2 3 -1'>
					<Coordinate point='0.665140 2.786775 0.313288 0.481188 2.897678 0.238480 0.569509 2.992213 0.118761 0.764036 2.854668 0.156015'/>
				</IndexedFaceSet>
			</Shape>
			<Shape DEF='_IDX_1770'>
				<Appearance USE='Material_50_IDX_50'/>
				<IndexedFaceSet solid="false" coordIndex='0 1 2 3 -1'>
					<Coordinate point='0.563657 2.751411 0.473088 0.385202 2.830988 0.360122 0.481188 2.897678 0.238480 0.665140 2.786775 0.313288'/>
				</IndexedFaceSet>
			</Shape>
			<Shape DEF='_IDX_1771'>
				<Appearance USE='Material_49_IDX_49'/>
				<IndexedFaceSet solid="false" coordIndex='0 1 2 3 -1'>
					<Coordinate point='0.452484 2.751018 0.636703 0.272586 2.792072 0.484668 0.385202 2.830988 0.360122 0.563657 2.751411 0.473088'/>
				</IndexedFaceSet>
			</Shape>
			<Shape DEF='_IDX_1772'>
				<Appearance USE='Material_48_IDX_48'/>
				<IndexedFaceSet solid="false" coordIndex='0 1 2 3 -1'>
					<Coordinate point='0.323543 2.790541 0.805453 0.131571 2.783482 0.613123 0.272586 2.792072 0.484668 0.452484 2.751018 0.636703'/>
				</IndexedFaceSet>
			</Shape>
			<Shape DEF='_IDX_1773'>
				<Appearance USE='Material_47_IDX_47'/>
				<IndexedFaceSet solid="false" coordIndex='0 1 2 3 -1'>
					<Coordinate point='0.168434 2.878400 0.980699 -0.052324 2.812766 0.746523 0.131571 2.783482 0.613123 0.323543 2.790541 0.805453'/>
				</IndexedFaceSet>
			</Shape>
			<Shape DEF='_IDX_1774'>
				<Appearance USE='Material_46_IDX_46'/>
				<IndexedFaceSet solid="false" coordIndex='0 1 2 3 -1'>
					<Coordinate point='-0.019996 3.027049 1.163854 -0.293722 2.895475 0.885944 -0.052324 2.812766 0.746523 0.168434 2.878400 0.980699'/>
				</IndexedFaceSet>
			</Shape>
			<Shape DEF='_IDX_1775'>
				<Appearance USE='Material_45_IDX_45'/>
				<IndexedFaceSet solid="false" coordIndex='0 1 2 3 -1'>
					<Coordinate point='-0.245509 3.252163 1.356395 -0.600971 3.055473 1.032509 -0.293722 2.895475 0.885944 -0.019996 3.027049 1.163854'/>
				</IndexedFaceSet>
			</Shape>
			<Shape DEF='_IDX_1776'>
				<Appearance USE='Material_44_IDX_44'/>
				<IndexedFaceSet solid="false" coordIndex='0 1 2 3 -1'>
					<Coordinate point='-0.245509 3.252163 1.356395 -0.600971 3.055473 1.032509 -0.600971 3.055473 1.032509 -0.245509 3.252163 1.356395'/>
				</IndexedFaceSet>
			</Shape>
			<Shape DEF='_IDX_1777'>
				<Appearance USE='Material_43_IDX_43'/>
				<IndexedFaceSet solid="false" coordIndex='0 1 2 3 -1'>
					<Coordinate point='-0.619250 3.723195 1.643061 -1.129636 3.452338 1.250723 -0.600971 3.055473 1.032509 -0.245509 3.252163 1.356395'/>
				</IndexedFaceSet>
			</Shape>
			<Shape DEF='_IDX_1778'>
				<Appearance USE='Material_42_IDX_42'/>
				<IndexedFaceSet solid="false" coordIndex='0 1 2 3 -1'>
					<Coordinate point='-1.053376 4.409930 1.955433 -1.748586 4.082799 1.488506 -1.129636 3.452338 1.250723 -0.619250 3.723195 1.643061'/>
				</IndexedFaceSet>
			</Shape>
			<Shape DEF='_IDX_1779'>
				<Appearance USE='Material_209_IDX_209'/>
				<IndexedFaceSet solid="false" coordIndex='0 1 2 3 -1'>
					<Coordinate point='-1.542641 5.341588 2.298398 -2.447156 4.958396 1.749576 -1.748586 4.082799 1.488506 -1.053376 4.409930 1.955433'/>
				</IndexedFaceSet>
			</Shape>
			<Shape DEF='_IDX_1780'>
				<Appearance USE='Material_40_IDX_40'/>
				<IndexedFaceSet solid="false" coordIndex='0 1 2 3 -1'>
					<Coordinate point='-2.093113 6.551318 2.677323 -3.240931 6.097292 2.038020 -2.447156 4.958396 1.749576 -1.542641 5.341588 2.298398'/>
				</IndexedFaceSet>
			</Shape>
			<Shape DEF='_IDX_1781'>
				<Appearance USE='Material_39_IDX_39'/>
				<IndexedFaceSet solid="false" coordIndex='0 1 2 3 -1'>
					<Coordinate point='0.569509 2.992213 0.118761 0.375824 3.084290 0.080014 0.440181 3.228727 0.000000 0.656989 3.116005 0.000000'/>
				</IndexedFaceSet>
			</Shape>
			<Shape DEF='_IDX_1782'>
				<Appearance USE='Material_38_IDX_38'/>
				<IndexedFaceSet solid="false" coordIndex='0 1 2 3 -1'>
					<Coordinate point='0.481188 2.897678 0.238480 0.308497 2.965494 0.160673 0.375824 3.084290 0.080014 0.569509 2.992213 0.118761'/>
				</IndexedFaceSet>
			</Shape>
			<Shape DEF='_IDX_1783'>
				<Appearance USE='Material_37_IDX_37'/>
				<IndexedFaceSet solid="false" coordIndex='0 1 2 3 -1'>
					<Coordinate point='0.385202 2.830988 0.360122 0.231754 2.867985 0.242627 0.308497 2.965494 0.160673 0.481188 2.897678 0.238480'/>
				</IndexedFaceSet>
			</Shape>
			<Shape DEF='_IDX_1784'>
				<Appearance USE='Material_36_IDX_36'/>
				<IndexedFaceSet solid="false" coordIndex='0 1 2 3 -1'>
					<Coordinate point='0.272586 2.792072 0.484668 0.136001 2.787346 0.326539 0.231754 2.867985 0.242627 0.385202 2.830988 0.360122'/>
				</IndexedFaceSet>
			</Shape>
			<Shape DEF='_IDX_1785'>
				<Appearance USE='Material_35_IDX_35'/>
				<IndexedFaceSet solid="false" coordIndex='0 1 2 3 -1'>
					<Coordinate point='0.131571 2.783482 0.613123 0.006222 2.720043 0.413083 0.136001 2.787346 0.326539 0.272586 2.792072 0.484668'/>
				</IndexedFaceSet>
			</Shape>
			<Shape DEF='_IDX_1786'>
				<Appearance USE='Material_34_IDX_34'/>
				<IndexedFaceSet solid="false" coordIndex='0 1 2 3 -1'>
					<Coordinate point='-0.052324 2.812766 0.746523 -0.181273 2.667042 0.502960 0.006222 2.720043 0.413083 0.131571 2.783482 0.613123'/>
				</IndexedFaceSet>
			</Shape>
			<Shape DEF='_IDX_1787'>
				<Appearance USE='Material_33_IDX_33'/>
				<IndexedFaceSet solid="false" coordIndex='0 1 2 3 -1'>
					<Coordinate point='-0.293722 2.895475 0.885944 -0.459719 2.643942 0.596892 -0.181273 2.667042 0.502960 -0.052324 2.812766 0.746523'/>
				</IndexedFaceSet>
			</Shape>
			<Shape DEF='_IDX_1788'>
				<Appearance USE='Material_213_IDX_213'/>
				<IndexedFaceSet solid="false" coordIndex='0 1 2 3 -1'>
					<Coordinate point='-0.600971 3.055473 1.032509 -0.856148 2.695149 0.695639 -0.459719 2.643942 0.596892 -0.293722 2.895475 0.885944'/>
				</IndexedFaceSet>
			</Shape>
			<Shape DEF='_IDX_1789'>
				<Appearance USE='Material_212_IDX_212'/>
				<IndexedFaceSet solid="false" coordIndex='0 1 2 3 -1'>
					<Coordinate point='-0.600971 3.055473 1.032509 -0.856148 2.695149 0.695639 -0.856148 2.695149 0.695639 -0.600971 3.055473 1.032509'/>
				</IndexedFaceSet>
			</Shape>
			<Shape DEF='_IDX_1790'>
				<Appearance USE='Material_211_IDX_211'/>
				<IndexedFaceSet solid="false" coordIndex='0 1 2 3 -1'>
					<Coordinate point='-1.129636 3.452338 1.250723 -1.570886 2.989698 0.842658 -0.856148 2.695149 0.695639 -0.600971 3.055473 1.032509'/>
				</IndexedFaceSet>
			</Shape>
			<Shape DEF='_IDX_1791'>
				<Appearance USE='Material_29_IDX_29'/>
				<IndexedFaceSet solid="false" coordIndex='0 1 2 3 -1'>
					<Coordinate point='-1.748586 4.082799 1.488506 -2.383067 3.559643 1.002860 -1.570886 2.989698 0.842658 -1.129636 3.452338 1.250723'/>
				</IndexedFaceSet>
			</Shape>
			<Shape DEF='_IDX_1792'>
				<Appearance USE='Material_210_IDX_210'/>
				<IndexedFaceSet solid="false" coordIndex='0 1 2 3 -1'>
					<Coordinate point='-2.447156 4.958396 1.749576 -3.276513 4.365524 1.178753 -2.383067 3.559643 1.002860 -1.748586 4.082799 1.488506'/>
				</IndexedFaceSet>
			</Shape>
			<Shape DEF='_IDX_1793'>
				<Appearance USE='Material_27_IDX_27'/>
				<IndexedFaceSet solid="false" coordIndex='0 1 2 3 -1'>
					<Coordinate point='-3.240931 6.097292 2.038020 -4.288772 5.403634 1.373088 -3.276513 4.365524 1.178753 -2.447156 4.958396 1.749576'/>
				</IndexedFaceSet>
			</Shape>
			<Shape DEF='_IDX_1794'>
				<Appearance USE='Material_26_IDX_26'/>
				<IndexedFaceSet solid="false" coordIndex='0 1 2 3 -1'>
					<Coordinate point='0.375824 3.084290 0.080014 0.186206 3.136251 0.040260 0.220445 3.294828 -0.000000 0.440181 3.228727 0.000000'/>
				</IndexedFaceSet>
			</Shape>
			<Shape DEF='_IDX_1795'>
				<Appearance USE='Material_25_IDX_25'/>
				<IndexedFaceSet solid="false" coordIndex='0 1 2 3 -1'>
					<Coordinate point='0.308497 2.965494 0.160673 0.149522 3.000001 0.080845 0.186206 3.136251 0.040260 0.375824 3.084290 0.080014'/>
				</IndexedFaceSet>
			</Shape>
			<Shape DEF='_IDX_1796'>
				<Appearance USE='Material_24_IDX_24'/>
				<IndexedFaceSet solid="false" coordIndex='0 1 2 3 -1'>
					<Coordinate point='0.231754 2.867985 0.242627 0.106275 2.878790 0.122081 0.149522 3.000001 0.080845 0.308497 2.965494 0.160673'/>
				</IndexedFaceSet>
			</Shape>
			<Shape DEF='_IDX_1797'>
				<Appearance USE='Material_23_IDX_23'/>
				<IndexedFaceSet solid="false" coordIndex='0 1 2 3 -1'>
					<Coordinate point='0.136001 2.787346 0.326539 0.049659 2.762897 0.164302 0.106275 2.878790 0.122081 0.231754 2.867985 0.242627'/>
				</IndexedFaceSet>
			</Shape>
			<Shape DEF='_IDX_1798'>
				<Appearance USE='Material_217_IDX_217'/>
				<IndexedFaceSet solid="false" coordIndex='0 1 2 3 -1'>
					<Coordinate point='0.006222 2.720043 0.413083 -0.032984 2.638451 0.207849 0.049659 2.762897 0.164302 0.136001 2.787346 0.326539'/>
				</IndexedFaceSet>
			</Shape>
			<Shape DEF='_IDX_1799'>
				<Appearance USE='Material_21_IDX_21'/>
				<IndexedFaceSet solid="false" coordIndex='0 1 2 3 -1'>
					<Coordinate point='-0.181273 2.667042 0.502960 -0.168735 2.485626 0.253071 -0.032984 2.638451 0.207849 0.006222 2.720043 0.413083'/>
				</IndexedFaceSet>
			</Shape>
			<Shape DEF='_IDX_1800'>
				<Appearance USE='Material_216_IDX_216'/>
				<IndexedFaceSet solid="false" coordIndex='0 1 2 3 -1'>
					<Coordinate point='-0.459719 2.643942 0.596892 -0.424226 2.286196 0.300335 -0.168735 2.485626 0.253071 -0.181273 2.667042 0.502960'/>
				</IndexedFaceSet>
			</Shape>
			<Shape DEF='_IDX_1801'>
				<Appearance USE='Material_19_IDX_19'/>
				<IndexedFaceSet solid="false" coordIndex='0 1 2 3 -1'>
					<Coordinate point='-0.856148 2.695149 0.695639 -0.934212 2.109347 0.350020 -0.424226 2.286196 0.300335 -0.459719 2.643942 0.596892'/>
				</IndexedFaceSet>
			</Shape>
			<Shape DEF='_IDX_1802'>
				<Appearance USE='Material_18_IDX_18'/>
				<IndexedFaceSet solid="false" coordIndex='0 1 2 3 -1'>
					<Coordinate point='-0.856148 2.695149 0.695639 -0.934212 2.109347 0.350020 -0.934212 2.109347 0.350020 -0.856148 2.695149 0.695639'/>
				</IndexedFaceSet>
			</Shape>
			<Shape DEF='_IDX_1803'>
				<Appearance USE='Material_17_IDX_17'/>
				<IndexedFaceSet solid="false" coordIndex='0 1 2 3 -1'>
					<Coordinate point='-1.570886 2.989698 0.842658 -1.951844 2.299981 0.423995 -0.934212 2.109347 0.350020 -0.856148 2.695149 0.695639'/>
				</IndexedFaceSet>
			</Shape>
			<Shape DEF='_IDX_1804'>
				<Appearance USE='Material_16_IDX_16'/>
				<IndexedFaceSet solid="false" coordIndex='0 1 2 3 -1'>
					<Coordinate point='-2.383067 3.559643 1.002860 -2.957013 2.852844 0.504603 -1.951844 2.299981 0.423995 -1.570886 2.989698 0.842658'/>
				</IndexedFaceSet>
			</Shape>
			<Shape DEF='_IDX_1805'>
				<Appearance USE='Material_215_IDX_215'/>
				<IndexedFaceSet solid="false" coordIndex='0 1 2 3 -1'>
					<Coordinate point='-3.276513 4.365524 1.178753 -4.010877 3.589308 0.593106 -2.957013 2.852844 0.504603 -2.383067 3.559643 1.002860'/>
				</IndexedFaceSet>
			</Shape>
			<Shape DEF='_IDX_1806'>
				<Appearance USE='Material_214_IDX_214'/>
				<IndexedFaceSet solid="false" coordIndex='0 1 2 3 -1'>
					<Coordinate point='-4.288772 5.403634 1.373088 -5.202186 4.501758 0.690888 -4.010877 3.589308 0.593106 -3.276513 4.365524 1.178753'/>
				</IndexedFaceSet>
			</Shape>
			<Shape DEF='_IDX_1807'>
				<Appearance USE='Material_13_IDX_13'/>
				<IndexedFaceSet solid="false" coordIndex='0 1 2 3 -1'>
					<Coordinate point='0.186206 3.136251 0.040260 -0.000009 3.152918 0.000000 -0.000009 3.316552 0.000000 0.220445 3.294828 -0.000000'/>
				</IndexedFaceSet>
			</Shape>
			<Shape DEF='_IDX_1808'>
				<Appearance USE='Material_12_IDX_12'/>
				<IndexedFaceSet solid="false" coordIndex='0 1 2 3 -1'>
					<Coordinate point='0.149522 3.000001 0.080845 -0.000009 3.010245 0.000000 -0.000009 3.152918 0.000000 0.186206 3.136251 0.040260'/>
				</IndexedFaceSet>
			</Shape>
			<Shape DEF='_IDX_1809'>
				<Appearance USE='Material_11_IDX_11'/>
				<IndexedFaceSet solid="false" coordIndex='0 1 2 3 -1'>
					<Coordinate point='0.106275 2.878790 0.122081 -0.000009 2.879951 0.000000 -0.000009 3.010245 0.000000 0.149522 3.000001 0.080845'/>
				</IndexedFaceSet>
			</Shape>
			<Shape DEF='_IDX_1810'>
				<Appearance USE='Material_10_IDX_10'/>
				<IndexedFaceSet solid="false" coordIndex='0 1 2 3 -1'>
					<Coordinate point='0.049659 2.762897 0.164302 -0.000009 2.749658 -0.000000 -0.000009 2.879951 0.000000 0.106275 2.878790 0.122081'/>
				</IndexedFaceSet>
			</Shape>
			<Shape DEF='_IDX_1811'>
				<Appearance USE='Material_9_IDX_9'/>
				<IndexedFaceSet solid="false" coordIndex='0 1 2 3 -1'>
					<Coordinate point='-0.032984 2.638451 0.207849 -0.000009 2.599103 -0.000000 -0.000009 2.749658 -0.000000 0.049659 2.762897 0.164302'/>
				</IndexedFaceSet>
			</Shape>
			<Shape DEF='_IDX_1812'>
				<Appearance USE='Material_8_IDX_8'/>
				<IndexedFaceSet solid="false" coordIndex='0 1 2 3 -1'>
					<Coordinate point='-0.168735 2.485626 0.253071 -0.000009 2.389070 -0.000000 -0.000009 2.599103 -0.000000 -0.032984 2.638451 0.207849'/>
				</IndexedFaceSet>
			</Shape>
			<Shape DEF='_IDX_1813'>
				<Appearance USE='Material_7_IDX_7'/>
				<IndexedFaceSet solid="false" coordIndex='0 1 2 3 -1'>
					<Coordinate point='-0.424226 2.286196 0.300335 -0.000009 2.017512 0.000000 -0.000009 2.389070 -0.000000 -0.168735 2.485626 0.253071'/>
				</IndexedFaceSet>
			</Shape>
			<Shape DEF='_IDX_1814'>
				<Appearance USE='Material_219_IDX_219'/>
				<IndexedFaceSet solid="false" coordIndex='0 1 2 3 -1'>
					<Coordinate point='-0.934212 2.109347 0.350020 -0.000022 0.000015 0.000000 -0.000009 2.017512 0.000000 -0.424226 2.286196 0.300335'/>
				</IndexedFaceSet>
			</Shape>
			<Shape DEF='_IDX_1815'>
				<Appearance USE='Material_5_IDX_5'/>
				<IndexedFaceSet solid="false" coordIndex='0 1 2 3 -1'>
					<Coordinate point='-0.934212 2.109347 0.350020 -0.000022 0.000015 0.000000 -0.000022 0.000015 0.000000 -0.934212 2.109347 0.350020'/>
				</IndexedFaceSet>
			</Shape>
			<Shape DEF='_IDX_1816'>
				<Appearance USE='Material_218_IDX_218'/>
				<IndexedFaceSet solid="false" coordIndex='0 1 2 3 -1'>
					<Coordinate point='-1.951844 2.299981 0.423995 -2.398407 1.384711 0.000000 -0.000022 0.000015 0.000000 -0.934212 2.109347 0.350020'/>
				</IndexedFaceSet>
			</Shape>
			<Shape DEF='_IDX_1817'>
				<Appearance USE='Material_3_IDX_3'/>
				<IndexedFaceSet solid="false" coordIndex='0 1 2 3 -1'>
					<Coordinate point='-2.957013 2.852844 0.504603 -3.485742 2.012484 0.000000 -2.398407 1.384711 0.000000 -1.951844 2.299981 0.423995'/>
				</IndexedFaceSet>
			</Shape>
			<Shape DEF='_IDX_1818'>
				<Appearance USE='Material_2_IDX_2'/>
				<IndexedFaceSet solid="false" coordIndex='0 1 2 3 -1'>
					<Coordinate point='-4.010877 3.589308 0.593106 -4.632371 2.674491 -0.000000 -3.485742 2.012484 0.000000 -2.957013 2.852844 0.504603'/>
				</IndexedFaceSet>
			</Shape>
			<Shape DEF='_IDX_1819'>
				<Appearance USE='Material_1_IDX_1'/>
				<IndexedFaceSet solid="false" coordIndex='0 1 2 3 -1'>
					<Coordinate point='-5.202186 4.501758 0.690888 -5.949489 3.434929 -0.000000 -4.632371 2.674491 -0.000000 -4.010877 3.589308 0.593106'/>
				</IndexedFaceSet>
			</Shape>
			<Shape DEF='_IDX_1820'>
				<Appearance USE='Material_13_IDX_13'/>
				<IndexedFaceSet solid="false" coordIndex='0 1 2 3 -1'>
					<Coordinate point='3.037878 -1.753920 0.000000 3.142749 -1.520008 0.040260 2.963645 -1.456503 -0.000000 2.872232 -1.658284 0.000000'/>
				</IndexedFaceSet>
			</Shape>
			<Shape DEF='_IDX_1821'>
				<Appearance USE='Material_12_IDX_12'/>
				<IndexedFaceSet solid="false" coordIndex='0 1 2 3 -1'>
					<Coordinate point='3.232456 -1.866259 0.000000 3.352141 -1.598274 0.080845 3.142749 -1.520008 0.040260 3.037878 -1.753920 0.000000'/>
				</IndexedFaceSet>
			</Shape>
			<Shape DEF='_IDX_1822'>
				<Appearance USE='Material_11_IDX_11'/>
				<IndexedFaceSet solid="false" coordIndex='0 1 2 3 -1'>
					<Coordinate point='3.460702 -1.998037 0.000000 3.597128 -1.692443 0.122081 3.352141 -1.598274 0.080845 3.232456 -1.866259 0.000000'/>
				</IndexedFaceSet>
			</Shape>
			<Shape DEF='_IDX_1823'>
				<Appearance USE='Material_10_IDX_10'/>
				<IndexedFaceSet solid="false" coordIndex='0 1 2 3 -1'>
					<Coordinate point='3.727446 -2.152042 -0.000000 3.883084 -1.803905 0.164302 3.597128 -1.692443 0.122081 3.460702 -1.998037 0.000000'/>
				</IndexedFaceSet>
			</Shape>
			<Shape DEF='_IDX_1824'>
				<Appearance USE='Material_9_IDX_9'/>
				<IndexedFaceSet solid="false" coordIndex='0 1 2 3 -1'>
					<Coordinate point='4.037872 -2.331266 -0.000000 4.215740 -1.934318 0.207849 3.883084 -1.803905 0.164302 3.727446 -2.152042 -0.000000'/>
				</IndexedFaceSet>
			</Shape>
			<Shape DEF='_IDX_1825'>
				<Appearance USE='Material_8_IDX_8'/>
				<IndexedFaceSet solid="false" coordIndex='0 1 2 3 -1'>
					<Coordinate point='4.397736 -2.539034 -0.000000 4.601433 -2.085650 0.253071 4.215740 -1.934318 0.207849 4.037872 -2.331266 -0.000000'/>
				</IndexedFaceSet>
			</Shape>
			<Shape DEF='_IDX_1826'>
				<Appearance USE='Material_7_IDX_7'/>
				<IndexedFaceSet solid="false" coordIndex='0 1 2 3 -1'>
					<Coordinate point='4.813564 -2.779112 0.000000 5.047323 -2.260226 0.300335 4.601433 -2.085650 0.253071 4.397736 -2.539034 -0.000000'/>
				</IndexedFaceSet>
			</Shape>
			<Shape DEF='_IDX_1827'>
				<Appearance USE='Material_6_IDX_6'/>
				<IndexedFaceSet solid="false" coordIndex='0 1 2 3 -1'>
					<Coordinate point='5.292847 -3.055827 0.000000 5.561610 -2.460783 0.350020 5.047323 -2.260226 0.300335 4.813564 -2.779112 0.000000'/>
				</IndexedFaceSet>
			</Shape>
			<Shape DEF='_IDX_1828'>
				<Appearance USE='Material_5_IDX_5'/>
				<IndexedFaceSet solid="false" coordIndex='0 1 2 3 -1'>
					<Coordinate point='5.292847 -3.055827 0.000000 5.561610 -2.460783 0.350020 5.561610 -2.460783 0.350020 5.292847 -3.055827 0.000000'/>
				</IndexedFaceSet>
			</Shape>
			<Shape DEF='_IDX_1829'>
				<Appearance USE='Material_4_IDX_4'/>
				<IndexedFaceSet solid="false" coordIndex='0 1 2 3 -1'>
					<Coordinate point='6.082438 -3.511698 0.000000 6.409707 -2.789461 0.423995 5.561610 -2.460783 0.350020 5.292847 -3.055827 0.000000'/>
				</IndexedFaceSet>
			</Shape>
			<Shape DEF='_IDX_1830'>
				<Appearance USE='Material_3_IDX_3'/>
				<IndexedFaceSet solid="false" coordIndex='0 1 2 3 -1'>
					<Coordinate point='7.040034 -4.064566 0.000000 7.439530 -3.185339 0.504603 6.409707 -2.789461 0.423995 6.082438 -3.511698 0.000000'/>
				</IndexedFaceSet>
			</Shape>
			<Shape DEF='_IDX_1831'>
				<Appearance USE='Material_2_IDX_2'/>
				<IndexedFaceSet solid="false" coordIndex='0 1 2 3 -1'>
					<Coordinate point='8.200144 -4.734355 -0.000000 8.688718 -3.661486 0.593106 7.439530 -3.185339 0.504603 7.040034 -4.064566 0.000000'/>
				</IndexedFaceSet>
			</Shape>
			<Shape DEF='_IDX_1832'>
				<Appearance USE='Material_1_IDX_1'/>
				<IndexedFaceSet solid="false" coordIndex='0 1 2 3 -1'>
					<Coordinate point='9.605351 -5.545652 -0.000000 10.203693 -4.234099 0.690888 8.688718 -3.661486 0.593106 8.200144 -4.734355 -0.000000'/>
				</IndexedFaceSet>
			</Shape>
			<Shape DEF='_IDX_1833'>
				<Appearance USE='Material_26_IDX_26'/>
				<IndexedFaceSet solid="false" coordIndex='0 1 2 3 -1'>
					<Coordinate point='3.142749 -1.520008 0.040260 3.200210 -1.263117 0.080014 3.016268 -1.233155 0.000000 2.963645 -1.456503 -0.000000'/>
				</IndexedFaceSet>
			</Shape>
			<Shape DEF='_IDX_1834'>
				<Appearance USE='Material_25_IDX_25'/>
				<IndexedFaceSet solid="false" coordIndex='0 1 2 3 -1'>
					<Coordinate point='3.352141 -1.598274 0.080845 3.416252 -1.305528 0.160673 3.200210 -1.263117 0.080014 3.142749 -1.520008 0.040260'/>
				</IndexedFaceSet>
			</Shape>
			<Shape DEF='_IDX_1835'>
				<Appearance USE='Material_24_IDX_24'/>
				<IndexedFaceSet solid="false" coordIndex='0 1 2 3 -1'>
					<Coordinate point='3.597128 -1.692443 0.122081 3.669685 -1.359929 0.242627 3.416252 -1.305528 0.160673 3.352141 -1.598274 0.080845'/>
				</IndexedFaceSet>
			</Shape>
			<Shape DEF='_IDX_1836'>
				<Appearance USE='Material_23_IDX_23'/>
				<IndexedFaceSet solid="false" coordIndex='0 1 2 3 -1'>
					<Coordinate point='3.883084 -1.803905 0.164302 3.965977 -1.426268 0.326539 3.669685 -1.359929 0.242627 3.597128 -1.692443 0.122081'/>
				</IndexedFaceSet>
			</Shape>
			<Shape DEF='_IDX_1837'>
				<Appearance USE='Material_22_IDX_22'/>
				<IndexedFaceSet solid="false" coordIndex='0 1 2 3 -1'>
					<Coordinate point='4.215740 -1.934318 0.207849 4.311038 -1.504812 0.413083 3.965977 -1.426268 0.326539 3.883084 -1.803905 0.164302'/>
				</IndexedFaceSet>
			</Shape>
			<Shape DEF='_IDX_1838'>
				<Appearance USE='Material_21_IDX_21'/>
				<IndexedFaceSet solid="false" coordIndex='0 1 2 3 -1'>
					<Coordinate point='4.601433 -2.085650 0.253071 4.711447 -1.596097 0.502960 4.311038 -1.504812 0.413083 4.215740 -1.934318 0.207849'/>
				</IndexedFaceSet>
			</Shape>
			<Shape DEF='_IDX_1839'>
				<Appearance USE='Material_20_IDX_20'/>
				<IndexedFaceSet solid="false" coordIndex='0 1 2 3 -1'>
					<Coordinate point='5.047323 -2.260226 0.300335 5.174665 -1.700917 0.596892 4.711447 -1.596097 0.502960 4.601433 -2.085650 0.253071'/>
				</IndexedFaceSet>
			</Shape>
			<Shape DEF='_IDX_1840'>
				<Appearance USE='Material_19_IDX_19'/>
				<IndexedFaceSet solid="false" coordIndex='0 1 2 3 -1'>
					<Coordinate point='5.561610 -2.460783 0.350020 5.709258 -1.820319 0.695639 5.174665 -1.700917 0.596892 5.047323 -2.260226 0.300335'/>
				</IndexedFaceSet>
			</Shape>
			<Shape DEF='_IDX_1841'>
				<Appearance USE='Material_18_IDX_18'/>
				<IndexedFaceSet solid="false" coordIndex='0 1 2 3 -1'>
					<Coordinate point='5.561610 -2.460783 0.350020 5.709258 -1.820319 0.695639 5.709258 -1.820319 0.695639 5.561610 -2.460783 0.350020'/>
				</IndexedFaceSet>
			</Shape>
			<Shape DEF='_IDX_1842'>
				<Appearance USE='Material_17_IDX_17'/>
				<IndexedFaceSet solid="false" coordIndex='0 1 2 3 -1'>
					<Coordinate point='6.409707 -2.789461 0.423995 6.591415 -2.013390 0.842658 5.709258 -1.820319 0.695639 5.561610 -2.460783 0.350020'/>
				</IndexedFaceSet>
			</Shape>
			<Shape DEF='_IDX_1843'>
				<Appearance USE='Material_16_IDX_16'/>
				<IndexedFaceSet solid="false" coordIndex='0 1 2 3 -1'>
					<Coordinate point='7.439530 -3.185339 0.504603 7.663345 -2.241818 1.002860 6.591415 -2.013390 0.842658 6.409707 -2.789461 0.423995'/>
				</IndexedFaceSet>
			</Shape>
			<Shape DEF='_IDX_1844'>
				<Appearance USE='Material_15_IDX_15'/>
				<IndexedFaceSet solid="false" coordIndex='0 1 2 3 -1'>
					<Coordinate point='8.688718 -3.661486 0.593106 8.964457 -2.511358 1.178753 7.663345 -2.241818 1.002860 7.439530 -3.185339 0.504603'/>
				</IndexedFaceSet>
			</Shape>
			<Shape DEF='_IDX_1845'>
				<Appearance USE='Material_14_IDX_14'/>
				<IndexedFaceSet solid="false" coordIndex='0 1 2 3 -1'>
					<Coordinate point='10.203693 -4.234099 0.690888 10.543366 -2.829252 1.373088 8.964457 -2.511358 1.178753 8.688718 -3.661486 0.593106'/>
				</IndexedFaceSet>
			</Shape>
			<Shape DEF='_IDX_1846'>
				<Appearance USE='Material_39_IDX_39'/>
				<IndexedFaceSet solid="false" coordIndex='0 1 2 3 -1'>
					<Coordinate point='3.200210 -1.263117 0.080014 3.207491 -0.986964 0.118761 3.027052 -0.989034 0.000000 3.016268 -1.233155 0.000000'/>
				</IndexedFaceSet>
			</Shape>
			<Shape DEF='_IDX_1847'>
				<Appearance USE='Material_38_IDX_38'/>
				<IndexedFaceSet solid="false" coordIndex='0 1 2 3 -1'>
					<Coordinate point='3.416252 -1.305528 0.160673 3.422024 -0.994182 0.238480 3.207491 -0.986964 0.118761 3.200210 -1.263117 0.080014'/>
				</IndexedFaceSet>
			</Shape>
			<Shape DEF='_IDX_1848'>
				<Appearance USE='Material_37_IDX_37'/>
				<IndexedFaceSet solid="false" coordIndex='0 1 2 3 -1'>
					<Coordinate point='3.669685 -1.359929 0.242627 3.675442 -1.008869 0.360122 3.422024 -0.994182 0.238480 3.416252 -1.305528 0.160673'/>
				</IndexedFaceSet>
			</Shape>
			<Shape DEF='_IDX_1849'>
				<Appearance USE='Material_36_IDX_36'/>
				<IndexedFaceSet solid="false" coordIndex='0 1 2 3 -1'>
					<Coordinate point='3.965977 -1.426268 0.326539 3.972915 -1.029659 0.484668 3.675442 -1.008869 0.360122 3.669685 -1.359929 0.242627'/>
				</IndexedFaceSet>
			</Shape>
			<Shape DEF='_IDX_1850'>
				<Appearance USE='Material_35_IDX_35'/>
				<IndexedFaceSet solid="false" coordIndex='0 1 2 3 -1'>
					<Coordinate point='4.311038 -1.504812 0.413083 4.320179 -1.055486 0.613123 3.972915 -1.029659 0.484668 3.965977 -1.426268 0.326539'/>
				</IndexedFaceSet>
			</Shape>
			<Shape DEF='_IDX_1851'>
				<Appearance USE='Material_34_IDX_34'/>
				<IndexedFaceSet solid="false" coordIndex='0 1 2 3 -1'>
					<Coordinate point='4.711447 -1.596097 0.502960 4.723718 -1.085485 0.746523 4.320179 -1.055486 0.613123 4.311038 -1.504812 0.413083'/>
				</IndexedFaceSet>
			</Shape>
			<Shape DEF='_IDX_1852'>
				<Appearance USE='Material_33_IDX_33'/>
				<IndexedFaceSet solid="false" coordIndex='0 1 2 3 -1'>
					<Coordinate point='5.174665 -1.700917 0.596892 5.190963 -1.118917 0.885944 4.723718 -1.085485 0.746523 4.711447 -1.596097 0.502960'/>
				</IndexedFaceSet>
			</Shape>
			<Shape DEF='_IDX_1853'>
				<Appearance USE='Material_32_IDX_32'/>
				<IndexedFaceSet solid="false" coordIndex='0 1 2 3 -1'>
					<Coordinate point='5.709258 -1.820319 0.695639 5.730489 -1.155121 1.032509 5.190963 -1.118917 0.885944 5.174665 -1.700917 0.596892'/>
				</IndexedFaceSet>
			</Shape>
			<Shape DEF='_IDX_1854'>
				<Appearance USE='Material_31_IDX_31'/>
				<IndexedFaceSet solid="false" coordIndex='0 1 2 3 -1'>
					<Coordinate point='5.709258 -1.820319 0.695639 5.730489 -1.155121 1.032509 5.730489 -1.155121 1.032509 5.709258 -1.820319 0.695639'/>
				</IndexedFaceSet>
			</Shape>
			<Shape DEF='_IDX_1855'>
				<Appearance USE='Material_30_IDX_30'/>
				<IndexedFaceSet solid="false" coordIndex='0 1 2 3 -1'>
					<Coordinate point='6.591415 -2.013390 0.842658 6.621123 -1.208982 1.250723 5.730489 -1.155121 1.032509 5.709258 -1.820319 0.695639'/>
				</IndexedFaceSet>
			</Shape>
			<Shape DEF='_IDX_1856'>
				<Appearance USE='Material_29_IDX_29'/>
				<IndexedFaceSet solid="false" coordIndex='0 1 2 3 -1'>
					<Coordinate point='7.663345 -2.241818 1.002860 7.703621 -1.265354 1.488506 6.621123 -1.208982 1.250723 6.591415 -2.013390 0.842658'/>
				</IndexedFaceSet>
			</Shape>
			<Shape DEF='_IDX_1857'>
				<Appearance USE='Material_28_IDX_28'/>
				<IndexedFaceSet solid="false" coordIndex='0 1 2 3 -1'>
					<Coordinate point='8.964457 -2.511358 1.178753 9.017745 -1.322488 1.749576 7.703621 -1.265354 1.488506 7.663345 -2.241818 1.002860'/>
				</IndexedFaceSet>
			</Shape>
			<Shape DEF='_IDX_1858'>
				<Appearance USE='Material_27_IDX_27'/>
				<IndexedFaceSet solid="false" coordIndex='0 1 2 3 -1'>
					<Coordinate point='10.543366 -2.829252 1.373088 10.612585 -1.378429 2.038020 9.017745 -1.322488 1.749576 8.964457 -2.511358 1.178753'/>
				</IndexedFaceSet>
			</Shape>
			<Shape DEF='_IDX_1859'>
				<Appearance USE='Material_52_IDX_52'/>
				<IndexedFaceSet solid="false" coordIndex='0 1 2 3 -1'>
					<Coordinate point='3.207491 -0.986964 0.118761 3.161582 -0.696526 0.156015 2.991773 -0.726829 0.000000 3.027052 -0.989034 0.000000'/>
				</IndexedFaceSet>
			</Shape>
			<Shape DEF='_IDX_1860'>
				<Appearance USE='Material_51_IDX_51'/>
				<IndexedFaceSet solid="false" coordIndex='0 1 2 3 -1'>
					<Coordinate point='3.422024 -0.994182 0.238480 3.367181 -0.671318 0.313288 3.161582 -0.696526 0.156015 3.207491 -0.986964 0.118761'/>
				</IndexedFaceSet>
			</Shape>
			<Shape DEF='_IDX_1861'>
				<Appearance USE='Material_50_IDX_50'/>
				<IndexedFaceSet solid="false" coordIndex='0 1 2 3 -1'>
					<Coordinate point='3.675442 -1.008869 0.360122 3.612571 -0.648374 0.473088 3.367181 -0.671318 0.313288 3.422024 -0.994182 0.238480'/>
				</IndexedFaceSet>
			</Shape>
			<Shape DEF='_IDX_1862'>
				<Appearance USE='Material_49_IDX_49'/>
				<IndexedFaceSet solid="false" coordIndex='0 1 2 3 -1'>
					<Coordinate point='3.972915 -1.029659 0.484668 3.902332 -0.625244 0.636703 3.612571 -0.648374 0.473088 3.675442 -1.008869 0.360122'/>
				</IndexedFaceSet>
			</Shape>
			<Shape DEF='_IDX_1863'>
				<Appearance USE='Material_48_IDX_48'/>
				<IndexedFaceSet solid="false" coordIndex='0 1 2 3 -1'>
					<Coordinate point='4.320179 -1.055486 0.613123 4.241730 -0.599687 0.805453 3.902332 -0.625244 0.636703 3.972915 -1.029659 0.484668'/>
				</IndexedFaceSet>
			</Shape>
			<Shape DEF='_IDX_1864'>
				<Appearance USE='Material_47_IDX_47'/>
				<IndexedFaceSet solid="false" coordIndex='0 1 2 3 -1'>
					<Coordinate point='4.723718 -1.085485 0.746523 4.636863 -0.569537 0.980699 4.241730 -0.599687 0.805453 4.320179 -1.055486 0.613123'/>
				</IndexedFaceSet>
			</Shape>
			<Shape DEF='_IDX_1865'>
				<Appearance USE='Material_46_IDX_46'/>
				<IndexedFaceSet solid="false" coordIndex='0 1 2 3 -1'>
					<Coordinate point='5.190963 -1.118917 0.885944 5.094811 -0.532600 1.163854 4.636863 -0.569537 0.980699 4.723718 -1.085485 0.746523'/>
				</IndexedFaceSet>
			</Shape>
			<Shape DEF='_IDX_1866'>
				<Appearance USE='Material_45_IDX_45'/>
				<IndexedFaceSet solid="false" coordIndex='0 1 2 3 -1'>
					<Coordinate point='5.730489 -1.155121 1.032509 5.623822 -0.486566 1.356395 5.094811 -0.532600 1.163854 5.190963 -1.118917 0.885944'/>
				</IndexedFaceSet>
			</Shape>
			<Shape DEF='_IDX_1867'>
				<Appearance USE='Material_44_IDX_44'/>
				<IndexedFaceSet solid="false" coordIndex='0 1 2 3 -1'>
					<Coordinate point='5.730489 -1.155121 1.032509 5.623822 -0.486566 1.356395 5.623822 -0.486566 1.356395 5.730489 -1.155121 1.032509'/>
				</IndexedFaceSet>
			</Shape>
			<Shape DEF='_IDX_1868'>
				<Appearance USE='Material_43_IDX_43'/>
				<IndexedFaceSet solid="false" coordIndex='0 1 2 3 -1'>
					<Coordinate point='6.621123 -1.208982 1.250723 6.497159 -0.402539 1.643061 5.623822 -0.486566 1.356395 5.730489 -1.155121 1.032509'/>
				</IndexedFaceSet>
			</Shape>
			<Shape DEF='_IDX_1869'>
				<Appearance USE='Material_42_IDX_42'/>
				<IndexedFaceSet solid="false" coordIndex='0 1 2 3 -1'>
					<Coordinate point='7.703621 -1.265354 1.488506 7.558406 -0.288252 1.955433 6.497159 -0.402539 1.643061 6.621123 -1.208982 1.250723'/>
				</IndexedFaceSet>
			</Shape>
			<Shape DEF='_IDX_1870'>
				<Appearance USE='Material_41_IDX_41'/>
				<IndexedFaceSet solid="false" coordIndex='0 1 2 3 -1'>
					<Coordinate point='9.017745 -1.322488 1.749576 8.846249 -0.134541 2.298398 7.558406 -0.288252 1.955433 7.703621 -1.265354 1.488506'/>
				</IndexedFaceSet>
			</Shape>
			<Shape DEF='_IDX_1871'>
				<Appearance USE='Material_40_IDX_40'/>
				<IndexedFaceSet solid="false" coordIndex='0 1 2 3 -1'>
					<Coordinate point='10.612585 -1.378429 2.038020 10.408524 0.069656 2.677323 8.846249 -0.134541 2.298398 9.017745 -1.322488 1.749576'/>
				</IndexedFaceSet>
			</Shape>
			<Shape DEF='_IDX_1872'>
				<Appearance USE='Material_65_IDX_65'/>
				<IndexedFaceSet solid="false" coordIndex='0 1 2 3 -1'>
					<Coordinate point='3.161582 -0.696526 0.156015 3.059933 -0.398328 0.191307 2.906218 -0.451600 0.000000 2.991773 -0.726829 0.000000'/>
				</IndexedFaceSet>
			</Shape>
			<Shape DEF='_IDX_1873'>
				<Appearance USE='Material_64_IDX_64'/>
				<IndexedFaceSet solid="false" coordIndex='0 1 2 3 -1'>
					<Coordinate point='3.367181 -0.671318 0.313288 3.250374 -0.345038 0.384157 3.059933 -0.398328 0.191307 3.161582 -0.696526 0.156015'/>
				</IndexedFaceSet>
			</Shape>
			<Shape DEF='_IDX_1874'>
				<Appearance USE='Material_63_IDX_63'/>
				<IndexedFaceSet solid="false" coordIndex='0 1 2 3 -1'>
					<Coordinate point='3.612571 -0.648374 0.473088 3.480624 -0.288235 0.580105 3.250374 -0.345038 0.384157 3.367181 -0.671318 0.313288'/>
				</IndexedFaceSet>
			</Shape>
			<Shape DEF='_IDX_1875'>
				<Appearance USE='Material_62_IDX_62'/>
				<IndexedFaceSet solid="false" coordIndex='0 1 2 3 -1'>
					<Coordinate point='3.902332 -0.625244 0.636703 3.754488 -0.224646 0.780731 3.480624 -0.288235 0.580105 3.612571 -0.648374 0.473088'/>
				</IndexedFaceSet>
			</Shape>
			<Shape DEF='_IDX_1876'>
				<Appearance USE='Material_61_IDX_61'/>
				<IndexedFaceSet solid="false" coordIndex='0 1 2 3 -1'>
					<Coordinate point='4.241730 -0.599687 0.805453 4.076551 -0.151052 0.987654 3.754488 -0.224646 0.780731 3.902332 -0.625244 0.636703'/>
				</IndexedFaceSet>
			</Shape>
			<Shape DEF='_IDX_1877'>
				<Appearance USE='Material_60_IDX_60'/>
				<IndexedFaceSet solid="false" coordIndex='0 1 2 3 -1'>
					<Coordinate point='4.636863 -0.569537 0.980699 4.452274 -0.064149 1.202542 4.076551 -0.151052 0.987654 4.241730 -0.599687 0.805453'/>
				</IndexedFaceSet>
			</Shape>
			<Shape DEF='_IDX_1878'>
				<Appearance USE='Material_481_IDX_481'/>
				<IndexedFaceSet solid="false" coordIndex='0 1 2 3 -1'>
					<Coordinate point='5.094811 -0.532600 1.163854 4.888113 0.039572 1.427128 4.452274 -0.064149 1.202542 4.636863 -0.569537 0.980699'/>
				</IndexedFaceSet>
			</Shape>
			<Shape DEF='_IDX_1879'>
				<Appearance USE='Material_58_IDX_58'/>
				<IndexedFaceSet solid="false" coordIndex='0 1 2 3 -1'>
					<Coordinate point='5.623822 -0.486566 1.356395 5.391671 0.163950 1.663223 4.888113 0.039572 1.427128 5.094811 -0.532600 1.163854'/>
				</IndexedFaceSet>
			</Shape>
			<Shape DEF='_IDX_1880'>
				<Appearance USE='Material_57_IDX_57'/>
				<IndexedFaceSet solid="false" coordIndex='0 1 2 3 -1'>
					<Coordinate point='5.623822 -0.486566 1.356395 5.391671 0.163950 1.663223 5.391671 0.163950 1.663223 5.623822 -0.486566 1.356395'/>
				</IndexedFaceSet>
			</Shape>
			<Shape DEF='_IDX_1881'>
				<Appearance USE='Material_56_IDX_56'/>
				<IndexedFaceSet solid="false" coordIndex='0 1 2 3 -1'>
					<Coordinate point='6.497159 -0.402539 1.643061 6.222696 0.379699 2.014735 5.391671 0.163950 1.663223 5.623822 -0.486566 1.356395'/>
				</IndexedFaceSet>
			</Shape>
			<Shape DEF='_IDX_1882'>
				<Appearance USE='Material_55_IDX_55'/>
				<IndexedFaceSet solid="false" coordIndex='0 1 2 3 -1'>
					<Coordinate point='7.558406 -0.288252 1.955433 7.231727 0.657317 2.397769 6.222696 0.379699 2.014735 6.497159 -0.402539 1.643061'/>
				</IndexedFaceSet>
			</Shape>
			<Shape DEF='_IDX_1883'>
				<Appearance USE='Material_54_IDX_54'/>
				<IndexedFaceSet solid="false" coordIndex='0 1 2 3 -1'>
					<Coordinate point='8.846249 -0.134541 2.298398 8.455003 1.013021 2.818316 7.231727 0.657317 2.397769 7.558406 -0.288252 1.955433'/>
				</IndexedFaceSet>
			</Shape>
			<Shape DEF='_IDX_1884'>
				<Appearance USE='Material_53_IDX_53'/>
				<IndexedFaceSet solid="false" coordIndex='0 1 2 3 -1'>
					<Coordinate point='10.408524 0.069656 2.677323 9.937421 1.466570 3.282957 8.455003 1.013021 2.818316 8.846249 -0.134541 2.298398'/>
				</IndexedFaceSet>
			</Shape>
			<Shape DEF='_IDX_1885'>
				<Appearance USE='Material_78_IDX_78'/>
				<IndexedFaceSet solid="false" coordIndex='0 1 2 3 -1'>
					<Coordinate point='3.059933 -0.398328 0.191307 2.901151 -0.100294 0.224193 2.767252 -0.170521 0.000000 2.906218 -0.451600 0.000000'/>
				</IndexedFaceSet>
			</Shape>
			<Shape DEF='_IDX_1886'>
				<Appearance USE='Material_77_IDX_77'/>
				<IndexedFaceSet solid="false" coordIndex='0 1 2 3 -1'>
					<Coordinate point='3.250374 -0.345038 0.384157 3.071623 -0.024314 0.450194 2.901151 -0.100294 0.224193 3.059933 -0.398328 0.191307'/>
				</IndexedFaceSet>
			</Shape>
			<Shape DEF='_IDX_1887'>
				<Appearance USE='Material_76_IDX_76'/>
				<IndexedFaceSet solid="false" coordIndex='0 1 2 3 -1'>
					<Coordinate point='3.480624 -0.288235 0.580105 3.280808 0.061284 0.679826 3.071623 -0.024314 0.450194 3.250374 -0.345038 0.384157'/>
				</IndexedFaceSet>
			</Shape>
			<Shape DEF='_IDX_1888'>
				<Appearance USE='Material_75_IDX_75'/>
				<IndexedFaceSet solid="false" coordIndex='0 1 2 3 -1'>
					<Coordinate point='3.754488 -0.224646 0.780731 3.531645 0.160351 0.914941 3.280808 0.061284 0.679826 3.480624 -0.288235 0.580105'/>
				</IndexedFaceSet>
			</Shape>
			<Shape DEF='_IDX_1889'>
				<Appearance USE='Material_74_IDX_74'/>
				<IndexedFaceSet solid="false" coordIndex='0 1 2 3 -1'>
					<Coordinate point='4.076551 -0.151052 0.987654 3.827887 0.276867 1.157434 3.531645 0.160351 0.914941 3.754488 -0.224646 0.780731'/>
				</IndexedFaceSet>
			</Shape>
			<Shape DEF='_IDX_1890'>
				<Appearance USE='Material_73_IDX_73'/>
				<IndexedFaceSet solid="false" coordIndex='0 1 2 3 -1'>
					<Coordinate point='4.452274 -0.064149 1.202542 4.174165 0.415076 1.409262 3.827887 0.276867 1.157434 4.076551 -0.151052 0.987654'/>
				</IndexedFaceSet>
			</Shape>
			<Shape DEF='_IDX_1891'>
				<Appearance USE='Material_482_IDX_482'/>
				<IndexedFaceSet solid="false" coordIndex='0 1 2 3 -1'>
					<Coordinate point='4.888113 0.039572 1.427128 4.576077 0.579626 1.672455 4.174165 0.415076 1.409262 4.452274 -0.064149 1.202542'/>
				</IndexedFaceSet>
			</Shape>
			<Shape DEF='_IDX_1892'>
				<Appearance USE='Material_71_IDX_71'/>
				<IndexedFaceSet solid="false" coordIndex='0 1 2 3 -1'>
					<Coordinate point='5.391671 0.163950 1.663223 5.040309 0.775702 1.949136 4.576077 0.579626 1.672455 4.888113 0.039572 1.427128'/>
				</IndexedFaceSet>
			</Shape>
			<Shape DEF='_IDX_1893'>
				<Appearance USE='Material_70_IDX_70'/>
				<IndexedFaceSet solid="false" coordIndex='0 1 2 3 -1'>
					<Coordinate point='5.391671 0.163950 1.663223 5.040309 0.775702 1.949136 5.040309 0.775702 1.949136 5.391671 0.163950 1.663223'/>
				</IndexedFaceSet>
			</Shape>
			<Shape DEF='_IDX_1894'>
				<Appearance USE='Material_69_IDX_69'/>
				<IndexedFaceSet solid="false" coordIndex='0 1 2 3 -1'>
					<Coordinate point='6.222696 0.379699 2.014735 5.805668 1.112425 2.361074 5.040309 0.775702 1.949136 5.391671 0.163950 1.663223'/>
				</IndexedFaceSet>
			</Shape>
			<Shape DEF='_IDX_1895'>
				<Appearance USE='Material_68_IDX_68'/>
				<IndexedFaceSet solid="false" coordIndex='0 1 2 3 -1'>
					<Coordinate point='7.231727 0.657317 2.397769 6.733475 1.540399 2.809952 5.805668 1.112425 2.361074 6.222696 0.379699 2.014735'/>
				</IndexedFaceSet>
			</Shape>
			<Shape DEF='_IDX_1896'>
				<Appearance USE='Material_67_IDX_67'/>
				<IndexedFaceSet solid="false" coordIndex='0 1 2 3 -1'>
					<Coordinate point='8.455003 1.013021 2.818316 7.856249 2.082286 3.302792 6.733475 1.540399 2.809952 7.231727 0.657317 2.397769'/>
				</IndexedFaceSet>
			</Shape>
			<Shape DEF='_IDX_1897'>
				<Appearance USE='Material_66_IDX_66'/>
				<IndexedFaceSet solid="false" coordIndex='0 1 2 3 -1'>
					<Coordinate point='9.937421 1.466570 3.282957 9.214376 2.765820 3.847306 7.856249 2.082286 3.302792 8.455003 1.013021 2.818316'/>
				</IndexedFaceSet>
			</Shape>
			<Shape DEF='_IDX_1898'>
				<Appearance USE='Material_91_IDX_91'/>
				<IndexedFaceSet solid="false" coordIndex='0 1 2 3 -1'>
					<Coordinate point='2.901151 -0.100294 0.224193 2.685512 0.188702 0.254260 2.573524 0.107756 0.000000 2.767252 -0.170521 0.000000'/>
				</IndexedFaceSet>
			</Shape>
			<Shape DEF='_IDX_1899'>
				<Appearance USE='Material_90_IDX_90'/>
				<IndexedFaceSet solid="false" coordIndex='0 1 2 3 -1'>
					<Coordinate point='3.071623 -0.024314 0.450194 2.832661 0.281383 0.510570 2.685512 0.188702 0.254260 2.901151 -0.100294 0.224193'/>
				</IndexedFaceSet>
			</Shape>
			<Shape DEF='_IDX_1900'>
				<Appearance USE='Material_89_IDX_89'/>
				<IndexedFaceSet solid="false" coordIndex='0 1 2 3 -1'>
					<Coordinate point='3.280808 0.061284 0.679826 3.016204 0.389808 0.770999 2.832661 0.281383 0.510570 3.071623 -0.024314 0.450194'/>
				</IndexedFaceSet>
			</Shape>
			<Shape DEF='_IDX_1901'>
				<Appearance USE='Material_88_IDX_88'/>
				<IndexedFaceSet solid="false" coordIndex='0 1 2 3 -1'>
					<Coordinate point='3.531645 0.160351 0.914941 3.238169 0.518183 1.037645 3.016204 0.389808 0.770999 3.280808 0.061284 0.679826'/>
				</IndexedFaceSet>
			</Shape>
			<Shape DEF='_IDX_1902'>
				<Appearance USE='Material_87_IDX_87'/>
				<IndexedFaceSet solid="false" coordIndex='0 1 2 3 -1'>
					<Coordinate point='3.827887 0.276867 1.157434 3.501386 0.671033 1.312659 3.238169 0.518183 1.037645 3.531645 0.160351 0.914941'/>
				</IndexedFaceSet>
			</Shape>
			<Shape DEF='_IDX_1903'>
				<Appearance USE='Material_86_IDX_86'/>
				<IndexedFaceSet solid="false" coordIndex='0 1 2 3 -1'>
					<Coordinate point='4.174165 0.415076 1.409262 3.809514 0.853336 1.598260 3.501386 0.671033 1.312659 3.827887 0.276867 1.157434'/>
				</IndexedFaceSet>
			</Shape>
			<Shape DEF='_IDX_1904'>
				<Appearance USE='Material_85_IDX_85'/>
				<IndexedFaceSet solid="false" coordIndex='0 1 2 3 -1'>
					<Coordinate point='4.576077 0.579626 1.672455 4.167107 1.070662 1.896750 3.809514 0.853336 1.598260 4.174165 0.415076 1.409262'/>
				</IndexedFaceSet>
			</Shape>
			<Shape DEF='_IDX_1905'>
				<Appearance USE='Material_84_IDX_84'/>
				<IndexedFaceSet solid="false" coordIndex='0 1 2 3 -1'>
					<Coordinate point='5.040309 0.775702 1.949136 4.579704 1.329323 2.210537 4.167107 1.070662 1.896750 4.576077 0.579626 1.672455'/>
				</IndexedFaceSet>
			</Shape>
			<Shape DEF='_IDX_1906'>
				<Appearance USE='Material_83_IDX_83'/>
				<IndexedFaceSet solid="false" coordIndex='0 1 2 3 -1'>
					<Coordinate point='5.040309 0.775702 1.949136 4.579704 1.329323 2.210537 4.579704 1.329323 2.210537 5.040309 0.775702 1.949136'/>
				</IndexedFaceSet>
			</Shape>
			<Shape DEF='_IDX_1907'>
				<Appearance USE='Material_82_IDX_82'/>
				<IndexedFaceSet solid="false" coordIndex='0 1 2 3 -1'>
					<Coordinate point='5.805668 1.112425 2.361074 5.258535 1.772116 2.677720 4.579704 1.329323 2.210537 5.040309 0.775702 1.949136'/>
				</IndexedFaceSet>
			</Shape>
			<Shape DEF='_IDX_1908'>
				<Appearance USE='Material_81_IDX_81'/>
				<IndexedFaceSet solid="false" coordIndex='0 1 2 3 -1'>
					<Coordinate point='6.733475 1.540399 2.809952 6.079091 2.332315 3.186798 5.258535 1.772116 2.677720 5.805668 1.112425 2.361074'/>
				</IndexedFaceSet>
			</Shape>
			<Shape DEF='_IDX_1909'>
				<Appearance USE='Material_80_IDX_80'/>
				<IndexedFaceSet solid="false" coordIndex='0 1 2 3 -1'>
					<Coordinate point='7.856249 2.082286 3.302792 7.069033 3.038189 3.745734 6.079091 2.332315 3.186798 6.733475 1.540399 2.809952'/>
				</IndexedFaceSet>
			</Shape>
			<Shape DEF='_IDX_1910'>
				<Appearance USE='Material_196_IDX_196'/>
				<IndexedFaceSet solid="false" coordIndex='0 1 2 3 -1'>
					<Coordinate point='9.214376 2.765820 3.847306 8.262837 3.924453 4.363273 7.069033 3.038189 3.745734 7.856249 2.082286 3.302792'/>
				</IndexedFaceSet>
			</Shape>
			<Shape DEF='_IDX_1911'>
				<Appearance USE='Material_104_IDX_104'/>
				<IndexedFaceSet solid="false" coordIndex='0 1 2 3 -1'>
					<Coordinate point='2.685512 0.188702 0.254260 2.415225 0.459393 0.281129 2.325793 0.373830 0.000000 2.573524 0.107756 0.000000'/>
				</IndexedFaceSet>
			</Shape>
			<Shape DEF='_IDX_1912'>
				<Appearance USE='Material_103_IDX_103'/>
				<IndexedFaceSet solid="false" coordIndex='0 1 2 3 -1'>
					<Coordinate point='2.832661 0.281383 0.510570 2.537118 0.562551 0.564526 2.415225 0.459393 0.281129 2.685512 0.188702 0.254260'/>
				</IndexedFaceSet>
			</Shape>
			<Shape DEF='_IDX_1913'>
				<Appearance USE='Material_102_IDX_102'/>
				<IndexedFaceSet solid="false" coordIndex='0 1 2 3 -1'>
					<Coordinate point='3.016204 0.389808 0.770999 2.691848 0.687277 0.852475 2.537118 0.562551 0.564526 2.832661 0.281383 0.510570'/>
				</IndexedFaceSet>
			</Shape>
			<Shape DEF='_IDX_1914'>
				<Appearance USE='Material_101_IDX_101'/>
				<IndexedFaceSet solid="false" coordIndex='0 1 2 3 -1'>
					<Coordinate point='3.238169 0.518183 1.037645 2.880535 0.837936 1.147299 2.691848 0.687277 0.852475 3.016204 0.389808 0.770999'/>
				</IndexedFaceSet>
			</Shape>
			<Shape DEF='_IDX_1915'>
				<Appearance USE='Material_100_IDX_100'/>
				<IndexedFaceSet solid="false" coordIndex='0 1 2 3 -1'>
					<Coordinate point='3.501386 0.671033 1.312659 3.105029 1.019391 1.451376 2.880535 0.837936 1.147299 3.238169 0.518183 1.037645'/>
				</IndexedFaceSet>
			</Shape>
			<Shape DEF='_IDX_1916'>
				<Appearance USE='Material_99_IDX_99'/>
				<IndexedFaceSet solid="false" coordIndex='0 1 2 3 -1'>
					<Coordinate point='3.809514 0.853336 1.598260 3.367922 1.237136 1.767158 3.105029 1.019391 1.451376 3.501386 0.671033 1.312659'/>
				</IndexedFaceSet>
			</Shape>
			<Shape DEF='_IDX_1917'>
				<Appearance USE='Material_98_IDX_98'/>
				<IndexedFaceSet solid="false" coordIndex='0 1 2 3 -1'>
					<Coordinate point='4.167107 1.070662 1.896750 3.672586 1.497431 2.097192 3.367922 1.237136 1.767158 3.809514 0.853336 1.598260'/>
				</IndexedFaceSet>
			</Shape>
			<Shape DEF='_IDX_1918'>
				<Appearance USE='Material_97_IDX_97'/>
				<IndexedFaceSet solid="false" coordIndex='0 1 2 3 -1'>
					<Coordinate point='4.579704 1.329323 2.210537 4.023230 1.807463 2.444139 3.672586 1.497431 2.097192 4.167107 1.070662 1.896750'/>
				</IndexedFaceSet>
			</Shape>
			<Shape DEF='_IDX_1919'>
				<Appearance USE='Material_96_IDX_96'/>
				<IndexedFaceSet solid="false" coordIndex='0 1 2 3 -1'>
					<Coordinate point='4.579704 1.329323 2.210537 4.023230 1.807463 2.444139 4.023230 1.807463 2.444139 4.579704 1.329323 2.210537'/>
				</IndexedFaceSet>
			</Shape>
			<Shape DEF='_IDX_1920'>
				<Appearance USE='Material_95_IDX_95'/>
				<IndexedFaceSet solid="false" coordIndex='0 1 2 3 -1'>
					<Coordinate point='5.258535 1.772116 2.677720 4.597893 2.337839 2.960693 4.023230 1.807463 2.444139 4.579704 1.329323 2.210537'/>
				</IndexedFaceSet>
			</Shape>
			<Shape DEF='_IDX_1921'>
				<Appearance USE='Material_94_IDX_94'/>
				<IndexedFaceSet solid="false" coordIndex='0 1 2 3 -1'>
					<Coordinate point='6.079091 2.332315 3.186798 5.289055 3.007638 3.523568 4.597893 2.337839 2.960693 5.258535 1.772116 2.677720'/>
				</IndexedFaceSet>
			</Shape>
			<Shape DEF='_IDX_1922'>
				<Appearance USE='Material_93_IDX_93'/>
				<IndexedFaceSet solid="false" coordIndex='0 1 2 3 -1'>
					<Coordinate point='7.069033 3.038189 3.745734 6.118568 3.849718 4.141571 5.289055 3.007638 3.523568 6.079091 2.332315 3.186798'/>
				</IndexedFaceSet>
			</Shape>
			<Shape DEF='_IDX_1923'>
				<Appearance USE='Material_92_IDX_92'/>
				<IndexedFaceSet solid="false" coordIndex='0 1 2 3 -1'>
					<Coordinate point='8.262837 3.924453 4.363273 7.113807 4.904533 4.824369 6.118568 3.849718 4.141571 7.069033 3.038189 3.745734'/>
				</IndexedFaceSet>
			</Shape>
			<Shape DEF='_IDX_1924'>
				<Appearance USE='Material_117_IDX_117'/>
				<IndexedFaceSet solid="false" coordIndex='0 1 2 3 -1'>
					<Coordinate point='2.415225 0.459393 0.281129 2.094493 0.702699 0.304463 2.026997 0.618239 0.000000 2.325793 0.373830 0.000000'/>
				</IndexedFaceSet>
			</Shape>
			<Shape DEF='_IDX_1925'>
				<Appearance USE='Material_116_IDX_116'/>
				<IndexedFaceSet solid="false" coordIndex='0 1 2 3 -1'>
					<Coordinate point='2.537118 0.562551 0.564526 2.190530 0.810158 0.611382 2.094493 0.702699 0.304463 2.415225 0.459393 0.281129'/>
				</IndexedFaceSet>
			</Shape>
			<Shape DEF='_IDX_1926'>
				<Appearance USE='Material_115_IDX_115'/>
				<IndexedFaceSet solid="false" coordIndex='0 1 2 3 -1'>
					<Coordinate point='2.691848 0.687277 0.852475 2.314694 0.944406 0.923231 2.190530 0.810158 0.611382 2.537118 0.562551 0.564526'/>
				</IndexedFaceSet>
			</Shape>
			<Shape DEF='_IDX_1927'>
				<Appearance USE='Material_114_IDX_114'/>
				<IndexedFaceSet solid="false" coordIndex='0 1 2 3 -1'>
					<Coordinate point='2.880535 0.837936 1.147299 2.467216 1.109791 1.242526 2.314694 0.944406 0.923231 2.691848 0.687277 0.852475'/>
				</IndexedFaceSet>
			</Shape>
			<Shape DEF='_IDX_1928'>
				<Appearance USE='Material_113_IDX_113'/>
				<IndexedFaceSet solid="false" coordIndex='0 1 2 3 -1'>
					<Coordinate point='3.105029 1.019391 1.451376 2.648950 1.311321 1.571842 2.467216 1.109791 1.242526 2.880535 0.837936 1.147299'/>
				</IndexedFaceSet>
			</Shape>
			<Shape DEF='_IDX_1929'>
				<Appearance USE='Material_112_IDX_112'/>
				<IndexedFaceSet solid="false" coordIndex='0 1 2 3 -1'>
					<Coordinate point='3.367922 1.237136 1.767158 2.861363 1.554781 1.913834 2.648950 1.311321 1.571842 3.105029 1.019391 1.451376'/>
				</IndexedFaceSet>
			</Shape>
			<Shape DEF='_IDX_1930'>
				<Appearance USE='Material_111_IDX_111'/>
				<IndexedFaceSet solid="false" coordIndex='0 1 2 3 -1'>
					<Coordinate point='3.672586 1.497431 2.097192 3.106550 1.846877 2.271261 2.861363 1.554781 1.913834 3.367922 1.237136 1.767158'/>
				</IndexedFaceSet>
			</Shape>
			<Shape DEF='_IDX_1931'>
				<Appearance USE='Material_192_IDX_192'/>
				<IndexedFaceSet solid="false" coordIndex='0 1 2 3 -1'>
					<Coordinate point='4.023230 1.807463 2.444139 3.387262 2.195397 2.647005 3.106550 1.846877 2.271261 3.672586 1.497431 2.097192'/>
				</IndexedFaceSet>
			</Shape>
			<Shape DEF='_IDX_1932'>
				<Appearance USE='Material_109_IDX_109'/>
				<IndexedFaceSet solid="false" coordIndex='0 1 2 3 -1'>
					<Coordinate point='4.023230 1.807463 2.444139 3.387262 2.195397 2.647005 3.387262 2.195397 2.647005 4.023230 1.807463 2.444139'/>
				</IndexedFaceSet>
			</Shape>
			<Shape DEF='_IDX_1933'>
				<Appearance USE='Material_108_IDX_108'/>
				<IndexedFaceSet solid="false" coordIndex='0 1 2 3 -1'>
					<Coordinate point='4.597893 2.337839 2.960693 3.843945 2.791968 3.206433 3.387262 2.195397 2.647005 4.023230 1.807463 2.444139'/>
				</IndexedFaceSet>
			</Shape>
			<Shape DEF='_IDX_1934'>
				<Appearance USE='Material_107_IDX_107'/>
				<IndexedFaceSet solid="false" coordIndex='0 1 2 3 -1'>
					<Coordinate point='5.289055 3.007638 3.523568 4.388219 3.545074 3.816027 3.843945 2.791968 3.206433 4.597893 2.337839 2.960693'/>
				</IndexedFaceSet>
			</Shape>
			<Shape DEF='_IDX_1935'>
				<Appearance USE='Material_106_IDX_106'/>
				<IndexedFaceSet solid="false" coordIndex='0 1 2 3 -1'>
					<Coordinate point='6.118568 3.849718 4.141571 5.035386 4.490980 4.485324 4.388219 3.545074 3.816027 5.289055 3.007638 3.523568'/>
				</IndexedFaceSet>
			</Shape>
			<Shape DEF='_IDX_1936'>
				<Appearance USE='Material_105_IDX_105'/>
				<IndexedFaceSet solid="false" coordIndex='0 1 2 3 -1'>
					<Coordinate point='7.113807 4.904533 4.824369 5.804787 5.674452 5.224796 5.035386 4.490980 4.485324 6.118568 3.849718 4.141571'/>
				</IndexedFaceSet>
			</Shape>
			<Shape DEF='_IDX_1937'>
				<Appearance USE='Material_130_IDX_130'/>
				<IndexedFaceSet solid="false" coordIndex='0 1 2 3 -1'>
					<Coordinate point='2.094493 0.702699 0.304463 1.729409 0.910239 0.323968 1.682137 0.832039 -0.000000 2.026997 0.618239 0.000000'/>
				</IndexedFaceSet>
			</Shape>
			<Shape DEF='_IDX_1938'>
				<Appearance USE='Material_129_IDX_129'/>
				<IndexedFaceSet solid="false" coordIndex='0 1 2 3 -1'>
					<Coordinate point='2.190530 0.810158 0.611382 1.800224 1.016104 0.650550 1.729409 0.910239 0.323968 2.094493 0.702699 0.304463'/>
				</IndexedFaceSet>
			</Shape>
			<Shape DEF='_IDX_1939'>
				<Appearance USE='Material_128_IDX_128'/>
				<IndexedFaceSet solid="false" coordIndex='0 1 2 3 -1'>
					<Coordinate point='2.314694 0.944406 0.923231 1.893448 1.153115 0.982377 1.800224 1.016104 0.650550 2.190530 0.810158 0.611382'/>
				</IndexedFaceSet>
			</Shape>
			<Shape DEF='_IDX_1940'>
				<Appearance USE='Material_127_IDX_127'/>
				<IndexedFaceSet solid="false" coordIndex='0 1 2 3 -1'>
					<Coordinate point='2.467216 1.109791 1.242526 2.008470 1.325447 1.322128 1.893448 1.153115 0.982377 2.314694 0.944406 0.923231'/>
				</IndexedFaceSet>
			</Shape>
			<Shape DEF='_IDX_1941'>
				<Appearance USE='Material_126_IDX_126'/>
				<IndexedFaceSet solid="false" coordIndex='0 1 2 3 -1'>
					<Coordinate point='2.648950 1.311321 1.571842 2.145157 1.538059 1.672541 2.008470 1.325447 1.322128 2.467216 1.109791 1.242526'/>
				</IndexedFaceSet>
			</Shape>
			<Shape DEF='_IDX_1942'>
				<Appearance USE='Material_191_IDX_191'/>
				<IndexedFaceSet solid="false" coordIndex='0 1 2 3 -1'>
					<Coordinate point='2.861363 1.554781 1.913834 2.303831 1.796814 2.036442 2.145157 1.538059 1.672541 2.648950 1.311321 1.571842'/>
				</IndexedFaceSet>
			</Shape>
			<Shape DEF='_IDX_1943'>
				<Appearance USE='Material_124_IDX_124'/>
				<IndexedFaceSet solid="false" coordIndex='0 1 2 3 -1'>
					<Coordinate point='3.106550 1.846877 2.271261 2.485260 2.108610 2.416767 2.303831 1.796814 2.036442 2.861363 1.554781 1.913834'/>
				</IndexedFaceSet>
			</Shape>
			<Shape DEF='_IDX_1944'>
				<Appearance USE='Material_123_IDX_123'/>
				<IndexedFaceSet solid="false" coordIndex='0 1 2 3 -1'>
					<Coordinate point='3.387262 2.195397 2.647005 2.690659 2.481546 2.816583 2.485260 2.108610 2.416767 3.106550 1.846877 2.271261'/>
				</IndexedFaceSet>
			</Shape>
			<Shape DEF='_IDX_1945'>
				<Appearance USE='Material_122_IDX_122'/>
				<IndexedFaceSet solid="false" coordIndex='0 1 2 3 -1'>
					<Coordinate point='3.387262 2.195397 2.647005 2.690659 2.481546 2.816583 2.690659 2.481546 2.816583 3.387262 2.195397 2.647005'/>
				</IndexedFaceSet>
			</Shape>
			<Shape DEF='_IDX_1946'>
				<Appearance USE='Material_121_IDX_121'/>
				<IndexedFaceSet solid="false" coordIndex='0 1 2 3 -1'>
					<Coordinate point='3.843945 2.791968 3.206433 3.019835 3.120809 3.411850 2.690659 2.481546 2.816583 3.387262 2.195397 2.647005'/>
				</IndexedFaceSet>
			</Shape>
			<Shape DEF='_IDX_1947'>
				<Appearance USE='Material_120_IDX_120'/>
				<IndexedFaceSet solid="false" coordIndex='0 1 2 3 -1'>
					<Coordinate point='4.388219 3.545074 3.816027 3.404970 3.928198 4.060498 3.019835 3.120809 3.411850 3.843945 2.791968 3.206433'/>
				</IndexedFaceSet>
			</Shape>
			<Shape DEF='_IDX_1948'>
				<Appearance USE='Material_119_IDX_119'/>
				<IndexedFaceSet solid="false" coordIndex='0 1 2 3 -1'>
					<Coordinate point='5.035386 4.490980 4.485324 3.854306 4.942100 4.772673 3.404970 3.928198 4.060498 4.388219 3.545074 3.816027'/>
				</IndexedFaceSet>
			</Shape>
			<Shape DEF='_IDX_1949'>
				<Appearance USE='Material_118_IDX_118'/>
				<IndexedFaceSet solid="false" coordIndex='0 1 2 3 -1'>
					<Coordinate point='5.804787 5.674452 5.224796 4.378500 6.210018 5.559518 3.854306 4.942100 4.772673 5.035386 4.490980 4.485324'/>
				</IndexedFaceSet>
			</Shape>
			<Shape DEF='_IDX_1950'>
				<Appearance USE='Material_143_IDX_143'/>
				<IndexedFaceSet solid="false" coordIndex='0 1 2 3 -1'>
					<Coordinate point='1.729409 0.910239 0.323968 1.327743 1.074772 0.339400 1.298055 1.007280 -0.000000 1.682137 0.832039 -0.000000'/>
				</IndexedFaceSet>
			</Shape>
			<Shape DEF='_IDX_1951'>
				<Appearance USE='Material_142_IDX_142'/>
				<IndexedFaceSet solid="false" coordIndex='0 1 2 3 -1'>
					<Coordinate point='1.800224 1.016104 0.650550 1.375084 1.173630 0.681536 1.327743 1.074772 0.339400 1.729409 0.910239 0.323968'/>
				</IndexedFaceSet>
			</Shape>
			<Shape DEF='_IDX_1952'>
				<Appearance USE='Material_141_IDX_141'/>
				<IndexedFaceSet solid="false" coordIndex='0 1 2 3 -1'>
					<Coordinate point='1.893448 1.153115 0.982377 1.438314 1.306915 1.029169 1.375084 1.173630 0.681536 1.800224 1.016104 0.650550'/>
				</IndexedFaceSet>
			</Shape>
			<Shape DEF='_IDX_1953'>
				<Appearance USE='Material_140_IDX_140'/>
				<IndexedFaceSet solid="false" coordIndex='0 1 2 3 -1'>
					<Coordinate point='2.008470 1.325447 1.322128 1.516036 1.478482 1.385103 1.438314 1.306915 1.029169 1.893448 1.153115 0.982377'/>
				</IndexedFaceSet>
			</Shape>
			<Shape DEF='_IDX_1954'>
				<Appearance USE='Material_139_IDX_139'/>
				<IndexedFaceSet solid="false" coordIndex='0 1 2 3 -1'>
					<Coordinate point='2.145157 1.538059 1.672541 1.607167 1.693068 1.752206 1.516036 1.478482 1.385103 2.008470 1.325447 1.322128'/>
				</IndexedFaceSet>
			</Shape>
			<Shape DEF='_IDX_1955'>
				<Appearance USE='Material_138_IDX_138'/>
				<IndexedFaceSet solid="false" coordIndex='0 1 2 3 -1'>
					<Coordinate point='2.303831 1.796814 2.036442 1.710903 1.956394 2.133441 1.607167 1.693068 1.752206 2.145157 1.538059 1.672541'/>
				</IndexedFaceSet>
			</Shape>
			<Shape DEF='_IDX_1956'>
				<Appearance USE='Material_137_IDX_137'/>
				<IndexedFaceSet solid="false" coordIndex='0 1 2 3 -1'>
					<Coordinate point='2.485260 2.108610 2.416767 1.826680 2.275302 2.531882 1.710903 1.956394 2.133441 2.303831 1.796814 2.036442'/>
				</IndexedFaceSet>
			</Shape>
			<Shape DEF='_IDX_1957'>
				<Appearance USE='Material_136_IDX_136'/>
				<IndexedFaceSet solid="false" coordIndex='0 1 2 3 -1'>
					<Coordinate point='2.690659 2.481546 2.816583 1.954153 2.657910 2.950741 1.826680 2.275302 2.531882 2.485260 2.108610 2.416767'/>
				</IndexedFaceSet>
			</Shape>
			<Shape DEF='_IDX_1958'>
				<Appearance USE='Material_135_IDX_135'/>
				<IndexedFaceSet solid="false" coordIndex='0 1 2 3 -1'>
					<Coordinate point='2.690659 2.481546 2.816583 1.954153 2.657910 2.950741 1.954153 2.657910 2.950741 2.690659 2.481546 2.816583'/>
				</IndexedFaceSet>
			</Shape>
			<Shape DEF='_IDX_1959'>
				<Appearance USE='Material_134_IDX_134'/>
				<IndexedFaceSet solid="false" coordIndex='0 1 2 3 -1'>
					<Coordinate point='3.019835 3.120809 3.411850 2.150892 3.315089 3.574362 1.954153 2.657910 2.950741 2.690659 2.481546 2.816583'/>
				</IndexedFaceSet>
			</Shape>
			<Shape DEF='_IDX_1960'>
				<Appearance USE='Material_133_IDX_133'/>
				<IndexedFaceSet solid="false" coordIndex='0 1 2 3 -1'>
					<Coordinate point='3.404970 3.928198 4.060498 2.370287 4.146036 4.253905 2.150892 3.315089 3.574362 3.019835 3.120809 3.411850'/>
				</IndexedFaceSet>
			</Shape>
			<Shape DEF='_IDX_1961'>
				<Appearance USE='Material_132_IDX_132'/>
				<IndexedFaceSet solid="false" coordIndex='0 1 2 3 -1'>
					<Coordinate point='3.854306 4.942100 4.772673 2.613258 5.189910 5.000002 2.370287 4.146036 4.253905 3.404970 3.928198 4.060498'/>
				</IndexedFaceSet>
			</Shape>
			<Shape DEF='_IDX_1962'>
				<Appearance USE='Material_483_IDX_483'/>
				<IndexedFaceSet solid="false" coordIndex='0 1 2 3 -1'>
					<Coordinate point='4.378500 6.210018 5.559518 2.881433 6.495294 5.824326 2.613258 5.189910 5.000002 3.854306 4.942100 4.772673'/>
				</IndexedFaceSet>
			</Shape>
			<Shape DEF='_IDX_1963'>
				<Appearance USE='Material_156_IDX_156'/>
				<IndexedFaceSet solid="false" coordIndex='0 1 2 3 -1'>
					<Coordinate point='1.327743 1.074772 0.339400 0.898644 1.190555 0.350562 0.883142 1.137393 -0.000000 1.298055 1.007280 -0.000000'/>
				</IndexedFaceSet>
			</Shape>
			<Shape DEF='_IDX_1964'>
				<Appearance USE='Material_155_IDX_155'/>
				<IndexedFaceSet solid="false" coordIndex='0 1 2 3 -1'>
					<Coordinate point='1.375084 1.173630 0.681536 0.925247 1.277646 0.703952 0.898644 1.190555 0.350562 1.327743 1.074772 0.339400'/>
				</IndexedFaceSet>
			</Shape>
			<Shape DEF='_IDX_1965'>
				<Appearance USE='Material_154_IDX_154'/>
				<IndexedFaceSet solid="false" coordIndex='0 1 2 3 -1'>
					<Coordinate point='1.438314 1.306915 1.029169 0.960649 1.401209 1.063019 0.925247 1.277646 0.703952 1.375084 1.173630 0.681536'/>
				</IndexedFaceSet>
			</Shape>
			<Shape DEF='_IDX_1966'>
				<Appearance USE='Material_153_IDX_153'/>
				<IndexedFaceSet solid="false" coordIndex='0 1 2 3 -1'>
					<Coordinate point='1.516036 1.478482 1.385103 1.002745 1.564651 1.430659 0.960649 1.401209 1.063019 1.438314 1.306915 1.029169'/>
				</IndexedFaceSet>
			</Shape>
			<Shape DEF='_IDX_1967'>
				<Appearance USE='Material_152_IDX_152'/>
				<IndexedFaceSet solid="false" coordIndex='0 1 2 3 -1'>
					<Coordinate point='1.607167 1.693068 1.752206 1.049571 1.772314 1.809837 1.002745 1.564651 1.430659 1.516036 1.478482 1.385103'/>
				</IndexedFaceSet>
			</Shape>
			<Shape DEF='_IDX_1968'>
				<Appearance USE='Material_151_IDX_151'/>
				<IndexedFaceSet solid="false" coordIndex='0 1 2 3 -1'>
					<Coordinate point='1.710903 1.956394 2.133441 1.099240 2.029579 2.203610 1.049571 1.772314 1.809837 1.607167 1.693068 1.752206'/>
				</IndexedFaceSet>
			</Shape>
			<Shape DEF='_IDX_1969'>
				<Appearance USE='Material_150_IDX_150'/>
				<IndexedFaceSet solid="false" coordIndex='0 1 2 3 -1'>
					<Coordinate point='1.826680 2.275302 2.531882 1.149897 2.342982 2.615156 1.099240 2.029579 2.203610 1.710903 1.956394 2.133441'/>
				</IndexedFaceSet>
			</Shape>
			<Shape DEF='_IDX_1970'>
				<Appearance USE='Material_149_IDX_149'/>
				<IndexedFaceSet solid="false" coordIndex='0 1 2 3 -1'>
					<Coordinate point='1.954153 2.657910 2.950741 1.199663 2.720370 3.047792 1.149897 2.342982 2.615156 1.826680 2.275302 2.531882'/>
				</IndexedFaceSet>
			</Shape>
			<Shape DEF='_IDX_1971'>
				<Appearance USE='Material_148_IDX_148'/>
				<IndexedFaceSet solid="false" coordIndex='0 1 2 3 -1'>
					<Coordinate point='1.954153 2.657910 2.950741 1.199663 2.720370 3.047792 1.199663 2.720370 3.047792 1.954153 2.657910 2.950741'/>
				</IndexedFaceSet>
			</Shape>
			<Shape DEF='_IDX_1972'>
				<Appearance USE='Material_147_IDX_147'/>
				<IndexedFaceSet solid="false" coordIndex='0 1 2 3 -1'>
					<Coordinate point='2.150892 3.315089 3.574362 1.263780 3.370297 3.691924 1.199663 2.720370 3.047792 1.954153 2.657910 2.950741'/>
				</IndexedFaceSet>
			</Shape>
			<Shape DEF='_IDX_1973'>
				<Appearance USE='Material_146_IDX_146'/>
				<IndexedFaceSet solid="false" coordIndex='0 1 2 3 -1'>
					<Coordinate point='2.370287 4.146036 4.253905 1.316692 4.193456 4.393817 1.263780 3.370297 3.691924 2.150892 3.315089 3.574362'/>
				</IndexedFaceSet>
			</Shape>
			<Shape DEF='_IDX_1974'>
				<Appearance USE='Material_185_IDX_185'/>
				<IndexedFaceSet solid="false" coordIndex='0 1 2 3 -1'>
					<Coordinate point='2.613258 5.189910 5.000002 1.351994 5.228415 5.164454 1.316692 4.193456 4.393817 2.370287 4.146036 4.253905'/>
				</IndexedFaceSet>
			</Shape>
			<Shape DEF='_IDX_1975'>
				<Appearance USE='Material_184_IDX_184'/>
				<IndexedFaceSet solid="false" coordIndex='0 1 2 3 -1'>
					<Coordinate point='2.881433 6.495294 5.824326 1.362250 6.523148 6.015890 1.351994 5.228415 5.164454 2.613258 5.189910 5.000002'/>
				</IndexedFaceSet>
			</Shape>
			<Shape DEF='_IDX_1976'>
				<Appearance USE='Material_169_IDX_169'/>
				<IndexedFaceSet solid="false" coordIndex='0 1 2 3 -1'>
					<Coordinate point='0.898644 1.190555 0.350562 0.452293 1.253610 0.357317 0.446989 1.217478 -0.000000 0.883142 1.137393 -0.000000'/>
				</IndexedFaceSet>
			</Shape>
			<Shape DEF='_IDX_1977'>
				<Appearance USE='Material_168_IDX_168'/>
				<IndexedFaceSet solid="false" coordIndex='0 1 2 3 -1'>
					<Coordinate point='0.925247 1.277646 0.703952 0.461733 1.324977 0.717516 0.452293 1.253610 0.357317 0.898644 1.190555 0.350562'/>
				</IndexedFaceSet>
			</Shape>
			<Shape DEF='_IDX_1978'>
				<Appearance USE='Material_167_IDX_167'/>
				<IndexedFaceSet solid="false" coordIndex='0 1 2 3 -1'>
					<Coordinate point='0.960649 1.401209 1.063019 0.472572 1.433523 1.083501 0.461733 1.324977 0.717516 0.925247 1.277646 0.703952'/>
				</IndexedFaceSet>
			</Shape>
			<Shape DEF='_IDX_1979'>
				<Appearance USE='Material_166_IDX_166'/>
				<IndexedFaceSet solid="false" coordIndex='0 1 2 3 -1'>
					<Coordinate point='1.002745 1.564651 1.430659 0.482095 1.582088 1.458224 0.472572 1.433523 1.083501 0.960649 1.401209 1.063019'/>
				</IndexedFaceSet>
			</Shape>
			<Shape DEF='_IDX_1980'>
				<Appearance USE='Material_165_IDX_165'/>
				<IndexedFaceSet solid="false" coordIndex='0 1 2 3 -1'>
					<Coordinate point='1.049571 1.772314 1.809837 0.487541 1.774468 1.844708 0.482095 1.582088 1.458224 1.002745 1.564651 1.430659'/>
				</IndexedFaceSet>
			</Shape>
			<Shape DEF='_IDX_1981'>
				<Appearance USE='Material_164_IDX_164'/>
				<IndexedFaceSet solid="false" coordIndex='0 1 2 3 -1'>
					<Coordinate point='1.099240 2.029579 2.203610 0.486027 2.015508 2.246068 0.487541 1.774468 1.844708 1.049571 1.772314 1.809837'/>
				</IndexedFaceSet>
			</Shape>
			<Shape DEF='_IDX_1982'>
				<Appearance USE='Material_163_IDX_163'/>
				<IndexedFaceSet solid="false" coordIndex='0 1 2 3 -1'>
					<Coordinate point='1.149897 2.342982 2.615156 0.474482 2.311210 2.665543 0.486027 2.015508 2.246068 1.099240 2.029579 2.203610'/>
				</IndexedFaceSet>
			</Shape>
			<Shape DEF='_IDX_1983'>
				<Appearance USE='Material_162_IDX_162'/>
				<IndexedFaceSet solid="false" coordIndex='0 1 2 3 -1'>
					<Coordinate point='1.199663 2.720370 3.047792 0.449569 2.668870 3.106514 0.474482 2.311210 2.665543 1.149897 2.342982 2.615156'/>
				</IndexedFaceSet>
			</Shape>
			<Shape DEF='_IDX_1984'>
				<Appearance USE='Material_161_IDX_161'/>
				<IndexedFaceSet solid="false" coordIndex='0 1 2 3 -1'>
					<Coordinate point='1.199663 2.720370 3.047792 0.449569 2.668870 3.106514 0.449569 2.668870 3.106514 1.199663 2.720370 3.047792'/>
				</IndexedFaceSet>
			</Shape>
			<Shape DEF='_IDX_1985'>
				<Appearance USE='Material_160_IDX_160'/>
				<IndexedFaceSet solid="false" coordIndex='0 1 2 3 -1'>
					<Coordinate point='1.263780 3.370297 3.691924 0.385609 3.286869 3.763057 0.449569 2.668870 3.106514 1.199663 2.720370 3.047792'/>
				</IndexedFaceSet>
			</Shape>
			<Shape DEF='_IDX_1986'>
				<Appearance USE='Material_159_IDX_159'/>
				<IndexedFaceSet solid="false" coordIndex='0 1 2 3 -1'>
					<Coordinate point='1.316692 4.193456 4.393817 0.277162 4.071365 4.478475 0.385609 3.286869 3.763057 1.263780 3.370297 3.691924'/>
				</IndexedFaceSet>
			</Shape>
			<Shape DEF='_IDX_1987'>
				<Appearance USE='Material_158_IDX_158'/>
				<IndexedFaceSet solid="false" coordIndex='0 1 2 3 -1'>
					<Coordinate point='1.351994 5.228415 5.164454 0.110742 5.059006 5.263959 0.277162 4.071365 4.478475 1.316692 4.193456 4.393817'/>
				</IndexedFaceSet>
			</Shape>
			<Shape DEF='_IDX_1988'>
				<Appearance USE='Material_157_IDX_157'/>
				<IndexedFaceSet solid="false" coordIndex='0 1 2 3 -1'>
					<Coordinate point='1.362250 6.523148 6.015890 -0.129865 6.295503 6.131800 0.110742 5.059006 5.263959 1.351994 5.228415 5.164454'/>
				</IndexedFaceSet>
			</Shape>
			<Shape DEF='_IDX_1989'>
				<Appearance USE='Material_182_IDX_182'/>
				<IndexedFaceSet solid="false" coordIndex='0 1 2 3 -1'>
					<Coordinate point='0.452293 1.253610 0.357317 -0.000485 1.261911 0.359578 0.000009 1.244513 -0.000000 0.446989 1.217478 -0.000000'/>
				</IndexedFaceSet>
			</Shape>
			<Shape DEF='_IDX_1990'>
				<Appearance USE='Material_181_IDX_181'/>
				<IndexedFaceSet solid="false" coordIndex='0 1 2 3 -1'>
					<Coordinate point='0.461733 1.324977 0.717516 -0.003958 1.314529 0.722056 -0.000485 1.261911 0.359578 0.452293 1.253610 0.357317'/>
				</IndexedFaceSet>
			</Shape>
			<Shape DEF='_IDX_1991'>
				<Appearance USE='Material_180_IDX_180'/>
				<IndexedFaceSet solid="false" coordIndex='0 1 2 3 -1'>
					<Coordinate point='0.472572 1.433523 1.083501 -0.013468 1.403646 1.090357 -0.003958 1.314529 0.722056 0.461733 1.324977 0.717516'/>
				</IndexedFaceSet>
			</Shape>
			<Shape DEF='_IDX_1992'>
				<Appearance USE='Material_484_IDX_484'/>
				<IndexedFaceSet solid="false" coordIndex='0 1 2 3 -1'>
					<Coordinate point='0.482095 1.582088 1.458224 -0.032226 1.531432 1.467451 -0.013468 1.403646 1.090357 0.472572 1.433523 1.083501'/>
				</IndexedFaceSet>
			</Shape>
			<Shape DEF='_IDX_1993'>
				<Appearance USE='Material_178_IDX_178'/>
				<IndexedFaceSet solid="false" coordIndex='0 1 2 3 -1'>
					<Coordinate point='0.487541 1.774468 1.844708 -0.063682 1.701001 1.856380 -0.032226 1.531432 1.467451 0.482095 1.582088 1.458224'/>
				</IndexedFaceSet>
			</Shape>
			<Shape DEF='_IDX_1994'>
				<Appearance USE='Material_177_IDX_177'/>
				<IndexedFaceSet solid="false" coordIndex='0 1 2 3 -1'>
					<Coordinate point='0.486027 2.015508 2.246068 -0.111604 1.916487 2.260280 -0.063682 1.701001 1.856380 0.487541 1.774468 1.844708'/>
				</IndexedFaceSet>
			</Shape>
			<Shape DEF='_IDX_1995'>
				<Appearance USE='Material_176_IDX_176'/>
				<IndexedFaceSet solid="false" coordIndex='0 1 2 3 -1'>
					<Coordinate point='0.474482 2.311210 2.665543 -0.180165 2.183142 2.682409 -0.111604 1.916487 2.260280 0.486027 2.015508 2.246068'/>
				</IndexedFaceSet>
			</Shape>
			<Shape DEF='_IDX_1996'>
				<Appearance USE='Material_175_IDX_175'/>
				<IndexedFaceSet solid="false" coordIndex='0 1 2 3 -1'>
					<Coordinate point='0.449569 2.668870 3.106514 -0.274038 2.507458 3.126171 -0.180165 2.183142 2.682409 0.474482 2.311210 2.665543'/>
				</IndexedFaceSet>
			</Shape>
			<Shape DEF='_IDX_1997'>
				<Appearance USE='Material_174_IDX_174'/>
				<IndexedFaceSet solid="false" coordIndex='0 1 2 3 -1'>
					<Coordinate point='0.449569 2.668870 3.106514 -0.274038 2.507458 3.126171 -0.274038 2.507458 3.126171 0.449569 2.668870 3.106514'/>
				</IndexedFaceSet>
			</Shape>
			<Shape DEF='_IDX_1998'>
				<Appearance USE='Material_173_IDX_173'/>
				<IndexedFaceSet solid="false" coordIndex='0 1 2 3 -1'>
					<Coordinate point='0.385609 3.286869 3.763057 -0.456977 3.070199 3.786868 -0.274038 2.507458 3.126171 0.449569 2.668870 3.106514'/>
				</IndexedFaceSet>
			</Shape>
			<Shape DEF='_IDX_1999'>
				<Appearance USE='Material_172_IDX_172'/>
				<IndexedFaceSet solid="false" coordIndex='0 1 2 3 -1'>
					<Coordinate point='0.277162 4.071365 4.478475 -0.715986 3.786697 4.506813 -0.456977 3.070199 3.786868 0.385609 3.286869 3.763057'/>
				</IndexedFaceSet>
			</Shape>
			<Shape DEF='_IDX_2000'>
				<Appearance USE='Material_171_IDX_171'/>
				<IndexedFaceSet solid="false" coordIndex='0 1 2 3 -1'>
					<Coordinate point='0.110742 5.059006 5.263959 -1.071155 4.690423 5.297267 -0.715986 3.786697 4.506813 0.277162 4.071365 4.478475'/>
				</IndexedFaceSet>
			</Shape>
			<Shape DEF='_IDX_2001'>
				<Appearance USE='Material_170_IDX_170'/>
				<IndexedFaceSet solid="false" coordIndex='0 1 2 3 -1'>
					<Coordinate point='-0.129865 6.295503 6.131800 -1.546887 5.823270 6.170599 -1.071155 4.690423 5.297267 0.110742 5.059006 5.263959'/>
				</IndexedFaceSet>
			</Shape>
			<Shape DEF='_IDX_2002'>
				<Appearance USE='Material_182_IDX_182'/>
				<IndexedFaceSet solid="false" coordIndex='0 1 2 3 -1'>
					<Coordinate point='-0.000485 1.261911 0.359578 -0.448636 1.215484 0.357317 -0.446971 1.217478 -0.000000 0.000009 1.244513 -0.000000'/>
				</IndexedFaceSet>
			</Shape>
			<Shape DEF='_IDX_2003'>
				<Appearance USE='Material_181_IDX_181'/>
				<IndexedFaceSet solid="false" coordIndex='0 1 2 3 -1'>
					<Coordinate point='-0.003958 1.314529 0.722056 -0.460273 1.247363 0.717516 -0.448636 1.215484 0.357317 -0.000485 1.261911 0.359578'/>
				</IndexedFaceSet>
			</Shape>
			<Shape DEF='_IDX_2004'>
				<Appearance USE='Material_180_IDX_180'/>
				<IndexedFaceSet solid="false" coordIndex='0 1 2 3 -1'>
					<Coordinate point='-0.013468 1.403646 1.090357 -0.485138 1.313679 1.083501 -0.460273 1.247363 0.717516 -0.003958 1.314529 0.722056'/>
				</IndexedFaceSet>
			</Shape>
			<Shape DEF='_IDX_2005'>
				<Appearance USE='Material_484_IDX_484'/>
				<IndexedFaceSet solid="false" coordIndex='0 1 2 3 -1'>
					<Coordinate point='-0.032226 1.531432 1.467451 -0.526819 1.415849 1.458224 -0.485138 1.313679 1.083501 -0.013468 1.403646 1.090357'/>
				</IndexedFaceSet>
			</Shape>
			<Shape DEF='_IDX_2006'>
				<Appearance USE='Material_178_IDX_178'/>
				<IndexedFaceSet solid="false" coordIndex='0 1 2 3 -1'>
					<Coordinate point='-0.063682 1.701001 1.856380 -0.589321 1.556183 1.844708 -0.526819 1.415849 1.458224 -0.032226 1.531432 1.467451'/>
				</IndexedFaceSet>
			</Shape>
			<Shape DEF='_IDX_2007'>
				<Appearance USE='Material_177_IDX_177'/>
				<IndexedFaceSet solid="false" coordIndex='0 1 2 3 -1'>
					<Coordinate point='-0.111604 1.916487 2.260280 -0.677163 1.737952 2.246068 -0.589321 1.556183 1.844708 -0.063682 1.701001 1.856380'/>
				</IndexedFaceSet>
			</Shape>
			<Shape DEF='_IDX_2008'>
				<Appearance USE='Material_485_IDX_485'/>
				<IndexedFaceSet solid="false" coordIndex='0 1 2 3 -1'>
					<Coordinate point='-0.180165 2.183142 2.682409 -0.795473 1.965467 2.665543 -0.677163 1.737952 2.246068 -0.111604 1.916487 2.260280'/>
				</IndexedFaceSet>
			</Shape>
			<Shape DEF='_IDX_2009'>
				<Appearance USE='Material_175_IDX_175'/>
				<IndexedFaceSet solid="false" coordIndex='0 1 2 3 -1'>
					<Coordinate point='-0.274038 2.507458 3.126171 -0.950102 2.244188 3.106514 -0.795473 1.965467 2.665543 -0.180165 2.183142 2.682409'/>
				</IndexedFaceSet>
			</Shape>
			<Shape DEF='_IDX_2010'>
				<Appearance USE='Material_174_IDX_174'/>
				<IndexedFaceSet solid="false" coordIndex='0 1 2 3 -1'>
					<Coordinate point='-0.274038 2.507458 3.126171 -0.950102 2.244188 3.106514 -0.950102 2.244188 3.106514 -0.274038 2.507458 3.126171'/>
				</IndexedFaceSet>
			</Shape>
			<Shape DEF='_IDX_2011'>
				<Appearance USE='Material_173_IDX_173'/>
				<IndexedFaceSet solid="false" coordIndex='0 1 2 3 -1'>
					<Coordinate point='-0.456977 3.070199 3.786868 -1.238686 2.730494 3.763057 -0.950102 2.244188 3.106514 -0.274038 2.507458 3.126171'/>
				</IndexedFaceSet>
			</Shape>
			<Shape DEF='_IDX_2012'>
				<Appearance USE='Material_172_IDX_172'/>
				<IndexedFaceSet solid="false" coordIndex='0 1 2 3 -1'>
					<Coordinate point='-0.715986 3.786697 4.506813 -1.632179 3.352198 4.478475 -1.238686 2.730494 3.763057 -0.456977 3.070199 3.786868'/>
				</IndexedFaceSet>
			</Shape>
			<Shape DEF='_IDX_2013'>
				<Appearance USE='Material_171_IDX_171'/>
				<IndexedFaceSet solid="false" coordIndex='0 1 2 3 -1'>
					<Coordinate point='-1.071155 4.690423 5.297267 -2.156567 4.138469 5.263959 -1.632179 3.352198 4.478475 -0.715986 3.786697 4.506813'/>
				</IndexedFaceSet>
			</Shape>
			<Shape DEF='_IDX_2014'>
				<Appearance USE='Material_170_IDX_170'/>
				<IndexedFaceSet solid="false" coordIndex='0 1 2 3 -1'>
					<Coordinate point='-1.546887 5.823270 6.170599 -2.843576 5.125972 6.131800 -2.156567 4.138469 5.263959 -1.071155 4.690423 5.297267'/>
				</IndexedFaceSet>
			</Shape>
			<Shape DEF='_IDX_2015'>
				<Appearance USE='Material_169_IDX_169'/>
				<IndexedFaceSet solid="false" coordIndex='0 1 2 3 -1'>
					<Coordinate point='-0.448636 1.215484 0.357317 -0.881292 1.116423 0.350562 -0.883124 1.137393 0.000000 -0.446971 1.217478 -0.000000'/>
				</IndexedFaceSet>
			</Shape>
			<Shape DEF='_IDX_2016'>
				<Appearance USE='Material_168_IDX_168'/>
				<IndexedFaceSet solid="false" coordIndex='0 1 2 3 -1'>
					<Coordinate point='-0.460273 1.247363 0.717516 -0.896036 1.126690 0.703952 -0.881292 1.116423 0.350562 -0.448636 1.215484 0.357317'/>
				</IndexedFaceSet>
			</Shape>
			<Shape DEF='_IDX_2017'>
				<Appearance USE='Material_167_IDX_167'/>
				<IndexedFaceSet solid="false" coordIndex='0 1 2 3 -1'>
					<Coordinate point='-0.485138 1.313679 1.083501 -0.930683 1.168007 1.063019 -0.896036 1.126690 0.703952 -0.460273 1.247363 0.717516'/>
				</IndexedFaceSet>
			</Shape>
			<Shape DEF='_IDX_2018'>
				<Appearance USE='Material_166_IDX_166'/>
				<IndexedFaceSet solid="false" coordIndex='0 1 2 3 -1'>
					<Coordinate point='-0.526819 1.415849 1.458224 -0.989058 1.240971 1.430659 -0.930683 1.168007 1.063019 -0.485138 1.313679 1.083501'/>
				</IndexedFaceSet>
			</Shape>
			<Shape DEF='_IDX_2019'>
				<Appearance USE='Material_165_IDX_165'/>
				<IndexedFaceSet solid="false" coordIndex='0 1 2 3 -1'>
					<Coordinate point='-0.589321 1.556183 1.844708 -1.075582 1.346990 1.809837 -0.989058 1.240971 1.430659 -0.526819 1.415849 1.458224'/>
				</IndexedFaceSet>
			</Shape>
			<Shape DEF='_IDX_2020'>
				<Appearance USE='Material_164_IDX_164'/>
				<IndexedFaceSet solid="false" coordIndex='0 1 2 3 -1'>
					<Coordinate point='-0.677163 1.737952 2.246068 -1.195369 1.488340 2.203610 -1.075582 1.346990 1.809837 -0.589321 1.556183 1.844708'/>
				</IndexedFaceSet>
			</Shape>
			<Shape DEF='_IDX_2021'>
				<Appearance USE='Material_163_IDX_163'/>
				<IndexedFaceSet solid="false" coordIndex='0 1 2 3 -1'>
					<Coordinate point='-0.795473 1.965467 2.665543 -1.354332 1.668232 2.615156 -1.195369 1.488340 2.203610 -0.677163 1.737952 2.246068'/>
				</IndexedFaceSet>
			</Shape>
			<Shape DEF='_IDX_2022'>
				<Appearance USE='Material_162_IDX_162'/>
				<IndexedFaceSet solid="false" coordIndex='0 1 2 3 -1'>
					<Coordinate point='-0.950102 2.244188 3.106514 -1.559306 1.890894 3.047792 -1.354332 1.668232 2.615156 -0.795473 1.965467 2.665543'/>
				</IndexedFaceSet>
			</Shape>
			<Shape DEF='_IDX_2023'>
				<Appearance USE='Material_161_IDX_161'/>
				<IndexedFaceSet solid="false" coordIndex='0 1 2 3 -1'>
					<Coordinate point='-0.950102 2.244188 3.106514 -1.559306 1.890894 3.047792 -1.559306 1.890894 3.047792 -0.950102 2.244188 3.106514'/>
				</IndexedFaceSet>
			</Shape>
			<Shape DEF='_IDX_2024'>
				<Appearance USE='Material_160_IDX_160'/>
				<IndexedFaceSet solid="false" coordIndex='0 1 2 3 -1'>
					<Coordinate point='-1.238686 2.730494 3.763057 -1.936429 2.282460 3.691924 -1.559306 1.890894 3.047792 -0.950102 2.244188 3.106514'/>
				</IndexedFaceSet>
			</Shape>
			<Shape DEF='_IDX_2025'>
				<Appearance USE='Material_159_IDX_159'/>
				<IndexedFaceSet solid="false" coordIndex='0 1 2 3 -1'>
					<Coordinate point='-1.632179 3.352198 4.478475 -2.443602 2.786015 4.393817 -1.936429 2.282460 3.691924 -1.238686 2.730494 3.763057'/>
				</IndexedFaceSet>
			</Shape>
			<Shape DEF='_IDX_2026'>
				<Appearance USE='Material_158_IDX_158'/>
				<IndexedFaceSet solid="false" coordIndex='0 1 2 3 -1'>
					<Coordinate point='-2.156567 4.138469 5.263959 -3.111817 3.425469 5.164454 -2.443602 2.786015 4.393817 -1.632179 3.352198 4.478475'/>
				</IndexedFaceSet>
			</Shape>
			<Shape DEF='_IDX_2027'>
				<Appearance USE='Material_157_IDX_157'/>
				<IndexedFaceSet solid="false" coordIndex='0 1 2 3 -1'>
					<Coordinate point='-2.843576 5.125972 6.131800 -3.979002 4.231062 6.015890 -3.111817 3.425469 5.164454 -2.156567 4.138469 5.263959'/>
				</IndexedFaceSet>
			</Shape>
			<Shape DEF='_IDX_2028'>
				<Appearance USE='Material_156_IDX_156'/>
				<IndexedFaceSet solid="false" coordIndex='0 1 2 3 -1'>
					<Coordinate point='-0.881292 1.116423 0.350562 -1.288193 0.968825 0.339400 -1.298037 1.007280 -0.000000 -0.883124 1.137393 0.000000'/>
				</IndexedFaceSet>
			</Shape>
			<Shape DEF='_IDX_2029'>
				<Appearance USE='Material_155_IDX_155'/>
				<IndexedFaceSet solid="false" coordIndex='0 1 2 3 -1'>
					<Coordinate point='-0.896036 1.126690 0.703952 -1.300880 0.957776 0.681536 -1.288193 0.968825 0.339400 -0.881292 1.116423 0.350562'/>
				</IndexedFaceSet>
			</Shape>
			<Shape DEF='_IDX_2030'>
				<Appearance USE='Material_154_IDX_154'/>
				<IndexedFaceSet solid="false" coordIndex='0 1 2 3 -1'>
					<Coordinate point='-0.930683 1.168007 1.063019 -1.339360 0.973175 1.029169 -1.300880 0.957776 0.681536 -0.896036 1.126690 0.703952'/>
				</IndexedFaceSet>
			</Shape>
			<Shape DEF='_IDX_2031'>
				<Appearance USE='Material_153_IDX_153'/>
				<IndexedFaceSet solid="false" coordIndex='0 1 2 3 -1'>
					<Coordinate point='-0.989058 1.240971 1.430659 -1.407557 1.014746 1.385103 -1.339360 0.973175 1.029169 -0.930683 1.168007 1.063019'/>
				</IndexedFaceSet>
			</Shape>
			<Shape DEF='_IDX_2032'>
				<Appearance USE='Material_187_IDX_187'/>
				<IndexedFaceSet solid="false" coordIndex='0 1 2 3 -1'>
					<Coordinate point='-1.075582 1.346990 1.809837 -1.510153 1.082918 1.752206 -1.407557 1.014746 1.385103 -0.989058 1.240971 1.430659'/>
				</IndexedFaceSet>
			</Shape>
			<Shape DEF='_IDX_2033'>
				<Appearance USE='Material_151_IDX_151'/>
				<IndexedFaceSet solid="false" coordIndex='0 1 2 3 -1'>
					<Coordinate point='-1.195369 1.488340 2.203610 -1.652688 1.178865 2.133441 -1.510153 1.082918 1.752206 -1.075582 1.346990 1.809837'/>
				</IndexedFaceSet>
			</Shape>
			<Shape DEF='_IDX_2034'>
				<Appearance USE='Material_150_IDX_150'/>
				<IndexedFaceSet solid="false" coordIndex='0 1 2 3 -1'>
					<Coordinate point='-1.354332 1.668232 2.615156 -1.841674 1.304562 2.531882 -1.652688 1.178865 2.133441 -1.195369 1.488340 2.203610'/>
				</IndexedFaceSet>
			</Shape>
			<Shape DEF='_IDX_2035'>
				<Appearance USE='Material_149_IDX_149'/>
				<IndexedFaceSet solid="false" coordIndex='0 1 2 3 -1'>
					<Coordinate point='-1.559306 1.890894 3.047792 -2.084716 1.462851 2.950741 -1.841674 1.304562 2.531882 -1.354332 1.668232 2.615156'/>
				</IndexedFaceSet>
			</Shape>
			<Shape DEF='_IDX_2036'>
				<Appearance USE='Material_148_IDX_148'/>
				<IndexedFaceSet solid="false" coordIndex='0 1 2 3 -1'>
					<Coordinate point='-1.559306 1.890894 3.047792 -2.084716 1.462851 2.950741 -2.084716 1.462851 2.950741 -1.559306 1.890894 3.047792'/>
				</IndexedFaceSet>
			</Shape>
			<Shape DEF='_IDX_2037'>
				<Appearance USE='Material_147_IDX_147'/>
				<IndexedFaceSet solid="false" coordIndex='0 1 2 3 -1'>
					<Coordinate point='-1.936429 2.282460 3.691924 -2.530069 1.744849 3.574362 -2.084716 1.462851 2.950741 -1.559306 1.890894 3.047792'/>
				</IndexedFaceSet>
			</Shape>
			<Shape DEF='_IDX_2038'>
				<Appearance USE='Material_186_IDX_186'/>
				<IndexedFaceSet solid="false" coordIndex='0 1 2 3 -1'>
					<Coordinate point='-2.443602 2.786015 4.393817 -3.126113 2.111100 4.253905 -2.530069 1.744849 3.574362 -1.936429 2.282460 3.691924'/>
				</IndexedFaceSet>
			</Shape>
			<Shape DEF='_IDX_2039'>
				<Appearance USE='Material_185_IDX_185'/>
				<IndexedFaceSet solid="false" coordIndex='0 1 2 3 -1'>
					<Coordinate point='-3.111817 3.425469 5.164454 -3.907793 2.579520 5.000002 -3.126113 2.111100 4.253905 -2.443602 2.786015 4.393817'/>
				</IndexedFaceSet>
			</Shape>
			<Shape DEF='_IDX_2040'>
				<Appearance USE='Material_184_IDX_184'/>
				<IndexedFaceSet solid="false" coordIndex='0 1 2 3 -1'>
					<Coordinate point='-3.979002 4.231062 6.015890 -4.917916 3.172974 5.824326 -3.907793 2.579520 5.000002 -3.111817 3.425469 5.164454'/>
				</IndexedFaceSet>
			</Shape>
			<Shape DEF='_IDX_2041'>
				<Appearance USE='Material_143_IDX_143'/>
				<IndexedFaceSet solid="false" coordIndex='0 1 2 3 -1'>
					<Coordinate point='-1.288193 0.968825 0.339400 -1.660093 0.778645 0.323968 -1.682119 0.832039 0.000000 -1.298037 1.007280 -0.000000'/>
				</IndexedFaceSet>
			</Shape>
			<Shape DEF='_IDX_2042'>
				<Appearance USE='Material_142_IDX_142'/>
				<IndexedFaceSet solid="false" coordIndex='0 1 2 3 -1'>
					<Coordinate point='-1.300880 0.957776 0.681536 -1.665655 0.747775 0.650550 -1.660093 0.778645 0.323968 -1.288193 0.968825 0.339400'/>
				</IndexedFaceSet>
			</Shape>
			<Shape DEF='_IDX_2043'>
				<Appearance USE='Material_141_IDX_141'/>
				<IndexedFaceSet solid="false" coordIndex='0 1 2 3 -1'>
					<Coordinate point='-1.339360 0.973175 1.029169 -1.701870 0.737695 0.982377 -1.665655 0.747775 0.650550 -1.300880 0.957776 0.681536'/>
				</IndexedFaceSet>
			</Shape>
			<Shape DEF='_IDX_2044'>
				<Appearance USE='Material_140_IDX_140'/>
				<IndexedFaceSet solid="false" coordIndex='0 1 2 3 -1'>
					<Coordinate point='-1.407557 1.014746 1.385103 -1.772611 0.747219 1.322128 -1.701870 0.737695 0.982377 -1.339360 0.973175 1.029169'/>
				</IndexedFaceSet>
			</Shape>
			<Shape DEF='_IDX_2045'>
				<Appearance USE='Material_139_IDX_139'/>
				<IndexedFaceSet solid="false" coordIndex='0 1 2 3 -1'>
					<Coordinate point='-1.510153 1.082918 1.752206 -1.882661 0.775729 1.672541 -1.772611 0.747219 1.322128 -1.407557 1.014746 1.385103'/>
				</IndexedFaceSet>
			</Shape>
			<Shape DEF='_IDX_2046'>
				<Appearance USE='Material_138_IDX_138'/>
				<IndexedFaceSet solid="false" coordIndex='0 1 2 3 -1'>
					<Coordinate point='-1.652688 1.178865 2.133441 -2.037815 0.823209 2.036442 -1.882661 0.775729 1.672541 -1.510153 1.082918 1.752206'/>
				</IndexedFaceSet>
			</Shape>
			<Shape DEF='_IDX_2047'>
				<Appearance USE='Material_137_IDX_137'/>
				<IndexedFaceSet solid="false" coordIndex='0 1 2 3 -1'>
					<Coordinate point='-1.841674 1.304562 2.531882 -2.244990 0.890296 2.416767 -2.037815 0.823209 2.036442 -1.652688 1.178865 2.133441'/>
				</IndexedFaceSet>
			</Shape>
			<Shape DEF='_IDX_2048'>
				<Appearance USE='Material_136_IDX_136'/>
				<IndexedFaceSet solid="false" coordIndex='0 1 2 3 -1'>
					<Coordinate point='-2.084716 1.462851 2.950741 -2.512344 0.978329 2.816583 -2.244990 0.890296 2.416767 -1.841674 1.304562 2.531882'/>
				</IndexedFaceSet>
			</Shape>
			<Shape DEF='_IDX_2049'>
				<Appearance USE='Material_189_IDX_189'/>
				<IndexedFaceSet solid="false" coordIndex='0 1 2 3 -1'>
					<Coordinate point='-2.084716 1.462851 2.950741 -2.512344 0.978329 2.816583 -2.512344 0.978329 2.816583 -2.084716 1.462851 2.950741'/>
				</IndexedFaceSet>
			</Shape>
			<Shape DEF='_IDX_2050'>
				<Appearance USE='Material_188_IDX_188'/>
				<IndexedFaceSet solid="false" coordIndex='0 1 2 3 -1'>
					<Coordinate point='-2.530069 1.744849 3.574362 -3.003071 1.139882 3.411850 -2.512344 0.978329 2.816583 -2.084716 1.462851 2.950741'/>
				</IndexedFaceSet>
			</Shape>
			<Shape DEF='_IDX_2051'>
				<Appearance USE='Material_133_IDX_133'/>
				<IndexedFaceSet solid="false" coordIndex='0 1 2 3 -1'>
					<Coordinate point='-3.126113 2.111100 4.253905 -3.660005 1.354468 4.060498 -3.003071 1.139882 3.411850 -2.530069 1.744849 3.574362'/>
				</IndexedFaceSet>
			</Shape>
			<Shape DEF='_IDX_2052'>
				<Appearance USE='Material_132_IDX_132'/>
				<IndexedFaceSet solid="false" coordIndex='0 1 2 3 -1'>
					<Coordinate point='-3.907793 2.579520 5.000002 -4.520886 1.633523 4.772673 -3.660005 1.354468 4.060498 -3.126113 2.111100 4.253905'/>
				</IndexedFaceSet>
			</Shape>
			<Shape DEF='_IDX_2053'>
				<Appearance USE='Material_131_IDX_131'/>
				<IndexedFaceSet solid="false" coordIndex='0 1 2 3 -1'>
					<Coordinate point='-4.917916 3.172974 5.824326 -5.631903 1.991911 5.559518 -4.520886 1.633523 4.772673 -3.907793 2.579520 5.000002'/>
				</IndexedFaceSet>
			</Shape>
			<Shape DEF='_IDX_2054'>
				<Appearance USE='Material_130_IDX_130'/>
				<IndexedFaceSet solid="false" coordIndex='0 1 2 3 -1'>
					<Coordinate point='-1.660093 0.778645 0.323968 -1.989137 0.553465 0.304463 -2.026979 0.618239 0.000000 -1.682119 0.832039 0.000000'/>
				</IndexedFaceSet>
			</Shape>
			<Shape DEF='_IDX_2055'>
				<Appearance USE='Material_129_IDX_129'/>
				<IndexedFaceSet solid="false" coordIndex='0 1 2 3 -1'>
					<Coordinate point='-1.665655 0.747775 0.650550 -1.982821 0.505481 0.611382 -1.989137 0.553465 0.304463 -1.660093 0.778645 0.323968'/>
				</IndexedFaceSet>
			</Shape>
			<Shape DEF='_IDX_2056'>
				<Appearance USE='Material_128_IDX_128'/>
				<IndexedFaceSet solid="false" coordIndex='0 1 2 3 -1'>
					<Coordinate point='-1.701870 0.737695 0.982377 -2.010753 0.471781 0.923231 -1.982821 0.505481 0.611382 -1.665655 0.747775 0.650550'/>
				</IndexedFaceSet>
			</Shape>
			<Shape DEF='_IDX_2057'>
				<Appearance USE='Material_127_IDX_127'/>
				<IndexedFaceSet solid="false" coordIndex='0 1 2 3 -1'>
					<Coordinate point='-1.772611 0.747219 1.322128 -2.076603 0.450237 1.242526 -2.010753 0.471781 0.923231 -1.701870 0.737695 0.982377'/>
				</IndexedFaceSet>
			</Shape>
			<Shape DEF='_IDX_2058'>
				<Appearance USE='Material_126_IDX_126'/>
				<IndexedFaceSet solid="false" coordIndex='0 1 2 3 -1'>
					<Coordinate point='-1.882661 0.775729 1.672541 -2.185091 0.439125 1.571842 -2.076603 0.450237 1.242526 -1.772611 0.747219 1.322128'/>
				</IndexedFaceSet>
			</Shape>
			<Shape DEF='_IDX_2059'>
				<Appearance USE='Material_191_IDX_191'/>
				<IndexedFaceSet solid="false" coordIndex='0 1 2 3 -1'>
					<Coordinate point='-2.037815 0.823209 2.036442 -2.342096 0.437162 1.913834 -2.185091 0.439125 1.571842 -1.882661 0.775729 1.672541'/>
				</IndexedFaceSet>
			</Shape>
			<Shape DEF='_IDX_2060'>
				<Appearance USE='Material_124_IDX_124'/>
				<IndexedFaceSet solid="false" coordIndex='0 1 2 3 -1'>
					<Coordinate point='-2.244990 0.890296 2.416767 -2.554762 0.443563 2.271261 -2.342096 0.437162 1.913834 -2.037815 0.823209 2.036442'/>
				</IndexedFaceSet>
			</Shape>
			<Shape DEF='_IDX_2061'>
				<Appearance USE='Material_123_IDX_123'/>
				<IndexedFaceSet solid="false" coordIndex='0 1 2 3 -1'>
					<Coordinate point='-2.512344 0.978329 2.816583 -2.831591 0.458086 2.647005 -2.554762 0.443563 2.271261 -2.244990 0.890296 2.416767'/>
				</IndexedFaceSet>
			</Shape>
			<Shape DEF='_IDX_2062'>
				<Appearance USE='Material_122_IDX_122'/>
				<IndexedFaceSet solid="false" coordIndex='0 1 2 3 -1'>
					<Coordinate point='-2.512344 0.978329 2.816583 -2.831591 0.458086 2.647005 -2.831591 0.458086 2.647005 -2.512344 0.978329 2.816583'/>
				</IndexedFaceSet>
			</Shape>
			<Shape DEF='_IDX_2063'>
				<Appearance USE='Material_121_IDX_121'/>
				<IndexedFaceSet solid="false" coordIndex='0 1 2 3 -1'>
					<Coordinate point='-3.003071 1.139882 3.411850 -3.342992 0.492573 3.206433 -2.831591 0.458086 2.647005 -2.512344 0.978329 2.816583'/>
				</IndexedFaceSet>
			</Shape>
			<Shape DEF='_IDX_2064'>
				<Appearance USE='Material_120_IDX_120'/>
				<IndexedFaceSet solid="false" coordIndex='0 1 2 3 -1'>
					<Coordinate point='-3.660005 1.354468 4.060498 -4.030595 0.546305 3.816027 -3.342992 0.492573 3.206433 -3.003071 1.139882 3.411850'/>
				</IndexedFaceSet>
			</Shape>
			<Shape DEF='_IDX_2065'>
				<Appearance USE='Material_119_IDX_119'/>
				<IndexedFaceSet solid="false" coordIndex='0 1 2 3 -1'>
					<Coordinate point='-4.520886 1.633523 4.772673 -4.933710 0.624064 4.485324 -4.030595 0.546305 3.816027 -3.660005 1.354468 4.060498'/>
				</IndexedFaceSet>
			</Shape>
			<Shape DEF='_IDX_2066'>
				<Appearance USE='Material_118_IDX_118'/>
				<IndexedFaceSet solid="false" coordIndex='0 1 2 3 -1'>
					<Coordinate point='-5.631903 1.991911 5.559518 -6.100282 0.732432 5.224796 -4.933710 0.624064 4.485324 -4.520886 1.633523 4.772673'/>
				</IndexedFaceSet>
			</Shape>
			<Shape DEF='_IDX_2067'>
				<Appearance USE='Material_117_IDX_117'/>
				<IndexedFaceSet solid="false" coordIndex='0 1 2 3 -1'>
					<Coordinate point='-1.989137 0.553465 0.304463 -2.269218 0.302184 0.281129 -2.325775 0.373830 0.000000 -2.026979 0.618239 0.000000'/>
				</IndexedFaceSet>
			</Shape>
			<Shape DEF='_IDX_2068'>
				<Appearance USE='Material_116_IDX_116'/>
				<IndexedFaceSet solid="false" coordIndex='0 1 2 3 -1'>
					<Coordinate point='-1.982821 0.505481 0.611382 -2.246804 0.241001 0.564526 -2.269218 0.302184 0.281129 -1.989137 0.553465 0.304463'/>
				</IndexedFaceSet>
			</Shape>
			<Shape DEF='_IDX_2069'>
				<Appearance USE='Material_115_IDX_115'/>
				<IndexedFaceSet solid="false" coordIndex='0 1 2 3 -1'>
					<Coordinate point='-2.010753 0.471781 0.923231 -2.260760 0.187010 0.852475 -2.246804 0.241001 0.564526 -1.982821 0.505481 0.611382'/>
				</IndexedFaceSet>
			</Shape>
			<Shape DEF='_IDX_2070'>
				<Appearance USE='Material_114_IDX_114'/>
				<IndexedFaceSet solid="false" coordIndex='0 1 2 3 -1'>
					<Coordinate point='-2.076603 0.450237 1.242526 -2.314380 0.137108 1.147299 -2.260760 0.187010 0.852475 -2.010753 0.471781 0.923231'/>
				</IndexedFaceSet>
			</Shape>
			<Shape DEF='_IDX_2071'>
				<Appearance USE='Material_113_IDX_113'/>
				<IndexedFaceSet solid="false" coordIndex='0 1 2 3 -1'>
					<Coordinate point='-2.185091 0.439125 1.571842 -2.412155 0.088395 1.451376 -2.314380 0.137108 1.147299 -2.076603 0.450237 1.242526'/>
				</IndexedFaceSet>
			</Shape>
			<Shape DEF='_IDX_2072'>
				<Appearance USE='Material_112_IDX_112'/>
				<IndexedFaceSet solid="false" coordIndex='0 1 2 3 -1'>
					<Coordinate point='-2.342096 0.437162 1.913834 -2.559891 0.038235 1.767158 -2.412155 0.088395 1.451376 -2.185091 0.439125 1.571842'/>
				</IndexedFaceSet>
			</Shape>
			<Shape DEF='_IDX_2073'>
				<Appearance USE='Material_111_IDX_111'/>
				<IndexedFaceSet solid="false" coordIndex='0 1 2 3 -1'>
					<Coordinate point='-2.554762 0.443563 2.271261 -2.764799 -0.015664 2.097192 -2.559891 0.038235 1.767158 -2.342096 0.437162 1.913834'/>
				</IndexedFaceSet>
			</Shape>
			<Shape DEF='_IDX_2074'>
				<Appearance USE='Material_192_IDX_192'/>
				<IndexedFaceSet solid="false" coordIndex='0 1 2 3 -1'>
					<Coordinate point='-2.831591 0.458086 2.647005 -3.035565 -0.075174 2.444139 -2.764799 -0.015664 2.097192 -2.554762 0.443563 2.271261'/>
				</IndexedFaceSet>
			</Shape>
			<Shape DEF='_IDX_2075'>
				<Appearance USE='Material_109_IDX_109'/>
				<IndexedFaceSet solid="false" coordIndex='0 1 2 3 -1'>
					<Coordinate point='-2.831591 0.458086 2.647005 -3.035565 -0.075174 2.444139 -3.035565 -0.075174 2.444139 -2.831591 0.458086 2.647005'/>
				</IndexedFaceSet>
			</Shape>
			<Shape DEF='_IDX_2076'>
				<Appearance USE='Material_108_IDX_108'/>
				<IndexedFaceSet solid="false" coordIndex='0 1 2 3 -1'>
					<Coordinate point='-3.342992 0.492573 3.206433 -3.541801 -0.169993 2.960693 -3.035565 -0.075174 2.444139 -2.831591 0.458086 2.647005'/>
				</IndexedFaceSet>
			</Shape>
			<Shape DEF='_IDX_2077'>
				<Appearance USE='Material_107_IDX_107'/>
				<IndexedFaceSet solid="false" coordIndex='0 1 2 3 -1'>
					<Coordinate point='-4.030595 0.546305 3.816027 -4.228584 -0.280998 3.523568 -3.541801 -0.169993 2.960693 -3.342992 0.492573 3.206433'/>
				</IndexedFaceSet>
			</Shape>
			<Shape DEF='_IDX_2078'>
				<Appearance USE='Material_106_IDX_106'/>
				<IndexedFaceSet solid="false" coordIndex='0 1 2 3 -1'>
					<Coordinate point='-4.933710 0.624064 4.485324 -5.135565 -0.409861 4.141571 -4.228584 -0.280998 3.523568 -4.030595 0.546305 3.816027'/>
				</IndexedFaceSet>
			</Shape>
			<Shape DEF='_IDX_2079'>
				<Appearance USE='Material_105_IDX_105'/>
				<IndexedFaceSet solid="false" coordIndex='0 1 2 3 -1'>
					<Coordinate point='-6.100282 0.732432 5.224796 -6.310726 -0.558138 4.824369 -5.135565 -0.409861 4.141571 -4.933710 0.624064 4.485324'/>
				</IndexedFaceSet>
			</Shape>
			<Shape DEF='_IDX_2080'>
				<Appearance USE='Material_104_IDX_104'/>
				<IndexedFaceSet solid="false" coordIndex='0 1 2 3 -1'>
					<Coordinate point='-2.269218 0.302184 0.281129 -2.496282 0.034617 0.254260 -2.573505 0.107756 0.000000 -2.325775 0.373830 0.000000'/>
				</IndexedFaceSet>
			</Shape>
			<Shape DEF='_IDX_2081'>
				<Appearance USE='Material_103_IDX_103'/>
				<IndexedFaceSet solid="false" coordIndex='0 1 2 3 -1'>
					<Coordinate point='-2.246804 0.241001 0.564526 -2.454336 -0.034655 0.510570 -2.496282 0.034617 0.254260 -2.269218 0.302184 0.281129'/>
				</IndexedFaceSet>
			</Shape>
			<Shape DEF='_IDX_2082'>
				<Appearance USE='Material_102_IDX_102'/>
				<IndexedFaceSet solid="false" coordIndex='0 1 2 3 -1'>
					<Coordinate point='-2.260760 0.187010 0.852475 -2.449210 -0.104084 0.770999 -2.454336 -0.034655 0.510570 -2.246804 0.241001 0.564526'/>
				</IndexedFaceSet>
			</Shape>
			<Shape DEF='_IDX_2083'>
				<Appearance USE='Material_101_IDX_101'/>
				<IndexedFaceSet solid="false" coordIndex='0 1 2 3 -1'>
					<Coordinate point='-2.314380 0.137108 1.147299 -2.483624 -0.177792 1.037645 -2.449210 -0.104084 0.770999 -2.260760 0.187010 0.852475'/>
				</IndexedFaceSet>
			</Shape>
			<Shape DEF='_IDX_2084'>
				<Appearance USE='Material_100_IDX_100'/>
				<IndexedFaceSet solid="false" coordIndex='0 1 2 3 -1'>
					<Coordinate point='-2.412155 0.088395 1.451376 -2.561653 -0.259959 1.312659 -2.483624 -0.177792 1.037645 -2.314380 0.137108 1.147299'/>
				</IndexedFaceSet>
			</Shape>
			<Shape DEF='_IDX_2085'>
				<Appearance USE='Material_195_IDX_195'/>
				<IndexedFaceSet solid="false" coordIndex='0 1 2 3 -1'>
					<Coordinate point='-2.559891 0.038235 1.767158 -2.688875 -0.354712 1.598260 -2.561653 -0.259959 1.312659 -2.412155 0.088395 1.451376'/>
				</IndexedFaceSet>
			</Shape>
			<Shape DEF='_IDX_2086'>
				<Appearance USE='Material_98_IDX_98'/>
				<IndexedFaceSet solid="false" coordIndex='0 1 2 3 -1'>
					<Coordinate point='-2.764799 -0.015664 2.097192 -2.872472 -0.465971 1.896750 -2.688875 -0.354712 1.598260 -2.559891 0.038235 1.767158'/>
				</IndexedFaceSet>
			</Shape>
			<Shape DEF='_IDX_2087'>
				<Appearance USE='Material_97_IDX_97'/>
				<IndexedFaceSet solid="false" coordIndex='0 1 2 3 -1'>
					<Coordinate point='-3.035565 -0.075174 2.444139 -3.121241 -0.597295 2.210537 -2.872472 -0.465971 1.896750 -2.764799 -0.015664 2.097192'/>
				</IndexedFaceSet>
			</Shape>
			<Shape DEF='_IDX_2088'>
				<Appearance USE='Material_96_IDX_96'/>
				<IndexedFaceSet solid="false" coordIndex='0 1 2 3 -1'>
					<Coordinate point='-3.035565 -0.075174 2.444139 -3.121241 -0.597295 2.210537 -3.121241 -0.597295 2.210537 -3.035565 -0.075174 2.444139'/>
				</IndexedFaceSet>
			</Shape>
			<Shape DEF='_IDX_2089'>
				<Appearance USE='Material_95_IDX_95'/>
				<IndexedFaceSet solid="false" coordIndex='0 1 2 3 -1'>
					<Coordinate point='-3.541801 -0.169993 2.960693 -3.595962 -0.819404 2.677720 -3.121241 -0.597295 2.210537 -3.035565 -0.075174 2.444139'/>
				</IndexedFaceSet>
			</Shape>
			<Shape DEF='_IDX_2090'>
				<Appearance USE='Material_194_IDX_194'/>
				<IndexedFaceSet solid="false" coordIndex='0 1 2 3 -1'>
					<Coordinate point='-4.228584 -0.280998 3.523568 -4.250156 -1.093900 3.186798 -3.595962 -0.819404 2.677720 -3.541801 -0.169993 2.960693'/>
				</IndexedFaceSet>
			</Shape>
			<Shape DEF='_IDX_2091'>
				<Appearance USE='Material_93_IDX_93'/>
				<IndexedFaceSet solid="false" coordIndex='0 1 2 3 -1'>
					<Coordinate point='-5.135565 -0.409861 4.141571 -5.122622 -1.428225 3.745734 -4.250156 -1.093900 3.186798 -4.228584 -0.280998 3.523568'/>
				</IndexedFaceSet>
			</Shape>
			<Shape DEF='_IDX_2092'>
				<Appearance USE='Material_92_IDX_92'/>
				<IndexedFaceSet solid="false" coordIndex='0 1 2 3 -1'>
					<Coordinate point='-6.310726 -0.558138 4.824369 -6.259555 -1.831448 4.363273 -5.122622 -1.428225 3.745734 -5.135565 -0.409861 4.141571'/>
				</IndexedFaceSet>
			</Shape>
			<Shape DEF='_IDX_2093'>
				<Appearance USE='Material_91_IDX_91'/>
				<IndexedFaceSet solid="false" coordIndex='0 1 2 3 -1'>
					<Coordinate point='-2.496282 0.034617 0.254260 -2.668582 -0.239018 0.224193 -2.767234 -0.170521 0.000000 -2.573505 0.107756 0.000000'/>
				</IndexedFaceSet>
			</Shape>
			<Shape DEF='_IDX_2094'>
				<Appearance USE='Material_90_IDX_90'/>
				<IndexedFaceSet solid="false" coordIndex='0 1 2 3 -1'>
					<Coordinate point='-2.454336 -0.034655 0.510570 -2.604749 -0.310106 0.450194 -2.668582 -0.239018 0.224193 -2.496282 0.034617 0.254260'/>
				</IndexedFaceSet>
			</Shape>
			<Shape DEF='_IDX_2095'>
				<Appearance USE='Material_89_IDX_89'/>
				<IndexedFaceSet solid="false" coordIndex='0 1 2 3 -1'>
					<Coordinate point='-2.449210 -0.104084 0.770999 -2.576347 -0.388519 0.679826 -2.604749 -0.310106 0.450194 -2.454336 -0.034655 0.510570'/>
				</IndexedFaceSet>
			</Shape>
			<Shape DEF='_IDX_2096'>
				<Appearance USE='Material_198_IDX_198'/>
				<IndexedFaceSet solid="false" coordIndex='0 1 2 3 -1'>
					<Coordinate point='-2.483624 -0.177792 1.037645 -2.585248 -0.479465 0.914941 -2.576347 -0.388519 0.679826 -2.449210 -0.104084 0.770999'/>
				</IndexedFaceSet>
			</Shape>
			<Shape DEF='_IDX_2097'>
				<Appearance USE='Material_87_IDX_87'/>
				<IndexedFaceSet solid="false" coordIndex='0 1 2 3 -1'>
					<Coordinate point='-2.561653 -0.259959 1.312659 -2.634851 -0.588582 1.157434 -2.585248 -0.479465 0.914941 -2.483624 -0.177792 1.037645'/>
				</IndexedFaceSet>
			</Shape>
			<Shape DEF='_IDX_2098'>
				<Appearance USE='Material_486_IDX_486'/>
				<IndexedFaceSet solid="false" coordIndex='0 1 2 3 -1'>
					<Coordinate point='-2.688875 -0.354712 1.598260 -2.730346 -0.721753 1.409262 -2.634851 -0.588582 1.157434 -2.561653 -0.259959 1.312659'/>
				</IndexedFaceSet>
			</Shape>
			<Shape DEF='_IDX_2099'>
				<Appearance USE='Material_85_IDX_85'/>
				<IndexedFaceSet solid="false" coordIndex='0 1 2 3 -1'>
					<Coordinate point='-2.872472 -0.465971 1.896750 -2.878865 -0.884785 1.672455 -2.730346 -0.721753 1.409262 -2.688875 -0.354712 1.598260'/>
				</IndexedFaceSet>
			</Shape>
			<Shape DEF='_IDX_2100'>
				<Appearance USE='Material_84_IDX_84'/>
				<IndexedFaceSet solid="false" coordIndex='0 1 2 3 -1'>
					<Coordinate point='-3.121241 -0.597295 2.210537 -3.089429 -1.083053 1.949136 -2.878865 -0.884785 1.672455 -2.872472 -0.465971 1.896750'/>
				</IndexedFaceSet>
			</Shape>
			<Shape DEF='_IDX_2101'>
				<Appearance USE='Material_83_IDX_83'/>
				<IndexedFaceSet solid="false" coordIndex='0 1 2 3 -1'>
					<Coordinate point='-3.121241 -0.597295 2.210537 -3.089429 -1.083053 1.949136 -3.089429 -1.083053 1.949136 -3.121241 -0.597295 2.210537'/>
				</IndexedFaceSet>
			</Shape>
			<Shape DEF='_IDX_2102'>
				<Appearance USE='Material_82_IDX_82'/>
				<IndexedFaceSet solid="false" coordIndex='0 1 2 3 -1'>
					<Coordinate point='-3.595962 -0.819404 2.677720 -3.506225 -1.426595 2.361074 -3.089429 -1.083053 1.949136 -3.121241 -0.597295 2.210537'/>
				</IndexedFaceSet>
			</Shape>
			<Shape DEF='_IDX_2103'>
				<Appearance USE='Material_197_IDX_197'/>
				<IndexedFaceSet solid="false" coordIndex='0 1 2 3 -1'>
					<Coordinate point='-4.250156 -1.093900 3.186798 -4.096748 -1.858801 2.809952 -3.506225 -1.426595 2.361074 -3.595962 -0.819404 2.677720'/>
				</IndexedFaceSet>
			</Shape>
			<Shape DEF='_IDX_2104'>
				<Appearance USE='Material_80_IDX_80'/>
				<IndexedFaceSet solid="false" coordIndex='0 1 2 3 -1'>
					<Coordinate point='-5.122622 -1.428225 3.745734 -4.897782 -2.391464 3.302792 -4.096748 -1.858801 2.809952 -4.250156 -1.093900 3.186798'/>
				</IndexedFaceSet>
			</Shape>
			<Shape DEF='_IDX_2105'>
				<Appearance USE='Material_196_IDX_196'/>
				<IndexedFaceSet solid="false" coordIndex='0 1 2 3 -1'>
					<Coordinate point='-6.259555 -1.831448 4.363273 -5.951721 -3.039957 3.847306 -4.897782 -2.391464 3.302792 -5.122622 -1.428225 3.745734'/>
				</IndexedFaceSet>
			</Shape>
			<Shape DEF='_IDX_2106'>
				<Appearance USE='Material_78_IDX_78'/>
				<IndexedFaceSet solid="false" coordIndex='0 1 2 3 -1'>
					<Coordinate point='-2.668582 -0.239018 0.224193 -2.786839 -0.508747 0.191307 -2.906200 -0.451600 0.000000 -2.767234 -0.170521 0.000000'/>
				</IndexedFaceSet>
			</Shape>
			<Shape DEF='_IDX_2107'>
				<Appearance USE='Material_203_IDX_203'/>
				<IndexedFaceSet solid="false" coordIndex='0 1 2 3 -1'>
					<Coordinate point='-2.604749 -0.310106 0.450194 -2.700235 -0.574278 0.384157 -2.786839 -0.508747 0.191307 -2.668582 -0.239018 0.224193'/>
				</IndexedFaceSet>
			</Shape>
			<Shape DEF='_IDX_2108'>
				<Appearance USE='Material_76_IDX_76'/>
				<IndexedFaceSet solid="false" coordIndex='0 1 2 3 -1'>
					<Coordinate point='-2.576347 -0.388519 0.679826 -2.645727 -0.653530 0.580105 -2.700235 -0.574278 0.384157 -2.604749 -0.310106 0.450194'/>
				</IndexedFaceSet>
			</Shape>
			<Shape DEF='_IDX_2109'>
				<Appearance USE='Material_202_IDX_202'/>
				<IndexedFaceSet solid="false" coordIndex='0 1 2 3 -1'>
					<Coordinate point='-2.585248 -0.479465 0.914941 -2.623898 -0.752847 0.780731 -2.645727 -0.653530 0.580105 -2.576347 -0.388519 0.679826'/>
				</IndexedFaceSet>
			</Shape>
			<Shape DEF='_IDX_2110'>
				<Appearance USE='Material_201_IDX_201'/>
				<IndexedFaceSet solid="false" coordIndex='0 1 2 3 -1'>
					<Coordinate point='-2.634851 -0.588582 1.157434 -2.637029 -0.879611 0.987654 -2.623898 -0.752847 0.780731 -2.585248 -0.479465 0.914941'/>
				</IndexedFaceSet>
			</Shape>
			<Shape DEF='_IDX_2111'>
				<Appearance USE='Material_73_IDX_73'/>
				<IndexedFaceSet solid="false" coordIndex='0 1 2 3 -1'>
					<Coordinate point='-2.730346 -0.721753 1.409262 -2.689638 -1.041994 1.202542 -2.637029 -0.879611 0.987654 -2.634851 -0.588582 1.157434'/>
				</IndexedFaceSet>
			</Shape>
			<Shape DEF='_IDX_2112'>
				<Appearance USE='Material_72_IDX_72'/>
				<IndexedFaceSet solid="false" coordIndex='0 1 2 3 -1'>
					<Coordinate point='-2.878865 -0.884785 1.672455 -2.788886 -1.248325 1.427128 -2.689638 -1.041994 1.202542 -2.730346 -0.721753 1.409262'/>
				</IndexedFaceSet>
			</Shape>
			<Shape DEF='_IDX_2113'>
				<Appearance USE='Material_487_IDX_487'/>
				<IndexedFaceSet solid="false" coordIndex='0 1 2 3 -1'>
					<Coordinate point='-3.089429 -1.083053 1.949136 -2.944499 -1.506187 1.663223 -2.788886 -1.248325 1.427128 -2.878865 -0.884785 1.672455'/>
				</IndexedFaceSet>
			</Shape>
			<Shape DEF='_IDX_2114'>
				<Appearance USE='Material_70_IDX_70'/>
				<IndexedFaceSet solid="false" coordIndex='0 1 2 3 -1'>
					<Coordinate point='-3.089429 -1.083053 1.949136 -2.944499 -1.506187 1.663223 -2.944499 -1.506187 1.663223 -3.089429 -1.083053 1.949136'/>
				</IndexedFaceSet>
			</Shape>
			<Shape DEF='_IDX_2115'>
				<Appearance USE='Material_69_IDX_69'/>
				<IndexedFaceSet solid="false" coordIndex='0 1 2 3 -1'>
					<Coordinate point='-3.506225 -1.426595 2.361074 -3.276974 -1.962403 2.014735 -2.944499 -1.506187 1.663223 -3.089429 -1.083053 1.949136'/>
				</IndexedFaceSet>
			</Shape>
			<Shape DEF='_IDX_2116'>
				<Appearance USE='Material_200_IDX_200'/>
				<IndexedFaceSet solid="false" coordIndex='0 1 2 3 -1'>
					<Coordinate point='-4.096748 -1.858801 2.809952 -3.774384 -2.543218 2.397769 -3.276974 -1.962403 2.014735 -3.506225 -1.426595 2.361074'/>
				</IndexedFaceSet>
			</Shape>
			<Shape DEF='_IDX_2117'>
				<Appearance USE='Material_199_IDX_199'/>
				<IndexedFaceSet solid="false" coordIndex='0 1 2 3 -1'>
					<Coordinate point='-4.897782 -2.391464 3.302792 -4.470218 -3.262118 2.818316 -3.774384 -2.543218 2.397769 -4.096748 -1.858801 2.809952'/>
				</IndexedFaceSet>
			</Shape>
			<Shape DEF='_IDX_2118'>
				<Appearance USE='Material_66_IDX_66'/>
				<IndexedFaceSet solid="false" coordIndex='0 1 2 3 -1'>
					<Coordinate point='-5.951721 -3.039957 3.847306 -5.400507 -4.138899 3.282957 -4.470218 -3.262118 2.818316 -4.897782 -2.391464 3.302792'/>
				</IndexedFaceSet>
			</Shape>
			<Shape DEF='_IDX_2119'>
				<Appearance USE='Material_65_IDX_65'/>
				<IndexedFaceSet solid="false" coordIndex='0 1 2 3 -1'>
					<Coordinate point='-2.786839 -0.508747 0.191307 -2.854233 -0.765659 0.156015 -2.991755 -0.726829 0.000000 -2.906200 -0.451600 0.000000'/>
				</IndexedFaceSet>
			</Shape>
			<Shape DEF='_IDX_2120'>
				<Appearance USE='Material_64_IDX_64'/>
				<IndexedFaceSet solid="false" coordIndex='0 1 2 3 -1'>
					<Coordinate point='-2.700235 -0.574278 0.384157 -2.745988 -0.817359 0.313288 -2.854233 -0.765659 0.156015 -2.786839 -0.508747 0.191307'/>
				</IndexedFaceSet>
			</Shape>
			<Shape DEF='_IDX_2121'>
				<Appearance USE='Material_63_IDX_63'/>
				<IndexedFaceSet solid="false" coordIndex='0 1 2 3 -1'>
					<Coordinate point='-2.645727 -0.653530 0.580105 -2.664621 -0.887564 0.473088 -2.745988 -0.817359 0.313288 -2.700235 -0.574278 0.384157'/>
				</IndexedFaceSet>
			</Shape>
			<Shape DEF='_IDX_2122'>
				<Appearance USE='Material_208_IDX_208'/>
				<IndexedFaceSet solid="false" coordIndex='0 1 2 3 -1'>
					<Coordinate point='-2.623898 -0.752847 0.780731 -2.608693 -0.983646 0.636703 -2.664621 -0.887564 0.473088 -2.645727 -0.653530 0.580105'/>
				</IndexedFaceSet>
			</Shape>
			<Shape DEF='_IDX_2123'>
				<Appearance USE='Material_207_IDX_207'/>
				<IndexedFaceSet solid="false" coordIndex='0 1 2 3 -1'>
					<Coordinate point='-2.637029 -0.879611 0.987654 -2.578451 -1.115075 0.805453 -2.608693 -0.983646 0.636703 -2.623898 -0.752847 0.780731'/>
				</IndexedFaceSet>
			</Shape>
			<Shape DEF='_IDX_2124'>
				<Appearance USE='Material_60_IDX_60'/>
				<IndexedFaceSet solid="false" coordIndex='0 1 2 3 -1'>
					<Coordinate point='-2.689638 -1.041994 1.202542 -2.576984 -1.293332 0.980699 -2.578451 -1.115075 0.805453 -2.637029 -0.879611 0.987654'/>
				</IndexedFaceSet>
			</Shape>
			<Shape DEF='_IDX_2125'>
				<Appearance USE='Material_59_IDX_59'/>
				<IndexedFaceSet solid="false" coordIndex='0 1 2 3 -1'>
					<Coordinate point='-2.788886 -1.248325 1.427128 -2.611504 -1.530841 1.163854 -2.576984 -1.293332 0.980699 -2.689638 -1.041994 1.202542'/>
				</IndexedFaceSet>
			</Shape>
			<Shape DEF='_IDX_2126'>
				<Appearance USE='Material_58_IDX_58'/>
				<IndexedFaceSet solid="false" coordIndex='0 1 2 3 -1'>
					<Coordinate point='-2.944499 -1.506187 1.663223 -2.693702 -1.838699 1.356395 -2.611504 -1.530841 1.163854 -2.788886 -1.248325 1.427128'/>
				</IndexedFaceSet>
			</Shape>
			<Shape DEF='_IDX_2127'>
				<Appearance USE='Material_57_IDX_57'/>
				<IndexedFaceSet solid="false" coordIndex='0 1 2 3 -1'>
					<Coordinate point='-2.944499 -1.506187 1.663223 -2.693702 -1.838699 1.356395 -2.693702 -1.838699 1.356395 -2.944499 -1.506187 1.663223'/>
				</IndexedFaceSet>
			</Shape>
			<Shape DEF='_IDX_2128'>
				<Appearance USE='Material_206_IDX_206'/>
				<IndexedFaceSet solid="false" coordIndex='0 1 2 3 -1'>
					<Coordinate point='-3.276974 -1.962403 2.014735 -2.914757 -2.397884 1.643061 -2.693702 -1.838699 1.356395 -2.944499 -1.506187 1.663223'/>
				</IndexedFaceSet>
			</Shape>
			<Shape DEF='_IDX_2129'>
				<Appearance USE='Material_55_IDX_55'/>
				<IndexedFaceSet solid="false" coordIndex='0 1 2 3 -1'>
					<Coordinate point='-3.774384 -2.543218 2.397769 -3.292424 -3.117215 1.955433 -2.914757 -2.397884 1.643061 -3.276974 -1.962403 2.014735'/>
				</IndexedFaceSet>
			</Shape>
			<Shape DEF='_IDX_2130'>
				<Appearance USE='Material_205_IDX_205'/>
				<IndexedFaceSet solid="false" coordIndex='0 1 2 3 -1'>
					<Coordinate point='-4.470218 -3.262118 2.818316 -3.854630 -4.006760 2.298398 -3.292424 -3.117215 1.955433 -3.774384 -2.543218 2.397769'/>
				</IndexedFaceSet>
			</Shape>
			<Shape DEF='_IDX_2131'>
				<Appearance USE='Material_204_IDX_204'/>
				<IndexedFaceSet solid="false" coordIndex='0 1 2 3 -1'>
					<Coordinate point='-5.400507 -4.138899 3.282957 -4.627051 -5.088348 2.677323 -3.854630 -4.006760 2.298398 -4.470218 -3.262118 2.818316'/>
				</IndexedFaceSet>
			</Shape>
			<Shape DEF='_IDX_2132'>
				<Appearance USE='Material_52_IDX_52'/>
				<IndexedFaceSet solid="false" coordIndex='0 1 2 3 -1'>
					<Coordinate point='-2.854233 -0.765659 0.156015 -2.876086 -1.002897 0.118761 -3.027034 -0.989034 0.000000 -2.991755 -0.726829 0.000000'/>
				</IndexedFaceSet>
			</Shape>
			<Shape DEF='_IDX_2133'>
				<Appearance USE='Material_51_IDX_51'/>
				<IndexedFaceSet solid="false" coordIndex='0 1 2 3 -1'>
					<Coordinate point='-2.745988 -0.817359 0.313288 -2.750057 -1.032118 0.238480 -2.876086 -1.002897 0.118761 -2.854233 -0.765659 0.156015'/>
				</IndexedFaceSet>
			</Shape>
			<Shape DEF='_IDX_2134'>
				<Appearance USE='Material_50_IDX_50'/>
				<IndexedFaceSet solid="false" coordIndex='0 1 2 3 -1'>
					<Coordinate point='-2.664621 -0.887564 0.473088 -2.644309 -1.081900 0.360122 -2.750057 -1.032118 0.238480 -2.745988 -0.817359 0.313288'/>
				</IndexedFaceSet>
			</Shape>
			<Shape DEF='_IDX_2135'>
				<Appearance USE='Material_49_IDX_49'/>
				<IndexedFaceSet solid="false" coordIndex='0 1 2 3 -1'>
					<Coordinate point='-2.608693 -0.983646 0.636703 -2.554298 -1.159970 0.484668 -2.644309 -1.081900 0.360122 -2.664621 -0.887564 0.473088'/>
				</IndexedFaceSet>
			</Shape>
			<Shape DEF='_IDX_2136'>
				<Appearance USE='Material_48_IDX_48'/>
				<IndexedFaceSet solid="false" coordIndex='0 1 2 3 -1'>
					<Coordinate point='-2.578451 -1.115075 0.805453 -2.476351 -1.277798 0.613123 -2.554298 -1.159970 0.484668 -2.608693 -0.983646 0.636703'/>
				</IndexedFaceSet>
			</Shape>
			<Shape DEF='_IDX_2137'>
				<Appearance USE='Material_47_IDX_47'/>
				<IndexedFaceSet solid="false" coordIndex='0 1 2 3 -1'>
					<Coordinate point='-2.576984 -1.293332 0.980699 -2.409765 -1.451697 0.746523 -2.476351 -1.277798 0.613123 -2.578451 -1.115075 0.805453'/>
				</IndexedFaceSet>
			</Shape>
			<Shape DEF='_IDX_2138'>
				<Appearance USE='Material_46_IDX_46'/>
				<IndexedFaceSet solid="false" coordIndex='0 1 2 3 -1'>
					<Coordinate point='-2.611504 -1.530841 1.163854 -2.360694 -1.702108 0.885944 -2.409765 -1.451697 0.746523 -2.576984 -1.293332 0.980699'/>
				</IndexedFaceSet>
			</Shape>
			<Shape DEF='_IDX_2139'>
				<Appearance USE='Material_45_IDX_45'/>
				<IndexedFaceSet solid="false" coordIndex='0 1 2 3 -1'>
					<Coordinate point='-2.693702 -1.838699 1.356395 -2.345632 -2.048193 1.032509 -2.360694 -1.702108 0.885944 -2.611504 -1.530841 1.163854'/>
				</IndexedFaceSet>
			</Shape>
			<Shape DEF='_IDX_2140'>
				<Appearance USE='Material_44_IDX_44'/>
				<IndexedFaceSet solid="false" coordIndex='0 1 2 3 -1'>
					<Coordinate point='-2.693702 -1.838699 1.356395 -2.345632 -2.048193 1.032509 -2.345632 -2.048193 1.032509 -2.693702 -1.838699 1.356395'/>
				</IndexedFaceSet>
			</Shape>
			<Shape DEF='_IDX_2141'>
				<Appearance USE='Material_43_IDX_43'/>
				<IndexedFaceSet solid="false" coordIndex='0 1 2 3 -1'>
					<Coordinate point='-2.914757 -2.397884 1.643061 -2.424994 -2.704462 1.250723 -2.345632 -2.048193 1.032509 -2.693702 -1.838699 1.356395'/>
				</IndexedFaceSet>
			</Shape>
			<Shape DEF='_IDX_2142'>
				<Appearance USE='Material_42_IDX_42'/>
				<IndexedFaceSet solid="false" coordIndex='0 1 2 3 -1'>
					<Coordinate point='-3.292424 -3.117215 1.955433 -2.661515 -3.555719 1.488506 -2.424994 -2.704462 1.250723 -2.914757 -2.397884 1.643061'/>
				</IndexedFaceSet>
			</Shape>
			<Shape DEF='_IDX_2143'>
				<Appearance USE='Material_209_IDX_209'/>
				<IndexedFaceSet solid="false" coordIndex='0 1 2 3 -1'>
					<Coordinate point='-3.854630 -4.006760 2.298398 -3.070519 -4.598497 1.749576 -2.661515 -3.555719 1.488506 -3.292424 -3.117215 1.955433'/>
				</IndexedFaceSet>
			</Shape>
			<Shape DEF='_IDX_2144'>
				<Appearance USE='Material_40_IDX_40'/>
				<IndexedFaceSet solid="false" coordIndex='0 1 2 3 -1'>
					<Coordinate point='-4.627051 -5.088348 2.677323 -3.659944 -5.855374 2.038020 -3.070519 -4.598497 1.749576 -3.854630 -4.006760 2.298398'/>
				</IndexedFaceSet>
			</Shape>
			<Shape DEF='_IDX_2145'>
				<Appearance USE='Material_39_IDX_39'/>
				<IndexedFaceSet solid="false" coordIndex='0 1 2 3 -1'>
					<Coordinate point='-2.876086 -1.002897 0.118761 -2.858985 -1.216672 0.080014 -3.016250 -1.233155 0.000000 -3.027034 -0.989034 0.000000'/>
				</IndexedFaceSet>
			</Shape>
			<Shape DEF='_IDX_2146'>
				<Appearance USE='Material_38_IDX_38'/>
				<IndexedFaceSet solid="false" coordIndex='0 1 2 3 -1'>
					<Coordinate point='-2.750057 -1.032118 0.238480 -2.722442 -1.215581 0.160673 -2.858985 -1.216672 0.080014 -2.876086 -1.002897 0.118761'/>
				</IndexedFaceSet>
			</Shape>
			<Shape DEF='_IDX_2147'>
				<Appearance USE='Material_37_IDX_37'/>
				<IndexedFaceSet solid="false" coordIndex='0 1 2 3 -1'>
					<Coordinate point='-2.644309 -1.081900 0.360122 -2.599625 -1.233288 0.242627 -2.722442 -1.215581 0.160673 -2.750057 -1.032118 0.238480'/>
				</IndexedFaceSet>
			</Shape>
			<Shape DEF='_IDX_2148'>
				<Appearance USE='Material_36_IDX_36'/>
				<IndexedFaceSet solid="false" coordIndex='0 1 2 3 -1'>
					<Coordinate point='-2.554298 -1.159970 0.484668 -2.481913 -1.275893 0.326539 -2.599625 -1.233288 0.242627 -2.644309 -1.081900 0.360122'/>
				</IndexedFaceSet>
			</Shape>
			<Shape DEF='_IDX_2149'>
				<Appearance USE='Material_35_IDX_35'/>
				<IndexedFaceSet solid="false" coordIndex='0 1 2 3 -1'>
					<Coordinate point='-2.476351 -1.277798 0.613123 -2.358737 -1.354633 0.413083 -2.481913 -1.275893 0.326539 -2.554298 -1.159970 0.484668'/>
				</IndexedFaceSet>
			</Shape>
			<Shape DEF='_IDX_2150'>
				<Appearance USE='Material_34_IDX_34'/>
				<IndexedFaceSet solid="false" coordIndex='0 1 2 3 -1'>
					<Coordinate point='-2.409765 -1.451697 0.746523 -2.219090 -1.490509 0.502960 -2.358737 -1.354633 0.413083 -2.476351 -1.277798 0.613123'/>
				</IndexedFaceSet>
			</Shape>
			<Shape DEF='_IDX_2151'>
				<Appearance USE='Material_33_IDX_33'/>
				<IndexedFaceSet solid="false" coordIndex='0 1 2 3 -1'>
					<Coordinate point='-2.360694 -1.702108 0.885944 -2.059861 -1.720099 0.596892 -2.219090 -1.490509 0.502960 -2.409765 -1.451697 0.746523'/>
				</IndexedFaceSet>
			</Shape>
			<Shape DEF='_IDX_2152'>
				<Appearance USE='Material_213_IDX_213'/>
				<IndexedFaceSet solid="false" coordIndex='0 1 2 3 -1'>
					<Coordinate point='-2.345632 -2.048193 1.032509 -1.905994 -2.089020 0.695639 -2.059861 -1.720099 0.596892 -2.360694 -1.702108 0.885944'/>
				</IndexedFaceSet>
			</Shape>
			<Shape DEF='_IDX_2153'>
				<Appearance USE='Material_212_IDX_212'/>
				<IndexedFaceSet solid="false" coordIndex='0 1 2 3 -1'>
					<Coordinate point='-2.345632 -2.048193 1.032509 -1.905994 -2.089020 0.695639 -1.905994 -2.089020 0.695639 -2.345632 -2.048193 1.032509'/>
				</IndexedFaceSet>
			</Shape>
			<Shape DEF='_IDX_2154'>
				<Appearance USE='Material_211_IDX_211'/>
				<IndexedFaceSet solid="false" coordIndex='0 1 2 3 -1'>
					<Coordinate point='-2.424994 -2.704462 1.250723 -1.803711 -2.855277 0.842658 -1.905994 -2.089020 0.695639 -2.345632 -2.048193 1.032509'/>
				</IndexedFaceSet>
			</Shape>
			<Shape DEF='_IDX_2155'>
				<Appearance USE='Material_29_IDX_29'/>
				<IndexedFaceSet solid="false" coordIndex='0 1 2 3 -1'>
					<Coordinate point='-2.661515 -3.555719 1.488506 -1.891207 -3.843618 1.002860 -1.803711 -2.855277 0.842658 -2.424994 -2.704462 1.250723'/>
				</IndexedFaceSet>
			</Shape>
			<Shape DEF='_IDX_2156'>
				<Appearance USE='Material_210_IDX_210'/>
				<IndexedFaceSet solid="false" coordIndex='0 1 2 3 -1'>
					<Coordinate point='-3.070519 -4.598497 1.749576 -2.142399 -5.020305 1.178753 -1.891207 -3.843618 1.002860 -2.661515 -3.555719 1.488506'/>
				</IndexedFaceSet>
			</Shape>
			<Shape DEF='_IDX_2157'>
				<Appearance USE='Material_27_IDX_27'/>
				<IndexedFaceSet solid="false" coordIndex='0 1 2 3 -1'>
					<Coordinate point='-3.659944 -5.855374 2.038020 -2.535298 -6.416002 1.373088 -2.142399 -5.020305 1.178753 -3.070519 -4.598497 1.749576'/>
				</IndexedFaceSet>
			</Shape>
			<Shape DEF='_IDX_2158'>
				<Appearance USE='Material_26_IDX_26'/>
				<IndexedFaceSet solid="false" coordIndex='0 1 2 3 -1'>
					<Coordinate point='-2.858985 -1.216672 0.080014 -2.809176 -1.406867 0.040260 -2.963627 -1.456503 -0.000000 -3.016250 -1.233155 0.000000'/>
				</IndexedFaceSet>
			</Shape>
			<Shape DEF='_IDX_2159'>
				<Appearance USE='Material_25_IDX_25'/>
				<IndexedFaceSet solid="false" coordIndex='0 1 2 3 -1'>
					<Coordinate point='-2.722442 -1.215581 0.160673 -2.672838 -1.370511 0.080845 -2.809176 -1.406867 0.040260 -2.858985 -1.216672 0.080014'/>
				</IndexedFaceSet>
			</Shape>
			<Shape DEF='_IDX_2160'>
				<Appearance USE='Material_24_IDX_24'/>
				<IndexedFaceSet solid="false" coordIndex='0 1 2 3 -1'>
					<Coordinate point='-2.599625 -1.233288 0.242627 -2.546243 -1.347358 0.122081 -2.672838 -1.370511 0.080845 -2.722442 -1.215581 0.160673'/>
				</IndexedFaceSet>
			</Shape>
			<Shape DEF='_IDX_2161'>
				<Appearance USE='Material_23_IDX_23'/>
				<IndexedFaceSet solid="false" coordIndex='0 1 2 3 -1'>
					<Coordinate point='-2.481913 -1.275893 0.326539 -2.417568 -1.338443 0.164302 -2.546243 -1.347358 0.122081 -2.599625 -1.233288 0.242627'/>
				</IndexedFaceSet>
			</Shape>
			<Shape DEF='_IDX_2162'>
				<Appearance USE='Material_217_IDX_217'/>
				<IndexedFaceSet solid="false" coordIndex='0 1 2 3 -1'>
					<Coordinate point='-2.358737 -1.354633 0.413083 -2.268473 -1.347790 0.207849 -2.417568 -1.338443 0.164302 -2.481913 -1.275893 0.326539'/>
				</IndexedFaceSet>
			</Shape>
			<Shape DEF='_IDX_2163'>
				<Appearance USE='Material_21_IDX_21'/>
				<IndexedFaceSet solid="false" coordIndex='0 1 2 3 -1'>
					<Coordinate point='-2.219090 -1.490509 0.502960 -2.068247 -1.388941 0.253071 -2.268473 -1.347790 0.207849 -2.358737 -1.354633 0.413083'/>
				</IndexedFaceSet>
			</Shape>
			<Shape DEF='_IDX_2164'>
				<Appearance USE='Material_216_IDX_216'/>
				<IndexedFaceSet solid="false" coordIndex='0 1 2 3 -1'>
					<Coordinate point='-2.059861 -1.720099 0.596892 -1.767791 -1.510489 0.300335 -2.068247 -1.388941 0.253071 -2.219090 -1.490509 0.502960'/>
				</IndexedFaceSet>
			</Shape>
			<Shape DEF='_IDX_2165'>
				<Appearance USE='Material_19_IDX_19'/>
				<IndexedFaceSet solid="false" coordIndex='0 1 2 3 -1'>
					<Coordinate point='-1.905994 -2.089020 0.695639 -1.359643 -1.863725 0.350020 -1.767791 -1.510489 0.300335 -2.059861 -1.720099 0.596892'/>
				</IndexedFaceSet>
			</Shape>
			<Shape DEF='_IDX_2166'>
				<Appearance USE='Material_18_IDX_18'/>
				<IndexedFaceSet solid="false" coordIndex='0 1 2 3 -1'>
					<Coordinate point='-1.905994 -2.089020 0.695639 -1.359643 -1.863725 0.350020 -1.359643 -1.863725 0.350020 -1.905994 -2.089020 0.695639'/>
				</IndexedFaceSet>
			</Shape>
			<Shape DEF='_IDX_2167'>
				<Appearance USE='Material_17_IDX_17'/>
				<IndexedFaceSet solid="false" coordIndex='0 1 2 3 -1'>
					<Coordinate point='-1.803711 -2.855277 0.842658 -1.015920 -2.840337 0.423995 -1.359643 -1.863725 0.350020 -1.905994 -2.089020 0.695639'/>
				</IndexedFaceSet>
			</Shape>
			<Shape DEF='_IDX_2168'>
				<Appearance USE='Material_16_IDX_16'/>
				<IndexedFaceSet solid="false" coordIndex='0 1 2 3 -1'>
					<Coordinate point='-1.891207 -3.843618 1.002860 -0.992129 -3.987271 0.504603 -1.015920 -2.840337 0.423995 -1.803711 -2.855277 0.842658'/>
				</IndexedFaceSet>
			</Shape>
			<Shape DEF='_IDX_2169'>
				<Appearance USE='Material_215_IDX_215'/>
				<IndexedFaceSet solid="false" coordIndex='0 1 2 3 -1'>
					<Coordinate point='-2.142399 -5.020305 1.178753 -1.102993 -5.268176 0.593106 -0.992129 -3.987271 0.504603 -1.891207 -3.843618 1.002860'/>
				</IndexedFaceSet>
			</Shape>
			<Shape DEF='_IDX_2170'>
				<Appearance USE='Material_214_IDX_214'/>
				<IndexedFaceSet solid="false" coordIndex='0 1 2 3 -1'>
					<Coordinate point='-2.535298 -6.416002 1.373088 -1.297544 -6.756104 0.690888 -1.102993 -5.268176 0.593106 -2.142399 -5.020305 1.178753'/>
				</IndexedFaceSet>
			</Shape>
			<Shape DEF='_IDX_2171'>
				<Appearance USE='Material_13_IDX_13'/>
				<IndexedFaceSet solid="false" coordIndex='0 1 2 3 -1'>
					<Coordinate point='-2.809176 -1.406867 0.040260 -2.730502 -1.576467 0.000000 -2.872214 -1.658284 0.000000 -2.963627 -1.456503 -0.000000'/>
				</IndexedFaceSet>
			</Shape>
			<Shape DEF='_IDX_2172'>
				<Appearance USE='Material_12_IDX_12'/>
				<IndexedFaceSet solid="false" coordIndex='0 1 2 3 -1'>
					<Coordinate point='-2.672838 -1.370511 0.080845 -2.606944 -1.505130 0.000000 -2.730502 -1.576467 0.000000 -2.809176 -1.406867 0.040260'/>
				</IndexedFaceSet>
			</Shape>
			<Shape DEF='_IDX_2173'>
				<Appearance USE='Material_11_IDX_11'/>
				<IndexedFaceSet solid="false" coordIndex='0 1 2 3 -1'>
					<Coordinate point='-2.546243 -1.347358 0.122081 -2.494106 -1.439983 0.000000 -2.606944 -1.505130 0.000000 -2.672838 -1.370511 0.080845'/>
				</IndexedFaceSet>
			</Shape>
			<Shape DEF='_IDX_2174'>
				<Appearance USE='Material_10_IDX_10'/>
				<IndexedFaceSet solid="false" coordIndex='0 1 2 3 -1'>
					<Coordinate point='-2.417568 -1.338443 0.164302 -2.381269 -1.374837 -0.000000 -2.494106 -1.439983 0.000000 -2.546243 -1.347358 0.122081'/>
				</IndexedFaceSet>
			</Shape>
			<Shape DEF='_IDX_2175'>
				<Appearance USE='Material_9_IDX_9'/>
				<IndexedFaceSet solid="false" coordIndex='0 1 2 3 -1'>
					<Coordinate point='-2.268473 -1.347790 0.207849 -2.250885 -1.299559 -0.000000 -2.381269 -1.374837 -0.000000 -2.417568 -1.338443 0.164302'/>
				</IndexedFaceSet>
			</Shape>
			<Shape DEF='_IDX_2176'>
				<Appearance USE='Material_8_IDX_8'/>
				<IndexedFaceSet solid="false" coordIndex='0 1 2 3 -1'>
					<Coordinate point='-2.068247 -1.388941 0.253071 -2.068990 -1.194543 -0.000000 -2.250885 -1.299559 -0.000000 -2.268473 -1.347790 0.207849'/>
				</IndexedFaceSet>
			</Shape>
			<Shape DEF='_IDX_2177'>
				<Appearance USE='Material_7_IDX_7'/>
				<IndexedFaceSet solid="false" coordIndex='0 1 2 3 -1'>
					<Coordinate point='-1.767791 -1.510489 0.300335 -1.747212 -1.008764 0.000000 -2.068990 -1.194543 -0.000000 -2.068247 -1.388941 0.253071'/>
				</IndexedFaceSet>
			</Shape>
			<Shape DEF='_IDX_2178'>
				<Appearance USE='Material_219_IDX_219'/>
				<IndexedFaceSet solid="false" coordIndex='0 1 2 3 -1'>
					<Coordinate point='-1.359643 -1.863725 0.350020 -0.000002 -0.000027 0.000000 -1.747212 -1.008764 0.000000 -1.767791 -1.510489 0.300335'/>
				</IndexedFaceSet>
			</Shape>
			<Shape DEF='_IDX_2179'>
				<Appearance USE='Material_5_IDX_5'/>
				<IndexedFaceSet solid="false" coordIndex='0 1 2 3 -1'>
					<Coordinate point='-1.359643 -1.863725 0.350020 -0.000002 -0.000027 0.000000 -0.000002 -0.000027 0.000000 -1.359643 -1.863725 0.350020'/>
				</IndexedFaceSet>
			</Shape>
			<Shape DEF='_IDX_2180'>
				<Appearance USE='Material_218_IDX_218'/>
				<IndexedFaceSet solid="false" coordIndex='0 1 2 3 -1'>
					<Coordinate point='-1.015920 -2.840337 0.423995 0.000009 -2.769437 0.000000 -0.000002 -0.000027 0.000000 -1.359643 -1.863725 0.350020'/>
				</IndexedFaceSet>
			</Shape>
			<Shape DEF='_IDX_2181'>
				<Appearance USE='Material_3_IDX_3'/>
				<IndexedFaceSet solid="false" coordIndex='0 1 2 3 -1'>
					<Coordinate point='-0.992129 -3.987271 0.504603 0.000009 -4.024982 0.000000 0.000009 -2.769437 0.000000 -1.015920 -2.840337 0.423995'/>
				</IndexedFaceSet>
			</Shape>
			<Shape DEF='_IDX_2182'>
				<Appearance USE='Material_2_IDX_2'/>
				<IndexedFaceSet solid="false" coordIndex='0 1 2 3 -1'>
					<Coordinate point='-1.102993 -5.268176 0.593106 0.000009 -5.348997 -0.000000 0.000009 -4.024982 0.000000 -0.992129 -3.987271 0.504603'/>
				</IndexedFaceSet>
			</Shape>
			<Shape DEF='_IDX_2183'>
				<Appearance USE='Material_1_IDX_1'/>
				<IndexedFaceSet solid="false" coordIndex='0 1 2 3 -1'>
					<Coordinate point='-1.297544 -6.756104 0.690888 0.000009 -6.869874 -0.000000 0.000009 -5.348997 -0.000000 -1.102993 -5.268176 0.593106'/>
				</IndexedFaceSet>
			</Shape>
		</Group>
	</Scene>
</X3D>
