<?xml version="1.0" encoding="UTF-8"?>
<!DOCTYPE X3D PUBLIC "ISO//Web3D//DTD X3D 3.3//EN" "http://www.web3d.org/specifications/x3d-3.3.dtd">
<X3D profile='Interchange' version='3.3' xmlns:xsd='http://www.w3.org/2001/XMLSchema-instance' xsd:noNamespaceSchemaLocation='http://www.web3d.org/specifications/x3d-3.3.xsd'>
	<head>
	<!-- All "meta" from this section tou will found in <Scene> node as MetadataString nodes. -->
	</head>
	<Scene>
		<Group>
			<Shape DEF='_IDX_0'>
				<Appearance DEF='Material_1_IDX_1'>
					<Material diffuseColor='0.573591 0.738731 0.388260'/>
					
				</Appearance>
				<IndexedFaceSet solid="false" coordIndex='0 1 2 3 -1'>
					<Coordinate point='-0.000000 11.681051 -0.000000 -0.584173 11.576830 1.087451 -0.600444 12.721413 1.296651 0.000000 12.841846 0.000000'/>
				</IndexedFaceSet>
			</Shape>
			<Shape DEF='_IDX_1'>
				<Appearance DEF='Material_2_IDX_2'>
					<Material diffuseColor='0.564246 0.737362 0.396402'/>
					
				</Appearance>
				<IndexedFaceSet solid="false" coordIndex='0 1 2 3 -1'>
					<Coordinate point='-0.000000 10.802656 -0.000000 -0.568533 10.710655 0.926379 -0.584173 11.576830 1.087451 -0.000000 11.681051 -0.000000'/>
				</IndexedFaceSet>
			</Shape>
			<Shape DEF='_IDX_2'>
				<Appearance DEF='Material_3_IDX_3'>
					<Material diffuseColor='0.556929 0.736291 0.402776'/>
					
				</Appearance>
				<IndexedFaceSet solid="false" coordIndex='0 1 2 3 -1'>
					<Coordinate point='0.000000 10.114641 0.000000 -0.553989 10.032214 0.797568 -0.568533 10.710655 0.926379 -0.000000 10.802656 -0.000000'/>
				</IndexedFaceSet>
			</Shape>
			<Shape DEF='_IDX_3'>
				<Appearance DEF='Material_4_IDX_4'>
					<Material diffuseColor='0.553678 0.735815 0.405608'/>
					
				</Appearance>
				<IndexedFaceSet solid="false" coordIndex='0 1 2 3 -1'>
					<Coordinate point='0.000000 10.114641 0.000000 -0.553989 10.032214 0.797568 -0.553989 10.032214 0.797568 0.000000 10.114641 0.000000'/>
				</IndexedFaceSet>
			</Shape>
			<Shape DEF='_IDX_4'>
				<Appearance DEF='Material_5_IDX_5'>
					<Material diffuseColor='0.548383 0.735040 0.410221'/>
					
				</Appearance>
				<IndexedFaceSet solid="false" coordIndex='0 1 2 3 -1'>
					<Coordinate point='-0.000000 9.035929 0.000000 -0.526039 8.968643 0.587779 -0.553989 10.032214 0.797568 0.000000 10.114641 0.000000'/>
				</IndexedFaceSet>
			</Shape>
			<Shape DEF='_IDX_5'>
				<Appearance DEF='Material_6_IDX_6'>
					<Material diffuseColor='0.539251 0.733703 0.418176'/>
					
				</Appearance>
				<IndexedFaceSet solid="false" coordIndex='0 1 2 3 -1'>
					<Coordinate point='0.000000 8.302370 -0.000000 -0.501737 8.245685 0.435751 -0.526039 8.968643 0.587779 -0.000000 9.035929 0.000000'/>
				</IndexedFaceSet>
			</Shape>
			<Shape DEF='_IDX_6'>
				<Appearance DEF='Material_7_IDX_7'>
					<Material diffuseColor='0.532426 0.732703 0.424122'/>
					
				</Appearance>
				<IndexedFaceSet solid="false" coordIndex='0 1 2 3 -1'>
					<Coordinate point='-0.000000 7.770863 -0.000000 -0.479455 7.722270 0.317381 -0.501737 8.245685 0.435751 0.000000 8.302370 -0.000000'/>
				</IndexedFaceSet>
			</Shape>
			<Shape DEF='_IDX_7'>
				<Appearance DEF='Material_8_IDX_8'>
					<Material diffuseColor='0.526989 0.731907 0.428859'/>
					
				</Appearance>
				<IndexedFaceSet solid="false" coordIndex='0 1 2 3 -1'>
					<Coordinate point='-0.000000 7.367372 0.000000 -0.457935 7.325428 0.220340 -0.479455 7.722270 0.317381 -0.000000 7.770863 -0.000000'/>
				</IndexedFaceSet>
			</Shape>
			<Shape DEF='_IDX_8'>
				<Appearance DEF='Material_9_IDX_9'>
					<Material diffuseColor='0.522453 0.731243 0.432810'/>
					
				</Appearance>
				<IndexedFaceSet solid="false" coordIndex='0 1 2 3 -1'>
					<Coordinate point='0.000000 7.049608 0.000000 -0.436249 7.013496 0.137663 -0.457935 7.325428 0.220340 -0.000000 7.367372 0.000000'/>
				</IndexedFaceSet>
			</Shape>
			<Shape DEF='_IDX_9'>
				<Appearance DEF='Material_10_IDX_10'>
					<Material diffuseColor='0.518535 0.730669 0.436223'/>
					
				</Appearance>
				<IndexedFaceSet solid="false" coordIndex='0 1 2 3 -1'>
					<Coordinate point='0.000000 6.791561 0.000000 -0.413682 6.760879 0.065122 -0.436249 7.013496 0.137663 0.000000 7.049608 0.000000'/>
				</IndexedFaceSet>
			</Shape>
			<Shape DEF='_IDX_10'>
				<Appearance DEF='Material_11_IDX_11'>
					<Material diffuseColor='0.515061 0.730161 0.439250'/>
					
				</Appearance>
				<IndexedFaceSet solid="false" coordIndex='0 1 2 3 -1'>
					<Coordinate point='0.000000 6.576274 0.000000 -0.389656 6.550925 0.000000 -0.413682 6.760879 0.065122 0.000000 6.791561 0.000000'/>
				</IndexedFaceSet>
			</Shape>
			<Shape DEF='_IDX_11'>
				<Appearance DEF='Material_12_IDX_12'>
					<Material diffuseColor='0.694937 0.742708 0.305330'/>
					
				</Appearance>
				<IndexedFaceSet solid="false" coordIndex='0 1 2 3 -1'>
					<Coordinate point='-0.584173 11.576830 1.087451 -1.170649 11.267145 2.141860 -1.204782 12.363655 2.553904 -0.600444 12.721413 1.296651'/>
				</IndexedFaceSet>
			</Shape>
			<Shape DEF='_IDX_12'>
				<Appearance DEF='Material_13_IDX_13'>
					<Material diffuseColor='0.666256 0.743040 0.322830'/>
					
				</Appearance>
				<IndexedFaceSet solid="false" coordIndex='0 1 2 3 -1'>
					<Coordinate point='-0.568533 10.710655 0.926379 -1.138483 10.437204 1.824610 -1.170649 11.267145 2.141860 -0.584173 11.576830 1.087451'/>
				</IndexedFaceSet>
			</Shape>
			<Shape DEF='_IDX_13'>
				<Appearance DEF='Material_14_IDX_14'>
					<Material diffuseColor='0.643801 0.743300 0.336531'/>
					
				</Appearance>
				<IndexedFaceSet solid="false" coordIndex='0 1 2 3 -1'>
					<Coordinate point='-0.553989 10.032214 0.797568 -1.108962 9.787140 1.570902 -1.138483 10.437204 1.824610 -0.568533 10.710655 0.926379'/>
				</IndexedFaceSet>
			</Shape>
			<Shape DEF='_IDX_14'>
				<Appearance DEF='Material_15_IDX_15'>
					<Material diffuseColor='0.633823 0.743415 0.342619'/>
					
				</Appearance>
				<IndexedFaceSet solid="false" coordIndex='0 1 2 3 -1'>
					<Coordinate point='-0.553989 10.032214 0.797568 -1.108962 9.787140 1.570902 -1.108962 9.787140 1.570902 -0.553989 10.032214 0.797568'/>
				</IndexedFaceSet>
			</Shape>
			<Shape DEF='_IDX_15'>
				<Appearance DEF='Material_16_IDX_16'>
					<Material diffuseColor='0.617573 0.743603 0.352534'/>
					
				</Appearance>
				<IndexedFaceSet solid="false" coordIndex='0 1 2 3 -1'>
					<Coordinate point='-0.526039 8.968643 0.587779 -1.053111 8.768405 1.157699 -1.108962 9.787140 1.570902 -0.553989 10.032214 0.797568'/>
				</IndexedFaceSet>
			</Shape>
			<Shape DEF='_IDX_16'>
				<Appearance DEF='Material_17_IDX_17'>
					<Material diffuseColor='0.590133 0.741153 0.373849'/>
					
				</Appearance>
				<IndexedFaceSet solid="false" coordIndex='0 1 2 3 -1'>
					<Coordinate point='-0.501737 8.245685 0.435751 -1.005425 8.076756 0.858262 -1.053111 8.768405 1.157699 -0.526039 8.968643 0.587779'/>
				</IndexedFaceSet>
			</Shape>
			<Shape DEF='_IDX_17'>
				<Appearance DEF='Material_18_IDX_18'>
					<Material diffuseColor='0.569866 0.738185 0.391505'/>
					
				</Appearance>
				<IndexedFaceSet solid="false" coordIndex='0 1 2 3 -1'>
					<Coordinate point='-0.479455 7.722270 0.317381 -0.962402 7.577143 0.625119 -1.005425 8.076756 0.858262 -0.501737 8.245685 0.435751'/>
				</IndexedFaceSet>
			</Shape>
			<Shape DEF='_IDX_18'>
				<Appearance DEF='Material_19_IDX_19'>
					<Material diffuseColor='0.553720 0.735821 0.405571'/>
					
				</Appearance>
				<IndexedFaceSet solid="false" coordIndex='0 1 2 3 -1'>
					<Coordinate point='-0.457935 7.325428 0.220340 -0.921457 7.199724 0.433984 -0.962402 7.577143 0.625119 -0.479455 7.722270 0.317381'/>
				</IndexedFaceSet>
			</Shape>
			<Shape DEF='_IDX_19'>
				<Appearance DEF='Material_20_IDX_20'>
					<Material diffuseColor='0.540250 0.733849 0.417306'/>
					
				</Appearance>
				<IndexedFaceSet solid="false" coordIndex='0 1 2 3 -1'>
					<Coordinate point='-0.436249 7.013496 0.137663 -0.880744 6.904666 0.271143 -0.921457 7.199724 0.433984 -0.457935 7.325428 0.220340'/>
				</IndexedFaceSet>
			</Shape>
			<Shape DEF='_IDX_20'>
				<Appearance DEF='Material_21_IDX_21'>
					<Material diffuseColor='0.528616 0.732145 0.427441'/>
					
				</Appearance>
				<IndexedFaceSet solid="false" coordIndex='0 1 2 3 -1'>
					<Coordinate point='-0.413682 6.760879 0.065122 -0.838906 6.667556 0.128266 -0.880744 6.904666 0.271143 -0.436249 7.013496 0.137663'/>
				</IndexedFaceSet>
			</Shape>
			<Shape DEF='_IDX_21'>
				<Appearance DEF='Material_22_IDX_22'>
					<Material diffuseColor='0.518298 0.730635 0.436430'/>
					
				</Appearance>
				<IndexedFaceSet solid="false" coordIndex='0 1 2 3 -1'>
					<Coordinate point='-0.389656 6.550925 0.000000 -0.794896 6.472585 0.000000 -0.838906 6.667556 0.128266 -0.413682 6.760879 0.065122'/>
				</IndexedFaceSet>
			</Shape>
			<Shape DEF='_IDX_22'>
				<Appearance DEF='Material_23_IDX_23'>
					<Material diffuseColor='0.801196 0.716302 0.258490'/>
					
				</Appearance>
				<IndexedFaceSet solid="false" coordIndex='0 1 2 3 -1'>
					<Coordinate point='-1.170649 11.267145 2.141860 -1.760941 10.760845 3.131191 -1.816008 11.779077 3.733557 -1.204782 12.363655 2.553904'/>
				</IndexedFaceSet>
			</Shape>
			<Shape DEF='_IDX_23'>
				<Appearance DEF='Material_24_IDX_24'>
					<Material diffuseColor='0.760131 0.729399 0.275571'/>
					
				</Appearance>
				<IndexedFaceSet solid="false" coordIndex='0 1 2 3 -1'>
					<Coordinate point='-1.138483 10.437204 1.824610 -1.710529 9.989891 2.667402 -1.760941 10.760845 3.131191 -1.170649 11.267145 2.141860'/>
				</IndexedFaceSet>
			</Shape>
			<Shape DEF='_IDX_24'>
				<Appearance DEF='Material_25_IDX_25'>
					<Material diffuseColor='0.726431 0.737469 0.290004'/>
					
				</Appearance>
				<IndexedFaceSet solid="false" coordIndex='0 1 2 3 -1'>
					<Coordinate point='-1.108962 9.787140 1.570902 -1.665190 9.385996 2.296504 -1.710529 9.989891 2.667402 -1.138483 10.437204 1.824610'/>
				</IndexedFaceSet>
			</Shape>
			<Shape DEF='_IDX_25'>
				<Appearance DEF='Material_26_IDX_26'>
					<Material diffuseColor='0.711456 0.741054 0.296418'/>
					
				</Appearance>
				<IndexedFaceSet solid="false" coordIndex='0 1 2 3 -1'>
					<Coordinate point='-1.108962 9.787140 1.570902 -1.665190 9.385996 2.296504 -1.665190 9.385996 2.296504 -1.108962 9.787140 1.570902'/>
				</IndexedFaceSet>
			</Shape>
			<Shape DEF='_IDX_26'>
				<Appearance DEF='Material_27_IDX_27'>
					<Material diffuseColor='0.685486 0.742817 0.311097'/>
					
				</Appearance>
				<IndexedFaceSet solid="false" coordIndex='0 1 2 3 -1'>
					<Coordinate point='-1.053111 8.768405 1.157699 -1.581486 8.440075 1.692442 -1.665190 9.385996 2.296504 -1.108962 9.787140 1.570902'/>
				</IndexedFaceSet>
			</Shape>
			<Shape DEF='_IDX_27'>
				<Appearance DEF='Material_28_IDX_28'>
					<Material diffuseColor='0.639723 0.743347 0.339019'/>
					
				</Appearance>
				<IndexedFaceSet solid="false" coordIndex='0 1 2 3 -1'>
					<Coordinate point='-1.005425 8.076756 0.858262 -1.512084 7.799040 1.254695 -1.581486 8.440075 1.692442 -1.053111 8.768405 1.157699'/>
				</IndexedFaceSet>
			</Shape>
			<Shape DEF='_IDX_28'>
				<Appearance DEF='Material_29_IDX_29'>
					<Material diffuseColor='0.605591 0.743416 0.360383'/>
					
				</Appearance>
				<IndexedFaceSet solid="false" coordIndex='0 1 2 3 -1'>
					<Coordinate point='-0.962402 7.577143 0.625119 -1.451103 7.337605 0.913863 -1.512084 7.799040 1.254695 -1.005425 8.076756 0.858262'/>
				</IndexedFaceSet>
			</Shape>
			<Shape DEF='_IDX_29'>
				<Appearance DEF='Material_30_IDX_30'>
					<Material diffuseColor='0.579227 0.739556 0.383350'/>
					
				</Appearance>
				<IndexedFaceSet solid="false" coordIndex='0 1 2 3 -1'>
					<Coordinate point='-0.921457 7.199724 0.433984 -1.394461 6.990969 0.634442 -1.451103 7.337605 0.913863 -0.962402 7.577143 0.625119'/>
				</IndexedFaceSet>
			</Shape>
			<Shape DEF='_IDX_30'>
				<Appearance DEF='Material_31_IDX_31'>
					<Material diffuseColor='0.557232 0.736336 0.402512'/>
					
				</Appearance>
				<IndexedFaceSet solid="false" coordIndex='0 1 2 3 -1'>
					<Coordinate point='-0.880744 6.904666 0.271143 -1.339366 6.722198 0.396385 -1.394461 6.990969 0.634442 -0.921457 7.199724 0.433984'/>
				</IndexedFaceSet>
			</Shape>
			<Shape DEF='_IDX_31'>
				<Appearance DEF='Material_32_IDX_32'>
					<Material diffuseColor='0.538235 0.733554 0.419061'/>
					
				</Appearance>
				<IndexedFaceSet solid="false" coordIndex='0 1 2 3 -1'>
					<Coordinate point='-0.838906 6.667556 0.128266 -1.283871 6.508702 0.187513 -1.339366 6.722198 0.396385 -0.880744 6.904666 0.271143'/>
				</IndexedFaceSet>
			</Shape>
			<Shape DEF='_IDX_32'>
				<Appearance DEF='Material_33_IDX_33'>
					<Material diffuseColor='0.521387 0.731087 0.433739'/>
					
				</Appearance>
				<IndexedFaceSet solid="false" coordIndex='0 1 2 3 -1'>
					<Coordinate point='-0.794896 6.472585 0.000000 -1.226572 6.335903 0.000000 -1.283871 6.508702 0.187513 -0.838906 6.667556 0.128266'/>
				</IndexedFaceSet>
			</Shape>
			<Shape DEF='_IDX_33'>
				<Appearance DEF='Material_34_IDX_34'>
					<Material diffuseColor='0.871102 0.652971 0.232512'/>
					
				</Appearance>
				<IndexedFaceSet solid="false" coordIndex='0 1 2 3 -1'>
					<Coordinate point='-1.760941 10.760845 3.131191 -2.355032 10.072365 4.025381 -2.435381 10.984776 4.799768 -1.816008 11.779077 3.733557'/>
				</IndexedFaceSet>
			</Shape>
			<Shape DEF='_IDX_34'>
				<Appearance DEF='Material_35_IDX_35'>
					<Material diffuseColor='0.832460 0.693459 0.247490'/>
					
				</Appearance>
				<IndexedFaceSet solid="false" coordIndex='0 1 2 3 -1'>
					<Coordinate point='-1.710529 9.989891 2.667402 -2.283946 9.381126 3.429146 -2.355032 10.072365 4.025381 -1.760941 10.760845 3.131191'/>
				</IndexedFaceSet>
			</Shape>
			<Shape DEF='_IDX_35'>
				<Appearance DEF='Material_36_IDX_36'>
					<Material diffuseColor='0.797222 0.719205 0.259888'/>
					
				</Appearance>
				<IndexedFaceSet solid="false" coordIndex='0 1 2 3 -1'>
					<Coordinate point='-1.665190 9.385996 2.296504 -2.221589 8.839577 2.952329 -2.283946 9.381126 3.429146 -1.710529 9.989891 2.667402'/>
				</IndexedFaceSet>
			</Shape>
			<Shape DEF='_IDX_36'>
				<Appearance DEF='Material_37_IDX_37'>
					<Material diffuseColor='0.777695 0.725194 0.268048'/>
					
				</Appearance>
				<IndexedFaceSet solid="false" coordIndex='0 1 2 3 -1'>
					<Coordinate point='-1.665190 9.385996 2.296504 -2.221589 8.839577 2.952329 -2.221589 8.839577 2.952329 -1.665190 9.385996 2.296504'/>
				</IndexedFaceSet>
			</Shape>
			<Shape DEF='_IDX_37'>
				<Appearance DEF='Material_38_IDX_38'>
					<Material diffuseColor='0.744594 0.733119 0.282225'/>
					
				</Appearance>
				<IndexedFaceSet solid="false" coordIndex='0 1 2 3 -1'>
					<Coordinate point='-1.581486 8.440075 1.692442 -2.110016 7.991750 2.175761 -2.221589 8.839577 2.952329 -1.665190 9.385996 2.296504'/>
				</IndexedFaceSet>
			</Shape>
			<Shape DEF='_IDX_38'>
				<Appearance DEF='Material_39_IDX_39'>
					<Material diffuseColor='0.685965 0.742812 0.310805'/>
					
				</Appearance>
				<IndexedFaceSet solid="false" coordIndex='0 1 2 3 -1'>
					<Coordinate point='-1.512084 7.799040 1.254695 -2.021052 7.418491 1.613005 -2.110016 7.991750 2.175761 -1.581486 8.440075 1.692442'/>
				</IndexedFaceSet>
			</Shape>
			<Shape DEF='_IDX_39'>
				<Appearance DEF='Material_40_IDX_40'>
					<Material diffuseColor='0.639548 0.743349 0.339126'/>
					
				</Appearance>
				<IndexedFaceSet solid="false" coordIndex='0 1 2 3 -1'>
					<Coordinate point='-1.451103 7.337605 0.913863 -1.945680 7.007665 1.174839 -2.021052 7.418491 1.613005 -1.512084 7.799040 1.254695'/>
				</IndexedFaceSet>
			</Shape>
			<Shape DEF='_IDX_40'>
				<Appearance DEF='Material_41_IDX_41'>
					<Material diffuseColor='0.602735 0.742998 0.362871'/>
					
				</Appearance>
				<IndexedFaceSet solid="false" coordIndex='0 1 2 3 -1'>
					<Coordinate point='-1.394461 6.990969 0.634442 -1.878007 6.701216 0.815623 -1.945680 7.007665 1.174839 -1.451103 7.337605 0.913863'/>
				</IndexedFaceSet>
			</Shape>
			<Shape DEF='_IDX_41'>
				<Appearance DEF='Material_42_IDX_42'>
					<Material diffuseColor='0.572883 0.738627 0.388877'/>
					
				</Appearance>
				<IndexedFaceSet solid="false" coordIndex='0 1 2 3 -1'>
					<Coordinate point='-1.339366 6.722198 0.396385 -1.814182 6.466043 0.509583 -1.878007 6.701216 0.815623 -1.394461 6.990969 0.634442'/>
				</IndexedFaceSet>
			</Shape>
			<Shape DEF='_IDX_42'>
				<Appearance DEF='Material_43_IDX_43'>
					<Material diffuseColor='0.547100 0.734852 0.411338'/>
					
				</Appearance>
				<IndexedFaceSet solid="false" coordIndex='0 1 2 3 -1'>
					<Coordinate point='-1.283871 6.508702 0.187513 -1.751635 6.281902 0.241062 -1.814182 6.466043 0.509583 -1.339366 6.722198 0.396385'/>
				</IndexedFaceSet>
			</Shape>
			<Shape DEF='_IDX_43'>
				<Appearance DEF='Material_44_IDX_44'>
					<Material diffuseColor='0.524234 0.731504 0.431258'/>
					
				</Appearance>
				<IndexedFaceSet solid="false" coordIndex='0 1 2 3 -1'>
					<Coordinate point='-1.226572 6.335903 0.000000 -1.688615 6.135735 0.000000 -1.751635 6.281902 0.241062 -1.283871 6.508702 0.187513'/>
				</IndexedFaceSet>
			</Shape>
			<Shape DEF='_IDX_44'>
				<Appearance DEF='Material_45_IDX_45'>
					<Material diffuseColor='0.901346 0.559537 0.212109'/>
					
				</Appearance>
				<IndexedFaceSet solid="false" coordIndex='0 1 2 3 -1'>
					<Coordinate point='-2.355032 10.072365 4.025381 -2.950752 9.221252 4.797262 -3.061687 10.003846 5.720141 -2.435381 10.984776 4.799768'/>
				</IndexedFaceSet>
			</Shape>
			<Shape DEF='_IDX_45'>
				<Appearance DEF='Material_46_IDX_46'>
					<Material diffuseColor='0.877617 0.637693 0.229033'/>
					
				</Appearance>
				<IndexedFaceSet solid="false" coordIndex='0 1 2 3 -1'>
					<Coordinate point='-2.283946 9.381126 3.429146 -2.856035 8.627785 4.086697 -2.950752 9.221252 4.797262 -2.355032 10.072365 4.025381'/>
				</IndexedFaceSet>
			</Shape>
			<Shape DEF='_IDX_46'>
				<Appearance DEF='Material_47_IDX_47'>
					<Material diffuseColor='0.846009 0.683560 0.242723'/>
					
				</Appearance>
				<IndexedFaceSet solid="false" coordIndex='0 1 2 3 -1'>
					<Coordinate point='-2.221589 8.839577 2.952329 -2.775196 8.162635 3.518449 -2.856035 8.627785 4.086697 -2.283946 9.381126 3.429146'/>
				</IndexedFaceSet>
			</Shape>
			<Shape DEF='_IDX_47'>
				<Appearance DEF='Material_48_IDX_48'>
					<Material diffuseColor='0.826705 0.697664 0.249515'/>
					
				</Appearance>
				<IndexedFaceSet solid="false" coordIndex='0 1 2 3 -1'>
					<Coordinate point='-2.221589 8.839577 2.952329 -2.775196 8.162635 3.518449 -2.775196 8.162635 3.518449 -2.221589 8.839577 2.952329'/>
				</IndexedFaceSet>
			</Shape>
			<Shape DEF='_IDX_48'>
				<Appearance DEF='Material_49_IDX_49'>
					<Material diffuseColor='0.795266 0.720634 0.260577'/>
					
				</Appearance>
				<IndexedFaceSet solid="false" coordIndex='0 1 2 3 -1'>
					<Coordinate point='-2.110016 7.991750 2.175761 -2.635664 7.434696 2.592972 -2.775196 8.162635 3.518449 -2.221589 8.839577 2.952329'/>
				</IndexedFaceSet>
			</Shape>
			<Shape DEF='_IDX_49'>
				<Appearance DEF='Material_50_IDX_50'>
					<Material diffuseColor='0.725103 0.737786 0.290573'/>
					
				</Appearance>
				<IndexedFaceSet solid="false" coordIndex='0 1 2 3 -1'>
					<Coordinate point='-2.021052 7.418491 1.613005 -2.529535 6.943709 1.922304 -2.635664 7.434696 2.592972 -2.110016 7.991750 2.175761'/>
				</IndexedFaceSet>
			</Shape>
			<Shape DEF='_IDX_50'>
				<Appearance DEF='Material_51_IDX_51'>
					<Material diffuseColor='0.669646 0.743001 0.320762'/>
					
				</Appearance>
				<IndexedFaceSet solid="false" coordIndex='0 1 2 3 -1'>
					<Coordinate point='-1.945680 7.007665 1.174839 -2.443666 6.593634 1.400119 -2.529535 6.943709 1.922304 -2.021052 7.418491 1.613005'/>
				</IndexedFaceSet>
			</Shape>
			<Shape DEF='_IDX_51'>
				<Appearance DEF='Material_52_IDX_52'>
					<Material diffuseColor='0.624059 0.743528 0.348576'/>
					
				</Appearance>
				<IndexedFaceSet solid="false" coordIndex='0 1 2 3 -1'>
					<Coordinate point='-1.878007 6.701216 0.815623 -2.369922 6.334644 0.972022 -2.443666 6.593634 1.400119 -1.945680 7.007665 1.174839'/>
				</IndexedFaceSet>
			</Shape>
			<Shape DEF='_IDX_52'>
				<Appearance DEF='Material_53_IDX_53'>
					<Material diffuseColor='0.586726 0.740654 0.376817'/>
					
				</Appearance>
				<IndexedFaceSet solid="false" coordIndex='0 1 2 3 -1'>
					<Coordinate point='-1.814182 6.466043 0.509583 -2.303171 6.138278 0.607297 -2.369922 6.334644 0.972022 -1.878007 6.701216 0.815623'/>
				</IndexedFaceSet>
			</Shape>
			<Shape DEF='_IDX_53'>
				<Appearance DEF='Material_54_IDX_54'>
					<Material diffuseColor='0.554942 0.736000 0.404507'/>
					
				</Appearance>
				<IndexedFaceSet solid="false" coordIndex='0 1 2 3 -1'>
					<Coordinate point='-1.751635 6.281902 0.241062 -2.240102 5.987092 0.287286 -2.303171 6.138278 0.607297 -1.814182 6.466043 0.509583'/>
				</IndexedFaceSet>
			</Shape>
			<Shape DEF='_IDX_54'>
				<Appearance DEF='Material_55_IDX_55'>
					<Material diffuseColor='0.526752 0.731873 0.429065'/>
					
				</Appearance>
				<IndexedFaceSet solid="false" coordIndex='0 1 2 3 -1'>
					<Coordinate point='-1.688615 6.135735 0.000000 -2.178530 5.869804 0.000000 -2.240102 5.987092 0.287286 -1.751635 6.281902 0.241062'/>
				</IndexedFaceSet>
			</Shape>
			<Shape DEF='_IDX_55'>
				<Appearance DEF='Material_56_IDX_56'>
					<Material diffuseColor='0.902812 0.453699 0.191962'/>
					
				</Appearance>
				<IndexedFaceSet solid="false" coordIndex='0 1 2 3 -1'>
					<Coordinate point='-2.950752 9.221252 4.797262 -3.543281 8.231532 5.423381 -3.690657 8.864565 6.466711 -3.061687 10.003846 5.720141'/>
				</IndexedFaceSet>
			</Shape>
			<Shape DEF='_IDX_56'>
				<Appearance DEF='Material_57_IDX_57'>
					<Material diffuseColor='0.901142 0.573865 0.214836'/>
					
				</Appearance>
				<IndexedFaceSet solid="false" coordIndex='0 1 2 3 -1'>
					<Coordinate point='-2.856035 8.627785 4.086697 -3.421702 7.750699 4.620075 -3.543281 8.231532 5.423381 -2.950752 9.221252 4.797262'/>
				</IndexedFaceSet>
			</Shape>
			<Shape DEF='_IDX_57'>
				<Appearance DEF='Material_58_IDX_58'>
					<Material diffuseColor='0.876255 0.640887 0.229761'/>
					
				</Appearance>
				<IndexedFaceSet solid="false" coordIndex='0 1 2 3 -1'>
					<Coordinate point='-2.775196 8.162635 3.518449 -3.320807 7.373494 3.977663 -3.421702 7.750699 4.620075 -2.856035 8.627785 4.086697'/>
				</IndexedFaceSet>
			</Shape>
			<Shape DEF='_IDX_58'>
				<Appearance DEF='Material_59_IDX_59'>
					<Material diffuseColor='0.864095 0.669405 0.236253'/>
					
				</Appearance>
				<IndexedFaceSet solid="false" coordIndex='0 1 2 3 -1'>
					<Coordinate point='-2.775196 8.162635 3.518449 -3.320807 7.373494 3.977663 -3.320807 7.373494 3.977663 -2.775196 8.162635 3.518449'/>
				</IndexedFaceSet>
			</Shape>
			<Shape DEF='_IDX_59'>
				<Appearance DEF='Material_60_IDX_60'>
					<Material diffuseColor='0.828163 0.696598 0.249002'/>
					
				</Appearance>
				<IndexedFaceSet solid="false" coordIndex='0 1 2 3 -1'>
					<Coordinate point='-2.635664 7.434696 2.592972 -3.153239 6.783176 2.931396 -3.320807 7.373494 3.977663 -2.775196 8.162635 3.518449'/>
				</IndexedFaceSet>
			</Shape>
			<Shape DEF='_IDX_60'>
				<Appearance DEF='Material_61_IDX_61'>
					<Material diffuseColor='0.756650 0.730233 0.277061'/>
					
				</Appearance>
				<IndexedFaceSet solid="false" coordIndex='0 1 2 3 -1'>
					<Coordinate point='-2.529535 6.943709 1.922304 -3.032441 6.385970 2.173196 -3.153239 6.783176 2.931396 -2.635664 7.434696 2.592972'/>
				</IndexedFaceSet>
			</Shape>
			<Shape DEF='_IDX_61'>
				<Appearance DEF='Material_62_IDX_62'>
					<Material diffuseColor='0.694901 0.742708 0.305352'/>
					
				</Appearance>
				<IndexedFaceSet solid="false" coordIndex='0 1 2 3 -1'>
					<Coordinate point='-2.443666 6.593634 1.400119 -2.939996 6.104369 1.582857 -3.032441 6.385970 2.173196 -2.529535 6.943709 1.922304'/>
				</IndexedFaceSet>
			</Shape>
			<Shape DEF='_IDX_62'>
				<Appearance DEF='Material_63_IDX_63'>
					<Material diffuseColor='0.642091 0.743319 0.337574'/>
					
				</Appearance>
				<IndexedFaceSet solid="false" coordIndex='0 1 2 3 -1'>
					<Coordinate point='-2.369922 6.334644 0.972022 -2.864992 5.898025 1.098887 -2.939996 6.104369 1.582857 -2.443666 6.593634 1.400119'/>
				</IndexedFaceSet>
			</Shape>
			<Shape DEF='_IDX_63'>
				<Appearance DEF='Material_64_IDX_64'>
					<Material diffuseColor='0.598343 0.742355 0.366697'/>
					
				</Appearance>
				<IndexedFaceSet solid="false" coordIndex='0 1 2 3 -1'>
					<Coordinate point='-2.303171 6.138278 0.607297 -2.800745 5.743808 0.686559 -2.864992 5.898025 1.098887 -2.369922 6.334644 0.972022'/>
				</IndexedFaceSet>
			</Shape>
			<Shape DEF='_IDX_64'>
				<Appearance DEF='Material_65_IDX_65'>
					<Material diffuseColor='0.561522 0.736964 0.398774'/>
					
				</Appearance>
				<IndexedFaceSet solid="false" coordIndex='0 1 2 3 -1'>
					<Coordinate point='-2.240102 5.987092 0.287286 -2.743028 5.627481 0.324781 -2.800745 5.743808 0.686559 -2.303171 6.138278 0.607297'/>
				</IndexedFaceSet>
			</Shape>
			<Shape DEF='_IDX_65'>
				<Appearance DEF='Material_66_IDX_66'>
					<Material diffuseColor='0.528865 0.732182 0.427224'/>
					
				</Appearance>
				<IndexedFaceSet solid="false" coordIndex='0 1 2 3 -1'>
					<Coordinate point='-2.178530 5.869804 0.000000 -2.689105 5.539789 0.000000 -2.743028 5.627481 0.324781 -2.240102 5.987092 0.287286'/>
				</IndexedFaceSet>
			</Shape>
			<Shape DEF='_IDX_66'>
				<Appearance DEF='Material_67_IDX_67'>
					<Material diffuseColor='0.887010 0.351047 0.171826'/>
					
				</Appearance>
				<IndexedFaceSet solid="false" coordIndex='0 1 2 3 -1'>
					<Coordinate point='-3.543281 8.231532 5.423381 -4.124815 7.130902 5.884713 -4.314562 7.599383 7.016792 -3.690657 8.864565 6.466711'/>
				</IndexedFaceSet>
			</Shape>
			<Shape DEF='_IDX_67'>
				<Appearance DEF='Material_68_IDX_68'>
					<Material diffuseColor='0.902134 0.504359 0.201606'/>
					
				</Appearance>
				<IndexedFaceSet solid="false" coordIndex='0 1 2 3 -1'>
					<Coordinate point='-3.421702 7.750699 4.620075 -3.973190 6.774016 5.013075 -4.124815 7.130902 5.884713 -3.543281 8.231532 5.423381'/>
				</IndexedFaceSet>
			</Shape>
			<Shape DEF='_IDX_68'>
				<Appearance DEF='Material_69_IDX_69'>
					<Material diffuseColor='0.893571 0.600279 0.220516'/>
					
				</Appearance>
				<IndexedFaceSet solid="false" coordIndex='0 1 2 3 -1'>
					<Coordinate point='-3.320807 7.373494 3.977663 -3.850761 6.493530 4.316017 -3.973190 6.774016 5.013075 -3.421702 7.750699 4.620075'/>
				</IndexedFaceSet>
			</Shape>
			<Shape DEF='_IDX_69'>
				<Appearance DEF='Material_70_IDX_70'>
					<Material diffuseColor='0.880117 0.631831 0.227699'/>
					
				</Appearance>
				<IndexedFaceSet solid="false" coordIndex='0 1 2 3 -1'>
					<Coordinate point='-3.320807 7.373494 3.977663 -3.850761 6.493530 4.316017 -3.850761 6.493530 4.316017 -3.320807 7.373494 3.977663'/>
				</IndexedFaceSet>
			</Shape>
			<Shape DEF='_IDX_70'>
				<Appearance DEF='Material_71_IDX_71'>
					<Material diffuseColor='0.853752 0.677902 0.239998'/>
					
				</Appearance>
				<IndexedFaceSet solid="false" coordIndex='0 1 2 3 -1'>
					<Coordinate point='-3.153239 6.783176 2.931396 -3.655316 6.054155 3.180750 -3.850761 6.493530 4.316017 -3.320807 7.373494 3.977663'/>
				</IndexedFaceSet>
			</Shape>
			<Shape DEF='_IDX_71'>
				<Appearance DEF='Material_72_IDX_72'>
					<Material diffuseColor='0.781188 0.724357 0.266551'/>
					
				</Appearance>
				<IndexedFaceSet solid="false" coordIndex='0 1 2 3 -1'>
					<Coordinate point='-3.032441 6.385970 2.173196 -3.522461 5.759089 2.358055 -3.655316 6.054155 3.180750 -3.153239 6.783176 2.931396'/>
				</IndexedFaceSet>
			</Shape>
			<Shape DEF='_IDX_72'>
				<Appearance DEF='Material_73_IDX_73'>
					<Material diffuseColor='0.713777 0.740499 0.295424'/>
					
				</Appearance>
				<IndexedFaceSet solid="false" coordIndex='0 1 2 3 -1'>
					<Coordinate point='-2.939996 6.104369 1.582857 -3.427266 5.551256 1.717500 -3.522461 5.759089 2.358055 -3.032441 6.385970 2.173196'/>
				</IndexedFaceSet>
			</Shape>
			<Shape DEF='_IDX_73'>
				<Appearance DEF='Material_74_IDX_74'>
					<Material diffuseColor='0.656117 0.743157 0.329016'/>
					
				</Appearance>
				<IndexedFaceSet solid="false" coordIndex='0 1 2 3 -1'>
					<Coordinate point='-2.864992 5.898025 1.098887 -3.355484 5.400784 1.192362 -3.427266 5.551256 1.717500 -2.939996 6.104369 1.582857'/>
				</IndexedFaceSet>
			</Shape>
			<Shape DEF='_IDX_74'>
				<Appearance DEF='Material_75_IDX_75'>
					<Material diffuseColor='0.607379 0.743678 0.358825'/>
					
				</Appearance>
				<IndexedFaceSet solid="false" coordIndex='0 1 2 3 -1'>
					<Coordinate point='-2.800745 5.743808 0.686559 -3.298584 5.290449 0.744960 -3.355484 5.400784 1.192362 -2.864992 5.898025 1.098887'/>
				</IndexedFaceSet>
			</Shape>
			<Shape DEF='_IDX_75'>
				<Appearance DEF='Material_76_IDX_76'>
					<Material diffuseColor='0.566640 0.737713 0.394315'/>
					
				</Appearance>
				<IndexedFaceSet solid="false" coordIndex='0 1 2 3 -1'>
					<Coordinate point='-2.743028 5.627481 0.324781 -3.251258 5.209576 0.352408 -3.298584 5.290449 0.744960 -2.800745 5.743808 0.686559'/>
				</IndexedFaceSet>
			</Shape>
			<Shape DEF='_IDX_76'>
				<Appearance DEF='Material_77_IDX_77'>
					<Material diffuseColor='0.530509 0.732423 0.425792'/>
					
				</Appearance>
				<IndexedFaceSet solid="false" coordIndex='0 1 2 3 -1'>
					<Coordinate point='-2.689105 5.539789 0.000000 -3.210098 5.151163 0.000000 -3.251258 5.209576 0.352408 -2.743028 5.627481 0.324781'/>
				</IndexedFaceSet>
			</Shape>
			<Shape DEF='_IDX_77'>
				<Appearance DEF='Material_78_IDX_78'>
					<Material diffuseColor='0.876509 0.280725 0.158298'/>
					
				</Appearance>
				<IndexedFaceSet solid="false" coordIndex='0 1 2 3 -1'>
					<Coordinate point='-4.124815 7.130902 5.884713 -4.684396 5.949801 6.167242 -4.921988 6.243772 7.353672 -4.314562 7.599383 7.016792'/>
				</IndexedFaceSet>
			</Shape>
			<Shape DEF='_IDX_78'>
				<Appearance DEF='Material_79_IDX_79'>
					<Material diffuseColor='0.902812 0.456813 0.192556'/>
					
				</Appearance>
				<IndexedFaceSet solid="false" coordIndex='0 1 2 3 -1'>
					<Coordinate point='-3.973190 6.774016 5.013075 -4.499954 5.724449 5.253756 -4.684396 5.949801 6.167242 -4.124815 7.130902 5.884713'/>
				</IndexedFaceSet>
			</Shape>
			<Shape DEF='_IDX_79'>
				<Appearance DEF='Material_80_IDX_80'>
					<Material diffuseColor='0.901230 0.567698 0.213663'/>
					
				</Appearance>
				<IndexedFaceSet solid="false" coordIndex='0 1 2 3 -1'>
					<Coordinate point='-3.850761 6.493530 4.316017 -4.354878 5.546560 4.523231 -4.499954 5.724449 5.253756 -3.973190 6.774016 5.013075'/>
				</IndexedFaceSet>
			</Shape>
			<Shape DEF='_IDX_80'>
				<Appearance DEF='Material_81_IDX_81'>
					<Material diffuseColor='0.891077 0.606129 0.221847'/>
					
				</Appearance>
				<IndexedFaceSet solid="false" coordIndex='0 1 2 3 -1'>
					<Coordinate point='-3.850761 6.493530 4.316017 -4.354878 5.546560 4.523231 -4.354878 5.546560 4.523231 -3.850761 6.493530 4.316017'/>
				</IndexedFaceSet>
			</Shape>
			<Shape DEF='_IDX_81'>
				<Appearance DEF='Material_82_IDX_82'>
					<Material diffuseColor='0.867723 0.660896 0.234316'/>
					
				</Appearance>
				<IndexedFaceSet solid="false" coordIndex='0 1 2 3 -1'>
					<Coordinate point='-3.655316 6.054155 3.180750 -4.132308 5.266887 3.333460 -4.354878 5.546560 4.523231 -3.850761 6.493530 4.316017'/>
				</IndexedFaceSet>
			</Shape>
			<Shape DEF='_IDX_82'>
				<Appearance DEF='Material_83_IDX_83'>
					<Material diffuseColor='0.797188 0.719230 0.259901'/>
					
				</Appearance>
				<IndexedFaceSet solid="false" coordIndex='0 1 2 3 -1'>
					<Coordinate point='-3.522461 5.759089 2.358055 -3.990298 5.079127 2.471267 -4.132308 5.266887 3.333460 -3.655316 6.054155 3.180750'/>
				</IndexedFaceSet>
			</Shape>
			<Shape DEF='_IDX_83'>
				<Appearance DEF='Material_84_IDX_84'>
					<Material diffuseColor='0.726128 0.737541 0.290134'/>
					
				</Appearance>
				<IndexedFaceSet solid="false" coordIndex='0 1 2 3 -1'>
					<Coordinate point='-3.427266 5.551256 1.717500 -3.896160 4.947963 1.799958 -3.990298 5.079127 2.471267 -3.522461 5.759089 2.358055'/>
				</IndexedFaceSet>
			</Shape>
			<Shape DEF='_IDX_84'>
				<Appearance DEF='Material_85_IDX_85'>
					<Material diffuseColor='0.665711 0.743046 0.323162'/>
					
				</Appearance>
				<IndexedFaceSet solid="false" coordIndex='0 1 2 3 -1'>
					<Coordinate point='-3.355484 5.400784 1.192362 -3.831769 4.854744 1.249608 -3.896160 4.947963 1.799958 -3.427266 5.551256 1.717500'/>
				</IndexedFaceSet>
			</Shape>
			<Shape DEF='_IDX_85'>
				<Appearance DEF='Material_86_IDX_86'>
					<Material diffuseColor='0.613757 0.743647 0.354862'/>
					
				</Appearance>
				<IndexedFaceSet solid="false" coordIndex='0 1 2 3 -1'>
					<Coordinate point='-3.298584 5.290449 0.744960 -3.786491 4.788599 0.780726 -3.831769 4.854744 1.249608 -3.355484 5.400784 1.192362'/>
				</IndexedFaceSet>
			</Shape>
			<Shape DEF='_IDX_86'>
				<Appearance DEF='Material_87_IDX_87'>
					<Material diffuseColor='0.570141 0.738226 0.391265'/>
					
				</Appearance>
				<IndexedFaceSet solid="false" coordIndex='0 1 2 3 -1'>
					<Coordinate point='-3.251258 5.209576 0.352408 -3.753799 4.742694 0.369328 -3.786491 4.788599 0.780726 -3.298584 5.290449 0.744960'/>
				</IndexedFaceSet>
			</Shape>
			<Shape DEF='_IDX_87'>
				<Appearance DEF='Material_88_IDX_88'>
					<Material diffuseColor='0.531633 0.732587 0.424812'/>
					
				</Appearance>
				<IndexedFaceSet solid="false" coordIndex='0 1 2 3 -1'>
					<Coordinate point='-3.210098 5.151163 0.000000 -3.729537 4.712478 0.000000 -3.753799 4.742694 0.369328 -3.251258 5.209576 0.352408'/>
				</IndexedFaceSet>
			</Shape>
			<Shape DEF='_IDX_88'>
				<Appearance DEF='Material_89_IDX_89'>
					<Material diffuseColor='0.871908 0.244775 0.152010'/>
					
				</Appearance>
				<IndexedFaceSet solid="false" coordIndex='0 1 2 3 -1'>
					<Coordinate point='-4.684396 5.949801 6.167242 -5.207872 4.720386 6.262381 -5.497795 4.834943 7.467114 -4.921988 6.243772 7.353672'/>
				</IndexedFaceSet>
			</Shape>
			<Shape DEF='_IDX_89'>
				<Appearance DEF='Material_90_IDX_90'>
					<Material diffuseColor='0.898765 0.427405 0.186804'/>
					
				</Appearance>
				<IndexedFaceSet solid="false" coordIndex='0 1 2 3 -1'>
					<Coordinate point='-4.499954 5.724449 5.253756 -4.988650 4.630437 5.334804 -5.207872 4.720386 6.262381 -4.684396 5.949801 6.167242'/>
				</IndexedFaceSet>
			</Shape>
			<Shape DEF='_IDX_90'>
				<Appearance DEF='Material_91_IDX_91'>
					<Material diffuseColor='0.901525 0.547034 0.209729'/>
					
				</Appearance>
				<IndexedFaceSet solid="false" coordIndex='0 1 2 3 -1'>
					<Coordinate point='-4.354878 5.546560 4.523231 -4.820496 4.558158 4.593009 -4.988650 4.630437 5.334804 -4.499954 5.724449 5.253756'/>
				</IndexedFaceSet>
			</Shape>
			<Shape DEF='_IDX_91'>
				<Appearance DEF='Material_92_IDX_92'>
					<Material diffuseColor='0.896642 0.593080 0.218876'/>
					
				</Appearance>
				<IndexedFaceSet solid="false" coordIndex='0 1 2 3 -1'>
					<Coordinate point='-4.354878 5.546560 4.523231 -4.820496 4.558158 4.593009 -4.820496 4.558158 4.593009 -4.354878 5.546560 4.523231'/>
				</IndexedFaceSet>
			</Shape>
			<Shape DEF='_IDX_92'>
				<Appearance DEF='Material_93_IDX_93'>
					<Material diffuseColor='0.872556 0.649563 0.231736'/>
					
				</Appearance>
				<IndexedFaceSet solid="false" coordIndex='0 1 2 3 -1'>
					<Coordinate point='-4.132308 5.266887 3.333460 -4.572650 4.442441 3.384884 -4.820496 4.558158 4.593009 -4.354878 5.546560 4.523231'/>
				</IndexedFaceSet>
			</Shape>
			<Shape DEF='_IDX_93'>
				<Appearance DEF='Material_94_IDX_94'>
					<Material diffuseColor='0.803754 0.714433 0.257590'/>
					
				</Appearance>
				<IndexedFaceSet solid="false" coordIndex='0 1 2 3 -1'>
					<Coordinate point='-3.990298 5.079127 2.471267 -4.425007 4.364005 2.509390 -4.572650 4.442441 3.384884 -4.132308 5.266887 3.333460'/>
				</IndexedFaceSet>
			</Shape>
			<Shape DEF='_IDX_94'>
				<Appearance DEF='Material_95_IDX_95'>
					<Material diffuseColor='0.732399 0.736040 0.287448'/>
					
				</Appearance>
				<IndexedFaceSet solid="false" coordIndex='0 1 2 3 -1'>
					<Coordinate point='-3.896160 4.947963 1.799958 -4.335938 4.310065 1.827726 -4.425007 4.364005 2.509390 -3.990298 5.079127 2.471267'/>
				</IndexedFaceSet>
			</Shape>
			<Shape DEF='_IDX_95'>
				<Appearance DEF='Material_96_IDX_96'>
					<Material diffuseColor='0.670582 0.742990 0.320190'/>
					
				</Appearance>
				<IndexedFaceSet solid="false" coordIndex='0 1 2 3 -1'>
					<Coordinate point='-3.831769 4.854744 1.249608 -4.282962 4.273696 1.268885 -4.335938 4.310065 1.827726 -3.896160 4.947963 1.799958'/>
				</IndexedFaceSet>
			</Shape>
			<Shape DEF='_IDX_96'>
				<Appearance DEF='Material_97_IDX_97'>
					<Material diffuseColor='0.617000 0.743610 0.352883'/>
					
				</Appearance>
				<IndexedFaceSet solid="false" coordIndex='0 1 2 3 -1'>
					<Coordinate point='-3.786491 4.788599 0.780726 -4.253153 4.250697 0.792770 -4.282962 4.273696 1.268885 -3.831769 4.854744 1.249608'/>
				</IndexedFaceSet>
			</Shape>
			<Shape DEF='_IDX_97'>
				<Appearance DEF='Material_98_IDX_98'>
					<Material diffuseColor='0.571919 0.738486 0.389717'/>
					
				</Appearance>
				<IndexedFaceSet solid="false" coordIndex='0 1 2 3 -1'>
					<Coordinate point='-3.753799 4.742694 0.369328 -4.238692 4.238286 0.375025 -4.253153 4.250697 0.792770 -3.786491 4.788599 0.780726'/>
				</IndexedFaceSet>
			</Shape>
			<Shape DEF='_IDX_98'>
				<Appearance DEF='Material_99_IDX_99'>
					<Material diffuseColor='0.532204 0.732671 0.424315'/>
					
				</Appearance>
				<IndexedFaceSet solid="false" coordIndex='0 1 2 3 -1'>
					<Coordinate point='-3.729537 4.712478 0.000000 -4.234654 4.234497 -0.000000 -4.238692 4.238286 0.375025 -3.753799 4.742694 0.369328'/>
				</IndexedFaceSet>
			</Shape>
			<Shape DEF='_IDX_99'>
				<Appearance USE='Material_89_IDX_89'/>
				<IndexedFaceSet solid="false" coordIndex='0 1 2 3 -1'>
					<Coordinate point='-5.207872 4.720386 6.262381 -5.677972 3.475445 6.167242 -6.023239 3.410493 7.353672 -5.497795 4.834943 7.467114'/>
				</IndexedFaceSet>
			</Shape>
			<Shape DEF='_IDX_100'>
				<Appearance DEF='Material_100_IDX_100'>
					<Material diffuseColor='0.898765 0.427405 0.186804'/>
					
				</Appearance>
				<IndexedFaceSet solid="false" coordIndex='0 1 2 3 -1'>
					<Coordinate point='-4.988650 4.630437 5.334804 -5.423212 3.521293 5.253756 -5.677972 3.475445 6.167242 -5.207872 4.720386 6.262381'/>
				</IndexedFaceSet>
			</Shape>
			<Shape DEF='_IDX_101'>
				<Appearance USE='Material_91_IDX_91'/>
				<IndexedFaceSet solid="false" coordIndex='0 1 2 3 -1'>
					<Coordinate point='-4.820496 4.558158 4.593009 -5.232574 3.554968 4.523231 -5.423212 3.521293 5.253756 -4.988650 4.630437 5.334804'/>
				</IndexedFaceSet>
			</Shape>
			<Shape DEF='_IDX_102'>
				<Appearance USE='Material_92_IDX_92'/>
				<IndexedFaceSet solid="false" coordIndex='0 1 2 3 -1'>
					<Coordinate point='-4.820496 4.558158 4.593009 -5.232574 3.554968 4.523231 -5.232574 3.554968 4.523231 -4.820496 4.558158 4.593009'/>
				</IndexedFaceSet>
			</Shape>
			<Shape DEF='_IDX_103'>
				<Appearance USE='Material_93_IDX_93'/>
				<IndexedFaceSet solid="false" coordIndex='0 1 2 3 -1'>
					<Coordinate point='-4.572650 4.442441 3.384884 -4.963043 3.603233 3.333460 -5.232574 3.554968 4.523231 -4.820496 4.558158 4.593009'/>
				</IndexedFaceSet>
			</Shape>
			<Shape DEF='_IDX_104'>
				<Appearance USE='Material_94_IDX_94'/>
				<IndexedFaceSet solid="false" coordIndex='0 1 2 3 -1'>
					<Coordinate point='-4.425007 4.364005 2.509390 -4.814414 3.633102 2.471267 -4.963043 3.603233 3.333460 -4.572650 4.442441 3.384884'/>
				</IndexedFaceSet>
			</Shape>
			<Shape DEF='_IDX_105'>
				<Appearance USE='Material_95_IDX_95'/>
				<IndexedFaceSet solid="false" coordIndex='0 1 2 3 -1'>
					<Coordinate point='-4.335938 4.310065 1.827726 -4.734996 3.654626 1.799958 -4.814414 3.633102 2.471267 -4.425007 4.364005 2.509390'/>
				</IndexedFaceSet>
			</Shape>
			<Shape DEF='_IDX_106'>
				<Appearance USE='Material_96_IDX_96'/>
				<IndexedFaceSet solid="false" coordIndex='0 1 2 3 -1'>
					<Coordinate point='-4.282962 4.273696 1.268885 -4.697582 3.672912 1.249608 -4.734996 3.654626 1.799958 -4.335938 4.310065 1.827726'/>
				</IndexedFaceSet>
			</Shape>
			<Shape DEF='_IDX_107'>
				<Appearance USE='Material_97_IDX_97'/>
				<IndexedFaceSet solid="false" coordIndex='0 1 2 3 -1'>
					<Coordinate point='-4.253153 4.250697 0.792770 -4.686868 3.690648 0.780726 -4.697582 3.672912 1.249608 -4.282962 4.273696 1.268885'/>
				</IndexedFaceSet>
			</Shape>
			<Shape DEF='_IDX_108'>
				<Appearance USE='Material_98_IDX_98'/>
				<IndexedFaceSet solid="false" coordIndex='0 1 2 3 -1'>
					<Coordinate point='-4.238692 4.238286 0.375025 -4.693767 3.709237 0.369328 -4.686868 3.690648 0.780726 -4.253153 4.250697 0.792770'/>
				</IndexedFaceSet>
			</Shape>
			<Shape DEF='_IDX_109'>
				<Appearance USE='Material_99_IDX_99'/>
				<IndexedFaceSet solid="false" coordIndex='0 1 2 3 -1'>
					<Coordinate point='-4.234654 4.234497 -0.000000 -4.712635 3.729379 0.000000 -4.693767 3.709237 0.369328 -4.238692 4.238286 0.375025'/>
				</IndexedFaceSet>
			</Shape>
			<Shape DEF='_IDX_110'>
				<Appearance USE='Material_78_IDX_78'/>
				<IndexedFaceSet solid="false" coordIndex='0 1 2 3 -1'>
					<Coordinate point='-5.677972 3.475445 6.167242 -6.074399 2.247296 5.884713 -6.476197 2.006970 7.016792 -6.023239 3.410493 7.353672'/>
				</IndexedFaceSet>
			</Shape>
			<Shape DEF='_IDX_111'>
				<Appearance USE='Material_79_IDX_79'/>
				<IndexedFaceSet solid="false" coordIndex='0 1 2 3 -1'>
					<Coordinate point='-5.423212 3.521293 5.253756 -5.784903 2.426360 5.013075 -6.074399 2.247296 5.884713 -5.677972 3.475445 6.167242'/>
				</IndexedFaceSet>
			</Shape>
			<Shape DEF='_IDX_112'>
				<Appearance USE='Material_80_IDX_80'/>
				<IndexedFaceSet solid="false" coordIndex='0 1 2 3 -1'>
					<Coordinate point='-5.232574 3.554968 4.523231 -5.573784 2.564079 4.316017 -5.784903 2.426360 5.013075 -5.423212 3.521293 5.253756'/>
				</IndexedFaceSet>
			</Shape>
			<Shape DEF='_IDX_113'>
				<Appearance USE='Material_81_IDX_81'/>
				<IndexedFaceSet solid="false" coordIndex='0 1 2 3 -1'>
					<Coordinate point='-5.232574 3.554968 4.523231 -5.573784 2.564079 4.316017 -5.573784 2.564079 4.316017 -5.232574 3.554968 4.523231'/>
				</IndexedFaceSet>
			</Shape>
			<Shape DEF='_IDX_114'>
				<Appearance DEF='Material_101_IDX_101'>
					<Material diffuseColor='0.867723 0.660896 0.234316'/>
					
				</Appearance>
				<IndexedFaceSet solid="false" coordIndex='0 1 2 3 -1'>
					<Coordinate point='-4.963043 3.603233 3.333460 -5.288743 2.772669 3.180750 -5.573784 2.564079 4.316017 -5.232574 3.554968 4.523231'/>
				</IndexedFaceSet>
			</Shape>
			<Shape DEF='_IDX_115'>
				<Appearance USE='Material_83_IDX_83'/>
				<IndexedFaceSet solid="false" coordIndex='0 1 2 3 -1'>
					<Coordinate point='-4.814414 3.633102 2.471267 -5.145601 2.906954 2.358055 -5.288743 2.772669 3.180750 -4.963043 3.603233 3.333460'/>
				</IndexedFaceSet>
			</Shape>
			<Shape DEF='_IDX_116'>
				<Appearance USE='Material_84_IDX_84'/>
				<IndexedFaceSet solid="false" coordIndex='0 1 2 3 -1'>
					<Coordinate point='-4.734996 3.654626 1.799958 -5.081495 2.999831 1.717500 -5.145601 2.906954 2.358055 -4.814414 3.633102 2.471267'/>
				</IndexedFaceSet>
			</Shape>
			<Shape DEF='_IDX_117'>
				<Appearance USE='Material_85_IDX_85'/>
				<IndexedFaceSet solid="false" coordIndex='0 1 2 3 -1'>
					<Coordinate point='-4.697582 3.672912 1.249608 -5.064259 3.068681 1.192362 -5.081495 2.999831 1.717500 -4.734996 3.654626 1.799958'/>
				</IndexedFaceSet>
			</Shape>
			<Shape DEF='_IDX_118'>
				<Appearance USE='Material_86_IDX_86'/>
				<IndexedFaceSet solid="false" coordIndex='0 1 2 3 -1'>
					<Coordinate point='-4.686868 3.690648 0.780726 -5.076288 3.123247 0.744960 -5.064259 3.068681 1.192362 -4.697582 3.672912 1.249608'/>
				</IndexedFaceSet>
			</Shape>
			<Shape DEF='_IDX_119'>
				<Appearance USE='Material_87_IDX_87'/>
				<IndexedFaceSet solid="false" coordIndex='0 1 2 3 -1'>
					<Coordinate point='-4.693767 3.709237 0.369328 -5.107378 3.169203 0.352408 -5.076288 3.123247 0.744960 -4.686868 3.690648 0.780726'/>
				</IndexedFaceSet>
			</Shape>
			<Shape DEF='_IDX_120'>
				<Appearance USE='Material_88_IDX_88'/>
				<IndexedFaceSet solid="false" coordIndex='0 1 2 3 -1'>
					<Coordinate point='-4.712635 3.729379 0.000000 -5.151320 3.209940 -0.000000 -5.107378 3.169203 0.352408 -4.693767 3.709237 0.369328'/>
				</IndexedFaceSet>
			</Shape>
			<Shape DEF='_IDX_121'>
				<Appearance USE='Material_67_IDX_67'/>
				<IndexedFaceSet solid="false" coordIndex='0 1 2 3 -1'>
					<Coordinate point='-6.074399 2.247296 5.884713 -6.373841 1.066630 5.423381 -6.831453 0.658356 6.466711 -6.476197 2.006970 7.016792'/>
				</IndexedFaceSet>
			</Shape>
			<Shape DEF='_IDX_122'>
				<Appearance USE='Material_68_IDX_68'/>
				<IndexedFaceSet solid="false" coordIndex='0 1 2 3 -1'>
					<Coordinate point='-5.784903 2.426360 5.013075 -6.052211 1.374253 4.620075 -6.373841 1.066630 5.423381 -6.074399 2.247296 5.884713'/>
				</IndexedFaceSet>
			</Shape>
			<Shape DEF='_IDX_123'>
				<Appearance DEF='Material_102_IDX_102'>
					<Material diffuseColor='0.893571 0.600279 0.220516'/>
					
				</Appearance>
				<IndexedFaceSet solid="false" coordIndex='0 1 2 3 -1'>
					<Coordinate point='-5.573784 2.564079 4.316017 -5.824448 1.612590 3.977663 -6.052211 1.374253 4.620075 -5.784903 2.426360 5.013075'/>
				</IndexedFaceSet>
			</Shape>
			<Shape DEF='_IDX_124'>
				<Appearance USE='Material_70_IDX_70'/>
				<IndexedFaceSet solid="false" coordIndex='0 1 2 3 -1'>
					<Coordinate point='-5.573784 2.564079 4.316017 -5.824448 1.612590 3.977663 -5.824448 1.612590 3.977663 -5.573784 2.564079 4.316017'/>
				</IndexedFaceSet>
			</Shape>
			<Shape DEF='_IDX_125'>
				<Appearance USE='Material_71_IDX_71'/>
				<IndexedFaceSet solid="false" coordIndex='0 1 2 3 -1'>
					<Coordinate point='-5.288743 2.772669 3.180750 -5.533843 1.975063 2.931396 -5.824448 1.612590 3.977663 -5.573784 2.564079 4.316017'/>
				</IndexedFaceSet>
			</Shape>
			<Shape DEF='_IDX_126'>
				<Appearance USE='Material_72_IDX_72'/>
				<IndexedFaceSet solid="false" coordIndex='0 1 2 3 -1'>
					<Coordinate point='-5.145601 2.906954 2.358055 -5.405533 2.207158 2.173196 -5.533843 1.975063 2.931396 -5.288743 2.772669 3.180750'/>
				</IndexedFaceSet>
			</Shape>
			<Shape DEF='_IDX_127'>
				<Appearance USE='Material_73_IDX_73'/>
				<IndexedFaceSet solid="false" coordIndex='0 1 2 3 -1'>
					<Coordinate point='-5.081495 2.999831 1.717500 -5.364183 2.364744 1.582857 -5.405533 2.207158 2.173196 -5.145601 2.906954 2.358055'/>
				</IndexedFaceSet>
			</Shape>
			<Shape DEF='_IDX_128'>
				<Appearance USE='Material_74_IDX_74'/>
				<IndexedFaceSet solid="false" coordIndex='0 1 2 3 -1'>
					<Coordinate point='-5.064259 3.068681 1.192362 -5.372622 2.477897 1.098887 -5.364183 2.364744 1.582857 -5.081495 2.999831 1.717500'/>
				</IndexedFaceSet>
			</Shape>
			<Shape DEF='_IDX_129'>
				<Appearance USE='Material_75_IDX_75'/>
				<IndexedFaceSet solid="false" coordIndex='0 1 2 3 -1'>
					<Coordinate point='-5.076288 3.123247 0.744960 -5.411281 2.563642 0.686559 -5.372622 2.477897 1.098887 -5.064259 3.068681 1.192362'/>
				</IndexedFaceSet>
			</Shape>
			<Shape DEF='_IDX_130'>
				<Appearance USE='Material_76_IDX_76'/>
				<IndexedFaceSet solid="false" coordIndex='0 1 2 3 -1'>
					<Coordinate point='-5.107378 3.169203 0.352408 -5.469213 2.631974 0.324781 -5.411281 2.563642 0.686559 -5.076288 3.123247 0.744960'/>
				</IndexedFaceSet>
			</Shape>
			<Shape DEF='_IDX_131'>
				<Appearance USE='Material_77_IDX_77'/>
				<IndexedFaceSet solid="false" coordIndex='0 1 2 3 -1'>
					<Coordinate point='-5.151320 3.209940 -0.000000 -5.539946 2.688947 0.000000 -5.469213 2.631974 0.324781 -5.107378 3.169203 0.352408'/>
				</IndexedFaceSet>
			</Shape>
			<Shape DEF='_IDX_132'>
				<Appearance USE='Material_56_IDX_56'/>
				<IndexedFaceSet solid="false" coordIndex='0 1 2 3 -1'>
					<Coordinate point='-6.373841 1.066630 5.423381 -6.549641 -0.038765 4.797262 -7.060954 -0.605707 5.720141 -6.831453 0.658356 6.466711'/>
				</IndexedFaceSet>
			</Shape>
			<Shape DEF='_IDX_133'>
				<Appearance USE='Material_57_IDX_57'/>
				<IndexedFaceSet solid="false" coordIndex='0 1 2 3 -1'>
					<Coordinate point='-6.052211 1.374253 4.620075 -6.200269 0.392207 4.086697 -6.549641 -0.038765 4.797262 -6.373841 1.066630 5.423381'/>
				</IndexedFaceSet>
			</Shape>
			<Shape DEF='_IDX_134'>
				<Appearance USE='Material_58_IDX_58'/>
				<IndexedFaceSet solid="false" coordIndex='0 1 2 3 -1'>
					<Coordinate point='-5.824448 1.612590 3.977663 -5.962026 0.727533 3.518449 -6.200269 0.392207 4.086697 -6.052211 1.374253 4.620075'/>
				</IndexedFaceSet>
			</Shape>
			<Shape DEF='_IDX_135'>
				<Appearance DEF='Material_103_IDX_103'>
					<Material diffuseColor='0.864095 0.669405 0.236253'/>
					
				</Appearance>
				<IndexedFaceSet solid="false" coordIndex='0 1 2 3 -1'>
					<Coordinate point='-5.824448 1.612590 3.977663 -5.962026 0.727533 3.518449 -5.962026 0.727533 3.518449 -5.824448 1.612590 3.977663'/>
				</IndexedFaceSet>
			</Shape>
			<Shape DEF='_IDX_136'>
				<Appearance USE='Material_60_IDX_60'/>
				<IndexedFaceSet solid="false" coordIndex='0 1 2 3 -1'>
					<Coordinate point='-5.533843 1.975063 2.931396 -5.681518 1.236130 2.592972 -5.962026 0.727533 3.518449 -5.824448 1.612590 3.977663'/>
				</IndexedFaceSet>
			</Shape>
			<Shape DEF='_IDX_137'>
				<Appearance USE='Material_61_IDX_61'/>
				<IndexedFaceSet solid="false" coordIndex='0 1 2 3 -1'>
					<Coordinate point='-5.405533 2.207158 2.173196 -5.581972 1.556686 1.922304 -5.681518 1.236130 2.592972 -5.533843 1.975063 2.931396'/>
				</IndexedFaceSet>
			</Shape>
			<Shape DEF='_IDX_138'>
				<Appearance USE='Material_62_IDX_62'/>
				<IndexedFaceSet solid="false" coordIndex='0 1 2 3 -1'>
					<Coordinate point='-5.364183 2.364744 1.582857 -5.573567 1.769227 1.400119 -5.581972 1.556686 1.922304 -5.405533 2.207158 2.173196'/>
				</IndexedFaceSet>
			</Shape>
			<Shape DEF='_IDX_139'>
				<Appearance USE='Material_63_IDX_63'/>
				<IndexedFaceSet solid="false" coordIndex='0 1 2 3 -1'>
					<Coordinate point='-5.372622 2.477897 1.098887 -5.614468 1.917662 0.972022 -5.573567 1.769227 1.400119 -5.364183 2.364744 1.582857'/>
				</IndexedFaceSet>
			</Shape>
			<Shape DEF='_IDX_140'>
				<Appearance USE='Material_64_IDX_64'/>
				<IndexedFaceSet solid="false" coordIndex='0 1 2 3 -1'>
					<Coordinate point='-5.411281 2.563642 0.686559 -5.684004 2.026727 0.607297 -5.614468 1.917662 0.972022 -5.372622 2.477897 1.098887'/>
				</IndexedFaceSet>
			</Shape>
			<Shape DEF='_IDX_141'>
				<Appearance USE='Material_65_IDX_65'/>
				<IndexedFaceSet solid="false" coordIndex='0 1 2 3 -1'>
					<Coordinate point='-5.469213 2.631974 0.324781 -5.771233 2.110767 0.287286 -5.684004 2.026727 0.607297 -5.411281 2.563642 0.686559'/>
				</IndexedFaceSet>
			</Shape>
			<Shape DEF='_IDX_142'>
				<Appearance USE='Material_66_IDX_66'/>
				<IndexedFaceSet solid="false" coordIndex='0 1 2 3 -1'>
					<Coordinate point='-5.539946 2.688947 0.000000 -5.869962 2.178373 0.000000 -5.771233 2.110767 0.287286 -5.469213 2.631974 0.324781'/>
				</IndexedFaceSet>
			</Shape>
			<Shape DEF='_IDX_143'>
				<Appearance USE='Material_45_IDX_45'/>
				<IndexedFaceSet solid="false" coordIndex='0 1 2 3 -1'>
					<Coordinate point='-6.549641 -0.038765 4.797262 -6.570723 -1.045840 4.025381 -7.134059 -1.762348 4.799768 -7.060954 -0.605707 5.720141'/>
				</IndexedFaceSet>
			</Shape>
			<Shape DEF='_IDX_144'>
				<Appearance USE='Material_46_IDX_46'/>
				<IndexedFaceSet solid="false" coordIndex='0 1 2 3 -1'>
					<Coordinate point='-6.200269 0.392207 4.086697 -6.199042 -0.494520 3.429146 -6.570723 -1.045840 4.025381 -6.549641 -0.038765 4.797262'/>
				</IndexedFaceSet>
			</Shape>
			<Shape DEF='_IDX_145'>
				<Appearance USE='Material_47_IDX_47'/>
				<IndexedFaceSet solid="false" coordIndex='0 1 2 3 -1'>
					<Coordinate point='-5.962026 0.727533 3.518449 -5.959480 -0.063444 2.952329 -6.199042 -0.494520 3.429146 -6.200269 0.392207 4.086697'/>
				</IndexedFaceSet>
			</Shape>
			<Shape DEF='_IDX_146'>
				<Appearance USE='Material_48_IDX_48'/>
				<IndexedFaceSet solid="false" coordIndex='0 1 2 3 -1'>
					<Coordinate point='-5.962026 0.727533 3.518449 -5.959480 -0.063444 2.952329 -5.959480 -0.063444 2.952329 -5.962026 0.727533 3.518449'/>
				</IndexedFaceSet>
			</Shape>
			<Shape DEF='_IDX_147'>
				<Appearance USE='Material_49_IDX_49'/>
				<IndexedFaceSet solid="false" coordIndex='0 1 2 3 -1'>
					<Coordinate point='-5.681518 1.236130 2.592972 -5.714306 0.584726 2.175761 -5.959480 -0.063444 2.952329 -5.962026 0.727533 3.518449'/>
				</IndexedFaceSet>
			</Shape>
			<Shape DEF='_IDX_148'>
				<Appearance USE='Material_50_IDX_50'/>
				<IndexedFaceSet solid="false" coordIndex='0 1 2 3 -1'>
					<Coordinate point='-5.581972 1.556686 1.922304 -5.665112 0.980847 1.613005 -5.714306 0.584726 2.175761 -5.681518 1.236130 2.592972'/>
				</IndexedFaceSet>
			</Shape>
			<Shape DEF='_IDX_149'>
				<Appearance USE='Material_51_IDX_51'/>
				<IndexedFaceSet solid="false" coordIndex='0 1 2 3 -1'>
					<Coordinate point='-5.573567 1.769227 1.400119 -5.703844 1.233949 1.174839 -5.665112 0.980847 1.613005 -5.581972 1.556686 1.922304'/>
				</IndexedFaceSet>
			</Shape>
			<Shape DEF='_IDX_150'>
				<Appearance USE='Material_52_IDX_52'/>
				<IndexedFaceSet solid="false" coordIndex='0 1 2 3 -1'>
					<Coordinate point='-5.614468 1.917662 0.972022 -5.785492 1.404692 0.815623 -5.703844 1.233949 1.174839 -5.573567 1.769227 1.400119'/>
				</IndexedFaceSet>
			</Shape>
			<Shape DEF='_IDX_151'>
				<Appearance USE='Material_53_IDX_53'/>
				<IndexedFaceSet solid="false" coordIndex='0 1 2 3 -1'>
					<Coordinate point='-5.684004 2.026727 0.607297 -5.890302 1.526276 0.509583 -5.785492 1.404692 0.815623 -5.614468 1.917662 0.972022'/>
				</IndexedFaceSet>
			</Shape>
			<Shape DEF='_IDX_152'>
				<Appearance USE='Material_54_IDX_54'/>
				<IndexedFaceSet solid="false" coordIndex='0 1 2 3 -1'>
					<Coordinate point='-5.771233 2.110767 0.287286 -6.008774 1.617271 0.241062 -5.890302 1.526276 0.509583 -5.684004 2.026727 0.607297'/>
				</IndexedFaceSet>
			</Shape>
			<Shape DEF='_IDX_153'>
				<Appearance USE='Material_55_IDX_55'/>
				<IndexedFaceSet solid="false" coordIndex='0 1 2 3 -1'>
					<Coordinate point='-5.869962 2.178373 0.000000 -6.135892 1.688457 0.000000 -6.008774 1.617271 0.241062 -5.771233 2.110767 0.287286'/>
				</IndexedFaceSet>
			</Shape>
			<Shape DEF='_IDX_154'>
				<Appearance DEF='Material_104_IDX_104'>
					<Material diffuseColor='0.871102 0.652971 0.232512'/>
					
				</Appearance>
				<IndexedFaceSet solid="false" coordIndex='0 1 2 3 -1'>
					<Coordinate point='-6.570723 -1.045840 4.025381 -6.399000 -1.940117 3.131191 -7.018302 -2.799576 3.733557 -7.134059 -1.762348 4.799768'/>
				</IndexedFaceSet>
			</Shape>
			<Shape DEF='_IDX_155'>
				<Appearance USE='Material_35_IDX_35'/>
				<IndexedFaceSet solid="false" coordIndex='0 1 2 3 -1'>
					<Coordinate point='-6.199042 -0.494520 3.429146 -6.008286 -1.263696 2.667402 -6.399000 -1.940117 3.131191 -6.570723 -1.045840 4.025381'/>
				</IndexedFaceSet>
			</Shape>
			<Shape DEF='_IDX_156'>
				<Appearance USE='Material_36_IDX_36'/>
				<IndexedFaceSet solid="false" coordIndex='0 1 2 3 -1'>
					<Coordinate point='-5.959480 -0.063444 2.952329 -5.780493 -0.729560 2.296504 -6.008286 -1.263696 2.667402 -6.199042 -0.494520 3.429146'/>
				</IndexedFaceSet>
			</Shape>
			<Shape DEF='_IDX_157'>
				<Appearance USE='Material_37_IDX_37'/>
				<IndexedFaceSet solid="false" coordIndex='0 1 2 3 -1'>
					<Coordinate point='-5.959480 -0.063444 2.952329 -5.780493 -0.729560 2.296504 -5.780493 -0.729560 2.296504 -5.959480 -0.063444 2.952329'/>
				</IndexedFaceSet>
			</Shape>
			<Shape DEF='_IDX_158'>
				<Appearance USE='Material_38_IDX_38'/>
				<IndexedFaceSet solid="false" coordIndex='0 1 2 3 -1'>
					<Coordinate point='-5.714306 0.584726 2.175761 -5.614967 0.057589 1.692442 -5.780493 -0.729560 2.296504 -5.959480 -0.063444 2.952329'/>
				</IndexedFaceSet>
			</Shape>
			<Shape DEF='_IDX_159'>
				<Appearance USE='Material_39_IDX_39'/>
				<IndexedFaceSet solid="false" coordIndex='0 1 2 3 -1'>
					<Coordinate point='-5.665112 0.980847 1.613005 -5.651279 0.509131 1.254695 -5.614967 0.057589 1.692442 -5.714306 0.584726 2.175761'/>
				</IndexedFaceSet>
			</Shape>
			<Shape DEF='_IDX_160'>
				<Appearance USE='Material_40_IDX_40'/>
				<IndexedFaceSet solid="false" coordIndex='0 1 2 3 -1'>
					<Coordinate point='-5.703844 1.233949 1.174839 -5.756354 0.779934 0.913863 -5.651279 0.509131 1.254695 -5.665112 0.980847 1.613005'/>
				</IndexedFaceSet>
			</Shape>
			<Shape DEF='_IDX_161'>
				<Appearance USE='Material_41_IDX_41'/>
				<IndexedFaceSet solid="false" coordIndex='0 1 2 3 -1'>
					<Coordinate point='-5.785492 1.404692 0.815623 -5.887764 0.953938 0.634442 -5.756354 0.779934 0.913863 -5.703844 1.233949 1.174839'/>
				</IndexedFaceSet>
			</Shape>
			<Shape DEF='_IDX_162'>
				<Appearance USE='Material_42_IDX_42'/>
				<IndexedFaceSet solid="false" coordIndex='0 1 2 3 -1'>
					<Coordinate point='-5.890302 1.526276 0.509583 -6.031352 1.073371 0.396385 -5.887764 0.953938 0.634442 -5.785492 1.404692 0.815623'/>
				</IndexedFaceSet>
			</Shape>
			<Shape DEF='_IDX_163'>
				<Appearance USE='Material_43_IDX_43'/>
				<IndexedFaceSet solid="false" coordIndex='0 1 2 3 -1'>
					<Coordinate point='-6.008774 1.617271 0.241062 -6.181625 1.160176 0.187513 -6.031352 1.073371 0.396385 -5.890302 1.526276 0.509583'/>
				</IndexedFaceSet>
			</Shape>
			<Shape DEF='_IDX_164'>
				<Appearance USE='Material_44_IDX_44'/>
				<IndexedFaceSet solid="false" coordIndex='0 1 2 3 -1'>
					<Coordinate point='-6.135892 1.688457 0.000000 -6.336061 1.226415 0.000000 -6.181625 1.160176 0.187513 -6.008774 1.617271 0.241062'/>
				</IndexedFaceSet>
			</Shape>
			<Shape DEF='_IDX_165'>
				<Appearance DEF='Material_105_IDX_105'>
					<Material diffuseColor='0.801196 0.716302 0.258490'/>
					
				</Appearance>
				<IndexedFaceSet solid="false" coordIndex='0 1 2 3 -1'>
					<Coordinate point='-6.399000 -1.940117 3.131191 -5.985097 -2.726857 2.141860 -6.683511 -3.723827 2.553904 -7.018302 -2.799576 3.733557'/>
				</IndexedFaceSet>
			</Shape>
			<Shape DEF='_IDX_166'>
				<Appearance USE='Material_24_IDX_24'/>
				<IndexedFaceSet solid="false" coordIndex='0 1 2 3 -1'>
					<Coordinate point='-6.008286 -1.263696 2.667402 -5.562728 -1.901057 1.824610 -5.985097 -2.726857 2.141860 -6.399000 -1.940117 3.131191'/>
				</IndexedFaceSet>
			</Shape>
			<Shape DEF='_IDX_167'>
				<Appearance USE='Material_25_IDX_25'/>
				<IndexedFaceSet solid="false" coordIndex='0 1 2 3 -1'>
					<Coordinate point='-5.780493 -0.729560 2.296504 -5.364120 -1.228835 1.570902 -5.562728 -1.901057 1.824610 -6.008286 -1.263696 2.667402'/>
				</IndexedFaceSet>
			</Shape>
			<Shape DEF='_IDX_168'>
				<Appearance USE='Material_26_IDX_26'/>
				<IndexedFaceSet solid="false" coordIndex='0 1 2 3 -1'>
					<Coordinate point='-5.780493 -0.729560 2.296504 -5.364120 -1.228835 1.570902 -5.364120 -1.228835 1.570902 -5.780493 -0.729560 2.296504'/>
				</IndexedFaceSet>
			</Shape>
			<Shape DEF='_IDX_169'>
				<Appearance USE='Material_27_IDX_27'/>
				<IndexedFaceSet solid="false" coordIndex='0 1 2 3 -1'>
					<Coordinate point='-5.614967 0.057589 1.692442 -5.371679 -0.288075 1.157699 -5.364120 -1.228835 1.570902 -5.780493 -0.729560 2.296504'/>
				</IndexedFaceSet>
			</Shape>
			<Shape DEF='_IDX_170'>
				<Appearance USE='Material_28_IDX_28'/>
				<IndexedFaceSet solid="false" coordIndex='0 1 2 3 -1'>
					<Coordinate point='-5.651279 0.509131 1.254695 -5.552304 0.176669 0.858262 -5.371679 -0.288075 1.157699 -5.614967 0.057589 1.692442'/>
				</IndexedFaceSet>
			</Shape>
			<Shape DEF='_IDX_171'>
				<Appearance DEF='Material_106_IDX_106'>
					<Material diffuseColor='0.605591 0.743416 0.360383'/>
					
				</Appearance>
				<IndexedFaceSet solid="false" coordIndex='0 1 2 3 -1'>
					<Coordinate point='-5.756354 0.779934 0.913863 -5.745485 0.425573 0.625119 -5.552304 0.176669 0.858262 -5.651279 0.509131 1.254695'/>
				</IndexedFaceSet>
			</Shape>
			<Shape DEF='_IDX_172'>
				<Appearance USE='Material_30_IDX_30'/>
				<IndexedFaceSet solid="false" coordIndex='0 1 2 3 -1'>
					<Coordinate point='-5.887764 0.953938 0.634442 -5.932706 0.575070 0.433984 -5.745485 0.425573 0.625119 -5.756354 0.779934 0.913863'/>
				</IndexedFaceSet>
			</Shape>
			<Shape DEF='_IDX_173'>
				<Appearance USE='Material_31_IDX_31'/>
				<IndexedFaceSet solid="false" coordIndex='0 1 2 3 -1'>
					<Coordinate point='-6.031352 1.073371 0.396385 -6.115017 0.673445 0.271143 -5.932706 0.575070 0.433984 -5.887764 0.953938 0.634442'/>
				</IndexedFaceSet>
			</Shape>
			<Shape DEF='_IDX_174'>
				<Appearance USE='Material_32_IDX_32'/>
				<IndexedFaceSet solid="false" coordIndex='0 1 2 3 -1'>
					<Coordinate point='-6.181625 1.160176 0.187513 -6.294568 0.742896 0.128266 -6.115017 0.673445 0.271143 -6.031352 1.073371 0.396385'/>
				</IndexedFaceSet>
			</Shape>
			<Shape DEF='_IDX_175'>
				<Appearance USE='Material_33_IDX_33'/>
				<IndexedFaceSet solid="false" coordIndex='0 1 2 3 -1'>
					<Coordinate point='-6.336061 1.226415 0.000000 -6.472743 0.794739 0.000000 -6.294568 0.742896 0.128266 -6.181625 1.160176 0.187513'/>
				</IndexedFaceSet>
			</Shape>
			<Shape DEF='_IDX_176'>
				<Appearance USE='Material_12_IDX_12'/>
				<IndexedFaceSet solid="false" coordIndex='0 1 2 3 -1'>
					<Coordinate point='-5.985097 -2.726857 2.141860 -5.274914 -3.467321 1.087451 -6.119602 -4.569270 1.296651 -6.683511 -3.723827 2.553904'/>
				</IndexedFaceSet>
			</Shape>
			<Shape DEF='_IDX_177'>
				<Appearance USE='Material_13_IDX_13'/>
				<IndexedFaceSet solid="false" coordIndex='0 1 2 3 -1'>
					<Coordinate point='-5.562728 -1.901057 1.824610 -4.723884 -2.438344 0.926379 -5.274914 -3.467321 1.087451 -5.985097 -2.726857 2.141860'/>
				</IndexedFaceSet>
			</Shape>
			<Shape DEF='_IDX_178'>
				<Appearance DEF='Material_107_IDX_107'>
					<Material diffuseColor='0.643801 0.743300 0.336531'/>
					
				</Appearance>
				<IndexedFaceSet solid="false" coordIndex='0 1 2 3 -1'>
					<Coordinate point='-5.364120 -1.228835 1.570902 -4.555895 -1.473808 0.797568 -4.723884 -2.438344 0.926379 -5.562728 -1.901057 1.824610'/>
				</IndexedFaceSet>
			</Shape>
			<Shape DEF='_IDX_179'>
				<Appearance USE='Material_15_IDX_15'/>
				<IndexedFaceSet solid="false" coordIndex='0 1 2 3 -1'>
					<Coordinate point='-5.364120 -1.228835 1.570902 -4.555895 -1.473808 0.797568 -4.555895 -1.473808 0.797568 -5.364120 -1.228835 1.570902'/>
				</IndexedFaceSet>
			</Shape>
			<Shape DEF='_IDX_180'>
				<Appearance USE='Material_16_IDX_16'/>
				<IndexedFaceSet solid="false" coordIndex='0 1 2 3 -1'>
					<Coordinate point='-5.371679 -0.288075 1.157699 -5.012757 -0.344958 0.587779 -4.555895 -1.473808 0.797568 -5.364120 -1.228835 1.570902'/>
				</IndexedFaceSet>
			</Shape>
			<Shape DEF='_IDX_181'>
				<Appearance USE='Material_17_IDX_17'/>
				<IndexedFaceSet solid="false" coordIndex='0 1 2 3 -1'>
					<Coordinate point='-5.552304 0.176669 0.858262 -5.417034 0.015154 0.435751 -5.012757 -0.344958 0.587779 -5.371679 -0.288075 1.157699'/>
				</IndexedFaceSet>
			</Shape>
			<Shape DEF='_IDX_182'>
				<Appearance USE='Material_18_IDX_18'/>
				<IndexedFaceSet solid="false" coordIndex='0 1 2 3 -1'>
					<Coordinate point='-5.745485 0.425573 0.625119 -5.705267 0.175755 0.317381 -5.417034 0.015154 0.435751 -5.552304 0.176669 0.858262'/>
				</IndexedFaceSet>
			</Shape>
			<Shape DEF='_IDX_183'>
				<Appearance USE='Material_19_IDX_19'/>
				<IndexedFaceSet solid="false" coordIndex='0 1 2 3 -1'>
					<Coordinate point='-5.932706 0.575070 0.433984 -5.942122 0.265180 0.220340 -5.705267 0.175755 0.317381 -5.745485 0.425573 0.625119'/>
				</IndexedFaceSet>
			</Shape>
			<Shape DEF='_IDX_184'>
				<Appearance USE='Material_20_IDX_20'/>
				<IndexedFaceSet solid="false" coordIndex='0 1 2 3 -1'>
					<Coordinate point='-6.115017 0.673445 0.271143 -6.155151 0.321789 0.137663 -5.942122 0.265180 0.220340 -5.932706 0.575070 0.433984'/>
				</IndexedFaceSet>
			</Shape>
			<Shape DEF='_IDX_185'>
				<Appearance USE='Material_21_IDX_21'/>
				<IndexedFaceSet solid="false" coordIndex='0 1 2 3 -1'>
					<Coordinate point='-6.294568 0.742896 0.128266 -6.356274 0.360827 0.065122 -6.155151 0.321789 0.137663 -6.115017 0.673445 0.271143'/>
				</IndexedFaceSet>
			</Shape>
			<Shape DEF='_IDX_186'>
				<Appearance USE='Material_22_IDX_22'/>
				<IndexedFaceSet solid="false" coordIndex='0 1 2 3 -1'>
					<Coordinate point='-6.472743 0.794739 0.000000 -6.551083 0.389498 0.000000 -6.356274 0.360827 0.065122 -6.294568 0.742896 0.128266'/>
				</IndexedFaceSet>
			</Shape>
			<Shape DEF='_IDX_187'>
				<Appearance USE='Material_1_IDX_1'/>
				<IndexedFaceSet solid="false" coordIndex='0 1 2 3 -1'>
					<Coordinate point='-5.274914 -3.467321 1.087451 -4.327285 -4.327443 -0.000000 -5.379073 -5.379230 0.000000 -6.119602 -4.569270 1.296651'/>
				</IndexedFaceSet>
			</Shape>
			<Shape DEF='_IDX_188'>
				<Appearance USE='Material_2_IDX_2'/>
				<IndexedFaceSet solid="false" coordIndex='0 1 2 3 -1'>
					<Coordinate point='-4.723884 -2.438344 0.926379 -3.310390 -3.310548 -0.000000 -4.327285 -4.327443 -0.000000 -5.274914 -3.467321 1.087451'/>
				</IndexedFaceSet>
			</Shape>
			<Shape DEF='_IDX_189'>
				<Appearance USE='Material_3_IDX_3'/>
				<IndexedFaceSet solid="false" coordIndex='0 1 2 3 -1'>
					<Coordinate point='-4.555895 -1.473808 0.797568 -0.000747 -0.000456 0.000000 -3.310390 -3.310548 -0.000000 -4.723884 -2.438344 0.926379'/>
				</IndexedFaceSet>
			</Shape>
			<Shape DEF='_IDX_190'>
				<Appearance USE='Material_4_IDX_4'/>
				<IndexedFaceSet solid="false" coordIndex='0 1 2 3 -1'>
					<Coordinate point='-4.555895 -1.473808 0.797568 -0.001706 -0.000179 0.000000 -0.000747 -0.000456 0.000000 -4.555895 -1.473808 0.797568'/>
				</IndexedFaceSet>
			</Shape>
			<Shape DEF='_IDX_191'>
				<Appearance USE='Material_5_IDX_5'/>
				<IndexedFaceSet solid="false" coordIndex='0 1 2 3 -1'>
					<Coordinate point='-5.012757 -0.344958 0.587779 -4.779771 -0.000157 0.000000 -0.001706 -0.000179 0.000000 -4.555895 -1.473808 0.797568'/>
				</IndexedFaceSet>
			</Shape>
			<Shape DEF='_IDX_192'>
				<Appearance USE='Material_6_IDX_6'/>
				<IndexedFaceSet solid="false" coordIndex='0 1 2 3 -1'>
					<Coordinate point='-5.417034 0.015154 0.435751 -5.348300 -0.000157 -0.000000 -4.779771 -0.000157 0.000000 -5.012757 -0.344958 0.587779'/>
				</IndexedFaceSet>
			</Shape>
			<Shape DEF='_IDX_193'>
				<Appearance USE='Material_7_IDX_7'/>
				<IndexedFaceSet solid="false" coordIndex='0 1 2 3 -1'>
					<Coordinate point='-5.705267 0.175755 0.317381 -5.683394 -0.000157 -0.000000 -5.348300 -0.000157 -0.000000 -5.417034 0.015154 0.435751'/>
				</IndexedFaceSet>
			</Shape>
			<Shape DEF='_IDX_194'>
				<Appearance USE='Material_8_IDX_8'/>
				<IndexedFaceSet solid="false" coordIndex='0 1 2 3 -1'>
					<Coordinate point='-5.942122 0.265180 0.220340 -5.941283 -0.000157 0.000000 -5.683394 -0.000157 -0.000000 -5.705267 0.175755 0.317381'/>
				</IndexedFaceSet>
			</Shape>
			<Shape DEF='_IDX_195'>
				<Appearance USE='Material_9_IDX_9'/>
				<IndexedFaceSet solid="false" coordIndex='0 1 2 3 -1'>
					<Coordinate point='-6.155151 0.321789 0.137663 -6.166367 -0.000157 0.000000 -5.941283 -0.000157 0.000000 -5.942122 0.265180 0.220340'/>
				</IndexedFaceSet>
			</Shape>
			<Shape DEF='_IDX_196'>
				<Appearance USE='Material_10_IDX_10'/>
				<IndexedFaceSet solid="false" coordIndex='0 1 2 3 -1'>
					<Coordinate point='-6.356274 0.360827 0.065122 -6.375573 -0.000157 -0.000000 -6.166367 -0.000157 0.000000 -6.155151 0.321789 0.137663'/>
				</IndexedFaceSet>
			</Shape>
			<Shape DEF='_IDX_197'>
				<Appearance USE='Material_11_IDX_11'/>
				<IndexedFaceSet solid="false" coordIndex='0 1 2 3 -1'>
					<Coordinate point='-6.551083 0.389498 0.000000 -6.576431 -0.000157 0.000000 -6.375573 -0.000157 -0.000000 -6.356274 0.360827 0.065122'/>
				</IndexedFaceSet>
			</Shape>
			<Shape DEF='_IDX_198'>
				<Appearance DEF='Material_108_IDX_108'>
					<Material diffuseColor='0.511959 0.729430 0.442420'/>
					
				</Appearance>
				<IndexedFaceSet solid="false" coordIndex='0 1 2 3 -1'>
					<Coordinate point='6.791561 0.000000 0.000000 6.760879 -0.413682 -0.065122 6.550925 -0.389656 -0.000000 6.576274 0.000000 0.000000'/>
				</IndexedFaceSet>
			</Shape>
			<Shape DEF='_IDX_199'>
				<Appearance DEF='Material_109_IDX_109'>
					<Material diffuseColor='0.508878 0.728395 0.446094'/>
					
				</Appearance>
				<IndexedFaceSet solid="false" coordIndex='0 1 2 3 -1'>
					<Coordinate point='7.049608 0.000000 -0.000000 7.013496 -0.436249 -0.137663 6.760879 -0.413682 -0.065122 6.791561 0.000000 0.000000'/>
				</IndexedFaceSet>
			</Shape>
			<Shape DEF='_IDX_200'>
				<Appearance DEF='Material_110_IDX_110'>
					<Material diffuseColor='0.505403 0.727228 0.450236'/>
					
				</Appearance>
				<IndexedFaceSet solid="false" coordIndex='0 1 2 3 -1'>
					<Coordinate point='7.367372 -0.000000 -0.000000 7.325428 -0.457935 -0.220340 7.013496 -0.436249 -0.137663 7.049608 0.000000 -0.000000'/>
				</IndexedFaceSet>
			</Shape>
			<Shape DEF='_IDX_201'>
				<Appearance DEF='Material_111_IDX_111'>
					<Material diffuseColor='0.501380 0.725877 0.455032'/>
					
				</Appearance>
				<IndexedFaceSet solid="false" coordIndex='0 1 2 3 -1'>
					<Coordinate point='7.770863 -0.000000 0.000000 7.722270 -0.479455 -0.317381 7.325428 -0.457935 -0.220340 7.367372 -0.000000 -0.000000'/>
				</IndexedFaceSet>
			</Shape>
			<Shape DEF='_IDX_202'>
				<Appearance DEF='Material_112_IDX_112'>
					<Material diffuseColor='0.496558 0.724258 0.460781'/>
					
				</Appearance>
				<IndexedFaceSet solid="false" coordIndex='0 1 2 3 -1'>
					<Coordinate point='8.302370 0.000000 0.000000 8.245685 -0.501737 -0.435751 7.722270 -0.479455 -0.317381 7.770863 -0.000000 0.000000'/>
				</IndexedFaceSet>
			</Shape>
			<Shape DEF='_IDX_203'>
				<Appearance DEF='Material_113_IDX_113'>
					<Material diffuseColor='0.490505 0.722225 0.467997'/>
					
				</Appearance>
				<IndexedFaceSet solid="false" coordIndex='0 1 2 3 -1'>
					<Coordinate point='9.035929 -0.000000 -0.000000 8.968643 -0.526039 -0.587779 8.245685 -0.501737 -0.435751 8.302370 0.000000 0.000000'/>
				</IndexedFaceSet>
			</Shape>
			<Shape DEF='_IDX_204'>
				<Appearance DEF='Material_114_IDX_114'>
					<Material diffuseColor='0.482406 0.719504 0.477653'/>
					
				</Appearance>
				<IndexedFaceSet solid="false" coordIndex='0 1 2 3 -1'>
					<Coordinate point='10.114641 0.000000 -0.000000 10.032214 -0.553989 -0.797568 8.968643 -0.526039 -0.587779 9.035929 -0.000000 -0.000000'/>
				</IndexedFaceSet>
			</Shape>
			<Shape DEF='_IDX_205'>
				<Appearance DEF='Material_115_IDX_115'>
					<Material diffuseColor='0.477710 0.717927 0.483252'/>
					
				</Appearance>
				<IndexedFaceSet solid="false" coordIndex='0 1 2 3 -1'>
					<Coordinate point='10.114641 0.000000 -0.000000 10.032214 -0.553989 -0.797568 10.032214 -0.553989 -0.797568 10.114641 0.000000 -0.000000'/>
				</IndexedFaceSet>
			</Shape>
			<Shape DEF='_IDX_206'>
				<Appearance DEF='Material_116_IDX_116'>
					<Material diffuseColor='0.474827 0.716958 0.486690'/>
					
				</Appearance>
				<IndexedFaceSet solid="false" coordIndex='0 1 2 3 -1'>
					<Coordinate point='10.802656 -0.000000 0.000000 10.710655 -0.568533 -0.926379 10.032214 -0.553989 -0.797568 10.114641 0.000000 -0.000000'/>
				</IndexedFaceSet>
			</Shape>
			<Shape DEF='_IDX_207'>
				<Appearance DEF='Material_117_IDX_117'>
					<Material diffuseColor='0.468338 0.714779 0.494426'/>
					
				</Appearance>
				<IndexedFaceSet solid="false" coordIndex='0 1 2 3 -1'>
					<Coordinate point='11.681051 -0.000000 0.000000 11.576830 -0.584173 -1.087451 10.710655 -0.568533 -0.926379 10.802656 -0.000000 0.000000'/>
				</IndexedFaceSet>
			</Shape>
			<Shape DEF='_IDX_208'>
				<Appearance DEF='Material_118_IDX_118'>
					<Material diffuseColor='0.460049 0.711995 0.504308'/>
					
				</Appearance>
				<IndexedFaceSet solid="false" coordIndex='0 1 2 3 -1'>
					<Coordinate point='12.841846 0.000000 -0.000000 12.721413 -0.600444 -1.296651 11.576830 -0.584173 -1.087451 11.681051 -0.000000 0.000000'/>
				</IndexedFaceSet>
			</Shape>
			<Shape DEF='_IDX_209'>
				<Appearance DEF='Material_119_IDX_119'>
					<Material diffuseColor='0.509088 0.728466 0.445843'/>
					
				</Appearance>
				<IndexedFaceSet solid="false" coordIndex='0 1 2 3 -1'>
					<Coordinate point='6.760879 -0.413682 -0.065122 6.667556 -0.838906 -0.128266 6.472585 -0.794896 -0.000000 6.550925 -0.389656 -0.000000'/>
				</IndexedFaceSet>
			</Shape>
			<Shape DEF='_IDX_210'>
				<Appearance DEF='Material_120_IDX_120'>
					<Material diffuseColor='0.499937 0.725392 0.456753'/>
					
				</Appearance>
				<IndexedFaceSet solid="false" coordIndex='0 1 2 3 -1'>
					<Coordinate point='7.013496 -0.436249 -0.137663 6.904666 -0.880744 -0.271143 6.667556 -0.838906 -0.128266 6.760879 -0.413682 -0.065122'/>
				</IndexedFaceSet>
			</Shape>
			<Shape DEF='_IDX_211'>
				<Appearance DEF='Material_121_IDX_121'>
					<Material diffuseColor='0.489619 0.721927 0.469054'/>
					
				</Appearance>
				<IndexedFaceSet solid="false" coordIndex='0 1 2 3 -1'>
					<Coordinate point='7.325428 -0.457935 -0.220340 7.199724 -0.921457 -0.433984 6.904666 -0.880744 -0.271143 7.013496 -0.436249 -0.137663'/>
				</IndexedFaceSet>
			</Shape>
			<Shape DEF='_IDX_212'>
				<Appearance DEF='Material_122_IDX_122'>
					<Material diffuseColor='0.477672 0.717914 0.483297'/>
					
				</Appearance>
				<IndexedFaceSet solid="false" coordIndex='0 1 2 3 -1'>
					<Coordinate point='7.722270 -0.479455 -0.317381 7.577143 -0.962402 -0.625119 7.199724 -0.921457 -0.433984 7.325428 -0.457935 -0.220340'/>
				</IndexedFaceSet>
			</Shape>
			<Shape DEF='_IDX_213'>
				<Appearance DEF='Material_123_IDX_123'>
					<Material diffuseColor='0.463353 0.713105 0.500369'/>
					
				</Appearance>
				<IndexedFaceSet solid="false" coordIndex='0 1 2 3 -1'>
					<Coordinate point='8.245685 -0.501737 -0.435751 8.076756 -1.005425 -0.858262 7.577143 -0.962402 -0.625119 7.722270 -0.479455 -0.317381'/>
				</IndexedFaceSet>
			</Shape>
			<Shape DEF='_IDX_214'>
				<Appearance DEF='Material_124_IDX_124'>
					<Material diffuseColor='0.445379 0.707067 0.521798'/>
					
				</Appearance>
				<IndexedFaceSet solid="false" coordIndex='0 1 2 3 -1'>
					<Coordinate point='8.968643 -0.526039 -0.587779 8.768405 -1.053111 -1.157699 8.076756 -1.005425 -0.858262 8.245685 -0.501737 -0.435751'/>
				</IndexedFaceSet>
			</Shape>
			<Shape DEF='_IDX_215'>
				<Appearance DEF='Material_125_IDX_125'>
					<Material diffuseColor='0.422775 0.697153 0.551057'/>
					
				</Appearance>
				<IndexedFaceSet solid="false" coordIndex='0 1 2 3 -1'>
					<Coordinate point='10.032214 -0.553989 -0.797568 9.787140 -1.108962 -1.570902 8.768405 -1.053111 -1.157699 8.968643 -0.526039 -0.587779'/>
				</IndexedFaceSet>
			</Shape>
			<Shape DEF='_IDX_216'>
				<Appearance DEF='Material_126_IDX_126'>
					<Material diffuseColor='0.411201 0.689462 0.568639'/>
					
				</Appearance>
				<IndexedFaceSet solid="false" coordIndex='0 1 2 3 -1'>
					<Coordinate point='10.032214 -0.553989 -0.797568 9.787140 -1.108962 -1.570902 9.787140 -1.108962 -1.570902 10.032214 -0.553989 -0.797568'/>
				</IndexedFaceSet>
			</Shape>
			<Shape DEF='_IDX_217'>
				<Appearance DEF='Material_127_IDX_127'>
					<Material diffuseColor='0.404095 0.684740 0.579435'/>
					
				</Appearance>
				<IndexedFaceSet solid="false" coordIndex='0 1 2 3 -1'>
					<Coordinate point='10.710655 -0.568533 -0.926379 10.437204 -1.138483 -1.824610 9.787140 -1.108962 -1.570902 10.032214 -0.553989 -0.797568'/>
				</IndexedFaceSet>
			</Shape>
			<Shape DEF='_IDX_218'>
				<Appearance DEF='Material_128_IDX_128'>
					<Material diffuseColor='0.388102 0.674113 0.603730'/>
					
				</Appearance>
				<IndexedFaceSet solid="false" coordIndex='0 1 2 3 -1'>
					<Coordinate point='11.576830 -0.584173 -1.087451 11.267145 -1.170649 -2.141860 10.437204 -1.138483 -1.824610 10.710655 -0.568533 -0.926379'/>
				</IndexedFaceSet>
			</Shape>
			<Shape DEF='_IDX_219'>
				<Appearance DEF='Material_129_IDX_129'>
					<Material diffuseColor='0.367674 0.660540 0.634763'/>
					
				</Appearance>
				<IndexedFaceSet solid="false" coordIndex='0 1 2 3 -1'>
					<Coordinate point='12.721413 -0.600444 -1.296651 12.363655 -1.204782 -2.553904 11.267145 -1.170649 -2.141860 11.576830 -0.584173 -1.087451'/>
				</IndexedFaceSet>
			</Shape>
			<Shape DEF='_IDX_220'>
				<Appearance DEF='Material_130_IDX_130'>
					<Material diffuseColor='0.506348 0.727546 0.449109'/>
					
				</Appearance>
				<IndexedFaceSet solid="false" coordIndex='0 1 2 3 -1'>
					<Coordinate point='6.667556 -0.838906 -0.128266 6.508702 -1.283871 -0.187513 6.335903 -1.226572 -0.000000 6.472585 -0.794896 -0.000000'/>
				</IndexedFaceSet>
			</Shape>
			<Shape DEF='_IDX_221'>
				<Appearance DEF='Material_131_IDX_131'>
					<Material diffuseColor='0.491406 0.722527 0.466924'/>
					
				</Appearance>
				<IndexedFaceSet solid="false" coordIndex='0 1 2 3 -1'>
					<Coordinate point='6.904666 -0.880744 -0.271143 6.722198 -1.339366 -0.396385 6.508702 -1.283871 -0.187513 6.667556 -0.838906 -0.128266'/>
				</IndexedFaceSet>
			</Shape>
			<Shape DEF='_IDX_222'>
				<Appearance DEF='Material_132_IDX_132'>
					<Material diffuseColor='0.474558 0.716868 0.487010'/>
					
				</Appearance>
				<IndexedFaceSet solid="false" coordIndex='0 1 2 3 -1'>
					<Coordinate point='7.199724 -0.921457 -0.433984 6.990969 -1.394461 -0.634442 6.722198 -1.339366 -0.396385 6.904666 -0.880744 -0.271143'/>
				</IndexedFaceSet>
			</Shape>
			<Shape DEF='_IDX_223'>
				<Appearance DEF='Material_133_IDX_133'>
					<Material diffuseColor='0.455051 0.710316 0.510267'/>
					
				</Appearance>
				<IndexedFaceSet solid="false" coordIndex='0 1 2 3 -1'>
					<Coordinate point='7.577143 -0.962402 -0.625119 7.337605 -1.451103 -0.913863 6.990969 -1.394461 -0.634442 7.199724 -0.921457 -0.433984'/>
				</IndexedFaceSet>
			</Shape>
			<Shape DEF='_IDX_224'>
				<Appearance DEF='Material_134_IDX_134'>
					<Material diffuseColor='0.431669 0.702463 0.538143'/>
					
				</Appearance>
				<IndexedFaceSet solid="false" coordIndex='0 1 2 3 -1'>
					<Coordinate point='8.076756 -1.005425 -0.858262 7.799040 -1.512084 -1.254695 7.337605 -1.451103 -0.913863 7.577143 -0.962402 -0.625119'/>
				</IndexedFaceSet>
			</Shape>
			<Shape DEF='_IDX_225'>
				<Appearance DEF='Material_135_IDX_135'>
					<Material diffuseColor='0.407000 0.686671 0.575022'/>
					
				</Appearance>
				<IndexedFaceSet solid="false" coordIndex='0 1 2 3 -1'>
					<Coordinate point='8.768405 -1.053111 -1.157699 8.440075 -1.581486 -1.692442 7.799040 -1.512084 -1.254695 8.076756 -1.005425 -0.858262'/>
				</IndexedFaceSet>
			</Shape>
			<Shape DEF='_IDX_226'>
				<Appearance DEF='Material_136_IDX_136'>
					<Material diffuseColor='0.374405 0.665012 0.624537'/>
					
				</Appearance>
				<IndexedFaceSet solid="false" coordIndex='0 1 2 3 -1'>
					<Coordinate point='9.787140 -1.108962 -1.570902 9.385996 -1.665190 -2.296504 8.440075 -1.581486 -1.692442 8.768405 -1.053111 -1.157699'/>
				</IndexedFaceSet>
			</Shape>
			<Shape DEF='_IDX_227'>
				<Appearance DEF='Material_137_IDX_137'>
					<Material diffuseColor='0.356568 0.650727 0.652430'/>
					
				</Appearance>
				<IndexedFaceSet solid="false" coordIndex='0 1 2 3 -1'>
					<Coordinate point='9.787140 -1.108962 -1.570902 9.385996 -1.665190 -2.296504 9.385996 -1.665190 -2.296504 9.787140 -1.108962 -1.570902'/>
				</IndexedFaceSet>
			</Shape>
			<Shape DEF='_IDX_228'>
				<Appearance DEF='Material_138_IDX_138'>
					<Material diffuseColor='0.347440 0.638985 0.668151'/>
					
				</Appearance>
				<IndexedFaceSet solid="false" coordIndex='0 1 2 3 -1'>
					<Coordinate point='10.437204 -1.138483 -1.824610 9.989891 -1.710529 -2.667402 9.385996 -1.665190 -2.296504 9.787140 -1.108962 -1.570902'/>
				</IndexedFaceSet>
			</Shape>
			<Shape DEF='_IDX_229'>
				<Appearance DEF='Material_139_IDX_139'>
					<Material diffuseColor='0.326899 0.612562 0.703532'/>
					
				</Appearance>
				<IndexedFaceSet solid="false" coordIndex='0 1 2 3 -1'>
					<Coordinate point='11.267145 -1.170649 -2.141860 10.760845 -1.760941 -3.131191 9.989891 -1.710529 -2.667402 10.437204 -1.138483 -1.824610'/>
				</IndexedFaceSet>
			</Shape>
			<Shape DEF='_IDX_230'>
				<Appearance DEF='Material_140_IDX_140'>
					<Material diffuseColor='0.302083 0.576042 0.745725'/>
					
				</Appearance>
				<IndexedFaceSet solid="false" coordIndex='0 1 2 3 -1'>
					<Coordinate point='12.363655 -1.204782 -2.553904 11.779077 -1.816008 -3.733557 10.760845 -1.760941 -3.131191 11.267145 -1.170649 -2.141860'/>
				</IndexedFaceSet>
			</Shape>
			<Shape DEF='_IDX_231'>
				<Appearance DEF='Material_141_IDX_141'>
					<Material diffuseColor='0.503823 0.726698 0.452120'/>
					
				</Appearance>
				<IndexedFaceSet solid="false" coordIndex='0 1 2 3 -1'>
					<Coordinate point='6.508702 -1.283871 -0.187513 6.281902 -1.751635 -0.241062 6.135735 -1.688615 -0.000000 6.335903 -1.226572 -0.000000'/>
				</IndexedFaceSet>
			</Shape>
			<Shape DEF='_IDX_232'>
				<Appearance DEF='Material_142_IDX_142'>
					<Material diffuseColor='0.483544 0.719886 0.476297'/>
					
				</Appearance>
				<IndexedFaceSet solid="false" coordIndex='0 1 2 3 -1'>
					<Coordinate point='6.722198 -1.339366 -0.396385 6.466043 -1.814182 -0.509583 6.281902 -1.751635 -0.241062 6.508702 -1.283871 -0.187513'/>
				</IndexedFaceSet>
			</Shape>
			<Shape DEF='_IDX_233'>
				<Appearance DEF='Material_143_IDX_143'>
					<Material diffuseColor='0.460678 0.712206 0.503558'/>
					
				</Appearance>
				<IndexedFaceSet solid="false" coordIndex='0 1 2 3 -1'>
					<Coordinate point='6.990969 -1.394461 -0.634442 6.701216 -1.878007 -0.815623 6.466043 -1.814182 -0.509583 6.722198 -1.339366 -0.396385'/>
				</IndexedFaceSet>
			</Shape>
			<Shape DEF='_IDX_234'>
				<Appearance DEF='Material_144_IDX_144'>
					<Material diffuseColor='0.434202 0.703314 0.535123'/>
					
				</Appearance>
				<IndexedFaceSet solid="false" coordIndex='0 1 2 3 -1'>
					<Coordinate point='7.337605 -1.451103 -0.913863 7.007665 -1.945680 -1.174839 6.701216 -1.878007 -0.815623 6.990969 -1.394461 -0.634442'/>
				</IndexedFaceSet>
			</Shape>
			<Shape DEF='_IDX_235'>
				<Appearance DEF='Material_145_IDX_145'>
					<Material diffuseColor='0.407124 0.686753 0.574833'/>
					
				</Appearance>
				<IndexedFaceSet solid="false" coordIndex='0 1 2 3 -1'>
					<Coordinate point='7.799040 -1.512084 -1.254695 7.418491 -2.021052 -1.613005 7.007665 -1.945680 -1.174839 7.337605 -1.451103 -0.913863'/>
				</IndexedFaceSet>
			</Shape>
			<Shape DEF='_IDX_236'>
				<Appearance DEF='Material_146_IDX_146'>
					<Material diffuseColor='0.374064 0.664786 0.625055'/>
					
				</Appearance>
				<IndexedFaceSet solid="false" coordIndex='0 1 2 3 -1'>
					<Coordinate point='8.440075 -1.581486 -1.692442 7.991750 -2.110016 -2.175761 7.418491 -2.021052 -1.613005 7.799040 -1.512084 -1.254695'/>
				</IndexedFaceSet>
			</Shape>
			<Shape DEF='_IDX_237'>
				<Appearance DEF='Material_147_IDX_147'>
					<Material diffuseColor='0.336369 0.624743 0.687221'/>
					
				</Appearance>
				<IndexedFaceSet solid="false" coordIndex='0 1 2 3 -1'>
					<Coordinate point='9.385996 -1.665190 -2.296504 8.839577 -2.221589 -2.952329 7.991750 -2.110016 -2.175761 8.440075 -1.581486 -1.692442'/>
				</IndexedFaceSet>
			</Shape>
			<Shape DEF='_IDX_238'>
				<Appearance DEF='Material_148_IDX_148'>
					<Material diffuseColor='0.316192 0.598790 0.721971'/>
					
				</Appearance>
				<IndexedFaceSet solid="false" coordIndex='0 1 2 3 -1'>
					<Coordinate point='9.385996 -1.665190 -2.296504 8.839577 -2.221589 -2.952329 8.839577 -2.221589 -2.952329 9.385996 -1.665190 -2.296504'/>
				</IndexedFaceSet>
			</Shape>
			<Shape DEF='_IDX_239'>
				<Appearance DEF='Material_149_IDX_149'>
					<Material diffuseColor='0.304377 0.581741 0.742103'/>
					
				</Appearance>
				<IndexedFaceSet solid="false" coordIndex='0 1 2 3 -1'>
					<Coordinate point='9.989891 -1.710529 -2.667402 9.381126 -2.283946 -3.429146 8.839577 -2.221589 -2.952329 9.385996 -1.665190 -2.296504'/>
				</IndexedFaceSet>
			</Shape>
			<Shape DEF='_IDX_240'>
				<Appearance DEF='Material_150_IDX_150'>
					<Material diffuseColor='0.284041 0.531201 0.774224'/>
					
				</Appearance>
				<IndexedFaceSet solid="false" coordIndex='0 1 2 3 -1'>
					<Coordinate point='10.760845 -1.760941 -3.131191 10.072365 -2.355032 -4.025381 9.381126 -2.283946 -3.429146 9.989891 -1.710529 -2.667402'/>
				</IndexedFaceSet>
			</Shape>
			<Shape DEF='_IDX_241'>
				<Appearance DEF='Material_151_IDX_151'>
					<Material diffuseColor='0.261661 0.461279 0.805273'/>
					
				</Appearance>
				<IndexedFaceSet solid="false" coordIndex='0 1 2 3 -1'>
					<Coordinate point='11.779077 -1.816008 -3.733557 10.984776 -2.435381 -4.799768 10.072365 -2.355032 -4.025381 10.760845 -1.760941 -3.131191'/>
				</IndexedFaceSet>
			</Shape>
			<Shape DEF='_IDX_242'>
				<Appearance DEF='Material_152_IDX_152'>
					<Material diffuseColor='0.501590 0.725948 0.454782'/>
					
				</Appearance>
				<IndexedFaceSet solid="false" coordIndex='0 1 2 3 -1'>
					<Coordinate point='6.281902 -1.751635 -0.241062 5.987092 -2.240102 -0.287286 5.869804 -2.178530 -0.000000 6.135735 -1.688615 -0.000000'/>
				</IndexedFaceSet>
			</Shape>
			<Shape DEF='_IDX_243'>
				<Appearance DEF='Material_153_IDX_153'>
					<Material diffuseColor='0.476589 0.717550 0.484589'/>
					
				</Appearance>
				<IndexedFaceSet solid="false" coordIndex='0 1 2 3 -1'>
					<Coordinate point='6.466043 -1.814182 -0.509583 6.138278 -2.303171 -0.607297 5.987092 -2.240102 -0.287286 6.281902 -1.751635 -0.241062'/>
				</IndexedFaceSet>
			</Shape>
			<Shape DEF='_IDX_244'>
				<Appearance DEF='Material_154_IDX_154'>
					<Material diffuseColor='0.448400 0.708082 0.518196'/>
					
				</Appearance>
				<IndexedFaceSet solid="false" coordIndex='0 1 2 3 -1'>
					<Coordinate point='6.701216 -1.878007 -0.815623 6.334644 -2.369922 -0.972022 6.138278 -2.303171 -0.607297 6.466043 -1.814182 -0.509583'/>
				</IndexedFaceSet>
			</Shape>
			<Shape DEF='_IDX_245'>
				<Appearance DEF='Material_155_IDX_155'>
					<Material diffuseColor='0.418156 0.694084 0.558074'/>
					
				</Appearance>
				<IndexedFaceSet solid="false" coordIndex='0 1 2 3 -1'>
					<Coordinate point='7.007665 -1.945680 -1.174839 6.593634 -2.443666 -1.400119 6.334644 -2.369922 -0.972022 6.701216 -1.878007 -0.815623'/>
				</IndexedFaceSet>
			</Shape>
			<Shape DEF='_IDX_246'>
				<Appearance DEF='Material_156_IDX_156'>
					<Material diffuseColor='0.385688 0.672509 0.607398'/>
					
				</Appearance>
				<IndexedFaceSet solid="false" coordIndex='0 1 2 3 -1'>
					<Coordinate point='7.418491 -2.021052 -1.613005 6.943709 -2.529535 -1.922304 6.593634 -2.443666 -1.400119 7.007665 -1.945680 -1.174839'/>
				</IndexedFaceSet>
			</Shape>
			<Shape DEF='_IDX_247'>
				<Appearance DEF='Material_157_IDX_157'>
					<Material diffuseColor='0.348249 0.640026 0.666758'/>
					
				</Appearance>
				<IndexedFaceSet solid="false" coordIndex='0 1 2 3 -1'>
					<Coordinate point='7.991750 -2.110016 -2.175761 7.434696 -2.635664 -2.592972 6.943709 -2.529535 -1.922304 7.418491 -2.021052 -1.613005'/>
				</IndexedFaceSet>
			</Shape>
			<Shape DEF='_IDX_248'>
				<Appearance DEF='Material_158_IDX_158'>
					<Material diffuseColor='0.305505 0.584546 0.740320'/>
					
				</Appearance>
				<IndexedFaceSet solid="false" coordIndex='0 1 2 3 -1'>
					<Coordinate point='8.839577 -2.221589 -2.952329 8.162635 -2.775196 -3.518449 7.434696 -2.635664 -2.592972 7.991750 -2.110016 -2.175761'/>
				</IndexedFaceSet>
			</Shape>
			<Shape DEF='_IDX_249'>
				<Appearance DEF='Material_159_IDX_159'>
					<Material diffuseColor='0.287362 0.539455 0.768978'/>
					
				</Appearance>
				<IndexedFaceSet solid="false" coordIndex='0 1 2 3 -1'>
					<Coordinate point='8.839577 -2.221589 -2.952329 8.162635 -2.775196 -3.518449 8.162635 -2.775196 -3.518449 8.839577 -2.221589 -2.952329'/>
				</IndexedFaceSet>
			</Shape>
			<Shape DEF='_IDX_250'>
				<Appearance DEF='Material_160_IDX_160'>
					<Material diffuseColor='0.276223 0.511768 0.786574'/>
					
				</Appearance>
				<IndexedFaceSet solid="false" coordIndex='0 1 2 3 -1'>
					<Coordinate point='9.381126 -2.283946 -3.429146 8.627785 -2.856035 -4.086697 8.162635 -2.775196 -3.518449 8.839577 -2.221589 -2.952329'/>
				</IndexedFaceSet>
			</Shape>
			<Shape DEF='_IDX_251'>
				<Appearance DEF='Material_161_IDX_161'>
					<Material diffuseColor='0.257832 0.439491 0.807627'/>
					
				</Appearance>
				<IndexedFaceSet solid="false" coordIndex='0 1 2 3 -1'>
					<Coordinate point='10.072365 -2.355032 -4.025381 9.221252 -2.950752 -4.797262 8.627785 -2.856035 -4.086697 9.381126 -2.283946 -3.429146'/>
				</IndexedFaceSet>
			</Shape>
			<Shape DEF='_IDX_252'>
				<Appearance DEF='Material_162_IDX_162'>
					<Material diffuseColor='0.245282 0.336689 0.807602'/>
					
				</Appearance>
				<IndexedFaceSet solid="false" coordIndex='0 1 2 3 -1'>
					<Coordinate point='10.984776 -2.435381 -4.799768 10.003846 -3.061687 -5.720141 9.221252 -2.950752 -4.797262 10.072365 -2.355032 -4.025381'/>
				</IndexedFaceSet>
			</Shape>
			<Shape DEF='_IDX_253'>
				<Appearance DEF='Material_163_IDX_163'>
					<Material diffuseColor='0.499716 0.725318 0.457016'/>
					
				</Appearance>
				<IndexedFaceSet solid="false" coordIndex='0 1 2 3 -1'>
					<Coordinate point='5.987092 -2.240102 -0.287286 5.627481 -2.743028 -0.324781 5.539789 -2.689105 -0.000000 5.869804 -2.178530 -0.000000'/>
				</IndexedFaceSet>
			</Shape>
			<Shape DEF='_IDX_254'>
				<Appearance DEF='Material_164_IDX_164'>
					<Material diffuseColor='0.470753 0.715590 0.491546'/>
					
				</Appearance>
				<IndexedFaceSet solid="false" coordIndex='0 1 2 3 -1'>
					<Coordinate point='6.138278 -2.303171 -0.607297 5.743808 -2.800745 -0.686559 5.627481 -2.743028 -0.324781 5.987092 -2.240102 -0.287286'/>
				</IndexedFaceSet>
			</Shape>
			<Shape DEF='_IDX_255'>
				<Appearance DEF='Material_165_IDX_165'>
					<Material diffuseColor='0.438097 0.704622 0.530479'/>
					
				</Appearance>
				<IndexedFaceSet solid="false" coordIndex='0 1 2 3 -1'>
					<Coordinate point='6.334644 -2.369922 -0.972022 5.898025 -2.864992 -1.098887 5.743808 -2.800745 -0.686559 6.138278 -2.303171 -0.607297'/>
				</IndexedFaceSet>
			</Shape>
			<Shape DEF='_IDX_256'>
				<Appearance DEF='Material_166_IDX_166'>
					<Material diffuseColor='0.405313 0.685550 0.577584'/>
					
				</Appearance>
				<IndexedFaceSet solid="false" coordIndex='0 1 2 3 -1'>
					<Coordinate point='6.593634 -2.443666 -1.400119 6.104369 -2.939996 -1.582857 5.898025 -2.864992 -1.098887 6.334644 -2.369922 -0.972022'/>
				</IndexedFaceSet>
			</Shape>
			<Shape DEF='_IDX_257'>
				<Appearance DEF='Material_167_IDX_167'>
					<Material diffuseColor='0.367700 0.660557 0.634724'/>
					
				</Appearance>
				<IndexedFaceSet solid="false" coordIndex='0 1 2 3 -1'>
					<Coordinate point='6.943709 -2.529535 -1.922304 6.385970 -3.032441 -2.173196 6.104369 -2.939996 -1.582857 6.593634 -2.443666 -1.400119'/>
				</IndexedFaceSet>
			</Shape>
			<Shape DEF='_IDX_258'>
				<Appearance DEF='Material_168_IDX_168'>
					<Material diffuseColor='0.329020 0.615291 0.699877'/>
					
				</Appearance>
				<IndexedFaceSet solid="false" coordIndex='0 1 2 3 -1'>
					<Coordinate point='7.434696 -2.635664 -2.592972 6.783176 -3.153239 -2.931396 6.385970 -3.032441 -2.173196 6.943709 -2.529535 -1.922304'/>
				</IndexedFaceSet>
			</Shape>
			<Shape DEF='_IDX_259'>
				<Appearance DEF='Material_169_IDX_169'>
					<Material diffuseColor='0.286521 0.537364 0.770307'/>
					
				</Appearance>
				<IndexedFaceSet solid="false" coordIndex='0 1 2 3 -1'>
					<Coordinate point='8.162635 -2.775196 -3.518449 7.373494 -3.320807 -3.977663 6.783176 -3.153239 -2.931396 7.434696 -2.635664 -2.592972'/>
				</IndexedFaceSet>
			</Shape>
			<Shape DEF='_IDX_260'>
				<Appearance DEF='Material_170_IDX_170'>
					<Material diffuseColor='0.265780 0.484716 0.802740'/>
					
				</Appearance>
				<IndexedFaceSet solid="false" coordIndex='0 1 2 3 -1'>
					<Coordinate point='8.162635 -2.775196 -3.518449 7.373494 -3.320807 -3.977663 7.373494 -3.320807 -3.977663 8.162635 -2.775196 -3.518449'/>
				</IndexedFaceSet>
			</Shape>
			<Shape DEF='_IDX_261'>
				<Appearance DEF='Material_171_IDX_171'>
					<Material diffuseColor='0.258632 0.444046 0.807135'/>
					
				</Appearance>
				<IndexedFaceSet solid="false" coordIndex='0 1 2 3 -1'>
					<Coordinate point='8.627785 -2.856035 -4.086697 7.750699 -3.421702 -4.620075 7.373494 -3.320807 -3.977663 8.162635 -2.775196 -3.518449'/>
				</IndexedFaceSet>
			</Shape>
			<Shape DEF='_IDX_262'>
				<Appearance DEF='Material_172_IDX_172'>
					<Material diffuseColor='0.244542 0.351795 0.812820'/>
					
				</Appearance>
				<IndexedFaceSet solid="false" coordIndex='0 1 2 3 -1'>
					<Coordinate point='9.221252 -2.950752 -4.797262 8.231532 -3.543281 -5.423381 7.750699 -3.421702 -4.620075 8.627785 -2.856035 -4.086697'/>
				</IndexedFaceSet>
			</Shape>
			<Shape DEF='_IDX_263'>
				<Appearance DEF='Material_173_IDX_173'>
					<Material diffuseColor='0.250827 0.225208 0.768979'/>
					
				</Appearance>
				<IndexedFaceSet solid="false" coordIndex='0 1 2 3 -1'>
					<Coordinate point='10.003846 -3.061687 -5.720141 8.864565 -3.690657 -6.466711 8.231532 -3.543281 -5.423381 9.221252 -2.950752 -4.797262'/>
				</IndexedFaceSet>
			</Shape>
			<Shape DEF='_IDX_264'>
				<Appearance DEF='Material_174_IDX_174'>
					<Material diffuseColor='0.498258 0.724828 0.458754'/>
					
				</Appearance>
				<IndexedFaceSet solid="false" coordIndex='0 1 2 3 -1'>
					<Coordinate point='5.627481 -2.743028 -0.324781 5.209576 -3.251258 -0.352408 5.151163 -3.210098 -0.000000 5.539789 -2.689105 -0.000000'/>
				</IndexedFaceSet>
			</Shape>
			<Shape DEF='_IDX_265'>
				<Appearance DEF='Material_175_IDX_175'>
					<Material diffuseColor='0.466214 0.714066 0.496958'/>
					
				</Appearance>
				<IndexedFaceSet solid="false" coordIndex='0 1 2 3 -1'>
					<Coordinate point='5.743808 -2.800745 -0.686559 5.290449 -3.298584 -0.744960 5.209576 -3.251258 -0.352408 5.627481 -2.743028 -0.324781'/>
				</IndexedFaceSet>
			</Shape>
			<Shape DEF='_IDX_266'>
				<Appearance DEF='Material_176_IDX_176'>
					<Material diffuseColor='0.430084 0.701930 0.540033'/>
					
				</Appearance>
				<IndexedFaceSet solid="false" coordIndex='0 1 2 3 -1'>
					<Coordinate point='5.898025 -2.864992 -1.098887 5.400784 -3.355484 -1.192362 5.290449 -3.298584 -0.744960 5.743808 -2.800745 -0.686559'/>
				</IndexedFaceSet>
			</Shape>
			<Shape DEF='_IDX_267'>
				<Appearance DEF='Material_177_IDX_177'>
					<Material diffuseColor='0.395323 0.678912 0.592760'/>
					
				</Appearance>
				<IndexedFaceSet solid="false" coordIndex='0 1 2 3 -1'>
					<Coordinate point='6.104369 -2.939996 -1.582857 5.551256 -3.427266 -1.717500 5.400784 -3.355484 -1.192362 5.898025 -2.864992 -1.098887'/>
				</IndexedFaceSet>
			</Shape>
			<Shape DEF='_IDX_268'>
				<Appearance DEF='Material_178_IDX_178'>
					<Material diffuseColor='0.355153 0.648907 0.654866'/>
					
				</Appearance>
				<IndexedFaceSet solid="false" coordIndex='0 1 2 3 -1'>
					<Coordinate point='6.385970 -3.032441 -2.173196 5.759089 -3.522461 -2.358055 5.551256 -3.427266 -1.717500 6.104369 -2.939996 -1.582857'/>
				</IndexedFaceSet>
			</Shape>
			<Shape DEF='_IDX_269'>
				<Appearance DEF='Material_179_IDX_179'>
					<Material diffuseColor='0.314063 0.596051 0.725639'/>
					
				</Appearance>
				<IndexedFaceSet solid="false" coordIndex='0 1 2 3 -1'>
					<Coordinate point='6.783176 -3.153239 -2.931396 6.054155 -3.655316 -3.180750 5.759089 -3.522461 -2.358055 6.385970 -3.032441 -2.173196'/>
				</IndexedFaceSet>
			</Shape>
			<Shape DEF='_IDX_270'>
				<Appearance DEF='Material_180_IDX_180'>
					<Material diffuseColor='0.271754 0.500663 0.793632'/>
					
				</Appearance>
				<IndexedFaceSet solid="false" coordIndex='0 1 2 3 -1'>
					<Coordinate point='7.373494 -3.320807 -3.977663 6.493530 -3.850761 -4.316017 6.054155 -3.655316 -3.180750 6.783176 -3.153239 -2.931396'/>
				</IndexedFaceSet>
			</Shape>
			<Shape DEF='_IDX_271'>
				<Appearance DEF='Material_181_IDX_181'>
					<Material diffuseColor='0.256362 0.431130 0.808531'/>
					
				</Appearance>
				<IndexedFaceSet solid="false" coordIndex='0 1 2 3 -1'>
					<Coordinate point='7.373494 -3.320807 -3.977663 6.493530 -3.850761 -4.316017 6.493530 -3.850761 -4.316017 7.373494 -3.320807 -3.977663'/>
				</IndexedFaceSet>
			</Shape>
			<Shape DEF='_IDX_272'>
				<Appearance DEF='Material_182_IDX_182'>
					<Material diffuseColor='0.248454 0.386133 0.813394'/>
					
				</Appearance>
				<IndexedFaceSet solid="false" coordIndex='0 1 2 3 -1'>
					<Coordinate point='7.750699 -3.421702 -4.620075 6.774016 -3.973190 -5.013075 6.493530 -3.850761 -4.316017 7.373494 -3.320807 -3.977663'/>
				</IndexedFaceSet>
			</Shape>
			<Shape DEF='_IDX_273'>
				<Appearance DEF='Material_183_IDX_183'>
					<Material diffuseColor='0.248128 0.278516 0.787506'/>
					
				</Appearance>
				<IndexedFaceSet solid="false" coordIndex='0 1 2 3 -1'>
					<Coordinate point='8.231532 -3.543281 -5.423381 7.130902 -4.124815 -5.884713 6.774016 -3.973190 -5.013075 7.750699 -3.421702 -4.620075'/>
				</IndexedFaceSet>
			</Shape>
			<Shape DEF='_IDX_274'>
				<Appearance DEF='Material_184_IDX_184'>
					<Material diffuseColor='0.289353 0.156368 0.702133'/>
					
				</Appearance>
				<IndexedFaceSet solid="false" coordIndex='0 1 2 3 -1'>
					<Coordinate point='8.864565 -3.690657 -6.466711 7.599383 -4.314562 -7.016792 7.130902 -4.124815 -5.884713 8.231532 -3.543281 -5.423381'/>
				</IndexedFaceSet>
			</Shape>
			<Shape DEF='_IDX_275'>
				<Appearance DEF='Material_185_IDX_185'>
					<Material diffuseColor='0.497261 0.724494 0.459943'/>
					
				</Appearance>
				<IndexedFaceSet solid="false" coordIndex='0 1 2 3 -1'>
					<Coordinate point='5.209576 -3.251258 -0.352408 4.742694 -3.753799 -0.369328 4.712478 -3.729537 -0.000000 5.151163 -3.210098 -0.000000'/>
				</IndexedFaceSet>
			</Shape>
			<Shape DEF='_IDX_276'>
				<Appearance DEF='Material_186_IDX_186'>
					<Material diffuseColor='0.463109 0.713023 0.500660'/>
					
				</Appearance>
				<IndexedFaceSet solid="false" coordIndex='0 1 2 3 -1'>
					<Coordinate point='5.290449 -3.298584 -0.744960 4.788599 -3.786491 -0.780726 4.742694 -3.753799 -0.369328 5.209576 -3.251258 -0.352408'/>
				</IndexedFaceSet>
			</Shape>
			<Shape DEF='_IDX_277'>
				<Appearance DEF='Material_187_IDX_187'>
					<Material diffuseColor='0.425493 0.698959 0.546928'/>
					
				</Appearance>
				<IndexedFaceSet solid="false" coordIndex='0 1 2 3 -1'>
					<Coordinate point='5.400784 -3.355484 -1.192362 4.854744 -3.831769 -1.249608 4.788599 -3.786491 -0.780726 5.290449 -3.298584 -0.744960'/>
				</IndexedFaceSet>
			</Shape>
			<Shape DEF='_IDX_278'>
				<Appearance DEF='Material_188_IDX_188'>
					<Material diffuseColor='0.388490 0.674371 0.603141'/>
					
				</Appearance>
				<IndexedFaceSet solid="false" coordIndex='0 1 2 3 -1'>
					<Coordinate point='5.551256 -3.427266 -1.717500 4.947963 -3.896160 -1.799958 4.854744 -3.831769 -1.249608 5.400784 -3.355484 -1.192362'/>
				</IndexedFaceSet>
			</Shape>
			<Shape DEF='_IDX_279'>
				<Appearance DEF='Material_189_IDX_189'>
					<Material diffuseColor='0.347625 0.639223 0.667833'/>
					
				</Appearance>
				<IndexedFaceSet solid="false" coordIndex='0 1 2 3 -1'>
					<Coordinate point='5.759089 -3.522461 -2.358055 5.079127 -3.990298 -2.471267 4.947963 -3.896160 -1.799958 5.551256 -3.427266 -1.717500'/>
				</IndexedFaceSet>
			</Shape>
			<Shape DEF='_IDX_280'>
				<Appearance DEF='Material_190_IDX_190'>
					<Material diffuseColor='0.304396 0.581790 0.742071'/>
					
				</Appearance>
				<IndexedFaceSet solid="false" coordIndex='0 1 2 3 -1'>
					<Coordinate point='6.054155 -3.655316 -3.180750 5.266887 -4.132308 -3.333460 5.079127 -3.990298 -2.471267 5.759089 -3.522461 -2.358055'/>
				</IndexedFaceSet>
			</Shape>
			<Shape DEF='_IDX_281'>
				<Appearance DEF='Material_191_IDX_191'>
					<Material diffuseColor='0.263647 0.472581 0.804051'/>
					
				</Appearance>
				<IndexedFaceSet solid="false" coordIndex='0 1 2 3 -1'>
					<Coordinate point='6.493530 -3.850761 -4.316017 5.546560 -4.354878 -4.523231 5.266887 -4.132308 -3.333460 6.054155 -3.655316 -3.180750'/>
				</IndexedFaceSet>
			</Shape>
			<Shape DEF='_IDX_282'>
				<Appearance DEF='Material_192_IDX_192'>
					<Material diffuseColor='0.249921 0.394475 0.812492'/>
					
				</Appearance>
				<IndexedFaceSet solid="false" coordIndex='0 1 2 3 -1'>
					<Coordinate point='6.493530 -3.850761 -4.316017 5.546560 -4.354878 -4.523231 5.546560 -4.354878 -4.523231 6.493530 -3.850761 -4.316017'/>
				</IndexedFaceSet>
			</Shape>
			<Shape DEF='_IDX_283'>
				<Appearance DEF='Material_193_IDX_193'>
					<Material diffuseColor='0.244860 0.345293 0.810575'/>
					
				</Appearance>
				<IndexedFaceSet solid="false" coordIndex='0 1 2 3 -1'>
					<Coordinate point='6.774016 -3.973190 -5.013075 5.724449 -4.499954 -5.253756 5.546560 -4.354878 -4.523231 6.493530 -3.850761 -4.316017'/>
				</IndexedFaceSet>
			</Shape>
			<Shape DEF='_IDX_284'>
				<Appearance DEF='Material_194_IDX_194'>
					<Material diffuseColor='0.250581 0.228390 0.770190'/>
					
				</Appearance>
				<IndexedFaceSet solid="false" coordIndex='0 1 2 3 -1'>
					<Coordinate point='7.130902 -4.124815 -5.884713 5.949801 -4.684396 -6.167242 5.724449 -4.499954 -5.253756 6.774016 -3.973190 -5.013075'/>
				</IndexedFaceSet>
			</Shape>
			<Shape DEF='_IDX_285'>
				<Appearance DEF='Material_195_IDX_195'>
					<Material diffuseColor='0.323409 0.116901 0.653884'/>
					
				</Appearance>
				<IndexedFaceSet solid="false" coordIndex='0 1 2 3 -1'>
					<Coordinate point='7.599383 -4.314562 -7.016792 6.243772 -4.921988 -7.353672 5.949801 -4.684396 -6.167242 7.130902 -4.124815 -5.884713'/>
				</IndexedFaceSet>
			</Shape>
			<Shape DEF='_IDX_286'>
				<Appearance DEF='Material_196_IDX_196'>
					<Material diffuseColor='0.496755 0.724324 0.460547'/>
					
				</Appearance>
				<IndexedFaceSet solid="false" coordIndex='0 1 2 3 -1'>
					<Coordinate point='4.742694 -3.753799 -0.369328 4.238286 -4.238692 -0.375025 4.234497 -4.234654 0.000000 4.712478 -3.729537 -0.000000'/>
				</IndexedFaceSet>
			</Shape>
			<Shape DEF='_IDX_287'>
				<Appearance DEF='Material_197_IDX_197'>
					<Material diffuseColor='0.461532 0.712493 0.502539'/>
					
				</Appearance>
				<IndexedFaceSet solid="false" coordIndex='0 1 2 3 -1'>
					<Coordinate point='4.788599 -3.786491 -0.780726 4.250697 -4.253153 -0.792770 4.238286 -4.238692 -0.375025 4.742694 -3.753799 -0.369328'/>
				</IndexedFaceSet>
			</Shape>
			<Shape DEF='_IDX_288'>
				<Appearance DEF='Material_198_IDX_198'>
					<Material diffuseColor='0.423183 0.697424 0.550437'/>
					
				</Appearance>
				<IndexedFaceSet solid="false" coordIndex='0 1 2 3 -1'>
					<Coordinate point='4.854744 -3.831769 -1.249608 4.273696 -4.282962 -1.268885 4.250697 -4.253153 -0.792770 4.788599 -3.786491 -0.780726'/>
				</IndexedFaceSet>
			</Shape>
			<Shape DEF='_IDX_289'>
				<Appearance DEF='Material_199_IDX_199'>
					<Material diffuseColor='0.385020 0.672066 0.608412'/>
					
				</Appearance>
				<IndexedFaceSet solid="false" coordIndex='0 1 2 3 -1'>
					<Coordinate point='4.947963 -3.896160 -1.799958 4.310065 -4.335938 -1.827726 4.273696 -4.282962 -1.268885 4.854744 -3.831769 -1.249608'/>
				</IndexedFaceSet>
			</Shape>
			<Shape DEF='_IDX_290'>
				<Appearance DEF='Material_200_IDX_200'>
					<Material diffuseColor='0.343802 0.634306 0.674417'/>
					
				</Appearance>
				<IndexedFaceSet solid="false" coordIndex='0 1 2 3 -1'>
					<Coordinate point='5.079127 -3.990298 -2.471267 4.364005 -4.425007 -2.509390 4.310065 -4.335938 -1.827726 4.947963 -3.896160 -1.799958'/>
				</IndexedFaceSet>
			</Shape>
			<Shape DEF='_IDX_291'>
				<Appearance DEF='Material_201_IDX_201'>
					<Material diffuseColor='0.300607 0.572373 0.748057'/>
					
				</Appearance>
				<IndexedFaceSet solid="false" coordIndex='0 1 2 3 -1'>
					<Coordinate point='5.266887 -4.132308 -3.333460 4.442441 -4.572650 -3.384884 4.364005 -4.425007 -2.509390 5.079127 -3.990298 -2.471267'/>
				</IndexedFaceSet>
			</Shape>
			<Shape DEF='_IDX_292'>
				<Appearance DEF='Material_202_IDX_202'>
					<Material diffuseColor='0.260807 0.456418 0.805798'/>
					
				</Appearance>
				<IndexedFaceSet solid="false" coordIndex='0 1 2 3 -1'>
					<Coordinate point='5.546560 -4.354878 -4.523231 4.558158 -4.820496 -4.593009 4.442441 -4.572650 -3.384884 5.266887 -4.132308 -3.333460'/>
				</IndexedFaceSet>
			</Shape>
			<Shape DEF='_IDX_293'>
				<Appearance DEF='Material_203_IDX_203'>
					<Material diffuseColor='0.246650 0.375865 0.814504'/>
					
				</Appearance>
				<IndexedFaceSet solid="false" coordIndex='0 1 2 3 -1'>
					<Coordinate point='5.546560 -4.354878 -4.523231 4.558158 -4.820496 -4.593009 4.558158 -4.820496 -4.593009 5.546560 -4.354878 -4.523231'/>
				</IndexedFaceSet>
			</Shape>
			<Shape DEF='_IDX_294'>
				<Appearance DEF='Material_204_IDX_204'>
					<Material diffuseColor='0.245927 0.323507 0.803048'/>
					
				</Appearance>
				<IndexedFaceSet solid="false" coordIndex='0 1 2 3 -1'>
					<Coordinate point='5.724449 -4.499954 -5.253756 4.630437 -4.988650 -5.334804 4.558158 -4.820496 -4.593009 5.546560 -4.354878 -4.523231'/>
				</IndexedFaceSet>
			</Shape>
			<Shape DEF='_IDX_295'>
				<Appearance DEF='Material_205_IDX_205'>
					<Material diffuseColor='0.260696 0.207575 0.751857'/>
					
				</Appearance>
				<IndexedFaceSet solid="false" coordIndex='0 1 2 3 -1'>
					<Coordinate point='5.949801 -4.684396 -6.167242 4.720386 -5.207872 -6.262381 4.630437 -4.988650 -5.334804 5.724449 -4.499954 -5.253756'/>
				</IndexedFaceSet>
			</Shape>
			<Shape DEF='_IDX_296'>
				<Appearance DEF='Material_206_IDX_206'>
					<Material diffuseColor='0.358970 0.114947 0.623401'/>
					
				</Appearance>
				<IndexedFaceSet solid="false" coordIndex='0 1 2 3 -1'>
					<Coordinate point='6.243772 -4.921988 -7.353672 4.834943 -5.497795 -7.467114 4.720386 -5.207872 -6.262381 5.949801 -4.684396 -6.167242'/>
				</IndexedFaceSet>
			</Shape>
			<Shape DEF='_IDX_297'>
				<Appearance USE='Material_196_IDX_196'/>
				<IndexedFaceSet solid="false" coordIndex='0 1 2 3 -1'>
					<Coordinate point='4.238286 -4.238692 -0.375025 3.709237 -4.693767 -0.369328 3.729379 -4.712635 -0.000000 4.234497 -4.234654 0.000000'/>
				</IndexedFaceSet>
			</Shape>
			<Shape DEF='_IDX_298'>
				<Appearance USE='Material_197_IDX_197'/>
				<IndexedFaceSet solid="false" coordIndex='0 1 2 3 -1'>
					<Coordinate point='4.250697 -4.253153 -0.792770 3.690648 -4.686868 -0.780726 3.709237 -4.693767 -0.369328 4.238286 -4.238692 -0.375025'/>
				</IndexedFaceSet>
			</Shape>
			<Shape DEF='_IDX_299'>
				<Appearance USE='Material_198_IDX_198'/>
				<IndexedFaceSet solid="false" coordIndex='0 1 2 3 -1'>
					<Coordinate point='4.273696 -4.282962 -1.268885 3.672912 -4.697582 -1.249608 3.690648 -4.686868 -0.780726 4.250697 -4.253153 -0.792770'/>
				</IndexedFaceSet>
			</Shape>
			<Shape DEF='_IDX_300'>
				<Appearance USE='Material_199_IDX_199'/>
				<IndexedFaceSet solid="false" coordIndex='0 1 2 3 -1'>
					<Coordinate point='4.310065 -4.335938 -1.827726 3.654626 -4.734996 -1.799958 3.672912 -4.697582 -1.249608 4.273696 -4.282962 -1.268885'/>
				</IndexedFaceSet>
			</Shape>
			<Shape DEF='_IDX_301'>
				<Appearance USE='Material_200_IDX_200'/>
				<IndexedFaceSet solid="false" coordIndex='0 1 2 3 -1'>
					<Coordinate point='4.364005 -4.425007 -2.509390 3.633102 -4.814414 -2.471267 3.654626 -4.734996 -1.799958 4.310065 -4.335938 -1.827726'/>
				</IndexedFaceSet>
			</Shape>
			<Shape DEF='_IDX_302'>
				<Appearance USE='Material_201_IDX_201'/>
				<IndexedFaceSet solid="false" coordIndex='0 1 2 3 -1'>
					<Coordinate point='4.442441 -4.572650 -3.384884 3.603233 -4.963043 -3.333460 3.633102 -4.814414 -2.471267 4.364005 -4.425007 -2.509390'/>
				</IndexedFaceSet>
			</Shape>
			<Shape DEF='_IDX_303'>
				<Appearance USE='Material_202_IDX_202'/>
				<IndexedFaceSet solid="false" coordIndex='0 1 2 3 -1'>
					<Coordinate point='4.558158 -4.820496 -4.593009 3.554968 -5.232574 -4.523231 3.603233 -4.963043 -3.333460 4.442441 -4.572650 -3.384884'/>
				</IndexedFaceSet>
			</Shape>
			<Shape DEF='_IDX_304'>
				<Appearance DEF='Material_207_IDX_207'>
					<Material diffuseColor='0.246650 0.375865 0.814504'/>
					
				</Appearance>
				<IndexedFaceSet solid="false" coordIndex='0 1 2 3 -1'>
					<Coordinate point='4.558158 -4.820496 -4.593009 3.554968 -5.232574 -4.523231 3.554968 -5.232574 -4.523231 4.558158 -4.820496 -4.593009'/>
				</IndexedFaceSet>
			</Shape>
			<Shape DEF='_IDX_305'>
				<Appearance USE='Material_204_IDX_204'/>
				<IndexedFaceSet solid="false" coordIndex='0 1 2 3 -1'>
					<Coordinate point='4.630437 -4.988650 -5.334804 3.521293 -5.423212 -5.253756 3.554968 -5.232574 -4.523231 4.558158 -4.820496 -4.593009'/>
				</IndexedFaceSet>
			</Shape>
			<Shape DEF='_IDX_306'>
				<Appearance DEF='Material_208_IDX_208'>
					<Material diffuseColor='0.260696 0.207575 0.751857'/>
					
				</Appearance>
				<IndexedFaceSet solid="false" coordIndex='0 1 2 3 -1'>
					<Coordinate point='4.720386 -5.207872 -6.262381 3.475445 -5.677972 -6.167242 3.521293 -5.423212 -5.253756 4.630437 -4.988650 -5.334804'/>
				</IndexedFaceSet>
			</Shape>
			<Shape DEF='_IDX_307'>
				<Appearance DEF='Material_209_IDX_209'>
					<Material diffuseColor='0.358970 0.114947 0.623401'/>
					
				</Appearance>
				<IndexedFaceSet solid="false" coordIndex='0 1 2 3 -1'>
					<Coordinate point='4.834943 -5.497795 -7.467114 3.410493 -6.023239 -7.353672 3.475445 -5.677972 -6.167242 4.720386 -5.207872 -6.262381'/>
				</IndexedFaceSet>
			</Shape>
			<Shape DEF='_IDX_308'>
				<Appearance USE='Material_185_IDX_185'/>
				<IndexedFaceSet solid="false" coordIndex='0 1 2 3 -1'>
					<Coordinate point='3.709237 -4.693767 -0.369328 3.169203 -5.107378 -0.352408 3.209940 -5.151320 0.000000 3.729379 -4.712635 -0.000000'/>
				</IndexedFaceSet>
			</Shape>
			<Shape DEF='_IDX_309'>
				<Appearance USE='Material_186_IDX_186'/>
				<IndexedFaceSet solid="false" coordIndex='0 1 2 3 -1'>
					<Coordinate point='3.690648 -4.686868 -0.780726 3.123247 -5.076288 -0.744960 3.169203 -5.107378 -0.352408 3.709237 -4.693767 -0.369328'/>
				</IndexedFaceSet>
			</Shape>
			<Shape DEF='_IDX_310'>
				<Appearance USE='Material_187_IDX_187'/>
				<IndexedFaceSet solid="false" coordIndex='0 1 2 3 -1'>
					<Coordinate point='3.672912 -4.697582 -1.249608 3.068681 -5.064259 -1.192362 3.123247 -5.076288 -0.744960 3.690648 -4.686868 -0.780726'/>
				</IndexedFaceSet>
			</Shape>
			<Shape DEF='_IDX_311'>
				<Appearance USE='Material_188_IDX_188'/>
				<IndexedFaceSet solid="false" coordIndex='0 1 2 3 -1'>
					<Coordinate point='3.654626 -4.734996 -1.799958 2.999831 -5.081495 -1.717500 3.068681 -5.064259 -1.192362 3.672912 -4.697582 -1.249608'/>
				</IndexedFaceSet>
			</Shape>
			<Shape DEF='_IDX_312'>
				<Appearance DEF='Material_210_IDX_210'>
					<Material diffuseColor='0.347625 0.639223 0.667833'/>
					
				</Appearance>
				<IndexedFaceSet solid="false" coordIndex='0 1 2 3 -1'>
					<Coordinate point='3.633102 -4.814414 -2.471267 2.906954 -5.145601 -2.358055 2.999831 -5.081495 -1.717500 3.654626 -4.734996 -1.799958'/>
				</IndexedFaceSet>
			</Shape>
			<Shape DEF='_IDX_313'>
				<Appearance USE='Material_190_IDX_190'/>
				<IndexedFaceSet solid="false" coordIndex='0 1 2 3 -1'>
					<Coordinate point='3.603233 -4.963043 -3.333460 2.772669 -5.288743 -3.180750 2.906954 -5.145601 -2.358055 3.633102 -4.814414 -2.471267'/>
				</IndexedFaceSet>
			</Shape>
			<Shape DEF='_IDX_314'>
				<Appearance USE='Material_191_IDX_191'/>
				<IndexedFaceSet solid="false" coordIndex='0 1 2 3 -1'>
					<Coordinate point='3.554968 -5.232574 -4.523231 2.564079 -5.573784 -4.316017 2.772669 -5.288743 -3.180750 3.603233 -4.963043 -3.333460'/>
				</IndexedFaceSet>
			</Shape>
			<Shape DEF='_IDX_315'>
				<Appearance DEF='Material_211_IDX_211'>
					<Material diffuseColor='0.249921 0.394475 0.812492'/>
					
				</Appearance>
				<IndexedFaceSet solid="false" coordIndex='0 1 2 3 -1'>
					<Coordinate point='3.554968 -5.232574 -4.523231 2.564079 -5.573784 -4.316017 2.564079 -5.573784 -4.316017 3.554968 -5.232574 -4.523231'/>
				</IndexedFaceSet>
			</Shape>
			<Shape DEF='_IDX_316'>
				<Appearance USE='Material_193_IDX_193'/>
				<IndexedFaceSet solid="false" coordIndex='0 1 2 3 -1'>
					<Coordinate point='3.521293 -5.423212 -5.253756 2.426360 -5.784903 -5.013075 2.564079 -5.573784 -4.316017 3.554968 -5.232574 -4.523231'/>
				</IndexedFaceSet>
			</Shape>
			<Shape DEF='_IDX_317'>
				<Appearance USE='Material_194_IDX_194'/>
				<IndexedFaceSet solid="false" coordIndex='0 1 2 3 -1'>
					<Coordinate point='3.475445 -5.677972 -6.167242 2.247296 -6.074399 -5.884713 2.426360 -5.784903 -5.013075 3.521293 -5.423212 -5.253756'/>
				</IndexedFaceSet>
			</Shape>
			<Shape DEF='_IDX_318'>
				<Appearance DEF='Material_212_IDX_212'>
					<Material diffuseColor='0.323409 0.116901 0.653884'/>
					
				</Appearance>
				<IndexedFaceSet solid="false" coordIndex='0 1 2 3 -1'>
					<Coordinate point='3.410493 -6.023239 -7.353672 2.006970 -6.476197 -7.016792 2.247296 -6.074399 -5.884713 3.475445 -5.677972 -6.167242'/>
				</IndexedFaceSet>
			</Shape>
			<Shape DEF='_IDX_319'>
				<Appearance USE='Material_174_IDX_174'/>
				<IndexedFaceSet solid="false" coordIndex='0 1 2 3 -1'>
					<Coordinate point='3.169203 -5.107378 -0.352408 2.631974 -5.469213 -0.324781 2.688947 -5.539946 -0.000000 3.209940 -5.151320 0.000000'/>
				</IndexedFaceSet>
			</Shape>
			<Shape DEF='_IDX_320'>
				<Appearance USE='Material_175_IDX_175'/>
				<IndexedFaceSet solid="false" coordIndex='0 1 2 3 -1'>
					<Coordinate point='3.123247 -5.076288 -0.744960 2.563642 -5.411281 -0.686559 2.631974 -5.469213 -0.324781 3.169203 -5.107378 -0.352408'/>
				</IndexedFaceSet>
			</Shape>
			<Shape DEF='_IDX_321'>
				<Appearance USE='Material_176_IDX_176'/>
				<IndexedFaceSet solid="false" coordIndex='0 1 2 3 -1'>
					<Coordinate point='3.068681 -5.064259 -1.192362 2.477897 -5.372622 -1.098887 2.563642 -5.411281 -0.686559 3.123247 -5.076288 -0.744960'/>
				</IndexedFaceSet>
			</Shape>
			<Shape DEF='_IDX_322'>
				<Appearance DEF='Material_213_IDX_213'>
					<Material diffuseColor='0.395323 0.678912 0.592760'/>
					
				</Appearance>
				<IndexedFaceSet solid="false" coordIndex='0 1 2 3 -1'>
					<Coordinate point='2.999831 -5.081495 -1.717500 2.364744 -5.364183 -1.582857 2.477897 -5.372622 -1.098887 3.068681 -5.064259 -1.192362'/>
				</IndexedFaceSet>
			</Shape>
			<Shape DEF='_IDX_323'>
				<Appearance USE='Material_178_IDX_178'/>
				<IndexedFaceSet solid="false" coordIndex='0 1 2 3 -1'>
					<Coordinate point='2.906954 -5.145601 -2.358055 2.207158 -5.405533 -2.173196 2.364744 -5.364183 -1.582857 2.999831 -5.081495 -1.717500'/>
				</IndexedFaceSet>
			</Shape>
			<Shape DEF='_IDX_324'>
				<Appearance USE='Material_179_IDX_179'/>
				<IndexedFaceSet solid="false" coordIndex='0 1 2 3 -1'>
					<Coordinate point='2.772669 -5.288743 -3.180750 1.975063 -5.533843 -2.931396 2.207158 -5.405533 -2.173196 2.906954 -5.145601 -2.358055'/>
				</IndexedFaceSet>
			</Shape>
			<Shape DEF='_IDX_325'>
				<Appearance DEF='Material_214_IDX_214'>
					<Material diffuseColor='0.271754 0.500663 0.793632'/>
					
				</Appearance>
				<IndexedFaceSet solid="false" coordIndex='0 1 2 3 -1'>
					<Coordinate point='2.564079 -5.573784 -4.316017 1.612590 -5.824448 -3.977663 1.975063 -5.533843 -2.931396 2.772669 -5.288743 -3.180750'/>
				</IndexedFaceSet>
			</Shape>
			<Shape DEF='_IDX_326'>
				<Appearance USE='Material_181_IDX_181'/>
				<IndexedFaceSet solid="false" coordIndex='0 1 2 3 -1'>
					<Coordinate point='2.564079 -5.573784 -4.316017 1.612590 -5.824448 -3.977663 1.612590 -5.824448 -3.977663 2.564079 -5.573784 -4.316017'/>
				</IndexedFaceSet>
			</Shape>
			<Shape DEF='_IDX_327'>
				<Appearance USE='Material_182_IDX_182'/>
				<IndexedFaceSet solid="false" coordIndex='0 1 2 3 -1'>
					<Coordinate point='2.426360 -5.784903 -5.013075 1.374253 -6.052211 -4.620075 1.612590 -5.824448 -3.977663 2.564079 -5.573784 -4.316017'/>
				</IndexedFaceSet>
			</Shape>
			<Shape DEF='_IDX_328'>
				<Appearance USE='Material_183_IDX_183'/>
				<IndexedFaceSet solid="false" coordIndex='0 1 2 3 -1'>
					<Coordinate point='2.247296 -6.074399 -5.884713 1.066630 -6.373841 -5.423381 1.374253 -6.052211 -4.620075 2.426360 -5.784903 -5.013075'/>
				</IndexedFaceSet>
			</Shape>
			<Shape DEF='_IDX_329'>
				<Appearance USE='Material_184_IDX_184'/>
				<IndexedFaceSet solid="false" coordIndex='0 1 2 3 -1'>
					<Coordinate point='2.006970 -6.476197 -7.016792 0.658356 -6.831453 -6.466711 1.066630 -6.373841 -5.423381 2.247296 -6.074399 -5.884713'/>
				</IndexedFaceSet>
			</Shape>
			<Shape DEF='_IDX_330'>
				<Appearance USE='Material_163_IDX_163'/>
				<IndexedFaceSet solid="false" coordIndex='0 1 2 3 -1'>
					<Coordinate point='2.631974 -5.469213 -0.324781 2.110767 -5.771233 -0.287286 2.178373 -5.869962 -0.000000 2.688947 -5.539946 -0.000000'/>
				</IndexedFaceSet>
			</Shape>
			<Shape DEF='_IDX_331'>
				<Appearance DEF='Material_215_IDX_215'>
					<Material diffuseColor='0.470753 0.715590 0.491546'/>
					
				</Appearance>
				<IndexedFaceSet solid="false" coordIndex='0 1 2 3 -1'>
					<Coordinate point='2.563642 -5.411281 -0.686559 2.026727 -5.684004 -0.607297 2.110767 -5.771233 -0.287286 2.631974 -5.469213 -0.324781'/>
				</IndexedFaceSet>
			</Shape>
			<Shape DEF='_IDX_332'>
				<Appearance USE='Material_165_IDX_165'/>
				<IndexedFaceSet solid="false" coordIndex='0 1 2 3 -1'>
					<Coordinate point='2.477897 -5.372622 -1.098887 1.917662 -5.614468 -0.972022 2.026727 -5.684004 -0.607297 2.563642 -5.411281 -0.686559'/>
				</IndexedFaceSet>
			</Shape>
			<Shape DEF='_IDX_333'>
				<Appearance USE='Material_166_IDX_166'/>
				<IndexedFaceSet solid="false" coordIndex='0 1 2 3 -1'>
					<Coordinate point='2.364744 -5.364183 -1.582857 1.769227 -5.573567 -1.400119 1.917662 -5.614468 -0.972022 2.477897 -5.372622 -1.098887'/>
				</IndexedFaceSet>
			</Shape>
			<Shape DEF='_IDX_334'>
				<Appearance USE='Material_167_IDX_167'/>
				<IndexedFaceSet solid="false" coordIndex='0 1 2 3 -1'>
					<Coordinate point='2.207158 -5.405533 -2.173196 1.556686 -5.581972 -1.922304 1.769227 -5.573567 -1.400119 2.364744 -5.364183 -1.582857'/>
				</IndexedFaceSet>
			</Shape>
			<Shape DEF='_IDX_335'>
				<Appearance USE='Material_168_IDX_168'/>
				<IndexedFaceSet solid="false" coordIndex='0 1 2 3 -1'>
					<Coordinate point='1.975063 -5.533843 -2.931396 1.236130 -5.681518 -2.592972 1.556686 -5.581972 -1.922304 2.207158 -5.405533 -2.173196'/>
				</IndexedFaceSet>
			</Shape>
			<Shape DEF='_IDX_336'>
				<Appearance DEF='Material_216_IDX_216'>
					<Material diffuseColor='0.286521 0.537364 0.770307'/>
					
				</Appearance>
				<IndexedFaceSet solid="false" coordIndex='0 1 2 3 -1'>
					<Coordinate point='1.612590 -5.824448 -3.977663 0.727533 -5.962026 -3.518449 1.236130 -5.681518 -2.592972 1.975063 -5.533843 -2.931396'/>
				</IndexedFaceSet>
			</Shape>
			<Shape DEF='_IDX_337'>
				<Appearance USE='Material_170_IDX_170'/>
				<IndexedFaceSet solid="false" coordIndex='0 1 2 3 -1'>
					<Coordinate point='1.612590 -5.824448 -3.977663 0.727533 -5.962026 -3.518449 0.727533 -5.962026 -3.518449 1.612590 -5.824448 -3.977663'/>
				</IndexedFaceSet>
			</Shape>
			<Shape DEF='_IDX_338'>
				<Appearance USE='Material_171_IDX_171'/>
				<IndexedFaceSet solid="false" coordIndex='0 1 2 3 -1'>
					<Coordinate point='1.374253 -6.052211 -4.620075 0.392207 -6.200269 -4.086697 0.727533 -5.962026 -3.518449 1.612590 -5.824448 -3.977663'/>
				</IndexedFaceSet>
			</Shape>
			<Shape DEF='_IDX_339'>
				<Appearance DEF='Material_217_IDX_217'>
					<Material diffuseColor='0.244542 0.351795 0.812820'/>
					
				</Appearance>
				<IndexedFaceSet solid="false" coordIndex='0 1 2 3 -1'>
					<Coordinate point='1.066630 -6.373841 -5.423381 -0.038765 -6.549641 -4.797262 0.392207 -6.200269 -4.086697 1.374253 -6.052211 -4.620075'/>
				</IndexedFaceSet>
			</Shape>
			<Shape DEF='_IDX_340'>
				<Appearance DEF='Material_218_IDX_218'>
					<Material diffuseColor='0.250827 0.225208 0.768979'/>
					
				</Appearance>
				<IndexedFaceSet solid="false" coordIndex='0 1 2 3 -1'>
					<Coordinate point='0.658356 -6.831453 -6.466711 -0.605707 -7.060954 -5.720141 -0.038765 -6.549641 -4.797262 1.066630 -6.373841 -5.423381'/>
				</IndexedFaceSet>
			</Shape>
			<Shape DEF='_IDX_341'>
				<Appearance USE='Material_152_IDX_152'/>
				<IndexedFaceSet solid="false" coordIndex='0 1 2 3 -1'>
					<Coordinate point='2.110767 -5.771233 -0.287286 1.617271 -6.008774 -0.241062 1.688457 -6.135892 -0.000000 2.178373 -5.869962 -0.000000'/>
				</IndexedFaceSet>
			</Shape>
			<Shape DEF='_IDX_342'>
				<Appearance USE='Material_153_IDX_153'/>
				<IndexedFaceSet solid="false" coordIndex='0 1 2 3 -1'>
					<Coordinate point='2.026727 -5.684004 -0.607297 1.526276 -5.890302 -0.509583 1.617271 -6.008774 -0.241062 2.110767 -5.771233 -0.287286'/>
				</IndexedFaceSet>
			</Shape>
			<Shape DEF='_IDX_343'>
				<Appearance USE='Material_154_IDX_154'/>
				<IndexedFaceSet solid="false" coordIndex='0 1 2 3 -1'>
					<Coordinate point='1.917662 -5.614468 -0.972022 1.404692 -5.785492 -0.815623 1.526276 -5.890302 -0.509583 2.026727 -5.684004 -0.607297'/>
				</IndexedFaceSet>
			</Shape>
			<Shape DEF='_IDX_344'>
				<Appearance USE='Material_155_IDX_155'/>
				<IndexedFaceSet solid="false" coordIndex='0 1 2 3 -1'>
					<Coordinate point='1.769227 -5.573567 -1.400119 1.233949 -5.703844 -1.174839 1.404692 -5.785492 -0.815623 1.917662 -5.614468 -0.972022'/>
				</IndexedFaceSet>
			</Shape>
			<Shape DEF='_IDX_345'>
				<Appearance USE='Material_156_IDX_156'/>
				<IndexedFaceSet solid="false" coordIndex='0 1 2 3 -1'>
					<Coordinate point='1.556686 -5.581972 -1.922304 0.980847 -5.665112 -1.613005 1.233949 -5.703844 -1.174839 1.769227 -5.573567 -1.400119'/>
				</IndexedFaceSet>
			</Shape>
			<Shape DEF='_IDX_346'>
				<Appearance USE='Material_157_IDX_157'/>
				<IndexedFaceSet solid="false" coordIndex='0 1 2 3 -1'>
					<Coordinate point='1.236130 -5.681518 -2.592972 0.584726 -5.714306 -2.175761 0.980847 -5.665112 -1.613005 1.556686 -5.581972 -1.922304'/>
				</IndexedFaceSet>
			</Shape>
			<Shape DEF='_IDX_347'>
				<Appearance USE='Material_158_IDX_158'/>
				<IndexedFaceSet solid="false" coordIndex='0 1 2 3 -1'>
					<Coordinate point='0.727533 -5.962026 -3.518449 -0.063444 -5.959480 -2.952329 0.584726 -5.714306 -2.175761 1.236130 -5.681518 -2.592972'/>
				</IndexedFaceSet>
			</Shape>
			<Shape DEF='_IDX_348'>
				<Appearance USE='Material_159_IDX_159'/>
				<IndexedFaceSet solid="false" coordIndex='0 1 2 3 -1'>
					<Coordinate point='0.727533 -5.962026 -3.518449 -0.063444 -5.959480 -2.952329 -0.063444 -5.959480 -2.952329 0.727533 -5.962026 -3.518449'/>
				</IndexedFaceSet>
			</Shape>
			<Shape DEF='_IDX_349'>
				<Appearance USE='Material_160_IDX_160'/>
				<IndexedFaceSet solid="false" coordIndex='0 1 2 3 -1'>
					<Coordinate point='0.392207 -6.200269 -4.086697 -0.494520 -6.199042 -3.429146 -0.063444 -5.959480 -2.952329 0.727533 -5.962026 -3.518449'/>
				</IndexedFaceSet>
			</Shape>
			<Shape DEF='_IDX_350'>
				<Appearance USE='Material_161_IDX_161'/>
				<IndexedFaceSet solid="false" coordIndex='0 1 2 3 -1'>
					<Coordinate point='-0.038765 -6.549641 -4.797262 -1.045840 -6.570723 -4.025381 -0.494520 -6.199042 -3.429146 0.392207 -6.200269 -4.086697'/>
				</IndexedFaceSet>
			</Shape>
			<Shape DEF='_IDX_351'>
				<Appearance DEF='Material_219_IDX_219'>
					<Material diffuseColor='0.245282 0.336689 0.807602'/>
					
				</Appearance>
				<IndexedFaceSet solid="false" coordIndex='0 1 2 3 -1'>
					<Coordinate point='-0.605707 -7.060954 -5.720141 -1.762348 -7.134059 -4.799768 -1.045840 -6.570723 -4.025381 -0.038765 -6.549641 -4.797262'/>
				</IndexedFaceSet>
			</Shape>
			<Shape DEF='_IDX_352'>
				<Appearance USE='Material_141_IDX_141'/>
				<IndexedFaceSet solid="false" coordIndex='0 1 2 3 -1'>
					<Coordinate point='1.617271 -6.008774 -0.241062 1.160176 -6.181625 -0.187513 1.226415 -6.336061 -0.000000 1.688457 -6.135892 -0.000000'/>
				</IndexedFaceSet>
			</Shape>
			<Shape DEF='_IDX_353'>
				<Appearance USE='Material_142_IDX_142'/>
				<IndexedFaceSet solid="false" coordIndex='0 1 2 3 -1'>
					<Coordinate point='1.526276 -5.890302 -0.509583 1.073371 -6.031352 -0.396385 1.160176 -6.181625 -0.187513 1.617271 -6.008774 -0.241062'/>
				</IndexedFaceSet>
			</Shape>
			<Shape DEF='_IDX_354'>
				<Appearance USE='Material_143_IDX_143'/>
				<IndexedFaceSet solid="false" coordIndex='0 1 2 3 -1'>
					<Coordinate point='1.404692 -5.785492 -0.815623 0.953938 -5.887764 -0.634442 1.073371 -6.031352 -0.396385 1.526276 -5.890302 -0.509583'/>
				</IndexedFaceSet>
			</Shape>
			<Shape DEF='_IDX_355'>
				<Appearance USE='Material_144_IDX_144'/>
				<IndexedFaceSet solid="false" coordIndex='0 1 2 3 -1'>
					<Coordinate point='1.233949 -5.703844 -1.174839 0.779934 -5.756354 -0.913863 0.953938 -5.887764 -0.634442 1.404692 -5.785492 -0.815623'/>
				</IndexedFaceSet>
			</Shape>
			<Shape DEF='_IDX_356'>
				<Appearance USE='Material_145_IDX_145'/>
				<IndexedFaceSet solid="false" coordIndex='0 1 2 3 -1'>
					<Coordinate point='0.980847 -5.665112 -1.613005 0.509131 -5.651279 -1.254695 0.779934 -5.756354 -0.913863 1.233949 -5.703844 -1.174839'/>
				</IndexedFaceSet>
			</Shape>
			<Shape DEF='_IDX_357'>
				<Appearance USE='Material_146_IDX_146'/>
				<IndexedFaceSet solid="false" coordIndex='0 1 2 3 -1'>
					<Coordinate point='0.584726 -5.714306 -2.175761 0.057589 -5.614967 -1.692442 0.509131 -5.651279 -1.254695 0.980847 -5.665112 -1.613005'/>
				</IndexedFaceSet>
			</Shape>
			<Shape DEF='_IDX_358'>
				<Appearance USE='Material_147_IDX_147'/>
				<IndexedFaceSet solid="false" coordIndex='0 1 2 3 -1'>
					<Coordinate point='-0.063444 -5.959480 -2.952329 -0.729560 -5.780493 -2.296504 0.057589 -5.614967 -1.692442 0.584726 -5.714306 -2.175761'/>
				</IndexedFaceSet>
			</Shape>
			<Shape DEF='_IDX_359'>
				<Appearance USE='Material_148_IDX_148'/>
				<IndexedFaceSet solid="false" coordIndex='0 1 2 3 -1'>
					<Coordinate point='-0.063444 -5.959480 -2.952329 -0.729560 -5.780493 -2.296504 -0.729560 -5.780493 -2.296504 -0.063444 -5.959480 -2.952329'/>
				</IndexedFaceSet>
			</Shape>
			<Shape DEF='_IDX_360'>
				<Appearance USE='Material_149_IDX_149'/>
				<IndexedFaceSet solid="false" coordIndex='0 1 2 3 -1'>
					<Coordinate point='-0.494520 -6.199042 -3.429146 -1.263696 -6.008286 -2.667402 -0.729560 -5.780493 -2.296504 -0.063444 -5.959480 -2.952329'/>
				</IndexedFaceSet>
			</Shape>
			<Shape DEF='_IDX_361'>
				<Appearance USE='Material_150_IDX_150'/>
				<IndexedFaceSet solid="false" coordIndex='0 1 2 3 -1'>
					<Coordinate point='-1.045840 -6.570723 -4.025381 -1.940117 -6.399000 -3.131191 -1.263696 -6.008286 -2.667402 -0.494520 -6.199042 -3.429146'/>
				</IndexedFaceSet>
			</Shape>
			<Shape DEF='_IDX_362'>
				<Appearance USE='Material_151_IDX_151'/>
				<IndexedFaceSet solid="false" coordIndex='0 1 2 3 -1'>
					<Coordinate point='-1.762348 -7.134059 -4.799768 -2.799576 -7.018302 -3.733557 -1.940117 -6.399000 -3.131191 -1.045840 -6.570723 -4.025381'/>
				</IndexedFaceSet>
			</Shape>
			<Shape DEF='_IDX_363'>
				<Appearance USE='Material_130_IDX_130'/>
				<IndexedFaceSet solid="false" coordIndex='0 1 2 3 -1'>
					<Coordinate point='1.160176 -6.181625 -0.187513 0.742896 -6.294568 -0.128266 0.794739 -6.472743 -0.000000 1.226415 -6.336061 -0.000000'/>
				</IndexedFaceSet>
			</Shape>
			<Shape DEF='_IDX_364'>
				<Appearance USE='Material_131_IDX_131'/>
				<IndexedFaceSet solid="false" coordIndex='0 1 2 3 -1'>
					<Coordinate point='1.073371 -6.031352 -0.396385 0.673445 -6.115017 -0.271143 0.742896 -6.294568 -0.128266 1.160176 -6.181625 -0.187513'/>
				</IndexedFaceSet>
			</Shape>
			<Shape DEF='_IDX_365'>
				<Appearance USE='Material_132_IDX_132'/>
				<IndexedFaceSet solid="false" coordIndex='0 1 2 3 -1'>
					<Coordinate point='0.953938 -5.887764 -0.634442 0.575070 -5.932706 -0.433984 0.673445 -6.115017 -0.271143 1.073371 -6.031352 -0.396385'/>
				</IndexedFaceSet>
			</Shape>
			<Shape DEF='_IDX_366'>
				<Appearance DEF='Material_220_IDX_220'>
					<Material diffuseColor='0.455051 0.710316 0.510267'/>
					
				</Appearance>
				<IndexedFaceSet solid="false" coordIndex='0 1 2 3 -1'>
					<Coordinate point='0.779934 -5.756354 -0.913863 0.425573 -5.745485 -0.625119 0.575070 -5.932706 -0.433984 0.953938 -5.887764 -0.634442'/>
				</IndexedFaceSet>
			</Shape>
			<Shape DEF='_IDX_367'>
				<Appearance DEF='Material_221_IDX_221'>
					<Material diffuseColor='0.431669 0.702463 0.538143'/>
					
				</Appearance>
				<IndexedFaceSet solid="false" coordIndex='0 1 2 3 -1'>
					<Coordinate point='0.509131 -5.651279 -1.254695 0.176669 -5.552304 -0.858262 0.425573 -5.745485 -0.625119 0.779934 -5.756354 -0.913863'/>
				</IndexedFaceSet>
			</Shape>
			<Shape DEF='_IDX_368'>
				<Appearance DEF='Material_222_IDX_222'>
					<Material diffuseColor='0.407000 0.686671 0.575022'/>
					
				</Appearance>
				<IndexedFaceSet solid="false" coordIndex='0 1 2 3 -1'>
					<Coordinate point='0.057589 -5.614967 -1.692442 -0.288075 -5.371679 -1.157699 0.176669 -5.552304 -0.858262 0.509131 -5.651279 -1.254695'/>
				</IndexedFaceSet>
			</Shape>
			<Shape DEF='_IDX_369'>
				<Appearance USE='Material_136_IDX_136'/>
				<IndexedFaceSet solid="false" coordIndex='0 1 2 3 -1'>
					<Coordinate point='-0.729560 -5.780493 -2.296504 -1.228835 -5.364120 -1.570902 -0.288075 -5.371679 -1.157699 0.057589 -5.614967 -1.692442'/>
				</IndexedFaceSet>
			</Shape>
			<Shape DEF='_IDX_370'>
				<Appearance DEF='Material_223_IDX_223'>
					<Material diffuseColor='0.356568 0.650727 0.652430'/>
					
				</Appearance>
				<IndexedFaceSet solid="false" coordIndex='0 1 2 3 -1'>
					<Coordinate point='-0.729560 -5.780493 -2.296504 -1.228835 -5.364120 -1.570902 -1.228835 -5.364120 -1.570902 -0.729560 -5.780493 -2.296504'/>
				</IndexedFaceSet>
			</Shape>
			<Shape DEF='_IDX_371'>
				<Appearance DEF='Material_224_IDX_224'>
					<Material diffuseColor='0.347440 0.638985 0.668151'/>
					
				</Appearance>
				<IndexedFaceSet solid="false" coordIndex='0 1 2 3 -1'>
					<Coordinate point='-1.263696 -6.008286 -2.667402 -1.901057 -5.562728 -1.824610 -1.228835 -5.364120 -1.570902 -0.729560 -5.780493 -2.296504'/>
				</IndexedFaceSet>
			</Shape>
			<Shape DEF='_IDX_372'>
				<Appearance DEF='Material_225_IDX_225'>
					<Material diffuseColor='0.326899 0.612562 0.703532'/>
					
				</Appearance>
				<IndexedFaceSet solid="false" coordIndex='0 1 2 3 -1'>
					<Coordinate point='-1.940117 -6.399000 -3.131191 -2.726857 -5.985097 -2.141860 -1.901057 -5.562728 -1.824610 -1.263696 -6.008286 -2.667402'/>
				</IndexedFaceSet>
			</Shape>
			<Shape DEF='_IDX_373'>
				<Appearance DEF='Material_226_IDX_226'>
					<Material diffuseColor='0.302083 0.576042 0.745725'/>
					
				</Appearance>
				<IndexedFaceSet solid="false" coordIndex='0 1 2 3 -1'>
					<Coordinate point='-2.799576 -7.018302 -3.733557 -3.723827 -6.683511 -2.553904 -2.726857 -5.985097 -2.141860 -1.940117 -6.399000 -3.131191'/>
				</IndexedFaceSet>
			</Shape>
			<Shape DEF='_IDX_374'>
				<Appearance USE='Material_119_IDX_119'/>
				<IndexedFaceSet solid="false" coordIndex='0 1 2 3 -1'>
					<Coordinate point='0.742896 -6.294568 -0.128266 0.360827 -6.356274 -0.065122 0.389498 -6.551083 -0.000000 0.794739 -6.472743 -0.000000'/>
				</IndexedFaceSet>
			</Shape>
			<Shape DEF='_IDX_375'>
				<Appearance USE='Material_120_IDX_120'/>
				<IndexedFaceSet solid="false" coordIndex='0 1 2 3 -1'>
					<Coordinate point='0.673445 -6.115017 -0.271143 0.321789 -6.155151 -0.137663 0.360827 -6.356274 -0.065122 0.742896 -6.294568 -0.128266'/>
				</IndexedFaceSet>
			</Shape>
			<Shape DEF='_IDX_376'>
				<Appearance USE='Material_121_IDX_121'/>
				<IndexedFaceSet solid="false" coordIndex='0 1 2 3 -1'>
					<Coordinate point='0.575070 -5.932706 -0.433984 0.265180 -5.942122 -0.220340 0.321789 -6.155151 -0.137663 0.673445 -6.115017 -0.271143'/>
				</IndexedFaceSet>
			</Shape>
			<Shape DEF='_IDX_377'>
				<Appearance USE='Material_122_IDX_122'/>
				<IndexedFaceSet solid="false" coordIndex='0 1 2 3 -1'>
					<Coordinate point='0.425573 -5.745485 -0.625119 0.175755 -5.705267 -0.317381 0.265180 -5.942122 -0.220340 0.575070 -5.932706 -0.433984'/>
				</IndexedFaceSet>
			</Shape>
			<Shape DEF='_IDX_378'>
				<Appearance USE='Material_123_IDX_123'/>
				<IndexedFaceSet solid="false" coordIndex='0 1 2 3 -1'>
					<Coordinate point='0.176669 -5.552304 -0.858262 0.015154 -5.417034 -0.435751 0.175755 -5.705267 -0.317381 0.425573 -5.745485 -0.625119'/>
				</IndexedFaceSet>
			</Shape>
			<Shape DEF='_IDX_379'>
				<Appearance DEF='Material_227_IDX_227'>
					<Material diffuseColor='0.445379 0.707067 0.521798'/>
					
				</Appearance>
				<IndexedFaceSet solid="false" coordIndex='0 1 2 3 -1'>
					<Coordinate point='-0.288075 -5.371679 -1.157699 -0.344958 -5.012757 -0.587779 0.015154 -5.417034 -0.435751 0.176669 -5.552304 -0.858262'/>
				</IndexedFaceSet>
			</Shape>
			<Shape DEF='_IDX_380'>
				<Appearance USE='Material_125_IDX_125'/>
				<IndexedFaceSet solid="false" coordIndex='0 1 2 3 -1'>
					<Coordinate point='-1.228835 -5.364120 -1.570902 -1.473808 -4.555895 -0.797568 -0.344958 -5.012757 -0.587779 -0.288075 -5.371679 -1.157699'/>
				</IndexedFaceSet>
			</Shape>
			<Shape DEF='_IDX_381'>
				<Appearance DEF='Material_228_IDX_228'>
					<Material diffuseColor='0.411201 0.689462 0.568639'/>
					
				</Appearance>
				<IndexedFaceSet solid="false" coordIndex='0 1 2 3 -1'>
					<Coordinate point='-1.228835 -5.364120 -1.570902 -1.473808 -4.555895 -0.797568 -1.473808 -4.555895 -0.797568 -1.228835 -5.364120 -1.570902'/>
				</IndexedFaceSet>
			</Shape>
			<Shape DEF='_IDX_382'>
				<Appearance DEF='Material_229_IDX_229'>
					<Material diffuseColor='0.404095 0.684740 0.579435'/>
					
				</Appearance>
				<IndexedFaceSet solid="false" coordIndex='0 1 2 3 -1'>
					<Coordinate point='-1.901057 -5.562728 -1.824610 -2.438344 -4.723884 -0.926379 -1.473808 -4.555895 -0.797568 -1.228835 -5.364120 -1.570902'/>
				</IndexedFaceSet>
			</Shape>
			<Shape DEF='_IDX_383'>
				<Appearance DEF='Material_230_IDX_230'>
					<Material diffuseColor='0.388102 0.674113 0.603730'/>
					
				</Appearance>
				<IndexedFaceSet solid="false" coordIndex='0 1 2 3 -1'>
					<Coordinate point='-2.726857 -5.985097 -2.141860 -3.467321 -5.274914 -1.087451 -2.438344 -4.723884 -0.926379 -1.901057 -5.562728 -1.824610'/>
				</IndexedFaceSet>
			</Shape>
			<Shape DEF='_IDX_384'>
				<Appearance USE='Material_129_IDX_129'/>
				<IndexedFaceSet solid="false" coordIndex='0 1 2 3 -1'>
					<Coordinate point='-3.723827 -6.683511 -2.553904 -4.569270 -6.119602 -1.296651 -3.467321 -5.274914 -1.087451 -2.726857 -5.985097 -2.141860'/>
				</IndexedFaceSet>
			</Shape>
			<Shape DEF='_IDX_385'>
				<Appearance USE='Material_108_IDX_108'/>
				<IndexedFaceSet solid="false" coordIndex='0 1 2 3 -1'>
					<Coordinate point='0.360827 -6.356274 -0.065122 -0.000157 -6.375573 0.000000 -0.000157 -6.576431 0.000000 0.389498 -6.551083 -0.000000'/>
				</IndexedFaceSet>
			</Shape>
			<Shape DEF='_IDX_386'>
				<Appearance USE='Material_109_IDX_109'/>
				<IndexedFaceSet solid="false" coordIndex='0 1 2 3 -1'>
					<Coordinate point='0.321789 -6.155151 -0.137663 -0.000157 -6.166367 -0.000000 -0.000157 -6.375573 0.000000 0.360827 -6.356274 -0.065122'/>
				</IndexedFaceSet>
			</Shape>
			<Shape DEF='_IDX_387'>
				<Appearance USE='Material_110_IDX_110'/>
				<IndexedFaceSet solid="false" coordIndex='0 1 2 3 -1'>
					<Coordinate point='0.265180 -5.942122 -0.220340 -0.000157 -5.941283 -0.000000 -0.000157 -6.166367 -0.000000 0.321789 -6.155151 -0.137663'/>
				</IndexedFaceSet>
			</Shape>
			<Shape DEF='_IDX_388'>
				<Appearance USE='Material_111_IDX_111'/>
				<IndexedFaceSet solid="false" coordIndex='0 1 2 3 -1'>
					<Coordinate point='0.175755 -5.705267 -0.317381 -0.000157 -5.683394 0.000000 -0.000157 -5.941283 -0.000000 0.265180 -5.942122 -0.220340'/>
				</IndexedFaceSet>
			</Shape>
			<Shape DEF='_IDX_389'>
				<Appearance USE='Material_112_IDX_112'/>
				<IndexedFaceSet solid="false" coordIndex='0 1 2 3 -1'>
					<Coordinate point='0.015154 -5.417034 -0.435751 -0.000157 -5.348300 0.000000 -0.000157 -5.683394 0.000000 0.175755 -5.705267 -0.317381'/>
				</IndexedFaceSet>
			</Shape>
			<Shape DEF='_IDX_390'>
				<Appearance USE='Material_113_IDX_113'/>
				<IndexedFaceSet solid="false" coordIndex='0 1 2 3 -1'>
					<Coordinate point='-0.344958 -5.012757 -0.587779 -0.000157 -4.779771 -0.000000 -0.000157 -5.348300 0.000000 0.015154 -5.417034 -0.435751'/>
				</IndexedFaceSet>
			</Shape>
			<Shape DEF='_IDX_391'>
				<Appearance USE='Material_114_IDX_114'/>
				<IndexedFaceSet solid="false" coordIndex='0 1 2 3 -1'>
					<Coordinate point='-1.473808 -4.555895 -0.797568 -0.000179 -0.001706 -0.000000 -0.000157 -4.779771 -0.000000 -0.344958 -5.012757 -0.587779'/>
				</IndexedFaceSet>
			</Shape>
			<Shape DEF='_IDX_392'>
				<Appearance USE='Material_115_IDX_115'/>
				<IndexedFaceSet solid="false" coordIndex='0 1 2 3 -1'>
					<Coordinate point='-1.473808 -4.555895 -0.797568 -0.000456 -0.000747 -0.000000 -0.000179 -0.001706 -0.000000 -1.473808 -4.555895 -0.797568'/>
				</IndexedFaceSet>
			</Shape>
			<Shape DEF='_IDX_393'>
				<Appearance USE='Material_116_IDX_116'/>
				<IndexedFaceSet solid="false" coordIndex='0 1 2 3 -1'>
					<Coordinate point='-2.438344 -4.723884 -0.926379 -3.310548 -3.310390 0.000000 -0.000456 -0.000747 -0.000000 -1.473808 -4.555895 -0.797568'/>
				</IndexedFaceSet>
			</Shape>
			<Shape DEF='_IDX_394'>
				<Appearance USE='Material_117_IDX_117'/>
				<IndexedFaceSet solid="false" coordIndex='0 1 2 3 -1'>
					<Coordinate point='-3.467321 -5.274914 -1.087451 -4.327443 -4.327285 0.000000 -3.310548 -3.310390 0.000000 -2.438344 -4.723884 -0.926379'/>
				</IndexedFaceSet>
			</Shape>
			<Shape DEF='_IDX_395'>
				<Appearance USE='Material_118_IDX_118'/>
				<IndexedFaceSet solid="false" coordIndex='0 1 2 3 -1'>
					<Coordinate point='-4.569270 -6.119602 -1.296651 -5.379230 -5.379073 -0.000000 -4.327443 -4.327285 0.000000 -3.467321 -5.274914 -1.087451'/>
				</IndexedFaceSet>
			</Shape>
			<Shape DEF='_IDX_396'>
				<Appearance USE='Material_118_IDX_118'/>
				<IndexedFaceSet solid="false" coordIndex='0 1 2 3 -1'>
					<Coordinate point='-0.000000 -11.681051 0.000000 -0.584173 -11.576830 -1.087451 -0.600444 -12.721413 -1.296651 0.000000 -12.841846 -0.000000'/>
				</IndexedFaceSet>
			</Shape>
			<Shape DEF='_IDX_397'>
				<Appearance USE='Material_117_IDX_117'/>
				<IndexedFaceSet solid="false" coordIndex='0 1 2 3 -1'>
					<Coordinate point='-0.000000 -10.802656 0.000000 -0.568533 -10.710655 -0.926379 -0.584173 -11.576830 -1.087451 -0.000000 -11.681051 0.000000'/>
				</IndexedFaceSet>
			</Shape>
			<Shape DEF='_IDX_398'>
				<Appearance USE='Material_116_IDX_116'/>
				<IndexedFaceSet solid="false" coordIndex='0 1 2 3 -1'>
					<Coordinate point='0.000000 -10.114641 -0.000000 -0.553989 -10.032214 -0.797568 -0.568533 -10.710655 -0.926379 -0.000000 -10.802656 0.000000'/>
				</IndexedFaceSet>
			</Shape>
			<Shape DEF='_IDX_399'>
				<Appearance USE='Material_115_IDX_115'/>
				<IndexedFaceSet solid="false" coordIndex='0 1 2 3 -1'>
					<Coordinate point='0.000000 -10.114641 -0.000000 -0.553989 -10.032214 -0.797568 -0.553989 -10.032214 -0.797568 0.000000 -10.114641 -0.000000'/>
				</IndexedFaceSet>
			</Shape>
			<Shape DEF='_IDX_400'>
				<Appearance USE='Material_114_IDX_114'/>
				<IndexedFaceSet solid="false" coordIndex='0 1 2 3 -1'>
					<Coordinate point='-0.000000 -9.035929 -0.000000 -0.526039 -8.968643 -0.587779 -0.553989 -10.032214 -0.797568 0.000000 -10.114641 -0.000000'/>
				</IndexedFaceSet>
			</Shape>
			<Shape DEF='_IDX_401'>
				<Appearance USE='Material_113_IDX_113'/>
				<IndexedFaceSet solid="false" coordIndex='0 1 2 3 -1'>
					<Coordinate point='0.000000 -8.302370 0.000000 -0.501737 -8.245685 -0.435751 -0.526039 -8.968643 -0.587779 -0.000000 -9.035929 -0.000000'/>
				</IndexedFaceSet>
			</Shape>
			<Shape DEF='_IDX_402'>
				<Appearance USE='Material_112_IDX_112'/>
				<IndexedFaceSet solid="false" coordIndex='0 1 2 3 -1'>
					<Coordinate point='-0.000000 -7.770863 0.000000 -0.479455 -7.722270 -0.317381 -0.501737 -8.245685 -0.435751 0.000000 -8.302370 0.000000'/>
				</IndexedFaceSet>
			</Shape>
			<Shape DEF='_IDX_403'>
				<Appearance USE='Material_111_IDX_111'/>
				<IndexedFaceSet solid="false" coordIndex='0 1 2 3 -1'>
					<Coordinate point='-0.000000 -7.367372 -0.000000 -0.457935 -7.325428 -0.220340 -0.479455 -7.722270 -0.317381 -0.000000 -7.770863 0.000000'/>
				</IndexedFaceSet>
			</Shape>
			<Shape DEF='_IDX_404'>
				<Appearance USE='Material_110_IDX_110'/>
				<IndexedFaceSet solid="false" coordIndex='0 1 2 3 -1'>
					<Coordinate point='0.000000 -7.049608 -0.000000 -0.436249 -7.013496 -0.137663 -0.457935 -7.325428 -0.220340 -0.000000 -7.367372 -0.000000'/>
				</IndexedFaceSet>
			</Shape>
			<Shape DEF='_IDX_405'>
				<Appearance USE='Material_109_IDX_109'/>
				<IndexedFaceSet solid="false" coordIndex='0 1 2 3 -1'>
					<Coordinate point='0.000000 -6.791561 0.000000 -0.413682 -6.760879 -0.065122 -0.436249 -7.013496 -0.137663 0.000000 -7.049608 -0.000000'/>
				</IndexedFaceSet>
			</Shape>
			<Shape DEF='_IDX_406'>
				<Appearance USE='Material_108_IDX_108'/>
				<IndexedFaceSet solid="false" coordIndex='0 1 2 3 -1'>
					<Coordinate point='0.000000 -6.576274 0.000000 -0.389656 -6.550925 -0.000000 -0.413682 -6.760879 -0.065122 0.000000 -6.791561 0.000000'/>
				</IndexedFaceSet>
			</Shape>
			<Shape DEF='_IDX_407'>
				<Appearance USE='Material_129_IDX_129'/>
				<IndexedFaceSet solid="false" coordIndex='0 1 2 3 -1'>
					<Coordinate point='-0.584173 -11.576830 -1.087451 -1.170649 -11.267145 -2.141860 -1.204782 -12.363655 -2.553904 -0.600444 -12.721413 -1.296651'/>
				</IndexedFaceSet>
			</Shape>
			<Shape DEF='_IDX_408'>
				<Appearance USE='Material_128_IDX_128'/>
				<IndexedFaceSet solid="false" coordIndex='0 1 2 3 -1'>
					<Coordinate point='-0.568533 -10.710655 -0.926379 -1.138483 -10.437204 -1.824610 -1.170649 -11.267145 -2.141860 -0.584173 -11.576830 -1.087451'/>
				</IndexedFaceSet>
			</Shape>
			<Shape DEF='_IDX_409'>
				<Appearance USE='Material_127_IDX_127'/>
				<IndexedFaceSet solid="false" coordIndex='0 1 2 3 -1'>
					<Coordinate point='-0.553989 -10.032214 -0.797568 -1.108962 -9.787140 -1.570902 -1.138483 -10.437204 -1.824610 -0.568533 -10.710655 -0.926379'/>
				</IndexedFaceSet>
			</Shape>
			<Shape DEF='_IDX_410'>
				<Appearance USE='Material_126_IDX_126'/>
				<IndexedFaceSet solid="false" coordIndex='0 1 2 3 -1'>
					<Coordinate point='-0.553989 -10.032214 -0.797568 -1.108962 -9.787140 -1.570902 -1.108962 -9.787140 -1.570902 -0.553989 -10.032214 -0.797568'/>
				</IndexedFaceSet>
			</Shape>
			<Shape DEF='_IDX_411'>
				<Appearance USE='Material_125_IDX_125'/>
				<IndexedFaceSet solid="false" coordIndex='0 1 2 3 -1'>
					<Coordinate point='-0.526039 -8.968643 -0.587779 -1.053111 -8.768405 -1.157699 -1.108962 -9.787140 -1.570902 -0.553989 -10.032214 -0.797568'/>
				</IndexedFaceSet>
			</Shape>
			<Shape DEF='_IDX_412'>
				<Appearance USE='Material_124_IDX_124'/>
				<IndexedFaceSet solid="false" coordIndex='0 1 2 3 -1'>
					<Coordinate point='-0.501737 -8.245685 -0.435751 -1.005425 -8.076756 -0.858262 -1.053111 -8.768405 -1.157699 -0.526039 -8.968643 -0.587779'/>
				</IndexedFaceSet>
			</Shape>
			<Shape DEF='_IDX_413'>
				<Appearance USE='Material_123_IDX_123'/>
				<IndexedFaceSet solid="false" coordIndex='0 1 2 3 -1'>
					<Coordinate point='-0.479455 -7.722270 -0.317381 -0.962402 -7.577143 -0.625119 -1.005425 -8.076756 -0.858262 -0.501737 -8.245685 -0.435751'/>
				</IndexedFaceSet>
			</Shape>
			<Shape DEF='_IDX_414'>
				<Appearance USE='Material_122_IDX_122'/>
				<IndexedFaceSet solid="false" coordIndex='0 1 2 3 -1'>
					<Coordinate point='-0.457935 -7.325428 -0.220340 -0.921457 -7.199724 -0.433984 -0.962402 -7.577143 -0.625119 -0.479455 -7.722270 -0.317381'/>
				</IndexedFaceSet>
			</Shape>
			<Shape DEF='_IDX_415'>
				<Appearance USE='Material_121_IDX_121'/>
				<IndexedFaceSet solid="false" coordIndex='0 1 2 3 -1'>
					<Coordinate point='-0.436249 -7.013496 -0.137663 -0.880744 -6.904666 -0.271143 -0.921457 -7.199724 -0.433984 -0.457935 -7.325428 -0.220340'/>
				</IndexedFaceSet>
			</Shape>
			<Shape DEF='_IDX_416'>
				<Appearance USE='Material_120_IDX_120'/>
				<IndexedFaceSet solid="false" coordIndex='0 1 2 3 -1'>
					<Coordinate point='-0.413682 -6.760879 -0.065122 -0.838906 -6.667556 -0.128266 -0.880744 -6.904666 -0.271143 -0.436249 -7.013496 -0.137663'/>
				</IndexedFaceSet>
			</Shape>
			<Shape DEF='_IDX_417'>
				<Appearance USE='Material_119_IDX_119'/>
				<IndexedFaceSet solid="false" coordIndex='0 1 2 3 -1'>
					<Coordinate point='-0.389656 -6.550925 -0.000000 -0.794896 -6.472585 -0.000000 -0.838906 -6.667556 -0.128266 -0.413682 -6.760879 -0.065122'/>
				</IndexedFaceSet>
			</Shape>
			<Shape DEF='_IDX_418'>
				<Appearance USE='Material_140_IDX_140'/>
				<IndexedFaceSet solid="false" coordIndex='0 1 2 3 -1'>
					<Coordinate point='-1.170649 -11.267145 -2.141860 -1.760941 -10.760845 -3.131191 -1.816008 -11.779077 -3.733557 -1.204782 -12.363655 -2.553904'/>
				</IndexedFaceSet>
			</Shape>
			<Shape DEF='_IDX_419'>
				<Appearance USE='Material_139_IDX_139'/>
				<IndexedFaceSet solid="false" coordIndex='0 1 2 3 -1'>
					<Coordinate point='-1.138483 -10.437204 -1.824610 -1.710529 -9.989891 -2.667402 -1.760941 -10.760845 -3.131191 -1.170649 -11.267145 -2.141860'/>
				</IndexedFaceSet>
			</Shape>
			<Shape DEF='_IDX_420'>
				<Appearance USE='Material_138_IDX_138'/>
				<IndexedFaceSet solid="false" coordIndex='0 1 2 3 -1'>
					<Coordinate point='-1.108962 -9.787140 -1.570902 -1.665190 -9.385996 -2.296504 -1.710529 -9.989891 -2.667402 -1.138483 -10.437204 -1.824610'/>
				</IndexedFaceSet>
			</Shape>
			<Shape DEF='_IDX_421'>
				<Appearance USE='Material_137_IDX_137'/>
				<IndexedFaceSet solid="false" coordIndex='0 1 2 3 -1'>
					<Coordinate point='-1.108962 -9.787140 -1.570902 -1.665190 -9.385996 -2.296504 -1.665190 -9.385996 -2.296504 -1.108962 -9.787140 -1.570902'/>
				</IndexedFaceSet>
			</Shape>
			<Shape DEF='_IDX_422'>
				<Appearance USE='Material_136_IDX_136'/>
				<IndexedFaceSet solid="false" coordIndex='0 1 2 3 -1'>
					<Coordinate point='-1.053111 -8.768405 -1.157699 -1.581486 -8.440075 -1.692442 -1.665190 -9.385996 -2.296504 -1.108962 -9.787140 -1.570902'/>
				</IndexedFaceSet>
			</Shape>
			<Shape DEF='_IDX_423'>
				<Appearance USE='Material_135_IDX_135'/>
				<IndexedFaceSet solid="false" coordIndex='0 1 2 3 -1'>
					<Coordinate point='-1.005425 -8.076756 -0.858262 -1.512084 -7.799040 -1.254695 -1.581486 -8.440075 -1.692442 -1.053111 -8.768405 -1.157699'/>
				</IndexedFaceSet>
			</Shape>
			<Shape DEF='_IDX_424'>
				<Appearance USE='Material_134_IDX_134'/>
				<IndexedFaceSet solid="false" coordIndex='0 1 2 3 -1'>
					<Coordinate point='-0.962402 -7.577143 -0.625119 -1.451103 -7.337605 -0.913863 -1.512084 -7.799040 -1.254695 -1.005425 -8.076756 -0.858262'/>
				</IndexedFaceSet>
			</Shape>
			<Shape DEF='_IDX_425'>
				<Appearance USE='Material_133_IDX_133'/>
				<IndexedFaceSet solid="false" coordIndex='0 1 2 3 -1'>
					<Coordinate point='-0.921457 -7.199724 -0.433984 -1.394461 -6.990969 -0.634442 -1.451103 -7.337605 -0.913863 -0.962402 -7.577143 -0.625119'/>
				</IndexedFaceSet>
			</Shape>
			<Shape DEF='_IDX_426'>
				<Appearance USE='Material_132_IDX_132'/>
				<IndexedFaceSet solid="false" coordIndex='0 1 2 3 -1'>
					<Coordinate point='-0.880744 -6.904666 -0.271143 -1.339366 -6.722198 -0.396385 -1.394461 -6.990969 -0.634442 -0.921457 -7.199724 -0.433984'/>
				</IndexedFaceSet>
			</Shape>
			<Shape DEF='_IDX_427'>
				<Appearance USE='Material_131_IDX_131'/>
				<IndexedFaceSet solid="false" coordIndex='0 1 2 3 -1'>
					<Coordinate point='-0.838906 -6.667556 -0.128266 -1.283871 -6.508702 -0.187513 -1.339366 -6.722198 -0.396385 -0.880744 -6.904666 -0.271143'/>
				</IndexedFaceSet>
			</Shape>
			<Shape DEF='_IDX_428'>
				<Appearance USE='Material_130_IDX_130'/>
				<IndexedFaceSet solid="false" coordIndex='0 1 2 3 -1'>
					<Coordinate point='-0.794896 -6.472585 -0.000000 -1.226572 -6.335903 -0.000000 -1.283871 -6.508702 -0.187513 -0.838906 -6.667556 -0.128266'/>
				</IndexedFaceSet>
			</Shape>
			<Shape DEF='_IDX_429'>
				<Appearance USE='Material_151_IDX_151'/>
				<IndexedFaceSet solid="false" coordIndex='0 1 2 3 -1'>
					<Coordinate point='-1.760941 -10.760845 -3.131191 -2.355032 -10.072365 -4.025381 -2.435381 -10.984776 -4.799768 -1.816008 -11.779077 -3.733557'/>
				</IndexedFaceSet>
			</Shape>
			<Shape DEF='_IDX_430'>
				<Appearance USE='Material_150_IDX_150'/>
				<IndexedFaceSet solid="false" coordIndex='0 1 2 3 -1'>
					<Coordinate point='-1.710529 -9.989891 -2.667402 -2.283946 -9.381126 -3.429146 -2.355032 -10.072365 -4.025381 -1.760941 -10.760845 -3.131191'/>
				</IndexedFaceSet>
			</Shape>
			<Shape DEF='_IDX_431'>
				<Appearance USE='Material_149_IDX_149'/>
				<IndexedFaceSet solid="false" coordIndex='0 1 2 3 -1'>
					<Coordinate point='-1.665190 -9.385996 -2.296504 -2.221589 -8.839577 -2.952329 -2.283946 -9.381126 -3.429146 -1.710529 -9.989891 -2.667402'/>
				</IndexedFaceSet>
			</Shape>
			<Shape DEF='_IDX_432'>
				<Appearance USE='Material_148_IDX_148'/>
				<IndexedFaceSet solid="false" coordIndex='0 1 2 3 -1'>
					<Coordinate point='-1.665190 -9.385996 -2.296504 -2.221589 -8.839577 -2.952329 -2.221589 -8.839577 -2.952329 -1.665190 -9.385996 -2.296504'/>
				</IndexedFaceSet>
			</Shape>
			<Shape DEF='_IDX_433'>
				<Appearance USE='Material_147_IDX_147'/>
				<IndexedFaceSet solid="false" coordIndex='0 1 2 3 -1'>
					<Coordinate point='-1.581486 -8.440075 -1.692442 -2.110016 -7.991750 -2.175761 -2.221589 -8.839577 -2.952329 -1.665190 -9.385996 -2.296504'/>
				</IndexedFaceSet>
			</Shape>
			<Shape DEF='_IDX_434'>
				<Appearance USE='Material_146_IDX_146'/>
				<IndexedFaceSet solid="false" coordIndex='0 1 2 3 -1'>
					<Coordinate point='-1.512084 -7.799040 -1.254695 -2.021052 -7.418491 -1.613005 -2.110016 -7.991750 -2.175761 -1.581486 -8.440075 -1.692442'/>
				</IndexedFaceSet>
			</Shape>
			<Shape DEF='_IDX_435'>
				<Appearance USE='Material_145_IDX_145'/>
				<IndexedFaceSet solid="false" coordIndex='0 1 2 3 -1'>
					<Coordinate point='-1.451103 -7.337605 -0.913863 -1.945680 -7.007665 -1.174839 -2.021052 -7.418491 -1.613005 -1.512084 -7.799040 -1.254695'/>
				</IndexedFaceSet>
			</Shape>
			<Shape DEF='_IDX_436'>
				<Appearance USE='Material_144_IDX_144'/>
				<IndexedFaceSet solid="false" coordIndex='0 1 2 3 -1'>
					<Coordinate point='-1.394461 -6.990969 -0.634442 -1.878007 -6.701216 -0.815623 -1.945680 -7.007665 -1.174839 -1.451103 -7.337605 -0.913863'/>
				</IndexedFaceSet>
			</Shape>
			<Shape DEF='_IDX_437'>
				<Appearance USE='Material_143_IDX_143'/>
				<IndexedFaceSet solid="false" coordIndex='0 1 2 3 -1'>
					<Coordinate point='-1.339366 -6.722198 -0.396385 -1.814182 -6.466043 -0.509583 -1.878007 -6.701216 -0.815623 -1.394461 -6.990969 -0.634442'/>
				</IndexedFaceSet>
			</Shape>
			<Shape DEF='_IDX_438'>
				<Appearance USE='Material_142_IDX_142'/>
				<IndexedFaceSet solid="false" coordIndex='0 1 2 3 -1'>
					<Coordinate point='-1.283871 -6.508702 -0.187513 -1.751635 -6.281902 -0.241062 -1.814182 -6.466043 -0.509583 -1.339366 -6.722198 -0.396385'/>
				</IndexedFaceSet>
			</Shape>
			<Shape DEF='_IDX_439'>
				<Appearance USE='Material_141_IDX_141'/>
				<IndexedFaceSet solid="false" coordIndex='0 1 2 3 -1'>
					<Coordinate point='-1.226572 -6.335903 -0.000000 -1.688615 -6.135735 -0.000000 -1.751635 -6.281902 -0.241062 -1.283871 -6.508702 -0.187513'/>
				</IndexedFaceSet>
			</Shape>
			<Shape DEF='_IDX_440'>
				<Appearance USE='Material_162_IDX_162'/>
				<IndexedFaceSet solid="false" coordIndex='0 1 2 3 -1'>
					<Coordinate point='-2.355032 -10.072365 -4.025381 -2.950752 -9.221252 -4.797262 -3.061687 -10.003846 -5.720141 -2.435381 -10.984776 -4.799768'/>
				</IndexedFaceSet>
			</Shape>
			<Shape DEF='_IDX_441'>
				<Appearance USE='Material_161_IDX_161'/>
				<IndexedFaceSet solid="false" coordIndex='0 1 2 3 -1'>
					<Coordinate point='-2.283946 -9.381126 -3.429146 -2.856035 -8.627785 -4.086697 -2.950752 -9.221252 -4.797262 -2.355032 -10.072365 -4.025381'/>
				</IndexedFaceSet>
			</Shape>
			<Shape DEF='_IDX_442'>
				<Appearance USE='Material_160_IDX_160'/>
				<IndexedFaceSet solid="false" coordIndex='0 1 2 3 -1'>
					<Coordinate point='-2.221589 -8.839577 -2.952329 -2.775196 -8.162635 -3.518449 -2.856035 -8.627785 -4.086697 -2.283946 -9.381126 -3.429146'/>
				</IndexedFaceSet>
			</Shape>
			<Shape DEF='_IDX_443'>
				<Appearance USE='Material_159_IDX_159'/>
				<IndexedFaceSet solid="false" coordIndex='0 1 2 3 -1'>
					<Coordinate point='-2.221589 -8.839577 -2.952329 -2.775196 -8.162635 -3.518449 -2.775196 -8.162635 -3.518449 -2.221589 -8.839577 -2.952329'/>
				</IndexedFaceSet>
			</Shape>
			<Shape DEF='_IDX_444'>
				<Appearance USE='Material_158_IDX_158'/>
				<IndexedFaceSet solid="false" coordIndex='0 1 2 3 -1'>
					<Coordinate point='-2.110016 -7.991750 -2.175761 -2.635664 -7.434696 -2.592972 -2.775196 -8.162635 -3.518449 -2.221589 -8.839577 -2.952329'/>
				</IndexedFaceSet>
			</Shape>
			<Shape DEF='_IDX_445'>
				<Appearance USE='Material_157_IDX_157'/>
				<IndexedFaceSet solid="false" coordIndex='0 1 2 3 -1'>
					<Coordinate point='-2.021052 -7.418491 -1.613005 -2.529535 -6.943709 -1.922304 -2.635664 -7.434696 -2.592972 -2.110016 -7.991750 -2.175761'/>
				</IndexedFaceSet>
			</Shape>
			<Shape DEF='_IDX_446'>
				<Appearance USE='Material_156_IDX_156'/>
				<IndexedFaceSet solid="false" coordIndex='0 1 2 3 -1'>
					<Coordinate point='-1.945680 -7.007665 -1.174839 -2.443666 -6.593634 -1.400119 -2.529535 -6.943709 -1.922304 -2.021052 -7.418491 -1.613005'/>
				</IndexedFaceSet>
			</Shape>
			<Shape DEF='_IDX_447'>
				<Appearance USE='Material_155_IDX_155'/>
				<IndexedFaceSet solid="false" coordIndex='0 1 2 3 -1'>
					<Coordinate point='-1.878007 -6.701216 -0.815623 -2.369922 -6.334644 -0.972022 -2.443666 -6.593634 -1.400119 -1.945680 -7.007665 -1.174839'/>
				</IndexedFaceSet>
			</Shape>
			<Shape DEF='_IDX_448'>
				<Appearance USE='Material_154_IDX_154'/>
				<IndexedFaceSet solid="false" coordIndex='0 1 2 3 -1'>
					<Coordinate point='-1.814182 -6.466043 -0.509583 -2.303171 -6.138278 -0.607297 -2.369922 -6.334644 -0.972022 -1.878007 -6.701216 -0.815623'/>
				</IndexedFaceSet>
			</Shape>
			<Shape DEF='_IDX_449'>
				<Appearance USE='Material_153_IDX_153'/>
				<IndexedFaceSet solid="false" coordIndex='0 1 2 3 -1'>
					<Coordinate point='-1.751635 -6.281902 -0.241062 -2.240102 -5.987092 -0.287286 -2.303171 -6.138278 -0.607297 -1.814182 -6.466043 -0.509583'/>
				</IndexedFaceSet>
			</Shape>
			<Shape DEF='_IDX_450'>
				<Appearance USE='Material_152_IDX_152'/>
				<IndexedFaceSet solid="false" coordIndex='0 1 2 3 -1'>
					<Coordinate point='-1.688615 -6.135735 -0.000000 -2.178530 -5.869804 -0.000000 -2.240102 -5.987092 -0.287286 -1.751635 -6.281902 -0.241062'/>
				</IndexedFaceSet>
			</Shape>
			<Shape DEF='_IDX_451'>
				<Appearance DEF='Material_231_IDX_231'>
					<Material diffuseColor='0.250827 0.225208 0.768979'/>
					
				</Appearance>
				<IndexedFaceSet solid="false" coordIndex='0 1 2 3 -1'>
					<Coordinate point='-2.950752 -9.221252 -4.797262 -3.543281 -8.231532 -5.423381 -3.690657 -8.864565 -6.466711 -3.061687 -10.003846 -5.720141'/>
				</IndexedFaceSet>
			</Shape>
			<Shape DEF='_IDX_452'>
				<Appearance USE='Material_172_IDX_172'/>
				<IndexedFaceSet solid="false" coordIndex='0 1 2 3 -1'>
					<Coordinate point='-2.856035 -8.627785 -4.086697 -3.421702 -7.750699 -4.620075 -3.543281 -8.231532 -5.423381 -2.950752 -9.221252 -4.797262'/>
				</IndexedFaceSet>
			</Shape>
			<Shape DEF='_IDX_453'>
				<Appearance USE='Material_171_IDX_171'/>
				<IndexedFaceSet solid="false" coordIndex='0 1 2 3 -1'>
					<Coordinate point='-2.775196 -8.162635 -3.518449 -3.320807 -7.373494 -3.977663 -3.421702 -7.750699 -4.620075 -2.856035 -8.627785 -4.086697'/>
				</IndexedFaceSet>
			</Shape>
			<Shape DEF='_IDX_454'>
				<Appearance USE='Material_170_IDX_170'/>
				<IndexedFaceSet solid="false" coordIndex='0 1 2 3 -1'>
					<Coordinate point='-2.775196 -8.162635 -3.518449 -3.320807 -7.373494 -3.977663 -3.320807 -7.373494 -3.977663 -2.775196 -8.162635 -3.518449'/>
				</IndexedFaceSet>
			</Shape>
			<Shape DEF='_IDX_455'>
				<Appearance USE='Material_169_IDX_169'/>
				<IndexedFaceSet solid="false" coordIndex='0 1 2 3 -1'>
					<Coordinate point='-2.635664 -7.434696 -2.592972 -3.153239 -6.783176 -2.931396 -3.320807 -7.373494 -3.977663 -2.775196 -8.162635 -3.518449'/>
				</IndexedFaceSet>
			</Shape>
			<Shape DEF='_IDX_456'>
				<Appearance USE='Material_168_IDX_168'/>
				<IndexedFaceSet solid="false" coordIndex='0 1 2 3 -1'>
					<Coordinate point='-2.529535 -6.943709 -1.922304 -3.032441 -6.385970 -2.173196 -3.153239 -6.783176 -2.931396 -2.635664 -7.434696 -2.592972'/>
				</IndexedFaceSet>
			</Shape>
			<Shape DEF='_IDX_457'>
				<Appearance USE='Material_167_IDX_167'/>
				<IndexedFaceSet solid="false" coordIndex='0 1 2 3 -1'>
					<Coordinate point='-2.443666 -6.593634 -1.400119 -2.939996 -6.104369 -1.582857 -3.032441 -6.385970 -2.173196 -2.529535 -6.943709 -1.922304'/>
				</IndexedFaceSet>
			</Shape>
			<Shape DEF='_IDX_458'>
				<Appearance USE='Material_166_IDX_166'/>
				<IndexedFaceSet solid="false" coordIndex='0 1 2 3 -1'>
					<Coordinate point='-2.369922 -6.334644 -0.972022 -2.864992 -5.898025 -1.098887 -2.939996 -6.104369 -1.582857 -2.443666 -6.593634 -1.400119'/>
				</IndexedFaceSet>
			</Shape>
			<Shape DEF='_IDX_459'>
				<Appearance USE='Material_165_IDX_165'/>
				<IndexedFaceSet solid="false" coordIndex='0 1 2 3 -1'>
					<Coordinate point='-2.303171 -6.138278 -0.607297 -2.800745 -5.743808 -0.686559 -2.864992 -5.898025 -1.098887 -2.369922 -6.334644 -0.972022'/>
				</IndexedFaceSet>
			</Shape>
			<Shape DEF='_IDX_460'>
				<Appearance USE='Material_164_IDX_164'/>
				<IndexedFaceSet solid="false" coordIndex='0 1 2 3 -1'>
					<Coordinate point='-2.240102 -5.987092 -0.287286 -2.743028 -5.627481 -0.324781 -2.800745 -5.743808 -0.686559 -2.303171 -6.138278 -0.607297'/>
				</IndexedFaceSet>
			</Shape>
			<Shape DEF='_IDX_461'>
				<Appearance USE='Material_163_IDX_163'/>
				<IndexedFaceSet solid="false" coordIndex='0 1 2 3 -1'>
					<Coordinate point='-2.178530 -5.869804 -0.000000 -2.689105 -5.539789 -0.000000 -2.743028 -5.627481 -0.324781 -2.240102 -5.987092 -0.287286'/>
				</IndexedFaceSet>
			</Shape>
			<Shape DEF='_IDX_462'>
				<Appearance DEF='Material_232_IDX_232'>
					<Material diffuseColor='0.289353 0.156368 0.702133'/>
					
				</Appearance>
				<IndexedFaceSet solid="false" coordIndex='0 1 2 3 -1'>
					<Coordinate point='-3.543281 -8.231532 -5.423381 -4.124815 -7.130902 -5.884713 -4.314562 -7.599383 -7.016792 -3.690657 -8.864565 -6.466711'/>
				</IndexedFaceSet>
			</Shape>
			<Shape DEF='_IDX_463'>
				<Appearance USE='Material_183_IDX_183'/>
				<IndexedFaceSet solid="false" coordIndex='0 1 2 3 -1'>
					<Coordinate point='-3.421702 -7.750699 -4.620075 -3.973190 -6.774016 -5.013075 -4.124815 -7.130902 -5.884713 -3.543281 -8.231532 -5.423381'/>
				</IndexedFaceSet>
			</Shape>
			<Shape DEF='_IDX_464'>
				<Appearance DEF='Material_233_IDX_233'>
					<Material diffuseColor='0.248454 0.386133 0.813394'/>
					
				</Appearance>
				<IndexedFaceSet solid="false" coordIndex='0 1 2 3 -1'>
					<Coordinate point='-3.320807 -7.373494 -3.977663 -3.850761 -6.493530 -4.316017 -3.973190 -6.774016 -5.013075 -3.421702 -7.750699 -4.620075'/>
				</IndexedFaceSet>
			</Shape>
			<Shape DEF='_IDX_465'>
				<Appearance DEF='Material_234_IDX_234'>
					<Material diffuseColor='0.256362 0.431130 0.808531'/>
					
				</Appearance>
				<IndexedFaceSet solid="false" coordIndex='0 1 2 3 -1'>
					<Coordinate point='-3.320807 -7.373494 -3.977663 -3.850761 -6.493530 -4.316017 -3.850761 -6.493530 -4.316017 -3.320807 -7.373494 -3.977663'/>
				</IndexedFaceSet>
			</Shape>
			<Shape DEF='_IDX_466'>
				<Appearance USE='Material_214_IDX_214'/>
				<IndexedFaceSet solid="false" coordIndex='0 1 2 3 -1'>
					<Coordinate point='-3.153239 -6.783176 -2.931396 -3.655316 -6.054155 -3.180750 -3.850761 -6.493530 -4.316017 -3.320807 -7.373494 -3.977663'/>
				</IndexedFaceSet>
			</Shape>
			<Shape DEF='_IDX_467'>
				<Appearance USE='Material_179_IDX_179'/>
				<IndexedFaceSet solid="false" coordIndex='0 1 2 3 -1'>
					<Coordinate point='-3.032441 -6.385970 -2.173196 -3.522461 -5.759089 -2.358055 -3.655316 -6.054155 -3.180750 -3.153239 -6.783176 -2.931396'/>
				</IndexedFaceSet>
			</Shape>
			<Shape DEF='_IDX_468'>
				<Appearance USE='Material_178_IDX_178'/>
				<IndexedFaceSet solid="false" coordIndex='0 1 2 3 -1'>
					<Coordinate point='-2.939996 -6.104369 -1.582857 -3.427266 -5.551256 -1.717500 -3.522461 -5.759089 -2.358055 -3.032441 -6.385970 -2.173196'/>
				</IndexedFaceSet>
			</Shape>
			<Shape DEF='_IDX_469'>
				<Appearance USE='Material_213_IDX_213'/>
				<IndexedFaceSet solid="false" coordIndex='0 1 2 3 -1'>
					<Coordinate point='-2.864992 -5.898025 -1.098887 -3.355484 -5.400784 -1.192362 -3.427266 -5.551256 -1.717500 -2.939996 -6.104369 -1.582857'/>
				</IndexedFaceSet>
			</Shape>
			<Shape DEF='_IDX_470'>
				<Appearance USE='Material_176_IDX_176'/>
				<IndexedFaceSet solid="false" coordIndex='0 1 2 3 -1'>
					<Coordinate point='-2.800745 -5.743808 -0.686559 -3.298584 -5.290449 -0.744960 -3.355484 -5.400784 -1.192362 -2.864992 -5.898025 -1.098887'/>
				</IndexedFaceSet>
			</Shape>
			<Shape DEF='_IDX_471'>
				<Appearance USE='Material_175_IDX_175'/>
				<IndexedFaceSet solid="false" coordIndex='0 1 2 3 -1'>
					<Coordinate point='-2.743028 -5.627481 -0.324781 -3.251258 -5.209576 -0.352408 -3.298584 -5.290449 -0.744960 -2.800745 -5.743808 -0.686559'/>
				</IndexedFaceSet>
			</Shape>
			<Shape DEF='_IDX_472'>
				<Appearance USE='Material_174_IDX_174'/>
				<IndexedFaceSet solid="false" coordIndex='0 1 2 3 -1'>
					<Coordinate point='-2.689105 -5.539789 -0.000000 -3.210098 -5.151163 -0.000000 -3.251258 -5.209576 -0.352408 -2.743028 -5.627481 -0.324781'/>
				</IndexedFaceSet>
			</Shape>
			<Shape DEF='_IDX_473'>
				<Appearance USE='Material_212_IDX_212'/>
				<IndexedFaceSet solid="false" coordIndex='0 1 2 3 -1'>
					<Coordinate point='-4.124815 -7.130902 -5.884713 -4.684396 -5.949801 -6.167242 -4.921988 -6.243772 -7.353672 -4.314562 -7.599383 -7.016792'/>
				</IndexedFaceSet>
			</Shape>
			<Shape DEF='_IDX_474'>
				<Appearance USE='Material_194_IDX_194'/>
				<IndexedFaceSet solid="false" coordIndex='0 1 2 3 -1'>
					<Coordinate point='-3.973190 -6.774016 -5.013075 -4.499954 -5.724449 -5.253756 -4.684396 -5.949801 -6.167242 -4.124815 -7.130902 -5.884713'/>
				</IndexedFaceSet>
			</Shape>
			<Shape DEF='_IDX_475'>
				<Appearance USE='Material_193_IDX_193'/>
				<IndexedFaceSet solid="false" coordIndex='0 1 2 3 -1'>
					<Coordinate point='-3.850761 -6.493530 -4.316017 -4.354878 -5.546560 -4.523231 -4.499954 -5.724449 -5.253756 -3.973190 -6.774016 -5.013075'/>
				</IndexedFaceSet>
			</Shape>
			<Shape DEF='_IDX_476'>
				<Appearance USE='Material_211_IDX_211'/>
				<IndexedFaceSet solid="false" coordIndex='0 1 2 3 -1'>
					<Coordinate point='-3.850761 -6.493530 -4.316017 -4.354878 -5.546560 -4.523231 -4.354878 -5.546560 -4.523231 -3.850761 -6.493530 -4.316017'/>
				</IndexedFaceSet>
			</Shape>
			<Shape DEF='_IDX_477'>
				<Appearance USE='Material_191_IDX_191'/>
				<IndexedFaceSet solid="false" coordIndex='0 1 2 3 -1'>
					<Coordinate point='-3.655316 -6.054155 -3.180750 -4.132308 -5.266887 -3.333460 -4.354878 -5.546560 -4.523231 -3.850761 -6.493530 -4.316017'/>
				</IndexedFaceSet>
			</Shape>
			<Shape DEF='_IDX_478'>
				<Appearance USE='Material_190_IDX_190'/>
				<IndexedFaceSet solid="false" coordIndex='0 1 2 3 -1'>
					<Coordinate point='-3.522461 -5.759089 -2.358055 -3.990298 -5.079127 -2.471267 -4.132308 -5.266887 -3.333460 -3.655316 -6.054155 -3.180750'/>
				</IndexedFaceSet>
			</Shape>
			<Shape DEF='_IDX_479'>
				<Appearance USE='Material_210_IDX_210'/>
				<IndexedFaceSet solid="false" coordIndex='0 1 2 3 -1'>
					<Coordinate point='-3.427266 -5.551256 -1.717500 -3.896160 -4.947963 -1.799958 -3.990298 -5.079127 -2.471267 -3.522461 -5.759089 -2.358055'/>
				</IndexedFaceSet>
			</Shape>
			<Shape DEF='_IDX_480'>
				<Appearance USE='Material_188_IDX_188'/>
				<IndexedFaceSet solid="false" coordIndex='0 1 2 3 -1'>
					<Coordinate point='-3.355484 -5.400784 -1.192362 -3.831769 -4.854744 -1.249608 -3.896160 -4.947963 -1.799958 -3.427266 -5.551256 -1.717500'/>
				</IndexedFaceSet>
			</Shape>
			<Shape DEF='_IDX_481'>
				<Appearance USE='Material_187_IDX_187'/>
				<IndexedFaceSet solid="false" coordIndex='0 1 2 3 -1'>
					<Coordinate point='-3.298584 -5.290449 -0.744960 -3.786491 -4.788599 -0.780726 -3.831769 -4.854744 -1.249608 -3.355484 -5.400784 -1.192362'/>
				</IndexedFaceSet>
			</Shape>
			<Shape DEF='_IDX_482'>
				<Appearance USE='Material_186_IDX_186'/>
				<IndexedFaceSet solid="false" coordIndex='0 1 2 3 -1'>
					<Coordinate point='-3.251258 -5.209576 -0.352408 -3.753799 -4.742694 -0.369328 -3.786491 -4.788599 -0.780726 -3.298584 -5.290449 -0.744960'/>
				</IndexedFaceSet>
			</Shape>
			<Shape DEF='_IDX_483'>
				<Appearance USE='Material_185_IDX_185'/>
				<IndexedFaceSet solid="false" coordIndex='0 1 2 3 -1'>
					<Coordinate point='-3.210098 -5.151163 -0.000000 -3.729537 -4.712478 -0.000000 -3.753799 -4.742694 -0.369328 -3.251258 -5.209576 -0.352408'/>
				</IndexedFaceSet>
			</Shape>
			<Shape DEF='_IDX_484'>
				<Appearance USE='Material_209_IDX_209'/>
				<IndexedFaceSet solid="false" coordIndex='0 1 2 3 -1'>
					<Coordinate point='-4.684396 -5.949801 -6.167242 -5.207872 -4.720386 -6.262381 -5.497795 -4.834943 -7.467114 -4.921988 -6.243772 -7.353672'/>
				</IndexedFaceSet>
			</Shape>
			<Shape DEF='_IDX_485'>
				<Appearance USE='Material_208_IDX_208'/>
				<IndexedFaceSet solid="false" coordIndex='0 1 2 3 -1'>
					<Coordinate point='-4.499954 -5.724449 -5.253756 -4.988650 -4.630437 -5.334804 -5.207872 -4.720386 -6.262381 -4.684396 -5.949801 -6.167242'/>
				</IndexedFaceSet>
			</Shape>
			<Shape DEF='_IDX_486'>
				<Appearance USE='Material_204_IDX_204'/>
				<IndexedFaceSet solid="false" coordIndex='0 1 2 3 -1'>
					<Coordinate point='-4.354878 -5.546560 -4.523231 -4.820496 -4.558158 -4.593009 -4.988650 -4.630437 -5.334804 -4.499954 -5.724449 -5.253756'/>
				</IndexedFaceSet>
			</Shape>
			<Shape DEF='_IDX_487'>
				<Appearance USE='Material_203_IDX_203'/>
				<IndexedFaceSet solid="false" coordIndex='0 1 2 3 -1'>
					<Coordinate point='-4.354878 -5.546560 -4.523231 -4.820496 -4.558158 -4.593009 -4.820496 -4.558158 -4.593009 -4.354878 -5.546560 -4.523231'/>
				</IndexedFaceSet>
			</Shape>
			<Shape DEF='_IDX_488'>
				<Appearance USE='Material_202_IDX_202'/>
				<IndexedFaceSet solid="false" coordIndex='0 1 2 3 -1'>
					<Coordinate point='-4.132308 -5.266887 -3.333460 -4.572650 -4.442441 -3.384884 -4.820496 -4.558158 -4.593009 -4.354878 -5.546560 -4.523231'/>
				</IndexedFaceSet>
			</Shape>
			<Shape DEF='_IDX_489'>
				<Appearance USE='Material_201_IDX_201'/>
				<IndexedFaceSet solid="false" coordIndex='0 1 2 3 -1'>
					<Coordinate point='-3.990298 -5.079127 -2.471267 -4.425007 -4.364005 -2.509390 -4.572650 -4.442441 -3.384884 -4.132308 -5.266887 -3.333460'/>
				</IndexedFaceSet>
			</Shape>
			<Shape DEF='_IDX_490'>
				<Appearance USE='Material_200_IDX_200'/>
				<IndexedFaceSet solid="false" coordIndex='0 1 2 3 -1'>
					<Coordinate point='-3.896160 -4.947963 -1.799958 -4.335938 -4.310065 -1.827726 -4.425007 -4.364005 -2.509390 -3.990298 -5.079127 -2.471267'/>
				</IndexedFaceSet>
			</Shape>
			<Shape DEF='_IDX_491'>
				<Appearance USE='Material_199_IDX_199'/>
				<IndexedFaceSet solid="false" coordIndex='0 1 2 3 -1'>
					<Coordinate point='-3.831769 -4.854744 -1.249608 -4.282962 -4.273696 -1.268885 -4.335938 -4.310065 -1.827726 -3.896160 -4.947963 -1.799958'/>
				</IndexedFaceSet>
			</Shape>
			<Shape DEF='_IDX_492'>
				<Appearance USE='Material_198_IDX_198'/>
				<IndexedFaceSet solid="false" coordIndex='0 1 2 3 -1'>
					<Coordinate point='-3.786491 -4.788599 -0.780726 -4.253153 -4.250697 -0.792770 -4.282962 -4.273696 -1.268885 -3.831769 -4.854744 -1.249608'/>
				</IndexedFaceSet>
			</Shape>
			<Shape DEF='_IDX_493'>
				<Appearance USE='Material_197_IDX_197'/>
				<IndexedFaceSet solid="false" coordIndex='0 1 2 3 -1'>
					<Coordinate point='-3.753799 -4.742694 -0.369328 -4.238692 -4.238286 -0.375025 -4.253153 -4.250697 -0.792770 -3.786491 -4.788599 -0.780726'/>
				</IndexedFaceSet>
			</Shape>
			<Shape DEF='_IDX_494'>
				<Appearance USE='Material_196_IDX_196'/>
				<IndexedFaceSet solid="false" coordIndex='0 1 2 3 -1'>
					<Coordinate point='-3.729537 -4.712478 -0.000000 -4.234654 -4.234497 0.000000 -4.238692 -4.238286 -0.375025 -3.753799 -4.742694 -0.369328'/>
				</IndexedFaceSet>
			</Shape>
			<Shape DEF='_IDX_495'>
				<Appearance USE='Material_209_IDX_209'/>
				<IndexedFaceSet solid="false" coordIndex='0 1 2 3 -1'>
					<Coordinate point='-5.207872 -4.720386 -6.262381 -5.677972 -3.475445 -6.167242 -6.023239 -3.410493 -7.353672 -5.497795 -4.834943 -7.467114'/>
				</IndexedFaceSet>
			</Shape>
			<Shape DEF='_IDX_496'>
				<Appearance DEF='Material_235_IDX_235'>
					<Material diffuseColor='0.260696 0.207575 0.751857'/>
					
				</Appearance>
				<IndexedFaceSet solid="false" coordIndex='0 1 2 3 -1'>
					<Coordinate point='-4.988650 -4.630437 -5.334804 -5.423212 -3.521293 -5.253756 -5.677972 -3.475445 -6.167242 -5.207872 -4.720386 -6.262381'/>
				</IndexedFaceSet>
			</Shape>
			<Shape DEF='_IDX_497'>
				<Appearance USE='Material_204_IDX_204'/>
				<IndexedFaceSet solid="false" coordIndex='0 1 2 3 -1'>
					<Coordinate point='-4.820496 -4.558158 -4.593009 -5.232574 -3.554968 -4.523231 -5.423212 -3.521293 -5.253756 -4.988650 -4.630437 -5.334804'/>
				</IndexedFaceSet>
			</Shape>
			<Shape DEF='_IDX_498'>
				<Appearance USE='Material_203_IDX_203'/>
				<IndexedFaceSet solid="false" coordIndex='0 1 2 3 -1'>
					<Coordinate point='-4.820496 -4.558158 -4.593009 -5.232574 -3.554968 -4.523231 -5.232574 -3.554968 -4.523231 -4.820496 -4.558158 -4.593009'/>
				</IndexedFaceSet>
			</Shape>
			<Shape DEF='_IDX_499'>
				<Appearance USE='Material_202_IDX_202'/>
				<IndexedFaceSet solid="false" coordIndex='0 1 2 3 -1'>
					<Coordinate point='-4.572650 -4.442441 -3.384884 -4.963043 -3.603233 -3.333460 -5.232574 -3.554968 -4.523231 -4.820496 -4.558158 -4.593009'/>
				</IndexedFaceSet>
			</Shape>
			<Shape DEF='_IDX_500'>
				<Appearance USE='Material_201_IDX_201'/>
				<IndexedFaceSet solid="false" coordIndex='0 1 2 3 -1'>
					<Coordinate point='-4.425007 -4.364005 -2.509390 -4.814414 -3.633102 -2.471267 -4.963043 -3.603233 -3.333460 -4.572650 -4.442441 -3.384884'/>
				</IndexedFaceSet>
			</Shape>
			<Shape DEF='_IDX_501'>
				<Appearance DEF='Material_236_IDX_236'>
					<Material diffuseColor='0.343802 0.634306 0.674417'/>
					
				</Appearance>
				<IndexedFaceSet solid="false" coordIndex='0 1 2 3 -1'>
					<Coordinate point='-4.335938 -4.310065 -1.827726 -4.734996 -3.654626 -1.799958 -4.814414 -3.633102 -2.471267 -4.425007 -4.364005 -2.509390'/>
				</IndexedFaceSet>
			</Shape>
			<Shape DEF='_IDX_502'>
				<Appearance USE='Material_199_IDX_199'/>
				<IndexedFaceSet solid="false" coordIndex='0 1 2 3 -1'>
					<Coordinate point='-4.282962 -4.273696 -1.268885 -4.697582 -3.672912 -1.249608 -4.734996 -3.654626 -1.799958 -4.335938 -4.310065 -1.827726'/>
				</IndexedFaceSet>
			</Shape>
			<Shape DEF='_IDX_503'>
				<Appearance USE='Material_198_IDX_198'/>
				<IndexedFaceSet solid="false" coordIndex='0 1 2 3 -1'>
					<Coordinate point='-4.253153 -4.250697 -0.792770 -4.686868 -3.690648 -0.780726 -4.697582 -3.672912 -1.249608 -4.282962 -4.273696 -1.268885'/>
				</IndexedFaceSet>
			</Shape>
			<Shape DEF='_IDX_504'>
				<Appearance USE='Material_197_IDX_197'/>
				<IndexedFaceSet solid="false" coordIndex='0 1 2 3 -1'>
					<Coordinate point='-4.238692 -4.238286 -0.375025 -4.693767 -3.709237 -0.369328 -4.686868 -3.690648 -0.780726 -4.253153 -4.250697 -0.792770'/>
				</IndexedFaceSet>
			</Shape>
			<Shape DEF='_IDX_505'>
				<Appearance USE='Material_196_IDX_196'/>
				<IndexedFaceSet solid="false" coordIndex='0 1 2 3 -1'>
					<Coordinate point='-4.234654 -4.234497 0.000000 -4.712635 -3.729379 -0.000000 -4.693767 -3.709237 -0.369328 -4.238692 -4.238286 -0.375025'/>
				</IndexedFaceSet>
			</Shape>
			<Shape DEF='_IDX_506'>
				<Appearance USE='Material_212_IDX_212'/>
				<IndexedFaceSet solid="false" coordIndex='0 1 2 3 -1'>
					<Coordinate point='-5.677972 -3.475445 -6.167242 -6.074399 -2.247296 -5.884713 -6.476197 -2.006970 -7.016792 -6.023239 -3.410493 -7.353672'/>
				</IndexedFaceSet>
			</Shape>
			<Shape DEF='_IDX_507'>
				<Appearance USE='Material_194_IDX_194'/>
				<IndexedFaceSet solid="false" coordIndex='0 1 2 3 -1'>
					<Coordinate point='-5.423212 -3.521293 -5.253756 -5.784903 -2.426360 -5.013075 -6.074399 -2.247296 -5.884713 -5.677972 -3.475445 -6.167242'/>
				</IndexedFaceSet>
			</Shape>
			<Shape DEF='_IDX_508'>
				<Appearance USE='Material_193_IDX_193'/>
				<IndexedFaceSet solid="false" coordIndex='0 1 2 3 -1'>
					<Coordinate point='-5.232574 -3.554968 -4.523231 -5.573784 -2.564079 -4.316017 -5.784903 -2.426360 -5.013075 -5.423212 -3.521293 -5.253756'/>
				</IndexedFaceSet>
			</Shape>
			<Shape DEF='_IDX_509'>
				<Appearance USE='Material_211_IDX_211'/>
				<IndexedFaceSet solid="false" coordIndex='0 1 2 3 -1'>
					<Coordinate point='-5.232574 -3.554968 -4.523231 -5.573784 -2.564079 -4.316017 -5.573784 -2.564079 -4.316017 -5.232574 -3.554968 -4.523231'/>
				</IndexedFaceSet>
			</Shape>
			<Shape DEF='_IDX_510'>
				<Appearance DEF='Material_237_IDX_237'>
					<Material diffuseColor='0.263647 0.472581 0.804051'/>
					
				</Appearance>
				<IndexedFaceSet solid="false" coordIndex='0 1 2 3 -1'>
					<Coordinate point='-4.963043 -3.603233 -3.333460 -5.288743 -2.772669 -3.180750 -5.573784 -2.564079 -4.316017 -5.232574 -3.554968 -4.523231'/>
				</IndexedFaceSet>
			</Shape>
			<Shape DEF='_IDX_511'>
				<Appearance USE='Material_190_IDX_190'/>
				<IndexedFaceSet solid="false" coordIndex='0 1 2 3 -1'>
					<Coordinate point='-4.814414 -3.633102 -2.471267 -5.145601 -2.906954 -2.358055 -5.288743 -2.772669 -3.180750 -4.963043 -3.603233 -3.333460'/>
				</IndexedFaceSet>
			</Shape>
			<Shape DEF='_IDX_512'>
				<Appearance USE='Material_210_IDX_210'/>
				<IndexedFaceSet solid="false" coordIndex='0 1 2 3 -1'>
					<Coordinate point='-4.734996 -3.654626 -1.799958 -5.081495 -2.999831 -1.717500 -5.145601 -2.906954 -2.358055 -4.814414 -3.633102 -2.471267'/>
				</IndexedFaceSet>
			</Shape>
			<Shape DEF='_IDX_513'>
				<Appearance USE='Material_188_IDX_188'/>
				<IndexedFaceSet solid="false" coordIndex='0 1 2 3 -1'>
					<Coordinate point='-4.697582 -3.672912 -1.249608 -5.064259 -3.068681 -1.192362 -5.081495 -2.999831 -1.717500 -4.734996 -3.654626 -1.799958'/>
				</IndexedFaceSet>
			</Shape>
			<Shape DEF='_IDX_514'>
				<Appearance USE='Material_187_IDX_187'/>
				<IndexedFaceSet solid="false" coordIndex='0 1 2 3 -1'>
					<Coordinate point='-4.686868 -3.690648 -0.780726 -5.076288 -3.123247 -0.744960 -5.064259 -3.068681 -1.192362 -4.697582 -3.672912 -1.249608'/>
				</IndexedFaceSet>
			</Shape>
			<Shape DEF='_IDX_515'>
				<Appearance USE='Material_186_IDX_186'/>
				<IndexedFaceSet solid="false" coordIndex='0 1 2 3 -1'>
					<Coordinate point='-4.693767 -3.709237 -0.369328 -5.107378 -3.169203 -0.352408 -5.076288 -3.123247 -0.744960 -4.686868 -3.690648 -0.780726'/>
				</IndexedFaceSet>
			</Shape>
			<Shape DEF='_IDX_516'>
				<Appearance USE='Material_185_IDX_185'/>
				<IndexedFaceSet solid="false" coordIndex='0 1 2 3 -1'>
					<Coordinate point='-4.712635 -3.729379 -0.000000 -5.151320 -3.209940 0.000000 -5.107378 -3.169203 -0.352408 -4.693767 -3.709237 -0.369328'/>
				</IndexedFaceSet>
			</Shape>
			<Shape DEF='_IDX_517'>
				<Appearance USE='Material_184_IDX_184'/>
				<IndexedFaceSet solid="false" coordIndex='0 1 2 3 -1'>
					<Coordinate point='-6.074399 -2.247296 -5.884713 -6.373841 -1.066630 -5.423381 -6.831453 -0.658356 -6.466711 -6.476197 -2.006970 -7.016792'/>
				</IndexedFaceSet>
			</Shape>
			<Shape DEF='_IDX_518'>
				<Appearance USE='Material_183_IDX_183'/>
				<IndexedFaceSet solid="false" coordIndex='0 1 2 3 -1'>
					<Coordinate point='-5.784903 -2.426360 -5.013075 -6.052211 -1.374253 -4.620075 -6.373841 -1.066630 -5.423381 -6.074399 -2.247296 -5.884713'/>
				</IndexedFaceSet>
			</Shape>
			<Shape DEF='_IDX_519'>
				<Appearance USE='Material_182_IDX_182'/>
				<IndexedFaceSet solid="false" coordIndex='0 1 2 3 -1'>
					<Coordinate point='-5.573784 -2.564079 -4.316017 -5.824448 -1.612590 -3.977663 -6.052211 -1.374253 -4.620075 -5.784903 -2.426360 -5.013075'/>
				</IndexedFaceSet>
			</Shape>
			<Shape DEF='_IDX_520'>
				<Appearance USE='Material_234_IDX_234'/>
				<IndexedFaceSet solid="false" coordIndex='0 1 2 3 -1'>
					<Coordinate point='-5.573784 -2.564079 -4.316017 -5.824448 -1.612590 -3.977663 -5.824448 -1.612590 -3.977663 -5.573784 -2.564079 -4.316017'/>
				</IndexedFaceSet>
			</Shape>
			<Shape DEF='_IDX_521'>
				<Appearance USE='Material_214_IDX_214'/>
				<IndexedFaceSet solid="false" coordIndex='0 1 2 3 -1'>
					<Coordinate point='-5.288743 -2.772669 -3.180750 -5.533843 -1.975063 -2.931396 -5.824448 -1.612590 -3.977663 -5.573784 -2.564079 -4.316017'/>
				</IndexedFaceSet>
			</Shape>
			<Shape DEF='_IDX_522'>
				<Appearance USE='Material_179_IDX_179'/>
				<IndexedFaceSet solid="false" coordIndex='0 1 2 3 -1'>
					<Coordinate point='-5.145601 -2.906954 -2.358055 -5.405533 -2.207158 -2.173196 -5.533843 -1.975063 -2.931396 -5.288743 -2.772669 -3.180750'/>
				</IndexedFaceSet>
			</Shape>
			<Shape DEF='_IDX_523'>
				<Appearance USE='Material_178_IDX_178'/>
				<IndexedFaceSet solid="false" coordIndex='0 1 2 3 -1'>
					<Coordinate point='-5.081495 -2.999831 -1.717500 -5.364183 -2.364744 -1.582857 -5.405533 -2.207158 -2.173196 -5.145601 -2.906954 -2.358055'/>
				</IndexedFaceSet>
			</Shape>
			<Shape DEF='_IDX_524'>
				<Appearance USE='Material_213_IDX_213'/>
				<IndexedFaceSet solid="false" coordIndex='0 1 2 3 -1'>
					<Coordinate point='-5.064259 -3.068681 -1.192362 -5.372622 -2.477897 -1.098887 -5.364183 -2.364744 -1.582857 -5.081495 -2.999831 -1.717500'/>
				</IndexedFaceSet>
			</Shape>
			<Shape DEF='_IDX_525'>
				<Appearance USE='Material_176_IDX_176'/>
				<IndexedFaceSet solid="false" coordIndex='0 1 2 3 -1'>
					<Coordinate point='-5.076288 -3.123247 -0.744960 -5.411281 -2.563642 -0.686559 -5.372622 -2.477897 -1.098887 -5.064259 -3.068681 -1.192362'/>
				</IndexedFaceSet>
			</Shape>
			<Shape DEF='_IDX_526'>
				<Appearance USE='Material_175_IDX_175'/>
				<IndexedFaceSet solid="false" coordIndex='0 1 2 3 -1'>
					<Coordinate point='-5.107378 -3.169203 -0.352408 -5.469213 -2.631974 -0.324781 -5.411281 -2.563642 -0.686559 -5.076288 -3.123247 -0.744960'/>
				</IndexedFaceSet>
			</Shape>
			<Shape DEF='_IDX_527'>
				<Appearance USE='Material_174_IDX_174'/>
				<IndexedFaceSet solid="false" coordIndex='0 1 2 3 -1'>
					<Coordinate point='-5.151320 -3.209940 0.000000 -5.539946 -2.688947 -0.000000 -5.469213 -2.631974 -0.324781 -5.107378 -3.169203 -0.352408'/>
				</IndexedFaceSet>
			</Shape>
			<Shape DEF='_IDX_528'>
				<Appearance USE='Material_218_IDX_218'/>
				<IndexedFaceSet solid="false" coordIndex='0 1 2 3 -1'>
					<Coordinate point='-6.373841 -1.066630 -5.423381 -6.549641 0.038765 -4.797262 -7.060954 0.605707 -5.720141 -6.831453 -0.658356 -6.466711'/>
				</IndexedFaceSet>
			</Shape>
			<Shape DEF='_IDX_529'>
				<Appearance USE='Material_217_IDX_217'/>
				<IndexedFaceSet solid="false" coordIndex='0 1 2 3 -1'>
					<Coordinate point='-6.052211 -1.374253 -4.620075 -6.200269 -0.392207 -4.086697 -6.549641 0.038765 -4.797262 -6.373841 -1.066630 -5.423381'/>
				</IndexedFaceSet>
			</Shape>
			<Shape DEF='_IDX_530'>
				<Appearance USE='Material_171_IDX_171'/>
				<IndexedFaceSet solid="false" coordIndex='0 1 2 3 -1'>
					<Coordinate point='-5.824448 -1.612590 -3.977663 -5.962026 -0.727533 -3.518449 -6.200269 -0.392207 -4.086697 -6.052211 -1.374253 -4.620075'/>
				</IndexedFaceSet>
			</Shape>
			<Shape DEF='_IDX_531'>
				<Appearance DEF='Material_238_IDX_238'>
					<Material diffuseColor='0.265780 0.484716 0.802740'/>
					
				</Appearance>
				<IndexedFaceSet solid="false" coordIndex='0 1 2 3 -1'>
					<Coordinate point='-5.824448 -1.612590 -3.977663 -5.962026 -0.727533 -3.518449 -5.962026 -0.727533 -3.518449 -5.824448 -1.612590 -3.977663'/>
				</IndexedFaceSet>
			</Shape>
			<Shape DEF='_IDX_532'>
				<Appearance USE='Material_169_IDX_169'/>
				<IndexedFaceSet solid="false" coordIndex='0 1 2 3 -1'>
					<Coordinate point='-5.533843 -1.975063 -2.931396 -5.681518 -1.236130 -2.592972 -5.962026 -0.727533 -3.518449 -5.824448 -1.612590 -3.977663'/>
				</IndexedFaceSet>
			</Shape>
			<Shape DEF='_IDX_533'>
				<Appearance USE='Material_168_IDX_168'/>
				<IndexedFaceSet solid="false" coordIndex='0 1 2 3 -1'>
					<Coordinate point='-5.405533 -2.207158 -2.173196 -5.581972 -1.556686 -1.922304 -5.681518 -1.236130 -2.592972 -5.533843 -1.975063 -2.931396'/>
				</IndexedFaceSet>
			</Shape>
			<Shape DEF='_IDX_534'>
				<Appearance USE='Material_167_IDX_167'/>
				<IndexedFaceSet solid="false" coordIndex='0 1 2 3 -1'>
					<Coordinate point='-5.364183 -2.364744 -1.582857 -5.573567 -1.769227 -1.400119 -5.581972 -1.556686 -1.922304 -5.405533 -2.207158 -2.173196'/>
				</IndexedFaceSet>
			</Shape>
			<Shape DEF='_IDX_535'>
				<Appearance USE='Material_166_IDX_166'/>
				<IndexedFaceSet solid="false" coordIndex='0 1 2 3 -1'>
					<Coordinate point='-5.372622 -2.477897 -1.098887 -5.614468 -1.917662 -0.972022 -5.573567 -1.769227 -1.400119 -5.364183 -2.364744 -1.582857'/>
				</IndexedFaceSet>
			</Shape>
			<Shape DEF='_IDX_536'>
				<Appearance USE='Material_165_IDX_165'/>
				<IndexedFaceSet solid="false" coordIndex='0 1 2 3 -1'>
					<Coordinate point='-5.411281 -2.563642 -0.686559 -5.684004 -2.026727 -0.607297 -5.614468 -1.917662 -0.972022 -5.372622 -2.477897 -1.098887'/>
				</IndexedFaceSet>
			</Shape>
			<Shape DEF='_IDX_537'>
				<Appearance USE='Material_164_IDX_164'/>
				<IndexedFaceSet solid="false" coordIndex='0 1 2 3 -1'>
					<Coordinate point='-5.469213 -2.631974 -0.324781 -5.771233 -2.110767 -0.287286 -5.684004 -2.026727 -0.607297 -5.411281 -2.563642 -0.686559'/>
				</IndexedFaceSet>
			</Shape>
			<Shape DEF='_IDX_538'>
				<Appearance USE='Material_163_IDX_163'/>
				<IndexedFaceSet solid="false" coordIndex='0 1 2 3 -1'>
					<Coordinate point='-5.539946 -2.688947 -0.000000 -5.869962 -2.178373 -0.000000 -5.771233 -2.110767 -0.287286 -5.469213 -2.631974 -0.324781'/>
				</IndexedFaceSet>
			</Shape>
			<Shape DEF='_IDX_539'>
				<Appearance USE='Material_219_IDX_219'/>
				<IndexedFaceSet solid="false" coordIndex='0 1 2 3 -1'>
					<Coordinate point='-6.549641 0.038765 -4.797262 -6.570723 1.045840 -4.025381 -7.134059 1.762348 -4.799768 -7.060954 0.605707 -5.720141'/>
				</IndexedFaceSet>
			</Shape>
			<Shape DEF='_IDX_540'>
				<Appearance USE='Material_161_IDX_161'/>
				<IndexedFaceSet solid="false" coordIndex='0 1 2 3 -1'>
					<Coordinate point='-6.200269 -0.392207 -4.086697 -6.199042 0.494520 -3.429146 -6.570723 1.045840 -4.025381 -6.549641 0.038765 -4.797262'/>
				</IndexedFaceSet>
			</Shape>
			<Shape DEF='_IDX_541'>
				<Appearance USE='Material_160_IDX_160'/>
				<IndexedFaceSet solid="false" coordIndex='0 1 2 3 -1'>
					<Coordinate point='-5.962026 -0.727533 -3.518449 -5.959480 0.063444 -2.952329 -6.199042 0.494520 -3.429146 -6.200269 -0.392207 -4.086697'/>
				</IndexedFaceSet>
			</Shape>
			<Shape DEF='_IDX_542'>
				<Appearance USE='Material_159_IDX_159'/>
				<IndexedFaceSet solid="false" coordIndex='0 1 2 3 -1'>
					<Coordinate point='-5.962026 -0.727533 -3.518449 -5.959480 0.063444 -2.952329 -5.959480 0.063444 -2.952329 -5.962026 -0.727533 -3.518449'/>
				</IndexedFaceSet>
			</Shape>
			<Shape DEF='_IDX_543'>
				<Appearance USE='Material_158_IDX_158'/>
				<IndexedFaceSet solid="false" coordIndex='0 1 2 3 -1'>
					<Coordinate point='-5.681518 -1.236130 -2.592972 -5.714306 -0.584726 -2.175761 -5.959480 0.063444 -2.952329 -5.962026 -0.727533 -3.518449'/>
				</IndexedFaceSet>
			</Shape>
			<Shape DEF='_IDX_544'>
				<Appearance USE='Material_157_IDX_157'/>
				<IndexedFaceSet solid="false" coordIndex='0 1 2 3 -1'>
					<Coordinate point='-5.581972 -1.556686 -1.922304 -5.665112 -0.980847 -1.613005 -5.714306 -0.584726 -2.175761 -5.681518 -1.236130 -2.592972'/>
				</IndexedFaceSet>
			</Shape>
			<Shape DEF='_IDX_545'>
				<Appearance USE='Material_156_IDX_156'/>
				<IndexedFaceSet solid="false" coordIndex='0 1 2 3 -1'>
					<Coordinate point='-5.573567 -1.769227 -1.400119 -5.703844 -1.233949 -1.174839 -5.665112 -0.980847 -1.613005 -5.581972 -1.556686 -1.922304'/>
				</IndexedFaceSet>
			</Shape>
			<Shape DEF='_IDX_546'>
				<Appearance USE='Material_155_IDX_155'/>
				<IndexedFaceSet solid="false" coordIndex='0 1 2 3 -1'>
					<Coordinate point='-5.614468 -1.917662 -0.972022 -5.785492 -1.404692 -0.815623 -5.703844 -1.233949 -1.174839 -5.573567 -1.769227 -1.400119'/>
				</IndexedFaceSet>
			</Shape>
			<Shape DEF='_IDX_547'>
				<Appearance USE='Material_154_IDX_154'/>
				<IndexedFaceSet solid="false" coordIndex='0 1 2 3 -1'>
					<Coordinate point='-5.684004 -2.026727 -0.607297 -5.890302 -1.526276 -0.509583 -5.785492 -1.404692 -0.815623 -5.614468 -1.917662 -0.972022'/>
				</IndexedFaceSet>
			</Shape>
			<Shape DEF='_IDX_548'>
				<Appearance USE='Material_153_IDX_153'/>
				<IndexedFaceSet solid="false" coordIndex='0 1 2 3 -1'>
					<Coordinate point='-5.771233 -2.110767 -0.287286 -6.008774 -1.617271 -0.241062 -5.890302 -1.526276 -0.509583 -5.684004 -2.026727 -0.607297'/>
				</IndexedFaceSet>
			</Shape>
			<Shape DEF='_IDX_549'>
				<Appearance USE='Material_152_IDX_152'/>
				<IndexedFaceSet solid="false" coordIndex='0 1 2 3 -1'>
					<Coordinate point='-5.869962 -2.178373 -0.000000 -6.135892 -1.688457 -0.000000 -6.008774 -1.617271 -0.241062 -5.771233 -2.110767 -0.287286'/>
				</IndexedFaceSet>
			</Shape>
			<Shape DEF='_IDX_550'>
				<Appearance USE='Material_151_IDX_151'/>
				<IndexedFaceSet solid="false" coordIndex='0 1 2 3 -1'>
					<Coordinate point='-6.570723 1.045840 -4.025381 -6.399000 1.940117 -3.131191 -7.018302 2.799576 -3.733557 -7.134059 1.762348 -4.799768'/>
				</IndexedFaceSet>
			</Shape>
			<Shape DEF='_IDX_551'>
				<Appearance USE='Material_150_IDX_150'/>
				<IndexedFaceSet solid="false" coordIndex='0 1 2 3 -1'>
					<Coordinate point='-6.199042 0.494520 -3.429146 -6.008286 1.263696 -2.667402 -6.399000 1.940117 -3.131191 -6.570723 1.045840 -4.025381'/>
				</IndexedFaceSet>
			</Shape>
			<Shape DEF='_IDX_552'>
				<Appearance USE='Material_149_IDX_149'/>
				<IndexedFaceSet solid="false" coordIndex='0 1 2 3 -1'>
					<Coordinate point='-5.959480 0.063444 -2.952329 -5.780493 0.729560 -2.296504 -6.008286 1.263696 -2.667402 -6.199042 0.494520 -3.429146'/>
				</IndexedFaceSet>
			</Shape>
			<Shape DEF='_IDX_553'>
				<Appearance USE='Material_148_IDX_148'/>
				<IndexedFaceSet solid="false" coordIndex='0 1 2 3 -1'>
					<Coordinate point='-5.959480 0.063444 -2.952329 -5.780493 0.729560 -2.296504 -5.780493 0.729560 -2.296504 -5.959480 0.063444 -2.952329'/>
				</IndexedFaceSet>
			</Shape>
			<Shape DEF='_IDX_554'>
				<Appearance USE='Material_147_IDX_147'/>
				<IndexedFaceSet solid="false" coordIndex='0 1 2 3 -1'>
					<Coordinate point='-5.714306 -0.584726 -2.175761 -5.614967 -0.057589 -1.692442 -5.780493 0.729560 -2.296504 -5.959480 0.063444 -2.952329'/>
				</IndexedFaceSet>
			</Shape>
			<Shape DEF='_IDX_555'>
				<Appearance USE='Material_146_IDX_146'/>
				<IndexedFaceSet solid="false" coordIndex='0 1 2 3 -1'>
					<Coordinate point='-5.665112 -0.980847 -1.613005 -5.651279 -0.509131 -1.254695 -5.614967 -0.057589 -1.692442 -5.714306 -0.584726 -2.175761'/>
				</IndexedFaceSet>
			</Shape>
			<Shape DEF='_IDX_556'>
				<Appearance USE='Material_145_IDX_145'/>
				<IndexedFaceSet solid="false" coordIndex='0 1 2 3 -1'>
					<Coordinate point='-5.703844 -1.233949 -1.174839 -5.756354 -0.779934 -0.913863 -5.651279 -0.509131 -1.254695 -5.665112 -0.980847 -1.613005'/>
				</IndexedFaceSet>
			</Shape>
			<Shape DEF='_IDX_557'>
				<Appearance USE='Material_144_IDX_144'/>
				<IndexedFaceSet solid="false" coordIndex='0 1 2 3 -1'>
					<Coordinate point='-5.785492 -1.404692 -0.815623 -5.887764 -0.953938 -0.634442 -5.756354 -0.779934 -0.913863 -5.703844 -1.233949 -1.174839'/>
				</IndexedFaceSet>
			</Shape>
			<Shape DEF='_IDX_558'>
				<Appearance USE='Material_143_IDX_143'/>
				<IndexedFaceSet solid="false" coordIndex='0 1 2 3 -1'>
					<Coordinate point='-5.890302 -1.526276 -0.509583 -6.031352 -1.073371 -0.396385 -5.887764 -0.953938 -0.634442 -5.785492 -1.404692 -0.815623'/>
				</IndexedFaceSet>
			</Shape>
			<Shape DEF='_IDX_559'>
				<Appearance USE='Material_142_IDX_142'/>
				<IndexedFaceSet solid="false" coordIndex='0 1 2 3 -1'>
					<Coordinate point='-6.008774 -1.617271 -0.241062 -6.181625 -1.160176 -0.187513 -6.031352 -1.073371 -0.396385 -5.890302 -1.526276 -0.509583'/>
				</IndexedFaceSet>
			</Shape>
			<Shape DEF='_IDX_560'>
				<Appearance USE='Material_141_IDX_141'/>
				<IndexedFaceSet solid="false" coordIndex='0 1 2 3 -1'>
					<Coordinate point='-6.135892 -1.688457 -0.000000 -6.336061 -1.226415 -0.000000 -6.181625 -1.160176 -0.187513 -6.008774 -1.617271 -0.241062'/>
				</IndexedFaceSet>
			</Shape>
			<Shape DEF='_IDX_561'>
				<Appearance USE='Material_226_IDX_226'/>
				<IndexedFaceSet solid="false" coordIndex='0 1 2 3 -1'>
					<Coordinate point='-6.399000 1.940117 -3.131191 -5.985097 2.726857 -2.141860 -6.683511 3.723827 -2.553904 -7.018302 2.799576 -3.733557'/>
				</IndexedFaceSet>
			</Shape>
			<Shape DEF='_IDX_562'>
				<Appearance USE='Material_225_IDX_225'/>
				<IndexedFaceSet solid="false" coordIndex='0 1 2 3 -1'>
					<Coordinate point='-6.008286 1.263696 -2.667402 -5.562728 1.901057 -1.824610 -5.985097 2.726857 -2.141860 -6.399000 1.940117 -3.131191'/>
				</IndexedFaceSet>
			</Shape>
			<Shape DEF='_IDX_563'>
				<Appearance USE='Material_224_IDX_224'/>
				<IndexedFaceSet solid="false" coordIndex='0 1 2 3 -1'>
					<Coordinate point='-5.780493 0.729560 -2.296504 -5.364120 1.228835 -1.570902 -5.562728 1.901057 -1.824610 -6.008286 1.263696 -2.667402'/>
				</IndexedFaceSet>
			</Shape>
			<Shape DEF='_IDX_564'>
				<Appearance USE='Material_223_IDX_223'/>
				<IndexedFaceSet solid="false" coordIndex='0 1 2 3 -1'>
					<Coordinate point='-5.780493 0.729560 -2.296504 -5.364120 1.228835 -1.570902 -5.364120 1.228835 -1.570902 -5.780493 0.729560 -2.296504'/>
				</IndexedFaceSet>
			</Shape>
			<Shape DEF='_IDX_565'>
				<Appearance USE='Material_136_IDX_136'/>
				<IndexedFaceSet solid="false" coordIndex='0 1 2 3 -1'>
					<Coordinate point='-5.614967 -0.057589 -1.692442 -5.371679 0.288075 -1.157699 -5.364120 1.228835 -1.570902 -5.780493 0.729560 -2.296504'/>
				</IndexedFaceSet>
			</Shape>
			<Shape DEF='_IDX_566'>
				<Appearance USE='Material_222_IDX_222'/>
				<IndexedFaceSet solid="false" coordIndex='0 1 2 3 -1'>
					<Coordinate point='-5.651279 -0.509131 -1.254695 -5.552304 -0.176669 -0.858262 -5.371679 0.288075 -1.157699 -5.614967 -0.057589 -1.692442'/>
				</IndexedFaceSet>
			</Shape>
			<Shape DEF='_IDX_567'>
				<Appearance USE='Material_221_IDX_221'/>
				<IndexedFaceSet solid="false" coordIndex='0 1 2 3 -1'>
					<Coordinate point='-5.756354 -0.779934 -0.913863 -5.745485 -0.425573 -0.625119 -5.552304 -0.176669 -0.858262 -5.651279 -0.509131 -1.254695'/>
				</IndexedFaceSet>
			</Shape>
			<Shape DEF='_IDX_568'>
				<Appearance USE='Material_220_IDX_220'/>
				<IndexedFaceSet solid="false" coordIndex='0 1 2 3 -1'>
					<Coordinate point='-5.887764 -0.953938 -0.634442 -5.932706 -0.575070 -0.433984 -5.745485 -0.425573 -0.625119 -5.756354 -0.779934 -0.913863'/>
				</IndexedFaceSet>
			</Shape>
			<Shape DEF='_IDX_569'>
				<Appearance USE='Material_132_IDX_132'/>
				<IndexedFaceSet solid="false" coordIndex='0 1 2 3 -1'>
					<Coordinate point='-6.031352 -1.073371 -0.396385 -6.115017 -0.673445 -0.271143 -5.932706 -0.575070 -0.433984 -5.887764 -0.953938 -0.634442'/>
				</IndexedFaceSet>
			</Shape>
			<Shape DEF='_IDX_570'>
				<Appearance USE='Material_131_IDX_131'/>
				<IndexedFaceSet solid="false" coordIndex='0 1 2 3 -1'>
					<Coordinate point='-6.181625 -1.160176 -0.187513 -6.294568 -0.742896 -0.128266 -6.115017 -0.673445 -0.271143 -6.031352 -1.073371 -0.396385'/>
				</IndexedFaceSet>
			</Shape>
			<Shape DEF='_IDX_571'>
				<Appearance USE='Material_130_IDX_130'/>
				<IndexedFaceSet solid="false" coordIndex='0 1 2 3 -1'>
					<Coordinate point='-6.336061 -1.226415 -0.000000 -6.472743 -0.794739 -0.000000 -6.294568 -0.742896 -0.128266 -6.181625 -1.160176 -0.187513'/>
				</IndexedFaceSet>
			</Shape>
			<Shape DEF='_IDX_572'>
				<Appearance USE='Material_129_IDX_129'/>
				<IndexedFaceSet solid="false" coordIndex='0 1 2 3 -1'>
					<Coordinate point='-5.985097 2.726857 -2.141860 -5.274914 3.467321 -1.087451 -6.119602 4.569270 -1.296651 -6.683511 3.723827 -2.553904'/>
				</IndexedFaceSet>
			</Shape>
			<Shape DEF='_IDX_573'>
				<Appearance USE='Material_230_IDX_230'/>
				<IndexedFaceSet solid="false" coordIndex='0 1 2 3 -1'>
					<Coordinate point='-5.562728 1.901057 -1.824610 -4.723884 2.438344 -0.926379 -5.274914 3.467321 -1.087451 -5.985097 2.726857 -2.141860'/>
				</IndexedFaceSet>
			</Shape>
			<Shape DEF='_IDX_574'>
				<Appearance USE='Material_229_IDX_229'/>
				<IndexedFaceSet solid="false" coordIndex='0 1 2 3 -1'>
					<Coordinate point='-5.364120 1.228835 -1.570902 -4.555895 1.473808 -0.797568 -4.723884 2.438344 -0.926379 -5.562728 1.901057 -1.824610'/>
				</IndexedFaceSet>
			</Shape>
			<Shape DEF='_IDX_575'>
				<Appearance USE='Material_228_IDX_228'/>
				<IndexedFaceSet solid="false" coordIndex='0 1 2 3 -1'>
					<Coordinate point='-5.364120 1.228835 -1.570902 -4.555895 1.473808 -0.797568 -4.555895 1.473808 -0.797568 -5.364120 1.228835 -1.570902'/>
				</IndexedFaceSet>
			</Shape>
			<Shape DEF='_IDX_576'>
				<Appearance USE='Material_125_IDX_125'/>
				<IndexedFaceSet solid="false" coordIndex='0 1 2 3 -1'>
					<Coordinate point='-5.371679 0.288075 -1.157699 -5.012757 0.344958 -0.587779 -4.555895 1.473808 -0.797568 -5.364120 1.228835 -1.570902'/>
				</IndexedFaceSet>
			</Shape>
			<Shape DEF='_IDX_577'>
				<Appearance USE='Material_227_IDX_227'/>
				<IndexedFaceSet solid="false" coordIndex='0 1 2 3 -1'>
					<Coordinate point='-5.552304 -0.176669 -0.858262 -5.417034 -0.015154 -0.435751 -5.012757 0.344958 -0.587779 -5.371679 0.288075 -1.157699'/>
				</IndexedFaceSet>
			</Shape>
			<Shape DEF='_IDX_578'>
				<Appearance USE='Material_123_IDX_123'/>
				<IndexedFaceSet solid="false" coordIndex='0 1 2 3 -1'>
					<Coordinate point='-5.745485 -0.425573 -0.625119 -5.705267 -0.175755 -0.317381 -5.417034 -0.015154 -0.435751 -5.552304 -0.176669 -0.858262'/>
				</IndexedFaceSet>
			</Shape>
			<Shape DEF='_IDX_579'>
				<Appearance USE='Material_122_IDX_122'/>
				<IndexedFaceSet solid="false" coordIndex='0 1 2 3 -1'>
					<Coordinate point='-5.932706 -0.575070 -0.433984 -5.942122 -0.265180 -0.220340 -5.705267 -0.175755 -0.317381 -5.745485 -0.425573 -0.625119'/>
				</IndexedFaceSet>
			</Shape>
			<Shape DEF='_IDX_580'>
				<Appearance USE='Material_121_IDX_121'/>
				<IndexedFaceSet solid="false" coordIndex='0 1 2 3 -1'>
					<Coordinate point='-6.115017 -0.673445 -0.271143 -6.155151 -0.321789 -0.137663 -5.942122 -0.265180 -0.220340 -5.932706 -0.575070 -0.433984'/>
				</IndexedFaceSet>
			</Shape>
			<Shape DEF='_IDX_581'>
				<Appearance USE='Material_120_IDX_120'/>
				<IndexedFaceSet solid="false" coordIndex='0 1 2 3 -1'>
					<Coordinate point='-6.294568 -0.742896 -0.128266 -6.356274 -0.360827 -0.065122 -6.155151 -0.321789 -0.137663 -6.115017 -0.673445 -0.271143'/>
				</IndexedFaceSet>
			</Shape>
			<Shape DEF='_IDX_582'>
				<Appearance USE='Material_119_IDX_119'/>
				<IndexedFaceSet solid="false" coordIndex='0 1 2 3 -1'>
					<Coordinate point='-6.472743 -0.794739 -0.000000 -6.551083 -0.389498 -0.000000 -6.356274 -0.360827 -0.065122 -6.294568 -0.742896 -0.128266'/>
				</IndexedFaceSet>
			</Shape>
			<Shape DEF='_IDX_583'>
				<Appearance USE='Material_118_IDX_118'/>
				<IndexedFaceSet solid="false" coordIndex='0 1 2 3 -1'>
					<Coordinate point='-5.274914 3.467321 -1.087451 -4.327285 4.327443 0.000000 -5.379073 5.379230 -0.000000 -6.119602 4.569270 -1.296651'/>
				</IndexedFaceSet>
			</Shape>
			<Shape DEF='_IDX_584'>
				<Appearance USE='Material_117_IDX_117'/>
				<IndexedFaceSet solid="false" coordIndex='0 1 2 3 -1'>
					<Coordinate point='-4.723884 2.438344 -0.926379 -3.310390 3.310548 0.000000 -4.327285 4.327443 0.000000 -5.274914 3.467321 -1.087451'/>
				</IndexedFaceSet>
			</Shape>
			<Shape DEF='_IDX_585'>
				<Appearance USE='Material_116_IDX_116'/>
				<IndexedFaceSet solid="false" coordIndex='0 1 2 3 -1'>
					<Coordinate point='-4.555895 1.473808 -0.797568 -0.000747 0.000456 -0.000000 -3.310390 3.310548 0.000000 -4.723884 2.438344 -0.926379'/>
				</IndexedFaceSet>
			</Shape>
			<Shape DEF='_IDX_586'>
				<Appearance USE='Material_115_IDX_115'/>
				<IndexedFaceSet solid="false" coordIndex='0 1 2 3 -1'>
					<Coordinate point='-4.555895 1.473808 -0.797568 -0.001706 0.000179 -0.000000 -0.000747 0.000456 -0.000000 -4.555895 1.473808 -0.797568'/>
				</IndexedFaceSet>
			</Shape>
			<Shape DEF='_IDX_587'>
				<Appearance USE='Material_114_IDX_114'/>
				<IndexedFaceSet solid="false" coordIndex='0 1 2 3 -1'>
					<Coordinate point='-5.012757 0.344958 -0.587779 -4.779771 0.000157 -0.000000 -0.001706 0.000179 -0.000000 -4.555895 1.473808 -0.797568'/>
				</IndexedFaceSet>
			</Shape>
			<Shape DEF='_IDX_588'>
				<Appearance USE='Material_113_IDX_113'/>
				<IndexedFaceSet solid="false" coordIndex='0 1 2 3 -1'>
					<Coordinate point='-5.417034 -0.015154 -0.435751 -5.348300 0.000157 0.000000 -4.779771 0.000157 -0.000000 -5.012757 0.344958 -0.587779'/>
				</IndexedFaceSet>
			</Shape>
			<Shape DEF='_IDX_589'>
				<Appearance USE='Material_112_IDX_112'/>
				<IndexedFaceSet solid="false" coordIndex='0 1 2 3 -1'>
					<Coordinate point='-5.705267 -0.175755 -0.317381 -5.683394 0.000157 0.000000 -5.348300 0.000157 0.000000 -5.417034 -0.015154 -0.435751'/>
				</IndexedFaceSet>
			</Shape>
			<Shape DEF='_IDX_590'>
				<Appearance USE='Material_111_IDX_111'/>
				<IndexedFaceSet solid="false" coordIndex='0 1 2 3 -1'>
					<Coordinate point='-5.942122 -0.265180 -0.220340 -5.941283 0.000157 -0.000000 -5.683394 0.000157 0.000000 -5.705267 -0.175755 -0.317381'/>
				</IndexedFaceSet>
			</Shape>
			<Shape DEF='_IDX_591'>
				<Appearance USE='Material_110_IDX_110'/>
				<IndexedFaceSet solid="false" coordIndex='0 1 2 3 -1'>
					<Coordinate point='-6.155151 -0.321789 -0.137663 -6.166367 0.000157 -0.000000 -5.941283 0.000157 -0.000000 -5.942122 -0.265180 -0.220340'/>
				</IndexedFaceSet>
			</Shape>
			<Shape DEF='_IDX_592'>
				<Appearance USE='Material_109_IDX_109'/>
				<IndexedFaceSet solid="false" coordIndex='0 1 2 3 -1'>
					<Coordinate point='-6.356274 -0.360827 -0.065122 -6.375573 0.000157 0.000000 -6.166367 0.000157 -0.000000 -6.155151 -0.321789 -0.137663'/>
				</IndexedFaceSet>
			</Shape>
			<Shape DEF='_IDX_593'>
				<Appearance USE='Material_108_IDX_108'/>
				<IndexedFaceSet solid="false" coordIndex='0 1 2 3 -1'>
					<Coordinate point='-6.551083 -0.389498 -0.000000 -6.576431 0.000157 0.000000 -6.375573 0.000157 0.000000 -6.356274 -0.360827 -0.065122'/>
				</IndexedFaceSet>
			</Shape>
			<Shape DEF='_IDX_594'>
				<Appearance USE='Material_11_IDX_11'/>
				<IndexedFaceSet solid="false" coordIndex='0 1 2 3 -1'>
					<Coordinate point='6.791561 -0.000000 0.000000 6.760879 0.413682 0.065122 6.550925 0.389656 0.000000 6.576274 0.000000 0.000000'/>
				</IndexedFaceSet>
			</Shape>
			<Shape DEF='_IDX_595'>
				<Appearance USE='Material_10_IDX_10'/>
				<IndexedFaceSet solid="false" coordIndex='0 1 2 3 -1'>
					<Coordinate point='7.049608 -0.000000 0.000000 7.013496 0.436249 0.137663 6.760879 0.413682 0.065122 6.791561 -0.000000 0.000000'/>
				</IndexedFaceSet>
			</Shape>
			<Shape DEF='_IDX_596'>
				<Appearance USE='Material_9_IDX_9'/>
				<IndexedFaceSet solid="false" coordIndex='0 1 2 3 -1'>
					<Coordinate point='7.367372 0.000000 0.000000 7.325428 0.457935 0.220340 7.013496 0.436249 0.137663 7.049608 -0.000000 0.000000'/>
				</IndexedFaceSet>
			</Shape>
			<Shape DEF='_IDX_597'>
				<Appearance USE='Material_8_IDX_8'/>
				<IndexedFaceSet solid="false" coordIndex='0 1 2 3 -1'>
					<Coordinate point='7.770863 0.000000 -0.000000 7.722270 0.479455 0.317381 7.325428 0.457935 0.220340 7.367372 0.000000 0.000000'/>
				</IndexedFaceSet>
			</Shape>
			<Shape DEF='_IDX_598'>
				<Appearance USE='Material_7_IDX_7'/>
				<IndexedFaceSet solid="false" coordIndex='0 1 2 3 -1'>
					<Coordinate point='8.302370 -0.000000 -0.000000 8.245685 0.501737 0.435751 7.722270 0.479455 0.317381 7.770863 0.000000 -0.000000'/>
				</IndexedFaceSet>
			</Shape>
			<Shape DEF='_IDX_599'>
				<Appearance USE='Material_6_IDX_6'/>
				<IndexedFaceSet solid="false" coordIndex='0 1 2 3 -1'>
					<Coordinate point='9.035929 0.000000 0.000000 8.968643 0.526039 0.587779 8.245685 0.501737 0.435751 8.302370 -0.000000 -0.000000'/>
				</IndexedFaceSet>
			</Shape>
			<Shape DEF='_IDX_600'>
				<Appearance USE='Material_5_IDX_5'/>
				<IndexedFaceSet solid="false" coordIndex='0 1 2 3 -1'>
					<Coordinate point='10.114641 -0.000000 0.000000 10.032214 0.553989 0.797568 8.968643 0.526039 0.587779 9.035929 0.000000 0.000000'/>
				</IndexedFaceSet>
			</Shape>
			<Shape DEF='_IDX_601'>
				<Appearance USE='Material_4_IDX_4'/>
				<IndexedFaceSet solid="false" coordIndex='0 1 2 3 -1'>
					<Coordinate point='10.114641 -0.000000 0.000000 10.032214 0.553989 0.797568 10.032214 0.553989 0.797568 10.114641 -0.000000 0.000000'/>
				</IndexedFaceSet>
			</Shape>
			<Shape DEF='_IDX_602'>
				<Appearance USE='Material_3_IDX_3'/>
				<IndexedFaceSet solid="false" coordIndex='0 1 2 3 -1'>
					<Coordinate point='10.802656 0.000000 -0.000000 10.710655 0.568533 0.926379 10.032214 0.553989 0.797568 10.114641 -0.000000 0.000000'/>
				</IndexedFaceSet>
			</Shape>
			<Shape DEF='_IDX_603'>
				<Appearance USE='Material_2_IDX_2'/>
				<IndexedFaceSet solid="false" coordIndex='0 1 2 3 -1'>
					<Coordinate point='11.681051 0.000000 -0.000000 11.576830 0.584173 1.087451 10.710655 0.568533 0.926379 10.802656 0.000000 -0.000000'/>
				</IndexedFaceSet>
			</Shape>
			<Shape DEF='_IDX_604'>
				<Appearance USE='Material_1_IDX_1'/>
				<IndexedFaceSet solid="false" coordIndex='0 1 2 3 -1'>
					<Coordinate point='12.841846 -0.000000 0.000000 12.721413 0.600444 1.296651 11.576830 0.584173 1.087451 11.681051 0.000000 -0.000000'/>
				</IndexedFaceSet>
			</Shape>
			<Shape DEF='_IDX_605'>
				<Appearance USE='Material_22_IDX_22'/>
				<IndexedFaceSet solid="false" coordIndex='0 1 2 3 -1'>
					<Coordinate point='6.760879 0.413682 0.065122 6.667556 0.838906 0.128266 6.472585 0.794896 0.000000 6.550925 0.389656 0.000000'/>
				</IndexedFaceSet>
			</Shape>
			<Shape DEF='_IDX_606'>
				<Appearance USE='Material_21_IDX_21'/>
				<IndexedFaceSet solid="false" coordIndex='0 1 2 3 -1'>
					<Coordinate point='7.013496 0.436249 0.137663 6.904666 0.880744 0.271143 6.667556 0.838906 0.128266 6.760879 0.413682 0.065122'/>
				</IndexedFaceSet>
			</Shape>
			<Shape DEF='_IDX_607'>
				<Appearance USE='Material_20_IDX_20'/>
				<IndexedFaceSet solid="false" coordIndex='0 1 2 3 -1'>
					<Coordinate point='7.325428 0.457935 0.220340 7.199724 0.921457 0.433984 6.904666 0.880744 0.271143 7.013496 0.436249 0.137663'/>
				</IndexedFaceSet>
			</Shape>
			<Shape DEF='_IDX_608'>
				<Appearance USE='Material_19_IDX_19'/>
				<IndexedFaceSet solid="false" coordIndex='0 1 2 3 -1'>
					<Coordinate point='7.722270 0.479455 0.317381 7.577143 0.962402 0.625119 7.199724 0.921457 0.433984 7.325428 0.457935 0.220340'/>
				</IndexedFaceSet>
			</Shape>
			<Shape DEF='_IDX_609'>
				<Appearance USE='Material_18_IDX_18'/>
				<IndexedFaceSet solid="false" coordIndex='0 1 2 3 -1'>
					<Coordinate point='8.245685 0.501737 0.435751 8.076756 1.005425 0.858262 7.577143 0.962402 0.625119 7.722270 0.479455 0.317381'/>
				</IndexedFaceSet>
			</Shape>
			<Shape DEF='_IDX_610'>
				<Appearance USE='Material_17_IDX_17'/>
				<IndexedFaceSet solid="false" coordIndex='0 1 2 3 -1'>
					<Coordinate point='8.968643 0.526039 0.587779 8.768405 1.053111 1.157699 8.076756 1.005425 0.858262 8.245685 0.501737 0.435751'/>
				</IndexedFaceSet>
			</Shape>
			<Shape DEF='_IDX_611'>
				<Appearance USE='Material_16_IDX_16'/>
				<IndexedFaceSet solid="false" coordIndex='0 1 2 3 -1'>
					<Coordinate point='10.032214 0.553989 0.797568 9.787140 1.108962 1.570902 8.768405 1.053111 1.157699 8.968643 0.526039 0.587779'/>
				</IndexedFaceSet>
			</Shape>
			<Shape DEF='_IDX_612'>
				<Appearance USE='Material_15_IDX_15'/>
				<IndexedFaceSet solid="false" coordIndex='0 1 2 3 -1'>
					<Coordinate point='10.032214 0.553989 0.797568 9.787140 1.108962 1.570902 9.787140 1.108962 1.570902 10.032214 0.553989 0.797568'/>
				</IndexedFaceSet>
			</Shape>
			<Shape DEF='_IDX_613'>
				<Appearance USE='Material_14_IDX_14'/>
				<IndexedFaceSet solid="false" coordIndex='0 1 2 3 -1'>
					<Coordinate point='10.710655 0.568533 0.926379 10.437204 1.138483 1.824610 9.787140 1.108962 1.570902 10.032214 0.553989 0.797568'/>
				</IndexedFaceSet>
			</Shape>
			<Shape DEF='_IDX_614'>
				<Appearance USE='Material_13_IDX_13'/>
				<IndexedFaceSet solid="false" coordIndex='0 1 2 3 -1'>
					<Coordinate point='11.576830 0.584173 1.087451 11.267145 1.170649 2.141860 10.437204 1.138483 1.824610 10.710655 0.568533 0.926379'/>
				</IndexedFaceSet>
			</Shape>
			<Shape DEF='_IDX_615'>
				<Appearance USE='Material_12_IDX_12'/>
				<IndexedFaceSet solid="false" coordIndex='0 1 2 3 -1'>
					<Coordinate point='12.721413 0.600444 1.296651 12.363655 1.204782 2.553904 11.267145 1.170649 2.141860 11.576830 0.584173 1.087451'/>
				</IndexedFaceSet>
			</Shape>
			<Shape DEF='_IDX_616'>
				<Appearance USE='Material_33_IDX_33'/>
				<IndexedFaceSet solid="false" coordIndex='0 1 2 3 -1'>
					<Coordinate point='6.667556 0.838906 0.128266 6.508702 1.283871 0.187513 6.335903 1.226572 0.000000 6.472585 0.794896 0.000000'/>
				</IndexedFaceSet>
			</Shape>
			<Shape DEF='_IDX_617'>
				<Appearance USE='Material_32_IDX_32'/>
				<IndexedFaceSet solid="false" coordIndex='0 1 2 3 -1'>
					<Coordinate point='6.904666 0.880744 0.271143 6.722198 1.339366 0.396385 6.508702 1.283871 0.187513 6.667556 0.838906 0.128266'/>
				</IndexedFaceSet>
			</Shape>
			<Shape DEF='_IDX_618'>
				<Appearance USE='Material_31_IDX_31'/>
				<IndexedFaceSet solid="false" coordIndex='0 1 2 3 -1'>
					<Coordinate point='7.199724 0.921457 0.433984 6.990969 1.394461 0.634442 6.722198 1.339366 0.396385 6.904666 0.880744 0.271143'/>
				</IndexedFaceSet>
			</Shape>
			<Shape DEF='_IDX_619'>
				<Appearance USE='Material_30_IDX_30'/>
				<IndexedFaceSet solid="false" coordIndex='0 1 2 3 -1'>
					<Coordinate point='7.577143 0.962402 0.625119 7.337605 1.451103 0.913863 6.990969 1.394461 0.634442 7.199724 0.921457 0.433984'/>
				</IndexedFaceSet>
			</Shape>
			<Shape DEF='_IDX_620'>
				<Appearance USE='Material_29_IDX_29'/>
				<IndexedFaceSet solid="false" coordIndex='0 1 2 3 -1'>
					<Coordinate point='8.076756 1.005425 0.858262 7.799040 1.512084 1.254695 7.337605 1.451103 0.913863 7.577143 0.962402 0.625119'/>
				</IndexedFaceSet>
			</Shape>
			<Shape DEF='_IDX_621'>
				<Appearance USE='Material_28_IDX_28'/>
				<IndexedFaceSet solid="false" coordIndex='0 1 2 3 -1'>
					<Coordinate point='8.768405 1.053111 1.157699 8.440075 1.581486 1.692442 7.799040 1.512084 1.254695 8.076756 1.005425 0.858262'/>
				</IndexedFaceSet>
			</Shape>
			<Shape DEF='_IDX_622'>
				<Appearance USE='Material_27_IDX_27'/>
				<IndexedFaceSet solid="false" coordIndex='0 1 2 3 -1'>
					<Coordinate point='9.787140 1.108962 1.570902 9.385996 1.665190 2.296504 8.440075 1.581486 1.692442 8.768405 1.053111 1.157699'/>
				</IndexedFaceSet>
			</Shape>
			<Shape DEF='_IDX_623'>
				<Appearance USE='Material_26_IDX_26'/>
				<IndexedFaceSet solid="false" coordIndex='0 1 2 3 -1'>
					<Coordinate point='9.787140 1.108962 1.570902 9.385996 1.665190 2.296504 9.385996 1.665190 2.296504 9.787140 1.108962 1.570902'/>
				</IndexedFaceSet>
			</Shape>
			<Shape DEF='_IDX_624'>
				<Appearance USE='Material_25_IDX_25'/>
				<IndexedFaceSet solid="false" coordIndex='0 1 2 3 -1'>
					<Coordinate point='10.437204 1.138483 1.824610 9.989891 1.710529 2.667402 9.385996 1.665190 2.296504 9.787140 1.108962 1.570902'/>
				</IndexedFaceSet>
			</Shape>
			<Shape DEF='_IDX_625'>
				<Appearance USE='Material_24_IDX_24'/>
				<IndexedFaceSet solid="false" coordIndex='0 1 2 3 -1'>
					<Coordinate point='11.267145 1.170649 2.141860 10.760845 1.760941 3.131191 9.989891 1.710529 2.667402 10.437204 1.138483 1.824610'/>
				</IndexedFaceSet>
			</Shape>
			<Shape DEF='_IDX_626'>
				<Appearance USE='Material_23_IDX_23'/>
				<IndexedFaceSet solid="false" coordIndex='0 1 2 3 -1'>
					<Coordinate point='12.363655 1.204782 2.553904 11.779077 1.816008 3.733557 10.760845 1.760941 3.131191 11.267145 1.170649 2.141860'/>
				</IndexedFaceSet>
			</Shape>
			<Shape DEF='_IDX_627'>
				<Appearance USE='Material_44_IDX_44'/>
				<IndexedFaceSet solid="false" coordIndex='0 1 2 3 -1'>
					<Coordinate point='6.508702 1.283871 0.187513 6.281902 1.751635 0.241062 6.135735 1.688615 0.000000 6.335903 1.226572 0.000000'/>
				</IndexedFaceSet>
			</Shape>
			<Shape DEF='_IDX_628'>
				<Appearance USE='Material_43_IDX_43'/>
				<IndexedFaceSet solid="false" coordIndex='0 1 2 3 -1'>
					<Coordinate point='6.722198 1.339366 0.396385 6.466043 1.814182 0.509583 6.281902 1.751635 0.241062 6.508702 1.283871 0.187513'/>
				</IndexedFaceSet>
			</Shape>
			<Shape DEF='_IDX_629'>
				<Appearance USE='Material_42_IDX_42'/>
				<IndexedFaceSet solid="false" coordIndex='0 1 2 3 -1'>
					<Coordinate point='6.990969 1.394461 0.634442 6.701216 1.878007 0.815623 6.466043 1.814182 0.509583 6.722198 1.339366 0.396385'/>
				</IndexedFaceSet>
			</Shape>
			<Shape DEF='_IDX_630'>
				<Appearance USE='Material_41_IDX_41'/>
				<IndexedFaceSet solid="false" coordIndex='0 1 2 3 -1'>
					<Coordinate point='7.337605 1.451103 0.913863 7.007665 1.945680 1.174839 6.701216 1.878007 0.815623 6.990969 1.394461 0.634442'/>
				</IndexedFaceSet>
			</Shape>
			<Shape DEF='_IDX_631'>
				<Appearance USE='Material_40_IDX_40'/>
				<IndexedFaceSet solid="false" coordIndex='0 1 2 3 -1'>
					<Coordinate point='7.799040 1.512084 1.254695 7.418491 2.021052 1.613005 7.007665 1.945680 1.174839 7.337605 1.451103 0.913863'/>
				</IndexedFaceSet>
			</Shape>
			<Shape DEF='_IDX_632'>
				<Appearance USE='Material_39_IDX_39'/>
				<IndexedFaceSet solid="false" coordIndex='0 1 2 3 -1'>
					<Coordinate point='8.440075 1.581486 1.692442 7.991750 2.110016 2.175761 7.418491 2.021052 1.613005 7.799040 1.512084 1.254695'/>
				</IndexedFaceSet>
			</Shape>
			<Shape DEF='_IDX_633'>
				<Appearance USE='Material_38_IDX_38'/>
				<IndexedFaceSet solid="false" coordIndex='0 1 2 3 -1'>
					<Coordinate point='9.385996 1.665190 2.296504 8.839577 2.221589 2.952329 7.991750 2.110016 2.175761 8.440075 1.581486 1.692442'/>
				</IndexedFaceSet>
			</Shape>
			<Shape DEF='_IDX_634'>
				<Appearance USE='Material_37_IDX_37'/>
				<IndexedFaceSet solid="false" coordIndex='0 1 2 3 -1'>
					<Coordinate point='9.385996 1.665190 2.296504 8.839577 2.221589 2.952329 8.839577 2.221589 2.952329 9.385996 1.665190 2.296504'/>
				</IndexedFaceSet>
			</Shape>
			<Shape DEF='_IDX_635'>
				<Appearance USE='Material_36_IDX_36'/>
				<IndexedFaceSet solid="false" coordIndex='0 1 2 3 -1'>
					<Coordinate point='9.989891 1.710529 2.667402 9.381126 2.283946 3.429146 8.839577 2.221589 2.952329 9.385996 1.665190 2.296504'/>
				</IndexedFaceSet>
			</Shape>
			<Shape DEF='_IDX_636'>
				<Appearance USE='Material_35_IDX_35'/>
				<IndexedFaceSet solid="false" coordIndex='0 1 2 3 -1'>
					<Coordinate point='10.760845 1.760941 3.131191 10.072365 2.355032 4.025381 9.381126 2.283946 3.429146 9.989891 1.710529 2.667402'/>
				</IndexedFaceSet>
			</Shape>
			<Shape DEF='_IDX_637'>
				<Appearance USE='Material_34_IDX_34'/>
				<IndexedFaceSet solid="false" coordIndex='0 1 2 3 -1'>
					<Coordinate point='11.779077 1.816008 3.733557 10.984776 2.435381 4.799768 10.072365 2.355032 4.025381 10.760845 1.760941 3.131191'/>
				</IndexedFaceSet>
			</Shape>
			<Shape DEF='_IDX_638'>
				<Appearance USE='Material_55_IDX_55'/>
				<IndexedFaceSet solid="false" coordIndex='0 1 2 3 -1'>
					<Coordinate point='6.281902 1.751635 0.241062 5.987092 2.240102 0.287286 5.869804 2.178530 0.000000 6.135735 1.688615 0.000000'/>
				</IndexedFaceSet>
			</Shape>
			<Shape DEF='_IDX_639'>
				<Appearance USE='Material_54_IDX_54'/>
				<IndexedFaceSet solid="false" coordIndex='0 1 2 3 -1'>
					<Coordinate point='6.466043 1.814182 0.509583 6.138278 2.303171 0.607297 5.987092 2.240102 0.287286 6.281902 1.751635 0.241062'/>
				</IndexedFaceSet>
			</Shape>
			<Shape DEF='_IDX_640'>
				<Appearance USE='Material_53_IDX_53'/>
				<IndexedFaceSet solid="false" coordIndex='0 1 2 3 -1'>
					<Coordinate point='6.701216 1.878007 0.815623 6.334644 2.369922 0.972022 6.138278 2.303171 0.607297 6.466043 1.814182 0.509583'/>
				</IndexedFaceSet>
			</Shape>
			<Shape DEF='_IDX_641'>
				<Appearance USE='Material_52_IDX_52'/>
				<IndexedFaceSet solid="false" coordIndex='0 1 2 3 -1'>
					<Coordinate point='7.007665 1.945680 1.174839 6.593634 2.443666 1.400119 6.334644 2.369922 0.972022 6.701216 1.878007 0.815623'/>
				</IndexedFaceSet>
			</Shape>
			<Shape DEF='_IDX_642'>
				<Appearance USE='Material_51_IDX_51'/>
				<IndexedFaceSet solid="false" coordIndex='0 1 2 3 -1'>
					<Coordinate point='7.418491 2.021052 1.613005 6.943709 2.529535 1.922304 6.593634 2.443666 1.400119 7.007665 1.945680 1.174839'/>
				</IndexedFaceSet>
			</Shape>
			<Shape DEF='_IDX_643'>
				<Appearance DEF='Material_239_IDX_239'>
					<Material diffuseColor='0.725103 0.737786 0.290573'/>
					
				</Appearance>
				<IndexedFaceSet solid="false" coordIndex='0 1 2 3 -1'>
					<Coordinate point='7.991750 2.110016 2.175761 7.434696 2.635664 2.592972 6.943709 2.529535 1.922304 7.418491 2.021052 1.613005'/>
				</IndexedFaceSet>
			</Shape>
			<Shape DEF='_IDX_644'>
				<Appearance USE='Material_49_IDX_49'/>
				<IndexedFaceSet solid="false" coordIndex='0 1 2 3 -1'>
					<Coordinate point='8.839577 2.221589 2.952329 8.162635 2.775196 3.518449 7.434696 2.635664 2.592972 7.991750 2.110016 2.175761'/>
				</IndexedFaceSet>
			</Shape>
			<Shape DEF='_IDX_645'>
				<Appearance USE='Material_48_IDX_48'/>
				<IndexedFaceSet solid="false" coordIndex='0 1 2 3 -1'>
					<Coordinate point='8.839577 2.221589 2.952329 8.162635 2.775196 3.518449 8.162635 2.775196 3.518449 8.839577 2.221589 2.952329'/>
				</IndexedFaceSet>
			</Shape>
			<Shape DEF='_IDX_646'>
				<Appearance USE='Material_47_IDX_47'/>
				<IndexedFaceSet solid="false" coordIndex='0 1 2 3 -1'>
					<Coordinate point='9.381126 2.283946 3.429146 8.627785 2.856035 4.086697 8.162635 2.775196 3.518449 8.839577 2.221589 2.952329'/>
				</IndexedFaceSet>
			</Shape>
			<Shape DEF='_IDX_647'>
				<Appearance USE='Material_46_IDX_46'/>
				<IndexedFaceSet solid="false" coordIndex='0 1 2 3 -1'>
					<Coordinate point='10.072365 2.355032 4.025381 9.221252 2.950752 4.797262 8.627785 2.856035 4.086697 9.381126 2.283946 3.429146'/>
				</IndexedFaceSet>
			</Shape>
			<Shape DEF='_IDX_648'>
				<Appearance USE='Material_45_IDX_45'/>
				<IndexedFaceSet solid="false" coordIndex='0 1 2 3 -1'>
					<Coordinate point='10.984776 2.435381 4.799768 10.003846 3.061687 5.720141 9.221252 2.950752 4.797262 10.072365 2.355032 4.025381'/>
				</IndexedFaceSet>
			</Shape>
			<Shape DEF='_IDX_649'>
				<Appearance USE='Material_66_IDX_66'/>
				<IndexedFaceSet solid="false" coordIndex='0 1 2 3 -1'>
					<Coordinate point='5.987092 2.240102 0.287286 5.627481 2.743028 0.324781 5.539789 2.689105 0.000000 5.869804 2.178530 0.000000'/>
				</IndexedFaceSet>
			</Shape>
			<Shape DEF='_IDX_650'>
				<Appearance USE='Material_65_IDX_65'/>
				<IndexedFaceSet solid="false" coordIndex='0 1 2 3 -1'>
					<Coordinate point='6.138278 2.303171 0.607297 5.743808 2.800745 0.686559 5.627481 2.743028 0.324781 5.987092 2.240102 0.287286'/>
				</IndexedFaceSet>
			</Shape>
			<Shape DEF='_IDX_651'>
				<Appearance USE='Material_64_IDX_64'/>
				<IndexedFaceSet solid="false" coordIndex='0 1 2 3 -1'>
					<Coordinate point='6.334644 2.369922 0.972022 5.898025 2.864992 1.098887 5.743808 2.800745 0.686559 6.138278 2.303171 0.607297'/>
				</IndexedFaceSet>
			</Shape>
			<Shape DEF='_IDX_652'>
				<Appearance USE='Material_63_IDX_63'/>
				<IndexedFaceSet solid="false" coordIndex='0 1 2 3 -1'>
					<Coordinate point='6.593634 2.443666 1.400119 6.104369 2.939996 1.582857 5.898025 2.864992 1.098887 6.334644 2.369922 0.972022'/>
				</IndexedFaceSet>
			</Shape>
			<Shape DEF='_IDX_653'>
				<Appearance USE='Material_62_IDX_62'/>
				<IndexedFaceSet solid="false" coordIndex='0 1 2 3 -1'>
					<Coordinate point='6.943709 2.529535 1.922304 6.385970 3.032441 2.173196 6.104369 2.939996 1.582857 6.593634 2.443666 1.400119'/>
				</IndexedFaceSet>
			</Shape>
			<Shape DEF='_IDX_654'>
				<Appearance USE='Material_61_IDX_61'/>
				<IndexedFaceSet solid="false" coordIndex='0 1 2 3 -1'>
					<Coordinate point='7.434696 2.635664 2.592972 6.783176 3.153239 2.931396 6.385970 3.032441 2.173196 6.943709 2.529535 1.922304'/>
				</IndexedFaceSet>
			</Shape>
			<Shape DEF='_IDX_655'>
				<Appearance USE='Material_60_IDX_60'/>
				<IndexedFaceSet solid="false" coordIndex='0 1 2 3 -1'>
					<Coordinate point='8.162635 2.775196 3.518449 7.373494 3.320807 3.977663 6.783176 3.153239 2.931396 7.434696 2.635664 2.592972'/>
				</IndexedFaceSet>
			</Shape>
			<Shape DEF='_IDX_656'>
				<Appearance USE='Material_59_IDX_59'/>
				<IndexedFaceSet solid="false" coordIndex='0 1 2 3 -1'>
					<Coordinate point='8.162635 2.775196 3.518449 7.373494 3.320807 3.977663 7.373494 3.320807 3.977663 8.162635 2.775196 3.518449'/>
				</IndexedFaceSet>
			</Shape>
			<Shape DEF='_IDX_657'>
				<Appearance USE='Material_58_IDX_58'/>
				<IndexedFaceSet solid="false" coordIndex='0 1 2 3 -1'>
					<Coordinate point='8.627785 2.856035 4.086697 7.750699 3.421702 4.620075 7.373494 3.320807 3.977663 8.162635 2.775196 3.518449'/>
				</IndexedFaceSet>
			</Shape>
			<Shape DEF='_IDX_658'>
				<Appearance USE='Material_57_IDX_57'/>
				<IndexedFaceSet solid="false" coordIndex='0 1 2 3 -1'>
					<Coordinate point='9.221252 2.950752 4.797262 8.231532 3.543281 5.423381 7.750699 3.421702 4.620075 8.627785 2.856035 4.086697'/>
				</IndexedFaceSet>
			</Shape>
			<Shape DEF='_IDX_659'>
				<Appearance DEF='Material_240_IDX_240'>
					<Material diffuseColor='0.902812 0.453699 0.191962'/>
					
				</Appearance>
				<IndexedFaceSet solid="false" coordIndex='0 1 2 3 -1'>
					<Coordinate point='10.003846 3.061687 5.720141 8.864565 3.690657 6.466711 8.231532 3.543281 5.423381 9.221252 2.950752 4.797262'/>
				</IndexedFaceSet>
			</Shape>
			<Shape DEF='_IDX_660'>
				<Appearance USE='Material_77_IDX_77'/>
				<IndexedFaceSet solid="false" coordIndex='0 1 2 3 -1'>
					<Coordinate point='5.627481 2.743028 0.324781 5.209576 3.251258 0.352408 5.151163 3.210098 0.000000 5.539789 2.689105 0.000000'/>
				</IndexedFaceSet>
			</Shape>
			<Shape DEF='_IDX_661'>
				<Appearance USE='Material_76_IDX_76'/>
				<IndexedFaceSet solid="false" coordIndex='0 1 2 3 -1'>
					<Coordinate point='5.743808 2.800745 0.686559 5.290449 3.298584 0.744960 5.209576 3.251258 0.352408 5.627481 2.743028 0.324781'/>
				</IndexedFaceSet>
			</Shape>
			<Shape DEF='_IDX_662'>
				<Appearance USE='Material_75_IDX_75'/>
				<IndexedFaceSet solid="false" coordIndex='0 1 2 3 -1'>
					<Coordinate point='5.898025 2.864992 1.098887 5.400784 3.355484 1.192362 5.290449 3.298584 0.744960 5.743808 2.800745 0.686559'/>
				</IndexedFaceSet>
			</Shape>
			<Shape DEF='_IDX_663'>
				<Appearance USE='Material_74_IDX_74'/>
				<IndexedFaceSet solid="false" coordIndex='0 1 2 3 -1'>
					<Coordinate point='6.104369 2.939996 1.582857 5.551256 3.427266 1.717500 5.400784 3.355484 1.192362 5.898025 2.864992 1.098887'/>
				</IndexedFaceSet>
			</Shape>
			<Shape DEF='_IDX_664'>
				<Appearance USE='Material_73_IDX_73'/>
				<IndexedFaceSet solid="false" coordIndex='0 1 2 3 -1'>
					<Coordinate point='6.385970 3.032441 2.173196 5.759089 3.522461 2.358055 5.551256 3.427266 1.717500 6.104369 2.939996 1.582857'/>
				</IndexedFaceSet>
			</Shape>
			<Shape DEF='_IDX_665'>
				<Appearance USE='Material_72_IDX_72'/>
				<IndexedFaceSet solid="false" coordIndex='0 1 2 3 -1'>
					<Coordinate point='6.783176 3.153239 2.931396 6.054155 3.655316 3.180750 5.759089 3.522461 2.358055 6.385970 3.032441 2.173196'/>
				</IndexedFaceSet>
			</Shape>
			<Shape DEF='_IDX_666'>
				<Appearance DEF='Material_241_IDX_241'>
					<Material diffuseColor='0.853752 0.677902 0.239998'/>
					
				</Appearance>
				<IndexedFaceSet solid="false" coordIndex='0 1 2 3 -1'>
					<Coordinate point='7.373494 3.320807 3.977663 6.493530 3.850761 4.316017 6.054155 3.655316 3.180750 6.783176 3.153239 2.931396'/>
				</IndexedFaceSet>
			</Shape>
			<Shape DEF='_IDX_667'>
				<Appearance USE='Material_70_IDX_70'/>
				<IndexedFaceSet solid="false" coordIndex='0 1 2 3 -1'>
					<Coordinate point='7.373494 3.320807 3.977663 6.493530 3.850761 4.316017 6.493530 3.850761 4.316017 7.373494 3.320807 3.977663'/>
				</IndexedFaceSet>
			</Shape>
			<Shape DEF='_IDX_668'>
				<Appearance USE='Material_102_IDX_102'/>
				<IndexedFaceSet solid="false" coordIndex='0 1 2 3 -1'>
					<Coordinate point='7.750699 3.421702 4.620075 6.774016 3.973190 5.013075 6.493530 3.850761 4.316017 7.373494 3.320807 3.977663'/>
				</IndexedFaceSet>
			</Shape>
			<Shape DEF='_IDX_669'>
				<Appearance USE='Material_68_IDX_68'/>
				<IndexedFaceSet solid="false" coordIndex='0 1 2 3 -1'>
					<Coordinate point='8.231532 3.543281 5.423381 7.130902 4.124815 5.884713 6.774016 3.973190 5.013075 7.750699 3.421702 4.620075'/>
				</IndexedFaceSet>
			</Shape>
			<Shape DEF='_IDX_670'>
				<Appearance USE='Material_67_IDX_67'/>
				<IndexedFaceSet solid="false" coordIndex='0 1 2 3 -1'>
					<Coordinate point='8.864565 3.690657 6.466711 7.599383 4.314562 7.016792 7.130902 4.124815 5.884713 8.231532 3.543281 5.423381'/>
				</IndexedFaceSet>
			</Shape>
			<Shape DEF='_IDX_671'>
				<Appearance USE='Material_88_IDX_88'/>
				<IndexedFaceSet solid="false" coordIndex='0 1 2 3 -1'>
					<Coordinate point='5.209576 3.251258 0.352408 4.742694 3.753799 0.369328 4.712478 3.729537 0.000000 5.151163 3.210098 0.000000'/>
				</IndexedFaceSet>
			</Shape>
			<Shape DEF='_IDX_672'>
				<Appearance USE='Material_87_IDX_87'/>
				<IndexedFaceSet solid="false" coordIndex='0 1 2 3 -1'>
					<Coordinate point='5.290449 3.298584 0.744960 4.788599 3.786491 0.780726 4.742694 3.753799 0.369328 5.209576 3.251258 0.352408'/>
				</IndexedFaceSet>
			</Shape>
			<Shape DEF='_IDX_673'>
				<Appearance USE='Material_86_IDX_86'/>
				<IndexedFaceSet solid="false" coordIndex='0 1 2 3 -1'>
					<Coordinate point='5.400784 3.355484 1.192362 4.854744 3.831769 1.249608 4.788599 3.786491 0.780726 5.290449 3.298584 0.744960'/>
				</IndexedFaceSet>
			</Shape>
			<Shape DEF='_IDX_674'>
				<Appearance USE='Material_85_IDX_85'/>
				<IndexedFaceSet solid="false" coordIndex='0 1 2 3 -1'>
					<Coordinate point='5.551256 3.427266 1.717500 4.947963 3.896160 1.799958 4.854744 3.831769 1.249608 5.400784 3.355484 1.192362'/>
				</IndexedFaceSet>
			</Shape>
			<Shape DEF='_IDX_675'>
				<Appearance USE='Material_84_IDX_84'/>
				<IndexedFaceSet solid="false" coordIndex='0 1 2 3 -1'>
					<Coordinate point='5.759089 3.522461 2.358055 5.079127 3.990298 2.471267 4.947963 3.896160 1.799958 5.551256 3.427266 1.717500'/>
				</IndexedFaceSet>
			</Shape>
			<Shape DEF='_IDX_676'>
				<Appearance USE='Material_83_IDX_83'/>
				<IndexedFaceSet solid="false" coordIndex='0 1 2 3 -1'>
					<Coordinate point='6.054155 3.655316 3.180750 5.266887 4.132308 3.333460 5.079127 3.990298 2.471267 5.759089 3.522461 2.358055'/>
				</IndexedFaceSet>
			</Shape>
			<Shape DEF='_IDX_677'>
				<Appearance USE='Material_82_IDX_82'/>
				<IndexedFaceSet solid="false" coordIndex='0 1 2 3 -1'>
					<Coordinate point='6.493530 3.850761 4.316017 5.546560 4.354878 4.523231 5.266887 4.132308 3.333460 6.054155 3.655316 3.180750'/>
				</IndexedFaceSet>
			</Shape>
			<Shape DEF='_IDX_678'>
				<Appearance DEF='Material_242_IDX_242'>
					<Material diffuseColor='0.891077 0.606129 0.221847'/>
					
				</Appearance>
				<IndexedFaceSet solid="false" coordIndex='0 1 2 3 -1'>
					<Coordinate point='6.493530 3.850761 4.316017 5.546560 4.354878 4.523231 5.546560 4.354878 4.523231 6.493530 3.850761 4.316017'/>
				</IndexedFaceSet>
			</Shape>
			<Shape DEF='_IDX_679'>
				<Appearance USE='Material_80_IDX_80'/>
				<IndexedFaceSet solid="false" coordIndex='0 1 2 3 -1'>
					<Coordinate point='6.774016 3.973190 5.013075 5.724449 4.499954 5.253756 5.546560 4.354878 4.523231 6.493530 3.850761 4.316017'/>
				</IndexedFaceSet>
			</Shape>
			<Shape DEF='_IDX_680'>
				<Appearance USE='Material_79_IDX_79'/>
				<IndexedFaceSet solid="false" coordIndex='0 1 2 3 -1'>
					<Coordinate point='7.130902 4.124815 5.884713 5.949801 4.684396 6.167242 5.724449 4.499954 5.253756 6.774016 3.973190 5.013075'/>
				</IndexedFaceSet>
			</Shape>
			<Shape DEF='_IDX_681'>
				<Appearance DEF='Material_243_IDX_243'>
					<Material diffuseColor='0.876509 0.280725 0.158298'/>
					
				</Appearance>
				<IndexedFaceSet solid="false" coordIndex='0 1 2 3 -1'>
					<Coordinate point='7.599383 4.314562 7.016792 6.243772 4.921988 7.353672 5.949801 4.684396 6.167242 7.130902 4.124815 5.884713'/>
				</IndexedFaceSet>
			</Shape>
			<Shape DEF='_IDX_682'>
				<Appearance USE='Material_99_IDX_99'/>
				<IndexedFaceSet solid="false" coordIndex='0 1 2 3 -1'>
					<Coordinate point='4.742694 3.753799 0.369328 4.238286 4.238692 0.375025 4.234497 4.234654 -0.000000 4.712478 3.729537 0.000000'/>
				</IndexedFaceSet>
			</Shape>
			<Shape DEF='_IDX_683'>
				<Appearance USE='Material_98_IDX_98'/>
				<IndexedFaceSet solid="false" coordIndex='0 1 2 3 -1'>
					<Coordinate point='4.788599 3.786491 0.780726 4.250697 4.253153 0.792770 4.238286 4.238692 0.375025 4.742694 3.753799 0.369328'/>
				</IndexedFaceSet>
			</Shape>
			<Shape DEF='_IDX_684'>
				<Appearance USE='Material_97_IDX_97'/>
				<IndexedFaceSet solid="false" coordIndex='0 1 2 3 -1'>
					<Coordinate point='4.854744 3.831769 1.249608 4.273696 4.282962 1.268885 4.250697 4.253153 0.792770 4.788599 3.786491 0.780726'/>
				</IndexedFaceSet>
			</Shape>
			<Shape DEF='_IDX_685'>
				<Appearance USE='Material_96_IDX_96'/>
				<IndexedFaceSet solid="false" coordIndex='0 1 2 3 -1'>
					<Coordinate point='4.947963 3.896160 1.799958 4.310065 4.335938 1.827726 4.273696 4.282962 1.268885 4.854744 3.831769 1.249608'/>
				</IndexedFaceSet>
			</Shape>
			<Shape DEF='_IDX_686'>
				<Appearance USE='Material_95_IDX_95'/>
				<IndexedFaceSet solid="false" coordIndex='0 1 2 3 -1'>
					<Coordinate point='5.079127 3.990298 2.471267 4.364005 4.425007 2.509390 4.310065 4.335938 1.827726 4.947963 3.896160 1.799958'/>
				</IndexedFaceSet>
			</Shape>
			<Shape DEF='_IDX_687'>
				<Appearance USE='Material_94_IDX_94'/>
				<IndexedFaceSet solid="false" coordIndex='0 1 2 3 -1'>
					<Coordinate point='5.266887 4.132308 3.333460 4.442441 4.572650 3.384884 4.364005 4.425007 2.509390 5.079127 3.990298 2.471267'/>
				</IndexedFaceSet>
			</Shape>
			<Shape DEF='_IDX_688'>
				<Appearance USE='Material_93_IDX_93'/>
				<IndexedFaceSet solid="false" coordIndex='0 1 2 3 -1'>
					<Coordinate point='5.546560 4.354878 4.523231 4.558158 4.820496 4.593009 4.442441 4.572650 3.384884 5.266887 4.132308 3.333460'/>
				</IndexedFaceSet>
			</Shape>
			<Shape DEF='_IDX_689'>
				<Appearance USE='Material_92_IDX_92'/>
				<IndexedFaceSet solid="false" coordIndex='0 1 2 3 -1'>
					<Coordinate point='5.546560 4.354878 4.523231 4.558158 4.820496 4.593009 4.558158 4.820496 4.593009 5.546560 4.354878 4.523231'/>
				</IndexedFaceSet>
			</Shape>
			<Shape DEF='_IDX_690'>
				<Appearance USE='Material_91_IDX_91'/>
				<IndexedFaceSet solid="false" coordIndex='0 1 2 3 -1'>
					<Coordinate point='5.724449 4.499954 5.253756 4.630437 4.988650 5.334804 4.558158 4.820496 4.593009 5.546560 4.354878 4.523231'/>
				</IndexedFaceSet>
			</Shape>
			<Shape DEF='_IDX_691'>
				<Appearance USE='Material_90_IDX_90'/>
				<IndexedFaceSet solid="false" coordIndex='0 1 2 3 -1'>
					<Coordinate point='5.949801 4.684396 6.167242 4.720386 5.207872 6.262381 4.630437 4.988650 5.334804 5.724449 4.499954 5.253756'/>
				</IndexedFaceSet>
			</Shape>
			<Shape DEF='_IDX_692'>
				<Appearance DEF='Material_244_IDX_244'>
					<Material diffuseColor='0.871908 0.244775 0.152010'/>
					
				</Appearance>
				<IndexedFaceSet solid="false" coordIndex='0 1 2 3 -1'>
					<Coordinate point='6.243772 4.921988 7.353672 4.834943 5.497795 7.467114 4.720386 5.207872 6.262381 5.949801 4.684396 6.167242'/>
				</IndexedFaceSet>
			</Shape>
			<Shape DEF='_IDX_693'>
				<Appearance USE='Material_99_IDX_99'/>
				<IndexedFaceSet solid="false" coordIndex='0 1 2 3 -1'>
					<Coordinate point='4.238286 4.238692 0.375025 3.709237 4.693767 0.369328 3.729379 4.712635 0.000000 4.234497 4.234654 -0.000000'/>
				</IndexedFaceSet>
			</Shape>
			<Shape DEF='_IDX_694'>
				<Appearance USE='Material_98_IDX_98'/>
				<IndexedFaceSet solid="false" coordIndex='0 1 2 3 -1'>
					<Coordinate point='4.250697 4.253153 0.792770 3.690648 4.686868 0.780726 3.709237 4.693767 0.369328 4.238286 4.238692 0.375025'/>
				</IndexedFaceSet>
			</Shape>
			<Shape DEF='_IDX_695'>
				<Appearance USE='Material_97_IDX_97'/>
				<IndexedFaceSet solid="false" coordIndex='0 1 2 3 -1'>
					<Coordinate point='4.273696 4.282962 1.268885 3.672912 4.697582 1.249608 3.690648 4.686868 0.780726 4.250697 4.253153 0.792770'/>
				</IndexedFaceSet>
			</Shape>
			<Shape DEF='_IDX_696'>
				<Appearance USE='Material_96_IDX_96'/>
				<IndexedFaceSet solid="false" coordIndex='0 1 2 3 -1'>
					<Coordinate point='4.310065 4.335938 1.827726 3.654626 4.734996 1.799958 3.672912 4.697582 1.249608 4.273696 4.282962 1.268885'/>
				</IndexedFaceSet>
			</Shape>
			<Shape DEF='_IDX_697'>
				<Appearance USE='Material_95_IDX_95'/>
				<IndexedFaceSet solid="false" coordIndex='0 1 2 3 -1'>
					<Coordinate point='4.364005 4.425007 2.509390 3.633102 4.814414 2.471267 3.654626 4.734996 1.799958 4.310065 4.335938 1.827726'/>
				</IndexedFaceSet>
			</Shape>
			<Shape DEF='_IDX_698'>
				<Appearance USE='Material_94_IDX_94'/>
				<IndexedFaceSet solid="false" coordIndex='0 1 2 3 -1'>
					<Coordinate point='4.442441 4.572650 3.384884 3.603233 4.963043 3.333460 3.633102 4.814414 2.471267 4.364005 4.425007 2.509390'/>
				</IndexedFaceSet>
			</Shape>
			<Shape DEF='_IDX_699'>
				<Appearance USE='Material_93_IDX_93'/>
				<IndexedFaceSet solid="false" coordIndex='0 1 2 3 -1'>
					<Coordinate point='4.558158 4.820496 4.593009 3.554968 5.232574 4.523231 3.603233 4.963043 3.333460 4.442441 4.572650 3.384884'/>
				</IndexedFaceSet>
			</Shape>
			<Shape DEF='_IDX_700'>
				<Appearance DEF='Material_245_IDX_245'>
					<Material diffuseColor='0.896642 0.593080 0.218876'/>
					
				</Appearance>
				<IndexedFaceSet solid="false" coordIndex='0 1 2 3 -1'>
					<Coordinate point='4.558158 4.820496 4.593009 3.554968 5.232574 4.523231 3.554968 5.232574 4.523231 4.558158 4.820496 4.593009'/>
				</IndexedFaceSet>
			</Shape>
			<Shape DEF='_IDX_701'>
				<Appearance USE='Material_91_IDX_91'/>
				<IndexedFaceSet solid="false" coordIndex='0 1 2 3 -1'>
					<Coordinate point='4.630437 4.988650 5.334804 3.521293 5.423212 5.253756 3.554968 5.232574 4.523231 4.558158 4.820496 4.593009'/>
				</IndexedFaceSet>
			</Shape>
			<Shape DEF='_IDX_702'>
				<Appearance USE='Material_90_IDX_90'/>
				<IndexedFaceSet solid="false" coordIndex='0 1 2 3 -1'>
					<Coordinate point='4.720386 5.207872 6.262381 3.475445 5.677972 6.167242 3.521293 5.423212 5.253756 4.630437 4.988650 5.334804'/>
				</IndexedFaceSet>
			</Shape>
			<Shape DEF='_IDX_703'>
				<Appearance USE='Material_89_IDX_89'/>
				<IndexedFaceSet solid="false" coordIndex='0 1 2 3 -1'>
					<Coordinate point='4.834943 5.497795 7.467114 3.410493 6.023239 7.353672 3.475445 5.677972 6.167242 4.720386 5.207872 6.262381'/>
				</IndexedFaceSet>
			</Shape>
			<Shape DEF='_IDX_704'>
				<Appearance USE='Material_88_IDX_88'/>
				<IndexedFaceSet solid="false" coordIndex='0 1 2 3 -1'>
					<Coordinate point='3.709237 4.693767 0.369328 3.169203 5.107378 0.352408 3.209940 5.151320 -0.000000 3.729379 4.712635 0.000000'/>
				</IndexedFaceSet>
			</Shape>
			<Shape DEF='_IDX_705'>
				<Appearance USE='Material_87_IDX_87'/>
				<IndexedFaceSet solid="false" coordIndex='0 1 2 3 -1'>
					<Coordinate point='3.690648 4.686868 0.780726 3.123247 5.076288 0.744960 3.169203 5.107378 0.352408 3.709237 4.693767 0.369328'/>
				</IndexedFaceSet>
			</Shape>
			<Shape DEF='_IDX_706'>
				<Appearance USE='Material_86_IDX_86'/>
				<IndexedFaceSet solid="false" coordIndex='0 1 2 3 -1'>
					<Coordinate point='3.672912 4.697582 1.249608 3.068681 5.064259 1.192362 3.123247 5.076288 0.744960 3.690648 4.686868 0.780726'/>
				</IndexedFaceSet>
			</Shape>
			<Shape DEF='_IDX_707'>
				<Appearance USE='Material_85_IDX_85'/>
				<IndexedFaceSet solid="false" coordIndex='0 1 2 3 -1'>
					<Coordinate point='3.654626 4.734996 1.799958 2.999831 5.081495 1.717500 3.068681 5.064259 1.192362 3.672912 4.697582 1.249608'/>
				</IndexedFaceSet>
			</Shape>
			<Shape DEF='_IDX_708'>
				<Appearance USE='Material_84_IDX_84'/>
				<IndexedFaceSet solid="false" coordIndex='0 1 2 3 -1'>
					<Coordinate point='3.633102 4.814414 2.471267 2.906954 5.145601 2.358055 2.999831 5.081495 1.717500 3.654626 4.734996 1.799958'/>
				</IndexedFaceSet>
			</Shape>
			<Shape DEF='_IDX_709'>
				<Appearance USE='Material_83_IDX_83'/>
				<IndexedFaceSet solid="false" coordIndex='0 1 2 3 -1'>
					<Coordinate point='3.603233 4.963043 3.333460 2.772669 5.288743 3.180750 2.906954 5.145601 2.358055 3.633102 4.814414 2.471267'/>
				</IndexedFaceSet>
			</Shape>
			<Shape DEF='_IDX_710'>
				<Appearance USE='Material_82_IDX_82'/>
				<IndexedFaceSet solid="false" coordIndex='0 1 2 3 -1'>
					<Coordinate point='3.554968 5.232574 4.523231 2.564079 5.573784 4.316017 2.772669 5.288743 3.180750 3.603233 4.963043 3.333460'/>
				</IndexedFaceSet>
			</Shape>
			<Shape DEF='_IDX_711'>
				<Appearance USE='Material_81_IDX_81'/>
				<IndexedFaceSet solid="false" coordIndex='0 1 2 3 -1'>
					<Coordinate point='3.554968 5.232574 4.523231 2.564079 5.573784 4.316017 2.564079 5.573784 4.316017 3.554968 5.232574 4.523231'/>
				</IndexedFaceSet>
			</Shape>
			<Shape DEF='_IDX_712'>
				<Appearance USE='Material_80_IDX_80'/>
				<IndexedFaceSet solid="false" coordIndex='0 1 2 3 -1'>
					<Coordinate point='3.521293 5.423212 5.253756 2.426360 5.784903 5.013075 2.564079 5.573784 4.316017 3.554968 5.232574 4.523231'/>
				</IndexedFaceSet>
			</Shape>
			<Shape DEF='_IDX_713'>
				<Appearance USE='Material_79_IDX_79'/>
				<IndexedFaceSet solid="false" coordIndex='0 1 2 3 -1'>
					<Coordinate point='3.475445 5.677972 6.167242 2.247296 6.074399 5.884713 2.426360 5.784903 5.013075 3.521293 5.423212 5.253756'/>
				</IndexedFaceSet>
			</Shape>
			<Shape DEF='_IDX_714'>
				<Appearance USE='Material_78_IDX_78'/>
				<IndexedFaceSet solid="false" coordIndex='0 1 2 3 -1'>
					<Coordinate point='3.410493 6.023239 7.353672 2.006970 6.476197 7.016792 2.247296 6.074399 5.884713 3.475445 5.677972 6.167242'/>
				</IndexedFaceSet>
			</Shape>
			<Shape DEF='_IDX_715'>
				<Appearance USE='Material_77_IDX_77'/>
				<IndexedFaceSet solid="false" coordIndex='0 1 2 3 -1'>
					<Coordinate point='3.169203 5.107378 0.352408 2.631974 5.469213 0.324781 2.688947 5.539946 0.000000 3.209940 5.151320 -0.000000'/>
				</IndexedFaceSet>
			</Shape>
			<Shape DEF='_IDX_716'>
				<Appearance USE='Material_76_IDX_76'/>
				<IndexedFaceSet solid="false" coordIndex='0 1 2 3 -1'>
					<Coordinate point='3.123247 5.076288 0.744960 2.563642 5.411281 0.686559 2.631974 5.469213 0.324781 3.169203 5.107378 0.352408'/>
				</IndexedFaceSet>
			</Shape>
			<Shape DEF='_IDX_717'>
				<Appearance USE='Material_75_IDX_75'/>
				<IndexedFaceSet solid="false" coordIndex='0 1 2 3 -1'>
					<Coordinate point='3.068681 5.064259 1.192362 2.477897 5.372622 1.098887 2.563642 5.411281 0.686559 3.123247 5.076288 0.744960'/>
				</IndexedFaceSet>
			</Shape>
			<Shape DEF='_IDX_718'>
				<Appearance USE='Material_74_IDX_74'/>
				<IndexedFaceSet solid="false" coordIndex='0 1 2 3 -1'>
					<Coordinate point='2.999831 5.081495 1.717500 2.364744 5.364183 1.582857 2.477897 5.372622 1.098887 3.068681 5.064259 1.192362'/>
				</IndexedFaceSet>
			</Shape>
			<Shape DEF='_IDX_719'>
				<Appearance USE='Material_73_IDX_73'/>
				<IndexedFaceSet solid="false" coordIndex='0 1 2 3 -1'>
					<Coordinate point='2.906954 5.145601 2.358055 2.207158 5.405533 2.173196 2.364744 5.364183 1.582857 2.999831 5.081495 1.717500'/>
				</IndexedFaceSet>
			</Shape>
			<Shape DEF='_IDX_720'>
				<Appearance USE='Material_72_IDX_72'/>
				<IndexedFaceSet solid="false" coordIndex='0 1 2 3 -1'>
					<Coordinate point='2.772669 5.288743 3.180750 1.975063 5.533843 2.931396 2.207158 5.405533 2.173196 2.906954 5.145601 2.358055'/>
				</IndexedFaceSet>
			</Shape>
			<Shape DEF='_IDX_721'>
				<Appearance USE='Material_71_IDX_71'/>
				<IndexedFaceSet solid="false" coordIndex='0 1 2 3 -1'>
					<Coordinate point='2.564079 5.573784 4.316017 1.612590 5.824448 3.977663 1.975063 5.533843 2.931396 2.772669 5.288743 3.180750'/>
				</IndexedFaceSet>
			</Shape>
			<Shape DEF='_IDX_722'>
				<Appearance USE='Material_70_IDX_70'/>
				<IndexedFaceSet solid="false" coordIndex='0 1 2 3 -1'>
					<Coordinate point='2.564079 5.573784 4.316017 1.612590 5.824448 3.977663 1.612590 5.824448 3.977663 2.564079 5.573784 4.316017'/>
				</IndexedFaceSet>
			</Shape>
			<Shape DEF='_IDX_723'>
				<Appearance USE='Material_102_IDX_102'/>
				<IndexedFaceSet solid="false" coordIndex='0 1 2 3 -1'>
					<Coordinate point='2.426360 5.784903 5.013075 1.374253 6.052211 4.620075 1.612590 5.824448 3.977663 2.564079 5.573784 4.316017'/>
				</IndexedFaceSet>
			</Shape>
			<Shape DEF='_IDX_724'>
				<Appearance USE='Material_68_IDX_68'/>
				<IndexedFaceSet solid="false" coordIndex='0 1 2 3 -1'>
					<Coordinate point='2.247296 6.074399 5.884713 1.066630 6.373841 5.423381 1.374253 6.052211 4.620075 2.426360 5.784903 5.013075'/>
				</IndexedFaceSet>
			</Shape>
			<Shape DEF='_IDX_725'>
				<Appearance USE='Material_67_IDX_67'/>
				<IndexedFaceSet solid="false" coordIndex='0 1 2 3 -1'>
					<Coordinate point='2.006970 6.476197 7.016792 0.658356 6.831453 6.466711 1.066630 6.373841 5.423381 2.247296 6.074399 5.884713'/>
				</IndexedFaceSet>
			</Shape>
			<Shape DEF='_IDX_726'>
				<Appearance USE='Material_66_IDX_66'/>
				<IndexedFaceSet solid="false" coordIndex='0 1 2 3 -1'>
					<Coordinate point='2.631974 5.469213 0.324781 2.110767 5.771233 0.287286 2.178373 5.869962 0.000000 2.688947 5.539946 0.000000'/>
				</IndexedFaceSet>
			</Shape>
			<Shape DEF='_IDX_727'>
				<Appearance DEF='Material_246_IDX_246'>
					<Material diffuseColor='0.561522 0.736964 0.398774'/>
					
				</Appearance>
				<IndexedFaceSet solid="false" coordIndex='0 1 2 3 -1'>
					<Coordinate point='2.563642 5.411281 0.686559 2.026727 5.684004 0.607297 2.110767 5.771233 0.287286 2.631974 5.469213 0.324781'/>
				</IndexedFaceSet>
			</Shape>
			<Shape DEF='_IDX_728'>
				<Appearance USE='Material_64_IDX_64'/>
				<IndexedFaceSet solid="false" coordIndex='0 1 2 3 -1'>
					<Coordinate point='2.477897 5.372622 1.098887 1.917662 5.614468 0.972022 2.026727 5.684004 0.607297 2.563642 5.411281 0.686559'/>
				</IndexedFaceSet>
			</Shape>
			<Shape DEF='_IDX_729'>
				<Appearance USE='Material_63_IDX_63'/>
				<IndexedFaceSet solid="false" coordIndex='0 1 2 3 -1'>
					<Coordinate point='2.364744 5.364183 1.582857 1.769227 5.573567 1.400119 1.917662 5.614468 0.972022 2.477897 5.372622 1.098887'/>
				</IndexedFaceSet>
			</Shape>
			<Shape DEF='_IDX_730'>
				<Appearance USE='Material_62_IDX_62'/>
				<IndexedFaceSet solid="false" coordIndex='0 1 2 3 -1'>
					<Coordinate point='2.207158 5.405533 2.173196 1.556686 5.581972 1.922304 1.769227 5.573567 1.400119 2.364744 5.364183 1.582857'/>
				</IndexedFaceSet>
			</Shape>
			<Shape DEF='_IDX_731'>
				<Appearance USE='Material_61_IDX_61'/>
				<IndexedFaceSet solid="false" coordIndex='0 1 2 3 -1'>
					<Coordinate point='1.975063 5.533843 2.931396 1.236130 5.681518 2.592972 1.556686 5.581972 1.922304 2.207158 5.405533 2.173196'/>
				</IndexedFaceSet>
			</Shape>
			<Shape DEF='_IDX_732'>
				<Appearance DEF='Material_247_IDX_247'>
					<Material diffuseColor='0.828163 0.696598 0.249002'/>
					
				</Appearance>
				<IndexedFaceSet solid="false" coordIndex='0 1 2 3 -1'>
					<Coordinate point='1.612590 5.824448 3.977663 0.727533 5.962026 3.518449 1.236130 5.681518 2.592972 1.975063 5.533843 2.931396'/>
				</IndexedFaceSet>
			</Shape>
			<Shape DEF='_IDX_733'>
				<Appearance USE='Material_59_IDX_59'/>
				<IndexedFaceSet solid="false" coordIndex='0 1 2 3 -1'>
					<Coordinate point='1.612590 5.824448 3.977663 0.727533 5.962026 3.518449 0.727533 5.962026 3.518449 1.612590 5.824448 3.977663'/>
				</IndexedFaceSet>
			</Shape>
			<Shape DEF='_IDX_734'>
				<Appearance USE='Material_58_IDX_58'/>
				<IndexedFaceSet solid="false" coordIndex='0 1 2 3 -1'>
					<Coordinate point='1.374253 6.052211 4.620075 0.392207 6.200269 4.086697 0.727533 5.962026 3.518449 1.612590 5.824448 3.977663'/>
				</IndexedFaceSet>
			</Shape>
			<Shape DEF='_IDX_735'>
				<Appearance USE='Material_57_IDX_57'/>
				<IndexedFaceSet solid="false" coordIndex='0 1 2 3 -1'>
					<Coordinate point='1.066630 6.373841 5.423381 -0.038765 6.549641 4.797262 0.392207 6.200269 4.086697 1.374253 6.052211 4.620075'/>
				</IndexedFaceSet>
			</Shape>
			<Shape DEF='_IDX_736'>
				<Appearance USE='Material_56_IDX_56'/>
				<IndexedFaceSet solid="false" coordIndex='0 1 2 3 -1'>
					<Coordinate point='0.658356 6.831453 6.466711 -0.605707 7.060954 5.720141 -0.038765 6.549641 4.797262 1.066630 6.373841 5.423381'/>
				</IndexedFaceSet>
			</Shape>
			<Shape DEF='_IDX_737'>
				<Appearance USE='Material_55_IDX_55'/>
				<IndexedFaceSet solid="false" coordIndex='0 1 2 3 -1'>
					<Coordinate point='2.110767 5.771233 0.287286 1.617271 6.008774 0.241062 1.688457 6.135892 0.000000 2.178373 5.869962 0.000000'/>
				</IndexedFaceSet>
			</Shape>
			<Shape DEF='_IDX_738'>
				<Appearance USE='Material_54_IDX_54'/>
				<IndexedFaceSet solid="false" coordIndex='0 1 2 3 -1'>
					<Coordinate point='2.026727 5.684004 0.607297 1.526276 5.890302 0.509583 1.617271 6.008774 0.241062 2.110767 5.771233 0.287286'/>
				</IndexedFaceSet>
			</Shape>
			<Shape DEF='_IDX_739'>
				<Appearance USE='Material_53_IDX_53'/>
				<IndexedFaceSet solid="false" coordIndex='0 1 2 3 -1'>
					<Coordinate point='1.917662 5.614468 0.972022 1.404692 5.785492 0.815623 1.526276 5.890302 0.509583 2.026727 5.684004 0.607297'/>
				</IndexedFaceSet>
			</Shape>
			<Shape DEF='_IDX_740'>
				<Appearance USE='Material_52_IDX_52'/>
				<IndexedFaceSet solid="false" coordIndex='0 1 2 3 -1'>
					<Coordinate point='1.769227 5.573567 1.400119 1.233949 5.703844 1.174839 1.404692 5.785492 0.815623 1.917662 5.614468 0.972022'/>
				</IndexedFaceSet>
			</Shape>
			<Shape DEF='_IDX_741'>
				<Appearance USE='Material_51_IDX_51'/>
				<IndexedFaceSet solid="false" coordIndex='0 1 2 3 -1'>
					<Coordinate point='1.556686 5.581972 1.922304 0.980847 5.665112 1.613005 1.233949 5.703844 1.174839 1.769227 5.573567 1.400119'/>
				</IndexedFaceSet>
			</Shape>
			<Shape DEF='_IDX_742'>
				<Appearance USE='Material_239_IDX_239'/>
				<IndexedFaceSet solid="false" coordIndex='0 1 2 3 -1'>
					<Coordinate point='1.236130 5.681518 2.592972 0.584726 5.714306 2.175761 0.980847 5.665112 1.613005 1.556686 5.581972 1.922304'/>
				</IndexedFaceSet>
			</Shape>
			<Shape DEF='_IDX_743'>
				<Appearance USE='Material_49_IDX_49'/>
				<IndexedFaceSet solid="false" coordIndex='0 1 2 3 -1'>
					<Coordinate point='0.727533 5.962026 3.518449 -0.063444 5.959480 2.952329 0.584726 5.714306 2.175761 1.236130 5.681518 2.592972'/>
				</IndexedFaceSet>
			</Shape>
			<Shape DEF='_IDX_744'>
				<Appearance USE='Material_48_IDX_48'/>
				<IndexedFaceSet solid="false" coordIndex='0 1 2 3 -1'>
					<Coordinate point='0.727533 5.962026 3.518449 -0.063444 5.959480 2.952329 -0.063444 5.959480 2.952329 0.727533 5.962026 3.518449'/>
				</IndexedFaceSet>
			</Shape>
			<Shape DEF='_IDX_745'>
				<Appearance USE='Material_47_IDX_47'/>
				<IndexedFaceSet solid="false" coordIndex='0 1 2 3 -1'>
					<Coordinate point='0.392207 6.200269 4.086697 -0.494520 6.199042 3.429146 -0.063444 5.959480 2.952329 0.727533 5.962026 3.518449'/>
				</IndexedFaceSet>
			</Shape>
			<Shape DEF='_IDX_746'>
				<Appearance USE='Material_46_IDX_46'/>
				<IndexedFaceSet solid="false" coordIndex='0 1 2 3 -1'>
					<Coordinate point='-0.038765 6.549641 4.797262 -1.045840 6.570723 4.025381 -0.494520 6.199042 3.429146 0.392207 6.200269 4.086697'/>
				</IndexedFaceSet>
			</Shape>
			<Shape DEF='_IDX_747'>
				<Appearance USE='Material_45_IDX_45'/>
				<IndexedFaceSet solid="false" coordIndex='0 1 2 3 -1'>
					<Coordinate point='-0.605707 7.060954 5.720141 -1.762348 7.134059 4.799768 -1.045840 6.570723 4.025381 -0.038765 6.549641 4.797262'/>
				</IndexedFaceSet>
			</Shape>
			<Shape DEF='_IDX_748'>
				<Appearance USE='Material_44_IDX_44'/>
				<IndexedFaceSet solid="false" coordIndex='0 1 2 3 -1'>
					<Coordinate point='1.617271 6.008774 0.241062 1.160176 6.181625 0.187513 1.226415 6.336061 0.000000 1.688457 6.135892 0.000000'/>
				</IndexedFaceSet>
			</Shape>
			<Shape DEF='_IDX_749'>
				<Appearance USE='Material_43_IDX_43'/>
				<IndexedFaceSet solid="false" coordIndex='0 1 2 3 -1'>
					<Coordinate point='1.526276 5.890302 0.509583 1.073371 6.031352 0.396385 1.160176 6.181625 0.187513 1.617271 6.008774 0.241062'/>
				</IndexedFaceSet>
			</Shape>
			<Shape DEF='_IDX_750'>
				<Appearance USE='Material_42_IDX_42'/>
				<IndexedFaceSet solid="false" coordIndex='0 1 2 3 -1'>
					<Coordinate point='1.404692 5.785492 0.815623 0.953938 5.887764 0.634442 1.073371 6.031352 0.396385 1.526276 5.890302 0.509583'/>
				</IndexedFaceSet>
			</Shape>
			<Shape DEF='_IDX_751'>
				<Appearance USE='Material_41_IDX_41'/>
				<IndexedFaceSet solid="false" coordIndex='0 1 2 3 -1'>
					<Coordinate point='1.233949 5.703844 1.174839 0.779934 5.756354 0.913863 0.953938 5.887764 0.634442 1.404692 5.785492 0.815623'/>
				</IndexedFaceSet>
			</Shape>
			<Shape DEF='_IDX_752'>
				<Appearance USE='Material_40_IDX_40'/>
				<IndexedFaceSet solid="false" coordIndex='0 1 2 3 -1'>
					<Coordinate point='0.980847 5.665112 1.613005 0.509131 5.651279 1.254695 0.779934 5.756354 0.913863 1.233949 5.703844 1.174839'/>
				</IndexedFaceSet>
			</Shape>
			<Shape DEF='_IDX_753'>
				<Appearance USE='Material_39_IDX_39'/>
				<IndexedFaceSet solid="false" coordIndex='0 1 2 3 -1'>
					<Coordinate point='0.584726 5.714306 2.175761 0.057589 5.614967 1.692442 0.509131 5.651279 1.254695 0.980847 5.665112 1.613005'/>
				</IndexedFaceSet>
			</Shape>
			<Shape DEF='_IDX_754'>
				<Appearance USE='Material_38_IDX_38'/>
				<IndexedFaceSet solid="false" coordIndex='0 1 2 3 -1'>
					<Coordinate point='-0.063444 5.959480 2.952329 -0.729560 5.780493 2.296504 0.057589 5.614967 1.692442 0.584726 5.714306 2.175761'/>
				</IndexedFaceSet>
			</Shape>
			<Shape DEF='_IDX_755'>
				<Appearance USE='Material_37_IDX_37'/>
				<IndexedFaceSet solid="false" coordIndex='0 1 2 3 -1'>
					<Coordinate point='-0.063444 5.959480 2.952329 -0.729560 5.780493 2.296504 -0.729560 5.780493 2.296504 -0.063444 5.959480 2.952329'/>
				</IndexedFaceSet>
			</Shape>
			<Shape DEF='_IDX_756'>
				<Appearance USE='Material_36_IDX_36'/>
				<IndexedFaceSet solid="false" coordIndex='0 1 2 3 -1'>
					<Coordinate point='-0.494520 6.199042 3.429146 -1.263696 6.008286 2.667402 -0.729560 5.780493 2.296504 -0.063444 5.959480 2.952329'/>
				</IndexedFaceSet>
			</Shape>
			<Shape DEF='_IDX_757'>
				<Appearance USE='Material_35_IDX_35'/>
				<IndexedFaceSet solid="false" coordIndex='0 1 2 3 -1'>
					<Coordinate point='-1.045840 6.570723 4.025381 -1.940117 6.399000 3.131191 -1.263696 6.008286 2.667402 -0.494520 6.199042 3.429146'/>
				</IndexedFaceSet>
			</Shape>
			<Shape DEF='_IDX_758'>
				<Appearance USE='Material_104_IDX_104'/>
				<IndexedFaceSet solid="false" coordIndex='0 1 2 3 -1'>
					<Coordinate point='-1.762348 7.134059 4.799768 -2.799576 7.018302 3.733557 -1.940117 6.399000 3.131191 -1.045840 6.570723 4.025381'/>
				</IndexedFaceSet>
			</Shape>
			<Shape DEF='_IDX_759'>
				<Appearance USE='Material_33_IDX_33'/>
				<IndexedFaceSet solid="false" coordIndex='0 1 2 3 -1'>
					<Coordinate point='1.160176 6.181625 0.187513 0.742896 6.294568 0.128266 0.794739 6.472743 0.000000 1.226415 6.336061 0.000000'/>
				</IndexedFaceSet>
			</Shape>
			<Shape DEF='_IDX_760'>
				<Appearance USE='Material_32_IDX_32'/>
				<IndexedFaceSet solid="false" coordIndex='0 1 2 3 -1'>
					<Coordinate point='1.073371 6.031352 0.396385 0.673445 6.115017 0.271143 0.742896 6.294568 0.128266 1.160176 6.181625 0.187513'/>
				</IndexedFaceSet>
			</Shape>
			<Shape DEF='_IDX_761'>
				<Appearance USE='Material_31_IDX_31'/>
				<IndexedFaceSet solid="false" coordIndex='0 1 2 3 -1'>
					<Coordinate point='0.953938 5.887764 0.634442 0.575070 5.932706 0.433984 0.673445 6.115017 0.271143 1.073371 6.031352 0.396385'/>
				</IndexedFaceSet>
			</Shape>
			<Shape DEF='_IDX_762'>
				<Appearance USE='Material_30_IDX_30'/>
				<IndexedFaceSet solid="false" coordIndex='0 1 2 3 -1'>
					<Coordinate point='0.779934 5.756354 0.913863 0.425573 5.745485 0.625119 0.575070 5.932706 0.433984 0.953938 5.887764 0.634442'/>
				</IndexedFaceSet>
			</Shape>
			<Shape DEF='_IDX_763'>
				<Appearance USE='Material_106_IDX_106'/>
				<IndexedFaceSet solid="false" coordIndex='0 1 2 3 -1'>
					<Coordinate point='0.509131 5.651279 1.254695 0.176669 5.552304 0.858262 0.425573 5.745485 0.625119 0.779934 5.756354 0.913863'/>
				</IndexedFaceSet>
			</Shape>
			<Shape DEF='_IDX_764'>
				<Appearance USE='Material_28_IDX_28'/>
				<IndexedFaceSet solid="false" coordIndex='0 1 2 3 -1'>
					<Coordinate point='0.057589 5.614967 1.692442 -0.288075 5.371679 1.157699 0.176669 5.552304 0.858262 0.509131 5.651279 1.254695'/>
				</IndexedFaceSet>
			</Shape>
			<Shape DEF='_IDX_765'>
				<Appearance USE='Material_27_IDX_27'/>
				<IndexedFaceSet solid="false" coordIndex='0 1 2 3 -1'>
					<Coordinate point='-0.729560 5.780493 2.296504 -1.228835 5.364120 1.570902 -0.288075 5.371679 1.157699 0.057589 5.614967 1.692442'/>
				</IndexedFaceSet>
			</Shape>
			<Shape DEF='_IDX_766'>
				<Appearance USE='Material_26_IDX_26'/>
				<IndexedFaceSet solid="false" coordIndex='0 1 2 3 -1'>
					<Coordinate point='-0.729560 5.780493 2.296504 -1.228835 5.364120 1.570902 -1.228835 5.364120 1.570902 -0.729560 5.780493 2.296504'/>
				</IndexedFaceSet>
			</Shape>
			<Shape DEF='_IDX_767'>
				<Appearance USE='Material_25_IDX_25'/>
				<IndexedFaceSet solid="false" coordIndex='0 1 2 3 -1'>
					<Coordinate point='-1.263696 6.008286 2.667402 -1.901057 5.562728 1.824610 -1.228835 5.364120 1.570902 -0.729560 5.780493 2.296504'/>
				</IndexedFaceSet>
			</Shape>
			<Shape DEF='_IDX_768'>
				<Appearance USE='Material_24_IDX_24'/>
				<IndexedFaceSet solid="false" coordIndex='0 1 2 3 -1'>
					<Coordinate point='-1.940117 6.399000 3.131191 -2.726857 5.985097 2.141860 -1.901057 5.562728 1.824610 -1.263696 6.008286 2.667402'/>
				</IndexedFaceSet>
			</Shape>
			<Shape DEF='_IDX_769'>
				<Appearance USE='Material_105_IDX_105'/>
				<IndexedFaceSet solid="false" coordIndex='0 1 2 3 -1'>
					<Coordinate point='-2.799576 7.018302 3.733557 -3.723827 6.683511 2.553904 -2.726857 5.985097 2.141860 -1.940117 6.399000 3.131191'/>
				</IndexedFaceSet>
			</Shape>
			<Shape DEF='_IDX_770'>
				<Appearance USE='Material_22_IDX_22'/>
				<IndexedFaceSet solid="false" coordIndex='0 1 2 3 -1'>
					<Coordinate point='0.742896 6.294568 0.128266 0.360827 6.356274 0.065122 0.389498 6.551083 0.000000 0.794739 6.472743 0.000000'/>
				</IndexedFaceSet>
			</Shape>
			<Shape DEF='_IDX_771'>
				<Appearance USE='Material_21_IDX_21'/>
				<IndexedFaceSet solid="false" coordIndex='0 1 2 3 -1'>
					<Coordinate point='0.673445 6.115017 0.271143 0.321789 6.155151 0.137663 0.360827 6.356274 0.065122 0.742896 6.294568 0.128266'/>
				</IndexedFaceSet>
			</Shape>
			<Shape DEF='_IDX_772'>
				<Appearance USE='Material_20_IDX_20'/>
				<IndexedFaceSet solid="false" coordIndex='0 1 2 3 -1'>
					<Coordinate point='0.575070 5.932706 0.433984 0.265180 5.942122 0.220340 0.321789 6.155151 0.137663 0.673445 6.115017 0.271143'/>
				</IndexedFaceSet>
			</Shape>
			<Shape DEF='_IDX_773'>
				<Appearance USE='Material_19_IDX_19'/>
				<IndexedFaceSet solid="false" coordIndex='0 1 2 3 -1'>
					<Coordinate point='0.425573 5.745485 0.625119 0.175755 5.705267 0.317381 0.265180 5.942122 0.220340 0.575070 5.932706 0.433984'/>
				</IndexedFaceSet>
			</Shape>
			<Shape DEF='_IDX_774'>
				<Appearance USE='Material_18_IDX_18'/>
				<IndexedFaceSet solid="false" coordIndex='0 1 2 3 -1'>
					<Coordinate point='0.176669 5.552304 0.858262 0.015154 5.417034 0.435751 0.175755 5.705267 0.317381 0.425573 5.745485 0.625119'/>
				</IndexedFaceSet>
			</Shape>
			<Shape DEF='_IDX_775'>
				<Appearance USE='Material_17_IDX_17'/>
				<IndexedFaceSet solid="false" coordIndex='0 1 2 3 -1'>
					<Coordinate point='-0.288075 5.371679 1.157699 -0.344958 5.012757 0.587779 0.015154 5.417034 0.435751 0.176669 5.552304 0.858262'/>
				</IndexedFaceSet>
			</Shape>
			<Shape DEF='_IDX_776'>
				<Appearance USE='Material_16_IDX_16'/>
				<IndexedFaceSet solid="false" coordIndex='0 1 2 3 -1'>
					<Coordinate point='-1.228835 5.364120 1.570902 -1.473808 4.555895 0.797568 -0.344958 5.012757 0.587779 -0.288075 5.371679 1.157699'/>
				</IndexedFaceSet>
			</Shape>
			<Shape DEF='_IDX_777'>
				<Appearance USE='Material_15_IDX_15'/>
				<IndexedFaceSet solid="false" coordIndex='0 1 2 3 -1'>
					<Coordinate point='-1.228835 5.364120 1.570902 -1.473808 4.555895 0.797568 -1.473808 4.555895 0.797568 -1.228835 5.364120 1.570902'/>
				</IndexedFaceSet>
			</Shape>
			<Shape DEF='_IDX_778'>
				<Appearance USE='Material_107_IDX_107'/>
				<IndexedFaceSet solid="false" coordIndex='0 1 2 3 -1'>
					<Coordinate point='-1.901057 5.562728 1.824610 -2.438344 4.723884 0.926379 -1.473808 4.555895 0.797568 -1.228835 5.364120 1.570902'/>
				</IndexedFaceSet>
			</Shape>
			<Shape DEF='_IDX_779'>
				<Appearance USE='Material_13_IDX_13'/>
				<IndexedFaceSet solid="false" coordIndex='0 1 2 3 -1'>
					<Coordinate point='-2.726857 5.985097 2.141860 -3.467321 5.274914 1.087451 -2.438344 4.723884 0.926379 -1.901057 5.562728 1.824610'/>
				</IndexedFaceSet>
			</Shape>
			<Shape DEF='_IDX_780'>
				<Appearance USE='Material_12_IDX_12'/>
				<IndexedFaceSet solid="false" coordIndex='0 1 2 3 -1'>
					<Coordinate point='-3.723827 6.683511 2.553904 -4.569270 6.119602 1.296651 -3.467321 5.274914 1.087451 -2.726857 5.985097 2.141860'/>
				</IndexedFaceSet>
			</Shape>
			<Shape DEF='_IDX_781'>
				<Appearance USE='Material_11_IDX_11'/>
				<IndexedFaceSet solid="false" coordIndex='0 1 2 3 -1'>
					<Coordinate point='0.360827 6.356274 0.065122 -0.000157 6.375573 -0.000000 -0.000157 6.576431 0.000000 0.389498 6.551083 0.000000'/>
				</IndexedFaceSet>
			</Shape>
			<Shape DEF='_IDX_782'>
				<Appearance USE='Material_10_IDX_10'/>
				<IndexedFaceSet solid="false" coordIndex='0 1 2 3 -1'>
					<Coordinate point='0.321789 6.155151 0.137663 -0.000157 6.166367 0.000000 -0.000157 6.375573 -0.000000 0.360827 6.356274 0.065122'/>
				</IndexedFaceSet>
			</Shape>
			<Shape DEF='_IDX_783'>
				<Appearance USE='Material_9_IDX_9'/>
				<IndexedFaceSet solid="false" coordIndex='0 1 2 3 -1'>
					<Coordinate point='0.265180 5.942122 0.220340 -0.000157 5.941283 0.000000 -0.000157 6.166367 0.000000 0.321789 6.155151 0.137663'/>
				</IndexedFaceSet>
			</Shape>
			<Shape DEF='_IDX_784'>
				<Appearance USE='Material_8_IDX_8'/>
				<IndexedFaceSet solid="false" coordIndex='0 1 2 3 -1'>
					<Coordinate point='0.175755 5.705267 0.317381 -0.000157 5.683394 -0.000000 -0.000157 5.941283 0.000000 0.265180 5.942122 0.220340'/>
				</IndexedFaceSet>
			</Shape>
			<Shape DEF='_IDX_785'>
				<Appearance USE='Material_7_IDX_7'/>
				<IndexedFaceSet solid="false" coordIndex='0 1 2 3 -1'>
					<Coordinate point='0.015154 5.417034 0.435751 -0.000157 5.348300 -0.000000 -0.000157 5.683394 -0.000000 0.175755 5.705267 0.317381'/>
				</IndexedFaceSet>
			</Shape>
			<Shape DEF='_IDX_786'>
				<Appearance USE='Material_6_IDX_6'/>
				<IndexedFaceSet solid="false" coordIndex='0 1 2 3 -1'>
					<Coordinate point='-0.344958 5.012757 0.587779 -0.000157 4.779771 0.000000 -0.000157 5.348300 -0.000000 0.015154 5.417034 0.435751'/>
				</IndexedFaceSet>
			</Shape>
			<Shape DEF='_IDX_787'>
				<Appearance USE='Material_5_IDX_5'/>
				<IndexedFaceSet solid="false" coordIndex='0 1 2 3 -1'>
					<Coordinate point='-1.473808 4.555895 0.797568 -0.000179 0.001706 0.000000 -0.000157 4.779771 0.000000 -0.344958 5.012757 0.587779'/>
				</IndexedFaceSet>
			</Shape>
			<Shape DEF='_IDX_788'>
				<Appearance USE='Material_4_IDX_4'/>
				<IndexedFaceSet solid="false" coordIndex='0 1 2 3 -1'>
					<Coordinate point='-1.473808 4.555895 0.797568 -0.000456 0.000747 0.000000 -0.000179 0.001706 0.000000 -1.473808 4.555895 0.797568'/>
				</IndexedFaceSet>
			</Shape>
			<Shape DEF='_IDX_789'>
				<Appearance USE='Material_3_IDX_3'/>
				<IndexedFaceSet solid="false" coordIndex='0 1 2 3 -1'>
					<Coordinate point='-2.438344 4.723884 0.926379 -3.310548 3.310390 -0.000000 -0.000456 0.000747 0.000000 -1.473808 4.555895 0.797568'/>
				</IndexedFaceSet>
			</Shape>
			<Shape DEF='_IDX_790'>
				<Appearance USE='Material_2_IDX_2'/>
				<IndexedFaceSet solid="false" coordIndex='0 1 2 3 -1'>
					<Coordinate point='-3.467321 5.274914 1.087451 -4.327443 4.327285 -0.000000 -3.310548 3.310390 -0.000000 -2.438344 4.723884 0.926379'/>
				</IndexedFaceSet>
			</Shape>
			<Shape DEF='_IDX_791'>
				<Appearance USE='Material_1_IDX_1'/>
				<IndexedFaceSet solid="false" coordIndex='0 1 2 3 -1'>
					<Coordinate point='-4.569270 6.119602 1.296651 -5.379230 5.379073 0.000000 -4.327443 4.327285 -0.000000 -3.467321 5.274914 1.087451'/>
				</IndexedFaceSet>
			</Shape>
			<Shape DEF='_IDX_792'>
				<Appearance USE='Material_118_IDX_118'/>
				<IndexedFaceSet solid="false" coordIndex='0 1 2 3 -1'>
					<Coordinate point='0.000000 11.681051 0.000000 0.584173 11.576830 -1.087451 0.600444 12.721413 -1.296651 -0.000000 12.841846 -0.000000'/>
				</IndexedFaceSet>
			</Shape>
			<Shape DEF='_IDX_793'>
				<Appearance USE='Material_117_IDX_117'/>
				<IndexedFaceSet solid="false" coordIndex='0 1 2 3 -1'>
					<Coordinate point='0.000000 10.802656 0.000000 0.568533 10.710655 -0.926379 0.584173 11.576830 -1.087451 0.000000 11.681051 0.000000'/>
				</IndexedFaceSet>
			</Shape>
			<Shape DEF='_IDX_794'>
				<Appearance USE='Material_116_IDX_116'/>
				<IndexedFaceSet solid="false" coordIndex='0 1 2 3 -1'>
					<Coordinate point='-0.000000 10.114641 -0.000000 0.553989 10.032214 -0.797568 0.568533 10.710655 -0.926379 0.000000 10.802656 0.000000'/>
				</IndexedFaceSet>
			</Shape>
			<Shape DEF='_IDX_795'>
				<Appearance USE='Material_115_IDX_115'/>
				<IndexedFaceSet solid="false" coordIndex='0 1 2 3 -1'>
					<Coordinate point='-0.000000 10.114641 -0.000000 0.553989 10.032214 -0.797568 0.553989 10.032214 -0.797568 -0.000000 10.114641 -0.000000'/>
				</IndexedFaceSet>
			</Shape>
			<Shape DEF='_IDX_796'>
				<Appearance USE='Material_114_IDX_114'/>
				<IndexedFaceSet solid="false" coordIndex='0 1 2 3 -1'>
					<Coordinate point='0.000000 9.035929 -0.000000 0.526039 8.968643 -0.587779 0.553989 10.032214 -0.797568 -0.000000 10.114641 -0.000000'/>
				</IndexedFaceSet>
			</Shape>
			<Shape DEF='_IDX_797'>
				<Appearance USE='Material_113_IDX_113'/>
				<IndexedFaceSet solid="false" coordIndex='0 1 2 3 -1'>
					<Coordinate point='-0.000000 8.302370 0.000000 0.501737 8.245685 -0.435751 0.526039 8.968643 -0.587779 0.000000 9.035929 -0.000000'/>
				</IndexedFaceSet>
			</Shape>
			<Shape DEF='_IDX_798'>
				<Appearance USE='Material_112_IDX_112'/>
				<IndexedFaceSet solid="false" coordIndex='0 1 2 3 -1'>
					<Coordinate point='0.000000 7.770863 0.000000 0.479455 7.722270 -0.317381 0.501737 8.245685 -0.435751 -0.000000 8.302370 0.000000'/>
				</IndexedFaceSet>
			</Shape>
			<Shape DEF='_IDX_799'>
				<Appearance USE='Material_111_IDX_111'/>
				<IndexedFaceSet solid="false" coordIndex='0 1 2 3 -1'>
					<Coordinate point='0.000000 7.367372 -0.000000 0.457935 7.325428 -0.220340 0.479455 7.722270 -0.317381 0.000000 7.770863 0.000000'/>
				</IndexedFaceSet>
			</Shape>
			<Shape DEF='_IDX_800'>
				<Appearance USE='Material_110_IDX_110'/>
				<IndexedFaceSet solid="false" coordIndex='0 1 2 3 -1'>
					<Coordinate point='-0.000000 7.049608 -0.000000 0.436249 7.013496 -0.137663 0.457935 7.325428 -0.220340 0.000000 7.367372 -0.000000'/>
				</IndexedFaceSet>
			</Shape>
			<Shape DEF='_IDX_801'>
				<Appearance USE='Material_109_IDX_109'/>
				<IndexedFaceSet solid="false" coordIndex='0 1 2 3 -1'>
					<Coordinate point='-0.000000 6.791561 0.000000 0.413682 6.760879 -0.065122 0.436249 7.013496 -0.137663 -0.000000 7.049608 -0.000000'/>
				</IndexedFaceSet>
			</Shape>
			<Shape DEF='_IDX_802'>
				<Appearance USE='Material_108_IDX_108'/>
				<IndexedFaceSet solid="false" coordIndex='0 1 2 3 -1'>
					<Coordinate point='0.000000 6.576274 0.000000 0.389656 6.550925 -0.000000 0.413682 6.760879 -0.065122 -0.000000 6.791561 0.000000'/>
				</IndexedFaceSet>
			</Shape>
			<Shape DEF='_IDX_803'>
				<Appearance USE='Material_129_IDX_129'/>
				<IndexedFaceSet solid="false" coordIndex='0 1 2 3 -1'>
					<Coordinate point='0.584173 11.576830 -1.087451 1.170649 11.267145 -2.141860 1.204782 12.363655 -2.553904 0.600444 12.721413 -1.296651'/>
				</IndexedFaceSet>
			</Shape>
			<Shape DEF='_IDX_804'>
				<Appearance USE='Material_128_IDX_128'/>
				<IndexedFaceSet solid="false" coordIndex='0 1 2 3 -1'>
					<Coordinate point='0.568533 10.710655 -0.926379 1.138483 10.437204 -1.824610 1.170649 11.267145 -2.141860 0.584173 11.576830 -1.087451'/>
				</IndexedFaceSet>
			</Shape>
			<Shape DEF='_IDX_805'>
				<Appearance USE='Material_127_IDX_127'/>
				<IndexedFaceSet solid="false" coordIndex='0 1 2 3 -1'>
					<Coordinate point='0.553989 10.032214 -0.797568 1.108962 9.787140 -1.570902 1.138483 10.437204 -1.824610 0.568533 10.710655 -0.926379'/>
				</IndexedFaceSet>
			</Shape>
			<Shape DEF='_IDX_806'>
				<Appearance USE='Material_126_IDX_126'/>
				<IndexedFaceSet solid="false" coordIndex='0 1 2 3 -1'>
					<Coordinate point='0.553989 10.032214 -0.797568 1.108962 9.787140 -1.570902 1.108962 9.787140 -1.570902 0.553989 10.032214 -0.797568'/>
				</IndexedFaceSet>
			</Shape>
			<Shape DEF='_IDX_807'>
				<Appearance USE='Material_125_IDX_125'/>
				<IndexedFaceSet solid="false" coordIndex='0 1 2 3 -1'>
					<Coordinate point='0.526039 8.968643 -0.587779 1.053111 8.768405 -1.157699 1.108962 9.787140 -1.570902 0.553989 10.032214 -0.797568'/>
				</IndexedFaceSet>
			</Shape>
			<Shape DEF='_IDX_808'>
				<Appearance USE='Material_124_IDX_124'/>
				<IndexedFaceSet solid="false" coordIndex='0 1 2 3 -1'>
					<Coordinate point='0.501737 8.245685 -0.435751 1.005425 8.076756 -0.858262 1.053111 8.768405 -1.157699 0.526039 8.968643 -0.587779'/>
				</IndexedFaceSet>
			</Shape>
			<Shape DEF='_IDX_809'>
				<Appearance USE='Material_123_IDX_123'/>
				<IndexedFaceSet solid="false" coordIndex='0 1 2 3 -1'>
					<Coordinate point='0.479455 7.722270 -0.317381 0.962402 7.577143 -0.625119 1.005425 8.076756 -0.858262 0.501737 8.245685 -0.435751'/>
				</IndexedFaceSet>
			</Shape>
			<Shape DEF='_IDX_810'>
				<Appearance USE='Material_122_IDX_122'/>
				<IndexedFaceSet solid="false" coordIndex='0 1 2 3 -1'>
					<Coordinate point='0.457935 7.325428 -0.220340 0.921457 7.199724 -0.433984 0.962402 7.577143 -0.625119 0.479455 7.722270 -0.317381'/>
				</IndexedFaceSet>
			</Shape>
			<Shape DEF='_IDX_811'>
				<Appearance USE='Material_121_IDX_121'/>
				<IndexedFaceSet solid="false" coordIndex='0 1 2 3 -1'>
					<Coordinate point='0.436249 7.013496 -0.137663 0.880744 6.904666 -0.271143 0.921457 7.199724 -0.433984 0.457935 7.325428 -0.220340'/>
				</IndexedFaceSet>
			</Shape>
			<Shape DEF='_IDX_812'>
				<Appearance USE='Material_120_IDX_120'/>
				<IndexedFaceSet solid="false" coordIndex='0 1 2 3 -1'>
					<Coordinate point='0.413682 6.760879 -0.065122 0.838906 6.667556 -0.128266 0.880744 6.904666 -0.271143 0.436249 7.013496 -0.137663'/>
				</IndexedFaceSet>
			</Shape>
			<Shape DEF='_IDX_813'>
				<Appearance USE='Material_119_IDX_119'/>
				<IndexedFaceSet solid="false" coordIndex='0 1 2 3 -1'>
					<Coordinate point='0.389656 6.550925 -0.000000 0.794896 6.472585 -0.000000 0.838906 6.667556 -0.128266 0.413682 6.760879 -0.065122'/>
				</IndexedFaceSet>
			</Shape>
			<Shape DEF='_IDX_814'>
				<Appearance USE='Material_140_IDX_140'/>
				<IndexedFaceSet solid="false" coordIndex='0 1 2 3 -1'>
					<Coordinate point='1.170649 11.267145 -2.141860 1.760941 10.760845 -3.131191 1.816008 11.779077 -3.733557 1.204782 12.363655 -2.553904'/>
				</IndexedFaceSet>
			</Shape>
			<Shape DEF='_IDX_815'>
				<Appearance USE='Material_139_IDX_139'/>
				<IndexedFaceSet solid="false" coordIndex='0 1 2 3 -1'>
					<Coordinate point='1.138483 10.437204 -1.824610 1.710529 9.989891 -2.667402 1.760941 10.760845 -3.131191 1.170649 11.267145 -2.141860'/>
				</IndexedFaceSet>
			</Shape>
			<Shape DEF='_IDX_816'>
				<Appearance USE='Material_138_IDX_138'/>
				<IndexedFaceSet solid="false" coordIndex='0 1 2 3 -1'>
					<Coordinate point='1.108962 9.787140 -1.570902 1.665190 9.385996 -2.296504 1.710529 9.989891 -2.667402 1.138483 10.437204 -1.824610'/>
				</IndexedFaceSet>
			</Shape>
			<Shape DEF='_IDX_817'>
				<Appearance USE='Material_137_IDX_137'/>
				<IndexedFaceSet solid="false" coordIndex='0 1 2 3 -1'>
					<Coordinate point='1.108962 9.787140 -1.570902 1.665190 9.385996 -2.296504 1.665190 9.385996 -2.296504 1.108962 9.787140 -1.570902'/>
				</IndexedFaceSet>
			</Shape>
			<Shape DEF='_IDX_818'>
				<Appearance USE='Material_136_IDX_136'/>
				<IndexedFaceSet solid="false" coordIndex='0 1 2 3 -1'>
					<Coordinate point='1.053111 8.768405 -1.157699 1.581486 8.440075 -1.692442 1.665190 9.385996 -2.296504 1.108962 9.787140 -1.570902'/>
				</IndexedFaceSet>
			</Shape>
			<Shape DEF='_IDX_819'>
				<Appearance USE='Material_135_IDX_135'/>
				<IndexedFaceSet solid="false" coordIndex='0 1 2 3 -1'>
					<Coordinate point='1.005425 8.076756 -0.858262 1.512084 7.799040 -1.254695 1.581486 8.440075 -1.692442 1.053111 8.768405 -1.157699'/>
				</IndexedFaceSet>
			</Shape>
			<Shape DEF='_IDX_820'>
				<Appearance USE='Material_134_IDX_134'/>
				<IndexedFaceSet solid="false" coordIndex='0 1 2 3 -1'>
					<Coordinate point='0.962402 7.577143 -0.625119 1.451103 7.337605 -0.913863 1.512084 7.799040 -1.254695 1.005425 8.076756 -0.858262'/>
				</IndexedFaceSet>
			</Shape>
			<Shape DEF='_IDX_821'>
				<Appearance USE='Material_133_IDX_133'/>
				<IndexedFaceSet solid="false" coordIndex='0 1 2 3 -1'>
					<Coordinate point='0.921457 7.199724 -0.433984 1.394461 6.990969 -0.634442 1.451103 7.337605 -0.913863 0.962402 7.577143 -0.625119'/>
				</IndexedFaceSet>
			</Shape>
			<Shape DEF='_IDX_822'>
				<Appearance USE='Material_132_IDX_132'/>
				<IndexedFaceSet solid="false" coordIndex='0 1 2 3 -1'>
					<Coordinate point='0.880744 6.904666 -0.271143 1.339366 6.722198 -0.396385 1.394461 6.990969 -0.634442 0.921457 7.199724 -0.433984'/>
				</IndexedFaceSet>
			</Shape>
			<Shape DEF='_IDX_823'>
				<Appearance USE='Material_131_IDX_131'/>
				<IndexedFaceSet solid="false" coordIndex='0 1 2 3 -1'>
					<Coordinate point='0.838906 6.667556 -0.128266 1.283871 6.508702 -0.187513 1.339366 6.722198 -0.396385 0.880744 6.904666 -0.271143'/>
				</IndexedFaceSet>
			</Shape>
			<Shape DEF='_IDX_824'>
				<Appearance USE='Material_130_IDX_130'/>
				<IndexedFaceSet solid="false" coordIndex='0 1 2 3 -1'>
					<Coordinate point='0.794896 6.472585 -0.000000 1.226572 6.335903 -0.000000 1.283871 6.508702 -0.187513 0.838906 6.667556 -0.128266'/>
				</IndexedFaceSet>
			</Shape>
			<Shape DEF='_IDX_825'>
				<Appearance USE='Material_151_IDX_151'/>
				<IndexedFaceSet solid="false" coordIndex='0 1 2 3 -1'>
					<Coordinate point='1.760941 10.760845 -3.131191 2.355032 10.072365 -4.025381 2.435381 10.984776 -4.799768 1.816008 11.779077 -3.733557'/>
				</IndexedFaceSet>
			</Shape>
			<Shape DEF='_IDX_826'>
				<Appearance USE='Material_150_IDX_150'/>
				<IndexedFaceSet solid="false" coordIndex='0 1 2 3 -1'>
					<Coordinate point='1.710529 9.989891 -2.667402 2.283946 9.381126 -3.429146 2.355032 10.072365 -4.025381 1.760941 10.760845 -3.131191'/>
				</IndexedFaceSet>
			</Shape>
			<Shape DEF='_IDX_827'>
				<Appearance USE='Material_149_IDX_149'/>
				<IndexedFaceSet solid="false" coordIndex='0 1 2 3 -1'>
					<Coordinate point='1.665190 9.385996 -2.296504 2.221589 8.839577 -2.952329 2.283946 9.381126 -3.429146 1.710529 9.989891 -2.667402'/>
				</IndexedFaceSet>
			</Shape>
			<Shape DEF='_IDX_828'>
				<Appearance USE='Material_148_IDX_148'/>
				<IndexedFaceSet solid="false" coordIndex='0 1 2 3 -1'>
					<Coordinate point='1.665190 9.385996 -2.296504 2.221589 8.839577 -2.952329 2.221589 8.839577 -2.952329 1.665190 9.385996 -2.296504'/>
				</IndexedFaceSet>
			</Shape>
			<Shape DEF='_IDX_829'>
				<Appearance USE='Material_147_IDX_147'/>
				<IndexedFaceSet solid="false" coordIndex='0 1 2 3 -1'>
					<Coordinate point='1.581486 8.440075 -1.692442 2.110016 7.991750 -2.175761 2.221589 8.839577 -2.952329 1.665190 9.385996 -2.296504'/>
				</IndexedFaceSet>
			</Shape>
			<Shape DEF='_IDX_830'>
				<Appearance USE='Material_146_IDX_146'/>
				<IndexedFaceSet solid="false" coordIndex='0 1 2 3 -1'>
					<Coordinate point='1.512084 7.799040 -1.254695 2.021052 7.418491 -1.613005 2.110016 7.991750 -2.175761 1.581486 8.440075 -1.692442'/>
				</IndexedFaceSet>
			</Shape>
			<Shape DEF='_IDX_831'>
				<Appearance USE='Material_145_IDX_145'/>
				<IndexedFaceSet solid="false" coordIndex='0 1 2 3 -1'>
					<Coordinate point='1.451103 7.337605 -0.913863 1.945680 7.007665 -1.174839 2.021052 7.418491 -1.613005 1.512084 7.799040 -1.254695'/>
				</IndexedFaceSet>
			</Shape>
			<Shape DEF='_IDX_832'>
				<Appearance USE='Material_144_IDX_144'/>
				<IndexedFaceSet solid="false" coordIndex='0 1 2 3 -1'>
					<Coordinate point='1.394461 6.990969 -0.634442 1.878007 6.701216 -0.815623 1.945680 7.007665 -1.174839 1.451103 7.337605 -0.913863'/>
				</IndexedFaceSet>
			</Shape>
			<Shape DEF='_IDX_833'>
				<Appearance USE='Material_143_IDX_143'/>
				<IndexedFaceSet solid="false" coordIndex='0 1 2 3 -1'>
					<Coordinate point='1.339366 6.722198 -0.396385 1.814182 6.466043 -0.509583 1.878007 6.701216 -0.815623 1.394461 6.990969 -0.634442'/>
				</IndexedFaceSet>
			</Shape>
			<Shape DEF='_IDX_834'>
				<Appearance USE='Material_142_IDX_142'/>
				<IndexedFaceSet solid="false" coordIndex='0 1 2 3 -1'>
					<Coordinate point='1.283871 6.508702 -0.187513 1.751635 6.281902 -0.241062 1.814182 6.466043 -0.509583 1.339366 6.722198 -0.396385'/>
				</IndexedFaceSet>
			</Shape>
			<Shape DEF='_IDX_835'>
				<Appearance USE='Material_141_IDX_141'/>
				<IndexedFaceSet solid="false" coordIndex='0 1 2 3 -1'>
					<Coordinate point='1.226572 6.335903 -0.000000 1.688615 6.135735 -0.000000 1.751635 6.281902 -0.241062 1.283871 6.508702 -0.187513'/>
				</IndexedFaceSet>
			</Shape>
			<Shape DEF='_IDX_836'>
				<Appearance USE='Material_162_IDX_162'/>
				<IndexedFaceSet solid="false" coordIndex='0 1 2 3 -1'>
					<Coordinate point='2.355032 10.072365 -4.025381 2.950752 9.221252 -4.797262 3.061687 10.003846 -5.720141 2.435381 10.984776 -4.799768'/>
				</IndexedFaceSet>
			</Shape>
			<Shape DEF='_IDX_837'>
				<Appearance USE='Material_161_IDX_161'/>
				<IndexedFaceSet solid="false" coordIndex='0 1 2 3 -1'>
					<Coordinate point='2.283946 9.381126 -3.429146 2.856035 8.627785 -4.086697 2.950752 9.221252 -4.797262 2.355032 10.072365 -4.025381'/>
				</IndexedFaceSet>
			</Shape>
			<Shape DEF='_IDX_838'>
				<Appearance USE='Material_160_IDX_160'/>
				<IndexedFaceSet solid="false" coordIndex='0 1 2 3 -1'>
					<Coordinate point='2.221589 8.839577 -2.952329 2.775196 8.162635 -3.518449 2.856035 8.627785 -4.086697 2.283946 9.381126 -3.429146'/>
				</IndexedFaceSet>
			</Shape>
			<Shape DEF='_IDX_839'>
				<Appearance USE='Material_159_IDX_159'/>
				<IndexedFaceSet solid="false" coordIndex='0 1 2 3 -1'>
					<Coordinate point='2.221589 8.839577 -2.952329 2.775196 8.162635 -3.518449 2.775196 8.162635 -3.518449 2.221589 8.839577 -2.952329'/>
				</IndexedFaceSet>
			</Shape>
			<Shape DEF='_IDX_840'>
				<Appearance USE='Material_158_IDX_158'/>
				<IndexedFaceSet solid="false" coordIndex='0 1 2 3 -1'>
					<Coordinate point='2.110016 7.991750 -2.175761 2.635664 7.434696 -2.592972 2.775196 8.162635 -3.518449 2.221589 8.839577 -2.952329'/>
				</IndexedFaceSet>
			</Shape>
			<Shape DEF='_IDX_841'>
				<Appearance USE='Material_157_IDX_157'/>
				<IndexedFaceSet solid="false" coordIndex='0 1 2 3 -1'>
					<Coordinate point='2.021052 7.418491 -1.613005 2.529535 6.943709 -1.922304 2.635664 7.434696 -2.592972 2.110016 7.991750 -2.175761'/>
				</IndexedFaceSet>
			</Shape>
			<Shape DEF='_IDX_842'>
				<Appearance USE='Material_156_IDX_156'/>
				<IndexedFaceSet solid="false" coordIndex='0 1 2 3 -1'>
					<Coordinate point='1.945680 7.007665 -1.174839 2.443666 6.593634 -1.400119 2.529535 6.943709 -1.922304 2.021052 7.418491 -1.613005'/>
				</IndexedFaceSet>
			</Shape>
			<Shape DEF='_IDX_843'>
				<Appearance USE='Material_155_IDX_155'/>
				<IndexedFaceSet solid="false" coordIndex='0 1 2 3 -1'>
					<Coordinate point='1.878007 6.701216 -0.815623 2.369922 6.334644 -0.972022 2.443666 6.593634 -1.400119 1.945680 7.007665 -1.174839'/>
				</IndexedFaceSet>
			</Shape>
			<Shape DEF='_IDX_844'>
				<Appearance USE='Material_154_IDX_154'/>
				<IndexedFaceSet solid="false" coordIndex='0 1 2 3 -1'>
					<Coordinate point='1.814182 6.466043 -0.509583 2.303171 6.138278 -0.607297 2.369922 6.334644 -0.972022 1.878007 6.701216 -0.815623'/>
				</IndexedFaceSet>
			</Shape>
			<Shape DEF='_IDX_845'>
				<Appearance USE='Material_153_IDX_153'/>
				<IndexedFaceSet solid="false" coordIndex='0 1 2 3 -1'>
					<Coordinate point='1.751635 6.281902 -0.241062 2.240102 5.987092 -0.287286 2.303171 6.138278 -0.607297 1.814182 6.466043 -0.509583'/>
				</IndexedFaceSet>
			</Shape>
			<Shape DEF='_IDX_846'>
				<Appearance USE='Material_152_IDX_152'/>
				<IndexedFaceSet solid="false" coordIndex='0 1 2 3 -1'>
					<Coordinate point='1.688615 6.135735 -0.000000 2.178530 5.869804 -0.000000 2.240102 5.987092 -0.287286 1.751635 6.281902 -0.241062'/>
				</IndexedFaceSet>
			</Shape>
			<Shape DEF='_IDX_847'>
				<Appearance USE='Material_231_IDX_231'/>
				<IndexedFaceSet solid="false" coordIndex='0 1 2 3 -1'>
					<Coordinate point='2.950752 9.221252 -4.797262 3.543281 8.231532 -5.423381 3.690657 8.864565 -6.466711 3.061687 10.003846 -5.720141'/>
				</IndexedFaceSet>
			</Shape>
			<Shape DEF='_IDX_848'>
				<Appearance USE='Material_172_IDX_172'/>
				<IndexedFaceSet solid="false" coordIndex='0 1 2 3 -1'>
					<Coordinate point='2.856035 8.627785 -4.086697 3.421702 7.750699 -4.620075 3.543281 8.231532 -5.423381 2.950752 9.221252 -4.797262'/>
				</IndexedFaceSet>
			</Shape>
			<Shape DEF='_IDX_849'>
				<Appearance USE='Material_171_IDX_171'/>
				<IndexedFaceSet solid="false" coordIndex='0 1 2 3 -1'>
					<Coordinate point='2.775196 8.162635 -3.518449 3.320807 7.373494 -3.977663 3.421702 7.750699 -4.620075 2.856035 8.627785 -4.086697'/>
				</IndexedFaceSet>
			</Shape>
			<Shape DEF='_IDX_850'>
				<Appearance USE='Material_170_IDX_170'/>
				<IndexedFaceSet solid="false" coordIndex='0 1 2 3 -1'>
					<Coordinate point='2.775196 8.162635 -3.518449 3.320807 7.373494 -3.977663 3.320807 7.373494 -3.977663 2.775196 8.162635 -3.518449'/>
				</IndexedFaceSet>
			</Shape>
			<Shape DEF='_IDX_851'>
				<Appearance USE='Material_169_IDX_169'/>
				<IndexedFaceSet solid="false" coordIndex='0 1 2 3 -1'>
					<Coordinate point='2.635664 7.434696 -2.592972 3.153239 6.783176 -2.931396 3.320807 7.373494 -3.977663 2.775196 8.162635 -3.518449'/>
				</IndexedFaceSet>
			</Shape>
			<Shape DEF='_IDX_852'>
				<Appearance USE='Material_168_IDX_168'/>
				<IndexedFaceSet solid="false" coordIndex='0 1 2 3 -1'>
					<Coordinate point='2.529535 6.943709 -1.922304 3.032441 6.385970 -2.173196 3.153239 6.783176 -2.931396 2.635664 7.434696 -2.592972'/>
				</IndexedFaceSet>
			</Shape>
			<Shape DEF='_IDX_853'>
				<Appearance USE='Material_167_IDX_167'/>
				<IndexedFaceSet solid="false" coordIndex='0 1 2 3 -1'>
					<Coordinate point='2.443666 6.593634 -1.400119 2.939996 6.104369 -1.582857 3.032441 6.385970 -2.173196 2.529535 6.943709 -1.922304'/>
				</IndexedFaceSet>
			</Shape>
			<Shape DEF='_IDX_854'>
				<Appearance USE='Material_166_IDX_166'/>
				<IndexedFaceSet solid="false" coordIndex='0 1 2 3 -1'>
					<Coordinate point='2.369922 6.334644 -0.972022 2.864992 5.898025 -1.098887 2.939996 6.104369 -1.582857 2.443666 6.593634 -1.400119'/>
				</IndexedFaceSet>
			</Shape>
			<Shape DEF='_IDX_855'>
				<Appearance USE='Material_165_IDX_165'/>
				<IndexedFaceSet solid="false" coordIndex='0 1 2 3 -1'>
					<Coordinate point='2.303171 6.138278 -0.607297 2.800745 5.743808 -0.686559 2.864992 5.898025 -1.098887 2.369922 6.334644 -0.972022'/>
				</IndexedFaceSet>
			</Shape>
			<Shape DEF='_IDX_856'>
				<Appearance USE='Material_164_IDX_164'/>
				<IndexedFaceSet solid="false" coordIndex='0 1 2 3 -1'>
					<Coordinate point='2.240102 5.987092 -0.287286 2.743028 5.627481 -0.324781 2.800745 5.743808 -0.686559 2.303171 6.138278 -0.607297'/>
				</IndexedFaceSet>
			</Shape>
			<Shape DEF='_IDX_857'>
				<Appearance USE='Material_163_IDX_163'/>
				<IndexedFaceSet solid="false" coordIndex='0 1 2 3 -1'>
					<Coordinate point='2.178530 5.869804 -0.000000 2.689105 5.539789 -0.000000 2.743028 5.627481 -0.324781 2.240102 5.987092 -0.287286'/>
				</IndexedFaceSet>
			</Shape>
			<Shape DEF='_IDX_858'>
				<Appearance USE='Material_232_IDX_232'/>
				<IndexedFaceSet solid="false" coordIndex='0 1 2 3 -1'>
					<Coordinate point='3.543281 8.231532 -5.423381 4.124815 7.130902 -5.884713 4.314562 7.599383 -7.016792 3.690657 8.864565 -6.466711'/>
				</IndexedFaceSet>
			</Shape>
			<Shape DEF='_IDX_859'>
				<Appearance USE='Material_183_IDX_183'/>
				<IndexedFaceSet solid="false" coordIndex='0 1 2 3 -1'>
					<Coordinate point='3.421702 7.750699 -4.620075 3.973190 6.774016 -5.013075 4.124815 7.130902 -5.884713 3.543281 8.231532 -5.423381'/>
				</IndexedFaceSet>
			</Shape>
			<Shape DEF='_IDX_860'>
				<Appearance USE='Material_233_IDX_233'/>
				<IndexedFaceSet solid="false" coordIndex='0 1 2 3 -1'>
					<Coordinate point='3.320807 7.373494 -3.977663 3.850761 6.493530 -4.316017 3.973190 6.774016 -5.013075 3.421702 7.750699 -4.620075'/>
				</IndexedFaceSet>
			</Shape>
			<Shape DEF='_IDX_861'>
				<Appearance USE='Material_234_IDX_234'/>
				<IndexedFaceSet solid="false" coordIndex='0 1 2 3 -1'>
					<Coordinate point='3.320807 7.373494 -3.977663 3.850761 6.493530 -4.316017 3.850761 6.493530 -4.316017 3.320807 7.373494 -3.977663'/>
				</IndexedFaceSet>
			</Shape>
			<Shape DEF='_IDX_862'>
				<Appearance USE='Material_214_IDX_214'/>
				<IndexedFaceSet solid="false" coordIndex='0 1 2 3 -1'>
					<Coordinate point='3.153239 6.783176 -2.931396 3.655316 6.054155 -3.180750 3.850761 6.493530 -4.316017 3.320807 7.373494 -3.977663'/>
				</IndexedFaceSet>
			</Shape>
			<Shape DEF='_IDX_863'>
				<Appearance USE='Material_179_IDX_179'/>
				<IndexedFaceSet solid="false" coordIndex='0 1 2 3 -1'>
					<Coordinate point='3.032441 6.385970 -2.173196 3.522461 5.759089 -2.358055 3.655316 6.054155 -3.180750 3.153239 6.783176 -2.931396'/>
				</IndexedFaceSet>
			</Shape>
			<Shape DEF='_IDX_864'>
				<Appearance USE='Material_178_IDX_178'/>
				<IndexedFaceSet solid="false" coordIndex='0 1 2 3 -1'>
					<Coordinate point='2.939996 6.104369 -1.582857 3.427266 5.551256 -1.717500 3.522461 5.759089 -2.358055 3.032441 6.385970 -2.173196'/>
				</IndexedFaceSet>
			</Shape>
			<Shape DEF='_IDX_865'>
				<Appearance USE='Material_213_IDX_213'/>
				<IndexedFaceSet solid="false" coordIndex='0 1 2 3 -1'>
					<Coordinate point='2.864992 5.898025 -1.098887 3.355484 5.400784 -1.192362 3.427266 5.551256 -1.717500 2.939996 6.104369 -1.582857'/>
				</IndexedFaceSet>
			</Shape>
			<Shape DEF='_IDX_866'>
				<Appearance USE='Material_176_IDX_176'/>
				<IndexedFaceSet solid="false" coordIndex='0 1 2 3 -1'>
					<Coordinate point='2.800745 5.743808 -0.686559 3.298584 5.290449 -0.744960 3.355484 5.400784 -1.192362 2.864992 5.898025 -1.098887'/>
				</IndexedFaceSet>
			</Shape>
			<Shape DEF='_IDX_867'>
				<Appearance USE='Material_175_IDX_175'/>
				<IndexedFaceSet solid="false" coordIndex='0 1 2 3 -1'>
					<Coordinate point='2.743028 5.627481 -0.324781 3.251258 5.209576 -0.352408 3.298584 5.290449 -0.744960 2.800745 5.743808 -0.686559'/>
				</IndexedFaceSet>
			</Shape>
			<Shape DEF='_IDX_868'>
				<Appearance USE='Material_174_IDX_174'/>
				<IndexedFaceSet solid="false" coordIndex='0 1 2 3 -1'>
					<Coordinate point='2.689105 5.539789 -0.000000 3.210098 5.151163 -0.000000 3.251258 5.209576 -0.352408 2.743028 5.627481 -0.324781'/>
				</IndexedFaceSet>
			</Shape>
			<Shape DEF='_IDX_869'>
				<Appearance USE='Material_212_IDX_212'/>
				<IndexedFaceSet solid="false" coordIndex='0 1 2 3 -1'>
					<Coordinate point='4.124815 7.130902 -5.884713 4.684396 5.949801 -6.167242 4.921988 6.243772 -7.353672 4.314562 7.599383 -7.016792'/>
				</IndexedFaceSet>
			</Shape>
			<Shape DEF='_IDX_870'>
				<Appearance USE='Material_194_IDX_194'/>
				<IndexedFaceSet solid="false" coordIndex='0 1 2 3 -1'>
					<Coordinate point='3.973190 6.774016 -5.013075 4.499954 5.724449 -5.253756 4.684396 5.949801 -6.167242 4.124815 7.130902 -5.884713'/>
				</IndexedFaceSet>
			</Shape>
			<Shape DEF='_IDX_871'>
				<Appearance USE='Material_193_IDX_193'/>
				<IndexedFaceSet solid="false" coordIndex='0 1 2 3 -1'>
					<Coordinate point='3.850761 6.493530 -4.316017 4.354878 5.546560 -4.523231 4.499954 5.724449 -5.253756 3.973190 6.774016 -5.013075'/>
				</IndexedFaceSet>
			</Shape>
			<Shape DEF='_IDX_872'>
				<Appearance USE='Material_211_IDX_211'/>
				<IndexedFaceSet solid="false" coordIndex='0 1 2 3 -1'>
					<Coordinate point='3.850761 6.493530 -4.316017 4.354878 5.546560 -4.523231 4.354878 5.546560 -4.523231 3.850761 6.493530 -4.316017'/>
				</IndexedFaceSet>
			</Shape>
			<Shape DEF='_IDX_873'>
				<Appearance USE='Material_191_IDX_191'/>
				<IndexedFaceSet solid="false" coordIndex='0 1 2 3 -1'>
					<Coordinate point='3.655316 6.054155 -3.180750 4.132308 5.266887 -3.333460 4.354878 5.546560 -4.523231 3.850761 6.493530 -4.316017'/>
				</IndexedFaceSet>
			</Shape>
			<Shape DEF='_IDX_874'>
				<Appearance USE='Material_190_IDX_190'/>
				<IndexedFaceSet solid="false" coordIndex='0 1 2 3 -1'>
					<Coordinate point='3.522461 5.759089 -2.358055 3.990298 5.079127 -2.471267 4.132308 5.266887 -3.333460 3.655316 6.054155 -3.180750'/>
				</IndexedFaceSet>
			</Shape>
			<Shape DEF='_IDX_875'>
				<Appearance USE='Material_210_IDX_210'/>
				<IndexedFaceSet solid="false" coordIndex='0 1 2 3 -1'>
					<Coordinate point='3.427266 5.551256 -1.717500 3.896160 4.947963 -1.799958 3.990298 5.079127 -2.471267 3.522461 5.759089 -2.358055'/>
				</IndexedFaceSet>
			</Shape>
			<Shape DEF='_IDX_876'>
				<Appearance USE='Material_188_IDX_188'/>
				<IndexedFaceSet solid="false" coordIndex='0 1 2 3 -1'>
					<Coordinate point='3.355484 5.400784 -1.192362 3.831769 4.854744 -1.249608 3.896160 4.947963 -1.799958 3.427266 5.551256 -1.717500'/>
				</IndexedFaceSet>
			</Shape>
			<Shape DEF='_IDX_877'>
				<Appearance USE='Material_187_IDX_187'/>
				<IndexedFaceSet solid="false" coordIndex='0 1 2 3 -1'>
					<Coordinate point='3.298584 5.290449 -0.744960 3.786491 4.788599 -0.780726 3.831769 4.854744 -1.249608 3.355484 5.400784 -1.192362'/>
				</IndexedFaceSet>
			</Shape>
			<Shape DEF='_IDX_878'>
				<Appearance USE='Material_186_IDX_186'/>
				<IndexedFaceSet solid="false" coordIndex='0 1 2 3 -1'>
					<Coordinate point='3.251258 5.209576 -0.352408 3.753799 4.742694 -0.369328 3.786491 4.788599 -0.780726 3.298584 5.290449 -0.744960'/>
				</IndexedFaceSet>
			</Shape>
			<Shape DEF='_IDX_879'>
				<Appearance USE='Material_185_IDX_185'/>
				<IndexedFaceSet solid="false" coordIndex='0 1 2 3 -1'>
					<Coordinate point='3.210098 5.151163 -0.000000 3.729537 4.712478 -0.000000 3.753799 4.742694 -0.369328 3.251258 5.209576 -0.352408'/>
				</IndexedFaceSet>
			</Shape>
			<Shape DEF='_IDX_880'>
				<Appearance USE='Material_209_IDX_209'/>
				<IndexedFaceSet solid="false" coordIndex='0 1 2 3 -1'>
					<Coordinate point='4.684396 5.949801 -6.167242 5.207872 4.720386 -6.262381 5.497795 4.834943 -7.467114 4.921988 6.243772 -7.353672'/>
				</IndexedFaceSet>
			</Shape>
			<Shape DEF='_IDX_881'>
				<Appearance USE='Material_208_IDX_208'/>
				<IndexedFaceSet solid="false" coordIndex='0 1 2 3 -1'>
					<Coordinate point='4.499954 5.724449 -5.253756 4.988650 4.630437 -5.334804 5.207872 4.720386 -6.262381 4.684396 5.949801 -6.167242'/>
				</IndexedFaceSet>
			</Shape>
			<Shape DEF='_IDX_882'>
				<Appearance USE='Material_204_IDX_204'/>
				<IndexedFaceSet solid="false" coordIndex='0 1 2 3 -1'>
					<Coordinate point='4.354878 5.546560 -4.523231 4.820496 4.558158 -4.593009 4.988650 4.630437 -5.334804 4.499954 5.724449 -5.253756'/>
				</IndexedFaceSet>
			</Shape>
			<Shape DEF='_IDX_883'>
				<Appearance USE='Material_203_IDX_203'/>
				<IndexedFaceSet solid="false" coordIndex='0 1 2 3 -1'>
					<Coordinate point='4.354878 5.546560 -4.523231 4.820496 4.558158 -4.593009 4.820496 4.558158 -4.593009 4.354878 5.546560 -4.523231'/>
				</IndexedFaceSet>
			</Shape>
			<Shape DEF='_IDX_884'>
				<Appearance USE='Material_202_IDX_202'/>
				<IndexedFaceSet solid="false" coordIndex='0 1 2 3 -1'>
					<Coordinate point='4.132308 5.266887 -3.333460 4.572650 4.442441 -3.384884 4.820496 4.558158 -4.593009 4.354878 5.546560 -4.523231'/>
				</IndexedFaceSet>
			</Shape>
			<Shape DEF='_IDX_885'>
				<Appearance USE='Material_201_IDX_201'/>
				<IndexedFaceSet solid="false" coordIndex='0 1 2 3 -1'>
					<Coordinate point='3.990298 5.079127 -2.471267 4.425007 4.364005 -2.509390 4.572650 4.442441 -3.384884 4.132308 5.266887 -3.333460'/>
				</IndexedFaceSet>
			</Shape>
			<Shape DEF='_IDX_886'>
				<Appearance USE='Material_200_IDX_200'/>
				<IndexedFaceSet solid="false" coordIndex='0 1 2 3 -1'>
					<Coordinate point='3.896160 4.947963 -1.799958 4.335938 4.310065 -1.827726 4.425007 4.364005 -2.509390 3.990298 5.079127 -2.471267'/>
				</IndexedFaceSet>
			</Shape>
			<Shape DEF='_IDX_887'>
				<Appearance USE='Material_199_IDX_199'/>
				<IndexedFaceSet solid="false" coordIndex='0 1 2 3 -1'>
					<Coordinate point='3.831769 4.854744 -1.249608 4.282962 4.273696 -1.268885 4.335938 4.310065 -1.827726 3.896160 4.947963 -1.799958'/>
				</IndexedFaceSet>
			</Shape>
			<Shape DEF='_IDX_888'>
				<Appearance USE='Material_198_IDX_198'/>
				<IndexedFaceSet solid="false" coordIndex='0 1 2 3 -1'>
					<Coordinate point='3.786491 4.788599 -0.780726 4.253153 4.250697 -0.792770 4.282962 4.273696 -1.268885 3.831769 4.854744 -1.249608'/>
				</IndexedFaceSet>
			</Shape>
			<Shape DEF='_IDX_889'>
				<Appearance USE='Material_197_IDX_197'/>
				<IndexedFaceSet solid="false" coordIndex='0 1 2 3 -1'>
					<Coordinate point='3.753799 4.742694 -0.369328 4.238692 4.238286 -0.375025 4.253153 4.250697 -0.792770 3.786491 4.788599 -0.780726'/>
				</IndexedFaceSet>
			</Shape>
			<Shape DEF='_IDX_890'>
				<Appearance USE='Material_196_IDX_196'/>
				<IndexedFaceSet solid="false" coordIndex='0 1 2 3 -1'>
					<Coordinate point='3.729537 4.712478 -0.000000 4.234654 4.234497 0.000000 4.238692 4.238286 -0.375025 3.753799 4.742694 -0.369328'/>
				</IndexedFaceSet>
			</Shape>
			<Shape DEF='_IDX_891'>
				<Appearance USE='Material_209_IDX_209'/>
				<IndexedFaceSet solid="false" coordIndex='0 1 2 3 -1'>
					<Coordinate point='5.207872 4.720386 -6.262381 5.677972 3.475445 -6.167242 6.023239 3.410493 -7.353672 5.497795 4.834943 -7.467114'/>
				</IndexedFaceSet>
			</Shape>
			<Shape DEF='_IDX_892'>
				<Appearance USE='Material_235_IDX_235'/>
				<IndexedFaceSet solid="false" coordIndex='0 1 2 3 -1'>
					<Coordinate point='4.988650 4.630437 -5.334804 5.423212 3.521293 -5.253756 5.677972 3.475445 -6.167242 5.207872 4.720386 -6.262381'/>
				</IndexedFaceSet>
			</Shape>
			<Shape DEF='_IDX_893'>
				<Appearance USE='Material_204_IDX_204'/>
				<IndexedFaceSet solid="false" coordIndex='0 1 2 3 -1'>
					<Coordinate point='4.820496 4.558158 -4.593009 5.232574 3.554968 -4.523231 5.423212 3.521293 -5.253756 4.988650 4.630437 -5.334804'/>
				</IndexedFaceSet>
			</Shape>
			<Shape DEF='_IDX_894'>
				<Appearance USE='Material_203_IDX_203'/>
				<IndexedFaceSet solid="false" coordIndex='0 1 2 3 -1'>
					<Coordinate point='4.820496 4.558158 -4.593009 5.232574 3.554968 -4.523231 5.232574 3.554968 -4.523231 4.820496 4.558158 -4.593009'/>
				</IndexedFaceSet>
			</Shape>
			<Shape DEF='_IDX_895'>
				<Appearance USE='Material_202_IDX_202'/>
				<IndexedFaceSet solid="false" coordIndex='0 1 2 3 -1'>
					<Coordinate point='4.572650 4.442441 -3.384884 4.963043 3.603233 -3.333460 5.232574 3.554968 -4.523231 4.820496 4.558158 -4.593009'/>
				</IndexedFaceSet>
			</Shape>
			<Shape DEF='_IDX_896'>
				<Appearance USE='Material_201_IDX_201'/>
				<IndexedFaceSet solid="false" coordIndex='0 1 2 3 -1'>
					<Coordinate point='4.425007 4.364005 -2.509390 4.814414 3.633102 -2.471267 4.963043 3.603233 -3.333460 4.572650 4.442441 -3.384884'/>
				</IndexedFaceSet>
			</Shape>
			<Shape DEF='_IDX_897'>
				<Appearance USE='Material_236_IDX_236'/>
				<IndexedFaceSet solid="false" coordIndex='0 1 2 3 -1'>
					<Coordinate point='4.335938 4.310065 -1.827726 4.734996 3.654626 -1.799958 4.814414 3.633102 -2.471267 4.425007 4.364005 -2.509390'/>
				</IndexedFaceSet>
			</Shape>
			<Shape DEF='_IDX_898'>
				<Appearance USE='Material_199_IDX_199'/>
				<IndexedFaceSet solid="false" coordIndex='0 1 2 3 -1'>
					<Coordinate point='4.282962 4.273696 -1.268885 4.697582 3.672912 -1.249608 4.734996 3.654626 -1.799958 4.335938 4.310065 -1.827726'/>
				</IndexedFaceSet>
			</Shape>
			<Shape DEF='_IDX_899'>
				<Appearance USE='Material_198_IDX_198'/>
				<IndexedFaceSet solid="false" coordIndex='0 1 2 3 -1'>
					<Coordinate point='4.253153 4.250697 -0.792770 4.686868 3.690648 -0.780726 4.697582 3.672912 -1.249608 4.282962 4.273696 -1.268885'/>
				</IndexedFaceSet>
			</Shape>
			<Shape DEF='_IDX_900'>
				<Appearance USE='Material_197_IDX_197'/>
				<IndexedFaceSet solid="false" coordIndex='0 1 2 3 -1'>
					<Coordinate point='4.238692 4.238286 -0.375025 4.693767 3.709237 -0.369328 4.686868 3.690648 -0.780726 4.253153 4.250697 -0.792770'/>
				</IndexedFaceSet>
			</Shape>
			<Shape DEF='_IDX_901'>
				<Appearance USE='Material_196_IDX_196'/>
				<IndexedFaceSet solid="false" coordIndex='0 1 2 3 -1'>
					<Coordinate point='4.234654 4.234497 0.000000 4.712635 3.729379 -0.000000 4.693767 3.709237 -0.369328 4.238692 4.238286 -0.375025'/>
				</IndexedFaceSet>
			</Shape>
			<Shape DEF='_IDX_902'>
				<Appearance USE='Material_212_IDX_212'/>
				<IndexedFaceSet solid="false" coordIndex='0 1 2 3 -1'>
					<Coordinate point='5.677972 3.475445 -6.167242 6.074399 2.247296 -5.884713 6.476197 2.006970 -7.016792 6.023239 3.410493 -7.353672'/>
				</IndexedFaceSet>
			</Shape>
			<Shape DEF='_IDX_903'>
				<Appearance USE='Material_194_IDX_194'/>
				<IndexedFaceSet solid="false" coordIndex='0 1 2 3 -1'>
					<Coordinate point='5.423212 3.521293 -5.253756 5.784903 2.426360 -5.013075 6.074399 2.247296 -5.884713 5.677972 3.475445 -6.167242'/>
				</IndexedFaceSet>
			</Shape>
			<Shape DEF='_IDX_904'>
				<Appearance USE='Material_193_IDX_193'/>
				<IndexedFaceSet solid="false" coordIndex='0 1 2 3 -1'>
					<Coordinate point='5.232574 3.554968 -4.523231 5.573784 2.564079 -4.316017 5.784903 2.426360 -5.013075 5.423212 3.521293 -5.253756'/>
				</IndexedFaceSet>
			</Shape>
			<Shape DEF='_IDX_905'>
				<Appearance USE='Material_211_IDX_211'/>
				<IndexedFaceSet solid="false" coordIndex='0 1 2 3 -1'>
					<Coordinate point='5.232574 3.554968 -4.523231 5.573784 2.564079 -4.316017 5.573784 2.564079 -4.316017 5.232574 3.554968 -4.523231'/>
				</IndexedFaceSet>
			</Shape>
			<Shape DEF='_IDX_906'>
				<Appearance USE='Material_237_IDX_237'/>
				<IndexedFaceSet solid="false" coordIndex='0 1 2 3 -1'>
					<Coordinate point='4.963043 3.603233 -3.333460 5.288743 2.772669 -3.180750 5.573784 2.564079 -4.316017 5.232574 3.554968 -4.523231'/>
				</IndexedFaceSet>
			</Shape>
			<Shape DEF='_IDX_907'>
				<Appearance USE='Material_190_IDX_190'/>
				<IndexedFaceSet solid="false" coordIndex='0 1 2 3 -1'>
					<Coordinate point='4.814414 3.633102 -2.471267 5.145601 2.906954 -2.358055 5.288743 2.772669 -3.180750 4.963043 3.603233 -3.333460'/>
				</IndexedFaceSet>
			</Shape>
			<Shape DEF='_IDX_908'>
				<Appearance USE='Material_210_IDX_210'/>
				<IndexedFaceSet solid="false" coordIndex='0 1 2 3 -1'>
					<Coordinate point='4.734996 3.654626 -1.799958 5.081495 2.999831 -1.717500 5.145601 2.906954 -2.358055 4.814414 3.633102 -2.471267'/>
				</IndexedFaceSet>
			</Shape>
			<Shape DEF='_IDX_909'>
				<Appearance USE='Material_188_IDX_188'/>
				<IndexedFaceSet solid="false" coordIndex='0 1 2 3 -1'>
					<Coordinate point='4.697582 3.672912 -1.249608 5.064259 3.068681 -1.192362 5.081495 2.999831 -1.717500 4.734996 3.654626 -1.799958'/>
				</IndexedFaceSet>
			</Shape>
			<Shape DEF='_IDX_910'>
				<Appearance USE='Material_187_IDX_187'/>
				<IndexedFaceSet solid="false" coordIndex='0 1 2 3 -1'>
					<Coordinate point='4.686868 3.690648 -0.780726 5.076288 3.123247 -0.744960 5.064259 3.068681 -1.192362 4.697582 3.672912 -1.249608'/>
				</IndexedFaceSet>
			</Shape>
			<Shape DEF='_IDX_911'>
				<Appearance USE='Material_186_IDX_186'/>
				<IndexedFaceSet solid="false" coordIndex='0 1 2 3 -1'>
					<Coordinate point='4.693767 3.709237 -0.369328 5.107378 3.169203 -0.352408 5.076288 3.123247 -0.744960 4.686868 3.690648 -0.780726'/>
				</IndexedFaceSet>
			</Shape>
			<Shape DEF='_IDX_912'>
				<Appearance USE='Material_185_IDX_185'/>
				<IndexedFaceSet solid="false" coordIndex='0 1 2 3 -1'>
					<Coordinate point='4.712635 3.729379 -0.000000 5.151320 3.209940 0.000000 5.107378 3.169203 -0.352408 4.693767 3.709237 -0.369328'/>
				</IndexedFaceSet>
			</Shape>
			<Shape DEF='_IDX_913'>
				<Appearance USE='Material_184_IDX_184'/>
				<IndexedFaceSet solid="false" coordIndex='0 1 2 3 -1'>
					<Coordinate point='6.074399 2.247296 -5.884713 6.373841 1.066630 -5.423381 6.831453 0.658356 -6.466711 6.476197 2.006970 -7.016792'/>
				</IndexedFaceSet>
			</Shape>
			<Shape DEF='_IDX_914'>
				<Appearance USE='Material_183_IDX_183'/>
				<IndexedFaceSet solid="false" coordIndex='0 1 2 3 -1'>
					<Coordinate point='5.784903 2.426360 -5.013075 6.052211 1.374253 -4.620075 6.373841 1.066630 -5.423381 6.074399 2.247296 -5.884713'/>
				</IndexedFaceSet>
			</Shape>
			<Shape DEF='_IDX_915'>
				<Appearance USE='Material_182_IDX_182'/>
				<IndexedFaceSet solid="false" coordIndex='0 1 2 3 -1'>
					<Coordinate point='5.573784 2.564079 -4.316017 5.824448 1.612590 -3.977663 6.052211 1.374253 -4.620075 5.784903 2.426360 -5.013075'/>
				</IndexedFaceSet>
			</Shape>
			<Shape DEF='_IDX_916'>
				<Appearance USE='Material_234_IDX_234'/>
				<IndexedFaceSet solid="false" coordIndex='0 1 2 3 -1'>
					<Coordinate point='5.573784 2.564079 -4.316017 5.824448 1.612590 -3.977663 5.824448 1.612590 -3.977663 5.573784 2.564079 -4.316017'/>
				</IndexedFaceSet>
			</Shape>
			<Shape DEF='_IDX_917'>
				<Appearance USE='Material_214_IDX_214'/>
				<IndexedFaceSet solid="false" coordIndex='0 1 2 3 -1'>
					<Coordinate point='5.288743 2.772669 -3.180750 5.533843 1.975063 -2.931396 5.824448 1.612590 -3.977663 5.573784 2.564079 -4.316017'/>
				</IndexedFaceSet>
			</Shape>
			<Shape DEF='_IDX_918'>
				<Appearance USE='Material_179_IDX_179'/>
				<IndexedFaceSet solid="false" coordIndex='0 1 2 3 -1'>
					<Coordinate point='5.145601 2.906954 -2.358055 5.405533 2.207158 -2.173196 5.533843 1.975063 -2.931396 5.288743 2.772669 -3.180750'/>
				</IndexedFaceSet>
			</Shape>
			<Shape DEF='_IDX_919'>
				<Appearance USE='Material_178_IDX_178'/>
				<IndexedFaceSet solid="false" coordIndex='0 1 2 3 -1'>
					<Coordinate point='5.081495 2.999831 -1.717500 5.364183 2.364744 -1.582857 5.405533 2.207158 -2.173196 5.145601 2.906954 -2.358055'/>
				</IndexedFaceSet>
			</Shape>
			<Shape DEF='_IDX_920'>
				<Appearance USE='Material_213_IDX_213'/>
				<IndexedFaceSet solid="false" coordIndex='0 1 2 3 -1'>
					<Coordinate point='5.064259 3.068681 -1.192362 5.372622 2.477897 -1.098887 5.364183 2.364744 -1.582857 5.081495 2.999831 -1.717500'/>
				</IndexedFaceSet>
			</Shape>
			<Shape DEF='_IDX_921'>
				<Appearance USE='Material_176_IDX_176'/>
				<IndexedFaceSet solid="false" coordIndex='0 1 2 3 -1'>
					<Coordinate point='5.076288 3.123247 -0.744960 5.411281 2.563642 -0.686559 5.372622 2.477897 -1.098887 5.064259 3.068681 -1.192362'/>
				</IndexedFaceSet>
			</Shape>
			<Shape DEF='_IDX_922'>
				<Appearance USE='Material_175_IDX_175'/>
				<IndexedFaceSet solid="false" coordIndex='0 1 2 3 -1'>
					<Coordinate point='5.107378 3.169203 -0.352408 5.469213 2.631974 -0.324781 5.411281 2.563642 -0.686559 5.076288 3.123247 -0.744960'/>
				</IndexedFaceSet>
			</Shape>
			<Shape DEF='_IDX_923'>
				<Appearance USE='Material_174_IDX_174'/>
				<IndexedFaceSet solid="false" coordIndex='0 1 2 3 -1'>
					<Coordinate point='5.151320 3.209940 0.000000 5.539946 2.688947 -0.000000 5.469213 2.631974 -0.324781 5.107378 3.169203 -0.352408'/>
				</IndexedFaceSet>
			</Shape>
			<Shape DEF='_IDX_924'>
				<Appearance USE='Material_218_IDX_218'/>
				<IndexedFaceSet solid="false" coordIndex='0 1 2 3 -1'>
					<Coordinate point='6.373841 1.066630 -5.423381 6.549641 -0.038765 -4.797262 7.060954 -0.605707 -5.720141 6.831453 0.658356 -6.466711'/>
				</IndexedFaceSet>
			</Shape>
			<Shape DEF='_IDX_925'>
				<Appearance USE='Material_217_IDX_217'/>
				<IndexedFaceSet solid="false" coordIndex='0 1 2 3 -1'>
					<Coordinate point='6.052211 1.374253 -4.620075 6.200269 0.392207 -4.086697 6.549641 -0.038765 -4.797262 6.373841 1.066630 -5.423381'/>
				</IndexedFaceSet>
			</Shape>
			<Shape DEF='_IDX_926'>
				<Appearance USE='Material_171_IDX_171'/>
				<IndexedFaceSet solid="false" coordIndex='0 1 2 3 -1'>
					<Coordinate point='5.824448 1.612590 -3.977663 5.962026 0.727533 -3.518449 6.200269 0.392207 -4.086697 6.052211 1.374253 -4.620075'/>
				</IndexedFaceSet>
			</Shape>
			<Shape DEF='_IDX_927'>
				<Appearance USE='Material_238_IDX_238'/>
				<IndexedFaceSet solid="false" coordIndex='0 1 2 3 -1'>
					<Coordinate point='5.824448 1.612590 -3.977663 5.962026 0.727533 -3.518449 5.962026 0.727533 -3.518449 5.824448 1.612590 -3.977663'/>
				</IndexedFaceSet>
			</Shape>
			<Shape DEF='_IDX_928'>
				<Appearance USE='Material_169_IDX_169'/>
				<IndexedFaceSet solid="false" coordIndex='0 1 2 3 -1'>
					<Coordinate point='5.533843 1.975063 -2.931396 5.681518 1.236130 -2.592972 5.962026 0.727533 -3.518449 5.824448 1.612590 -3.977663'/>
				</IndexedFaceSet>
			</Shape>
			<Shape DEF='_IDX_929'>
				<Appearance USE='Material_168_IDX_168'/>
				<IndexedFaceSet solid="false" coordIndex='0 1 2 3 -1'>
					<Coordinate point='5.405533 2.207158 -2.173196 5.581972 1.556686 -1.922304 5.681518 1.236130 -2.592972 5.533843 1.975063 -2.931396'/>
				</IndexedFaceSet>
			</Shape>
			<Shape DEF='_IDX_930'>
				<Appearance USE='Material_167_IDX_167'/>
				<IndexedFaceSet solid="false" coordIndex='0 1 2 3 -1'>
					<Coordinate point='5.364183 2.364744 -1.582857 5.573567 1.769227 -1.400119 5.581972 1.556686 -1.922304 5.405533 2.207158 -2.173196'/>
				</IndexedFaceSet>
			</Shape>
			<Shape DEF='_IDX_931'>
				<Appearance USE='Material_166_IDX_166'/>
				<IndexedFaceSet solid="false" coordIndex='0 1 2 3 -1'>
					<Coordinate point='5.372622 2.477897 -1.098887 5.614468 1.917662 -0.972022 5.573567 1.769227 -1.400119 5.364183 2.364744 -1.582857'/>
				</IndexedFaceSet>
			</Shape>
			<Shape DEF='_IDX_932'>
				<Appearance USE='Material_165_IDX_165'/>
				<IndexedFaceSet solid="false" coordIndex='0 1 2 3 -1'>
					<Coordinate point='5.411281 2.563642 -0.686559 5.684004 2.026727 -0.607297 5.614468 1.917662 -0.972022 5.372622 2.477897 -1.098887'/>
				</IndexedFaceSet>
			</Shape>
			<Shape DEF='_IDX_933'>
				<Appearance USE='Material_164_IDX_164'/>
				<IndexedFaceSet solid="false" coordIndex='0 1 2 3 -1'>
					<Coordinate point='5.469213 2.631974 -0.324781 5.771233 2.110767 -0.287286 5.684004 2.026727 -0.607297 5.411281 2.563642 -0.686559'/>
				</IndexedFaceSet>
			</Shape>
			<Shape DEF='_IDX_934'>
				<Appearance USE='Material_163_IDX_163'/>
				<IndexedFaceSet solid="false" coordIndex='0 1 2 3 -1'>
					<Coordinate point='5.539946 2.688947 -0.000000 5.869962 2.178373 -0.000000 5.771233 2.110767 -0.287286 5.469213 2.631974 -0.324781'/>
				</IndexedFaceSet>
			</Shape>
			<Shape DEF='_IDX_935'>
				<Appearance USE='Material_219_IDX_219'/>
				<IndexedFaceSet solid="false" coordIndex='0 1 2 3 -1'>
					<Coordinate point='6.549641 -0.038765 -4.797262 6.570723 -1.045840 -4.025381 7.134059 -1.762348 -4.799768 7.060954 -0.605707 -5.720141'/>
				</IndexedFaceSet>
			</Shape>
			<Shape DEF='_IDX_936'>
				<Appearance USE='Material_161_IDX_161'/>
				<IndexedFaceSet solid="false" coordIndex='0 1 2 3 -1'>
					<Coordinate point='6.200269 0.392207 -4.086697 6.199042 -0.494520 -3.429146 6.570723 -1.045840 -4.025381 6.549641 -0.038765 -4.797262'/>
				</IndexedFaceSet>
			</Shape>
			<Shape DEF='_IDX_937'>
				<Appearance USE='Material_160_IDX_160'/>
				<IndexedFaceSet solid="false" coordIndex='0 1 2 3 -1'>
					<Coordinate point='5.962026 0.727533 -3.518449 5.959480 -0.063444 -2.952329 6.199042 -0.494520 -3.429146 6.200269 0.392207 -4.086697'/>
				</IndexedFaceSet>
			</Shape>
			<Shape DEF='_IDX_938'>
				<Appearance USE='Material_159_IDX_159'/>
				<IndexedFaceSet solid="false" coordIndex='0 1 2 3 -1'>
					<Coordinate point='5.962026 0.727533 -3.518449 5.959480 -0.063444 -2.952329 5.959480 -0.063444 -2.952329 5.962026 0.727533 -3.518449'/>
				</IndexedFaceSet>
			</Shape>
			<Shape DEF='_IDX_939'>
				<Appearance USE='Material_158_IDX_158'/>
				<IndexedFaceSet solid="false" coordIndex='0 1 2 3 -1'>
					<Coordinate point='5.681518 1.236130 -2.592972 5.714306 0.584726 -2.175761 5.959480 -0.063444 -2.952329 5.962026 0.727533 -3.518449'/>
				</IndexedFaceSet>
			</Shape>
			<Shape DEF='_IDX_940'>
				<Appearance USE='Material_157_IDX_157'/>
				<IndexedFaceSet solid="false" coordIndex='0 1 2 3 -1'>
					<Coordinate point='5.581972 1.556686 -1.922304 5.665112 0.980847 -1.613005 5.714306 0.584726 -2.175761 5.681518 1.236130 -2.592972'/>
				</IndexedFaceSet>
			</Shape>
			<Shape DEF='_IDX_941'>
				<Appearance USE='Material_156_IDX_156'/>
				<IndexedFaceSet solid="false" coordIndex='0 1 2 3 -1'>
					<Coordinate point='5.573567 1.769227 -1.400119 5.703844 1.233949 -1.174839 5.665112 0.980847 -1.613005 5.581972 1.556686 -1.922304'/>
				</IndexedFaceSet>
			</Shape>
			<Shape DEF='_IDX_942'>
				<Appearance USE='Material_155_IDX_155'/>
				<IndexedFaceSet solid="false" coordIndex='0 1 2 3 -1'>
					<Coordinate point='5.614468 1.917662 -0.972022 5.785492 1.404692 -0.815623 5.703844 1.233949 -1.174839 5.573567 1.769227 -1.400119'/>
				</IndexedFaceSet>
			</Shape>
			<Shape DEF='_IDX_943'>
				<Appearance USE='Material_154_IDX_154'/>
				<IndexedFaceSet solid="false" coordIndex='0 1 2 3 -1'>
					<Coordinate point='5.684004 2.026727 -0.607297 5.890302 1.526276 -0.509583 5.785492 1.404692 -0.815623 5.614468 1.917662 -0.972022'/>
				</IndexedFaceSet>
			</Shape>
			<Shape DEF='_IDX_944'>
				<Appearance USE='Material_153_IDX_153'/>
				<IndexedFaceSet solid="false" coordIndex='0 1 2 3 -1'>
					<Coordinate point='5.771233 2.110767 -0.287286 6.008774 1.617271 -0.241062 5.890302 1.526276 -0.509583 5.684004 2.026727 -0.607297'/>
				</IndexedFaceSet>
			</Shape>
			<Shape DEF='_IDX_945'>
				<Appearance USE='Material_152_IDX_152'/>
				<IndexedFaceSet solid="false" coordIndex='0 1 2 3 -1'>
					<Coordinate point='5.869962 2.178373 -0.000000 6.135892 1.688457 -0.000000 6.008774 1.617271 -0.241062 5.771233 2.110767 -0.287286'/>
				</IndexedFaceSet>
			</Shape>
			<Shape DEF='_IDX_946'>
				<Appearance USE='Material_151_IDX_151'/>
				<IndexedFaceSet solid="false" coordIndex='0 1 2 3 -1'>
					<Coordinate point='6.570723 -1.045840 -4.025381 6.399000 -1.940117 -3.131191 7.018302 -2.799576 -3.733557 7.134059 -1.762348 -4.799768'/>
				</IndexedFaceSet>
			</Shape>
			<Shape DEF='_IDX_947'>
				<Appearance USE='Material_150_IDX_150'/>
				<IndexedFaceSet solid="false" coordIndex='0 1 2 3 -1'>
					<Coordinate point='6.199042 -0.494520 -3.429146 6.008286 -1.263696 -2.667402 6.399000 -1.940117 -3.131191 6.570723 -1.045840 -4.025381'/>
				</IndexedFaceSet>
			</Shape>
			<Shape DEF='_IDX_948'>
				<Appearance USE='Material_149_IDX_149'/>
				<IndexedFaceSet solid="false" coordIndex='0 1 2 3 -1'>
					<Coordinate point='5.959480 -0.063444 -2.952329 5.780493 -0.729560 -2.296504 6.008286 -1.263696 -2.667402 6.199042 -0.494520 -3.429146'/>
				</IndexedFaceSet>
			</Shape>
			<Shape DEF='_IDX_949'>
				<Appearance USE='Material_148_IDX_148'/>
				<IndexedFaceSet solid="false" coordIndex='0 1 2 3 -1'>
					<Coordinate point='5.959480 -0.063444 -2.952329 5.780493 -0.729560 -2.296504 5.780493 -0.729560 -2.296504 5.959480 -0.063444 -2.952329'/>
				</IndexedFaceSet>
			</Shape>
			<Shape DEF='_IDX_950'>
				<Appearance USE='Material_147_IDX_147'/>
				<IndexedFaceSet solid="false" coordIndex='0 1 2 3 -1'>
					<Coordinate point='5.714306 0.584726 -2.175761 5.614967 0.057589 -1.692442 5.780493 -0.729560 -2.296504 5.959480 -0.063444 -2.952329'/>
				</IndexedFaceSet>
			</Shape>
			<Shape DEF='_IDX_951'>
				<Appearance USE='Material_146_IDX_146'/>
				<IndexedFaceSet solid="false" coordIndex='0 1 2 3 -1'>
					<Coordinate point='5.665112 0.980847 -1.613005 5.651279 0.509131 -1.254695 5.614967 0.057589 -1.692442 5.714306 0.584726 -2.175761'/>
				</IndexedFaceSet>
			</Shape>
			<Shape DEF='_IDX_952'>
				<Appearance USE='Material_145_IDX_145'/>
				<IndexedFaceSet solid="false" coordIndex='0 1 2 3 -1'>
					<Coordinate point='5.703844 1.233949 -1.174839 5.756354 0.779934 -0.913863 5.651279 0.509131 -1.254695 5.665112 0.980847 -1.613005'/>
				</IndexedFaceSet>
			</Shape>
			<Shape DEF='_IDX_953'>
				<Appearance USE='Material_144_IDX_144'/>
				<IndexedFaceSet solid="false" coordIndex='0 1 2 3 -1'>
					<Coordinate point='5.785492 1.404692 -0.815623 5.887764 0.953938 -0.634442 5.756354 0.779934 -0.913863 5.703844 1.233949 -1.174839'/>
				</IndexedFaceSet>
			</Shape>
			<Shape DEF='_IDX_954'>
				<Appearance USE='Material_143_IDX_143'/>
				<IndexedFaceSet solid="false" coordIndex='0 1 2 3 -1'>
					<Coordinate point='5.890302 1.526276 -0.509583 6.031352 1.073371 -0.396385 5.887764 0.953938 -0.634442 5.785492 1.404692 -0.815623'/>
				</IndexedFaceSet>
			</Shape>
			<Shape DEF='_IDX_955'>
				<Appearance USE='Material_142_IDX_142'/>
				<IndexedFaceSet solid="false" coordIndex='0 1 2 3 -1'>
					<Coordinate point='6.008774 1.617271 -0.241062 6.181625 1.160176 -0.187513 6.031352 1.073371 -0.396385 5.890302 1.526276 -0.509583'/>
				</IndexedFaceSet>
			</Shape>
			<Shape DEF='_IDX_956'>
				<Appearance USE='Material_141_IDX_141'/>
				<IndexedFaceSet solid="false" coordIndex='0 1 2 3 -1'>
					<Coordinate point='6.135892 1.688457 -0.000000 6.336061 1.226415 -0.000000 6.181625 1.160176 -0.187513 6.008774 1.617271 -0.241062'/>
				</IndexedFaceSet>
			</Shape>
			<Shape DEF='_IDX_957'>
				<Appearance USE='Material_226_IDX_226'/>
				<IndexedFaceSet solid="false" coordIndex='0 1 2 3 -1'>
					<Coordinate point='6.399000 -1.940117 -3.131191 5.985097 -2.726857 -2.141860 6.683511 -3.723827 -2.553904 7.018302 -2.799576 -3.733557'/>
				</IndexedFaceSet>
			</Shape>
			<Shape DEF='_IDX_958'>
				<Appearance USE='Material_225_IDX_225'/>
				<IndexedFaceSet solid="false" coordIndex='0 1 2 3 -1'>
					<Coordinate point='6.008286 -1.263696 -2.667402 5.562728 -1.901057 -1.824610 5.985097 -2.726857 -2.141860 6.399000 -1.940117 -3.131191'/>
				</IndexedFaceSet>
			</Shape>
			<Shape DEF='_IDX_959'>
				<Appearance USE='Material_224_IDX_224'/>
				<IndexedFaceSet solid="false" coordIndex='0 1 2 3 -1'>
					<Coordinate point='5.780493 -0.729560 -2.296504 5.364120 -1.228835 -1.570902 5.562728 -1.901057 -1.824610 6.008286 -1.263696 -2.667402'/>
				</IndexedFaceSet>
			</Shape>
			<Shape DEF='_IDX_960'>
				<Appearance USE='Material_223_IDX_223'/>
				<IndexedFaceSet solid="false" coordIndex='0 1 2 3 -1'>
					<Coordinate point='5.780493 -0.729560 -2.296504 5.364120 -1.228835 -1.570902 5.364120 -1.228835 -1.570902 5.780493 -0.729560 -2.296504'/>
				</IndexedFaceSet>
			</Shape>
			<Shape DEF='_IDX_961'>
				<Appearance USE='Material_136_IDX_136'/>
				<IndexedFaceSet solid="false" coordIndex='0 1 2 3 -1'>
					<Coordinate point='5.614967 0.057589 -1.692442 5.371679 -0.288075 -1.157699 5.364120 -1.228835 -1.570902 5.780493 -0.729560 -2.296504'/>
				</IndexedFaceSet>
			</Shape>
			<Shape DEF='_IDX_962'>
				<Appearance USE='Material_222_IDX_222'/>
				<IndexedFaceSet solid="false" coordIndex='0 1 2 3 -1'>
					<Coordinate point='5.651279 0.509131 -1.254695 5.552304 0.176669 -0.858262 5.371679 -0.288075 -1.157699 5.614967 0.057589 -1.692442'/>
				</IndexedFaceSet>
			</Shape>
			<Shape DEF='_IDX_963'>
				<Appearance USE='Material_221_IDX_221'/>
				<IndexedFaceSet solid="false" coordIndex='0 1 2 3 -1'>
					<Coordinate point='5.756354 0.779934 -0.913863 5.745485 0.425573 -0.625119 5.552304 0.176669 -0.858262 5.651279 0.509131 -1.254695'/>
				</IndexedFaceSet>
			</Shape>
			<Shape DEF='_IDX_964'>
				<Appearance USE='Material_220_IDX_220'/>
				<IndexedFaceSet solid="false" coordIndex='0 1 2 3 -1'>
					<Coordinate point='5.887764 0.953938 -0.634442 5.932706 0.575070 -0.433984 5.745485 0.425573 -0.625119 5.756354 0.779934 -0.913863'/>
				</IndexedFaceSet>
			</Shape>
			<Shape DEF='_IDX_965'>
				<Appearance USE='Material_132_IDX_132'/>
				<IndexedFaceSet solid="false" coordIndex='0 1 2 3 -1'>
					<Coordinate point='6.031352 1.073371 -0.396385 6.115017 0.673445 -0.271143 5.932706 0.575070 -0.433984 5.887764 0.953938 -0.634442'/>
				</IndexedFaceSet>
			</Shape>
			<Shape DEF='_IDX_966'>
				<Appearance USE='Material_131_IDX_131'/>
				<IndexedFaceSet solid="false" coordIndex='0 1 2 3 -1'>
					<Coordinate point='6.181625 1.160176 -0.187513 6.294568 0.742896 -0.128266 6.115017 0.673445 -0.271143 6.031352 1.073371 -0.396385'/>
				</IndexedFaceSet>
			</Shape>
			<Shape DEF='_IDX_967'>
				<Appearance USE='Material_130_IDX_130'/>
				<IndexedFaceSet solid="false" coordIndex='0 1 2 3 -1'>
					<Coordinate point='6.336061 1.226415 -0.000000 6.472743 0.794739 -0.000000 6.294568 0.742896 -0.128266 6.181625 1.160176 -0.187513'/>
				</IndexedFaceSet>
			</Shape>
			<Shape DEF='_IDX_968'>
				<Appearance USE='Material_129_IDX_129'/>
				<IndexedFaceSet solid="false" coordIndex='0 1 2 3 -1'>
					<Coordinate point='5.985097 -2.726857 -2.141860 5.274914 -3.467321 -1.087451 6.119602 -4.569270 -1.296651 6.683511 -3.723827 -2.553904'/>
				</IndexedFaceSet>
			</Shape>
			<Shape DEF='_IDX_969'>
				<Appearance USE='Material_230_IDX_230'/>
				<IndexedFaceSet solid="false" coordIndex='0 1 2 3 -1'>
					<Coordinate point='5.562728 -1.901057 -1.824610 4.723884 -2.438344 -0.926379 5.274914 -3.467321 -1.087451 5.985097 -2.726857 -2.141860'/>
				</IndexedFaceSet>
			</Shape>
			<Shape DEF='_IDX_970'>
				<Appearance USE='Material_229_IDX_229'/>
				<IndexedFaceSet solid="false" coordIndex='0 1 2 3 -1'>
					<Coordinate point='5.364120 -1.228835 -1.570902 4.555895 -1.473808 -0.797568 4.723884 -2.438344 -0.926379 5.562728 -1.901057 -1.824610'/>
				</IndexedFaceSet>
			</Shape>
			<Shape DEF='_IDX_971'>
				<Appearance USE='Material_228_IDX_228'/>
				<IndexedFaceSet solid="false" coordIndex='0 1 2 3 -1'>
					<Coordinate point='5.364120 -1.228835 -1.570902 4.555895 -1.473808 -0.797568 4.555895 -1.473808 -0.797568 5.364120 -1.228835 -1.570902'/>
				</IndexedFaceSet>
			</Shape>
			<Shape DEF='_IDX_972'>
				<Appearance USE='Material_125_IDX_125'/>
				<IndexedFaceSet solid="false" coordIndex='0 1 2 3 -1'>
					<Coordinate point='5.371679 -0.288075 -1.157699 5.012757 -0.344958 -0.587779 4.555895 -1.473808 -0.797568 5.364120 -1.228835 -1.570902'/>
				</IndexedFaceSet>
			</Shape>
			<Shape DEF='_IDX_973'>
				<Appearance USE='Material_227_IDX_227'/>
				<IndexedFaceSet solid="false" coordIndex='0 1 2 3 -1'>
					<Coordinate point='5.552304 0.176669 -0.858262 5.417034 0.015154 -0.435751 5.012757 -0.344958 -0.587779 5.371679 -0.288075 -1.157699'/>
				</IndexedFaceSet>
			</Shape>
			<Shape DEF='_IDX_974'>
				<Appearance USE='Material_123_IDX_123'/>
				<IndexedFaceSet solid="false" coordIndex='0 1 2 3 -1'>
					<Coordinate point='5.745485 0.425573 -0.625119 5.705267 0.175755 -0.317381 5.417034 0.015154 -0.435751 5.552304 0.176669 -0.858262'/>
				</IndexedFaceSet>
			</Shape>
			<Shape DEF='_IDX_975'>
				<Appearance USE='Material_122_IDX_122'/>
				<IndexedFaceSet solid="false" coordIndex='0 1 2 3 -1'>
					<Coordinate point='5.932706 0.575070 -0.433984 5.942122 0.265180 -0.220340 5.705267 0.175755 -0.317381 5.745485 0.425573 -0.625119'/>
				</IndexedFaceSet>
			</Shape>
			<Shape DEF='_IDX_976'>
				<Appearance USE='Material_121_IDX_121'/>
				<IndexedFaceSet solid="false" coordIndex='0 1 2 3 -1'>
					<Coordinate point='6.115017 0.673445 -0.271143 6.155151 0.321789 -0.137663 5.942122 0.265180 -0.220340 5.932706 0.575070 -0.433984'/>
				</IndexedFaceSet>
			</Shape>
			<Shape DEF='_IDX_977'>
				<Appearance USE='Material_120_IDX_120'/>
				<IndexedFaceSet solid="false" coordIndex='0 1 2 3 -1'>
					<Coordinate point='6.294568 0.742896 -0.128266 6.356274 0.360827 -0.065122 6.155151 0.321789 -0.137663 6.115017 0.673445 -0.271143'/>
				</IndexedFaceSet>
			</Shape>
			<Shape DEF='_IDX_978'>
				<Appearance USE='Material_119_IDX_119'/>
				<IndexedFaceSet solid="false" coordIndex='0 1 2 3 -1'>
					<Coordinate point='6.472743 0.794739 -0.000000 6.551083 0.389498 -0.000000 6.356274 0.360827 -0.065122 6.294568 0.742896 -0.128266'/>
				</IndexedFaceSet>
			</Shape>
			<Shape DEF='_IDX_979'>
				<Appearance USE='Material_118_IDX_118'/>
				<IndexedFaceSet solid="false" coordIndex='0 1 2 3 -1'>
					<Coordinate point='5.274914 -3.467321 -1.087451 4.327285 -4.327443 0.000000 5.379073 -5.379230 -0.000000 6.119602 -4.569270 -1.296651'/>
				</IndexedFaceSet>
			</Shape>
			<Shape DEF='_IDX_980'>
				<Appearance USE='Material_117_IDX_117'/>
				<IndexedFaceSet solid="false" coordIndex='0 1 2 3 -1'>
					<Coordinate point='4.723884 -2.438344 -0.926379 3.310390 -3.310548 0.000000 4.327285 -4.327443 0.000000 5.274914 -3.467321 -1.087451'/>
				</IndexedFaceSet>
			</Shape>
			<Shape DEF='_IDX_981'>
				<Appearance USE='Material_116_IDX_116'/>
				<IndexedFaceSet solid="false" coordIndex='0 1 2 3 -1'>
					<Coordinate point='4.555895 -1.473808 -0.797568 0.000747 -0.000456 -0.000000 3.310390 -3.310548 0.000000 4.723884 -2.438344 -0.926379'/>
				</IndexedFaceSet>
			</Shape>
			<Shape DEF='_IDX_982'>
				<Appearance USE='Material_115_IDX_115'/>
				<IndexedFaceSet solid="false" coordIndex='0 1 2 3 -1'>
					<Coordinate point='4.555895 -1.473808 -0.797568 0.001706 -0.000179 -0.000000 0.000747 -0.000456 -0.000000 4.555895 -1.473808 -0.797568'/>
				</IndexedFaceSet>
			</Shape>
			<Shape DEF='_IDX_983'>
				<Appearance USE='Material_114_IDX_114'/>
				<IndexedFaceSet solid="false" coordIndex='0 1 2 3 -1'>
					<Coordinate point='5.012757 -0.344958 -0.587779 4.779771 -0.000157 -0.000000 0.001706 -0.000179 -0.000000 4.555895 -1.473808 -0.797568'/>
				</IndexedFaceSet>
			</Shape>
			<Shape DEF='_IDX_984'>
				<Appearance USE='Material_113_IDX_113'/>
				<IndexedFaceSet solid="false" coordIndex='0 1 2 3 -1'>
					<Coordinate point='5.417034 0.015154 -0.435751 5.348300 -0.000157 0.000000 4.779771 -0.000157 -0.000000 5.012757 -0.344958 -0.587779'/>
				</IndexedFaceSet>
			</Shape>
			<Shape DEF='_IDX_985'>
				<Appearance USE='Material_112_IDX_112'/>
				<IndexedFaceSet solid="false" coordIndex='0 1 2 3 -1'>
					<Coordinate point='5.705267 0.175755 -0.317381 5.683394 -0.000157 0.000000 5.348300 -0.000157 0.000000 5.417034 0.015154 -0.435751'/>
				</IndexedFaceSet>
			</Shape>
			<Shape DEF='_IDX_986'>
				<Appearance USE='Material_111_IDX_111'/>
				<IndexedFaceSet solid="false" coordIndex='0 1 2 3 -1'>
					<Coordinate point='5.942122 0.265180 -0.220340 5.941283 -0.000157 -0.000000 5.683394 -0.000157 0.000000 5.705267 0.175755 -0.317381'/>
				</IndexedFaceSet>
			</Shape>
			<Shape DEF='_IDX_987'>
				<Appearance USE='Material_110_IDX_110'/>
				<IndexedFaceSet solid="false" coordIndex='0 1 2 3 -1'>
					<Coordinate point='6.155151 0.321789 -0.137663 6.166367 -0.000157 -0.000000 5.941283 -0.000157 -0.000000 5.942122 0.265180 -0.220340'/>
				</IndexedFaceSet>
			</Shape>
			<Shape DEF='_IDX_988'>
				<Appearance USE='Material_109_IDX_109'/>
				<IndexedFaceSet solid="false" coordIndex='0 1 2 3 -1'>
					<Coordinate point='6.356274 0.360827 -0.065122 6.375573 -0.000157 0.000000 6.166367 -0.000157 -0.000000 6.155151 0.321789 -0.137663'/>
				</IndexedFaceSet>
			</Shape>
			<Shape DEF='_IDX_989'>
				<Appearance USE='Material_108_IDX_108'/>
				<IndexedFaceSet solid="false" coordIndex='0 1 2 3 -1'>
					<Coordinate point='6.551083 0.389498 -0.000000 6.576431 -0.000157 0.000000 6.375573 -0.000157 0.000000 6.356274 0.360827 -0.065122'/>
				</IndexedFaceSet>
			</Shape>
			<Shape DEF='_IDX_990'>
				<Appearance USE='Material_11_IDX_11'/>
				<IndexedFaceSet solid="false" coordIndex='0 1 2 3 -1'>
					<Coordinate point='-6.791561 0.000000 0.000000 -6.760879 -0.413682 0.065122 -6.550925 -0.389656 0.000000 -6.576274 0.000000 0.000000'/>
				</IndexedFaceSet>
			</Shape>
			<Shape DEF='_IDX_991'>
				<Appearance USE='Material_10_IDX_10'/>
				<IndexedFaceSet solid="false" coordIndex='0 1 2 3 -1'>
					<Coordinate point='-7.049608 0.000000 0.000000 -7.013496 -0.436249 0.137663 -6.760879 -0.413682 0.065122 -6.791561 0.000000 0.000000'/>
				</IndexedFaceSet>
			</Shape>
			<Shape DEF='_IDX_992'>
				<Appearance USE='Material_9_IDX_9'/>
				<IndexedFaceSet solid="false" coordIndex='0 1 2 3 -1'>
					<Coordinate point='-7.367372 -0.000000 0.000000 -7.325428 -0.457935 0.220340 -7.013496 -0.436249 0.137663 -7.049608 0.000000 0.000000'/>
				</IndexedFaceSet>
			</Shape>
			<Shape DEF='_IDX_993'>
				<Appearance USE='Material_8_IDX_8'/>
				<IndexedFaceSet solid="false" coordIndex='0 1 2 3 -1'>
					<Coordinate point='-7.770863 -0.000000 -0.000000 -7.722270 -0.479455 0.317381 -7.325428 -0.457935 0.220340 -7.367372 -0.000000 0.000000'/>
				</IndexedFaceSet>
			</Shape>
			<Shape DEF='_IDX_994'>
				<Appearance USE='Material_7_IDX_7'/>
				<IndexedFaceSet solid="false" coordIndex='0 1 2 3 -1'>
					<Coordinate point='-8.302370 0.000000 -0.000000 -8.245685 -0.501737 0.435751 -7.722270 -0.479455 0.317381 -7.770863 -0.000000 -0.000000'/>
				</IndexedFaceSet>
			</Shape>
			<Shape DEF='_IDX_995'>
				<Appearance USE='Material_6_IDX_6'/>
				<IndexedFaceSet solid="false" coordIndex='0 1 2 3 -1'>
					<Coordinate point='-9.035929 -0.000000 0.000000 -8.968643 -0.526039 0.587779 -8.245685 -0.501737 0.435751 -8.302370 0.000000 -0.000000'/>
				</IndexedFaceSet>
			</Shape>
			<Shape DEF='_IDX_996'>
				<Appearance USE='Material_5_IDX_5'/>
				<IndexedFaceSet solid="false" coordIndex='0 1 2 3 -1'>
					<Coordinate point='-10.114641 0.000000 0.000000 -10.032214 -0.553989 0.797568 -8.968643 -0.526039 0.587779 -9.035929 -0.000000 0.000000'/>
				</IndexedFaceSet>
			</Shape>
			<Shape DEF='_IDX_997'>
				<Appearance USE='Material_4_IDX_4'/>
				<IndexedFaceSet solid="false" coordIndex='0 1 2 3 -1'>
					<Coordinate point='-10.114641 0.000000 0.000000 -10.032214 -0.553989 0.797568 -10.032214 -0.553989 0.797568 -10.114641 0.000000 0.000000'/>
				</IndexedFaceSet>
			</Shape>
			<Shape DEF='_IDX_998'>
				<Appearance USE='Material_3_IDX_3'/>
				<IndexedFaceSet solid="false" coordIndex='0 1 2 3 -1'>
					<Coordinate point='-10.802656 -0.000000 -0.000000 -10.710655 -0.568533 0.926379 -10.032214 -0.553989 0.797568 -10.114641 0.000000 0.000000'/>
				</IndexedFaceSet>
			</Shape>
			<Shape DEF='_IDX_999'>
				<Appearance USE='Material_2_IDX_2'/>
				<IndexedFaceSet solid="false" coordIndex='0 1 2 3 -1'>
					<Coordinate point='-11.681051 -0.000000 -0.000000 -11.576830 -0.584173 1.087451 -10.710655 -0.568533 0.926379 -10.802656 -0.000000 -0.000000'/>
				</IndexedFaceSet>
			</Shape>
			<Shape DEF='_IDX_1000'>
				<Appearance USE='Material_1_IDX_1'/>
				<IndexedFaceSet solid="false" coordIndex='0 1 2 3 -1'>
					<Coordinate point='-12.841846 0.000000 0.000000 -12.721413 -0.600444 1.296651 -11.576830 -0.584173 1.087451 -11.681051 -0.000000 -0.000000'/>
				</IndexedFaceSet>
			</Shape>
			<Shape DEF='_IDX_1001'>
				<Appearance USE='Material_22_IDX_22'/>
				<IndexedFaceSet solid="false" coordIndex='0 1 2 3 -1'>
					<Coordinate point='-6.760879 -0.413682 0.065122 -6.667556 -0.838906 0.128266 -6.472585 -0.794896 0.000000 -6.550925 -0.389656 0.000000'/>
				</IndexedFaceSet>
			</Shape>
			<Shape DEF='_IDX_1002'>
				<Appearance USE='Material_21_IDX_21'/>
				<IndexedFaceSet solid="false" coordIndex='0 1 2 3 -1'>
					<Coordinate point='-7.013496 -0.436249 0.137663 -6.904666 -0.880744 0.271143 -6.667556 -0.838906 0.128266 -6.760879 -0.413682 0.065122'/>
				</IndexedFaceSet>
			</Shape>
			<Shape DEF='_IDX_1003'>
				<Appearance USE='Material_20_IDX_20'/>
				<IndexedFaceSet solid="false" coordIndex='0 1 2 3 -1'>
					<Coordinate point='-7.325428 -0.457935 0.220340 -7.199724 -0.921457 0.433984 -6.904666 -0.880744 0.271143 -7.013496 -0.436249 0.137663'/>
				</IndexedFaceSet>
			</Shape>
			<Shape DEF='_IDX_1004'>
				<Appearance USE='Material_19_IDX_19'/>
				<IndexedFaceSet solid="false" coordIndex='0 1 2 3 -1'>
					<Coordinate point='-7.722270 -0.479455 0.317381 -7.577143 -0.962402 0.625119 -7.199724 -0.921457 0.433984 -7.325428 -0.457935 0.220340'/>
				</IndexedFaceSet>
			</Shape>
			<Shape DEF='_IDX_1005'>
				<Appearance USE='Material_18_IDX_18'/>
				<IndexedFaceSet solid="false" coordIndex='0 1 2 3 -1'>
					<Coordinate point='-8.245685 -0.501737 0.435751 -8.076756 -1.005425 0.858262 -7.577143 -0.962402 0.625119 -7.722270 -0.479455 0.317381'/>
				</IndexedFaceSet>
			</Shape>
			<Shape DEF='_IDX_1006'>
				<Appearance USE='Material_17_IDX_17'/>
				<IndexedFaceSet solid="false" coordIndex='0 1 2 3 -1'>
					<Coordinate point='-8.968643 -0.526039 0.587779 -8.768405 -1.053111 1.157699 -8.076756 -1.005425 0.858262 -8.245685 -0.501737 0.435751'/>
				</IndexedFaceSet>
			</Shape>
			<Shape DEF='_IDX_1007'>
				<Appearance USE='Material_16_IDX_16'/>
				<IndexedFaceSet solid="false" coordIndex='0 1 2 3 -1'>
					<Coordinate point='-10.032214 -0.553989 0.797568 -9.787140 -1.108962 1.570902 -8.768405 -1.053111 1.157699 -8.968643 -0.526039 0.587779'/>
				</IndexedFaceSet>
			</Shape>
			<Shape DEF='_IDX_1008'>
				<Appearance USE='Material_15_IDX_15'/>
				<IndexedFaceSet solid="false" coordIndex='0 1 2 3 -1'>
					<Coordinate point='-10.032214 -0.553989 0.797568 -9.787140 -1.108962 1.570902 -9.787140 -1.108962 1.570902 -10.032214 -0.553989 0.797568'/>
				</IndexedFaceSet>
			</Shape>
			<Shape DEF='_IDX_1009'>
				<Appearance USE='Material_14_IDX_14'/>
				<IndexedFaceSet solid="false" coordIndex='0 1 2 3 -1'>
					<Coordinate point='-10.710655 -0.568533 0.926379 -10.437204 -1.138483 1.824610 -9.787140 -1.108962 1.570902 -10.032214 -0.553989 0.797568'/>
				</IndexedFaceSet>
			</Shape>
			<Shape DEF='_IDX_1010'>
				<Appearance USE='Material_13_IDX_13'/>
				<IndexedFaceSet solid="false" coordIndex='0 1 2 3 -1'>
					<Coordinate point='-11.576830 -0.584173 1.087451 -11.267145 -1.170649 2.141860 -10.437204 -1.138483 1.824610 -10.710655 -0.568533 0.926379'/>
				</IndexedFaceSet>
			</Shape>
			<Shape DEF='_IDX_1011'>
				<Appearance USE='Material_12_IDX_12'/>
				<IndexedFaceSet solid="false" coordIndex='0 1 2 3 -1'>
					<Coordinate point='-12.721413 -0.600444 1.296651 -12.363655 -1.204782 2.553904 -11.267145 -1.170649 2.141860 -11.576830 -0.584173 1.087451'/>
				</IndexedFaceSet>
			</Shape>
			<Shape DEF='_IDX_1012'>
				<Appearance USE='Material_33_IDX_33'/>
				<IndexedFaceSet solid="false" coordIndex='0 1 2 3 -1'>
					<Coordinate point='-6.667556 -0.838906 0.128266 -6.508702 -1.283871 0.187513 -6.335903 -1.226572 0.000000 -6.472585 -0.794896 0.000000'/>
				</IndexedFaceSet>
			</Shape>
			<Shape DEF='_IDX_1013'>
				<Appearance USE='Material_32_IDX_32'/>
				<IndexedFaceSet solid="false" coordIndex='0 1 2 3 -1'>
					<Coordinate point='-6.904666 -0.880744 0.271143 -6.722198 -1.339366 0.396385 -6.508702 -1.283871 0.187513 -6.667556 -0.838906 0.128266'/>
				</IndexedFaceSet>
			</Shape>
			<Shape DEF='_IDX_1014'>
				<Appearance USE='Material_31_IDX_31'/>
				<IndexedFaceSet solid="false" coordIndex='0 1 2 3 -1'>
					<Coordinate point='-7.199724 -0.921457 0.433984 -6.990969 -1.394461 0.634442 -6.722198 -1.339366 0.396385 -6.904666 -0.880744 0.271143'/>
				</IndexedFaceSet>
			</Shape>
			<Shape DEF='_IDX_1015'>
				<Appearance USE='Material_30_IDX_30'/>
				<IndexedFaceSet solid="false" coordIndex='0 1 2 3 -1'>
					<Coordinate point='-7.577143 -0.962402 0.625119 -7.337605 -1.451103 0.913863 -6.990969 -1.394461 0.634442 -7.199724 -0.921457 0.433984'/>
				</IndexedFaceSet>
			</Shape>
			<Shape DEF='_IDX_1016'>
				<Appearance USE='Material_29_IDX_29'/>
				<IndexedFaceSet solid="false" coordIndex='0 1 2 3 -1'>
					<Coordinate point='-8.076756 -1.005425 0.858262 -7.799040 -1.512084 1.254695 -7.337605 -1.451103 0.913863 -7.577143 -0.962402 0.625119'/>
				</IndexedFaceSet>
			</Shape>
			<Shape DEF='_IDX_1017'>
				<Appearance USE='Material_28_IDX_28'/>
				<IndexedFaceSet solid="false" coordIndex='0 1 2 3 -1'>
					<Coordinate point='-8.768405 -1.053111 1.157699 -8.440075 -1.581486 1.692442 -7.799040 -1.512084 1.254695 -8.076756 -1.005425 0.858262'/>
				</IndexedFaceSet>
			</Shape>
			<Shape DEF='_IDX_1018'>
				<Appearance USE='Material_27_IDX_27'/>
				<IndexedFaceSet solid="false" coordIndex='0 1 2 3 -1'>
					<Coordinate point='-9.787140 -1.108962 1.570902 -9.385996 -1.665190 2.296504 -8.440075 -1.581486 1.692442 -8.768405 -1.053111 1.157699'/>
				</IndexedFaceSet>
			</Shape>
			<Shape DEF='_IDX_1019'>
				<Appearance USE='Material_26_IDX_26'/>
				<IndexedFaceSet solid="false" coordIndex='0 1 2 3 -1'>
					<Coordinate point='-9.787140 -1.108962 1.570902 -9.385996 -1.665190 2.296504 -9.385996 -1.665190 2.296504 -9.787140 -1.108962 1.570902'/>
				</IndexedFaceSet>
			</Shape>
			<Shape DEF='_IDX_1020'>
				<Appearance USE='Material_25_IDX_25'/>
				<IndexedFaceSet solid="false" coordIndex='0 1 2 3 -1'>
					<Coordinate point='-10.437204 -1.138483 1.824610 -9.989891 -1.710529 2.667402 -9.385996 -1.665190 2.296504 -9.787140 -1.108962 1.570902'/>
				</IndexedFaceSet>
			</Shape>
			<Shape DEF='_IDX_1021'>
				<Appearance USE='Material_24_IDX_24'/>
				<IndexedFaceSet solid="false" coordIndex='0 1 2 3 -1'>
					<Coordinate point='-11.267145 -1.170649 2.141860 -10.760845 -1.760941 3.131191 -9.989891 -1.710529 2.667402 -10.437204 -1.138483 1.824610'/>
				</IndexedFaceSet>
			</Shape>
			<Shape DEF='_IDX_1022'>
				<Appearance USE='Material_23_IDX_23'/>
				<IndexedFaceSet solid="false" coordIndex='0 1 2 3 -1'>
					<Coordinate point='-12.363655 -1.204782 2.553904 -11.779077 -1.816008 3.733557 -10.760845 -1.760941 3.131191 -11.267145 -1.170649 2.141860'/>
				</IndexedFaceSet>
			</Shape>
			<Shape DEF='_IDX_1023'>
				<Appearance USE='Material_44_IDX_44'/>
				<IndexedFaceSet solid="false" coordIndex='0 1 2 3 -1'>
					<Coordinate point='-6.508702 -1.283871 0.187513 -6.281902 -1.751635 0.241062 -6.135735 -1.688615 0.000000 -6.335903 -1.226572 0.000000'/>
				</IndexedFaceSet>
			</Shape>
			<Shape DEF='_IDX_1024'>
				<Appearance USE='Material_43_IDX_43'/>
				<IndexedFaceSet solid="false" coordIndex='0 1 2 3 -1'>
					<Coordinate point='-6.722198 -1.339366 0.396385 -6.466043 -1.814182 0.509583 -6.281902 -1.751635 0.241062 -6.508702 -1.283871 0.187513'/>
				</IndexedFaceSet>
			</Shape>
			<Shape DEF='_IDX_1025'>
				<Appearance USE='Material_42_IDX_42'/>
				<IndexedFaceSet solid="false" coordIndex='0 1 2 3 -1'>
					<Coordinate point='-6.990969 -1.394461 0.634442 -6.701216 -1.878007 0.815623 -6.466043 -1.814182 0.509583 -6.722198 -1.339366 0.396385'/>
				</IndexedFaceSet>
			</Shape>
			<Shape DEF='_IDX_1026'>
				<Appearance USE='Material_41_IDX_41'/>
				<IndexedFaceSet solid="false" coordIndex='0 1 2 3 -1'>
					<Coordinate point='-7.337605 -1.451103 0.913863 -7.007665 -1.945680 1.174839 -6.701216 -1.878007 0.815623 -6.990969 -1.394461 0.634442'/>
				</IndexedFaceSet>
			</Shape>
			<Shape DEF='_IDX_1027'>
				<Appearance USE='Material_40_IDX_40'/>
				<IndexedFaceSet solid="false" coordIndex='0 1 2 3 -1'>
					<Coordinate point='-7.799040 -1.512084 1.254695 -7.418491 -2.021052 1.613005 -7.007665 -1.945680 1.174839 -7.337605 -1.451103 0.913863'/>
				</IndexedFaceSet>
			</Shape>
			<Shape DEF='_IDX_1028'>
				<Appearance USE='Material_39_IDX_39'/>
				<IndexedFaceSet solid="false" coordIndex='0 1 2 3 -1'>
					<Coordinate point='-8.440075 -1.581486 1.692442 -7.991750 -2.110016 2.175761 -7.418491 -2.021052 1.613005 -7.799040 -1.512084 1.254695'/>
				</IndexedFaceSet>
			</Shape>
			<Shape DEF='_IDX_1029'>
				<Appearance USE='Material_38_IDX_38'/>
				<IndexedFaceSet solid="false" coordIndex='0 1 2 3 -1'>
					<Coordinate point='-9.385996 -1.665190 2.296504 -8.839577 -2.221589 2.952329 -7.991750 -2.110016 2.175761 -8.440075 -1.581486 1.692442'/>
				</IndexedFaceSet>
			</Shape>
			<Shape DEF='_IDX_1030'>
				<Appearance USE='Material_37_IDX_37'/>
				<IndexedFaceSet solid="false" coordIndex='0 1 2 3 -1'>
					<Coordinate point='-9.385996 -1.665190 2.296504 -8.839577 -2.221589 2.952329 -8.839577 -2.221589 2.952329 -9.385996 -1.665190 2.296504'/>
				</IndexedFaceSet>
			</Shape>
			<Shape DEF='_IDX_1031'>
				<Appearance USE='Material_36_IDX_36'/>
				<IndexedFaceSet solid="false" coordIndex='0 1 2 3 -1'>
					<Coordinate point='-9.989891 -1.710529 2.667402 -9.381126 -2.283946 3.429146 -8.839577 -2.221589 2.952329 -9.385996 -1.665190 2.296504'/>
				</IndexedFaceSet>
			</Shape>
			<Shape DEF='_IDX_1032'>
				<Appearance USE='Material_35_IDX_35'/>
				<IndexedFaceSet solid="false" coordIndex='0 1 2 3 -1'>
					<Coordinate point='-10.760845 -1.760941 3.131191 -10.072365 -2.355032 4.025381 -9.381126 -2.283946 3.429146 -9.989891 -1.710529 2.667402'/>
				</IndexedFaceSet>
			</Shape>
			<Shape DEF='_IDX_1033'>
				<Appearance USE='Material_34_IDX_34'/>
				<IndexedFaceSet solid="false" coordIndex='0 1 2 3 -1'>
					<Coordinate point='-11.779077 -1.816008 3.733557 -10.984776 -2.435381 4.799768 -10.072365 -2.355032 4.025381 -10.760845 -1.760941 3.131191'/>
				</IndexedFaceSet>
			</Shape>
			<Shape DEF='_IDX_1034'>
				<Appearance USE='Material_55_IDX_55'/>
				<IndexedFaceSet solid="false" coordIndex='0 1 2 3 -1'>
					<Coordinate point='-6.281902 -1.751635 0.241062 -5.987092 -2.240102 0.287286 -5.869804 -2.178530 0.000000 -6.135735 -1.688615 0.000000'/>
				</IndexedFaceSet>
			</Shape>
			<Shape DEF='_IDX_1035'>
				<Appearance USE='Material_54_IDX_54'/>
				<IndexedFaceSet solid="false" coordIndex='0 1 2 3 -1'>
					<Coordinate point='-6.466043 -1.814182 0.509583 -6.138278 -2.303171 0.607297 -5.987092 -2.240102 0.287286 -6.281902 -1.751635 0.241062'/>
				</IndexedFaceSet>
			</Shape>
			<Shape DEF='_IDX_1036'>
				<Appearance USE='Material_53_IDX_53'/>
				<IndexedFaceSet solid="false" coordIndex='0 1 2 3 -1'>
					<Coordinate point='-6.701216 -1.878007 0.815623 -6.334644 -2.369922 0.972022 -6.138278 -2.303171 0.607297 -6.466043 -1.814182 0.509583'/>
				</IndexedFaceSet>
			</Shape>
			<Shape DEF='_IDX_1037'>
				<Appearance USE='Material_52_IDX_52'/>
				<IndexedFaceSet solid="false" coordIndex='0 1 2 3 -1'>
					<Coordinate point='-7.007665 -1.945680 1.174839 -6.593634 -2.443666 1.400119 -6.334644 -2.369922 0.972022 -6.701216 -1.878007 0.815623'/>
				</IndexedFaceSet>
			</Shape>
			<Shape DEF='_IDX_1038'>
				<Appearance USE='Material_51_IDX_51'/>
				<IndexedFaceSet solid="false" coordIndex='0 1 2 3 -1'>
					<Coordinate point='-7.418491 -2.021052 1.613005 -6.943709 -2.529535 1.922304 -6.593634 -2.443666 1.400119 -7.007665 -1.945680 1.174839'/>
				</IndexedFaceSet>
			</Shape>
			<Shape DEF='_IDX_1039'>
				<Appearance USE='Material_239_IDX_239'/>
				<IndexedFaceSet solid="false" coordIndex='0 1 2 3 -1'>
					<Coordinate point='-7.991750 -2.110016 2.175761 -7.434696 -2.635664 2.592972 -6.943709 -2.529535 1.922304 -7.418491 -2.021052 1.613005'/>
				</IndexedFaceSet>
			</Shape>
			<Shape DEF='_IDX_1040'>
				<Appearance USE='Material_49_IDX_49'/>
				<IndexedFaceSet solid="false" coordIndex='0 1 2 3 -1'>
					<Coordinate point='-8.839577 -2.221589 2.952329 -8.162635 -2.775196 3.518449 -7.434696 -2.635664 2.592972 -7.991750 -2.110016 2.175761'/>
				</IndexedFaceSet>
			</Shape>
			<Shape DEF='_IDX_1041'>
				<Appearance USE='Material_48_IDX_48'/>
				<IndexedFaceSet solid="false" coordIndex='0 1 2 3 -1'>
					<Coordinate point='-8.839577 -2.221589 2.952329 -8.162635 -2.775196 3.518449 -8.162635 -2.775196 3.518449 -8.839577 -2.221589 2.952329'/>
				</IndexedFaceSet>
			</Shape>
			<Shape DEF='_IDX_1042'>
				<Appearance USE='Material_47_IDX_47'/>
				<IndexedFaceSet solid="false" coordIndex='0 1 2 3 -1'>
					<Coordinate point='-9.381126 -2.283946 3.429146 -8.627785 -2.856035 4.086697 -8.162635 -2.775196 3.518449 -8.839577 -2.221589 2.952329'/>
				</IndexedFaceSet>
			</Shape>
			<Shape DEF='_IDX_1043'>
				<Appearance USE='Material_46_IDX_46'/>
				<IndexedFaceSet solid="false" coordIndex='0 1 2 3 -1'>
					<Coordinate point='-10.072365 -2.355032 4.025381 -9.221252 -2.950752 4.797262 -8.627785 -2.856035 4.086697 -9.381126 -2.283946 3.429146'/>
				</IndexedFaceSet>
			</Shape>
			<Shape DEF='_IDX_1044'>
				<Appearance USE='Material_45_IDX_45'/>
				<IndexedFaceSet solid="false" coordIndex='0 1 2 3 -1'>
					<Coordinate point='-10.984776 -2.435381 4.799768 -10.003846 -3.061687 5.720141 -9.221252 -2.950752 4.797262 -10.072365 -2.355032 4.025381'/>
				</IndexedFaceSet>
			</Shape>
			<Shape DEF='_IDX_1045'>
				<Appearance USE='Material_66_IDX_66'/>
				<IndexedFaceSet solid="false" coordIndex='0 1 2 3 -1'>
					<Coordinate point='-5.987092 -2.240102 0.287286 -5.627481 -2.743028 0.324781 -5.539789 -2.689105 0.000000 -5.869804 -2.178530 0.000000'/>
				</IndexedFaceSet>
			</Shape>
			<Shape DEF='_IDX_1046'>
				<Appearance USE='Material_65_IDX_65'/>
				<IndexedFaceSet solid="false" coordIndex='0 1 2 3 -1'>
					<Coordinate point='-6.138278 -2.303171 0.607297 -5.743808 -2.800745 0.686559 -5.627481 -2.743028 0.324781 -5.987092 -2.240102 0.287286'/>
				</IndexedFaceSet>
			</Shape>
			<Shape DEF='_IDX_1047'>
				<Appearance USE='Material_64_IDX_64'/>
				<IndexedFaceSet solid="false" coordIndex='0 1 2 3 -1'>
					<Coordinate point='-6.334644 -2.369922 0.972022 -5.898025 -2.864992 1.098887 -5.743808 -2.800745 0.686559 -6.138278 -2.303171 0.607297'/>
				</IndexedFaceSet>
			</Shape>
			<Shape DEF='_IDX_1048'>
				<Appearance USE='Material_63_IDX_63'/>
				<IndexedFaceSet solid="false" coordIndex='0 1 2 3 -1'>
					<Coordinate point='-6.593634 -2.443666 1.400119 -6.104369 -2.939996 1.582857 -5.898025 -2.864992 1.098887 -6.334644 -2.369922 0.972022'/>
				</IndexedFaceSet>
			</Shape>
			<Shape DEF='_IDX_1049'>
				<Appearance USE='Material_62_IDX_62'/>
				<IndexedFaceSet solid="false" coordIndex='0 1 2 3 -1'>
					<Coordinate point='-6.943709 -2.529535 1.922304 -6.385970 -3.032441 2.173196 -6.104369 -2.939996 1.582857 -6.593634 -2.443666 1.400119'/>
				</IndexedFaceSet>
			</Shape>
			<Shape DEF='_IDX_1050'>
				<Appearance USE='Material_61_IDX_61'/>
				<IndexedFaceSet solid="false" coordIndex='0 1 2 3 -1'>
					<Coordinate point='-7.434696 -2.635664 2.592972 -6.783176 -3.153239 2.931396 -6.385970 -3.032441 2.173196 -6.943709 -2.529535 1.922304'/>
				</IndexedFaceSet>
			</Shape>
			<Shape DEF='_IDX_1051'>
				<Appearance USE='Material_60_IDX_60'/>
				<IndexedFaceSet solid="false" coordIndex='0 1 2 3 -1'>
					<Coordinate point='-8.162635 -2.775196 3.518449 -7.373494 -3.320807 3.977663 -6.783176 -3.153239 2.931396 -7.434696 -2.635664 2.592972'/>
				</IndexedFaceSet>
			</Shape>
			<Shape DEF='_IDX_1052'>
				<Appearance USE='Material_59_IDX_59'/>
				<IndexedFaceSet solid="false" coordIndex='0 1 2 3 -1'>
					<Coordinate point='-8.162635 -2.775196 3.518449 -7.373494 -3.320807 3.977663 -7.373494 -3.320807 3.977663 -8.162635 -2.775196 3.518449'/>
				</IndexedFaceSet>
			</Shape>
			<Shape DEF='_IDX_1053'>
				<Appearance USE='Material_58_IDX_58'/>
				<IndexedFaceSet solid="false" coordIndex='0 1 2 3 -1'>
					<Coordinate point='-8.627785 -2.856035 4.086697 -7.750699 -3.421702 4.620075 -7.373494 -3.320807 3.977663 -8.162635 -2.775196 3.518449'/>
				</IndexedFaceSet>
			</Shape>
			<Shape DEF='_IDX_1054'>
				<Appearance USE='Material_57_IDX_57'/>
				<IndexedFaceSet solid="false" coordIndex='0 1 2 3 -1'>
					<Coordinate point='-9.221252 -2.950752 4.797262 -8.231532 -3.543281 5.423381 -7.750699 -3.421702 4.620075 -8.627785 -2.856035 4.086697'/>
				</IndexedFaceSet>
			</Shape>
			<Shape DEF='_IDX_1055'>
				<Appearance USE='Material_240_IDX_240'/>
				<IndexedFaceSet solid="false" coordIndex='0 1 2 3 -1'>
					<Coordinate point='-10.003846 -3.061687 5.720141 -8.864565 -3.690657 6.466711 -8.231532 -3.543281 5.423381 -9.221252 -2.950752 4.797262'/>
				</IndexedFaceSet>
			</Shape>
			<Shape DEF='_IDX_1056'>
				<Appearance USE='Material_77_IDX_77'/>
				<IndexedFaceSet solid="false" coordIndex='0 1 2 3 -1'>
					<Coordinate point='-5.627481 -2.743028 0.324781 -5.209576 -3.251258 0.352408 -5.151163 -3.210098 0.000000 -5.539789 -2.689105 0.000000'/>
				</IndexedFaceSet>
			</Shape>
			<Shape DEF='_IDX_1057'>
				<Appearance USE='Material_76_IDX_76'/>
				<IndexedFaceSet solid="false" coordIndex='0 1 2 3 -1'>
					<Coordinate point='-5.743808 -2.800745 0.686559 -5.290449 -3.298584 0.744960 -5.209576 -3.251258 0.352408 -5.627481 -2.743028 0.324781'/>
				</IndexedFaceSet>
			</Shape>
			<Shape DEF='_IDX_1058'>
				<Appearance USE='Material_75_IDX_75'/>
				<IndexedFaceSet solid="false" coordIndex='0 1 2 3 -1'>
					<Coordinate point='-5.898025 -2.864992 1.098887 -5.400784 -3.355484 1.192362 -5.290449 -3.298584 0.744960 -5.743808 -2.800745 0.686559'/>
				</IndexedFaceSet>
			</Shape>
			<Shape DEF='_IDX_1059'>
				<Appearance USE='Material_74_IDX_74'/>
				<IndexedFaceSet solid="false" coordIndex='0 1 2 3 -1'>
					<Coordinate point='-6.104369 -2.939996 1.582857 -5.551256 -3.427266 1.717500 -5.400784 -3.355484 1.192362 -5.898025 -2.864992 1.098887'/>
				</IndexedFaceSet>
			</Shape>
			<Shape DEF='_IDX_1060'>
				<Appearance USE='Material_73_IDX_73'/>
				<IndexedFaceSet solid="false" coordIndex='0 1 2 3 -1'>
					<Coordinate point='-6.385970 -3.032441 2.173196 -5.759089 -3.522461 2.358055 -5.551256 -3.427266 1.717500 -6.104369 -2.939996 1.582857'/>
				</IndexedFaceSet>
			</Shape>
			<Shape DEF='_IDX_1061'>
				<Appearance USE='Material_72_IDX_72'/>
				<IndexedFaceSet solid="false" coordIndex='0 1 2 3 -1'>
					<Coordinate point='-6.783176 -3.153239 2.931396 -6.054155 -3.655316 3.180750 -5.759089 -3.522461 2.358055 -6.385970 -3.032441 2.173196'/>
				</IndexedFaceSet>
			</Shape>
			<Shape DEF='_IDX_1062'>
				<Appearance USE='Material_241_IDX_241'/>
				<IndexedFaceSet solid="false" coordIndex='0 1 2 3 -1'>
					<Coordinate point='-7.373494 -3.320807 3.977663 -6.493530 -3.850761 4.316017 -6.054155 -3.655316 3.180750 -6.783176 -3.153239 2.931396'/>
				</IndexedFaceSet>
			</Shape>
			<Shape DEF='_IDX_1063'>
				<Appearance USE='Material_70_IDX_70'/>
				<IndexedFaceSet solid="false" coordIndex='0 1 2 3 -1'>
					<Coordinate point='-7.373494 -3.320807 3.977663 -6.493530 -3.850761 4.316017 -6.493530 -3.850761 4.316017 -7.373494 -3.320807 3.977663'/>
				</IndexedFaceSet>
			</Shape>
			<Shape DEF='_IDX_1064'>
				<Appearance USE='Material_102_IDX_102'/>
				<IndexedFaceSet solid="false" coordIndex='0 1 2 3 -1'>
					<Coordinate point='-7.750699 -3.421702 4.620075 -6.774016 -3.973190 5.013075 -6.493530 -3.850761 4.316017 -7.373494 -3.320807 3.977663'/>
				</IndexedFaceSet>
			</Shape>
			<Shape DEF='_IDX_1065'>
				<Appearance USE='Material_68_IDX_68'/>
				<IndexedFaceSet solid="false" coordIndex='0 1 2 3 -1'>
					<Coordinate point='-8.231532 -3.543281 5.423381 -7.130902 -4.124815 5.884713 -6.774016 -3.973190 5.013075 -7.750699 -3.421702 4.620075'/>
				</IndexedFaceSet>
			</Shape>
			<Shape DEF='_IDX_1066'>
				<Appearance USE='Material_67_IDX_67'/>
				<IndexedFaceSet solid="false" coordIndex='0 1 2 3 -1'>
					<Coordinate point='-8.864565 -3.690657 6.466711 -7.599383 -4.314562 7.016792 -7.130902 -4.124815 5.884713 -8.231532 -3.543281 5.423381'/>
				</IndexedFaceSet>
			</Shape>
			<Shape DEF='_IDX_1067'>
				<Appearance USE='Material_88_IDX_88'/>
				<IndexedFaceSet solid="false" coordIndex='0 1 2 3 -1'>
					<Coordinate point='-5.209576 -3.251258 0.352408 -4.742694 -3.753799 0.369328 -4.712478 -3.729537 0.000000 -5.151163 -3.210098 0.000000'/>
				</IndexedFaceSet>
			</Shape>
			<Shape DEF='_IDX_1068'>
				<Appearance USE='Material_87_IDX_87'/>
				<IndexedFaceSet solid="false" coordIndex='0 1 2 3 -1'>
					<Coordinate point='-5.290449 -3.298584 0.744960 -4.788599 -3.786491 0.780726 -4.742694 -3.753799 0.369328 -5.209576 -3.251258 0.352408'/>
				</IndexedFaceSet>
			</Shape>
			<Shape DEF='_IDX_1069'>
				<Appearance USE='Material_86_IDX_86'/>
				<IndexedFaceSet solid="false" coordIndex='0 1 2 3 -1'>
					<Coordinate point='-5.400784 -3.355484 1.192362 -4.854744 -3.831769 1.249608 -4.788599 -3.786491 0.780726 -5.290449 -3.298584 0.744960'/>
				</IndexedFaceSet>
			</Shape>
			<Shape DEF='_IDX_1070'>
				<Appearance USE='Material_85_IDX_85'/>
				<IndexedFaceSet solid="false" coordIndex='0 1 2 3 -1'>
					<Coordinate point='-5.551256 -3.427266 1.717500 -4.947963 -3.896160 1.799958 -4.854744 -3.831769 1.249608 -5.400784 -3.355484 1.192362'/>
				</IndexedFaceSet>
			</Shape>
			<Shape DEF='_IDX_1071'>
				<Appearance USE='Material_84_IDX_84'/>
				<IndexedFaceSet solid="false" coordIndex='0 1 2 3 -1'>
					<Coordinate point='-5.759089 -3.522461 2.358055 -5.079127 -3.990298 2.471267 -4.947963 -3.896160 1.799958 -5.551256 -3.427266 1.717500'/>
				</IndexedFaceSet>
			</Shape>
			<Shape DEF='_IDX_1072'>
				<Appearance USE='Material_83_IDX_83'/>
				<IndexedFaceSet solid="false" coordIndex='0 1 2 3 -1'>
					<Coordinate point='-6.054155 -3.655316 3.180750 -5.266887 -4.132308 3.333460 -5.079127 -3.990298 2.471267 -5.759089 -3.522461 2.358055'/>
				</IndexedFaceSet>
			</Shape>
			<Shape DEF='_IDX_1073'>
				<Appearance USE='Material_82_IDX_82'/>
				<IndexedFaceSet solid="false" coordIndex='0 1 2 3 -1'>
					<Coordinate point='-6.493530 -3.850761 4.316017 -5.546560 -4.354878 4.523231 -5.266887 -4.132308 3.333460 -6.054155 -3.655316 3.180750'/>
				</IndexedFaceSet>
			</Shape>
			<Shape DEF='_IDX_1074'>
				<Appearance USE='Material_242_IDX_242'/>
				<IndexedFaceSet solid="false" coordIndex='0 1 2 3 -1'>
					<Coordinate point='-6.493530 -3.850761 4.316017 -5.546560 -4.354878 4.523231 -5.546560 -4.354878 4.523231 -6.493530 -3.850761 4.316017'/>
				</IndexedFaceSet>
			</Shape>
			<Shape DEF='_IDX_1075'>
				<Appearance USE='Material_80_IDX_80'/>
				<IndexedFaceSet solid="false" coordIndex='0 1 2 3 -1'>
					<Coordinate point='-6.774016 -3.973190 5.013075 -5.724449 -4.499954 5.253756 -5.546560 -4.354878 4.523231 -6.493530 -3.850761 4.316017'/>
				</IndexedFaceSet>
			</Shape>
			<Shape DEF='_IDX_1076'>
				<Appearance USE='Material_79_IDX_79'/>
				<IndexedFaceSet solid="false" coordIndex='0 1 2 3 -1'>
					<Coordinate point='-7.130902 -4.124815 5.884713 -5.949801 -4.684396 6.167242 -5.724449 -4.499954 5.253756 -6.774016 -3.973190 5.013075'/>
				</IndexedFaceSet>
			</Shape>
			<Shape DEF='_IDX_1077'>
				<Appearance USE='Material_243_IDX_243'/>
				<IndexedFaceSet solid="false" coordIndex='0 1 2 3 -1'>
					<Coordinate point='-7.599383 -4.314562 7.016792 -6.243772 -4.921988 7.353672 -5.949801 -4.684396 6.167242 -7.130902 -4.124815 5.884713'/>
				</IndexedFaceSet>
			</Shape>
			<Shape DEF='_IDX_1078'>
				<Appearance USE='Material_99_IDX_99'/>
				<IndexedFaceSet solid="false" coordIndex='0 1 2 3 -1'>
					<Coordinate point='-4.742694 -3.753799 0.369328 -4.238286 -4.238692 0.375025 -4.234497 -4.234654 -0.000000 -4.712478 -3.729537 0.000000'/>
				</IndexedFaceSet>
			</Shape>
			<Shape DEF='_IDX_1079'>
				<Appearance USE='Material_98_IDX_98'/>
				<IndexedFaceSet solid="false" coordIndex='0 1 2 3 -1'>
					<Coordinate point='-4.788599 -3.786491 0.780726 -4.250697 -4.253153 0.792770 -4.238286 -4.238692 0.375025 -4.742694 -3.753799 0.369328'/>
				</IndexedFaceSet>
			</Shape>
			<Shape DEF='_IDX_1080'>
				<Appearance USE='Material_97_IDX_97'/>
				<IndexedFaceSet solid="false" coordIndex='0 1 2 3 -1'>
					<Coordinate point='-4.854744 -3.831769 1.249608 -4.273696 -4.282962 1.268885 -4.250697 -4.253153 0.792770 -4.788599 -3.786491 0.780726'/>
				</IndexedFaceSet>
			</Shape>
			<Shape DEF='_IDX_1081'>
				<Appearance USE='Material_96_IDX_96'/>
				<IndexedFaceSet solid="false" coordIndex='0 1 2 3 -1'>
					<Coordinate point='-4.947963 -3.896160 1.799958 -4.310065 -4.335938 1.827726 -4.273696 -4.282962 1.268885 -4.854744 -3.831769 1.249608'/>
				</IndexedFaceSet>
			</Shape>
			<Shape DEF='_IDX_1082'>
				<Appearance USE='Material_95_IDX_95'/>
				<IndexedFaceSet solid="false" coordIndex='0 1 2 3 -1'>
					<Coordinate point='-5.079127 -3.990298 2.471267 -4.364005 -4.425007 2.509390 -4.310065 -4.335938 1.827726 -4.947963 -3.896160 1.799958'/>
				</IndexedFaceSet>
			</Shape>
			<Shape DEF='_IDX_1083'>
				<Appearance USE='Material_94_IDX_94'/>
				<IndexedFaceSet solid="false" coordIndex='0 1 2 3 -1'>
					<Coordinate point='-5.266887 -4.132308 3.333460 -4.442441 -4.572650 3.384884 -4.364005 -4.425007 2.509390 -5.079127 -3.990298 2.471267'/>
				</IndexedFaceSet>
			</Shape>
			<Shape DEF='_IDX_1084'>
				<Appearance USE='Material_93_IDX_93'/>
				<IndexedFaceSet solid="false" coordIndex='0 1 2 3 -1'>
					<Coordinate point='-5.546560 -4.354878 4.523231 -4.558158 -4.820496 4.593009 -4.442441 -4.572650 3.384884 -5.266887 -4.132308 3.333460'/>
				</IndexedFaceSet>
			</Shape>
			<Shape DEF='_IDX_1085'>
				<Appearance USE='Material_92_IDX_92'/>
				<IndexedFaceSet solid="false" coordIndex='0 1 2 3 -1'>
					<Coordinate point='-5.546560 -4.354878 4.523231 -4.558158 -4.820496 4.593009 -4.558158 -4.820496 4.593009 -5.546560 -4.354878 4.523231'/>
				</IndexedFaceSet>
			</Shape>
			<Shape DEF='_IDX_1086'>
				<Appearance USE='Material_91_IDX_91'/>
				<IndexedFaceSet solid="false" coordIndex='0 1 2 3 -1'>
					<Coordinate point='-5.724449 -4.499954 5.253756 -4.630437 -4.988650 5.334804 -4.558158 -4.820496 4.593009 -5.546560 -4.354878 4.523231'/>
				</IndexedFaceSet>
			</Shape>
			<Shape DEF='_IDX_1087'>
				<Appearance USE='Material_90_IDX_90'/>
				<IndexedFaceSet solid="false" coordIndex='0 1 2 3 -1'>
					<Coordinate point='-5.949801 -4.684396 6.167242 -4.720386 -5.207872 6.262381 -4.630437 -4.988650 5.334804 -5.724449 -4.499954 5.253756'/>
				</IndexedFaceSet>
			</Shape>
			<Shape DEF='_IDX_1088'>
				<Appearance USE='Material_244_IDX_244'/>
				<IndexedFaceSet solid="false" coordIndex='0 1 2 3 -1'>
					<Coordinate point='-6.243772 -4.921988 7.353672 -4.834943 -5.497795 7.467114 -4.720386 -5.207872 6.262381 -5.949801 -4.684396 6.167242'/>
				</IndexedFaceSet>
			</Shape>
			<Shape DEF='_IDX_1089'>
				<Appearance USE='Material_99_IDX_99'/>
				<IndexedFaceSet solid="false" coordIndex='0 1 2 3 -1'>
					<Coordinate point='-4.238286 -4.238692 0.375025 -3.709237 -4.693767 0.369328 -3.729379 -4.712635 0.000000 -4.234497 -4.234654 -0.000000'/>
				</IndexedFaceSet>
			</Shape>
			<Shape DEF='_IDX_1090'>
				<Appearance USE='Material_98_IDX_98'/>
				<IndexedFaceSet solid="false" coordIndex='0 1 2 3 -1'>
					<Coordinate point='-4.250697 -4.253153 0.792770 -3.690648 -4.686868 0.780726 -3.709237 -4.693767 0.369328 -4.238286 -4.238692 0.375025'/>
				</IndexedFaceSet>
			</Shape>
			<Shape DEF='_IDX_1091'>
				<Appearance USE='Material_97_IDX_97'/>
				<IndexedFaceSet solid="false" coordIndex='0 1 2 3 -1'>
					<Coordinate point='-4.273696 -4.282962 1.268885 -3.672912 -4.697582 1.249608 -3.690648 -4.686868 0.780726 -4.250697 -4.253153 0.792770'/>
				</IndexedFaceSet>
			</Shape>
			<Shape DEF='_IDX_1092'>
				<Appearance USE='Material_96_IDX_96'/>
				<IndexedFaceSet solid="false" coordIndex='0 1 2 3 -1'>
					<Coordinate point='-4.310065 -4.335938 1.827726 -3.654626 -4.734996 1.799958 -3.672912 -4.697582 1.249608 -4.273696 -4.282962 1.268885'/>
				</IndexedFaceSet>
			</Shape>
			<Shape DEF='_IDX_1093'>
				<Appearance USE='Material_95_IDX_95'/>
				<IndexedFaceSet solid="false" coordIndex='0 1 2 3 -1'>
					<Coordinate point='-4.364005 -4.425007 2.509390 -3.633102 -4.814414 2.471267 -3.654626 -4.734996 1.799958 -4.310065 -4.335938 1.827726'/>
				</IndexedFaceSet>
			</Shape>
			<Shape DEF='_IDX_1094'>
				<Appearance USE='Material_94_IDX_94'/>
				<IndexedFaceSet solid="false" coordIndex='0 1 2 3 -1'>
					<Coordinate point='-4.442441 -4.572650 3.384884 -3.603233 -4.963043 3.333460 -3.633102 -4.814414 2.471267 -4.364005 -4.425007 2.509390'/>
				</IndexedFaceSet>
			</Shape>
			<Shape DEF='_IDX_1095'>
				<Appearance USE='Material_93_IDX_93'/>
				<IndexedFaceSet solid="false" coordIndex='0 1 2 3 -1'>
					<Coordinate point='-4.558158 -4.820496 4.593009 -3.554968 -5.232574 4.523231 -3.603233 -4.963043 3.333460 -4.442441 -4.572650 3.384884'/>
				</IndexedFaceSet>
			</Shape>
			<Shape DEF='_IDX_1096'>
				<Appearance USE='Material_245_IDX_245'/>
				<IndexedFaceSet solid="false" coordIndex='0 1 2 3 -1'>
					<Coordinate point='-4.558158 -4.820496 4.593009 -3.554968 -5.232574 4.523231 -3.554968 -5.232574 4.523231 -4.558158 -4.820496 4.593009'/>
				</IndexedFaceSet>
			</Shape>
			<Shape DEF='_IDX_1097'>
				<Appearance USE='Material_91_IDX_91'/>
				<IndexedFaceSet solid="false" coordIndex='0 1 2 3 -1'>
					<Coordinate point='-4.630437 -4.988650 5.334804 -3.521293 -5.423212 5.253756 -3.554968 -5.232574 4.523231 -4.558158 -4.820496 4.593009'/>
				</IndexedFaceSet>
			</Shape>
			<Shape DEF='_IDX_1098'>
				<Appearance USE='Material_90_IDX_90'/>
				<IndexedFaceSet solid="false" coordIndex='0 1 2 3 -1'>
					<Coordinate point='-4.720386 -5.207872 6.262381 -3.475445 -5.677972 6.167242 -3.521293 -5.423212 5.253756 -4.630437 -4.988650 5.334804'/>
				</IndexedFaceSet>
			</Shape>
			<Shape DEF='_IDX_1099'>
				<Appearance USE='Material_89_IDX_89'/>
				<IndexedFaceSet solid="false" coordIndex='0 1 2 3 -1'>
					<Coordinate point='-4.834943 -5.497795 7.467114 -3.410493 -6.023239 7.353672 -3.475445 -5.677972 6.167242 -4.720386 -5.207872 6.262381'/>
				</IndexedFaceSet>
			</Shape>
			<Shape DEF='_IDX_1100'>
				<Appearance USE='Material_88_IDX_88'/>
				<IndexedFaceSet solid="false" coordIndex='0 1 2 3 -1'>
					<Coordinate point='-3.709237 -4.693767 0.369328 -3.169203 -5.107378 0.352408 -3.209940 -5.151320 -0.000000 -3.729379 -4.712635 0.000000'/>
				</IndexedFaceSet>
			</Shape>
			<Shape DEF='_IDX_1101'>
				<Appearance USE='Material_87_IDX_87'/>
				<IndexedFaceSet solid="false" coordIndex='0 1 2 3 -1'>
					<Coordinate point='-3.690648 -4.686868 0.780726 -3.123247 -5.076288 0.744960 -3.169203 -5.107378 0.352408 -3.709237 -4.693767 0.369328'/>
				</IndexedFaceSet>
			</Shape>
			<Shape DEF='_IDX_1102'>
				<Appearance USE='Material_86_IDX_86'/>
				<IndexedFaceSet solid="false" coordIndex='0 1 2 3 -1'>
					<Coordinate point='-3.672912 -4.697582 1.249608 -3.068681 -5.064259 1.192362 -3.123247 -5.076288 0.744960 -3.690648 -4.686868 0.780726'/>
				</IndexedFaceSet>
			</Shape>
			<Shape DEF='_IDX_1103'>
				<Appearance USE='Material_85_IDX_85'/>
				<IndexedFaceSet solid="false" coordIndex='0 1 2 3 -1'>
					<Coordinate point='-3.654626 -4.734996 1.799958 -2.999831 -5.081495 1.717500 -3.068681 -5.064259 1.192362 -3.672912 -4.697582 1.249608'/>
				</IndexedFaceSet>
			</Shape>
			<Shape DEF='_IDX_1104'>
				<Appearance USE='Material_84_IDX_84'/>
				<IndexedFaceSet solid="false" coordIndex='0 1 2 3 -1'>
					<Coordinate point='-3.633102 -4.814414 2.471267 -2.906954 -5.145601 2.358055 -2.999831 -5.081495 1.717500 -3.654626 -4.734996 1.799958'/>
				</IndexedFaceSet>
			</Shape>
			<Shape DEF='_IDX_1105'>
				<Appearance USE='Material_83_IDX_83'/>
				<IndexedFaceSet solid="false" coordIndex='0 1 2 3 -1'>
					<Coordinate point='-3.603233 -4.963043 3.333460 -2.772669 -5.288743 3.180750 -2.906954 -5.145601 2.358055 -3.633102 -4.814414 2.471267'/>
				</IndexedFaceSet>
			</Shape>
			<Shape DEF='_IDX_1106'>
				<Appearance USE='Material_82_IDX_82'/>
				<IndexedFaceSet solid="false" coordIndex='0 1 2 3 -1'>
					<Coordinate point='-3.554968 -5.232574 4.523231 -2.564079 -5.573784 4.316017 -2.772669 -5.288743 3.180750 -3.603233 -4.963043 3.333460'/>
				</IndexedFaceSet>
			</Shape>
			<Shape DEF='_IDX_1107'>
				<Appearance USE='Material_81_IDX_81'/>
				<IndexedFaceSet solid="false" coordIndex='0 1 2 3 -1'>
					<Coordinate point='-3.554968 -5.232574 4.523231 -2.564079 -5.573784 4.316017 -2.564079 -5.573784 4.316017 -3.554968 -5.232574 4.523231'/>
				</IndexedFaceSet>
			</Shape>
			<Shape DEF='_IDX_1108'>
				<Appearance USE='Material_80_IDX_80'/>
				<IndexedFaceSet solid="false" coordIndex='0 1 2 3 -1'>
					<Coordinate point='-3.521293 -5.423212 5.253756 -2.426360 -5.784903 5.013075 -2.564079 -5.573784 4.316017 -3.554968 -5.232574 4.523231'/>
				</IndexedFaceSet>
			</Shape>
			<Shape DEF='_IDX_1109'>
				<Appearance USE='Material_79_IDX_79'/>
				<IndexedFaceSet solid="false" coordIndex='0 1 2 3 -1'>
					<Coordinate point='-3.475445 -5.677972 6.167242 -2.247296 -6.074399 5.884713 -2.426360 -5.784903 5.013075 -3.521293 -5.423212 5.253756'/>
				</IndexedFaceSet>
			</Shape>
			<Shape DEF='_IDX_1110'>
				<Appearance USE='Material_78_IDX_78'/>
				<IndexedFaceSet solid="false" coordIndex='0 1 2 3 -1'>
					<Coordinate point='-3.410493 -6.023239 7.353672 -2.006970 -6.476197 7.016792 -2.247296 -6.074399 5.884713 -3.475445 -5.677972 6.167242'/>
				</IndexedFaceSet>
			</Shape>
			<Shape DEF='_IDX_1111'>
				<Appearance USE='Material_77_IDX_77'/>
				<IndexedFaceSet solid="false" coordIndex='0 1 2 3 -1'>
					<Coordinate point='-3.169203 -5.107378 0.352408 -2.631974 -5.469213 0.324781 -2.688947 -5.539946 0.000000 -3.209940 -5.151320 -0.000000'/>
				</IndexedFaceSet>
			</Shape>
			<Shape DEF='_IDX_1112'>
				<Appearance USE='Material_76_IDX_76'/>
				<IndexedFaceSet solid="false" coordIndex='0 1 2 3 -1'>
					<Coordinate point='-3.123247 -5.076288 0.744960 -2.563642 -5.411281 0.686559 -2.631974 -5.469213 0.324781 -3.169203 -5.107378 0.352408'/>
				</IndexedFaceSet>
			</Shape>
			<Shape DEF='_IDX_1113'>
				<Appearance USE='Material_75_IDX_75'/>
				<IndexedFaceSet solid="false" coordIndex='0 1 2 3 -1'>
					<Coordinate point='-3.068681 -5.064259 1.192362 -2.477897 -5.372622 1.098887 -2.563642 -5.411281 0.686559 -3.123247 -5.076288 0.744960'/>
				</IndexedFaceSet>
			</Shape>
			<Shape DEF='_IDX_1114'>
				<Appearance USE='Material_74_IDX_74'/>
				<IndexedFaceSet solid="false" coordIndex='0 1 2 3 -1'>
					<Coordinate point='-2.999831 -5.081495 1.717500 -2.364744 -5.364183 1.582857 -2.477897 -5.372622 1.098887 -3.068681 -5.064259 1.192362'/>
				</IndexedFaceSet>
			</Shape>
			<Shape DEF='_IDX_1115'>
				<Appearance USE='Material_73_IDX_73'/>
				<IndexedFaceSet solid="false" coordIndex='0 1 2 3 -1'>
					<Coordinate point='-2.906954 -5.145601 2.358055 -2.207158 -5.405533 2.173196 -2.364744 -5.364183 1.582857 -2.999831 -5.081495 1.717500'/>
				</IndexedFaceSet>
			</Shape>
			<Shape DEF='_IDX_1116'>
				<Appearance USE='Material_72_IDX_72'/>
				<IndexedFaceSet solid="false" coordIndex='0 1 2 3 -1'>
					<Coordinate point='-2.772669 -5.288743 3.180750 -1.975063 -5.533843 2.931396 -2.207158 -5.405533 2.173196 -2.906954 -5.145601 2.358055'/>
				</IndexedFaceSet>
			</Shape>
			<Shape DEF='_IDX_1117'>
				<Appearance USE='Material_71_IDX_71'/>
				<IndexedFaceSet solid="false" coordIndex='0 1 2 3 -1'>
					<Coordinate point='-2.564079 -5.573784 4.316017 -1.612590 -5.824448 3.977663 -1.975063 -5.533843 2.931396 -2.772669 -5.288743 3.180750'/>
				</IndexedFaceSet>
			</Shape>
			<Shape DEF='_IDX_1118'>
				<Appearance USE='Material_70_IDX_70'/>
				<IndexedFaceSet solid="false" coordIndex='0 1 2 3 -1'>
					<Coordinate point='-2.564079 -5.573784 4.316017 -1.612590 -5.824448 3.977663 -1.612590 -5.824448 3.977663 -2.564079 -5.573784 4.316017'/>
				</IndexedFaceSet>
			</Shape>
			<Shape DEF='_IDX_1119'>
				<Appearance USE='Material_102_IDX_102'/>
				<IndexedFaceSet solid="false" coordIndex='0 1 2 3 -1'>
					<Coordinate point='-2.426360 -5.784903 5.013075 -1.374253 -6.052211 4.620075 -1.612590 -5.824448 3.977663 -2.564079 -5.573784 4.316017'/>
				</IndexedFaceSet>
			</Shape>
			<Shape DEF='_IDX_1120'>
				<Appearance USE='Material_68_IDX_68'/>
				<IndexedFaceSet solid="false" coordIndex='0 1 2 3 -1'>
					<Coordinate point='-2.247296 -6.074399 5.884713 -1.066630 -6.373841 5.423381 -1.374253 -6.052211 4.620075 -2.426360 -5.784903 5.013075'/>
				</IndexedFaceSet>
			</Shape>
			<Shape DEF='_IDX_1121'>
				<Appearance USE='Material_67_IDX_67'/>
				<IndexedFaceSet solid="false" coordIndex='0 1 2 3 -1'>
					<Coordinate point='-2.006970 -6.476197 7.016792 -0.658356 -6.831453 6.466711 -1.066630 -6.373841 5.423381 -2.247296 -6.074399 5.884713'/>
				</IndexedFaceSet>
			</Shape>
			<Shape DEF='_IDX_1122'>
				<Appearance USE='Material_66_IDX_66'/>
				<IndexedFaceSet solid="false" coordIndex='0 1 2 3 -1'>
					<Coordinate point='-2.631974 -5.469213 0.324781 -2.110767 -5.771233 0.287286 -2.178373 -5.869962 0.000000 -2.688947 -5.539946 0.000000'/>
				</IndexedFaceSet>
			</Shape>
			<Shape DEF='_IDX_1123'>
				<Appearance USE='Material_246_IDX_246'/>
				<IndexedFaceSet solid="false" coordIndex='0 1 2 3 -1'>
					<Coordinate point='-2.563642 -5.411281 0.686559 -2.026727 -5.684004 0.607297 -2.110767 -5.771233 0.287286 -2.631974 -5.469213 0.324781'/>
				</IndexedFaceSet>
			</Shape>
			<Shape DEF='_IDX_1124'>
				<Appearance USE='Material_64_IDX_64'/>
				<IndexedFaceSet solid="false" coordIndex='0 1 2 3 -1'>
					<Coordinate point='-2.477897 -5.372622 1.098887 -1.917662 -5.614468 0.972022 -2.026727 -5.684004 0.607297 -2.563642 -5.411281 0.686559'/>
				</IndexedFaceSet>
			</Shape>
			<Shape DEF='_IDX_1125'>
				<Appearance USE='Material_63_IDX_63'/>
				<IndexedFaceSet solid="false" coordIndex='0 1 2 3 -1'>
					<Coordinate point='-2.364744 -5.364183 1.582857 -1.769227 -5.573567 1.400119 -1.917662 -5.614468 0.972022 -2.477897 -5.372622 1.098887'/>
				</IndexedFaceSet>
			</Shape>
			<Shape DEF='_IDX_1126'>
				<Appearance USE='Material_62_IDX_62'/>
				<IndexedFaceSet solid="false" coordIndex='0 1 2 3 -1'>
					<Coordinate point='-2.207158 -5.405533 2.173196 -1.556686 -5.581972 1.922304 -1.769227 -5.573567 1.400119 -2.364744 -5.364183 1.582857'/>
				</IndexedFaceSet>
			</Shape>
			<Shape DEF='_IDX_1127'>
				<Appearance USE='Material_61_IDX_61'/>
				<IndexedFaceSet solid="false" coordIndex='0 1 2 3 -1'>
					<Coordinate point='-1.975063 -5.533843 2.931396 -1.236130 -5.681518 2.592972 -1.556686 -5.581972 1.922304 -2.207158 -5.405533 2.173196'/>
				</IndexedFaceSet>
			</Shape>
			<Shape DEF='_IDX_1128'>
				<Appearance USE='Material_247_IDX_247'/>
				<IndexedFaceSet solid="false" coordIndex='0 1 2 3 -1'>
					<Coordinate point='-1.612590 -5.824448 3.977663 -0.727533 -5.962026 3.518449 -1.236130 -5.681518 2.592972 -1.975063 -5.533843 2.931396'/>
				</IndexedFaceSet>
			</Shape>
			<Shape DEF='_IDX_1129'>
				<Appearance USE='Material_59_IDX_59'/>
				<IndexedFaceSet solid="false" coordIndex='0 1 2 3 -1'>
					<Coordinate point='-1.612590 -5.824448 3.977663 -0.727533 -5.962026 3.518449 -0.727533 -5.962026 3.518449 -1.612590 -5.824448 3.977663'/>
				</IndexedFaceSet>
			</Shape>
			<Shape DEF='_IDX_1130'>
				<Appearance USE='Material_58_IDX_58'/>
				<IndexedFaceSet solid="false" coordIndex='0 1 2 3 -1'>
					<Coordinate point='-1.374253 -6.052211 4.620075 -0.392207 -6.200269 4.086697 -0.727533 -5.962026 3.518449 -1.612590 -5.824448 3.977663'/>
				</IndexedFaceSet>
			</Shape>
			<Shape DEF='_IDX_1131'>
				<Appearance USE='Material_57_IDX_57'/>
				<IndexedFaceSet solid="false" coordIndex='0 1 2 3 -1'>
					<Coordinate point='-1.066630 -6.373841 5.423381 0.038765 -6.549641 4.797262 -0.392207 -6.200269 4.086697 -1.374253 -6.052211 4.620075'/>
				</IndexedFaceSet>
			</Shape>
			<Shape DEF='_IDX_1132'>
				<Appearance USE='Material_56_IDX_56'/>
				<IndexedFaceSet solid="false" coordIndex='0 1 2 3 -1'>
					<Coordinate point='-0.658356 -6.831453 6.466711 0.605707 -7.060954 5.720141 0.038765 -6.549641 4.797262 -1.066630 -6.373841 5.423381'/>
				</IndexedFaceSet>
			</Shape>
			<Shape DEF='_IDX_1133'>
				<Appearance USE='Material_55_IDX_55'/>
				<IndexedFaceSet solid="false" coordIndex='0 1 2 3 -1'>
					<Coordinate point='-2.110767 -5.771233 0.287286 -1.617271 -6.008774 0.241062 -1.688457 -6.135892 0.000000 -2.178373 -5.869962 0.000000'/>
				</IndexedFaceSet>
			</Shape>
			<Shape DEF='_IDX_1134'>
				<Appearance USE='Material_54_IDX_54'/>
				<IndexedFaceSet solid="false" coordIndex='0 1 2 3 -1'>
					<Coordinate point='-2.026727 -5.684004 0.607297 -1.526276 -5.890302 0.509583 -1.617271 -6.008774 0.241062 -2.110767 -5.771233 0.287286'/>
				</IndexedFaceSet>
			</Shape>
			<Shape DEF='_IDX_1135'>
				<Appearance USE='Material_53_IDX_53'/>
				<IndexedFaceSet solid="false" coordIndex='0 1 2 3 -1'>
					<Coordinate point='-1.917662 -5.614468 0.972022 -1.404692 -5.785492 0.815623 -1.526276 -5.890302 0.509583 -2.026727 -5.684004 0.607297'/>
				</IndexedFaceSet>
			</Shape>
			<Shape DEF='_IDX_1136'>
				<Appearance USE='Material_52_IDX_52'/>
				<IndexedFaceSet solid="false" coordIndex='0 1 2 3 -1'>
					<Coordinate point='-1.769227 -5.573567 1.400119 -1.233949 -5.703844 1.174839 -1.404692 -5.785492 0.815623 -1.917662 -5.614468 0.972022'/>
				</IndexedFaceSet>
			</Shape>
			<Shape DEF='_IDX_1137'>
				<Appearance USE='Material_51_IDX_51'/>
				<IndexedFaceSet solid="false" coordIndex='0 1 2 3 -1'>
					<Coordinate point='-1.556686 -5.581972 1.922304 -0.980847 -5.665112 1.613005 -1.233949 -5.703844 1.174839 -1.769227 -5.573567 1.400119'/>
				</IndexedFaceSet>
			</Shape>
			<Shape DEF='_IDX_1138'>
				<Appearance USE='Material_239_IDX_239'/>
				<IndexedFaceSet solid="false" coordIndex='0 1 2 3 -1'>
					<Coordinate point='-1.236130 -5.681518 2.592972 -0.584726 -5.714306 2.175761 -0.980847 -5.665112 1.613005 -1.556686 -5.581972 1.922304'/>
				</IndexedFaceSet>
			</Shape>
			<Shape DEF='_IDX_1139'>
				<Appearance USE='Material_49_IDX_49'/>
				<IndexedFaceSet solid="false" coordIndex='0 1 2 3 -1'>
					<Coordinate point='-0.727533 -5.962026 3.518449 0.063444 -5.959480 2.952329 -0.584726 -5.714306 2.175761 -1.236130 -5.681518 2.592972'/>
				</IndexedFaceSet>
			</Shape>
			<Shape DEF='_IDX_1140'>
				<Appearance USE='Material_48_IDX_48'/>
				<IndexedFaceSet solid="false" coordIndex='0 1 2 3 -1'>
					<Coordinate point='-0.727533 -5.962026 3.518449 0.063444 -5.959480 2.952329 0.063444 -5.959480 2.952329 -0.727533 -5.962026 3.518449'/>
				</IndexedFaceSet>
			</Shape>
			<Shape DEF='_IDX_1141'>
				<Appearance USE='Material_47_IDX_47'/>
				<IndexedFaceSet solid="false" coordIndex='0 1 2 3 -1'>
					<Coordinate point='-0.392207 -6.200269 4.086697 0.494520 -6.199042 3.429146 0.063444 -5.959480 2.952329 -0.727533 -5.962026 3.518449'/>
				</IndexedFaceSet>
			</Shape>
			<Shape DEF='_IDX_1142'>
				<Appearance USE='Material_46_IDX_46'/>
				<IndexedFaceSet solid="false" coordIndex='0 1 2 3 -1'>
					<Coordinate point='0.038765 -6.549641 4.797262 1.045840 -6.570723 4.025381 0.494520 -6.199042 3.429146 -0.392207 -6.200269 4.086697'/>
				</IndexedFaceSet>
			</Shape>
			<Shape DEF='_IDX_1143'>
				<Appearance USE='Material_45_IDX_45'/>
				<IndexedFaceSet solid="false" coordIndex='0 1 2 3 -1'>
					<Coordinate point='0.605707 -7.060954 5.720141 1.762348 -7.134059 4.799768 1.045840 -6.570723 4.025381 0.038765 -6.549641 4.797262'/>
				</IndexedFaceSet>
			</Shape>
			<Shape DEF='_IDX_1144'>
				<Appearance USE='Material_44_IDX_44'/>
				<IndexedFaceSet solid="false" coordIndex='0 1 2 3 -1'>
					<Coordinate point='-1.617271 -6.008774 0.241062 -1.160176 -6.181625 0.187513 -1.226415 -6.336061 0.000000 -1.688457 -6.135892 0.000000'/>
				</IndexedFaceSet>
			</Shape>
			<Shape DEF='_IDX_1145'>
				<Appearance USE='Material_43_IDX_43'/>
				<IndexedFaceSet solid="false" coordIndex='0 1 2 3 -1'>
					<Coordinate point='-1.526276 -5.890302 0.509583 -1.073371 -6.031352 0.396385 -1.160176 -6.181625 0.187513 -1.617271 -6.008774 0.241062'/>
				</IndexedFaceSet>
			</Shape>
			<Shape DEF='_IDX_1146'>
				<Appearance USE='Material_42_IDX_42'/>
				<IndexedFaceSet solid="false" coordIndex='0 1 2 3 -1'>
					<Coordinate point='-1.404692 -5.785492 0.815623 -0.953938 -5.887764 0.634442 -1.073371 -6.031352 0.396385 -1.526276 -5.890302 0.509583'/>
				</IndexedFaceSet>
			</Shape>
			<Shape DEF='_IDX_1147'>
				<Appearance USE='Material_41_IDX_41'/>
				<IndexedFaceSet solid="false" coordIndex='0 1 2 3 -1'>
					<Coordinate point='-1.233949 -5.703844 1.174839 -0.779934 -5.756354 0.913863 -0.953938 -5.887764 0.634442 -1.404692 -5.785492 0.815623'/>
				</IndexedFaceSet>
			</Shape>
			<Shape DEF='_IDX_1148'>
				<Appearance USE='Material_40_IDX_40'/>
				<IndexedFaceSet solid="false" coordIndex='0 1 2 3 -1'>
					<Coordinate point='-0.980847 -5.665112 1.613005 -0.509131 -5.651279 1.254695 -0.779934 -5.756354 0.913863 -1.233949 -5.703844 1.174839'/>
				</IndexedFaceSet>
			</Shape>
			<Shape DEF='_IDX_1149'>
				<Appearance USE='Material_39_IDX_39'/>
				<IndexedFaceSet solid="false" coordIndex='0 1 2 3 -1'>
					<Coordinate point='-0.584726 -5.714306 2.175761 -0.057589 -5.614967 1.692442 -0.509131 -5.651279 1.254695 -0.980847 -5.665112 1.613005'/>
				</IndexedFaceSet>
			</Shape>
			<Shape DEF='_IDX_1150'>
				<Appearance USE='Material_38_IDX_38'/>
				<IndexedFaceSet solid="false" coordIndex='0 1 2 3 -1'>
					<Coordinate point='0.063444 -5.959480 2.952329 0.729560 -5.780493 2.296504 -0.057589 -5.614967 1.692442 -0.584726 -5.714306 2.175761'/>
				</IndexedFaceSet>
			</Shape>
			<Shape DEF='_IDX_1151'>
				<Appearance USE='Material_37_IDX_37'/>
				<IndexedFaceSet solid="false" coordIndex='0 1 2 3 -1'>
					<Coordinate point='0.063444 -5.959480 2.952329 0.729560 -5.780493 2.296504 0.729560 -5.780493 2.296504 0.063444 -5.959480 2.952329'/>
				</IndexedFaceSet>
			</Shape>
			<Shape DEF='_IDX_1152'>
				<Appearance USE='Material_36_IDX_36'/>
				<IndexedFaceSet solid="false" coordIndex='0 1 2 3 -1'>
					<Coordinate point='0.494520 -6.199042 3.429146 1.263696 -6.008286 2.667402 0.729560 -5.780493 2.296504 0.063444 -5.959480 2.952329'/>
				</IndexedFaceSet>
			</Shape>
			<Shape DEF='_IDX_1153'>
				<Appearance USE='Material_35_IDX_35'/>
				<IndexedFaceSet solid="false" coordIndex='0 1 2 3 -1'>
					<Coordinate point='1.045840 -6.570723 4.025381 1.940117 -6.399000 3.131191 1.263696 -6.008286 2.667402 0.494520 -6.199042 3.429146'/>
				</IndexedFaceSet>
			</Shape>
			<Shape DEF='_IDX_1154'>
				<Appearance USE='Material_104_IDX_104'/>
				<IndexedFaceSet solid="false" coordIndex='0 1 2 3 -1'>
					<Coordinate point='1.762348 -7.134059 4.799768 2.799576 -7.018302 3.733557 1.940117 -6.399000 3.131191 1.045840 -6.570723 4.025381'/>
				</IndexedFaceSet>
			</Shape>
			<Shape DEF='_IDX_1155'>
				<Appearance USE='Material_33_IDX_33'/>
				<IndexedFaceSet solid="false" coordIndex='0 1 2 3 -1'>
					<Coordinate point='-1.160176 -6.181625 0.187513 -0.742896 -6.294568 0.128266 -0.794739 -6.472743 0.000000 -1.226415 -6.336061 0.000000'/>
				</IndexedFaceSet>
			</Shape>
			<Shape DEF='_IDX_1156'>
				<Appearance USE='Material_32_IDX_32'/>
				<IndexedFaceSet solid="false" coordIndex='0 1 2 3 -1'>
					<Coordinate point='-1.073371 -6.031352 0.396385 -0.673445 -6.115017 0.271143 -0.742896 -6.294568 0.128266 -1.160176 -6.181625 0.187513'/>
				</IndexedFaceSet>
			</Shape>
			<Shape DEF='_IDX_1157'>
				<Appearance USE='Material_31_IDX_31'/>
				<IndexedFaceSet solid="false" coordIndex='0 1 2 3 -1'>
					<Coordinate point='-0.953938 -5.887764 0.634442 -0.575070 -5.932706 0.433984 -0.673445 -6.115017 0.271143 -1.073371 -6.031352 0.396385'/>
				</IndexedFaceSet>
			</Shape>
			<Shape DEF='_IDX_1158'>
				<Appearance USE='Material_30_IDX_30'/>
				<IndexedFaceSet solid="false" coordIndex='0 1 2 3 -1'>
					<Coordinate point='-0.779934 -5.756354 0.913863 -0.425573 -5.745485 0.625119 -0.575070 -5.932706 0.433984 -0.953938 -5.887764 0.634442'/>
				</IndexedFaceSet>
			</Shape>
			<Shape DEF='_IDX_1159'>
				<Appearance USE='Material_106_IDX_106'/>
				<IndexedFaceSet solid="false" coordIndex='0 1 2 3 -1'>
					<Coordinate point='-0.509131 -5.651279 1.254695 -0.176669 -5.552304 0.858262 -0.425573 -5.745485 0.625119 -0.779934 -5.756354 0.913863'/>
				</IndexedFaceSet>
			</Shape>
			<Shape DEF='_IDX_1160'>
				<Appearance USE='Material_28_IDX_28'/>
				<IndexedFaceSet solid="false" coordIndex='0 1 2 3 -1'>
					<Coordinate point='-0.057589 -5.614967 1.692442 0.288075 -5.371679 1.157699 -0.176669 -5.552304 0.858262 -0.509131 -5.651279 1.254695'/>
				</IndexedFaceSet>
			</Shape>
			<Shape DEF='_IDX_1161'>
				<Appearance USE='Material_27_IDX_27'/>
				<IndexedFaceSet solid="false" coordIndex='0 1 2 3 -1'>
					<Coordinate point='0.729560 -5.780493 2.296504 1.228835 -5.364120 1.570902 0.288075 -5.371679 1.157699 -0.057589 -5.614967 1.692442'/>
				</IndexedFaceSet>
			</Shape>
			<Shape DEF='_IDX_1162'>
				<Appearance USE='Material_26_IDX_26'/>
				<IndexedFaceSet solid="false" coordIndex='0 1 2 3 -1'>
					<Coordinate point='0.729560 -5.780493 2.296504 1.228835 -5.364120 1.570902 1.228835 -5.364120 1.570902 0.729560 -5.780493 2.296504'/>
				</IndexedFaceSet>
			</Shape>
			<Shape DEF='_IDX_1163'>
				<Appearance USE='Material_25_IDX_25'/>
				<IndexedFaceSet solid="false" coordIndex='0 1 2 3 -1'>
					<Coordinate point='1.263696 -6.008286 2.667402 1.901057 -5.562728 1.824610 1.228835 -5.364120 1.570902 0.729560 -5.780493 2.296504'/>
				</IndexedFaceSet>
			</Shape>
			<Shape DEF='_IDX_1164'>
				<Appearance USE='Material_24_IDX_24'/>
				<IndexedFaceSet solid="false" coordIndex='0 1 2 3 -1'>
					<Coordinate point='1.940117 -6.399000 3.131191 2.726857 -5.985097 2.141860 1.901057 -5.562728 1.824610 1.263696 -6.008286 2.667402'/>
				</IndexedFaceSet>
			</Shape>
			<Shape DEF='_IDX_1165'>
				<Appearance USE='Material_105_IDX_105'/>
				<IndexedFaceSet solid="false" coordIndex='0 1 2 3 -1'>
					<Coordinate point='2.799576 -7.018302 3.733557 3.723827 -6.683511 2.553904 2.726857 -5.985097 2.141860 1.940117 -6.399000 3.131191'/>
				</IndexedFaceSet>
			</Shape>
			<Shape DEF='_IDX_1166'>
				<Appearance USE='Material_22_IDX_22'/>
				<IndexedFaceSet solid="false" coordIndex='0 1 2 3 -1'>
					<Coordinate point='-0.742896 -6.294568 0.128266 -0.360827 -6.356274 0.065122 -0.389498 -6.551083 0.000000 -0.794739 -6.472743 0.000000'/>
				</IndexedFaceSet>
			</Shape>
			<Shape DEF='_IDX_1167'>
				<Appearance USE='Material_21_IDX_21'/>
				<IndexedFaceSet solid="false" coordIndex='0 1 2 3 -1'>
					<Coordinate point='-0.673445 -6.115017 0.271143 -0.321789 -6.155151 0.137663 -0.360827 -6.356274 0.065122 -0.742896 -6.294568 0.128266'/>
				</IndexedFaceSet>
			</Shape>
			<Shape DEF='_IDX_1168'>
				<Appearance USE='Material_20_IDX_20'/>
				<IndexedFaceSet solid="false" coordIndex='0 1 2 3 -1'>
					<Coordinate point='-0.575070 -5.932706 0.433984 -0.265180 -5.942122 0.220340 -0.321789 -6.155151 0.137663 -0.673445 -6.115017 0.271143'/>
				</IndexedFaceSet>
			</Shape>
			<Shape DEF='_IDX_1169'>
				<Appearance USE='Material_19_IDX_19'/>
				<IndexedFaceSet solid="false" coordIndex='0 1 2 3 -1'>
					<Coordinate point='-0.425573 -5.745485 0.625119 -0.175755 -5.705267 0.317381 -0.265180 -5.942122 0.220340 -0.575070 -5.932706 0.433984'/>
				</IndexedFaceSet>
			</Shape>
			<Shape DEF='_IDX_1170'>
				<Appearance USE='Material_18_IDX_18'/>
				<IndexedFaceSet solid="false" coordIndex='0 1 2 3 -1'>
					<Coordinate point='-0.176669 -5.552304 0.858262 -0.015154 -5.417034 0.435751 -0.175755 -5.705267 0.317381 -0.425573 -5.745485 0.625119'/>
				</IndexedFaceSet>
			</Shape>
			<Shape DEF='_IDX_1171'>
				<Appearance USE='Material_17_IDX_17'/>
				<IndexedFaceSet solid="false" coordIndex='0 1 2 3 -1'>
					<Coordinate point='0.288075 -5.371679 1.157699 0.344958 -5.012757 0.587779 -0.015154 -5.417034 0.435751 -0.176669 -5.552304 0.858262'/>
				</IndexedFaceSet>
			</Shape>
			<Shape DEF='_IDX_1172'>
				<Appearance USE='Material_16_IDX_16'/>
				<IndexedFaceSet solid="false" coordIndex='0 1 2 3 -1'>
					<Coordinate point='1.228835 -5.364120 1.570902 1.473808 -4.555895 0.797568 0.344958 -5.012757 0.587779 0.288075 -5.371679 1.157699'/>
				</IndexedFaceSet>
			</Shape>
			<Shape DEF='_IDX_1173'>
				<Appearance USE='Material_15_IDX_15'/>
				<IndexedFaceSet solid="false" coordIndex='0 1 2 3 -1'>
					<Coordinate point='1.228835 -5.364120 1.570902 1.473808 -4.555895 0.797568 1.473808 -4.555895 0.797568 1.228835 -5.364120 1.570902'/>
				</IndexedFaceSet>
			</Shape>
			<Shape DEF='_IDX_1174'>
				<Appearance USE='Material_107_IDX_107'/>
				<IndexedFaceSet solid="false" coordIndex='0 1 2 3 -1'>
					<Coordinate point='1.901057 -5.562728 1.824610 2.438344 -4.723884 0.926379 1.473808 -4.555895 0.797568 1.228835 -5.364120 1.570902'/>
				</IndexedFaceSet>
			</Shape>
			<Shape DEF='_IDX_1175'>
				<Appearance USE='Material_13_IDX_13'/>
				<IndexedFaceSet solid="false" coordIndex='0 1 2 3 -1'>
					<Coordinate point='2.726857 -5.985097 2.141860 3.467321 -5.274914 1.087451 2.438344 -4.723884 0.926379 1.901057 -5.562728 1.824610'/>
				</IndexedFaceSet>
			</Shape>
			<Shape DEF='_IDX_1176'>
				<Appearance USE='Material_12_IDX_12'/>
				<IndexedFaceSet solid="false" coordIndex='0 1 2 3 -1'>
					<Coordinate point='3.723827 -6.683511 2.553904 4.569270 -6.119602 1.296651 3.467321 -5.274914 1.087451 2.726857 -5.985097 2.141860'/>
				</IndexedFaceSet>
			</Shape>
			<Shape DEF='_IDX_1177'>
				<Appearance USE='Material_11_IDX_11'/>
				<IndexedFaceSet solid="false" coordIndex='0 1 2 3 -1'>
					<Coordinate point='-0.360827 -6.356274 0.065122 0.000157 -6.375573 -0.000000 0.000157 -6.576431 0.000000 -0.389498 -6.551083 0.000000'/>
				</IndexedFaceSet>
			</Shape>
			<Shape DEF='_IDX_1178'>
				<Appearance USE='Material_10_IDX_10'/>
				<IndexedFaceSet solid="false" coordIndex='0 1 2 3 -1'>
					<Coordinate point='-0.321789 -6.155151 0.137663 0.000157 -6.166367 0.000000 0.000157 -6.375573 -0.000000 -0.360827 -6.356274 0.065122'/>
				</IndexedFaceSet>
			</Shape>
			<Shape DEF='_IDX_1179'>
				<Appearance USE='Material_9_IDX_9'/>
				<IndexedFaceSet solid="false" coordIndex='0 1 2 3 -1'>
					<Coordinate point='-0.265180 -5.942122 0.220340 0.000157 -5.941283 0.000000 0.000157 -6.166367 0.000000 -0.321789 -6.155151 0.137663'/>
				</IndexedFaceSet>
			</Shape>
			<Shape DEF='_IDX_1180'>
				<Appearance USE='Material_8_IDX_8'/>
				<IndexedFaceSet solid="false" coordIndex='0 1 2 3 -1'>
					<Coordinate point='-0.175755 -5.705267 0.317381 0.000157 -5.683394 -0.000000 0.000157 -5.941283 0.000000 -0.265180 -5.942122 0.220340'/>
				</IndexedFaceSet>
			</Shape>
			<Shape DEF='_IDX_1181'>
				<Appearance USE='Material_7_IDX_7'/>
				<IndexedFaceSet solid="false" coordIndex='0 1 2 3 -1'>
					<Coordinate point='-0.015154 -5.417034 0.435751 0.000157 -5.348300 -0.000000 0.000157 -5.683394 -0.000000 -0.175755 -5.705267 0.317381'/>
				</IndexedFaceSet>
			</Shape>
			<Shape DEF='_IDX_1182'>
				<Appearance USE='Material_6_IDX_6'/>
				<IndexedFaceSet solid="false" coordIndex='0 1 2 3 -1'>
					<Coordinate point='0.344958 -5.012757 0.587779 0.000157 -4.779771 0.000000 0.000157 -5.348300 -0.000000 -0.015154 -5.417034 0.435751'/>
				</IndexedFaceSet>
			</Shape>
			<Shape DEF='_IDX_1183'>
				<Appearance USE='Material_5_IDX_5'/>
				<IndexedFaceSet solid="false" coordIndex='0 1 2 3 -1'>
					<Coordinate point='1.473808 -4.555895 0.797568 0.000179 -0.001706 0.000000 0.000157 -4.779771 0.000000 0.344958 -5.012757 0.587779'/>
				</IndexedFaceSet>
			</Shape>
			<Shape DEF='_IDX_1184'>
				<Appearance USE='Material_4_IDX_4'/>
				<IndexedFaceSet solid="false" coordIndex='0 1 2 3 -1'>
					<Coordinate point='1.473808 -4.555895 0.797568 0.000456 -0.000747 0.000000 0.000179 -0.001706 0.000000 1.473808 -4.555895 0.797568'/>
				</IndexedFaceSet>
			</Shape>
			<Shape DEF='_IDX_1185'>
				<Appearance USE='Material_3_IDX_3'/>
				<IndexedFaceSet solid="false" coordIndex='0 1 2 3 -1'>
					<Coordinate point='2.438344 -4.723884 0.926379 3.310548 -3.310390 -0.000000 0.000456 -0.000747 0.000000 1.473808 -4.555895 0.797568'/>
				</IndexedFaceSet>
			</Shape>
			<Shape DEF='_IDX_1186'>
				<Appearance USE='Material_2_IDX_2'/>
				<IndexedFaceSet solid="false" coordIndex='0 1 2 3 -1'>
					<Coordinate point='3.467321 -5.274914 1.087451 4.327443 -4.327285 -0.000000 3.310548 -3.310390 -0.000000 2.438344 -4.723884 0.926379'/>
				</IndexedFaceSet>
			</Shape>
			<Shape DEF='_IDX_1187'>
				<Appearance USE='Material_1_IDX_1'/>
				<IndexedFaceSet solid="false" coordIndex='0 1 2 3 -1'>
					<Coordinate point='4.569270 -6.119602 1.296651 5.379230 -5.379073 0.000000 4.327443 -4.327285 -0.000000 3.467321 -5.274914 1.087451'/>
				</IndexedFaceSet>
			</Shape>
			<Shape DEF='_IDX_1188'>
				<Appearance USE='Material_1_IDX_1'/>
				<IndexedFaceSet solid="false" coordIndex='0 1 2 3 -1'>
					<Coordinate point='0.000000 -11.681051 -0.000000 0.584173 -11.576830 1.087451 0.600444 -12.721413 1.296651 -0.000000 -12.841846 0.000000'/>
				</IndexedFaceSet>
			</Shape>
			<Shape DEF='_IDX_1189'>
				<Appearance USE='Material_2_IDX_2'/>
				<IndexedFaceSet solid="false" coordIndex='0 1 2 3 -1'>
					<Coordinate point='0.000000 -10.802656 -0.000000 0.568533 -10.710655 0.926379 0.584173 -11.576830 1.087451 0.000000 -11.681051 -0.000000'/>
				</IndexedFaceSet>
			</Shape>
			<Shape DEF='_IDX_1190'>
				<Appearance USE='Material_3_IDX_3'/>
				<IndexedFaceSet solid="false" coordIndex='0 1 2 3 -1'>
					<Coordinate point='-0.000000 -10.114641 0.000000 0.553989 -10.032214 0.797568 0.568533 -10.710655 0.926379 0.000000 -10.802656 -0.000000'/>
				</IndexedFaceSet>
			</Shape>
			<Shape DEF='_IDX_1191'>
				<Appearance USE='Material_4_IDX_4'/>
				<IndexedFaceSet solid="false" coordIndex='0 1 2 3 -1'>
					<Coordinate point='-0.000000 -10.114641 0.000000 0.553989 -10.032214 0.797568 0.553989 -10.032214 0.797568 -0.000000 -10.114641 0.000000'/>
				</IndexedFaceSet>
			</Shape>
			<Shape DEF='_IDX_1192'>
				<Appearance USE='Material_5_IDX_5'/>
				<IndexedFaceSet solid="false" coordIndex='0 1 2 3 -1'>
					<Coordinate point='0.000000 -9.035929 0.000000 0.526039 -8.968643 0.587779 0.553989 -10.032214 0.797568 -0.000000 -10.114641 0.000000'/>
				</IndexedFaceSet>
			</Shape>
			<Shape DEF='_IDX_1193'>
				<Appearance USE='Material_6_IDX_6'/>
				<IndexedFaceSet solid="false" coordIndex='0 1 2 3 -1'>
					<Coordinate point='-0.000000 -8.302370 -0.000000 0.501737 -8.245685 0.435751 0.526039 -8.968643 0.587779 0.000000 -9.035929 0.000000'/>
				</IndexedFaceSet>
			</Shape>
			<Shape DEF='_IDX_1194'>
				<Appearance USE='Material_7_IDX_7'/>
				<IndexedFaceSet solid="false" coordIndex='0 1 2 3 -1'>
					<Coordinate point='0.000000 -7.770863 -0.000000 0.479455 -7.722270 0.317381 0.501737 -8.245685 0.435751 -0.000000 -8.302370 -0.000000'/>
				</IndexedFaceSet>
			</Shape>
			<Shape DEF='_IDX_1195'>
				<Appearance USE='Material_8_IDX_8'/>
				<IndexedFaceSet solid="false" coordIndex='0 1 2 3 -1'>
					<Coordinate point='0.000000 -7.367372 0.000000 0.457935 -7.325428 0.220340 0.479455 -7.722270 0.317381 0.000000 -7.770863 -0.000000'/>
				</IndexedFaceSet>
			</Shape>
			<Shape DEF='_IDX_1196'>
				<Appearance USE='Material_9_IDX_9'/>
				<IndexedFaceSet solid="false" coordIndex='0 1 2 3 -1'>
					<Coordinate point='-0.000000 -7.049608 0.000000 0.436249 -7.013496 0.137663 0.457935 -7.325428 0.220340 0.000000 -7.367372 0.000000'/>
				</IndexedFaceSet>
			</Shape>
			<Shape DEF='_IDX_1197'>
				<Appearance USE='Material_10_IDX_10'/>
				<IndexedFaceSet solid="false" coordIndex='0 1 2 3 -1'>
					<Coordinate point='-0.000000 -6.791561 0.000000 0.413682 -6.760879 0.065122 0.436249 -7.013496 0.137663 -0.000000 -7.049608 0.000000'/>
				</IndexedFaceSet>
			</Shape>
			<Shape DEF='_IDX_1198'>
				<Appearance USE='Material_11_IDX_11'/>
				<IndexedFaceSet solid="false" coordIndex='0 1 2 3 -1'>
					<Coordinate point='0.000000 -6.576274 0.000000 0.389656 -6.550925 0.000000 0.413682 -6.760879 0.065122 -0.000000 -6.791561 0.000000'/>
				</IndexedFaceSet>
			</Shape>
			<Shape DEF='_IDX_1199'>
				<Appearance USE='Material_12_IDX_12'/>
				<IndexedFaceSet solid="false" coordIndex='0 1 2 3 -1'>
					<Coordinate point='0.584173 -11.576830 1.087451 1.170649 -11.267145 2.141860 1.204782 -12.363655 2.553904 0.600444 -12.721413 1.296651'/>
				</IndexedFaceSet>
			</Shape>
			<Shape DEF='_IDX_1200'>
				<Appearance USE='Material_13_IDX_13'/>
				<IndexedFaceSet solid="false" coordIndex='0 1 2 3 -1'>
					<Coordinate point='0.568533 -10.710655 0.926379 1.138483 -10.437204 1.824610 1.170649 -11.267145 2.141860 0.584173 -11.576830 1.087451'/>
				</IndexedFaceSet>
			</Shape>
			<Shape DEF='_IDX_1201'>
				<Appearance USE='Material_14_IDX_14'/>
				<IndexedFaceSet solid="false" coordIndex='0 1 2 3 -1'>
					<Coordinate point='0.553989 -10.032214 0.797568 1.108962 -9.787140 1.570902 1.138483 -10.437204 1.824610 0.568533 -10.710655 0.926379'/>
				</IndexedFaceSet>
			</Shape>
			<Shape DEF='_IDX_1202'>
				<Appearance USE='Material_15_IDX_15'/>
				<IndexedFaceSet solid="false" coordIndex='0 1 2 3 -1'>
					<Coordinate point='0.553989 -10.032214 0.797568 1.108962 -9.787140 1.570902 1.108962 -9.787140 1.570902 0.553989 -10.032214 0.797568'/>
				</IndexedFaceSet>
			</Shape>
			<Shape DEF='_IDX_1203'>
				<Appearance USE='Material_16_IDX_16'/>
				<IndexedFaceSet solid="false" coordIndex='0 1 2 3 -1'>
					<Coordinate point='0.526039 -8.968643 0.587779 1.053111 -8.768405 1.157699 1.108962 -9.787140 1.570902 0.553989 -10.032214 0.797568'/>
				</IndexedFaceSet>
			</Shape>
			<Shape DEF='_IDX_1204'>
				<Appearance USE='Material_17_IDX_17'/>
				<IndexedFaceSet solid="false" coordIndex='0 1 2 3 -1'>
					<Coordinate point='0.501737 -8.245685 0.435751 1.005425 -8.076756 0.858262 1.053111 -8.768405 1.157699 0.526039 -8.968643 0.587779'/>
				</IndexedFaceSet>
			</Shape>
			<Shape DEF='_IDX_1205'>
				<Appearance USE='Material_18_IDX_18'/>
				<IndexedFaceSet solid="false" coordIndex='0 1 2 3 -1'>
					<Coordinate point='0.479455 -7.722270 0.317381 0.962402 -7.577143 0.625119 1.005425 -8.076756 0.858262 0.501737 -8.245685 0.435751'/>
				</IndexedFaceSet>
			</Shape>
			<Shape DEF='_IDX_1206'>
				<Appearance USE='Material_19_IDX_19'/>
				<IndexedFaceSet solid="false" coordIndex='0 1 2 3 -1'>
					<Coordinate point='0.457935 -7.325428 0.220340 0.921457 -7.199724 0.433984 0.962402 -7.577143 0.625119 0.479455 -7.722270 0.317381'/>
				</IndexedFaceSet>
			</Shape>
			<Shape DEF='_IDX_1207'>
				<Appearance USE='Material_20_IDX_20'/>
				<IndexedFaceSet solid="false" coordIndex='0 1 2 3 -1'>
					<Coordinate point='0.436249 -7.013496 0.137663 0.880744 -6.904666 0.271143 0.921457 -7.199724 0.433984 0.457935 -7.325428 0.220340'/>
				</IndexedFaceSet>
			</Shape>
			<Shape DEF='_IDX_1208'>
				<Appearance USE='Material_21_IDX_21'/>
				<IndexedFaceSet solid="false" coordIndex='0 1 2 3 -1'>
					<Coordinate point='0.413682 -6.760879 0.065122 0.838906 -6.667556 0.128266 0.880744 -6.904666 0.271143 0.436249 -7.013496 0.137663'/>
				</IndexedFaceSet>
			</Shape>
			<Shape DEF='_IDX_1209'>
				<Appearance USE='Material_22_IDX_22'/>
				<IndexedFaceSet solid="false" coordIndex='0 1 2 3 -1'>
					<Coordinate point='0.389656 -6.550925 0.000000 0.794896 -6.472585 0.000000 0.838906 -6.667556 0.128266 0.413682 -6.760879 0.065122'/>
				</IndexedFaceSet>
			</Shape>
			<Shape DEF='_IDX_1210'>
				<Appearance USE='Material_23_IDX_23'/>
				<IndexedFaceSet solid="false" coordIndex='0 1 2 3 -1'>
					<Coordinate point='1.170649 -11.267145 2.141860 1.760941 -10.760845 3.131191 1.816008 -11.779077 3.733557 1.204782 -12.363655 2.553904'/>
				</IndexedFaceSet>
			</Shape>
			<Shape DEF='_IDX_1211'>
				<Appearance USE='Material_24_IDX_24'/>
				<IndexedFaceSet solid="false" coordIndex='0 1 2 3 -1'>
					<Coordinate point='1.138483 -10.437204 1.824610 1.710529 -9.989891 2.667402 1.760941 -10.760845 3.131191 1.170649 -11.267145 2.141860'/>
				</IndexedFaceSet>
			</Shape>
			<Shape DEF='_IDX_1212'>
				<Appearance USE='Material_25_IDX_25'/>
				<IndexedFaceSet solid="false" coordIndex='0 1 2 3 -1'>
					<Coordinate point='1.108962 -9.787140 1.570902 1.665190 -9.385996 2.296504 1.710529 -9.989891 2.667402 1.138483 -10.437204 1.824610'/>
				</IndexedFaceSet>
			</Shape>
			<Shape DEF='_IDX_1213'>
				<Appearance USE='Material_26_IDX_26'/>
				<IndexedFaceSet solid="false" coordIndex='0 1 2 3 -1'>
					<Coordinate point='1.108962 -9.787140 1.570902 1.665190 -9.385996 2.296504 1.665190 -9.385996 2.296504 1.108962 -9.787140 1.570902'/>
				</IndexedFaceSet>
			</Shape>
			<Shape DEF='_IDX_1214'>
				<Appearance USE='Material_27_IDX_27'/>
				<IndexedFaceSet solid="false" coordIndex='0 1 2 3 -1'>
					<Coordinate point='1.053111 -8.768405 1.157699 1.581486 -8.440075 1.692442 1.665190 -9.385996 2.296504 1.108962 -9.787140 1.570902'/>
				</IndexedFaceSet>
			</Shape>
			<Shape DEF='_IDX_1215'>
				<Appearance USE='Material_28_IDX_28'/>
				<IndexedFaceSet solid="false" coordIndex='0 1 2 3 -1'>
					<Coordinate point='1.005425 -8.076756 0.858262 1.512084 -7.799040 1.254695 1.581486 -8.440075 1.692442 1.053111 -8.768405 1.157699'/>
				</IndexedFaceSet>
			</Shape>
			<Shape DEF='_IDX_1216'>
				<Appearance USE='Material_29_IDX_29'/>
				<IndexedFaceSet solid="false" coordIndex='0 1 2 3 -1'>
					<Coordinate point='0.962402 -7.577143 0.625119 1.451103 -7.337605 0.913863 1.512084 -7.799040 1.254695 1.005425 -8.076756 0.858262'/>
				</IndexedFaceSet>
			</Shape>
			<Shape DEF='_IDX_1217'>
				<Appearance USE='Material_30_IDX_30'/>
				<IndexedFaceSet solid="false" coordIndex='0 1 2 3 -1'>
					<Coordinate point='0.921457 -7.199724 0.433984 1.394461 -6.990969 0.634442 1.451103 -7.337605 0.913863 0.962402 -7.577143 0.625119'/>
				</IndexedFaceSet>
			</Shape>
			<Shape DEF='_IDX_1218'>
				<Appearance USE='Material_31_IDX_31'/>
				<IndexedFaceSet solid="false" coordIndex='0 1 2 3 -1'>
					<Coordinate point='0.880744 -6.904666 0.271143 1.339366 -6.722198 0.396385 1.394461 -6.990969 0.634442 0.921457 -7.199724 0.433984'/>
				</IndexedFaceSet>
			</Shape>
			<Shape DEF='_IDX_1219'>
				<Appearance USE='Material_32_IDX_32'/>
				<IndexedFaceSet solid="false" coordIndex='0 1 2 3 -1'>
					<Coordinate point='0.838906 -6.667556 0.128266 1.283871 -6.508702 0.187513 1.339366 -6.722198 0.396385 0.880744 -6.904666 0.271143'/>
				</IndexedFaceSet>
			</Shape>
			<Shape DEF='_IDX_1220'>
				<Appearance USE='Material_33_IDX_33'/>
				<IndexedFaceSet solid="false" coordIndex='0 1 2 3 -1'>
					<Coordinate point='0.794896 -6.472585 0.000000 1.226572 -6.335903 0.000000 1.283871 -6.508702 0.187513 0.838906 -6.667556 0.128266'/>
				</IndexedFaceSet>
			</Shape>
			<Shape DEF='_IDX_1221'>
				<Appearance USE='Material_34_IDX_34'/>
				<IndexedFaceSet solid="false" coordIndex='0 1 2 3 -1'>
					<Coordinate point='1.760941 -10.760845 3.131191 2.355032 -10.072365 4.025381 2.435381 -10.984776 4.799768 1.816008 -11.779077 3.733557'/>
				</IndexedFaceSet>
			</Shape>
			<Shape DEF='_IDX_1222'>
				<Appearance USE='Material_35_IDX_35'/>
				<IndexedFaceSet solid="false" coordIndex='0 1 2 3 -1'>
					<Coordinate point='1.710529 -9.989891 2.667402 2.283946 -9.381126 3.429146 2.355032 -10.072365 4.025381 1.760941 -10.760845 3.131191'/>
				</IndexedFaceSet>
			</Shape>
			<Shape DEF='_IDX_1223'>
				<Appearance USE='Material_36_IDX_36'/>
				<IndexedFaceSet solid="false" coordIndex='0 1 2 3 -1'>
					<Coordinate point='1.665190 -9.385996 2.296504 2.221589 -8.839577 2.952329 2.283946 -9.381126 3.429146 1.710529 -9.989891 2.667402'/>
				</IndexedFaceSet>
			</Shape>
			<Shape DEF='_IDX_1224'>
				<Appearance USE='Material_37_IDX_37'/>
				<IndexedFaceSet solid="false" coordIndex='0 1 2 3 -1'>
					<Coordinate point='1.665190 -9.385996 2.296504 2.221589 -8.839577 2.952329 2.221589 -8.839577 2.952329 1.665190 -9.385996 2.296504'/>
				</IndexedFaceSet>
			</Shape>
			<Shape DEF='_IDX_1225'>
				<Appearance USE='Material_38_IDX_38'/>
				<IndexedFaceSet solid="false" coordIndex='0 1 2 3 -1'>
					<Coordinate point='1.581486 -8.440075 1.692442 2.110016 -7.991750 2.175761 2.221589 -8.839577 2.952329 1.665190 -9.385996 2.296504'/>
				</IndexedFaceSet>
			</Shape>
			<Shape DEF='_IDX_1226'>
				<Appearance USE='Material_39_IDX_39'/>
				<IndexedFaceSet solid="false" coordIndex='0 1 2 3 -1'>
					<Coordinate point='1.512084 -7.799040 1.254695 2.021052 -7.418491 1.613005 2.110016 -7.991750 2.175761 1.581486 -8.440075 1.692442'/>
				</IndexedFaceSet>
			</Shape>
			<Shape DEF='_IDX_1227'>
				<Appearance USE='Material_40_IDX_40'/>
				<IndexedFaceSet solid="false" coordIndex='0 1 2 3 -1'>
					<Coordinate point='1.451103 -7.337605 0.913863 1.945680 -7.007665 1.174839 2.021052 -7.418491 1.613005 1.512084 -7.799040 1.254695'/>
				</IndexedFaceSet>
			</Shape>
			<Shape DEF='_IDX_1228'>
				<Appearance USE='Material_41_IDX_41'/>
				<IndexedFaceSet solid="false" coordIndex='0 1 2 3 -1'>
					<Coordinate point='1.394461 -6.990969 0.634442 1.878007 -6.701216 0.815623 1.945680 -7.007665 1.174839 1.451103 -7.337605 0.913863'/>
				</IndexedFaceSet>
			</Shape>
			<Shape DEF='_IDX_1229'>
				<Appearance USE='Material_42_IDX_42'/>
				<IndexedFaceSet solid="false" coordIndex='0 1 2 3 -1'>
					<Coordinate point='1.339366 -6.722198 0.396385 1.814182 -6.466043 0.509583 1.878007 -6.701216 0.815623 1.394461 -6.990969 0.634442'/>
				</IndexedFaceSet>
			</Shape>
			<Shape DEF='_IDX_1230'>
				<Appearance USE='Material_43_IDX_43'/>
				<IndexedFaceSet solid="false" coordIndex='0 1 2 3 -1'>
					<Coordinate point='1.283871 -6.508702 0.187513 1.751635 -6.281902 0.241062 1.814182 -6.466043 0.509583 1.339366 -6.722198 0.396385'/>
				</IndexedFaceSet>
			</Shape>
			<Shape DEF='_IDX_1231'>
				<Appearance USE='Material_44_IDX_44'/>
				<IndexedFaceSet solid="false" coordIndex='0 1 2 3 -1'>
					<Coordinate point='1.226572 -6.335903 0.000000 1.688615 -6.135735 0.000000 1.751635 -6.281902 0.241062 1.283871 -6.508702 0.187513'/>
				</IndexedFaceSet>
			</Shape>
			<Shape DEF='_IDX_1232'>
				<Appearance USE='Material_45_IDX_45'/>
				<IndexedFaceSet solid="false" coordIndex='0 1 2 3 -1'>
					<Coordinate point='2.355032 -10.072365 4.025381 2.950752 -9.221252 4.797262 3.061687 -10.003846 5.720141 2.435381 -10.984776 4.799768'/>
				</IndexedFaceSet>
			</Shape>
			<Shape DEF='_IDX_1233'>
				<Appearance USE='Material_46_IDX_46'/>
				<IndexedFaceSet solid="false" coordIndex='0 1 2 3 -1'>
					<Coordinate point='2.283946 -9.381126 3.429146 2.856035 -8.627785 4.086697 2.950752 -9.221252 4.797262 2.355032 -10.072365 4.025381'/>
				</IndexedFaceSet>
			</Shape>
			<Shape DEF='_IDX_1234'>
				<Appearance USE='Material_47_IDX_47'/>
				<IndexedFaceSet solid="false" coordIndex='0 1 2 3 -1'>
					<Coordinate point='2.221589 -8.839577 2.952329 2.775196 -8.162635 3.518449 2.856035 -8.627785 4.086697 2.283946 -9.381126 3.429146'/>
				</IndexedFaceSet>
			</Shape>
			<Shape DEF='_IDX_1235'>
				<Appearance USE='Material_48_IDX_48'/>
				<IndexedFaceSet solid="false" coordIndex='0 1 2 3 -1'>
					<Coordinate point='2.221589 -8.839577 2.952329 2.775196 -8.162635 3.518449 2.775196 -8.162635 3.518449 2.221589 -8.839577 2.952329'/>
				</IndexedFaceSet>
			</Shape>
			<Shape DEF='_IDX_1236'>
				<Appearance USE='Material_49_IDX_49'/>
				<IndexedFaceSet solid="false" coordIndex='0 1 2 3 -1'>
					<Coordinate point='2.110016 -7.991750 2.175761 2.635664 -7.434696 2.592972 2.775196 -8.162635 3.518449 2.221589 -8.839577 2.952329'/>
				</IndexedFaceSet>
			</Shape>
			<Shape DEF='_IDX_1237'>
				<Appearance USE='Material_50_IDX_50'/>
				<IndexedFaceSet solid="false" coordIndex='0 1 2 3 -1'>
					<Coordinate point='2.021052 -7.418491 1.613005 2.529535 -6.943709 1.922304 2.635664 -7.434696 2.592972 2.110016 -7.991750 2.175761'/>
				</IndexedFaceSet>
			</Shape>
			<Shape DEF='_IDX_1238'>
				<Appearance USE='Material_51_IDX_51'/>
				<IndexedFaceSet solid="false" coordIndex='0 1 2 3 -1'>
					<Coordinate point='1.945680 -7.007665 1.174839 2.443666 -6.593634 1.400119 2.529535 -6.943709 1.922304 2.021052 -7.418491 1.613005'/>
				</IndexedFaceSet>
			</Shape>
			<Shape DEF='_IDX_1239'>
				<Appearance USE='Material_52_IDX_52'/>
				<IndexedFaceSet solid="false" coordIndex='0 1 2 3 -1'>
					<Coordinate point='1.878007 -6.701216 0.815623 2.369922 -6.334644 0.972022 2.443666 -6.593634 1.400119 1.945680 -7.007665 1.174839'/>
				</IndexedFaceSet>
			</Shape>
			<Shape DEF='_IDX_1240'>
				<Appearance USE='Material_53_IDX_53'/>
				<IndexedFaceSet solid="false" coordIndex='0 1 2 3 -1'>
					<Coordinate point='1.814182 -6.466043 0.509583 2.303171 -6.138278 0.607297 2.369922 -6.334644 0.972022 1.878007 -6.701216 0.815623'/>
				</IndexedFaceSet>
			</Shape>
			<Shape DEF='_IDX_1241'>
				<Appearance USE='Material_54_IDX_54'/>
				<IndexedFaceSet solid="false" coordIndex='0 1 2 3 -1'>
					<Coordinate point='1.751635 -6.281902 0.241062 2.240102 -5.987092 0.287286 2.303171 -6.138278 0.607297 1.814182 -6.466043 0.509583'/>
				</IndexedFaceSet>
			</Shape>
			<Shape DEF='_IDX_1242'>
				<Appearance USE='Material_55_IDX_55'/>
				<IndexedFaceSet solid="false" coordIndex='0 1 2 3 -1'>
					<Coordinate point='1.688615 -6.135735 0.000000 2.178530 -5.869804 0.000000 2.240102 -5.987092 0.287286 1.751635 -6.281902 0.241062'/>
				</IndexedFaceSet>
			</Shape>
			<Shape DEF='_IDX_1243'>
				<Appearance USE='Material_56_IDX_56'/>
				<IndexedFaceSet solid="false" coordIndex='0 1 2 3 -1'>
					<Coordinate point='2.950752 -9.221252 4.797262 3.543281 -8.231532 5.423381 3.690657 -8.864565 6.466711 3.061687 -10.003846 5.720141'/>
				</IndexedFaceSet>
			</Shape>
			<Shape DEF='_IDX_1244'>
				<Appearance USE='Material_57_IDX_57'/>
				<IndexedFaceSet solid="false" coordIndex='0 1 2 3 -1'>
					<Coordinate point='2.856035 -8.627785 4.086697 3.421702 -7.750699 4.620075 3.543281 -8.231532 5.423381 2.950752 -9.221252 4.797262'/>
				</IndexedFaceSet>
			</Shape>
			<Shape DEF='_IDX_1245'>
				<Appearance USE='Material_58_IDX_58'/>
				<IndexedFaceSet solid="false" coordIndex='0 1 2 3 -1'>
					<Coordinate point='2.775196 -8.162635 3.518449 3.320807 -7.373494 3.977663 3.421702 -7.750699 4.620075 2.856035 -8.627785 4.086697'/>
				</IndexedFaceSet>
			</Shape>
			<Shape DEF='_IDX_1246'>
				<Appearance USE='Material_59_IDX_59'/>
				<IndexedFaceSet solid="false" coordIndex='0 1 2 3 -1'>
					<Coordinate point='2.775196 -8.162635 3.518449 3.320807 -7.373494 3.977663 3.320807 -7.373494 3.977663 2.775196 -8.162635 3.518449'/>
				</IndexedFaceSet>
			</Shape>
			<Shape DEF='_IDX_1247'>
				<Appearance USE='Material_60_IDX_60'/>
				<IndexedFaceSet solid="false" coordIndex='0 1 2 3 -1'>
					<Coordinate point='2.635664 -7.434696 2.592972 3.153239 -6.783176 2.931396 3.320807 -7.373494 3.977663 2.775196 -8.162635 3.518449'/>
				</IndexedFaceSet>
			</Shape>
			<Shape DEF='_IDX_1248'>
				<Appearance USE='Material_61_IDX_61'/>
				<IndexedFaceSet solid="false" coordIndex='0 1 2 3 -1'>
					<Coordinate point='2.529535 -6.943709 1.922304 3.032441 -6.385970 2.173196 3.153239 -6.783176 2.931396 2.635664 -7.434696 2.592972'/>
				</IndexedFaceSet>
			</Shape>
			<Shape DEF='_IDX_1249'>
				<Appearance USE='Material_62_IDX_62'/>
				<IndexedFaceSet solid="false" coordIndex='0 1 2 3 -1'>
					<Coordinate point='2.443666 -6.593634 1.400119 2.939996 -6.104369 1.582857 3.032441 -6.385970 2.173196 2.529535 -6.943709 1.922304'/>
				</IndexedFaceSet>
			</Shape>
			<Shape DEF='_IDX_1250'>
				<Appearance USE='Material_63_IDX_63'/>
				<IndexedFaceSet solid="false" coordIndex='0 1 2 3 -1'>
					<Coordinate point='2.369922 -6.334644 0.972022 2.864992 -5.898025 1.098887 2.939996 -6.104369 1.582857 2.443666 -6.593634 1.400119'/>
				</IndexedFaceSet>
			</Shape>
			<Shape DEF='_IDX_1251'>
				<Appearance USE='Material_64_IDX_64'/>
				<IndexedFaceSet solid="false" coordIndex='0 1 2 3 -1'>
					<Coordinate point='2.303171 -6.138278 0.607297 2.800745 -5.743808 0.686559 2.864992 -5.898025 1.098887 2.369922 -6.334644 0.972022'/>
				</IndexedFaceSet>
			</Shape>
			<Shape DEF='_IDX_1252'>
				<Appearance USE='Material_65_IDX_65'/>
				<IndexedFaceSet solid="false" coordIndex='0 1 2 3 -1'>
					<Coordinate point='2.240102 -5.987092 0.287286 2.743028 -5.627481 0.324781 2.800745 -5.743808 0.686559 2.303171 -6.138278 0.607297'/>
				</IndexedFaceSet>
			</Shape>
			<Shape DEF='_IDX_1253'>
				<Appearance USE='Material_66_IDX_66'/>
				<IndexedFaceSet solid="false" coordIndex='0 1 2 3 -1'>
					<Coordinate point='2.178530 -5.869804 0.000000 2.689105 -5.539789 0.000000 2.743028 -5.627481 0.324781 2.240102 -5.987092 0.287286'/>
				</IndexedFaceSet>
			</Shape>
			<Shape DEF='_IDX_1254'>
				<Appearance USE='Material_67_IDX_67'/>
				<IndexedFaceSet solid="false" coordIndex='0 1 2 3 -1'>
					<Coordinate point='3.543281 -8.231532 5.423381 4.124815 -7.130902 5.884713 4.314562 -7.599383 7.016792 3.690657 -8.864565 6.466711'/>
				</IndexedFaceSet>
			</Shape>
			<Shape DEF='_IDX_1255'>
				<Appearance USE='Material_68_IDX_68'/>
				<IndexedFaceSet solid="false" coordIndex='0 1 2 3 -1'>
					<Coordinate point='3.421702 -7.750699 4.620075 3.973190 -6.774016 5.013075 4.124815 -7.130902 5.884713 3.543281 -8.231532 5.423381'/>
				</IndexedFaceSet>
			</Shape>
			<Shape DEF='_IDX_1256'>
				<Appearance USE='Material_69_IDX_69'/>
				<IndexedFaceSet solid="false" coordIndex='0 1 2 3 -1'>
					<Coordinate point='3.320807 -7.373494 3.977663 3.850761 -6.493530 4.316017 3.973190 -6.774016 5.013075 3.421702 -7.750699 4.620075'/>
				</IndexedFaceSet>
			</Shape>
			<Shape DEF='_IDX_1257'>
				<Appearance USE='Material_70_IDX_70'/>
				<IndexedFaceSet solid="false" coordIndex='0 1 2 3 -1'>
					<Coordinate point='3.320807 -7.373494 3.977663 3.850761 -6.493530 4.316017 3.850761 -6.493530 4.316017 3.320807 -7.373494 3.977663'/>
				</IndexedFaceSet>
			</Shape>
			<Shape DEF='_IDX_1258'>
				<Appearance USE='Material_71_IDX_71'/>
				<IndexedFaceSet solid="false" coordIndex='0 1 2 3 -1'>
					<Coordinate point='3.153239 -6.783176 2.931396 3.655316 -6.054155 3.180750 3.850761 -6.493530 4.316017 3.320807 -7.373494 3.977663'/>
				</IndexedFaceSet>
			</Shape>
			<Shape DEF='_IDX_1259'>
				<Appearance USE='Material_72_IDX_72'/>
				<IndexedFaceSet solid="false" coordIndex='0 1 2 3 -1'>
					<Coordinate point='3.032441 -6.385970 2.173196 3.522461 -5.759089 2.358055 3.655316 -6.054155 3.180750 3.153239 -6.783176 2.931396'/>
				</IndexedFaceSet>
			</Shape>
			<Shape DEF='_IDX_1260'>
				<Appearance USE='Material_73_IDX_73'/>
				<IndexedFaceSet solid="false" coordIndex='0 1 2 3 -1'>
					<Coordinate point='2.939996 -6.104369 1.582857 3.427266 -5.551256 1.717500 3.522461 -5.759089 2.358055 3.032441 -6.385970 2.173196'/>
				</IndexedFaceSet>
			</Shape>
			<Shape DEF='_IDX_1261'>
				<Appearance USE='Material_74_IDX_74'/>
				<IndexedFaceSet solid="false" coordIndex='0 1 2 3 -1'>
					<Coordinate point='2.864992 -5.898025 1.098887 3.355484 -5.400784 1.192362 3.427266 -5.551256 1.717500 2.939996 -6.104369 1.582857'/>
				</IndexedFaceSet>
			</Shape>
			<Shape DEF='_IDX_1262'>
				<Appearance USE='Material_75_IDX_75'/>
				<IndexedFaceSet solid="false" coordIndex='0 1 2 3 -1'>
					<Coordinate point='2.800745 -5.743808 0.686559 3.298584 -5.290449 0.744960 3.355484 -5.400784 1.192362 2.864992 -5.898025 1.098887'/>
				</IndexedFaceSet>
			</Shape>
			<Shape DEF='_IDX_1263'>
				<Appearance USE='Material_76_IDX_76'/>
				<IndexedFaceSet solid="false" coordIndex='0 1 2 3 -1'>
					<Coordinate point='2.743028 -5.627481 0.324781 3.251258 -5.209576 0.352408 3.298584 -5.290449 0.744960 2.800745 -5.743808 0.686559'/>
				</IndexedFaceSet>
			</Shape>
			<Shape DEF='_IDX_1264'>
				<Appearance USE='Material_77_IDX_77'/>
				<IndexedFaceSet solid="false" coordIndex='0 1 2 3 -1'>
					<Coordinate point='2.689105 -5.539789 0.000000 3.210098 -5.151163 0.000000 3.251258 -5.209576 0.352408 2.743028 -5.627481 0.324781'/>
				</IndexedFaceSet>
			</Shape>
			<Shape DEF='_IDX_1265'>
				<Appearance USE='Material_78_IDX_78'/>
				<IndexedFaceSet solid="false" coordIndex='0 1 2 3 -1'>
					<Coordinate point='4.124815 -7.130902 5.884713 4.684396 -5.949801 6.167242 4.921988 -6.243772 7.353672 4.314562 -7.599383 7.016792'/>
				</IndexedFaceSet>
			</Shape>
			<Shape DEF='_IDX_1266'>
				<Appearance USE='Material_79_IDX_79'/>
				<IndexedFaceSet solid="false" coordIndex='0 1 2 3 -1'>
					<Coordinate point='3.973190 -6.774016 5.013075 4.499954 -5.724449 5.253756 4.684396 -5.949801 6.167242 4.124815 -7.130902 5.884713'/>
				</IndexedFaceSet>
			</Shape>
			<Shape DEF='_IDX_1267'>
				<Appearance USE='Material_80_IDX_80'/>
				<IndexedFaceSet solid="false" coordIndex='0 1 2 3 -1'>
					<Coordinate point='3.850761 -6.493530 4.316017 4.354878 -5.546560 4.523231 4.499954 -5.724449 5.253756 3.973190 -6.774016 5.013075'/>
				</IndexedFaceSet>
			</Shape>
			<Shape DEF='_IDX_1268'>
				<Appearance USE='Material_81_IDX_81'/>
				<IndexedFaceSet solid="false" coordIndex='0 1 2 3 -1'>
					<Coordinate point='3.850761 -6.493530 4.316017 4.354878 -5.546560 4.523231 4.354878 -5.546560 4.523231 3.850761 -6.493530 4.316017'/>
				</IndexedFaceSet>
			</Shape>
			<Shape DEF='_IDX_1269'>
				<Appearance USE='Material_82_IDX_82'/>
				<IndexedFaceSet solid="false" coordIndex='0 1 2 3 -1'>
					<Coordinate point='3.655316 -6.054155 3.180750 4.132308 -5.266887 3.333460 4.354878 -5.546560 4.523231 3.850761 -6.493530 4.316017'/>
				</IndexedFaceSet>
			</Shape>
			<Shape DEF='_IDX_1270'>
				<Appearance USE='Material_83_IDX_83'/>
				<IndexedFaceSet solid="false" coordIndex='0 1 2 3 -1'>
					<Coordinate point='3.522461 -5.759089 2.358055 3.990298 -5.079127 2.471267 4.132308 -5.266887 3.333460 3.655316 -6.054155 3.180750'/>
				</IndexedFaceSet>
			</Shape>
			<Shape DEF='_IDX_1271'>
				<Appearance USE='Material_84_IDX_84'/>
				<IndexedFaceSet solid="false" coordIndex='0 1 2 3 -1'>
					<Coordinate point='3.427266 -5.551256 1.717500 3.896160 -4.947963 1.799958 3.990298 -5.079127 2.471267 3.522461 -5.759089 2.358055'/>
				</IndexedFaceSet>
			</Shape>
			<Shape DEF='_IDX_1272'>
				<Appearance USE='Material_85_IDX_85'/>
				<IndexedFaceSet solid="false" coordIndex='0 1 2 3 -1'>
					<Coordinate point='3.355484 -5.400784 1.192362 3.831769 -4.854744 1.249608 3.896160 -4.947963 1.799958 3.427266 -5.551256 1.717500'/>
				</IndexedFaceSet>
			</Shape>
			<Shape DEF='_IDX_1273'>
				<Appearance USE='Material_86_IDX_86'/>
				<IndexedFaceSet solid="false" coordIndex='0 1 2 3 -1'>
					<Coordinate point='3.298584 -5.290449 0.744960 3.786491 -4.788599 0.780726 3.831769 -4.854744 1.249608 3.355484 -5.400784 1.192362'/>
				</IndexedFaceSet>
			</Shape>
			<Shape DEF='_IDX_1274'>
				<Appearance USE='Material_87_IDX_87'/>
				<IndexedFaceSet solid="false" coordIndex='0 1 2 3 -1'>
					<Coordinate point='3.251258 -5.209576 0.352408 3.753799 -4.742694 0.369328 3.786491 -4.788599 0.780726 3.298584 -5.290449 0.744960'/>
				</IndexedFaceSet>
			</Shape>
			<Shape DEF='_IDX_1275'>
				<Appearance USE='Material_88_IDX_88'/>
				<IndexedFaceSet solid="false" coordIndex='0 1 2 3 -1'>
					<Coordinate point='3.210098 -5.151163 0.000000 3.729537 -4.712478 0.000000 3.753799 -4.742694 0.369328 3.251258 -5.209576 0.352408'/>
				</IndexedFaceSet>
			</Shape>
			<Shape DEF='_IDX_1276'>
				<Appearance USE='Material_89_IDX_89'/>
				<IndexedFaceSet solid="false" coordIndex='0 1 2 3 -1'>
					<Coordinate point='4.684396 -5.949801 6.167242 5.207872 -4.720386 6.262381 5.497795 -4.834943 7.467114 4.921988 -6.243772 7.353672'/>
				</IndexedFaceSet>
			</Shape>
			<Shape DEF='_IDX_1277'>
				<Appearance USE='Material_90_IDX_90'/>
				<IndexedFaceSet solid="false" coordIndex='0 1 2 3 -1'>
					<Coordinate point='4.499954 -5.724449 5.253756 4.988650 -4.630437 5.334804 5.207872 -4.720386 6.262381 4.684396 -5.949801 6.167242'/>
				</IndexedFaceSet>
			</Shape>
			<Shape DEF='_IDX_1278'>
				<Appearance USE='Material_91_IDX_91'/>
				<IndexedFaceSet solid="false" coordIndex='0 1 2 3 -1'>
					<Coordinate point='4.354878 -5.546560 4.523231 4.820496 -4.558158 4.593009 4.988650 -4.630437 5.334804 4.499954 -5.724449 5.253756'/>
				</IndexedFaceSet>
			</Shape>
			<Shape DEF='_IDX_1279'>
				<Appearance USE='Material_92_IDX_92'/>
				<IndexedFaceSet solid="false" coordIndex='0 1 2 3 -1'>
					<Coordinate point='4.354878 -5.546560 4.523231 4.820496 -4.558158 4.593009 4.820496 -4.558158 4.593009 4.354878 -5.546560 4.523231'/>
				</IndexedFaceSet>
			</Shape>
			<Shape DEF='_IDX_1280'>
				<Appearance USE='Material_93_IDX_93'/>
				<IndexedFaceSet solid="false" coordIndex='0 1 2 3 -1'>
					<Coordinate point='4.132308 -5.266887 3.333460 4.572650 -4.442441 3.384884 4.820496 -4.558158 4.593009 4.354878 -5.546560 4.523231'/>
				</IndexedFaceSet>
			</Shape>
			<Shape DEF='_IDX_1281'>
				<Appearance USE='Material_94_IDX_94'/>
				<IndexedFaceSet solid="false" coordIndex='0 1 2 3 -1'>
					<Coordinate point='3.990298 -5.079127 2.471267 4.425007 -4.364005 2.509390 4.572650 -4.442441 3.384884 4.132308 -5.266887 3.333460'/>
				</IndexedFaceSet>
			</Shape>
			<Shape DEF='_IDX_1282'>
				<Appearance USE='Material_95_IDX_95'/>
				<IndexedFaceSet solid="false" coordIndex='0 1 2 3 -1'>
					<Coordinate point='3.896160 -4.947963 1.799958 4.335938 -4.310065 1.827726 4.425007 -4.364005 2.509390 3.990298 -5.079127 2.471267'/>
				</IndexedFaceSet>
			</Shape>
			<Shape DEF='_IDX_1283'>
				<Appearance USE='Material_96_IDX_96'/>
				<IndexedFaceSet solid="false" coordIndex='0 1 2 3 -1'>
					<Coordinate point='3.831769 -4.854744 1.249608 4.282962 -4.273696 1.268885 4.335938 -4.310065 1.827726 3.896160 -4.947963 1.799958'/>
				</IndexedFaceSet>
			</Shape>
			<Shape DEF='_IDX_1284'>
				<Appearance USE='Material_97_IDX_97'/>
				<IndexedFaceSet solid="false" coordIndex='0 1 2 3 -1'>
					<Coordinate point='3.786491 -4.788599 0.780726 4.253153 -4.250697 0.792770 4.282962 -4.273696 1.268885 3.831769 -4.854744 1.249608'/>
				</IndexedFaceSet>
			</Shape>
			<Shape DEF='_IDX_1285'>
				<Appearance USE='Material_98_IDX_98'/>
				<IndexedFaceSet solid="false" coordIndex='0 1 2 3 -1'>
					<Coordinate point='3.753799 -4.742694 0.369328 4.238692 -4.238286 0.375025 4.253153 -4.250697 0.792770 3.786491 -4.788599 0.780726'/>
				</IndexedFaceSet>
			</Shape>
			<Shape DEF='_IDX_1286'>
				<Appearance USE='Material_99_IDX_99'/>
				<IndexedFaceSet solid="false" coordIndex='0 1 2 3 -1'>
					<Coordinate point='3.729537 -4.712478 0.000000 4.234654 -4.234497 -0.000000 4.238692 -4.238286 0.375025 3.753799 -4.742694 0.369328'/>
				</IndexedFaceSet>
			</Shape>
			<Shape DEF='_IDX_1287'>
				<Appearance USE='Material_89_IDX_89'/>
				<IndexedFaceSet solid="false" coordIndex='0 1 2 3 -1'>
					<Coordinate point='5.207872 -4.720386 6.262381 5.677972 -3.475445 6.167242 6.023239 -3.410493 7.353672 5.497795 -4.834943 7.467114'/>
				</IndexedFaceSet>
			</Shape>
			<Shape DEF='_IDX_1288'>
				<Appearance USE='Material_100_IDX_100'/>
				<IndexedFaceSet solid="false" coordIndex='0 1 2 3 -1'>
					<Coordinate point='4.988650 -4.630437 5.334804 5.423212 -3.521293 5.253756 5.677972 -3.475445 6.167242 5.207872 -4.720386 6.262381'/>
				</IndexedFaceSet>
			</Shape>
			<Shape DEF='_IDX_1289'>
				<Appearance USE='Material_91_IDX_91'/>
				<IndexedFaceSet solid="false" coordIndex='0 1 2 3 -1'>
					<Coordinate point='4.820496 -4.558158 4.593009 5.232574 -3.554968 4.523231 5.423212 -3.521293 5.253756 4.988650 -4.630437 5.334804'/>
				</IndexedFaceSet>
			</Shape>
			<Shape DEF='_IDX_1290'>
				<Appearance USE='Material_92_IDX_92'/>
				<IndexedFaceSet solid="false" coordIndex='0 1 2 3 -1'>
					<Coordinate point='4.820496 -4.558158 4.593009 5.232574 -3.554968 4.523231 5.232574 -3.554968 4.523231 4.820496 -4.558158 4.593009'/>
				</IndexedFaceSet>
			</Shape>
			<Shape DEF='_IDX_1291'>
				<Appearance USE='Material_93_IDX_93'/>
				<IndexedFaceSet solid="false" coordIndex='0 1 2 3 -1'>
					<Coordinate point='4.572650 -4.442441 3.384884 4.963043 -3.603233 3.333460 5.232574 -3.554968 4.523231 4.820496 -4.558158 4.593009'/>
				</IndexedFaceSet>
			</Shape>
			<Shape DEF='_IDX_1292'>
				<Appearance USE='Material_94_IDX_94'/>
				<IndexedFaceSet solid="false" coordIndex='0 1 2 3 -1'>
					<Coordinate point='4.425007 -4.364005 2.509390 4.814414 -3.633102 2.471267 4.963043 -3.603233 3.333460 4.572650 -4.442441 3.384884'/>
				</IndexedFaceSet>
			</Shape>
			<Shape DEF='_IDX_1293'>
				<Appearance USE='Material_95_IDX_95'/>
				<IndexedFaceSet solid="false" coordIndex='0 1 2 3 -1'>
					<Coordinate point='4.335938 -4.310065 1.827726 4.734996 -3.654626 1.799958 4.814414 -3.633102 2.471267 4.425007 -4.364005 2.509390'/>
				</IndexedFaceSet>
			</Shape>
			<Shape DEF='_IDX_1294'>
				<Appearance USE='Material_96_IDX_96'/>
				<IndexedFaceSet solid="false" coordIndex='0 1 2 3 -1'>
					<Coordinate point='4.282962 -4.273696 1.268885 4.697582 -3.672912 1.249608 4.734996 -3.654626 1.799958 4.335938 -4.310065 1.827726'/>
				</IndexedFaceSet>
			</Shape>
			<Shape DEF='_IDX_1295'>
				<Appearance USE='Material_97_IDX_97'/>
				<IndexedFaceSet solid="false" coordIndex='0 1 2 3 -1'>
					<Coordinate point='4.253153 -4.250697 0.792770 4.686868 -3.690648 0.780726 4.697582 -3.672912 1.249608 4.282962 -4.273696 1.268885'/>
				</IndexedFaceSet>
			</Shape>
			<Shape DEF='_IDX_1296'>
				<Appearance USE='Material_98_IDX_98'/>
				<IndexedFaceSet solid="false" coordIndex='0 1 2 3 -1'>
					<Coordinate point='4.238692 -4.238286 0.375025 4.693767 -3.709237 0.369328 4.686868 -3.690648 0.780726 4.253153 -4.250697 0.792770'/>
				</IndexedFaceSet>
			</Shape>
			<Shape DEF='_IDX_1297'>
				<Appearance USE='Material_99_IDX_99'/>
				<IndexedFaceSet solid="false" coordIndex='0 1 2 3 -1'>
					<Coordinate point='4.234654 -4.234497 -0.000000 4.712635 -3.729379 0.000000 4.693767 -3.709237 0.369328 4.238692 -4.238286 0.375025'/>
				</IndexedFaceSet>
			</Shape>
			<Shape DEF='_IDX_1298'>
				<Appearance USE='Material_78_IDX_78'/>
				<IndexedFaceSet solid="false" coordIndex='0 1 2 3 -1'>
					<Coordinate point='5.677972 -3.475445 6.167242 6.074399 -2.247296 5.884713 6.476197 -2.006970 7.016792 6.023239 -3.410493 7.353672'/>
				</IndexedFaceSet>
			</Shape>
			<Shape DEF='_IDX_1299'>
				<Appearance USE='Material_79_IDX_79'/>
				<IndexedFaceSet solid="false" coordIndex='0 1 2 3 -1'>
					<Coordinate point='5.423212 -3.521293 5.253756 5.784903 -2.426360 5.013075 6.074399 -2.247296 5.884713 5.677972 -3.475445 6.167242'/>
				</IndexedFaceSet>
			</Shape>
			<Shape DEF='_IDX_1300'>
				<Appearance USE='Material_80_IDX_80'/>
				<IndexedFaceSet solid="false" coordIndex='0 1 2 3 -1'>
					<Coordinate point='5.232574 -3.554968 4.523231 5.573784 -2.564079 4.316017 5.784903 -2.426360 5.013075 5.423212 -3.521293 5.253756'/>
				</IndexedFaceSet>
			</Shape>
			<Shape DEF='_IDX_1301'>
				<Appearance USE='Material_81_IDX_81'/>
				<IndexedFaceSet solid="false" coordIndex='0 1 2 3 -1'>
					<Coordinate point='5.232574 -3.554968 4.523231 5.573784 -2.564079 4.316017 5.573784 -2.564079 4.316017 5.232574 -3.554968 4.523231'/>
				</IndexedFaceSet>
			</Shape>
			<Shape DEF='_IDX_1302'>
				<Appearance USE='Material_101_IDX_101'/>
				<IndexedFaceSet solid="false" coordIndex='0 1 2 3 -1'>
					<Coordinate point='4.963043 -3.603233 3.333460 5.288743 -2.772669 3.180750 5.573784 -2.564079 4.316017 5.232574 -3.554968 4.523231'/>
				</IndexedFaceSet>
			</Shape>
			<Shape DEF='_IDX_1303'>
				<Appearance USE='Material_83_IDX_83'/>
				<IndexedFaceSet solid="false" coordIndex='0 1 2 3 -1'>
					<Coordinate point='4.814414 -3.633102 2.471267 5.145601 -2.906954 2.358055 5.288743 -2.772669 3.180750 4.963043 -3.603233 3.333460'/>
				</IndexedFaceSet>
			</Shape>
			<Shape DEF='_IDX_1304'>
				<Appearance USE='Material_84_IDX_84'/>
				<IndexedFaceSet solid="false" coordIndex='0 1 2 3 -1'>
					<Coordinate point='4.734996 -3.654626 1.799958 5.081495 -2.999831 1.717500 5.145601 -2.906954 2.358055 4.814414 -3.633102 2.471267'/>
				</IndexedFaceSet>
			</Shape>
			<Shape DEF='_IDX_1305'>
				<Appearance USE='Material_85_IDX_85'/>
				<IndexedFaceSet solid="false" coordIndex='0 1 2 3 -1'>
					<Coordinate point='4.697582 -3.672912 1.249608 5.064259 -3.068681 1.192362 5.081495 -2.999831 1.717500 4.734996 -3.654626 1.799958'/>
				</IndexedFaceSet>
			</Shape>
			<Shape DEF='_IDX_1306'>
				<Appearance USE='Material_86_IDX_86'/>
				<IndexedFaceSet solid="false" coordIndex='0 1 2 3 -1'>
					<Coordinate point='4.686868 -3.690648 0.780726 5.076288 -3.123247 0.744960 5.064259 -3.068681 1.192362 4.697582 -3.672912 1.249608'/>
				</IndexedFaceSet>
			</Shape>
			<Shape DEF='_IDX_1307'>
				<Appearance USE='Material_87_IDX_87'/>
				<IndexedFaceSet solid="false" coordIndex='0 1 2 3 -1'>
					<Coordinate point='4.693767 -3.709237 0.369328 5.107378 -3.169203 0.352408 5.076288 -3.123247 0.744960 4.686868 -3.690648 0.780726'/>
				</IndexedFaceSet>
			</Shape>
			<Shape DEF='_IDX_1308'>
				<Appearance USE='Material_88_IDX_88'/>
				<IndexedFaceSet solid="false" coordIndex='0 1 2 3 -1'>
					<Coordinate point='4.712635 -3.729379 0.000000 5.151320 -3.209940 -0.000000 5.107378 -3.169203 0.352408 4.693767 -3.709237 0.369328'/>
				</IndexedFaceSet>
			</Shape>
			<Shape DEF='_IDX_1309'>
				<Appearance USE='Material_67_IDX_67'/>
				<IndexedFaceSet solid="false" coordIndex='0 1 2 3 -1'>
					<Coordinate point='6.074399 -2.247296 5.884713 6.373841 -1.066630 5.423381 6.831453 -0.658356 6.466711 6.476197 -2.006970 7.016792'/>
				</IndexedFaceSet>
			</Shape>
			<Shape DEF='_IDX_1310'>
				<Appearance USE='Material_68_IDX_68'/>
				<IndexedFaceSet solid="false" coordIndex='0 1 2 3 -1'>
					<Coordinate point='5.784903 -2.426360 5.013075 6.052211 -1.374253 4.620075 6.373841 -1.066630 5.423381 6.074399 -2.247296 5.884713'/>
				</IndexedFaceSet>
			</Shape>
			<Shape DEF='_IDX_1311'>
				<Appearance USE='Material_102_IDX_102'/>
				<IndexedFaceSet solid="false" coordIndex='0 1 2 3 -1'>
					<Coordinate point='5.573784 -2.564079 4.316017 5.824448 -1.612590 3.977663 6.052211 -1.374253 4.620075 5.784903 -2.426360 5.013075'/>
				</IndexedFaceSet>
			</Shape>
			<Shape DEF='_IDX_1312'>
				<Appearance USE='Material_70_IDX_70'/>
				<IndexedFaceSet solid="false" coordIndex='0 1 2 3 -1'>
					<Coordinate point='5.573784 -2.564079 4.316017 5.824448 -1.612590 3.977663 5.824448 -1.612590 3.977663 5.573784 -2.564079 4.316017'/>
				</IndexedFaceSet>
			</Shape>
			<Shape DEF='_IDX_1313'>
				<Appearance USE='Material_71_IDX_71'/>
				<IndexedFaceSet solid="false" coordIndex='0 1 2 3 -1'>
					<Coordinate point='5.288743 -2.772669 3.180750 5.533843 -1.975063 2.931396 5.824448 -1.612590 3.977663 5.573784 -2.564079 4.316017'/>
				</IndexedFaceSet>
			</Shape>
			<Shape DEF='_IDX_1314'>
				<Appearance USE='Material_72_IDX_72'/>
				<IndexedFaceSet solid="false" coordIndex='0 1 2 3 -1'>
					<Coordinate point='5.145601 -2.906954 2.358055 5.405533 -2.207158 2.173196 5.533843 -1.975063 2.931396 5.288743 -2.772669 3.180750'/>
				</IndexedFaceSet>
			</Shape>
			<Shape DEF='_IDX_1315'>
				<Appearance USE='Material_73_IDX_73'/>
				<IndexedFaceSet solid="false" coordIndex='0 1 2 3 -1'>
					<Coordinate point='5.081495 -2.999831 1.717500 5.364183 -2.364744 1.582857 5.405533 -2.207158 2.173196 5.145601 -2.906954 2.358055'/>
				</IndexedFaceSet>
			</Shape>
			<Shape DEF='_IDX_1316'>
				<Appearance USE='Material_74_IDX_74'/>
				<IndexedFaceSet solid="false" coordIndex='0 1 2 3 -1'>
					<Coordinate point='5.064259 -3.068681 1.192362 5.372622 -2.477897 1.098887 5.364183 -2.364744 1.582857 5.081495 -2.999831 1.717500'/>
				</IndexedFaceSet>
			</Shape>
			<Shape DEF='_IDX_1317'>
				<Appearance USE='Material_75_IDX_75'/>
				<IndexedFaceSet solid="false" coordIndex='0 1 2 3 -1'>
					<Coordinate point='5.076288 -3.123247 0.744960 5.411281 -2.563642 0.686559 5.372622 -2.477897 1.098887 5.064259 -3.068681 1.192362'/>
				</IndexedFaceSet>
			</Shape>
			<Shape DEF='_IDX_1318'>
				<Appearance USE='Material_76_IDX_76'/>
				<IndexedFaceSet solid="false" coordIndex='0 1 2 3 -1'>
					<Coordinate point='5.107378 -3.169203 0.352408 5.469213 -2.631974 0.324781 5.411281 -2.563642 0.686559 5.076288 -3.123247 0.744960'/>
				</IndexedFaceSet>
			</Shape>
			<Shape DEF='_IDX_1319'>
				<Appearance USE='Material_77_IDX_77'/>
				<IndexedFaceSet solid="false" coordIndex='0 1 2 3 -1'>
					<Coordinate point='5.151320 -3.209940 -0.000000 5.539946 -2.688947 0.000000 5.469213 -2.631974 0.324781 5.107378 -3.169203 0.352408'/>
				</IndexedFaceSet>
			</Shape>
			<Shape DEF='_IDX_1320'>
				<Appearance USE='Material_56_IDX_56'/>
				<IndexedFaceSet solid="false" coordIndex='0 1 2 3 -1'>
					<Coordinate point='6.373841 -1.066630 5.423381 6.549641 0.038765 4.797262 7.060954 0.605707 5.720141 6.831453 -0.658356 6.466711'/>
				</IndexedFaceSet>
			</Shape>
			<Shape DEF='_IDX_1321'>
				<Appearance USE='Material_57_IDX_57'/>
				<IndexedFaceSet solid="false" coordIndex='0 1 2 3 -1'>
					<Coordinate point='6.052211 -1.374253 4.620075 6.200269 -0.392207 4.086697 6.549641 0.038765 4.797262 6.373841 -1.066630 5.423381'/>
				</IndexedFaceSet>
			</Shape>
			<Shape DEF='_IDX_1322'>
				<Appearance USE='Material_58_IDX_58'/>
				<IndexedFaceSet solid="false" coordIndex='0 1 2 3 -1'>
					<Coordinate point='5.824448 -1.612590 3.977663 5.962026 -0.727533 3.518449 6.200269 -0.392207 4.086697 6.052211 -1.374253 4.620075'/>
				</IndexedFaceSet>
			</Shape>
			<Shape DEF='_IDX_1323'>
				<Appearance USE='Material_103_IDX_103'/>
				<IndexedFaceSet solid="false" coordIndex='0 1 2 3 -1'>
					<Coordinate point='5.824448 -1.612590 3.977663 5.962026 -0.727533 3.518449 5.962026 -0.727533 3.518449 5.824448 -1.612590 3.977663'/>
				</IndexedFaceSet>
			</Shape>
			<Shape DEF='_IDX_1324'>
				<Appearance USE='Material_60_IDX_60'/>
				<IndexedFaceSet solid="false" coordIndex='0 1 2 3 -1'>
					<Coordinate point='5.533843 -1.975063 2.931396 5.681518 -1.236130 2.592972 5.962026 -0.727533 3.518449 5.824448 -1.612590 3.977663'/>
				</IndexedFaceSet>
			</Shape>
			<Shape DEF='_IDX_1325'>
				<Appearance USE='Material_61_IDX_61'/>
				<IndexedFaceSet solid="false" coordIndex='0 1 2 3 -1'>
					<Coordinate point='5.405533 -2.207158 2.173196 5.581972 -1.556686 1.922304 5.681518 -1.236130 2.592972 5.533843 -1.975063 2.931396'/>
				</IndexedFaceSet>
			</Shape>
			<Shape DEF='_IDX_1326'>
				<Appearance USE='Material_62_IDX_62'/>
				<IndexedFaceSet solid="false" coordIndex='0 1 2 3 -1'>
					<Coordinate point='5.364183 -2.364744 1.582857 5.573567 -1.769227 1.400119 5.581972 -1.556686 1.922304 5.405533 -2.207158 2.173196'/>
				</IndexedFaceSet>
			</Shape>
			<Shape DEF='_IDX_1327'>
				<Appearance USE='Material_63_IDX_63'/>
				<IndexedFaceSet solid="false" coordIndex='0 1 2 3 -1'>
					<Coordinate point='5.372622 -2.477897 1.098887 5.614468 -1.917662 0.972022 5.573567 -1.769227 1.400119 5.364183 -2.364744 1.582857'/>
				</IndexedFaceSet>
			</Shape>
			<Shape DEF='_IDX_1328'>
				<Appearance USE='Material_64_IDX_64'/>
				<IndexedFaceSet solid="false" coordIndex='0 1 2 3 -1'>
					<Coordinate point='5.411281 -2.563642 0.686559 5.684004 -2.026727 0.607297 5.614468 -1.917662 0.972022 5.372622 -2.477897 1.098887'/>
				</IndexedFaceSet>
			</Shape>
			<Shape DEF='_IDX_1329'>
				<Appearance USE='Material_65_IDX_65'/>
				<IndexedFaceSet solid="false" coordIndex='0 1 2 3 -1'>
					<Coordinate point='5.469213 -2.631974 0.324781 5.771233 -2.110767 0.287286 5.684004 -2.026727 0.607297 5.411281 -2.563642 0.686559'/>
				</IndexedFaceSet>
			</Shape>
			<Shape DEF='_IDX_1330'>
				<Appearance USE='Material_66_IDX_66'/>
				<IndexedFaceSet solid="false" coordIndex='0 1 2 3 -1'>
					<Coordinate point='5.539946 -2.688947 0.000000 5.869962 -2.178373 0.000000 5.771233 -2.110767 0.287286 5.469213 -2.631974 0.324781'/>
				</IndexedFaceSet>
			</Shape>
			<Shape DEF='_IDX_1331'>
				<Appearance USE='Material_45_IDX_45'/>
				<IndexedFaceSet solid="false" coordIndex='0 1 2 3 -1'>
					<Coordinate point='6.549641 0.038765 4.797262 6.570723 1.045840 4.025381 7.134059 1.762348 4.799768 7.060954 0.605707 5.720141'/>
				</IndexedFaceSet>
			</Shape>
			<Shape DEF='_IDX_1332'>
				<Appearance USE='Material_46_IDX_46'/>
				<IndexedFaceSet solid="false" coordIndex='0 1 2 3 -1'>
					<Coordinate point='6.200269 -0.392207 4.086697 6.199042 0.494520 3.429146 6.570723 1.045840 4.025381 6.549641 0.038765 4.797262'/>
				</IndexedFaceSet>
			</Shape>
			<Shape DEF='_IDX_1333'>
				<Appearance USE='Material_47_IDX_47'/>
				<IndexedFaceSet solid="false" coordIndex='0 1 2 3 -1'>
					<Coordinate point='5.962026 -0.727533 3.518449 5.959480 0.063444 2.952329 6.199042 0.494520 3.429146 6.200269 -0.392207 4.086697'/>
				</IndexedFaceSet>
			</Shape>
			<Shape DEF='_IDX_1334'>
				<Appearance USE='Material_48_IDX_48'/>
				<IndexedFaceSet solid="false" coordIndex='0 1 2 3 -1'>
					<Coordinate point='5.962026 -0.727533 3.518449 5.959480 0.063444 2.952329 5.959480 0.063444 2.952329 5.962026 -0.727533 3.518449'/>
				</IndexedFaceSet>
			</Shape>
			<Shape DEF='_IDX_1335'>
				<Appearance USE='Material_49_IDX_49'/>
				<IndexedFaceSet solid="false" coordIndex='0 1 2 3 -1'>
					<Coordinate point='5.681518 -1.236130 2.592972 5.714306 -0.584726 2.175761 5.959480 0.063444 2.952329 5.962026 -0.727533 3.518449'/>
				</IndexedFaceSet>
			</Shape>
			<Shape DEF='_IDX_1336'>
				<Appearance USE='Material_50_IDX_50'/>
				<IndexedFaceSet solid="false" coordIndex='0 1 2 3 -1'>
					<Coordinate point='5.581972 -1.556686 1.922304 5.665112 -0.980847 1.613005 5.714306 -0.584726 2.175761 5.681518 -1.236130 2.592972'/>
				</IndexedFaceSet>
			</Shape>
			<Shape DEF='_IDX_1337'>
				<Appearance USE='Material_51_IDX_51'/>
				<IndexedFaceSet solid="false" coordIndex='0 1 2 3 -1'>
					<Coordinate point='5.573567 -1.769227 1.400119 5.703844 -1.233949 1.174839 5.665112 -0.980847 1.613005 5.581972 -1.556686 1.922304'/>
				</IndexedFaceSet>
			</Shape>
			<Shape DEF='_IDX_1338'>
				<Appearance USE='Material_52_IDX_52'/>
				<IndexedFaceSet solid="false" coordIndex='0 1 2 3 -1'>
					<Coordinate point='5.614468 -1.917662 0.972022 5.785492 -1.404692 0.815623 5.703844 -1.233949 1.174839 5.573567 -1.769227 1.400119'/>
				</IndexedFaceSet>
			</Shape>
			<Shape DEF='_IDX_1339'>
				<Appearance USE='Material_53_IDX_53'/>
				<IndexedFaceSet solid="false" coordIndex='0 1 2 3 -1'>
					<Coordinate point='5.684004 -2.026727 0.607297 5.890302 -1.526276 0.509583 5.785492 -1.404692 0.815623 5.614468 -1.917662 0.972022'/>
				</IndexedFaceSet>
			</Shape>
			<Shape DEF='_IDX_1340'>
				<Appearance USE='Material_54_IDX_54'/>
				<IndexedFaceSet solid="false" coordIndex='0 1 2 3 -1'>
					<Coordinate point='5.771233 -2.110767 0.287286 6.008774 -1.617271 0.241062 5.890302 -1.526276 0.509583 5.684004 -2.026727 0.607297'/>
				</IndexedFaceSet>
			</Shape>
			<Shape DEF='_IDX_1341'>
				<Appearance USE='Material_55_IDX_55'/>
				<IndexedFaceSet solid="false" coordIndex='0 1 2 3 -1'>
					<Coordinate point='5.869962 -2.178373 0.000000 6.135892 -1.688457 0.000000 6.008774 -1.617271 0.241062 5.771233 -2.110767 0.287286'/>
				</IndexedFaceSet>
			</Shape>
			<Shape DEF='_IDX_1342'>
				<Appearance USE='Material_104_IDX_104'/>
				<IndexedFaceSet solid="false" coordIndex='0 1 2 3 -1'>
					<Coordinate point='6.570723 1.045840 4.025381 6.399000 1.940117 3.131191 7.018302 2.799576 3.733557 7.134059 1.762348 4.799768'/>
				</IndexedFaceSet>
			</Shape>
			<Shape DEF='_IDX_1343'>
				<Appearance USE='Material_35_IDX_35'/>
				<IndexedFaceSet solid="false" coordIndex='0 1 2 3 -1'>
					<Coordinate point='6.199042 0.494520 3.429146 6.008286 1.263696 2.667402 6.399000 1.940117 3.131191 6.570723 1.045840 4.025381'/>
				</IndexedFaceSet>
			</Shape>
			<Shape DEF='_IDX_1344'>
				<Appearance USE='Material_36_IDX_36'/>
				<IndexedFaceSet solid="false" coordIndex='0 1 2 3 -1'>
					<Coordinate point='5.959480 0.063444 2.952329 5.780493 0.729560 2.296504 6.008286 1.263696 2.667402 6.199042 0.494520 3.429146'/>
				</IndexedFaceSet>
			</Shape>
			<Shape DEF='_IDX_1345'>
				<Appearance USE='Material_37_IDX_37'/>
				<IndexedFaceSet solid="false" coordIndex='0 1 2 3 -1'>
					<Coordinate point='5.959480 0.063444 2.952329 5.780493 0.729560 2.296504 5.780493 0.729560 2.296504 5.959480 0.063444 2.952329'/>
				</IndexedFaceSet>
			</Shape>
			<Shape DEF='_IDX_1346'>
				<Appearance USE='Material_38_IDX_38'/>
				<IndexedFaceSet solid="false" coordIndex='0 1 2 3 -1'>
					<Coordinate point='5.714306 -0.584726 2.175761 5.614967 -0.057589 1.692442 5.780493 0.729560 2.296504 5.959480 0.063444 2.952329'/>
				</IndexedFaceSet>
			</Shape>
			<Shape DEF='_IDX_1347'>
				<Appearance USE='Material_39_IDX_39'/>
				<IndexedFaceSet solid="false" coordIndex='0 1 2 3 -1'>
					<Coordinate point='5.665112 -0.980847 1.613005 5.651279 -0.509131 1.254695 5.614967 -0.057589 1.692442 5.714306 -0.584726 2.175761'/>
				</IndexedFaceSet>
			</Shape>
			<Shape DEF='_IDX_1348'>
				<Appearance USE='Material_40_IDX_40'/>
				<IndexedFaceSet solid="false" coordIndex='0 1 2 3 -1'>
					<Coordinate point='5.703844 -1.233949 1.174839 5.756354 -0.779934 0.913863 5.651279 -0.509131 1.254695 5.665112 -0.980847 1.613005'/>
				</IndexedFaceSet>
			</Shape>
			<Shape DEF='_IDX_1349'>
				<Appearance USE='Material_41_IDX_41'/>
				<IndexedFaceSet solid="false" coordIndex='0 1 2 3 -1'>
					<Coordinate point='5.785492 -1.404692 0.815623 5.887764 -0.953938 0.634442 5.756354 -0.779934 0.913863 5.703844 -1.233949 1.174839'/>
				</IndexedFaceSet>
			</Shape>
			<Shape DEF='_IDX_1350'>
				<Appearance USE='Material_42_IDX_42'/>
				<IndexedFaceSet solid="false" coordIndex='0 1 2 3 -1'>
					<Coordinate point='5.890302 -1.526276 0.509583 6.031352 -1.073371 0.396385 5.887764 -0.953938 0.634442 5.785492 -1.404692 0.815623'/>
				</IndexedFaceSet>
			</Shape>
			<Shape DEF='_IDX_1351'>
				<Appearance USE='Material_43_IDX_43'/>
				<IndexedFaceSet solid="false" coordIndex='0 1 2 3 -1'>
					<Coordinate point='6.008774 -1.617271 0.241062 6.181625 -1.160176 0.187513 6.031352 -1.073371 0.396385 5.890302 -1.526276 0.509583'/>
				</IndexedFaceSet>
			</Shape>
			<Shape DEF='_IDX_1352'>
				<Appearance USE='Material_44_IDX_44'/>
				<IndexedFaceSet solid="false" coordIndex='0 1 2 3 -1'>
					<Coordinate point='6.135892 -1.688457 0.000000 6.336061 -1.226415 0.000000 6.181625 -1.160176 0.187513 6.008774 -1.617271 0.241062'/>
				</IndexedFaceSet>
			</Shape>
			<Shape DEF='_IDX_1353'>
				<Appearance USE='Material_105_IDX_105'/>
				<IndexedFaceSet solid="false" coordIndex='0 1 2 3 -1'>
					<Coordinate point='6.399000 1.940117 3.131191 5.985097 2.726857 2.141860 6.683511 3.723827 2.553904 7.018302 2.799576 3.733557'/>
				</IndexedFaceSet>
			</Shape>
			<Shape DEF='_IDX_1354'>
				<Appearance USE='Material_24_IDX_24'/>
				<IndexedFaceSet solid="false" coordIndex='0 1 2 3 -1'>
					<Coordinate point='6.008286 1.263696 2.667402 5.562728 1.901057 1.824610 5.985097 2.726857 2.141860 6.399000 1.940117 3.131191'/>
				</IndexedFaceSet>
			</Shape>
			<Shape DEF='_IDX_1355'>
				<Appearance USE='Material_25_IDX_25'/>
				<IndexedFaceSet solid="false" coordIndex='0 1 2 3 -1'>
					<Coordinate point='5.780493 0.729560 2.296504 5.364120 1.228835 1.570902 5.562728 1.901057 1.824610 6.008286 1.263696 2.667402'/>
				</IndexedFaceSet>
			</Shape>
			<Shape DEF='_IDX_1356'>
				<Appearance USE='Material_26_IDX_26'/>
				<IndexedFaceSet solid="false" coordIndex='0 1 2 3 -1'>
					<Coordinate point='5.780493 0.729560 2.296504 5.364120 1.228835 1.570902 5.364120 1.228835 1.570902 5.780493 0.729560 2.296504'/>
				</IndexedFaceSet>
			</Shape>
			<Shape DEF='_IDX_1357'>
				<Appearance USE='Material_27_IDX_27'/>
				<IndexedFaceSet solid="false" coordIndex='0 1 2 3 -1'>
					<Coordinate point='5.614967 -0.057589 1.692442 5.371679 0.288075 1.157699 5.364120 1.228835 1.570902 5.780493 0.729560 2.296504'/>
				</IndexedFaceSet>
			</Shape>
			<Shape DEF='_IDX_1358'>
				<Appearance USE='Material_28_IDX_28'/>
				<IndexedFaceSet solid="false" coordIndex='0 1 2 3 -1'>
					<Coordinate point='5.651279 -0.509131 1.254695 5.552304 -0.176669 0.858262 5.371679 0.288075 1.157699 5.614967 -0.057589 1.692442'/>
				</IndexedFaceSet>
			</Shape>
			<Shape DEF='_IDX_1359'>
				<Appearance USE='Material_106_IDX_106'/>
				<IndexedFaceSet solid="false" coordIndex='0 1 2 3 -1'>
					<Coordinate point='5.756354 -0.779934 0.913863 5.745485 -0.425573 0.625119 5.552304 -0.176669 0.858262 5.651279 -0.509131 1.254695'/>
				</IndexedFaceSet>
			</Shape>
			<Shape DEF='_IDX_1360'>
				<Appearance USE='Material_30_IDX_30'/>
				<IndexedFaceSet solid="false" coordIndex='0 1 2 3 -1'>
					<Coordinate point='5.887764 -0.953938 0.634442 5.932706 -0.575070 0.433984 5.745485 -0.425573 0.625119 5.756354 -0.779934 0.913863'/>
				</IndexedFaceSet>
			</Shape>
			<Shape DEF='_IDX_1361'>
				<Appearance USE='Material_31_IDX_31'/>
				<IndexedFaceSet solid="false" coordIndex='0 1 2 3 -1'>
					<Coordinate point='6.031352 -1.073371 0.396385 6.115017 -0.673445 0.271143 5.932706 -0.575070 0.433984 5.887764 -0.953938 0.634442'/>
				</IndexedFaceSet>
			</Shape>
			<Shape DEF='_IDX_1362'>
				<Appearance USE='Material_32_IDX_32'/>
				<IndexedFaceSet solid="false" coordIndex='0 1 2 3 -1'>
					<Coordinate point='6.181625 -1.160176 0.187513 6.294568 -0.742896 0.128266 6.115017 -0.673445 0.271143 6.031352 -1.073371 0.396385'/>
				</IndexedFaceSet>
			</Shape>
			<Shape DEF='_IDX_1363'>
				<Appearance USE='Material_33_IDX_33'/>
				<IndexedFaceSet solid="false" coordIndex='0 1 2 3 -1'>
					<Coordinate point='6.336061 -1.226415 0.000000 6.472743 -0.794739 0.000000 6.294568 -0.742896 0.128266 6.181625 -1.160176 0.187513'/>
				</IndexedFaceSet>
			</Shape>
			<Shape DEF='_IDX_1364'>
				<Appearance USE='Material_12_IDX_12'/>
				<IndexedFaceSet solid="false" coordIndex='0 1 2 3 -1'>
					<Coordinate point='5.985097 2.726857 2.141860 5.274914 3.467321 1.087451 6.119602 4.569270 1.296651 6.683511 3.723827 2.553904'/>
				</IndexedFaceSet>
			</Shape>
			<Shape DEF='_IDX_1365'>
				<Appearance USE='Material_13_IDX_13'/>
				<IndexedFaceSet solid="false" coordIndex='0 1 2 3 -1'>
					<Coordinate point='5.562728 1.901057 1.824610 4.723884 2.438344 0.926379 5.274914 3.467321 1.087451 5.985097 2.726857 2.141860'/>
				</IndexedFaceSet>
			</Shape>
			<Shape DEF='_IDX_1366'>
				<Appearance USE='Material_107_IDX_107'/>
				<IndexedFaceSet solid="false" coordIndex='0 1 2 3 -1'>
					<Coordinate point='5.364120 1.228835 1.570902 4.555895 1.473808 0.797568 4.723884 2.438344 0.926379 5.562728 1.901057 1.824610'/>
				</IndexedFaceSet>
			</Shape>
			<Shape DEF='_IDX_1367'>
				<Appearance USE='Material_15_IDX_15'/>
				<IndexedFaceSet solid="false" coordIndex='0 1 2 3 -1'>
					<Coordinate point='5.364120 1.228835 1.570902 4.555895 1.473808 0.797568 4.555895 1.473808 0.797568 5.364120 1.228835 1.570902'/>
				</IndexedFaceSet>
			</Shape>
			<Shape DEF='_IDX_1368'>
				<Appearance USE='Material_16_IDX_16'/>
				<IndexedFaceSet solid="false" coordIndex='0 1 2 3 -1'>
					<Coordinate point='5.371679 0.288075 1.157699 5.012757 0.344958 0.587779 4.555895 1.473808 0.797568 5.364120 1.228835 1.570902'/>
				</IndexedFaceSet>
			</Shape>
			<Shape DEF='_IDX_1369'>
				<Appearance USE='Material_17_IDX_17'/>
				<IndexedFaceSet solid="false" coordIndex='0 1 2 3 -1'>
					<Coordinate point='5.552304 -0.176669 0.858262 5.417034 -0.015154 0.435751 5.012757 0.344958 0.587779 5.371679 0.288075 1.157699'/>
				</IndexedFaceSet>
			</Shape>
			<Shape DEF='_IDX_1370'>
				<Appearance USE='Material_18_IDX_18'/>
				<IndexedFaceSet solid="false" coordIndex='0 1 2 3 -1'>
					<Coordinate point='5.745485 -0.425573 0.625119 5.705267 -0.175755 0.317381 5.417034 -0.015154 0.435751 5.552304 -0.176669 0.858262'/>
				</IndexedFaceSet>
			</Shape>
			<Shape DEF='_IDX_1371'>
				<Appearance USE='Material_19_IDX_19'/>
				<IndexedFaceSet solid="false" coordIndex='0 1 2 3 -1'>
					<Coordinate point='5.932706 -0.575070 0.433984 5.942122 -0.265180 0.220340 5.705267 -0.175755 0.317381 5.745485 -0.425573 0.625119'/>
				</IndexedFaceSet>
			</Shape>
			<Shape DEF='_IDX_1372'>
				<Appearance USE='Material_20_IDX_20'/>
				<IndexedFaceSet solid="false" coordIndex='0 1 2 3 -1'>
					<Coordinate point='6.115017 -0.673445 0.271143 6.155151 -0.321789 0.137663 5.942122 -0.265180 0.220340 5.932706 -0.575070 0.433984'/>
				</IndexedFaceSet>
			</Shape>
			<Shape DEF='_IDX_1373'>
				<Appearance USE='Material_21_IDX_21'/>
				<IndexedFaceSet solid="false" coordIndex='0 1 2 3 -1'>
					<Coordinate point='6.294568 -0.742896 0.128266 6.356274 -0.360827 0.065122 6.155151 -0.321789 0.137663 6.115017 -0.673445 0.271143'/>
				</IndexedFaceSet>
			</Shape>
			<Shape DEF='_IDX_1374'>
				<Appearance USE='Material_22_IDX_22'/>
				<IndexedFaceSet solid="false" coordIndex='0 1 2 3 -1'>
					<Coordinate point='6.472743 -0.794739 0.000000 6.551083 -0.389498 0.000000 6.356274 -0.360827 0.065122 6.294568 -0.742896 0.128266'/>
				</IndexedFaceSet>
			</Shape>
			<Shape DEF='_IDX_1375'>
				<Appearance USE='Material_1_IDX_1'/>
				<IndexedFaceSet solid="false" coordIndex='0 1 2 3 -1'>
					<Coordinate point='5.274914 3.467321 1.087451 4.327285 4.327443 -0.000000 5.379073 5.379230 0.000000 6.119602 4.569270 1.296651'/>
				</IndexedFaceSet>
			</Shape>
			<Shape DEF='_IDX_1376'>
				<Appearance USE='Material_2_IDX_2'/>
				<IndexedFaceSet solid="false" coordIndex='0 1 2 3 -1'>
					<Coordinate point='4.723884 2.438344 0.926379 3.310390 3.310548 -0.000000 4.327285 4.327443 -0.000000 5.274914 3.467321 1.087451'/>
				</IndexedFaceSet>
			</Shape>
			<Shape DEF='_IDX_1377'>
				<Appearance USE='Material_3_IDX_3'/>
				<IndexedFaceSet solid="false" coordIndex='0 1 2 3 -1'>
					<Coordinate point='4.555895 1.473808 0.797568 0.000747 0.000456 0.000000 3.310390 3.310548 -0.000000 4.723884 2.438344 0.926379'/>
				</IndexedFaceSet>
			</Shape>
			<Shape DEF='_IDX_1378'>
				<Appearance USE='Material_4_IDX_4'/>
				<IndexedFaceSet solid="false" coordIndex='0 1 2 3 -1'>
					<Coordinate point='4.555895 1.473808 0.797568 0.001706 0.000179 0.000000 0.000747 0.000456 0.000000 4.555895 1.473808 0.797568'/>
				</IndexedFaceSet>
			</Shape>
			<Shape DEF='_IDX_1379'>
				<Appearance USE='Material_5_IDX_5'/>
				<IndexedFaceSet solid="false" coordIndex='0 1 2 3 -1'>
					<Coordinate point='5.012757 0.344958 0.587779 4.779771 0.000157 0.000000 0.001706 0.000179 0.000000 4.555895 1.473808 0.797568'/>
				</IndexedFaceSet>
			</Shape>
			<Shape DEF='_IDX_1380'>
				<Appearance USE='Material_6_IDX_6'/>
				<IndexedFaceSet solid="false" coordIndex='0 1 2 3 -1'>
					<Coordinate point='5.417034 -0.015154 0.435751 5.348300 0.000157 -0.000000 4.779771 0.000157 0.000000 5.012757 0.344958 0.587779'/>
				</IndexedFaceSet>
			</Shape>
			<Shape DEF='_IDX_1381'>
				<Appearance USE='Material_7_IDX_7'/>
				<IndexedFaceSet solid="false" coordIndex='0 1 2 3 -1'>
					<Coordinate point='5.705267 -0.175755 0.317381 5.683394 0.000157 -0.000000 5.348300 0.000157 -0.000000 5.417034 -0.015154 0.435751'/>
				</IndexedFaceSet>
			</Shape>
			<Shape DEF='_IDX_1382'>
				<Appearance USE='Material_8_IDX_8'/>
				<IndexedFaceSet solid="false" coordIndex='0 1 2 3 -1'>
					<Coordinate point='5.942122 -0.265180 0.220340 5.941283 0.000157 0.000000 5.683394 0.000157 -0.000000 5.705267 -0.175755 0.317381'/>
				</IndexedFaceSet>
			</Shape>
			<Shape DEF='_IDX_1383'>
				<Appearance USE='Material_9_IDX_9'/>
				<IndexedFaceSet solid="false" coordIndex='0 1 2 3 -1'>
					<Coordinate point='6.155151 -0.321789 0.137663 6.166367 0.000157 0.000000 5.941283 0.000157 0.000000 5.942122 -0.265180 0.220340'/>
				</IndexedFaceSet>
			</Shape>
			<Shape DEF='_IDX_1384'>
				<Appearance USE='Material_10_IDX_10'/>
				<IndexedFaceSet solid="false" coordIndex='0 1 2 3 -1'>
					<Coordinate point='6.356274 -0.360827 0.065122 6.375573 0.000157 -0.000000 6.166367 0.000157 0.000000 6.155151 -0.321789 0.137663'/>
				</IndexedFaceSet>
			</Shape>
			<Shape DEF='_IDX_1385'>
				<Appearance USE='Material_11_IDX_11'/>
				<IndexedFaceSet solid="false" coordIndex='0 1 2 3 -1'>
					<Coordinate point='6.551083 -0.389498 0.000000 6.576431 0.000157 0.000000 6.375573 0.000157 -0.000000 6.356274 -0.360827 0.065122'/>
				</IndexedFaceSet>
			</Shape>
			<Shape DEF='_IDX_1386'>
				<Appearance USE='Material_108_IDX_108'/>
				<IndexedFaceSet solid="false" coordIndex='0 1 2 3 -1'>
					<Coordinate point='-6.791561 -0.000000 0.000000 -6.760879 0.413682 -0.065122 -6.550925 0.389656 -0.000000 -6.576274 0.000000 0.000000'/>
				</IndexedFaceSet>
			</Shape>
			<Shape DEF='_IDX_1387'>
				<Appearance USE='Material_109_IDX_109'/>
				<IndexedFaceSet solid="false" coordIndex='0 1 2 3 -1'>
					<Coordinate point='-7.049608 -0.000000 -0.000000 -7.013496 0.436249 -0.137663 -6.760879 0.413682 -0.065122 -6.791561 -0.000000 0.000000'/>
				</IndexedFaceSet>
			</Shape>
			<Shape DEF='_IDX_1388'>
				<Appearance USE='Material_110_IDX_110'/>
				<IndexedFaceSet solid="false" coordIndex='0 1 2 3 -1'>
					<Coordinate point='-7.367372 0.000000 -0.000000 -7.325428 0.457935 -0.220340 -7.013496 0.436249 -0.137663 -7.049608 -0.000000 -0.000000'/>
				</IndexedFaceSet>
			</Shape>
			<Shape DEF='_IDX_1389'>
				<Appearance USE='Material_111_IDX_111'/>
				<IndexedFaceSet solid="false" coordIndex='0 1 2 3 -1'>
					<Coordinate point='-7.770863 0.000000 0.000000 -7.722270 0.479455 -0.317381 -7.325428 0.457935 -0.220340 -7.367372 0.000000 -0.000000'/>
				</IndexedFaceSet>
			</Shape>
			<Shape DEF='_IDX_1390'>
				<Appearance USE='Material_112_IDX_112'/>
				<IndexedFaceSet solid="false" coordIndex='0 1 2 3 -1'>
					<Coordinate point='-8.302370 -0.000000 0.000000 -8.245685 0.501737 -0.435751 -7.722270 0.479455 -0.317381 -7.770863 0.000000 0.000000'/>
				</IndexedFaceSet>
			</Shape>
			<Shape DEF='_IDX_1391'>
				<Appearance USE='Material_113_IDX_113'/>
				<IndexedFaceSet solid="false" coordIndex='0 1 2 3 -1'>
					<Coordinate point='-9.035929 0.000000 -0.000000 -8.968643 0.526039 -0.587779 -8.245685 0.501737 -0.435751 -8.302370 -0.000000 0.000000'/>
				</IndexedFaceSet>
			</Shape>
			<Shape DEF='_IDX_1392'>
				<Appearance USE='Material_114_IDX_114'/>
				<IndexedFaceSet solid="false" coordIndex='0 1 2 3 -1'>
					<Coordinate point='-10.114641 -0.000000 -0.000000 -10.032214 0.553989 -0.797568 -8.968643 0.526039 -0.587779 -9.035929 0.000000 -0.000000'/>
				</IndexedFaceSet>
			</Shape>
			<Shape DEF='_IDX_1393'>
				<Appearance USE='Material_115_IDX_115'/>
				<IndexedFaceSet solid="false" coordIndex='0 1 2 3 -1'>
					<Coordinate point='-10.114641 -0.000000 -0.000000 -10.032214 0.553989 -0.797568 -10.032214 0.553989 -0.797568 -10.114641 -0.000000 -0.000000'/>
				</IndexedFaceSet>
			</Shape>
			<Shape DEF='_IDX_1394'>
				<Appearance USE='Material_116_IDX_116'/>
				<IndexedFaceSet solid="false" coordIndex='0 1 2 3 -1'>
					<Coordinate point='-10.802656 0.000000 0.000000 -10.710655 0.568533 -0.926379 -10.032214 0.553989 -0.797568 -10.114641 -0.000000 -0.000000'/>
				</IndexedFaceSet>
			</Shape>
			<Shape DEF='_IDX_1395'>
				<Appearance USE='Material_117_IDX_117'/>
				<IndexedFaceSet solid="false" coordIndex='0 1 2 3 -1'>
					<Coordinate point='-11.681051 0.000000 0.000000 -11.576830 0.584173 -1.087451 -10.710655 0.568533 -0.926379 -10.802656 0.000000 0.000000'/>
				</IndexedFaceSet>
			</Shape>
			<Shape DEF='_IDX_1396'>
				<Appearance USE='Material_118_IDX_118'/>
				<IndexedFaceSet solid="false" coordIndex='0 1 2 3 -1'>
					<Coordinate point='-12.841846 -0.000000 -0.000000 -12.721413 0.600444 -1.296651 -11.576830 0.584173 -1.087451 -11.681051 0.000000 0.000000'/>
				</IndexedFaceSet>
			</Shape>
			<Shape DEF='_IDX_1397'>
				<Appearance USE='Material_119_IDX_119'/>
				<IndexedFaceSet solid="false" coordIndex='0 1 2 3 -1'>
					<Coordinate point='-6.760879 0.413682 -0.065122 -6.667556 0.838906 -0.128266 -6.472585 0.794896 -0.000000 -6.550925 0.389656 -0.000000'/>
				</IndexedFaceSet>
			</Shape>
			<Shape DEF='_IDX_1398'>
				<Appearance USE='Material_120_IDX_120'/>
				<IndexedFaceSet solid="false" coordIndex='0 1 2 3 -1'>
					<Coordinate point='-7.013496 0.436249 -0.137663 -6.904666 0.880744 -0.271143 -6.667556 0.838906 -0.128266 -6.760879 0.413682 -0.065122'/>
				</IndexedFaceSet>
			</Shape>
			<Shape DEF='_IDX_1399'>
				<Appearance USE='Material_121_IDX_121'/>
				<IndexedFaceSet solid="false" coordIndex='0 1 2 3 -1'>
					<Coordinate point='-7.325428 0.457935 -0.220340 -7.199724 0.921457 -0.433984 -6.904666 0.880744 -0.271143 -7.013496 0.436249 -0.137663'/>
				</IndexedFaceSet>
			</Shape>
			<Shape DEF='_IDX_1400'>
				<Appearance USE='Material_122_IDX_122'/>
				<IndexedFaceSet solid="false" coordIndex='0 1 2 3 -1'>
					<Coordinate point='-7.722270 0.479455 -0.317381 -7.577143 0.962402 -0.625119 -7.199724 0.921457 -0.433984 -7.325428 0.457935 -0.220340'/>
				</IndexedFaceSet>
			</Shape>
			<Shape DEF='_IDX_1401'>
				<Appearance USE='Material_123_IDX_123'/>
				<IndexedFaceSet solid="false" coordIndex='0 1 2 3 -1'>
					<Coordinate point='-8.245685 0.501737 -0.435751 -8.076756 1.005425 -0.858262 -7.577143 0.962402 -0.625119 -7.722270 0.479455 -0.317381'/>
				</IndexedFaceSet>
			</Shape>
			<Shape DEF='_IDX_1402'>
				<Appearance USE='Material_124_IDX_124'/>
				<IndexedFaceSet solid="false" coordIndex='0 1 2 3 -1'>
					<Coordinate point='-8.968643 0.526039 -0.587779 -8.768405 1.053111 -1.157699 -8.076756 1.005425 -0.858262 -8.245685 0.501737 -0.435751'/>
				</IndexedFaceSet>
			</Shape>
			<Shape DEF='_IDX_1403'>
				<Appearance USE='Material_125_IDX_125'/>
				<IndexedFaceSet solid="false" coordIndex='0 1 2 3 -1'>
					<Coordinate point='-10.032214 0.553989 -0.797568 -9.787140 1.108962 -1.570902 -8.768405 1.053111 -1.157699 -8.968643 0.526039 -0.587779'/>
				</IndexedFaceSet>
			</Shape>
			<Shape DEF='_IDX_1404'>
				<Appearance USE='Material_126_IDX_126'/>
				<IndexedFaceSet solid="false" coordIndex='0 1 2 3 -1'>
					<Coordinate point='-10.032214 0.553989 -0.797568 -9.787140 1.108962 -1.570902 -9.787140 1.108962 -1.570902 -10.032214 0.553989 -0.797568'/>
				</IndexedFaceSet>
			</Shape>
			<Shape DEF='_IDX_1405'>
				<Appearance USE='Material_127_IDX_127'/>
				<IndexedFaceSet solid="false" coordIndex='0 1 2 3 -1'>
					<Coordinate point='-10.710655 0.568533 -0.926379 -10.437204 1.138483 -1.824610 -9.787140 1.108962 -1.570902 -10.032214 0.553989 -0.797568'/>
				</IndexedFaceSet>
			</Shape>
			<Shape DEF='_IDX_1406'>
				<Appearance USE='Material_128_IDX_128'/>
				<IndexedFaceSet solid="false" coordIndex='0 1 2 3 -1'>
					<Coordinate point='-11.576830 0.584173 -1.087451 -11.267145 1.170649 -2.141860 -10.437204 1.138483 -1.824610 -10.710655 0.568533 -0.926379'/>
				</IndexedFaceSet>
			</Shape>
			<Shape DEF='_IDX_1407'>
				<Appearance USE='Material_129_IDX_129'/>
				<IndexedFaceSet solid="false" coordIndex='0 1 2 3 -1'>
					<Coordinate point='-12.721413 0.600444 -1.296651 -12.363655 1.204782 -2.553904 -11.267145 1.170649 -2.141860 -11.576830 0.584173 -1.087451'/>
				</IndexedFaceSet>
			</Shape>
			<Shape DEF='_IDX_1408'>
				<Appearance USE='Material_130_IDX_130'/>
				<IndexedFaceSet solid="false" coordIndex='0 1 2 3 -1'>
					<Coordinate point='-6.667556 0.838906 -0.128266 -6.508702 1.283871 -0.187513 -6.335903 1.226572 -0.000000 -6.472585 0.794896 -0.000000'/>
				</IndexedFaceSet>
			</Shape>
			<Shape DEF='_IDX_1409'>
				<Appearance USE='Material_131_IDX_131'/>
				<IndexedFaceSet solid="false" coordIndex='0 1 2 3 -1'>
					<Coordinate point='-6.904666 0.880744 -0.271143 -6.722198 1.339366 -0.396385 -6.508702 1.283871 -0.187513 -6.667556 0.838906 -0.128266'/>
				</IndexedFaceSet>
			</Shape>
			<Shape DEF='_IDX_1410'>
				<Appearance USE='Material_132_IDX_132'/>
				<IndexedFaceSet solid="false" coordIndex='0 1 2 3 -1'>
					<Coordinate point='-7.199724 0.921457 -0.433984 -6.990969 1.394461 -0.634442 -6.722198 1.339366 -0.396385 -6.904666 0.880744 -0.271143'/>
				</IndexedFaceSet>
			</Shape>
			<Shape DEF='_IDX_1411'>
				<Appearance USE='Material_133_IDX_133'/>
				<IndexedFaceSet solid="false" coordIndex='0 1 2 3 -1'>
					<Coordinate point='-7.577143 0.962402 -0.625119 -7.337605 1.451103 -0.913863 -6.990969 1.394461 -0.634442 -7.199724 0.921457 -0.433984'/>
				</IndexedFaceSet>
			</Shape>
			<Shape DEF='_IDX_1412'>
				<Appearance USE='Material_134_IDX_134'/>
				<IndexedFaceSet solid="false" coordIndex='0 1 2 3 -1'>
					<Coordinate point='-8.076756 1.005425 -0.858262 -7.799040 1.512084 -1.254695 -7.337605 1.451103 -0.913863 -7.577143 0.962402 -0.625119'/>
				</IndexedFaceSet>
			</Shape>
			<Shape DEF='_IDX_1413'>
				<Appearance USE='Material_135_IDX_135'/>
				<IndexedFaceSet solid="false" coordIndex='0 1 2 3 -1'>
					<Coordinate point='-8.768405 1.053111 -1.157699 -8.440075 1.581486 -1.692442 -7.799040 1.512084 -1.254695 -8.076756 1.005425 -0.858262'/>
				</IndexedFaceSet>
			</Shape>
			<Shape DEF='_IDX_1414'>
				<Appearance USE='Material_136_IDX_136'/>
				<IndexedFaceSet solid="false" coordIndex='0 1 2 3 -1'>
					<Coordinate point='-9.787140 1.108962 -1.570902 -9.385996 1.665190 -2.296504 -8.440075 1.581486 -1.692442 -8.768405 1.053111 -1.157699'/>
				</IndexedFaceSet>
			</Shape>
			<Shape DEF='_IDX_1415'>
				<Appearance USE='Material_137_IDX_137'/>
				<IndexedFaceSet solid="false" coordIndex='0 1 2 3 -1'>
					<Coordinate point='-9.787140 1.108962 -1.570902 -9.385996 1.665190 -2.296504 -9.385996 1.665190 -2.296504 -9.787140 1.108962 -1.570902'/>
				</IndexedFaceSet>
			</Shape>
			<Shape DEF='_IDX_1416'>
				<Appearance USE='Material_138_IDX_138'/>
				<IndexedFaceSet solid="false" coordIndex='0 1 2 3 -1'>
					<Coordinate point='-10.437204 1.138483 -1.824610 -9.989891 1.710529 -2.667402 -9.385996 1.665190 -2.296504 -9.787140 1.108962 -1.570902'/>
				</IndexedFaceSet>
			</Shape>
			<Shape DEF='_IDX_1417'>
				<Appearance USE='Material_139_IDX_139'/>
				<IndexedFaceSet solid="false" coordIndex='0 1 2 3 -1'>
					<Coordinate point='-11.267145 1.170649 -2.141860 -10.760845 1.760941 -3.131191 -9.989891 1.710529 -2.667402 -10.437204 1.138483 -1.824610'/>
				</IndexedFaceSet>
			</Shape>
			<Shape DEF='_IDX_1418'>
				<Appearance USE='Material_140_IDX_140'/>
				<IndexedFaceSet solid="false" coordIndex='0 1 2 3 -1'>
					<Coordinate point='-12.363655 1.204782 -2.553904 -11.779077 1.816008 -3.733557 -10.760845 1.760941 -3.131191 -11.267145 1.170649 -2.141860'/>
				</IndexedFaceSet>
			</Shape>
			<Shape DEF='_IDX_1419'>
				<Appearance USE='Material_141_IDX_141'/>
				<IndexedFaceSet solid="false" coordIndex='0 1 2 3 -1'>
					<Coordinate point='-6.508702 1.283871 -0.187513 -6.281902 1.751635 -0.241062 -6.135735 1.688615 -0.000000 -6.335903 1.226572 -0.000000'/>
				</IndexedFaceSet>
			</Shape>
			<Shape DEF='_IDX_1420'>
				<Appearance USE='Material_142_IDX_142'/>
				<IndexedFaceSet solid="false" coordIndex='0 1 2 3 -1'>
					<Coordinate point='-6.722198 1.339366 -0.396385 -6.466043 1.814182 -0.509583 -6.281902 1.751635 -0.241062 -6.508702 1.283871 -0.187513'/>
				</IndexedFaceSet>
			</Shape>
			<Shape DEF='_IDX_1421'>
				<Appearance USE='Material_143_IDX_143'/>
				<IndexedFaceSet solid="false" coordIndex='0 1 2 3 -1'>
					<Coordinate point='-6.990969 1.394461 -0.634442 -6.701216 1.878007 -0.815623 -6.466043 1.814182 -0.509583 -6.722198 1.339366 -0.396385'/>
				</IndexedFaceSet>
			</Shape>
			<Shape DEF='_IDX_1422'>
				<Appearance USE='Material_144_IDX_144'/>
				<IndexedFaceSet solid="false" coordIndex='0 1 2 3 -1'>
					<Coordinate point='-7.337605 1.451103 -0.913863 -7.007665 1.945680 -1.174839 -6.701216 1.878007 -0.815623 -6.990969 1.394461 -0.634442'/>
				</IndexedFaceSet>
			</Shape>
			<Shape DEF='_IDX_1423'>
				<Appearance USE='Material_145_IDX_145'/>
				<IndexedFaceSet solid="false" coordIndex='0 1 2 3 -1'>
					<Coordinate point='-7.799040 1.512084 -1.254695 -7.418491 2.021052 -1.613005 -7.007665 1.945680 -1.174839 -7.337605 1.451103 -0.913863'/>
				</IndexedFaceSet>
			</Shape>
			<Shape DEF='_IDX_1424'>
				<Appearance USE='Material_146_IDX_146'/>
				<IndexedFaceSet solid="false" coordIndex='0 1 2 3 -1'>
					<Coordinate point='-8.440075 1.581486 -1.692442 -7.991750 2.110016 -2.175761 -7.418491 2.021052 -1.613005 -7.799040 1.512084 -1.254695'/>
				</IndexedFaceSet>
			</Shape>
			<Shape DEF='_IDX_1425'>
				<Appearance USE='Material_147_IDX_147'/>
				<IndexedFaceSet solid="false" coordIndex='0 1 2 3 -1'>
					<Coordinate point='-9.385996 1.665190 -2.296504 -8.839577 2.221589 -2.952329 -7.991750 2.110016 -2.175761 -8.440075 1.581486 -1.692442'/>
				</IndexedFaceSet>
			</Shape>
			<Shape DEF='_IDX_1426'>
				<Appearance USE='Material_148_IDX_148'/>
				<IndexedFaceSet solid="false" coordIndex='0 1 2 3 -1'>
					<Coordinate point='-9.385996 1.665190 -2.296504 -8.839577 2.221589 -2.952329 -8.839577 2.221589 -2.952329 -9.385996 1.665190 -2.296504'/>
				</IndexedFaceSet>
			</Shape>
			<Shape DEF='_IDX_1427'>
				<Appearance USE='Material_149_IDX_149'/>
				<IndexedFaceSet solid="false" coordIndex='0 1 2 3 -1'>
					<Coordinate point='-9.989891 1.710529 -2.667402 -9.381126 2.283946 -3.429146 -8.839577 2.221589 -2.952329 -9.385996 1.665190 -2.296504'/>
				</IndexedFaceSet>
			</Shape>
			<Shape DEF='_IDX_1428'>
				<Appearance USE='Material_150_IDX_150'/>
				<IndexedFaceSet solid="false" coordIndex='0 1 2 3 -1'>
					<Coordinate point='-10.760845 1.760941 -3.131191 -10.072365 2.355032 -4.025381 -9.381126 2.283946 -3.429146 -9.989891 1.710529 -2.667402'/>
				</IndexedFaceSet>
			</Shape>
			<Shape DEF='_IDX_1429'>
				<Appearance USE='Material_151_IDX_151'/>
				<IndexedFaceSet solid="false" coordIndex='0 1 2 3 -1'>
					<Coordinate point='-11.779077 1.816008 -3.733557 -10.984776 2.435381 -4.799768 -10.072365 2.355032 -4.025381 -10.760845 1.760941 -3.131191'/>
				</IndexedFaceSet>
			</Shape>
			<Shape DEF='_IDX_1430'>
				<Appearance USE='Material_152_IDX_152'/>
				<IndexedFaceSet solid="false" coordIndex='0 1 2 3 -1'>
					<Coordinate point='-6.281902 1.751635 -0.241062 -5.987092 2.240102 -0.287286 -5.869804 2.178530 -0.000000 -6.135735 1.688615 -0.000000'/>
				</IndexedFaceSet>
			</Shape>
			<Shape DEF='_IDX_1431'>
				<Appearance USE='Material_153_IDX_153'/>
				<IndexedFaceSet solid="false" coordIndex='0 1 2 3 -1'>
					<Coordinate point='-6.466043 1.814182 -0.509583 -6.138278 2.303171 -0.607297 -5.987092 2.240102 -0.287286 -6.281902 1.751635 -0.241062'/>
				</IndexedFaceSet>
			</Shape>
			<Shape DEF='_IDX_1432'>
				<Appearance USE='Material_154_IDX_154'/>
				<IndexedFaceSet solid="false" coordIndex='0 1 2 3 -1'>
					<Coordinate point='-6.701216 1.878007 -0.815623 -6.334644 2.369922 -0.972022 -6.138278 2.303171 -0.607297 -6.466043 1.814182 -0.509583'/>
				</IndexedFaceSet>
			</Shape>
			<Shape DEF='_IDX_1433'>
				<Appearance USE='Material_155_IDX_155'/>
				<IndexedFaceSet solid="false" coordIndex='0 1 2 3 -1'>
					<Coordinate point='-7.007665 1.945680 -1.174839 -6.593634 2.443666 -1.400119 -6.334644 2.369922 -0.972022 -6.701216 1.878007 -0.815623'/>
				</IndexedFaceSet>
			</Shape>
			<Shape DEF='_IDX_1434'>
				<Appearance USE='Material_156_IDX_156'/>
				<IndexedFaceSet solid="false" coordIndex='0 1 2 3 -1'>
					<Coordinate point='-7.418491 2.021052 -1.613005 -6.943709 2.529535 -1.922304 -6.593634 2.443666 -1.400119 -7.007665 1.945680 -1.174839'/>
				</IndexedFaceSet>
			</Shape>
			<Shape DEF='_IDX_1435'>
				<Appearance USE='Material_157_IDX_157'/>
				<IndexedFaceSet solid="false" coordIndex='0 1 2 3 -1'>
					<Coordinate point='-7.991750 2.110016 -2.175761 -7.434696 2.635664 -2.592972 -6.943709 2.529535 -1.922304 -7.418491 2.021052 -1.613005'/>
				</IndexedFaceSet>
			</Shape>
			<Shape DEF='_IDX_1436'>
				<Appearance USE='Material_158_IDX_158'/>
				<IndexedFaceSet solid="false" coordIndex='0 1 2 3 -1'>
					<Coordinate point='-8.839577 2.221589 -2.952329 -8.162635 2.775196 -3.518449 -7.434696 2.635664 -2.592972 -7.991750 2.110016 -2.175761'/>
				</IndexedFaceSet>
			</Shape>
			<Shape DEF='_IDX_1437'>
				<Appearance USE='Material_159_IDX_159'/>
				<IndexedFaceSet solid="false" coordIndex='0 1 2 3 -1'>
					<Coordinate point='-8.839577 2.221589 -2.952329 -8.162635 2.775196 -3.518449 -8.162635 2.775196 -3.518449 -8.839577 2.221589 -2.952329'/>
				</IndexedFaceSet>
			</Shape>
			<Shape DEF='_IDX_1438'>
				<Appearance USE='Material_160_IDX_160'/>
				<IndexedFaceSet solid="false" coordIndex='0 1 2 3 -1'>
					<Coordinate point='-9.381126 2.283946 -3.429146 -8.627785 2.856035 -4.086697 -8.162635 2.775196 -3.518449 -8.839577 2.221589 -2.952329'/>
				</IndexedFaceSet>
			</Shape>
			<Shape DEF='_IDX_1439'>
				<Appearance USE='Material_161_IDX_161'/>
				<IndexedFaceSet solid="false" coordIndex='0 1 2 3 -1'>
					<Coordinate point='-10.072365 2.355032 -4.025381 -9.221252 2.950752 -4.797262 -8.627785 2.856035 -4.086697 -9.381126 2.283946 -3.429146'/>
				</IndexedFaceSet>
			</Shape>
			<Shape DEF='_IDX_1440'>
				<Appearance USE='Material_162_IDX_162'/>
				<IndexedFaceSet solid="false" coordIndex='0 1 2 3 -1'>
					<Coordinate point='-10.984776 2.435381 -4.799768 -10.003846 3.061687 -5.720141 -9.221252 2.950752 -4.797262 -10.072365 2.355032 -4.025381'/>
				</IndexedFaceSet>
			</Shape>
			<Shape DEF='_IDX_1441'>
				<Appearance USE='Material_163_IDX_163'/>
				<IndexedFaceSet solid="false" coordIndex='0 1 2 3 -1'>
					<Coordinate point='-5.987092 2.240102 -0.287286 -5.627481 2.743028 -0.324781 -5.539789 2.689105 -0.000000 -5.869804 2.178530 -0.000000'/>
				</IndexedFaceSet>
			</Shape>
			<Shape DEF='_IDX_1442'>
				<Appearance USE='Material_164_IDX_164'/>
				<IndexedFaceSet solid="false" coordIndex='0 1 2 3 -1'>
					<Coordinate point='-6.138278 2.303171 -0.607297 -5.743808 2.800745 -0.686559 -5.627481 2.743028 -0.324781 -5.987092 2.240102 -0.287286'/>
				</IndexedFaceSet>
			</Shape>
			<Shape DEF='_IDX_1443'>
				<Appearance USE='Material_165_IDX_165'/>
				<IndexedFaceSet solid="false" coordIndex='0 1 2 3 -1'>
					<Coordinate point='-6.334644 2.369922 -0.972022 -5.898025 2.864992 -1.098887 -5.743808 2.800745 -0.686559 -6.138278 2.303171 -0.607297'/>
				</IndexedFaceSet>
			</Shape>
			<Shape DEF='_IDX_1444'>
				<Appearance USE='Material_166_IDX_166'/>
				<IndexedFaceSet solid="false" coordIndex='0 1 2 3 -1'>
					<Coordinate point='-6.593634 2.443666 -1.400119 -6.104369 2.939996 -1.582857 -5.898025 2.864992 -1.098887 -6.334644 2.369922 -0.972022'/>
				</IndexedFaceSet>
			</Shape>
			<Shape DEF='_IDX_1445'>
				<Appearance USE='Material_167_IDX_167'/>
				<IndexedFaceSet solid="false" coordIndex='0 1 2 3 -1'>
					<Coordinate point='-6.943709 2.529535 -1.922304 -6.385970 3.032441 -2.173196 -6.104369 2.939996 -1.582857 -6.593634 2.443666 -1.400119'/>
				</IndexedFaceSet>
			</Shape>
			<Shape DEF='_IDX_1446'>
				<Appearance USE='Material_168_IDX_168'/>
				<IndexedFaceSet solid="false" coordIndex='0 1 2 3 -1'>
					<Coordinate point='-7.434696 2.635664 -2.592972 -6.783176 3.153239 -2.931396 -6.385970 3.032441 -2.173196 -6.943709 2.529535 -1.922304'/>
				</IndexedFaceSet>
			</Shape>
			<Shape DEF='_IDX_1447'>
				<Appearance USE='Material_169_IDX_169'/>
				<IndexedFaceSet solid="false" coordIndex='0 1 2 3 -1'>
					<Coordinate point='-8.162635 2.775196 -3.518449 -7.373494 3.320807 -3.977663 -6.783176 3.153239 -2.931396 -7.434696 2.635664 -2.592972'/>
				</IndexedFaceSet>
			</Shape>
			<Shape DEF='_IDX_1448'>
				<Appearance USE='Material_170_IDX_170'/>
				<IndexedFaceSet solid="false" coordIndex='0 1 2 3 -1'>
					<Coordinate point='-8.162635 2.775196 -3.518449 -7.373494 3.320807 -3.977663 -7.373494 3.320807 -3.977663 -8.162635 2.775196 -3.518449'/>
				</IndexedFaceSet>
			</Shape>
			<Shape DEF='_IDX_1449'>
				<Appearance USE='Material_171_IDX_171'/>
				<IndexedFaceSet solid="false" coordIndex='0 1 2 3 -1'>
					<Coordinate point='-8.627785 2.856035 -4.086697 -7.750699 3.421702 -4.620075 -7.373494 3.320807 -3.977663 -8.162635 2.775196 -3.518449'/>
				</IndexedFaceSet>
			</Shape>
			<Shape DEF='_IDX_1450'>
				<Appearance USE='Material_172_IDX_172'/>
				<IndexedFaceSet solid="false" coordIndex='0 1 2 3 -1'>
					<Coordinate point='-9.221252 2.950752 -4.797262 -8.231532 3.543281 -5.423381 -7.750699 3.421702 -4.620075 -8.627785 2.856035 -4.086697'/>
				</IndexedFaceSet>
			</Shape>
			<Shape DEF='_IDX_1451'>
				<Appearance USE='Material_173_IDX_173'/>
				<IndexedFaceSet solid="false" coordIndex='0 1 2 3 -1'>
					<Coordinate point='-10.003846 3.061687 -5.720141 -8.864565 3.690657 -6.466711 -8.231532 3.543281 -5.423381 -9.221252 2.950752 -4.797262'/>
				</IndexedFaceSet>
			</Shape>
			<Shape DEF='_IDX_1452'>
				<Appearance USE='Material_174_IDX_174'/>
				<IndexedFaceSet solid="false" coordIndex='0 1 2 3 -1'>
					<Coordinate point='-5.627481 2.743028 -0.324781 -5.209576 3.251258 -0.352408 -5.151163 3.210098 -0.000000 -5.539789 2.689105 -0.000000'/>
				</IndexedFaceSet>
			</Shape>
			<Shape DEF='_IDX_1453'>
				<Appearance USE='Material_175_IDX_175'/>
				<IndexedFaceSet solid="false" coordIndex='0 1 2 3 -1'>
					<Coordinate point='-5.743808 2.800745 -0.686559 -5.290449 3.298584 -0.744960 -5.209576 3.251258 -0.352408 -5.627481 2.743028 -0.324781'/>
				</IndexedFaceSet>
			</Shape>
			<Shape DEF='_IDX_1454'>
				<Appearance USE='Material_176_IDX_176'/>
				<IndexedFaceSet solid="false" coordIndex='0 1 2 3 -1'>
					<Coordinate point='-5.898025 2.864992 -1.098887 -5.400784 3.355484 -1.192362 -5.290449 3.298584 -0.744960 -5.743808 2.800745 -0.686559'/>
				</IndexedFaceSet>
			</Shape>
			<Shape DEF='_IDX_1455'>
				<Appearance USE='Material_177_IDX_177'/>
				<IndexedFaceSet solid="false" coordIndex='0 1 2 3 -1'>
					<Coordinate point='-6.104369 2.939996 -1.582857 -5.551256 3.427266 -1.717500 -5.400784 3.355484 -1.192362 -5.898025 2.864992 -1.098887'/>
				</IndexedFaceSet>
			</Shape>
			<Shape DEF='_IDX_1456'>
				<Appearance USE='Material_178_IDX_178'/>
				<IndexedFaceSet solid="false" coordIndex='0 1 2 3 -1'>
					<Coordinate point='-6.385970 3.032441 -2.173196 -5.759089 3.522461 -2.358055 -5.551256 3.427266 -1.717500 -6.104369 2.939996 -1.582857'/>
				</IndexedFaceSet>
			</Shape>
			<Shape DEF='_IDX_1457'>
				<Appearance USE='Material_179_IDX_179'/>
				<IndexedFaceSet solid="false" coordIndex='0 1 2 3 -1'>
					<Coordinate point='-6.783176 3.153239 -2.931396 -6.054155 3.655316 -3.180750 -5.759089 3.522461 -2.358055 -6.385970 3.032441 -2.173196'/>
				</IndexedFaceSet>
			</Shape>
			<Shape DEF='_IDX_1458'>
				<Appearance USE='Material_180_IDX_180'/>
				<IndexedFaceSet solid="false" coordIndex='0 1 2 3 -1'>
					<Coordinate point='-7.373494 3.320807 -3.977663 -6.493530 3.850761 -4.316017 -6.054155 3.655316 -3.180750 -6.783176 3.153239 -2.931396'/>
				</IndexedFaceSet>
			</Shape>
			<Shape DEF='_IDX_1459'>
				<Appearance USE='Material_181_IDX_181'/>
				<IndexedFaceSet solid="false" coordIndex='0 1 2 3 -1'>
					<Coordinate point='-7.373494 3.320807 -3.977663 -6.493530 3.850761 -4.316017 -6.493530 3.850761 -4.316017 -7.373494 3.320807 -3.977663'/>
				</IndexedFaceSet>
			</Shape>
			<Shape DEF='_IDX_1460'>
				<Appearance USE='Material_182_IDX_182'/>
				<IndexedFaceSet solid="false" coordIndex='0 1 2 3 -1'>
					<Coordinate point='-7.750699 3.421702 -4.620075 -6.774016 3.973190 -5.013075 -6.493530 3.850761 -4.316017 -7.373494 3.320807 -3.977663'/>
				</IndexedFaceSet>
			</Shape>
			<Shape DEF='_IDX_1461'>
				<Appearance USE='Material_183_IDX_183'/>
				<IndexedFaceSet solid="false" coordIndex='0 1 2 3 -1'>
					<Coordinate point='-8.231532 3.543281 -5.423381 -7.130902 4.124815 -5.884713 -6.774016 3.973190 -5.013075 -7.750699 3.421702 -4.620075'/>
				</IndexedFaceSet>
			</Shape>
			<Shape DEF='_IDX_1462'>
				<Appearance USE='Material_184_IDX_184'/>
				<IndexedFaceSet solid="false" coordIndex='0 1 2 3 -1'>
					<Coordinate point='-8.864565 3.690657 -6.466711 -7.599383 4.314562 -7.016792 -7.130902 4.124815 -5.884713 -8.231532 3.543281 -5.423381'/>
				</IndexedFaceSet>
			</Shape>
			<Shape DEF='_IDX_1463'>
				<Appearance USE='Material_185_IDX_185'/>
				<IndexedFaceSet solid="false" coordIndex='0 1 2 3 -1'>
					<Coordinate point='-5.209576 3.251258 -0.352408 -4.742694 3.753799 -0.369328 -4.712478 3.729537 -0.000000 -5.151163 3.210098 -0.000000'/>
				</IndexedFaceSet>
			</Shape>
			<Shape DEF='_IDX_1464'>
				<Appearance USE='Material_186_IDX_186'/>
				<IndexedFaceSet solid="false" coordIndex='0 1 2 3 -1'>
					<Coordinate point='-5.290449 3.298584 -0.744960 -4.788599 3.786491 -0.780726 -4.742694 3.753799 -0.369328 -5.209576 3.251258 -0.352408'/>
				</IndexedFaceSet>
			</Shape>
			<Shape DEF='_IDX_1465'>
				<Appearance USE='Material_187_IDX_187'/>
				<IndexedFaceSet solid="false" coordIndex='0 1 2 3 -1'>
					<Coordinate point='-5.400784 3.355484 -1.192362 -4.854744 3.831769 -1.249608 -4.788599 3.786491 -0.780726 -5.290449 3.298584 -0.744960'/>
				</IndexedFaceSet>
			</Shape>
			<Shape DEF='_IDX_1466'>
				<Appearance USE='Material_188_IDX_188'/>
				<IndexedFaceSet solid="false" coordIndex='0 1 2 3 -1'>
					<Coordinate point='-5.551256 3.427266 -1.717500 -4.947963 3.896160 -1.799958 -4.854744 3.831769 -1.249608 -5.400784 3.355484 -1.192362'/>
				</IndexedFaceSet>
			</Shape>
			<Shape DEF='_IDX_1467'>
				<Appearance USE='Material_189_IDX_189'/>
				<IndexedFaceSet solid="false" coordIndex='0 1 2 3 -1'>
					<Coordinate point='-5.759089 3.522461 -2.358055 -5.079127 3.990298 -2.471267 -4.947963 3.896160 -1.799958 -5.551256 3.427266 -1.717500'/>
				</IndexedFaceSet>
			</Shape>
			<Shape DEF='_IDX_1468'>
				<Appearance USE='Material_190_IDX_190'/>
				<IndexedFaceSet solid="false" coordIndex='0 1 2 3 -1'>
					<Coordinate point='-6.054155 3.655316 -3.180750 -5.266887 4.132308 -3.333460 -5.079127 3.990298 -2.471267 -5.759089 3.522461 -2.358055'/>
				</IndexedFaceSet>
			</Shape>
			<Shape DEF='_IDX_1469'>
				<Appearance USE='Material_191_IDX_191'/>
				<IndexedFaceSet solid="false" coordIndex='0 1 2 3 -1'>
					<Coordinate point='-6.493530 3.850761 -4.316017 -5.546560 4.354878 -4.523231 -5.266887 4.132308 -3.333460 -6.054155 3.655316 -3.180750'/>
				</IndexedFaceSet>
			</Shape>
			<Shape DEF='_IDX_1470'>
				<Appearance USE='Material_192_IDX_192'/>
				<IndexedFaceSet solid="false" coordIndex='0 1 2 3 -1'>
					<Coordinate point='-6.493530 3.850761 -4.316017 -5.546560 4.354878 -4.523231 -5.546560 4.354878 -4.523231 -6.493530 3.850761 -4.316017'/>
				</IndexedFaceSet>
			</Shape>
			<Shape DEF='_IDX_1471'>
				<Appearance USE='Material_193_IDX_193'/>
				<IndexedFaceSet solid="false" coordIndex='0 1 2 3 -1'>
					<Coordinate point='-6.774016 3.973190 -5.013075 -5.724449 4.499954 -5.253756 -5.546560 4.354878 -4.523231 -6.493530 3.850761 -4.316017'/>
				</IndexedFaceSet>
			</Shape>
			<Shape DEF='_IDX_1472'>
				<Appearance USE='Material_194_IDX_194'/>
				<IndexedFaceSet solid="false" coordIndex='0 1 2 3 -1'>
					<Coordinate point='-7.130902 4.124815 -5.884713 -5.949801 4.684396 -6.167242 -5.724449 4.499954 -5.253756 -6.774016 3.973190 -5.013075'/>
				</IndexedFaceSet>
			</Shape>
			<Shape DEF='_IDX_1473'>
				<Appearance USE='Material_195_IDX_195'/>
				<IndexedFaceSet solid="false" coordIndex='0 1 2 3 -1'>
					<Coordinate point='-7.599383 4.314562 -7.016792 -6.243772 4.921988 -7.353672 -5.949801 4.684396 -6.167242 -7.130902 4.124815 -5.884713'/>
				</IndexedFaceSet>
			</Shape>
			<Shape DEF='_IDX_1474'>
				<Appearance USE='Material_196_IDX_196'/>
				<IndexedFaceSet solid="false" coordIndex='0 1 2 3 -1'>
					<Coordinate point='-4.742694 3.753799 -0.369328 -4.238286 4.238692 -0.375025 -4.234497 4.234654 0.000000 -4.712478 3.729537 -0.000000'/>
				</IndexedFaceSet>
			</Shape>
			<Shape DEF='_IDX_1475'>
				<Appearance USE='Material_197_IDX_197'/>
				<IndexedFaceSet solid="false" coordIndex='0 1 2 3 -1'>
					<Coordinate point='-4.788599 3.786491 -0.780726 -4.250697 4.253153 -0.792770 -4.238286 4.238692 -0.375025 -4.742694 3.753799 -0.369328'/>
				</IndexedFaceSet>
			</Shape>
			<Shape DEF='_IDX_1476'>
				<Appearance USE='Material_198_IDX_198'/>
				<IndexedFaceSet solid="false" coordIndex='0 1 2 3 -1'>
					<Coordinate point='-4.854744 3.831769 -1.249608 -4.273696 4.282962 -1.268885 -4.250697 4.253153 -0.792770 -4.788599 3.786491 -0.780726'/>
				</IndexedFaceSet>
			</Shape>
			<Shape DEF='_IDX_1477'>
				<Appearance USE='Material_199_IDX_199'/>
				<IndexedFaceSet solid="false" coordIndex='0 1 2 3 -1'>
					<Coordinate point='-4.947963 3.896160 -1.799958 -4.310065 4.335938 -1.827726 -4.273696 4.282962 -1.268885 -4.854744 3.831769 -1.249608'/>
				</IndexedFaceSet>
			</Shape>
			<Shape DEF='_IDX_1478'>
				<Appearance USE='Material_200_IDX_200'/>
				<IndexedFaceSet solid="false" coordIndex='0 1 2 3 -1'>
					<Coordinate point='-5.079127 3.990298 -2.471267 -4.364005 4.425007 -2.509390 -4.310065 4.335938 -1.827726 -4.947963 3.896160 -1.799958'/>
				</IndexedFaceSet>
			</Shape>
			<Shape DEF='_IDX_1479'>
				<Appearance USE='Material_201_IDX_201'/>
				<IndexedFaceSet solid="false" coordIndex='0 1 2 3 -1'>
					<Coordinate point='-5.266887 4.132308 -3.333460 -4.442441 4.572650 -3.384884 -4.364005 4.425007 -2.509390 -5.079127 3.990298 -2.471267'/>
				</IndexedFaceSet>
			</Shape>
			<Shape DEF='_IDX_1480'>
				<Appearance USE='Material_202_IDX_202'/>
				<IndexedFaceSet solid="false" coordIndex='0 1 2 3 -1'>
					<Coordinate point='-5.546560 4.354878 -4.523231 -4.558158 4.820496 -4.593009 -4.442441 4.572650 -3.384884 -5.266887 4.132308 -3.333460'/>
				</IndexedFaceSet>
			</Shape>
			<Shape DEF='_IDX_1481'>
				<Appearance USE='Material_203_IDX_203'/>
				<IndexedFaceSet solid="false" coordIndex='0 1 2 3 -1'>
					<Coordinate point='-5.546560 4.354878 -4.523231 -4.558158 4.820496 -4.593009 -4.558158 4.820496 -4.593009 -5.546560 4.354878 -4.523231'/>
				</IndexedFaceSet>
			</Shape>
			<Shape DEF='_IDX_1482'>
				<Appearance USE='Material_204_IDX_204'/>
				<IndexedFaceSet solid="false" coordIndex='0 1 2 3 -1'>
					<Coordinate point='-5.724449 4.499954 -5.253756 -4.630437 4.988650 -5.334804 -4.558158 4.820496 -4.593009 -5.546560 4.354878 -4.523231'/>
				</IndexedFaceSet>
			</Shape>
			<Shape DEF='_IDX_1483'>
				<Appearance USE='Material_205_IDX_205'/>
				<IndexedFaceSet solid="false" coordIndex='0 1 2 3 -1'>
					<Coordinate point='-5.949801 4.684396 -6.167242 -4.720386 5.207872 -6.262381 -4.630437 4.988650 -5.334804 -5.724449 4.499954 -5.253756'/>
				</IndexedFaceSet>
			</Shape>
			<Shape DEF='_IDX_1484'>
				<Appearance USE='Material_206_IDX_206'/>
				<IndexedFaceSet solid="false" coordIndex='0 1 2 3 -1'>
					<Coordinate point='-6.243772 4.921988 -7.353672 -4.834943 5.497795 -7.467114 -4.720386 5.207872 -6.262381 -5.949801 4.684396 -6.167242'/>
				</IndexedFaceSet>
			</Shape>
			<Shape DEF='_IDX_1485'>
				<Appearance USE='Material_196_IDX_196'/>
				<IndexedFaceSet solid="false" coordIndex='0 1 2 3 -1'>
					<Coordinate point='-4.238286 4.238692 -0.375025 -3.709237 4.693767 -0.369328 -3.729379 4.712635 -0.000000 -4.234497 4.234654 0.000000'/>
				</IndexedFaceSet>
			</Shape>
			<Shape DEF='_IDX_1486'>
				<Appearance USE='Material_197_IDX_197'/>
				<IndexedFaceSet solid="false" coordIndex='0 1 2 3 -1'>
					<Coordinate point='-4.250697 4.253153 -0.792770 -3.690648 4.686868 -0.780726 -3.709237 4.693767 -0.369328 -4.238286 4.238692 -0.375025'/>
				</IndexedFaceSet>
			</Shape>
			<Shape DEF='_IDX_1487'>
				<Appearance USE='Material_198_IDX_198'/>
				<IndexedFaceSet solid="false" coordIndex='0 1 2 3 -1'>
					<Coordinate point='-4.273696 4.282962 -1.268885 -3.672912 4.697582 -1.249608 -3.690648 4.686868 -0.780726 -4.250697 4.253153 -0.792770'/>
				</IndexedFaceSet>
			</Shape>
			<Shape DEF='_IDX_1488'>
				<Appearance USE='Material_199_IDX_199'/>
				<IndexedFaceSet solid="false" coordIndex='0 1 2 3 -1'>
					<Coordinate point='-4.310065 4.335938 -1.827726 -3.654626 4.734996 -1.799958 -3.672912 4.697582 -1.249608 -4.273696 4.282962 -1.268885'/>
				</IndexedFaceSet>
			</Shape>
			<Shape DEF='_IDX_1489'>
				<Appearance USE='Material_200_IDX_200'/>
				<IndexedFaceSet solid="false" coordIndex='0 1 2 3 -1'>
					<Coordinate point='-4.364005 4.425007 -2.509390 -3.633102 4.814414 -2.471267 -3.654626 4.734996 -1.799958 -4.310065 4.335938 -1.827726'/>
				</IndexedFaceSet>
			</Shape>
			<Shape DEF='_IDX_1490'>
				<Appearance USE='Material_201_IDX_201'/>
				<IndexedFaceSet solid="false" coordIndex='0 1 2 3 -1'>
					<Coordinate point='-4.442441 4.572650 -3.384884 -3.603233 4.963043 -3.333460 -3.633102 4.814414 -2.471267 -4.364005 4.425007 -2.509390'/>
				</IndexedFaceSet>
			</Shape>
			<Shape DEF='_IDX_1491'>
				<Appearance USE='Material_202_IDX_202'/>
				<IndexedFaceSet solid="false" coordIndex='0 1 2 3 -1'>
					<Coordinate point='-4.558158 4.820496 -4.593009 -3.554968 5.232574 -4.523231 -3.603233 4.963043 -3.333460 -4.442441 4.572650 -3.384884'/>
				</IndexedFaceSet>
			</Shape>
			<Shape DEF='_IDX_1492'>
				<Appearance USE='Material_207_IDX_207'/>
				<IndexedFaceSet solid="false" coordIndex='0 1 2 3 -1'>
					<Coordinate point='-4.558158 4.820496 -4.593009 -3.554968 5.232574 -4.523231 -3.554968 5.232574 -4.523231 -4.558158 4.820496 -4.593009'/>
				</IndexedFaceSet>
			</Shape>
			<Shape DEF='_IDX_1493'>
				<Appearance USE='Material_204_IDX_204'/>
				<IndexedFaceSet solid="false" coordIndex='0 1 2 3 -1'>
					<Coordinate point='-4.630437 4.988650 -5.334804 -3.521293 5.423212 -5.253756 -3.554968 5.232574 -4.523231 -4.558158 4.820496 -4.593009'/>
				</IndexedFaceSet>
			</Shape>
			<Shape DEF='_IDX_1494'>
				<Appearance USE='Material_208_IDX_208'/>
				<IndexedFaceSet solid="false" coordIndex='0 1 2 3 -1'>
					<Coordinate point='-4.720386 5.207872 -6.262381 -3.475445 5.677972 -6.167242 -3.521293 5.423212 -5.253756 -4.630437 4.988650 -5.334804'/>
				</IndexedFaceSet>
			</Shape>
			<Shape DEF='_IDX_1495'>
				<Appearance USE='Material_209_IDX_209'/>
				<IndexedFaceSet solid="false" coordIndex='0 1 2 3 -1'>
					<Coordinate point='-4.834943 5.497795 -7.467114 -3.410493 6.023239 -7.353672 -3.475445 5.677972 -6.167242 -4.720386 5.207872 -6.262381'/>
				</IndexedFaceSet>
			</Shape>
			<Shape DEF='_IDX_1496'>
				<Appearance USE='Material_185_IDX_185'/>
				<IndexedFaceSet solid="false" coordIndex='0 1 2 3 -1'>
					<Coordinate point='-3.709237 4.693767 -0.369328 -3.169203 5.107378 -0.352408 -3.209940 5.151320 0.000000 -3.729379 4.712635 -0.000000'/>
				</IndexedFaceSet>
			</Shape>
			<Shape DEF='_IDX_1497'>
				<Appearance USE='Material_186_IDX_186'/>
				<IndexedFaceSet solid="false" coordIndex='0 1 2 3 -1'>
					<Coordinate point='-3.690648 4.686868 -0.780726 -3.123247 5.076288 -0.744960 -3.169203 5.107378 -0.352408 -3.709237 4.693767 -0.369328'/>
				</IndexedFaceSet>
			</Shape>
			<Shape DEF='_IDX_1498'>
				<Appearance USE='Material_187_IDX_187'/>
				<IndexedFaceSet solid="false" coordIndex='0 1 2 3 -1'>
					<Coordinate point='-3.672912 4.697582 -1.249608 -3.068681 5.064259 -1.192362 -3.123247 5.076288 -0.744960 -3.690648 4.686868 -0.780726'/>
				</IndexedFaceSet>
			</Shape>
			<Shape DEF='_IDX_1499'>
				<Appearance USE='Material_188_IDX_188'/>
				<IndexedFaceSet solid="false" coordIndex='0 1 2 3 -1'>
					<Coordinate point='-3.654626 4.734996 -1.799958 -2.999831 5.081495 -1.717500 -3.068681 5.064259 -1.192362 -3.672912 4.697582 -1.249608'/>
				</IndexedFaceSet>
			</Shape>
			<Shape DEF='_IDX_1500'>
				<Appearance USE='Material_210_IDX_210'/>
				<IndexedFaceSet solid="false" coordIndex='0 1 2 3 -1'>
					<Coordinate point='-3.633102 4.814414 -2.471267 -2.906954 5.145601 -2.358055 -2.999831 5.081495 -1.717500 -3.654626 4.734996 -1.799958'/>
				</IndexedFaceSet>
			</Shape>
			<Shape DEF='_IDX_1501'>
				<Appearance USE='Material_190_IDX_190'/>
				<IndexedFaceSet solid="false" coordIndex='0 1 2 3 -1'>
					<Coordinate point='-3.603233 4.963043 -3.333460 -2.772669 5.288743 -3.180750 -2.906954 5.145601 -2.358055 -3.633102 4.814414 -2.471267'/>
				</IndexedFaceSet>
			</Shape>
			<Shape DEF='_IDX_1502'>
				<Appearance USE='Material_191_IDX_191'/>
				<IndexedFaceSet solid="false" coordIndex='0 1 2 3 -1'>
					<Coordinate point='-3.554968 5.232574 -4.523231 -2.564079 5.573784 -4.316017 -2.772669 5.288743 -3.180750 -3.603233 4.963043 -3.333460'/>
				</IndexedFaceSet>
			</Shape>
			<Shape DEF='_IDX_1503'>
				<Appearance USE='Material_211_IDX_211'/>
				<IndexedFaceSet solid="false" coordIndex='0 1 2 3 -1'>
					<Coordinate point='-3.554968 5.232574 -4.523231 -2.564079 5.573784 -4.316017 -2.564079 5.573784 -4.316017 -3.554968 5.232574 -4.523231'/>
				</IndexedFaceSet>
			</Shape>
			<Shape DEF='_IDX_1504'>
				<Appearance USE='Material_193_IDX_193'/>
				<IndexedFaceSet solid="false" coordIndex='0 1 2 3 -1'>
					<Coordinate point='-3.521293 5.423212 -5.253756 -2.426360 5.784903 -5.013075 -2.564079 5.573784 -4.316017 -3.554968 5.232574 -4.523231'/>
				</IndexedFaceSet>
			</Shape>
			<Shape DEF='_IDX_1505'>
				<Appearance USE='Material_194_IDX_194'/>
				<IndexedFaceSet solid="false" coordIndex='0 1 2 3 -1'>
					<Coordinate point='-3.475445 5.677972 -6.167242 -2.247296 6.074399 -5.884713 -2.426360 5.784903 -5.013075 -3.521293 5.423212 -5.253756'/>
				</IndexedFaceSet>
			</Shape>
			<Shape DEF='_IDX_1506'>
				<Appearance USE='Material_212_IDX_212'/>
				<IndexedFaceSet solid="false" coordIndex='0 1 2 3 -1'>
					<Coordinate point='-3.410493 6.023239 -7.353672 -2.006970 6.476197 -7.016792 -2.247296 6.074399 -5.884713 -3.475445 5.677972 -6.167242'/>
				</IndexedFaceSet>
			</Shape>
			<Shape DEF='_IDX_1507'>
				<Appearance USE='Material_174_IDX_174'/>
				<IndexedFaceSet solid="false" coordIndex='0 1 2 3 -1'>
					<Coordinate point='-3.169203 5.107378 -0.352408 -2.631974 5.469213 -0.324781 -2.688947 5.539946 -0.000000 -3.209940 5.151320 0.000000'/>
				</IndexedFaceSet>
			</Shape>
			<Shape DEF='_IDX_1508'>
				<Appearance USE='Material_175_IDX_175'/>
				<IndexedFaceSet solid="false" coordIndex='0 1 2 3 -1'>
					<Coordinate point='-3.123247 5.076288 -0.744960 -2.563642 5.411281 -0.686559 -2.631974 5.469213 -0.324781 -3.169203 5.107378 -0.352408'/>
				</IndexedFaceSet>
			</Shape>
			<Shape DEF='_IDX_1509'>
				<Appearance USE='Material_176_IDX_176'/>
				<IndexedFaceSet solid="false" coordIndex='0 1 2 3 -1'>
					<Coordinate point='-3.068681 5.064259 -1.192362 -2.477897 5.372622 -1.098887 -2.563642 5.411281 -0.686559 -3.123247 5.076288 -0.744960'/>
				</IndexedFaceSet>
			</Shape>
			<Shape DEF='_IDX_1510'>
				<Appearance USE='Material_213_IDX_213'/>
				<IndexedFaceSet solid="false" coordIndex='0 1 2 3 -1'>
					<Coordinate point='-2.999831 5.081495 -1.717500 -2.364744 5.364183 -1.582857 -2.477897 5.372622 -1.098887 -3.068681 5.064259 -1.192362'/>
				</IndexedFaceSet>
			</Shape>
			<Shape DEF='_IDX_1511'>
				<Appearance USE='Material_178_IDX_178'/>
				<IndexedFaceSet solid="false" coordIndex='0 1 2 3 -1'>
					<Coordinate point='-2.906954 5.145601 -2.358055 -2.207158 5.405533 -2.173196 -2.364744 5.364183 -1.582857 -2.999831 5.081495 -1.717500'/>
				</IndexedFaceSet>
			</Shape>
			<Shape DEF='_IDX_1512'>
				<Appearance USE='Material_179_IDX_179'/>
				<IndexedFaceSet solid="false" coordIndex='0 1 2 3 -1'>
					<Coordinate point='-2.772669 5.288743 -3.180750 -1.975063 5.533843 -2.931396 -2.207158 5.405533 -2.173196 -2.906954 5.145601 -2.358055'/>
				</IndexedFaceSet>
			</Shape>
			<Shape DEF='_IDX_1513'>
				<Appearance USE='Material_214_IDX_214'/>
				<IndexedFaceSet solid="false" coordIndex='0 1 2 3 -1'>
					<Coordinate point='-2.564079 5.573784 -4.316017 -1.612590 5.824448 -3.977663 -1.975063 5.533843 -2.931396 -2.772669 5.288743 -3.180750'/>
				</IndexedFaceSet>
			</Shape>
			<Shape DEF='_IDX_1514'>
				<Appearance USE='Material_181_IDX_181'/>
				<IndexedFaceSet solid="false" coordIndex='0 1 2 3 -1'>
					<Coordinate point='-2.564079 5.573784 -4.316017 -1.612590 5.824448 -3.977663 -1.612590 5.824448 -3.977663 -2.564079 5.573784 -4.316017'/>
				</IndexedFaceSet>
			</Shape>
			<Shape DEF='_IDX_1515'>
				<Appearance USE='Material_182_IDX_182'/>
				<IndexedFaceSet solid="false" coordIndex='0 1 2 3 -1'>
					<Coordinate point='-2.426360 5.784903 -5.013075 -1.374253 6.052211 -4.620075 -1.612590 5.824448 -3.977663 -2.564079 5.573784 -4.316017'/>
				</IndexedFaceSet>
			</Shape>
			<Shape DEF='_IDX_1516'>
				<Appearance USE='Material_183_IDX_183'/>
				<IndexedFaceSet solid="false" coordIndex='0 1 2 3 -1'>
					<Coordinate point='-2.247296 6.074399 -5.884713 -1.066630 6.373841 -5.423381 -1.374253 6.052211 -4.620075 -2.426360 5.784903 -5.013075'/>
				</IndexedFaceSet>
			</Shape>
			<Shape DEF='_IDX_1517'>
				<Appearance USE='Material_184_IDX_184'/>
				<IndexedFaceSet solid="false" coordIndex='0 1 2 3 -1'>
					<Coordinate point='-2.006970 6.476197 -7.016792 -0.658356 6.831453 -6.466711 -1.066630 6.373841 -5.423381 -2.247296 6.074399 -5.884713'/>
				</IndexedFaceSet>
			</Shape>
			<Shape DEF='_IDX_1518'>
				<Appearance USE='Material_163_IDX_163'/>
				<IndexedFaceSet solid="false" coordIndex='0 1 2 3 -1'>
					<Coordinate point='-2.631974 5.469213 -0.324781 -2.110767 5.771233 -0.287286 -2.178373 5.869962 -0.000000 -2.688947 5.539946 -0.000000'/>
				</IndexedFaceSet>
			</Shape>
			<Shape DEF='_IDX_1519'>
				<Appearance USE='Material_215_IDX_215'/>
				<IndexedFaceSet solid="false" coordIndex='0 1 2 3 -1'>
					<Coordinate point='-2.563642 5.411281 -0.686559 -2.026727 5.684004 -0.607297 -2.110767 5.771233 -0.287286 -2.631974 5.469213 -0.324781'/>
				</IndexedFaceSet>
			</Shape>
			<Shape DEF='_IDX_1520'>
				<Appearance USE='Material_165_IDX_165'/>
				<IndexedFaceSet solid="false" coordIndex='0 1 2 3 -1'>
					<Coordinate point='-2.477897 5.372622 -1.098887 -1.917662 5.614468 -0.972022 -2.026727 5.684004 -0.607297 -2.563642 5.411281 -0.686559'/>
				</IndexedFaceSet>
			</Shape>
			<Shape DEF='_IDX_1521'>
				<Appearance USE='Material_166_IDX_166'/>
				<IndexedFaceSet solid="false" coordIndex='0 1 2 3 -1'>
					<Coordinate point='-2.364744 5.364183 -1.582857 -1.769227 5.573567 -1.400119 -1.917662 5.614468 -0.972022 -2.477897 5.372622 -1.098887'/>
				</IndexedFaceSet>
			</Shape>
			<Shape DEF='_IDX_1522'>
				<Appearance USE='Material_167_IDX_167'/>
				<IndexedFaceSet solid="false" coordIndex='0 1 2 3 -1'>
					<Coordinate point='-2.207158 5.405533 -2.173196 -1.556686 5.581972 -1.922304 -1.769227 5.573567 -1.400119 -2.364744 5.364183 -1.582857'/>
				</IndexedFaceSet>
			</Shape>
			<Shape DEF='_IDX_1523'>
				<Appearance USE='Material_168_IDX_168'/>
				<IndexedFaceSet solid="false" coordIndex='0 1 2 3 -1'>
					<Coordinate point='-1.975063 5.533843 -2.931396 -1.236130 5.681518 -2.592972 -1.556686 5.581972 -1.922304 -2.207158 5.405533 -2.173196'/>
				</IndexedFaceSet>
			</Shape>
			<Shape DEF='_IDX_1524'>
				<Appearance USE='Material_216_IDX_216'/>
				<IndexedFaceSet solid="false" coordIndex='0 1 2 3 -1'>
					<Coordinate point='-1.612590 5.824448 -3.977663 -0.727533 5.962026 -3.518449 -1.236130 5.681518 -2.592972 -1.975063 5.533843 -2.931396'/>
				</IndexedFaceSet>
			</Shape>
			<Shape DEF='_IDX_1525'>
				<Appearance USE='Material_170_IDX_170'/>
				<IndexedFaceSet solid="false" coordIndex='0 1 2 3 -1'>
					<Coordinate point='-1.612590 5.824448 -3.977663 -0.727533 5.962026 -3.518449 -0.727533 5.962026 -3.518449 -1.612590 5.824448 -3.977663'/>
				</IndexedFaceSet>
			</Shape>
			<Shape DEF='_IDX_1526'>
				<Appearance USE='Material_171_IDX_171'/>
				<IndexedFaceSet solid="false" coordIndex='0 1 2 3 -1'>
					<Coordinate point='-1.374253 6.052211 -4.620075 -0.392207 6.200269 -4.086697 -0.727533 5.962026 -3.518449 -1.612590 5.824448 -3.977663'/>
				</IndexedFaceSet>
			</Shape>
			<Shape DEF='_IDX_1527'>
				<Appearance USE='Material_217_IDX_217'/>
				<IndexedFaceSet solid="false" coordIndex='0 1 2 3 -1'>
					<Coordinate point='-1.066630 6.373841 -5.423381 0.038765 6.549641 -4.797262 -0.392207 6.200269 -4.086697 -1.374253 6.052211 -4.620075'/>
				</IndexedFaceSet>
			</Shape>
			<Shape DEF='_IDX_1528'>
				<Appearance USE='Material_218_IDX_218'/>
				<IndexedFaceSet solid="false" coordIndex='0 1 2 3 -1'>
					<Coordinate point='-0.658356 6.831453 -6.466711 0.605707 7.060954 -5.720141 0.038765 6.549641 -4.797262 -1.066630 6.373841 -5.423381'/>
				</IndexedFaceSet>
			</Shape>
			<Shape DEF='_IDX_1529'>
				<Appearance USE='Material_152_IDX_152'/>
				<IndexedFaceSet solid="false" coordIndex='0 1 2 3 -1'>
					<Coordinate point='-2.110767 5.771233 -0.287286 -1.617271 6.008774 -0.241062 -1.688457 6.135892 -0.000000 -2.178373 5.869962 -0.000000'/>
				</IndexedFaceSet>
			</Shape>
			<Shape DEF='_IDX_1530'>
				<Appearance USE='Material_153_IDX_153'/>
				<IndexedFaceSet solid="false" coordIndex='0 1 2 3 -1'>
					<Coordinate point='-2.026727 5.684004 -0.607297 -1.526276 5.890302 -0.509583 -1.617271 6.008774 -0.241062 -2.110767 5.771233 -0.287286'/>
				</IndexedFaceSet>
			</Shape>
			<Shape DEF='_IDX_1531'>
				<Appearance USE='Material_154_IDX_154'/>
				<IndexedFaceSet solid="false" coordIndex='0 1 2 3 -1'>
					<Coordinate point='-1.917662 5.614468 -0.972022 -1.404692 5.785492 -0.815623 -1.526276 5.890302 -0.509583 -2.026727 5.684004 -0.607297'/>
				</IndexedFaceSet>
			</Shape>
			<Shape DEF='_IDX_1532'>
				<Appearance USE='Material_155_IDX_155'/>
				<IndexedFaceSet solid="false" coordIndex='0 1 2 3 -1'>
					<Coordinate point='-1.769227 5.573567 -1.400119 -1.233949 5.703844 -1.174839 -1.404692 5.785492 -0.815623 -1.917662 5.614468 -0.972022'/>
				</IndexedFaceSet>
			</Shape>
			<Shape DEF='_IDX_1533'>
				<Appearance USE='Material_156_IDX_156'/>
				<IndexedFaceSet solid="false" coordIndex='0 1 2 3 -1'>
					<Coordinate point='-1.556686 5.581972 -1.922304 -0.980847 5.665112 -1.613005 -1.233949 5.703844 -1.174839 -1.769227 5.573567 -1.400119'/>
				</IndexedFaceSet>
			</Shape>
			<Shape DEF='_IDX_1534'>
				<Appearance USE='Material_157_IDX_157'/>
				<IndexedFaceSet solid="false" coordIndex='0 1 2 3 -1'>
					<Coordinate point='-1.236130 5.681518 -2.592972 -0.584726 5.714306 -2.175761 -0.980847 5.665112 -1.613005 -1.556686 5.581972 -1.922304'/>
				</IndexedFaceSet>
			</Shape>
			<Shape DEF='_IDX_1535'>
				<Appearance USE='Material_158_IDX_158'/>
				<IndexedFaceSet solid="false" coordIndex='0 1 2 3 -1'>
					<Coordinate point='-0.727533 5.962026 -3.518449 0.063444 5.959480 -2.952329 -0.584726 5.714306 -2.175761 -1.236130 5.681518 -2.592972'/>
				</IndexedFaceSet>
			</Shape>
			<Shape DEF='_IDX_1536'>
				<Appearance USE='Material_159_IDX_159'/>
				<IndexedFaceSet solid="false" coordIndex='0 1 2 3 -1'>
					<Coordinate point='-0.727533 5.962026 -3.518449 0.063444 5.959480 -2.952329 0.063444 5.959480 -2.952329 -0.727533 5.962026 -3.518449'/>
				</IndexedFaceSet>
			</Shape>
			<Shape DEF='_IDX_1537'>
				<Appearance USE='Material_160_IDX_160'/>
				<IndexedFaceSet solid="false" coordIndex='0 1 2 3 -1'>
					<Coordinate point='-0.392207 6.200269 -4.086697 0.494520 6.199042 -3.429146 0.063444 5.959480 -2.952329 -0.727533 5.962026 -3.518449'/>
				</IndexedFaceSet>
			</Shape>
			<Shape DEF='_IDX_1538'>
				<Appearance USE='Material_161_IDX_161'/>
				<IndexedFaceSet solid="false" coordIndex='0 1 2 3 -1'>
					<Coordinate point='0.038765 6.549641 -4.797262 1.045840 6.570723 -4.025381 0.494520 6.199042 -3.429146 -0.392207 6.200269 -4.086697'/>
				</IndexedFaceSet>
			</Shape>
			<Shape DEF='_IDX_1539'>
				<Appearance USE='Material_219_IDX_219'/>
				<IndexedFaceSet solid="false" coordIndex='0 1 2 3 -1'>
					<Coordinate point='0.605707 7.060954 -5.720141 1.762348 7.134059 -4.799768 1.045840 6.570723 -4.025381 0.038765 6.549641 -4.797262'/>
				</IndexedFaceSet>
			</Shape>
			<Shape DEF='_IDX_1540'>
				<Appearance USE='Material_141_IDX_141'/>
				<IndexedFaceSet solid="false" coordIndex='0 1 2 3 -1'>
					<Coordinate point='-1.617271 6.008774 -0.241062 -1.160176 6.181625 -0.187513 -1.226415 6.336061 -0.000000 -1.688457 6.135892 -0.000000'/>
				</IndexedFaceSet>
			</Shape>
			<Shape DEF='_IDX_1541'>
				<Appearance USE='Material_142_IDX_142'/>
				<IndexedFaceSet solid="false" coordIndex='0 1 2 3 -1'>
					<Coordinate point='-1.526276 5.890302 -0.509583 -1.073371 6.031352 -0.396385 -1.160176 6.181625 -0.187513 -1.617271 6.008774 -0.241062'/>
				</IndexedFaceSet>
			</Shape>
			<Shape DEF='_IDX_1542'>
				<Appearance USE='Material_143_IDX_143'/>
				<IndexedFaceSet solid="false" coordIndex='0 1 2 3 -1'>
					<Coordinate point='-1.404692 5.785492 -0.815623 -0.953938 5.887764 -0.634442 -1.073371 6.031352 -0.396385 -1.526276 5.890302 -0.509583'/>
				</IndexedFaceSet>
			</Shape>
			<Shape DEF='_IDX_1543'>
				<Appearance USE='Material_144_IDX_144'/>
				<IndexedFaceSet solid="false" coordIndex='0 1 2 3 -1'>
					<Coordinate point='-1.233949 5.703844 -1.174839 -0.779934 5.756354 -0.913863 -0.953938 5.887764 -0.634442 -1.404692 5.785492 -0.815623'/>
				</IndexedFaceSet>
			</Shape>
			<Shape DEF='_IDX_1544'>
				<Appearance USE='Material_145_IDX_145'/>
				<IndexedFaceSet solid="false" coordIndex='0 1 2 3 -1'>
					<Coordinate point='-0.980847 5.665112 -1.613005 -0.509131 5.651279 -1.254695 -0.779934 5.756354 -0.913863 -1.233949 5.703844 -1.174839'/>
				</IndexedFaceSet>
			</Shape>
			<Shape DEF='_IDX_1545'>
				<Appearance USE='Material_146_IDX_146'/>
				<IndexedFaceSet solid="false" coordIndex='0 1 2 3 -1'>
					<Coordinate point='-0.584726 5.714306 -2.175761 -0.057589 5.614967 -1.692442 -0.509131 5.651279 -1.254695 -0.980847 5.665112 -1.613005'/>
				</IndexedFaceSet>
			</Shape>
			<Shape DEF='_IDX_1546'>
				<Appearance USE='Material_147_IDX_147'/>
				<IndexedFaceSet solid="false" coordIndex='0 1 2 3 -1'>
					<Coordinate point='0.063444 5.959480 -2.952329 0.729560 5.780493 -2.296504 -0.057589 5.614967 -1.692442 -0.584726 5.714306 -2.175761'/>
				</IndexedFaceSet>
			</Shape>
			<Shape DEF='_IDX_1547'>
				<Appearance USE='Material_148_IDX_148'/>
				<IndexedFaceSet solid="false" coordIndex='0 1 2 3 -1'>
					<Coordinate point='0.063444 5.959480 -2.952329 0.729560 5.780493 -2.296504 0.729560 5.780493 -2.296504 0.063444 5.959480 -2.952329'/>
				</IndexedFaceSet>
			</Shape>
			<Shape DEF='_IDX_1548'>
				<Appearance USE='Material_149_IDX_149'/>
				<IndexedFaceSet solid="false" coordIndex='0 1 2 3 -1'>
					<Coordinate point='0.494520 6.199042 -3.429146 1.263696 6.008286 -2.667402 0.729560 5.780493 -2.296504 0.063444 5.959480 -2.952329'/>
				</IndexedFaceSet>
			</Shape>
			<Shape DEF='_IDX_1549'>
				<Appearance USE='Material_150_IDX_150'/>
				<IndexedFaceSet solid="false" coordIndex='0 1 2 3 -1'>
					<Coordinate point='1.045840 6.570723 -4.025381 1.940117 6.399000 -3.131191 1.263696 6.008286 -2.667402 0.494520 6.199042 -3.429146'/>
				</IndexedFaceSet>
			</Shape>
			<Shape DEF='_IDX_1550'>
				<Appearance USE='Material_151_IDX_151'/>
				<IndexedFaceSet solid="false" coordIndex='0 1 2 3 -1'>
					<Coordinate point='1.762348 7.134059 -4.799768 2.799576 7.018302 -3.733557 1.940117 6.399000 -3.131191 1.045840 6.570723 -4.025381'/>
				</IndexedFaceSet>
			</Shape>
			<Shape DEF='_IDX_1551'>
				<Appearance USE='Material_130_IDX_130'/>
				<IndexedFaceSet solid="false" coordIndex='0 1 2 3 -1'>
					<Coordinate point='-1.160176 6.181625 -0.187513 -0.742896 6.294568 -0.128266 -0.794739 6.472743 -0.000000 -1.226415 6.336061 -0.000000'/>
				</IndexedFaceSet>
			</Shape>
			<Shape DEF='_IDX_1552'>
				<Appearance USE='Material_131_IDX_131'/>
				<IndexedFaceSet solid="false" coordIndex='0 1 2 3 -1'>
					<Coordinate point='-1.073371 6.031352 -0.396385 -0.673445 6.115017 -0.271143 -0.742896 6.294568 -0.128266 -1.160176 6.181625 -0.187513'/>
				</IndexedFaceSet>
			</Shape>
			<Shape DEF='_IDX_1553'>
				<Appearance USE='Material_132_IDX_132'/>
				<IndexedFaceSet solid="false" coordIndex='0 1 2 3 -1'>
					<Coordinate point='-0.953938 5.887764 -0.634442 -0.575070 5.932706 -0.433984 -0.673445 6.115017 -0.271143 -1.073371 6.031352 -0.396385'/>
				</IndexedFaceSet>
			</Shape>
			<Shape DEF='_IDX_1554'>
				<Appearance USE='Material_220_IDX_220'/>
				<IndexedFaceSet solid="false" coordIndex='0 1 2 3 -1'>
					<Coordinate point='-0.779934 5.756354 -0.913863 -0.425573 5.745485 -0.625119 -0.575070 5.932706 -0.433984 -0.953938 5.887764 -0.634442'/>
				</IndexedFaceSet>
			</Shape>
			<Shape DEF='_IDX_1555'>
				<Appearance USE='Material_221_IDX_221'/>
				<IndexedFaceSet solid="false" coordIndex='0 1 2 3 -1'>
					<Coordinate point='-0.509131 5.651279 -1.254695 -0.176669 5.552304 -0.858262 -0.425573 5.745485 -0.625119 -0.779934 5.756354 -0.913863'/>
				</IndexedFaceSet>
			</Shape>
			<Shape DEF='_IDX_1556'>
				<Appearance USE='Material_222_IDX_222'/>
				<IndexedFaceSet solid="false" coordIndex='0 1 2 3 -1'>
					<Coordinate point='-0.057589 5.614967 -1.692442 0.288075 5.371679 -1.157699 -0.176669 5.552304 -0.858262 -0.509131 5.651279 -1.254695'/>
				</IndexedFaceSet>
			</Shape>
			<Shape DEF='_IDX_1557'>
				<Appearance USE='Material_136_IDX_136'/>
				<IndexedFaceSet solid="false" coordIndex='0 1 2 3 -1'>
					<Coordinate point='0.729560 5.780493 -2.296504 1.228835 5.364120 -1.570902 0.288075 5.371679 -1.157699 -0.057589 5.614967 -1.692442'/>
				</IndexedFaceSet>
			</Shape>
			<Shape DEF='_IDX_1558'>
				<Appearance USE='Material_223_IDX_223'/>
				<IndexedFaceSet solid="false" coordIndex='0 1 2 3 -1'>
					<Coordinate point='0.729560 5.780493 -2.296504 1.228835 5.364120 -1.570902 1.228835 5.364120 -1.570902 0.729560 5.780493 -2.296504'/>
				</IndexedFaceSet>
			</Shape>
			<Shape DEF='_IDX_1559'>
				<Appearance USE='Material_224_IDX_224'/>
				<IndexedFaceSet solid="false" coordIndex='0 1 2 3 -1'>
					<Coordinate point='1.263696 6.008286 -2.667402 1.901057 5.562728 -1.824610 1.228835 5.364120 -1.570902 0.729560 5.780493 -2.296504'/>
				</IndexedFaceSet>
			</Shape>
			<Shape DEF='_IDX_1560'>
				<Appearance USE='Material_225_IDX_225'/>
				<IndexedFaceSet solid="false" coordIndex='0 1 2 3 -1'>
					<Coordinate point='1.940117 6.399000 -3.131191 2.726857 5.985097 -2.141860 1.901057 5.562728 -1.824610 1.263696 6.008286 -2.667402'/>
				</IndexedFaceSet>
			</Shape>
			<Shape DEF='_IDX_1561'>
				<Appearance USE='Material_226_IDX_226'/>
				<IndexedFaceSet solid="false" coordIndex='0 1 2 3 -1'>
					<Coordinate point='2.799576 7.018302 -3.733557 3.723827 6.683511 -2.553904 2.726857 5.985097 -2.141860 1.940117 6.399000 -3.131191'/>
				</IndexedFaceSet>
			</Shape>
			<Shape DEF='_IDX_1562'>
				<Appearance USE='Material_119_IDX_119'/>
				<IndexedFaceSet solid="false" coordIndex='0 1 2 3 -1'>
					<Coordinate point='-0.742896 6.294568 -0.128266 -0.360827 6.356274 -0.065122 -0.389498 6.551083 -0.000000 -0.794739 6.472743 -0.000000'/>
				</IndexedFaceSet>
			</Shape>
			<Shape DEF='_IDX_1563'>
				<Appearance USE='Material_120_IDX_120'/>
				<IndexedFaceSet solid="false" coordIndex='0 1 2 3 -1'>
					<Coordinate point='-0.673445 6.115017 -0.271143 -0.321789 6.155151 -0.137663 -0.360827 6.356274 -0.065122 -0.742896 6.294568 -0.128266'/>
				</IndexedFaceSet>
			</Shape>
			<Shape DEF='_IDX_1564'>
				<Appearance USE='Material_121_IDX_121'/>
				<IndexedFaceSet solid="false" coordIndex='0 1 2 3 -1'>
					<Coordinate point='-0.575070 5.932706 -0.433984 -0.265180 5.942122 -0.220340 -0.321789 6.155151 -0.137663 -0.673445 6.115017 -0.271143'/>
				</IndexedFaceSet>
			</Shape>
			<Shape DEF='_IDX_1565'>
				<Appearance USE='Material_122_IDX_122'/>
				<IndexedFaceSet solid="false" coordIndex='0 1 2 3 -1'>
					<Coordinate point='-0.425573 5.745485 -0.625119 -0.175755 5.705267 -0.317381 -0.265180 5.942122 -0.220340 -0.575070 5.932706 -0.433984'/>
				</IndexedFaceSet>
			</Shape>
			<Shape DEF='_IDX_1566'>
				<Appearance USE='Material_123_IDX_123'/>
				<IndexedFaceSet solid="false" coordIndex='0 1 2 3 -1'>
					<Coordinate point='-0.176669 5.552304 -0.858262 -0.015154 5.417034 -0.435751 -0.175755 5.705267 -0.317381 -0.425573 5.745485 -0.625119'/>
				</IndexedFaceSet>
			</Shape>
			<Shape DEF='_IDX_1567'>
				<Appearance USE='Material_227_IDX_227'/>
				<IndexedFaceSet solid="false" coordIndex='0 1 2 3 -1'>
					<Coordinate point='0.288075 5.371679 -1.157699 0.344958 5.012757 -0.587779 -0.015154 5.417034 -0.435751 -0.176669 5.552304 -0.858262'/>
				</IndexedFaceSet>
			</Shape>
			<Shape DEF='_IDX_1568'>
				<Appearance USE='Material_125_IDX_125'/>
				<IndexedFaceSet solid="false" coordIndex='0 1 2 3 -1'>
					<Coordinate point='1.228835 5.364120 -1.570902 1.473808 4.555895 -0.797568 0.344958 5.012757 -0.587779 0.288075 5.371679 -1.157699'/>
				</IndexedFaceSet>
			</Shape>
			<Shape DEF='_IDX_1569'>
				<Appearance USE='Material_228_IDX_228'/>
				<IndexedFaceSet solid="false" coordIndex='0 1 2 3 -1'>
					<Coordinate point='1.228835 5.364120 -1.570902 1.473808 4.555895 -0.797568 1.473808 4.555895 -0.797568 1.228835 5.364120 -1.570902'/>
				</IndexedFaceSet>
			</Shape>
			<Shape DEF='_IDX_1570'>
				<Appearance USE='Material_229_IDX_229'/>
				<IndexedFaceSet solid="false" coordIndex='0 1 2 3 -1'>
					<Coordinate point='1.901057 5.562728 -1.824610 2.438344 4.723884 -0.926379 1.473808 4.555895 -0.797568 1.228835 5.364120 -1.570902'/>
				</IndexedFaceSet>
			</Shape>
			<Shape DEF='_IDX_1571'>
				<Appearance USE='Material_230_IDX_230'/>
				<IndexedFaceSet solid="false" coordIndex='0 1 2 3 -1'>
					<Coordinate point='2.726857 5.985097 -2.141860 3.467321 5.274914 -1.087451 2.438344 4.723884 -0.926379 1.901057 5.562728 -1.824610'/>
				</IndexedFaceSet>
			</Shape>
			<Shape DEF='_IDX_1572'>
				<Appearance USE='Material_129_IDX_129'/>
				<IndexedFaceSet solid="false" coordIndex='0 1 2 3 -1'>
					<Coordinate point='3.723827 6.683511 -2.553904 4.569270 6.119602 -1.296651 3.467321 5.274914 -1.087451 2.726857 5.985097 -2.141860'/>
				</IndexedFaceSet>
			</Shape>
			<Shape DEF='_IDX_1573'>
				<Appearance USE='Material_108_IDX_108'/>
				<IndexedFaceSet solid="false" coordIndex='0 1 2 3 -1'>
					<Coordinate point='-0.360827 6.356274 -0.065122 0.000157 6.375573 0.000000 0.000157 6.576431 0.000000 -0.389498 6.551083 -0.000000'/>
				</IndexedFaceSet>
			</Shape>
			<Shape DEF='_IDX_1574'>
				<Appearance USE='Material_109_IDX_109'/>
				<IndexedFaceSet solid="false" coordIndex='0 1 2 3 -1'>
					<Coordinate point='-0.321789 6.155151 -0.137663 0.000157 6.166367 -0.000000 0.000157 6.375573 0.000000 -0.360827 6.356274 -0.065122'/>
				</IndexedFaceSet>
			</Shape>
			<Shape DEF='_IDX_1575'>
				<Appearance USE='Material_110_IDX_110'/>
				<IndexedFaceSet solid="false" coordIndex='0 1 2 3 -1'>
					<Coordinate point='-0.265180 5.942122 -0.220340 0.000157 5.941283 -0.000000 0.000157 6.166367 -0.000000 -0.321789 6.155151 -0.137663'/>
				</IndexedFaceSet>
			</Shape>
			<Shape DEF='_IDX_1576'>
				<Appearance USE='Material_111_IDX_111'/>
				<IndexedFaceSet solid="false" coordIndex='0 1 2 3 -1'>
					<Coordinate point='-0.175755 5.705267 -0.317381 0.000157 5.683394 0.000000 0.000157 5.941283 -0.000000 -0.265180 5.942122 -0.220340'/>
				</IndexedFaceSet>
			</Shape>
			<Shape DEF='_IDX_1577'>
				<Appearance USE='Material_112_IDX_112'/>
				<IndexedFaceSet solid="false" coordIndex='0 1 2 3 -1'>
					<Coordinate point='-0.015154 5.417034 -0.435751 0.000157 5.348300 0.000000 0.000157 5.683394 0.000000 -0.175755 5.705267 -0.317381'/>
				</IndexedFaceSet>
			</Shape>
			<Shape DEF='_IDX_1578'>
				<Appearance USE='Material_113_IDX_113'/>
				<IndexedFaceSet solid="false" coordIndex='0 1 2 3 -1'>
					<Coordinate point='0.344958 5.012757 -0.587779 0.000157 4.779771 -0.000000 0.000157 5.348300 0.000000 -0.015154 5.417034 -0.435751'/>
				</IndexedFaceSet>
			</Shape>
			<Shape DEF='_IDX_1579'>
				<Appearance USE='Material_114_IDX_114'/>
				<IndexedFaceSet solid="false" coordIndex='0 1 2 3 -1'>
					<Coordinate point='1.473808 4.555895 -0.797568 0.000179 0.001706 -0.000000 0.000157 4.779771 -0.000000 0.344958 5.012757 -0.587779'/>
				</IndexedFaceSet>
			</Shape>
			<Shape DEF='_IDX_1580'>
				<Appearance USE='Material_115_IDX_115'/>
				<IndexedFaceSet solid="false" coordIndex='0 1 2 3 -1'>
					<Coordinate point='1.473808 4.555895 -0.797568 0.000456 0.000747 -0.000000 0.000179 0.001706 -0.000000 1.473808 4.555895 -0.797568'/>
				</IndexedFaceSet>
			</Shape>
			<Shape DEF='_IDX_1581'>
				<Appearance USE='Material_116_IDX_116'/>
				<IndexedFaceSet solid="false" coordIndex='0 1 2 3 -1'>
					<Coordinate point='2.438344 4.723884 -0.926379 3.310548 3.310390 0.000000 0.000456 0.000747 -0.000000 1.473808 4.555895 -0.797568'/>
				</IndexedFaceSet>
			</Shape>
			<Shape DEF='_IDX_1582'>
				<Appearance USE='Material_117_IDX_117'/>
				<IndexedFaceSet solid="false" coordIndex='0 1 2 3 -1'>
					<Coordinate point='3.467321 5.274914 -1.087451 4.327443 4.327285 0.000000 3.310548 3.310390 0.000000 2.438344 4.723884 -0.926379'/>
				</IndexedFaceSet>
			</Shape>
			<Shape DEF='_IDX_1583'>
				<Appearance USE='Material_118_IDX_118'/>
				<IndexedFaceSet solid="false" coordIndex='0 1 2 3 -1'>
					<Coordinate point='4.569270 6.119602 -1.296651 5.379230 5.379073 -0.000000 4.327443 4.327285 0.000000 3.467321 5.274914 -1.087451'/>
				</IndexedFaceSet>
			</Shape>
		</Group>
	</Scene>
</X3D>
